#{"t_start": 1749448876.9142382, "env_id": "None"}
r,l,t
-367.280976,432,1.571562
-270.48936,432,3.033164
-282.443892,432,4.47164
-323.577679,432,5.910167
-327.667895,432,7.412095
-316.092734,432,8.88145
-529.658581,432,10.334578
-376.103498,432,11.750325
-221.646187,432,13.652912
-262.777914,432,15.159645
-159.411082,432,16.658001
-107.888764,432,18.163177
-178.975403,432,19.648379
-241.448208,432,21.114
-366.248999,432,22.58542
-298.697727,432,24.078323
-358.618885,432,25.54596
-404.173272,432,27.007124
-449.776472,432,28.478445
-274.491727,432,29.975981
-564.695382,432,31.451962
-316.133765,432,32.928583
-291.406788,432,34.417902
-222.455362,432,35.903095
-307.720162,432,37.388974
-83.264684,432,38.880273
-278.925437,432,40.351542
-294.324536,432,41.851278
-138.180497,432,43.728691
-156.814921,432,45.263108
-412.33843,432,46.77429
-162.968824,432,48.271858
-102.740549,432,49.77232
-152.807194,432,51.256
-238.093738,432,52.730708
-176.145383,432,54.241482
-286.922837,432,55.741335
-445.604308,432,57.203954
-435.890033,432,58.671377
-318.705432,432,60.121122
-256.951446,432,61.612109
-113.542698,432,63.087164
-428.801663,432,64.573463
-251.704061,432,66.050045
-298.96186,432,67.534991
-196.175187,432,69.033657
-304.212922,432,70.522999
-295.557956,432,71.978702
-174.843162,432,73.580755
-296.21288,432,75.168922
-175.312531,432,76.682548
-225.636022,432,78.183674
-235.777597,432,79.670218
-132.893557,432,81.16708
-214.522594,432,82.635442
-352.641691,432,84.122873
-197.301893,432,85.619028
-195.997435,432,87.088914
-202.503314,432,88.555228
-225.013453,432,90.012184
-145.302694,432,91.537895
-139.986977,432,93.014598
-168.235928,432,94.462575
-50.427536,432,95.922992
-176.314308,432,97.409411
-76.301233,432,98.913103
-240.373049,432,100.383589
-159.192126,432,101.846182
-89.309153,432,103.756083
85.551265,432,105.428899
16.156811,432,106.98037
-209.905497,432,108.446083
-223.137907,432,109.9433
-256.554848,432,111.436505
102.87473,432,112.912613
5.089704,432,114.403843
-382.888606,432,115.884032
21.114459,432,117.373594
90.890431,432,118.826655
122.723371,432,120.31211
157.066605,432,121.793613
-117.980242,432,123.263957
139.665756,432,124.718154
38.476291,432,126.206844
146.142261,432,127.706285
217.092806,432,128.926486
106.364463,432,129.64947
-59.033015,432,130.398457
238.785699,432,131.190097
285.111454,432,132.004083
-70.412877,432,133.982594
-38.038491,432,135.491121
0.171825,432,137.000226
183.410891,432,138.538423
-33.854258,432,140.057471
2.463445,432,141.57014
-14.423026,432,143.059251
-77.799319,432,144.556213
188.250948,432,146.067885
13.358424,432,147.516573
12.248708,432,148.988714
195.62371,432,150.469461
58.691772,432,151.96782
16.061168,432,153.466384
161.187806,432,154.930658
-31.092013,432,156.785052
127.399802,432,158.291799
1.299843,432,159.761931
20.94564,432,161.24667
-100.102149,432,162.732131
155.402643,432,164.229013
186.504143,432,165.70143
243.15079,432,167.204978
77.8316,432,168.696899
76.232078,432,170.171631
123.412628,432,171.633208
37.378138,432,173.108942
325.696109,432,174.595092
278.322642,432,176.100305
298.801041,432,177.598916
155.897573,432,179.071774
183.337722,432,180.605137
171.634532,432,182.042153
41.912957,432,183.540183
98.167111,432,185.020421
314.877879,432,186.799684
75.633688,432,188.330784
143.540401,432,189.809505
219.751959,432,191.296709
109.870968,432,192.803307
114.261398,432,194.300009
308.75302,432,195.770576
339.425284,432,197.25916
181.569146,432,198.782602
299.204571,432,200.266609
115.246905,432,201.737738
280.347603,432,203.234252
303.903708,432,204.736601
287.983162,432,206.259849
250.952864,432,207.765096
370.616936,432,209.252166
157.406843,432,210.818826
36.412349,432,212.295436
156.129113,432,213.79881
144.643713,432,215.285902
345.913157,432,217.150156
95.106657,432,218.672773
344.585314,432,220.157516
278.611014,432,221.667713
223.673553,432,223.196091
356.910142,432,224.685111
210.750284,432,226.168735
424.572097,432,227.64362
321.6856,432,229.147701
381.643113,432,230.61254
359.197838,432,232.099263
294.797626,432,233.605968
115.370643,432,235.104436
396.516996,432,236.612009
237.579855,432,238.10793
398.119683,432,239.548328
342.951922,432,241.006111
264.823264,432,242.482298
203.749461,432,243.996066
451.275842,432,245.419099
360.87294,432,247.271951
225.593529,432,248.797397
383.370943,432,250.295442
441.665323,432,251.790754
425.519033,432,253.305306
451.340445,432,254.814074
409.677844,432,256.318374
310.613672,432,257.821246
428.012636,432,259.339798
375.142066,432,260.816395
387.66955,432,262.020602
373.680187,432,262.737939
492.303645,432,263.468711
384.045462,432,264.289976
470.952889,432,265.133708
420.308791,432,266.751116
393.754545,432,268.273825
424.357555,432,270.146152
449.000594,432,271.6851
479.292675,432,273.182416
448.693442,432,274.6631
-158.826355,432,276.197106
463.194388,432,277.681128
475.405245,432,279.159701
454.51429,432,280.653902
430.426199,432,282.140193
462.761935,432,283.631019
493.269144,432,285.114105
490.256233,432,286.684371
405.799367,432,288.26797
292.77168,432,289.746339
282.678726,432,291.247877
467.205919,432,292.737084
473.600953,432,294.223866
449.108144,432,295.72898
505.195609,432,297.231105
576.153918,432,298.724399
434.000749,432,300.641138
458.690703,432,302.170321
252.525152,432,303.637747
466.590392,432,305.097087
463.123409,432,306.625104
402.908605,432,308.067668
498.200178,432,309.520679
546.568515,432,310.99029
229.472307,432,312.473931
463.700386,432,313.964281
516.299342,432,315.446006
479.718608,432,316.920669
512.716207,432,318.480803
497.31086,432,319.982357
493.434903,432,321.455575
523.507543,432,322.931066
459.170764,432,324.417175
508.651251,432,325.889965
460.860872,432,327.365678
476.294827,432,328.866566
463.464442,432,330.738999
440.087193,432,332.268761
404.98939,432,333.7636
223.797847,432,335.258435
389.252475,432,336.775836
475.079335,432,338.268159
487.116742,432,339.762471
201.003409,432,341.234688
550.131593,432,342.720011
510.217365,432,344.242056
547.337864,432,345.730264
545.074259,432,347.22195
609.643625,432,348.74862
544.660427,432,350.256752
594.780379,432,351.756804
509.230763,432,353.235585
498.685637,432,354.731078
581.434817,432,356.215481
528.542065,432,357.712701
623.273125,432,359.188346
548.92208,432,361.014668
416.129422,432,362.55493
453.695656,432,364.066644
548.072591,432,365.534418
601.257876,432,367.02856
595.150946,432,368.517851
654.921801,432,370.017652
511.242178,432,371.467362
599.578691,432,372.953369
607.866609,432,374.446253
454.35508,432,375.913734
549.457413,432,377.389422
484.395989,432,378.886504
459.079601,432,380.374316
550.926186,432,381.881657
457.771603,432,383.384856
643.244675,432,384.870769
549.601694,432,386.368725
512.388255,432,387.848419
514.195451,432,389.355161
593.26457,432,391.198003
651.680079,432,392.723907
661.638553,432,394.218997
533.204327,432,395.43673
646.652284,432,396.15986
699.789385,432,396.927725
575.285261,432,397.769789
221.650525,432,398.616662
628.852756,432,400.231506
630.666682,432,401.723106
530.192861,432,403.202184
464.661062,432,404.680103
677.392598,432,406.174164
524.415624,432,407.648813
706.883553,432,409.120341
152.156359,432,410.593647
635.896992,432,412.075529
685.454386,432,413.851075
663.268712,432,415.41673
614.842359,432,416.932658
553.729095,432,418.412133
629.500997,432,419.881461
606.025452,432,421.362807
642.26942,432,422.829436
528.667431,432,424.304521
604.514819,432,425.774274
541.310492,432,427.240812
507.846446,432,428.732598
609.342439,432,430.215899
469.973741,432,431.765342
300.555678,432,433.237303
503.698058,432,434.683234
610.888352,432,436.150355
601.284138,432,437.616071
657.816682,432,439.117465
505.591334,432,440.604469
607.754187,432,442.082782
593.152545,432,443.910957
454.794049,432,445.447729
642.987805,432,446.924191
600.668942,432,448.419664
604.328232,432,449.918381
610.220047,432,451.431327
482.538651,432,452.932955
514.562625,432,454.423054
687.094401,432,455.931597
594.39837,432,457.411163
585.654906,432,458.895824
411.187686,432,460.371651
597.354484,432,461.866001
444.168784,432,463.334498
563.777316,432,464.812086
615.423083,432,466.306555
582.121496,432,467.883731
539.978267,432,469.475427
490.202039,432,470.979173
541.132574,432,472.463992
518.653547,432,474.269543
706.818888,432,475.866069
678.813357,432,477.372301
664.910355,432,478.87352
484.323165,432,480.388645
603.639713,432,481.881669
497.402783,432,483.370437
655.715868,432,484.851876
634.860164,432,486.345893
681.596729,432,487.831985
592.713879,432,489.329637
369.077931,432,490.805569
688.501554,432,492.306322
725.775838,432,493.787781
444.859756,432,495.280254
573.832428,432,496.739205
562.991056,432,498.234484
621.391832,432,499.705235
600.007425,432,501.15739
624.523066,432,502.621611
476.529667,432,504.4361
639.400484,432,505.953798
633.714427,432,507.420006
625.347449,432,508.909941
544.393631,432,510.416026
566.699909,432,511.897686
658.135148,432,513.393925
554.199303,432,514.883902
553.790395,432,516.354789
702.073663,432,517.823895
496.760119,432,519.313266
659.65597,432,520.785444
672.848874,432,522.270977
495.672692,432,523.798869
476.343282,432,525.293869
622.362962,432,526.800906
603.315133,432,528.034209
639.401691,432,528.752026
638.985694,432,529.489615
641.78571,432,530.323932
629.821822,432,531.185906
622.79888,432,533.043014
516.805286,432,534.683201
562.822275,432,536.15911
629.412049,432,537.633261
525.632629,432,539.121398
693.098628,432,540.602647
490.476983,432,542.089267
586.896731,432,543.61946
536.981116,432,545.137075
656.446259,432,546.65163
550.561199,432,548.154052
362.769522,432,549.634184
673.771501,432,551.160572
701.856759,432,552.634356
546.940294,432,554.108644
713.541965,432,555.557393
411.148577,432,557.069623
709.404843,432,558.612579
578.067473,432,560.046446
597.801807,432,561.515371
645.215216,432,563.390778
616.790954,432,564.917611
554.561543,432,566.429501
598.95498,432,567.915037
405.607983,432,569.415536
521.483498,432,570.90679
661.80315,432,572.407328
557.716258,432,573.909079
612.46381,432,575.39187
607.122264,432,576.892558
554.570711,432,578.372039
518.541186,432,579.857378
651.926994,432,581.364971
604.059186,432,582.865836
575.505947,432,584.352875
660.227515,432,585.822003
519.440364,432,587.315907
498.857139,432,588.829651
649.898006,432,590.31106
626.373412,432,591.793547
519.02815,432,593.732976
563.864247,432,595.235974
639.758367,432,596.737558
407.223499,432,598.234904
558.318238,432,599.736482
559.442193,432,601.225708
551.258145,432,602.720597
654.525464,432,604.220487
514.307403,432,605.713976
657.986167,432,607.205005
704.985864,432,608.689505
673.728999,432,610.172564
597.032383,432,611.681863
630.339005,432,613.153768
636.996989,432,614.634447
648.113733,432,616.109781
505.730766,432,617.638252
640.128527,432,619.135078
733.300088,432,620.646921
631.523891,432,622.137226
568.292403,432,623.981899
383.550786,432,625.485142
397.345708,432,626.985511
653.891446,432,628.483747
613.885457,432,629.972454
561.211345,432,631.454497
677.18364,432,632.929563
476.812161,432,634.425043
285.947295,432,635.917119
664.949618,432,637.418305
614.231754,432,638.894012
635.815973,432,640.364219
637.893119,432,641.871963
618.165693,432,643.369084
534.088782,432,644.839346
625.386534,432,646.320615
673.082528,432,647.824938
635.863977,432,649.402117
637.864529,432,650.986567
648.450934,432,652.533154
653.613381,432,654.349754
668.480145,432,655.926923
644.846201,432,657.456286
469.201789,432,658.948899
346.674641,432,660.453585
692.643767,432,661.670352
534.165715,432,662.380866
661.272752,432,663.123637
630.491111,432,663.97325
621.478658,432,664.832757
643.082097,432,666.431791
473.526752,432,667.910896
559.051679,432,669.392469
507.97674,432,670.881311
547.502454,432,672.379866
682.08802,432,673.885751
705.446244,432,675.37266
428.68113,432,676.86748
492.851581,432,678.355426
636.943005,432,679.836473
716.831044,432,681.331565
561.789275,432,683.155924
732.606547,432,684.714996
614.088917,432,686.139113
482.289849,432,687.606848
572.21732,432,689.112591
633.7348,432,690.587687
602.934365,432,692.084665
689.528187,432,693.574712
633.862597,432,695.072491
551.519891,432,696.568474
668.315375,432,698.010836
674.80115,432,699.487631
684.959996,432,700.980003
580.877213,432,702.448292
646.312931,432,703.946768
235.712535,432,705.390313
626.609183,432,706.879737
576.075401,432,708.357248
488.045915,432,709.842071
566.651518,432,711.357267
519.080883,432,713.317788
468.35614,432,714.837134
629.722042,432,716.322953
638.892203,432,717.780716
687.343586,432,719.28585
683.084427,432,720.767298
623.484207,432,722.250066
625.637777,432,723.737958
612.934356,432,725.265155
631.688041,432,726.773139
639.131063,432,728.251668
645.023799,432,729.723222
584.213128,432,731.247193
604.734008,432,732.718451
603.863611,432,734.217137
700.952446,432,735.715204
503.642271,432,737.252882
536.454719,432,738.761403
620.858208,432,740.263221
574.557055,432,741.773615
683.182585,432,743.641583
647.540651,432,745.14936
645.198939,432,746.622493
705.948434,432,748.113012
616.385039,432,749.610757
524.22644,432,751.089635
425.958947,432,752.56816
576.679137,432,754.041584
735.698765,432,755.533243
540.55308,432,757.035857
654.851319,432,758.516271
654.021378,432,759.989026
567.426781,432,761.460984
624.853098,432,762.919734
556.930923,432,764.400924
663.846115,432,765.873001
595.032269,432,767.353063
706.015441,432,768.848821
568.772844,432,770.343464
588.23036,432,771.831765
627.251917,432,773.588639
646.132586,432,775.180497
598.727975,432,776.691711
713.972289,432,778.196208
673.693749,432,779.725981
711.931219,432,781.21714
583.049747,432,782.67448
619.494481,432,784.152797
539.675752,432,785.636213
673.675431,432,787.117684
671.350962,432,788.603317
483.47767,432,790.066819
546.474064,432,791.557705
684.635952,432,793.055089
745.702544,432,794.277649
639.388428,432,795.002479
718.367453,432,795.758604
648.747816,432,796.60257
720.190558,432,797.481742
701.762171,432,799.096397
638.96243,432,800.604493
611.009419,432,802.352153
743.280221,432,803.964525
581.718574,432,805.434197
636.17692,432,806.903585
518.680342,432,808.404559
270.067693,432,809.893692
717.44982,432,811.403276
581.938151,432,812.88263
574.15523,432,814.382196
576.310551,432,815.846766
609.856387,432,817.334955
648.887391,432,818.838691
624.575965,432,820.331813
600.023748,432,821.823492
473.97255,432,823.318403
508.368274,432,824.822071
596.653084,432,826.324773
618.339903,432,827.801688
565.721605,432,829.270191
709.20269,432,830.780964
710.219081,432,832.872539
662.6815,432,834.39651
714.81109,432,835.885173
706.873738,432,837.403367
557.545394,432,838.922327
627.804579,432,840.398272
664.408041,432,841.872193
592.818468,432,843.365182
607.535234,432,844.840536
638.295239,432,846.303543
732.120002,432,847.780025
569.47721,432,849.281143
714.040364,432,850.774226
687.060342,432,852.254586
650.100789,432,853.747619
553.007793,432,855.222923
681.423528,432,857.049063
465.603523,432,858.618509
491.618662,432,860.108408
680.600612,432,861.602246
672.213357,432,863.109159
624.022766,432,864.612297
606.138394,432,866.1278
625.863792,432,867.608932
486.068911,432,869.104962
663.023596,432,870.589169
566.114426,432,872.090499
579.378339,432,873.585103
583.113206,432,875.027741
507.920997,432,876.499881
714.667994,432,877.963509
494.171819,432,879.458812
656.218001,432,880.948761
706.9971,432,882.407465
465.928338,432,883.894635
491.12062,432,885.377831
672.1399,432,887.067522
623.434722,432,888.627439
711.235653,432,890.125506
708.706165,432,891.599071
619.399726,432,893.104372
638.354903,432,894.612479
742.862968,432,896.114994
644.875009,432,897.602778
710.35612,432,899.098361
696.885864,432,900.572391
548.165693,432,902.08462
593.315065,432,903.57193
686.148598,432,905.087415
639.804102,432,906.580292
602.875838,432,908.082249
571.325955,432,909.597099
682.976682,432,911.097339
683.402638,432,912.572713
618.701453,432,914.073718
652.478248,432,915.580242
744.400305,432,917.411915
624.49966,432,919.000474
605.667885,432,920.499993
449.671568,432,921.988009
647.581475,432,923.513297
695.024321,432,925.0139
659.710763,432,926.505647
776.003988,432,927.703854
730.479443,432,928.421508
521.86862,432,929.268713
604.509904,432,930.111067
720.665011,432,930.949268
672.904773,432,932.557405
488.876435,432,934.067366
612.045134,432,935.530266
442.060117,432,937.004892
533.061009,432,938.43839
668.405238,432,939.909413
631.83781,432,941.413354
704.469925,432,942.898112
656.413364,432,944.380156
676.400146,432,946.101831
740.945787,432,947.711246
492.056266,432,949.210141
546.527244,432,950.688888
649.753458,432,952.190076
630.995047,432,953.672027
577.397496,432,955.137033
719.00534,432,956.649066
663.069139,432,958.152162
729.573832,432,959.640953
701.172517,432,961.136911
731.700673,432,962.622501
678.500504,432,964.148508
684.40565,432,965.626163
686.235428,432,967.104767
511.14791,432,968.586307
634.019837,432,970.090542
648.496558,432,971.586688
602.706309,432,973.063337
517.888063,432,974.552145
627.815498,432,976.41377
597.025439,432,977.967134
557.657188,432,979.445226
717.660879,432,980.938362
602.226477,432,982.437389
727.170018,432,983.921428
562.89243,432,985.411525
637.514384,432,986.911703
706.54128,432,988.405729
601.176529,432,989.888386
703.072285,432,991.363657
598.337182,432,992.840218
686.172754,432,994.323149
582.994379,432,995.801825
738.468088,432,997.256022
561.435883,432,998.72657
720.518932,432,1000.219888
724.553484,432,1001.663625
662.142976,432,1003.123419
714.729393,432,1004.598616
691.177504,432,1006.452665
607.883911,432,1007.985605
645.628069,432,1009.49697
689.182057,432,1011.000824
610.683595,432,1012.523612
724.012945,432,1014.089553
581.064998,432,1015.583435
694.710338,432,1017.094066
602.900121,432,1018.604372
719.238497,432,1020.102616
745.339038,432,1021.570771
706.514837,432,1023.046921
589.985555,432,1024.543203
700.199156,432,1026.039254
751.742535,432,1027.538986
742.43611,432,1029.036628
654.235829,432,1030.908452
605.004395,432,1032.493063
533.193494,432,1033.981595
750.506012,432,1035.455251
728.335647,432,1036.953986
606.305519,432,1038.476089
627.080815,432,1039.965693
712.288008,432,1041.435453
686.482642,432,1042.948979
316.502382,432,1044.454666
717.175209,432,1045.923854
712.720658,432,1047.422737
608.939832,432,1048.937674
633.738005,432,1050.407841
531.596789,432,1051.886963
723.207774,432,1053.342602
628.5498,432,1054.849061
674.425253,432,1056.333623
692.523306,432,1057.830917
719.846821,432,1059.312449
597.388982,432,1060.889624
631.078532,432,1061.826356
756.02774,432,1062.637947
656.498366,432,1063.368364
752.857613,432,1064.1365
681.635907,432,1065.763721
554.991018,432,1067.266537
665.454075,432,1068.771579
609.759447,432,1070.258391
555.709917,432,1071.780678
644.091199,432,1073.268633
531.249644,432,1074.755515
587.570924,432,1076.2657
743.69316,432,1077.773715
596.674626,432,1079.276068
654.75292,432,1080.78919
639.505351,432,1082.252788
688.187591,432,1084.001076
589.651009,432,1085.575932
560.557034,432,1087.105892
632.951826,432,1088.59799
652.018192,432,1090.105588
582.512264,432,1091.618678
634.983467,432,1093.108217
622.198025,432,1094.615421
728.151192,432,1096.104534
654.441067,432,1097.603865
741.276369,432,1099.081959
609.08609,432,1100.576011
617.844971,432,1102.116698
654.275972,432,1103.602408
643.979615,432,1105.075006
751.032091,432,1106.55999
657.734387,432,1108.072732
704.582367,432,1109.585373
581.517495,432,1111.050923
705.761674,432,1112.538141
596.414296,432,1114.31477
711.141466,432,1115.873322
641.57164,432,1117.38327
733.360919,432,1118.863898
645.374946,432,1120.338998
631.531789,432,1121.817836
741.218514,432,1123.299988
614.247316,432,1124.826589
721.288555,432,1126.330574
630.67225,432,1127.784746
629.046517,432,1129.248071
707.168857,432,1130.714812
595.651071,432,1132.216581
682.070305,432,1133.687064
570.79479,432,1135.168065
670.567818,432,1136.64278
712.650771,432,1138.130623
682.245261,432,1139.614435
628.464109,432,1141.111599
426.575219,432,1142.572351
528.348974,432,1144.419353
748.225054,432,1145.936637
715.941839,432,1147.44339
659.671389,432,1148.904252
637.002067,432,1150.401936
750.580479,432,1151.870224
735.168316,432,1153.337523
557.930838,432,1154.816997
762.547513,432,1156.322247
683.412286,432,1157.820665
689.933744,432,1159.320467
671.812383,432,1160.808006
439.19768,432,1162.286766
699.028455,432,1163.756874
684.737905,432,1165.250776
615.819144,432,1166.734081
252.342008,432,1168.243953
726.003124,432,1169.740844
668.848904,432,1171.22616
637.388267,432,1172.71699
727.360336,432,1174.422384
708.100807,432,1175.989183
516.030066,432,1177.506972
341.128817,432,1179.004855
605.076097,432,1180.506175
667.149647,432,1181.978523
744.952128,432,1183.467598
593.55948,432,1184.982432
601.007054,432,1186.487933
749.564716,432,1187.98408
571.111314,432,1189.463752
726.533488,432,1190.932491
617.428534,432,1192.41444
591.966894,432,1193.621543
627.377645,432,1194.420406
602.068754,432,1195.257453
731.43567,432,1196.17008
628.739867,432,1196.980854
711.605076,432,1198.511699
518.93041,432,1200.036926
650.120279,432,1201.597015
606.687396,432,1203.349615
509.512007,432,1204.926994
689.612485,432,1206.405236
667.613315,432,1207.881436
483.167437,432,1209.393057
669.841664,432,1210.865863
571.697496,432,1212.334002
496.578375,432,1213.826207
626.114114,432,1215.316672
723.570504,432,1216.80216
727.635811,432,1218.298896
594.264748,432,1219.774449
670.666126,432,1221.254977
717.101645,432,1222.732229
725.591251,432,1224.235545
742.557536,432,1225.715339
742.816133,432,1227.218771
777.084281,432,1228.719913
601.790569,432,1230.209091
606.947529,432,1231.712329
616.260289,432,1233.585798
623.329774,432,1235.072015
653.633256,432,1236.543971
535.297619,432,1238.037417
708.224579,432,1239.554881
757.219025,432,1241.04919
590.415533,432,1242.517184
744.77843,432,1244.005146
696.366261,432,1245.502072
689.226548,432,1247.00155
628.155473,432,1248.50558
611.118173,432,1249.993798
602.104631,432,1251.499306
576.85114,432,1252.950993
726.677992,432,1254.41397
454.705706,432,1255.872546
739.448935,432,1257.718863
526.651363,432,1259.237435
692.157761,432,1260.739135
618.915546,432,1262.247775
687.0783,432,1263.737904
642.568355,432,1265.220389
602.081312,432,1266.722111
733.413272,432,1268.205353
602.558903,432,1269.717423
718.390487,432,1271.20481
731.304168,432,1272.68859
729.90832,432,1274.175645
662.514301,432,1275.682106
617.640029,432,1277.182642
677.82115,432,1278.65135
696.485725,432,1280.128188
577.612185,432,1281.625548
454.314109,432,1283.131476
502.069528,432,1285.005907
504.222951,432,1286.485298
735.162157,432,1287.998043
768.491323,432,1289.476465
601.135971,432,1290.980737
653.114877,432,1292.467976
516.893657,432,1293.981463
658.045763,432,1295.468914
671.241096,432,1296.970408
593.165907,432,1298.455291
741.921949,432,1299.987261
633.983581,432,1301.473727
716.366097,432,1302.938163
489.277148,432,1304.455914
570.829096,432,1306.319913
662.059336,432,1307.874726
682.51282,432,1309.352407
718.106994,432,1310.808865
612.798415,432,1312.292187
532.430398,432,1313.787326
548.319176,432,1315.326608
618.639378,432,1316.830024
634.717742,432,1318.270967
545.795556,432,1319.717741
718.514508,432,1321.17316
675.819679,432,1322.648838
721.467406,432,1324.129025
594.002107,432,1325.616956
718.499807,432,1326.806036
724.390912,432,1327.522438
657.977353,432,1328.257097
705.147544,432,1329.105203
767.983607,432,1329.956694
756.026839,432,1331.929631
389.231612,432,1333.564435
705.926431,432,1335.070293
650.305849,432,1336.573941
645.184888,432,1338.072535
715.023935,432,1339.577472
680.122541,432,1341.076681
720.338176,432,1342.549278
663.826825,432,1344.025006
730.719155,432,1345.502955
485.967236,432,1347.007968
707.005614,432,1348.491272
586.527543,432,1349.993853
651.113166,432,1351.488268
703.221878,432,1353.257741
755.371784,432,1354.824472
729.574524,432,1356.315144
605.443334,432,1357.792485
684.642765,432,1359.282491
646.57142,432,1360.760697
640.930298,432,1362.266225
657.140836,432,1363.764502
743.228175,432,1365.23944
643.192082,432,1366.722718
736.844517,432,1368.206922
761.65915,432,1369.71383
648.695153,432,1371.21631
666.443751,432,1372.680219
691.296768,432,1374.138294
616.531473,432,1375.698912
696.778596,432,1377.714658
574.621313,432,1379.286674
661.310851,432,1380.766878
514.228195,432,1382.281859
706.124682,432,1383.809059
660.898097,432,1385.31492
660.160172,432,1386.785974
736.314707,432,1388.238907
744.782358,432,1389.708325
564.576879,432,1391.155207
648.546581,432,1392.641457
632.005974,432,1394.13559
719.480315,432,1395.654965
763.315335,432,1397.14161
730.776306,432,1398.620645
722.991072,432,1400.131263
666.887487,432,1401.965261
702.511337,432,1403.505842
694.813751,432,1405.010315
690.635133,432,1406.551057
673.473208,432,1408.094285
732.208878,432,1409.557656
704.080837,432,1411.033682
755.5465,432,1412.509114
694.994284,432,1414.015952
742.024996,432,1415.532161
672.574828,432,1417.032763
592.270082,432,1418.516512
712.182322,432,1420.021949
635.715314,432,1421.508187
619.927057,432,1423.014041
702.234241,432,1424.497478
519.188908,432,1426.264438
759.778909,432,1427.828774
751.48787,432,1429.327332
702.318513,432,1430.843529
678.098515,432,1432.349778
718.282892,432,1433.825602
683.860103,432,1435.304667
746.932502,432,1436.807134
633.199664,432,1438.337101
610.951572,432,1439.807217
703.299664,432,1441.286424
680.717779,432,1442.723326
586.57382,432,1444.211706
678.334532,432,1445.700358
407.132286,432,1447.167664
608.349037,432,1448.622672
746.055727,432,1450.458709
572.531918,432,1452.016102
636.197995,432,1453.550644
752.64721,432,1455.037954
635.453463,432,1456.543335
575.397668,432,1458.058501
716.045097,432,1459.522891
767.179056,432,1460.723846
706.25481,432,1461.447697
660.823509,432,1462.166851
768.338217,432,1463.006507
587.146673,432,1463.858802
716.381175,432,1465.455435
699.072271,432,1466.974885
585.082116,432,1468.464387
743.07719,432,1469.965702
713.666383,432,1471.465209
523.392671,432,1472.952862
710.197211,432,1474.460787
722.662588,432,1475.940519
562.193667,432,1477.412589
731.84914,432,1479.172385
491.132313,432,1480.7383
680.634763,432,1482.24968
644.03776,432,1483.74799
666.314162,432,1485.266308
695.644508,432,1486.751935
676.83588,432,1488.231166
614.900527,432,1489.725001
674.988087,432,1491.213225
526.169033,432,1492.721386
674.987863,432,1494.220473
748.30521,432,1495.715873
703.896833,432,1497.211998
636.261891,432,1498.692666
630.513672,432,1500.186015
740.944976,432,1501.672839
689.652021,432,1503.630956
640.317092,432,1505.122279
602.825687,432,1506.598481
702.502812,432,1508.109087
640.916242,432,1509.587755
541.153322,432,1511.077382
683.22908,432,1512.57272
714.07475,432,1514.052197
612.339803,432,1515.570001
719.966176,432,1517.08813
738.475945,432,1518.600123
519.936919,432,1520.07421
688.949565,432,1521.566508
351.585301,432,1523.06692
626.607808,432,1524.537893
631.962642,432,1526.023875
546.701189,432,1527.714104
762.507547,432,1529.313078
727.977049,432,1530.807071
759.152064,432,1532.284952
742.472459,432,1533.756577
525.990934,432,1535.2511
662.644974,432,1536.740837
748.185396,432,1538.232938
544.2365,432,1539.715839
746.515025,432,1541.188876
634.050329,432,1542.648322
779.392967,432,1544.145835
721.222565,432,1545.647059
634.242847,432,1547.106929
697.050366,432,1548.591437
695.718591,432,1550.116066
689.802586,432,1551.98725
666.686074,432,1553.537412
652.06969,432,1555.033499
684.552391,432,1556.524724
630.128026,432,1558.131611
677.716839,432,1559.692825
700.191478,432,1561.218161
591.050393,432,1562.711487
410.603325,432,1564.208982
766.439842,432,1565.691916
697.843528,432,1567.199716
677.552651,432,1568.666511
767.494811,432,1570.153314
562.663562,432,1571.635335
699.231025,432,1573.126605
729.922251,432,1574.601976
687.166776,432,1576.462181
763.629765,432,1578.048838
723.019083,432,1579.531899
755.465227,432,1581.022839
671.089118,432,1582.514306
771.513103,432,1584.01054
601.091455,432,1585.513165
599.874713,432,1587.018395
617.470563,432,1588.539081
740.977913,432,1590.035085
695.628488,432,1591.509748
765.726935,432,1592.986604
712.763153,432,1594.199382
665.708452,432,1594.920824
687.61734,432,1595.705736
457.170296,432,1596.540912
765.85476,432,1597.387158
764.641499,432,1599.358749
707.176055,432,1600.889709
618.233709,432,1602.372425
702.642117,432,1603.876707
593.41873,432,1605.405859
763.711192,432,1606.897462
643.177186,432,1608.390709
743.701188,432,1609.868423
744.651806,432,1611.343107
612.010032,432,1612.834613
698.868192,432,1614.314469
711.639281,432,1615.800191
539.288844,432,1617.307172
761.175949,432,1618.775719
763.652705,432,1620.258726
758.968009,432,1621.757618
649.614447,432,1623.570973
740.744666,432,1625.127227
689.75884,432,1626.616616
734.892624,432,1628.102895
583.852698,432,1629.624695
595.499827,432,1631.142672
568.442326,432,1632.612746
533.822556,432,1634.075701
644.253141,432,1635.576479
635.400728,432,1637.056084
725.550971,432,1638.575628
760.896711,432,1640.067981
772.301921,432,1641.55355
711.198681,432,1643.042127
566.905222,432,1644.536846
696.32021,432,1646.052891
665.118781,432,1647.757122
576.464856,432,1649.373813
628.86804,432,1650.870684
731.702193,432,1652.351715
609.107691,432,1653.857905
750.110974,432,1655.345469
594.342371,432,1656.821215
719.056021,432,1658.314404
523.614702,432,1659.82169
626.221748,432,1661.322554
695.013136,432,1662.812841
660.337662,432,1664.314719
658.58818,432,1665.808466
585.14541,432,1667.284528
615.279039,432,1668.775268
552.217051,432,1670.248274
757.43933,432,1671.92178
715.096298,432,1673.559086
676.428725,432,1675.044279
576.914664,432,1676.559098
722.533466,432,1678.057235
781.728905,432,1679.552362
600.731725,432,1681.036932
670.13784,432,1682.529372
678.812344,432,1684.059236
699.157893,432,1685.531622
755.128541,432,1687.015718
645.71904,432,1688.495058
753.578705,432,1690.008301
700.953125,432,1691.504688
754.265468,432,1692.999614
763.026653,432,1694.436841
709.28939,432,1696.187667
711.893821,432,1697.767541
586.400922,432,1699.269151
548.010283,432,1700.754034
694.958079,432,1702.23844
746.447455,432,1703.724224
589.272501,432,1705.216612
638.117226,432,1706.715976
623.685692,432,1708.21
582.109594,432,1709.692652
675.343535,432,1711.156407
718.58255,432,1712.641034
645.456725,432,1714.166437
628.301119,432,1715.635068
753.872275,432,1717.11847
640.10325,432,1718.609194
751.239309,432,1720.404786
720.215301,432,1721.965318
643.825935,432,1723.466787
538.29932,432,1724.970137
744.017103,432,1726.458318
601.827719,432,1727.683751
671.582885,432,1728.406524
757.130581,432,1729.121504
728.230788,432,1729.922404
704.732607,432,1730.759117
653.859866,432,1732.348674
717.083239,432,1733.816549
625.587885,432,1735.300553
705.392795,432,1736.794295
744.759107,432,1738.31589
620.529664,432,1739.92488
741.522492,432,1741.451776
647.134003,432,1743.267042
501.741036,432,1744.822143
785.585835,432,1746.331551
726.655364,432,1747.816671
663.079105,432,1749.334224
633.505161,432,1750.823914
568.784892,432,1752.32071
717.598423,432,1753.808935
748.725302,432,1755.311369
733.217813,432,1756.754132
710.023231,432,1758.239677
611.756537,432,1759.697969
679.048791,432,1761.20795
491.212199,432,1762.701432
713.282371,432,1764.174773
750.227973,432,1765.656479
749.008716,432,1767.495235
551.630931,432,1769.044836
640.109966,432,1770.53707
760.289274,432,1772.036771
664.61109,432,1773.534483
729.830046,432,1775.012966
499.442581,432,1776.504182
445.810945,432,1777.981697
575.385312,432,1779.473557
736.502262,432,1780.973029
711.381162,432,1782.457626
550.303755,432,1783.960689
623.563177,432,1785.465836
685.410336,432,1786.97008
745.330462,432,1788.457582
574.096418,432,1789.933272
661.564523,432,1791.689147
641.932915,432,1793.278786
644.96963,432,1794.768548
668.701824,432,1796.268471
553.121504,432,1797.776932
758.561576,432,1799.270321
722.712013,432,1800.742955
587.536636,432,1802.221574
645.198887,432,1803.736687
750.924394,432,1805.232223
763.645641,432,1806.728032
591.989309,432,1808.218401
616.39999,432,1809.735335
746.13572,432,1811.223336
638.369447,432,1812.725744
638.000648,432,1814.231434
726.638712,432,1816.059748
658.279304,432,1817.640161
687.538528,432,1819.143788
726.576308,432,1820.609482
642.718501,432,1822.099966
748.414974,432,1823.586863
737.520232,432,1825.067111
680.979361,432,1826.524196
762.570512,432,1828.041498
643.747948,432,1829.537474
720.597329,432,1831.029615
665.176797,432,1832.52442
730.217643,432,1834.025181
768.126181,432,1835.522072
577.220811,432,1837.011409
700.096286,432,1838.485242
620.387562,432,1840.209649
531.674644,432,1841.803251
736.106682,432,1843.292887
764.183302,432,1844.802543
648.32339,432,1846.27434
686.550665,432,1847.752126
689.772319,432,1849.223048
692.565882,432,1850.724041
591.557559,432,1852.241511
657.108921,432,1853.714863
478.593953,432,1855.192646
561.557406,432,1856.667791
736.712882,432,1858.166425
687.384653,432,1859.658555
701.171265,432,1860.872172
775.642281,432,1861.593385
694.658274,432,1862.35875
618.733317,432,1863.213192
703.602119,432,1864.043866
729.313302,432,1866.084421
679.590184,432,1867.591485
685.798231,432,1869.10453
694.725745,432,1870.59157
698.51871,432,1872.068695
745.798236,432,1873.542317
738.84124,432,1875.039854
667.071758,432,1876.548813
565.388228,432,1878.050031
608.397731,432,1879.527659
702.51649,432,1881.010719
745.814072,432,1882.507349
643.927451,432,1883.953967
716.14265,432,1885.421161
743.948789,432,1887.174942
795.752912,432,1888.759347
693.386233,432,1890.242202
688.418858,432,1891.739041
730.280493,432,1893.253737
707.227092,432,1894.722907
735.404019,432,1896.192126
577.798041,432,1897.679005
696.041786,432,1899.188311
602.204577,432,1900.670099
684.244886,432,1902.156498
773.308685,432,1903.636319
744.010357,432,1905.110309
738.212078,432,1906.604819
736.095906,432,1908.087163
736.827679,432,1909.571475
699.982166,432,1911.350229
706.636842,432,1912.917724
577.683215,432,1914.443396
631.100552,432,1915.948477
689.976885,432,1917.452024
705.475468,432,1918.941677
613.41153,432,1920.472339
709.634808,432,1922.114526
748.63177,432,1923.691423
497.635876,432,1925.200985
676.776369,432,1926.711948
600.645543,432,1928.196357
631.621798,432,1929.709751
663.030308,432,1931.251206
575.642588,432,1932.723536
737.421544,432,1934.187444
527.843978,432,1935.986972
738.442743,432,1937.615284
490.16223,432,1939.118613
538.817371,432,1940.610252
751.174075,432,1942.112051
613.377596,432,1943.585561
681.108649,432,1945.077549
663.109941,432,1946.497799
612.71592,432,1947.960893
616.128868,432,1949.423023
653.950952,432,1950.892175
656.495312,432,1952.374258
761.853526,432,1953.870031
601.999065,432,1955.34033
620.795673,432,1956.822845
764.180033,432,1958.30146
605.10075,432,1960.103525
580.199845,432,1961.654737
611.734489,432,1963.143753
723.328581,432,1964.641616
753.229955,432,1966.142317
703.676277,432,1967.667498
572.538185,432,1969.175922
560.609676,432,1970.668556
608.598245,432,1972.172199
666.385858,432,1973.663545
681.35739,432,1975.156564
714.090593,432,1976.628119
708.998317,432,1978.119796
527.799734,432,1979.586804
618.3849,432,1981.070428
765.380157,432,1982.578008
514.148919,432,1984.351105
753.739961,432,1985.944466
694.337632,432,1987.435971
614.708024,432,1988.925725
591.256259,432,1990.460558
742.811608,432,1991.952825
761.604357,432,1993.442916
793.543375,432,1994.633579
765.165711,432,1995.327287
725.758635,432,1996.044786
750.493473,432,1996.891215
690.362505,432,1997.753785
759.928152,432,1999.402368
607.403454,432,2000.916286
669.042893,432,2002.415308
607.816513,432,2003.893609
698.951294,432,2005.391355
763.977535,432,2007.238033
721.212859,432,2008.750786
545.501671,432,2010.205192
711.258122,432,2011.676985
548.521339,432,2013.190567
767.681092,432,2014.702745
492.178244,432,2016.204716
652.792337,432,2017.676873
680.121093,432,2019.17222
746.71341,432,2020.663216
725.365311,432,2022.179944
610.047483,432,2023.650489
758.149813,432,2025.136019
632.538852,432,2026.593956
689.479093,432,2028.077579
741.089332,432,2029.58209
736.61526,432,2031.336173
738.833381,432,2032.923373
599.673867,432,2034.434758
604.315305,432,2035.942093
665.036881,432,2037.467404
616.786669,432,2038.949657
727.214677,432,2040.440078
692.475811,432,2041.926479
735.164335,432,2043.430672
595.38066,432,2044.931027
523.737211,432,2046.433603
729.795674,432,2047.910141
670.343021,432,2049.393399
608.446722,432,2050.882223
732.218708,432,2052.387232
372.800574,432,2053.869297
734.825686,432,2055.690226
566.632457,432,2057.274992
693.783251,432,2058.780156
731.090595,432,2060.288119
648.398123,432,2061.787362
651.627945,432,2063.273115
636.442374,432,2064.728145
687.235635,432,2066.191693
658.457634,432,2067.713394
672.572402,432,2069.191833
700.886361,432,2070.694595
622.247915,432,2072.150908
651.585894,432,2073.644644
708.724957,432,2075.143241
755.192309,432,2076.626914
639.361765,432,2078.100923
732.52634,432,2079.874962
727.420531,432,2081.462101
422.994569,432,2082.967435
672.747902,432,2084.453801
733.899422,432,2085.954435
722.389191,432,2087.457023
614.259968,432,2088.965584
722.812623,432,2090.460939
732.202215,432,2091.967483
713.863191,432,2093.426649
613.476936,432,2094.88907
705.265662,432,2096.387162
710.119913,432,2097.895111
677.368758,432,2099.38729
727.040262,432,2100.868217
668.943861,432,2102.411388
597.282524,432,2104.409266
690.153896,432,2105.952733
646.925243,432,2107.439977
506.089503,432,2108.937773
743.62673,432,2110.430756
783.128711,432,2111.916007
610.350296,432,2113.402542
668.137255,432,2114.886912
614.021957,432,2116.354454
660.888974,432,2117.858235
701.191948,432,2119.425625
637.903164,432,2120.940322
694.458286,432,2122.435397
746.237158,432,2123.93521
623.699732,432,2125.437094
749.483191,432,2126.920194
585.908272,432,2128.237261
770.408931,432,2129.318622
794.186843,432,2130.150298
694.696584,432,2131.005726
555.982088,432,2131.841874
701.322426,432,2133.45405
699.23878,432,2134.903125
698.878485,432,2136.333815
745.102768,432,2137.823142
781.564177,432,2139.313393
748.370031,432,2140.788668
587.275862,432,2142.274674
576.494256,432,2143.760474
768.034856,432,2145.283226
559.472738,432,2146.76892
715.212328,432,2148.237465
751.215057,432,2149.723722
700.795542,432,2151.501596
718.481827,432,2153.08422
626.878411,432,2154.570757
698.782494,432,2156.046168
747.407755,432,2157.561109
700.767327,432,2159.070562
750.755333,432,2160.588965
713.932896,432,2162.085199
630.829903,432,2163.608596
750.007552,432,2165.093871
733.060568,432,2166.563604
506.696715,432,2168.077582
598.55173,432,2169.535865
756.069197,432,2171.025285
636.668639,432,2172.507721
704.244156,432,2173.990074
735.85393,432,2175.666972
702.96227,432,2177.29458
771.672519,432,2178.786893
697.752438,432,2180.277466
676.019959,432,2181.838317
743.402542,432,2183.332763
732.57856,432,2184.828832
407.029691,432,2186.322078
705.235417,432,2187.791783
604.123316,432,2189.282847
735.611149,432,2190.788157
429.16804,432,2192.271074
718.761548,432,2193.787792
611.152615,432,2195.269728
690.671245,432,2196.772069
625.649468,432,2198.230431
756.989385,432,2199.918799
685.686037,432,2201.519542
665.186921,432,2203.004526
708.40339,432,2204.481709
770.351933,432,2206.000475
754.000733,432,2207.482607
703.468298,432,2208.962217
704.718079,432,2210.441574
585.275633,432,2211.940969
720.494303,432,2213.441144
690.452154,432,2214.917982
687.517105,432,2216.574843
683.69025,432,2218.176484
745.796621,432,2219.696776
679.605378,432,2221.234883
694.367788,432,2222.691192
610.524497,432,2224.420172
728.447118,432,2226.05088
572.450787,432,2227.533736
754.602616,432,2229.039832
689.096076,432,2230.524887
625.835561,432,2232.0256
715.534325,432,2233.504842
716.963575,432,2234.978918
370.527824,432,2236.478059
706.710362,432,2237.963498
732.727472,432,2239.456747
706.255626,432,2240.930261
594.850213,432,2242.431051
559.522126,432,2243.920823
551.677488,432,2245.406031
591.37756,432,2246.875906
753.848352,432,2248.572492
649.893676,432,2250.199341
662.573121,432,2251.701192
717.496745,432,2253.182749
757.685141,432,2254.677643
725.942899,432,2256.156813
734.606207,432,2257.65857
601.221685,432,2259.171971
720.878582,432,2260.67483
771.494245,432,2261.888816
712.654429,432,2262.623386
720.321807,432,2263.410256
594.178347,432,2264.254902
737.999988,432,2265.106058
687.289391,432,2266.695251
719.506209,432,2268.228193
659.233132,432,2269.708972
493.805622,432,2271.475171
693.78733,432,2273.060038
658.593492,432,2274.568971
674.043773,432,2276.092206
707.604404,432,2277.550982
668.582211,432,2279.004489
570.725996,432,2280.495563
682.557535,432,2281.95888
685.200102,432,2283.42784
622.663859,432,2285.021196
627.838706,432,2286.584352
665.247938,432,2288.052385
772.339555,432,2289.560932
755.689156,432,2291.091861
760.341698,432,2292.587773
725.628809,432,2294.091213
756.257761,432,2295.859976
714.206374,432,2297.489273
733.376275,432,2299.005119
709.113742,432,2300.503926
762.698827,432,2302.007149
730.225682,432,2303.482718
761.648494,432,2304.954521
745.756032,432,2306.458915
688.749976,432,2307.949913
669.96917,432,2309.441798
705.332324,432,2310.926059
700.140275,432,2312.413553
710.000306,432,2313.921907
582.068582,432,2315.373598
674.520143,432,2316.84166
718.151176,432,2318.327052
653.648392,432,2320.061402
703.044255,432,2321.684605
746.763476,432,2323.199526
642.195756,432,2324.7443
754.51583,432,2326.243857
713.934558,432,2327.746584
665.747312,432,2329.283613
715.014026,432,2330.771027
705.489548,432,2332.278497
658.687263,432,2333.770958
738.99261,432,2335.233697
613.601002,432,2336.7184
704.618146,432,2338.261351
641.535017,432,2339.74248
703.506338,432,2341.203779
665.547045,432,2342.667179
734.013127,432,2344.483841
725.896645,432,2346.033915
756.022669,432,2347.493501
741.887706,432,2348.972691
616.702908,432,2350.487315
685.936491,432,2351.996899
585.408323,432,2353.482825
673.873309,432,2354.951703
741.498435,432,2356.426918
756.835975,432,2357.925712
628.469188,432,2359.426823
776.324763,432,2360.905739
749.869567,432,2362.40811
771.719539,432,2363.906368
759.920192,432,2365.391949
751.584429,432,2366.884358
624.849984,432,2368.70576
727.838602,432,2370.311218
605.223135,432,2371.801833
761.965377,432,2373.299709
722.487159,432,2374.836182
750.541213,432,2376.337793
695.762258,432,2377.836943
740.548391,432,2379.33776
742.377802,432,2380.833329
480.787451,432,2382.339904
522.183897,432,2383.823062
761.519211,432,2385.327288
730.497818,432,2386.820952
664.536285,432,2388.303991
689.129291,432,2389.802077
737.333264,432,2391.282845
47.331272,432,2393.047929
714.577125,432,2394.630893
786.240831,432,2395.856805
748.296405,432,2396.571904
748.909091,432,2397.301282
769.174103,432,2398.094241
663.251085,432,2398.939519
767.330417,432,2400.536086
716.846059,432,2402.023325
751.602377,432,2403.471545
748.420335,432,2404.945478
638.526618,432,2406.470531
759.267599,432,2407.894625
651.073023,432,2409.351939
558.761075,432,2410.810539
610.735775,432,2412.282694
669.027851,432,2413.772343
731.183646,432,2415.573606
606.828102,432,2417.138661
758.98055,432,2418.631963
727.40298,432,2420.125737
742.358411,432,2421.621603
672.585695,432,2423.102652
764.117765,432,2424.586431
662.778155,432,2426.057912
713.657519,432,2427.554641
508.082857,432,2429.082399
736.578525,432,2430.566381
715.830206,432,2432.03751
693.494612,432,2433.543129
638.369677,432,2435.030541
749.320966,432,2436.521012
728.005694,432,2438.018126
753.084636,432,2439.937865
551.563318,432,2441.470068
730.57718,432,2442.974497
703.416617,432,2444.483465
87.514982,432,2445.983757
722.806601,432,2447.450607
677.201707,432,2448.952084
658.110526,432,2450.461053
728.579536,432,2451.986053
763.723492,432,2453.472367
683.580994,432,2454.960164
736.629017,432,2456.444395
611.23595,432,2457.933244
623.784007,432,2459.421224
711.287914,432,2460.92201
677.735327,432,2462.406695
632.655896,432,2464.193768
751.242661,432,2465.83918
719.383115,432,2467.449921
706.128472,432,2468.995714
721.405578,432,2470.512553
723.809171,432,2471.942954
695.261614,432,2473.424891
679.437741,432,2474.916616
739.826824,432,2476.40596
674.38241,432,2477.908181
748.175857,432,2479.405943
630.807479,432,2480.887925
724.565384,432,2482.394116
726.00743,432,2483.874599
624.06919,432,2485.35791
694.891708,432,2486.856193
742.900504,432,2488.690882
713.735645,432,2490.268615
560.182102,432,2491.74945
782.824037,432,2493.233163
698.724757,432,2494.74119
634.09562,432,2496.230262
732.596681,432,2497.734904
681.903172,432,2499.199797
708.865392,432,2500.701317
671.646101,432,2502.167888
708.140351,432,2503.643662
692.496134,432,2505.13826
758.803907,432,2506.64121
654.867724,432,2508.122547
749.945069,432,2509.611897
698.454655,432,2511.09959
621.029793,432,2512.997397
659.955159,432,2514.533533
729.951047,432,2516.043408
685.729463,432,2517.525618
643.972768,432,2519.016409
717.084262,432,2520.496261
700.24166,432,2521.986017
535.181731,432,2523.458889
727.279695,432,2524.97449
739.618068,432,2526.476127
690.523687,432,2527.999814
739.776048,432,2529.155878
750.278286,432,2529.85984
772.0376,432,2530.588198
726.547345,432,2531.356152
705.430956,432,2532.23462
759.886847,432,2533.806174
731.43199,432,2535.539029
760.832712,432,2537.131809
751.653171,432,2538.642327
700.983169,432,2540.128325
565.412415,432,2541.630247
664.7719,432,2543.13221
683.701665,432,2544.636741
689.083405,432,2546.251513
775.903606,432,2547.744199
694.379452,432,2549.261163
734.799923,432,2550.744133
594.869902,432,2552.23479
708.82068,432,2553.743884
734.629311,432,2555.236856
653.203883,432,2556.721141
716.429308,432,2558.208061
663.943098,432,2559.968966
702.003556,432,2561.508281
747.561173,432,2562.988249
365.360732,432,2564.484466
654.633706,432,2565.988634
747.242693,432,2567.501694
684.171235,432,2569.004382
693.010548,432,2570.501827
556.606524,432,2572.00904
684.806028,432,2573.499985
632.908591,432,2574.989714
704.679512,432,2576.488495
442.876721,432,2577.993855
747.124559,432,2579.477542
717.633669,432,2580.971037
629.432142,432,2582.468946
629.916603,432,2584.148354
744.752208,432,2585.786759
605.815696,432,2587.289684
753.303356,432,2588.806596
522.602007,432,2590.388418
708.056561,432,2591.851099
755.182878,432,2593.307505
774.769171,432,2594.759259
674.976316,432,2596.252053
714.694729,432,2597.702787
586.592594,432,2599.201453
779.905891,432,2600.669925
726.77105,432,2602.167228
744.108727,432,2603.64429
687.403795,432,2605.138153
691.858105,432,2606.622206
691.791043,432,2608.333282
744.888592,432,2609.950085
559.475742,432,2611.445838
651.682419,432,2612.955405
575.163208,432,2614.453316
720.680334,432,2615.951444
580.182784,432,2617.42689
616.819102,432,2618.901515
675.345635,432,2620.406618
617.559245,432,2621.872301
620.601931,432,2623.373296
574.713794,432,2624.876312
705.708367,432,2626.37764
668.57898,432,2627.878464
699.027407,432,2629.356163
673.329789,432,2630.836199
775.94434,432,2632.635426
729.68094,432,2634.20177
614.803754,432,2635.697144
633.84824,432,2637.193194
642.400832,432,2638.695551
658.573489,432,2640.18388
692.02849,432,2641.645918
622.161611,432,2643.149891
717.247887,432,2644.650435
719.265385,432,2646.137652
784.43067,432,2647.688304
761.531658,432,2649.282837
690.592792,432,2650.839353
722.220522,432,2652.332651
635.074784,432,2653.832749
717.845558,432,2655.257874
730.897341,432,2656.77382
550.600698,432,2658.312682
770.341019,432,2659.763407
699.983195,432,2661.192797
717.575907,432,2662.786765
782.093616,432,2663.519929
744.403229,432,2664.289911
774.286441,432,2665.135917
648.381314,432,2665.974812
619.942409,432,2667.558638
760.230426,432,2669.054157
603.967328,432,2670.553955
703.555486,432,2672.03175
756.028909,432,2673.544009
624.247254,432,2675.060235
709.288026,432,2676.5541
644.524273,432,2678.051484
695.390944,432,2679.561711
667.232089,432,2681.054635
640.926968,432,2682.572878
679.405955,432,2684.056511
729.845921,432,2685.979916
608.579392,432,2687.476215
777.297938,432,2688.973221
614.878577,432,2690.477549
709.566348,432,2691.988177
718.289001,432,2693.490749
709.222723,432,2694.992348
710.909084,432,2696.488407
715.510524,432,2698.016608
658.030463,432,2699.513087
623.134907,432,2701.006833
775.458612,432,2702.490932
756.173131,432,2704.000596
663.483483,432,2705.519051
715.637755,432,2707.031779
597.101035,432,2708.522848
732.462634,432,2710.393872
750.471158,432,2711.923678
189.649276,432,2713.449815
730.498153,432,2714.930917
754.456753,432,2716.409506
689.106621,432,2717.925857
705.811591,432,2719.41017
675.633321,432,2720.89714
675.363315,432,2722.416623
693.95029,432,2723.85524
706.546387,432,2725.331564
760.687935,432,2726.804701
730.981452,432,2728.333117
747.955437,432,2729.82959
610.166926,432,2731.32535
740.122162,432,2732.806093
621.427744,432,2734.715936
732.136453,432,2736.244737
755.516503,432,2737.742068
729.317092,432,2739.246151
686.103311,432,2740.743606
625.594691,432,2742.242942
722.944261,432,2743.74474
602.363188,432,2745.222853
697.472892,432,2746.725355
700.972115,432,2748.208564
767.177003,432,2749.687984
748.793245,432,2751.177961
771.355232,432,2752.667952
686.407607,432,2754.151568
700.8808,432,2755.636135
644.057149,432,2757.117798
684.333651,432,2758.943145
755.729373,432,2760.508259
701.80684,432,2762.008806
626.126963,432,2763.510907
758.38344,432,2765.012381
677.293687,432,2766.525727
652.916706,432,2768.036864
596.616204,432,2769.539303
697.701031,432,2771.040649
694.451438,432,2772.543489
711.198612,432,2774.055596
705.120535,432,2775.533655
745.723218,432,2777.051104
730.573244,432,2778.547472
656.886905,432,2780.027628
651.607001,432,2781.542534
715.690157,432,2783.304777
653.617712,432,2784.941299
716.331197,432,2786.409459
742.116571,432,2787.877427
741.358389,432,2789.398017
656.179971,432,2790.888592
586.500644,432,2792.356586
692.905056,432,2793.836233
728.332851,432,2795.340689
776.320773,432,2796.55494
763.718272,432,2797.274544
775.378509,432,2798.021404
791.669811,432,2798.874107
715.553844,432,2799.718383
672.830565,432,2801.341449
742.76818,432,2802.844964
772.325441,432,2804.338989
756.563599,432,2806.146535
639.427878,432,2807.722533
603.298655,432,2809.219313
738.12748,432,2810.700303
765.656196,432,2812.196642
673.605235,432,2813.67817
764.704303,432,2815.162524
633.219853,432,2816.643554
638.602488,432,2818.141109
731.052834,432,2819.625429
548.880257,432,2821.127555
587.013845,432,2822.596428
673.312174,432,2824.10555
707.715224,432,2825.593075
746.68069,432,2827.088784
713.509645,432,2828.605829
651.072933,432,2830.691408
728.572895,432,2832.253491
704.056933,432,2833.774642
537.808372,432,2835.279872
757.706574,432,2836.820238
717.056578,432,2838.329806
713.658793,432,2839.821697
592.560528,432,2841.307903
626.733042,432,2842.823645
729.016987,432,2844.330616
699.603403,432,2845.834554
642.575398,432,2847.319793
700.052065,432,2848.85986
765.883803,432,2850.304251
687.688823,432,2851.812241
671.398576,432,2853.291441
682.526509,432,2855.133465
607.787176,432,2856.723267
785.452037,432,2858.226056
558.197485,432,2859.730205
610.588253,432,2861.239757
751.627874,432,2862.728354
752.482428,432,2864.235528
533.327079,432,2865.687623
717.968213,432,2867.192943
712.712758,432,2868.671059
686.318204,432,2870.17621
591.657047,432,2871.656756
733.655193,432,2873.170401
773.246962,432,2874.669261
609.565265,432,2876.141734
766.575952,432,2877.632481
565.361499,432,2879.425832
729.61889,432,2881.002389
716.211534,432,2882.500783
731.174569,432,2883.991072
577.187576,432,2885.491859
718.999765,432,2886.990515
687.612708,432,2888.477945
638.129028,432,2889.978464
744.083424,432,2891.487552
692.648785,432,2892.972866
717.523718,432,2894.456773
694.224803,432,2895.955074
755.395612,432,2897.502358
743.159199,432,2899.000391
620.153948,432,2900.491841
735.092428,432,2901.976167
721.897858,432,2903.807378
690.852355,432,2905.385661
707.981737,432,2906.883952
704.92324,432,2908.396348
635.71328,432,2909.921462
705.211792,432,2911.444128
717.893877,432,2912.88831
608.380823,432,2914.352746
716.71845,432,2915.827275
769.426687,432,2917.316522
711.224157,432,2918.80058
746.5078,432,2920.289872
645.880649,432,2921.789167
619.677573,432,2923.28984
664.998228,432,2924.802679
639.585956,432,2926.301787
688.463904,432,2928.139972
725.930801,432,2929.693162
713.869309,432,2930.895154
734.761547,432,2931.636852
788.351274,432,2932.427723
663.654278,432,2933.268703
712.93631,432,2934.118656
689.141958,432,2935.704307
473.00032,432,2937.191519
671.280727,432,2938.68023
533.995673,432,2940.172314
611.566696,432,2941.639302
760.06566,432,2943.111112
603.776521,432,2944.613824
749.290946,432,2946.084689
722.686723,432,2947.537375
742.041633,432,2949.033653
672.744916,432,2950.843675
718.946141,432,2952.415129
572.353842,432,2953.908525
725.494005,432,2955.387328
719.506598,432,2956.851034
682.83064,432,2958.35541
319.915566,432,2959.850687
468.781442,432,2961.333105
767.29009,432,2962.827872
733.37446,432,2964.318125
684.419925,432,2965.788523
758.333571,432,2967.271411
698.568868,432,2968.774133
743.151369,432,2970.258245
741.043709,432,2971.724953
745.645862,432,2973.209858
758.077666,432,2975.076882
772.572736,432,2976.572219
704.255397,432,2978.054826
705.253586,432,2979.527728
677.671447,432,2981.020868
684.336725,432,2982.518455
569.402284,432,2983.991883
669.98588,432,2985.456349
689.67265,432,2986.943327
645.492218,432,2988.433137
755.175592,432,2989.926669
726.433475,432,2991.419375
584.090738,432,2992.926084
666.758478,432,2994.423592
551.571536,432,2995.917063
585.882154,432,2997.418859
700.361731,432,2999.177523
752.335398,432,3000.773153
784.723847,432,3002.290495
670.907805,432,3003.788722
703.760099,432,3005.31198
642.887525,432,3006.800617
698.098773,432,3008.280169
669.117917,432,3009.775486
752.375507,432,3011.305492
755.567596,432,3012.926172
622.701741,432,3014.493497
716.529355,432,3015.9839
729.61516,432,3017.51963
586.07666,432,3019.01314
688.05114,432,3020.514301
747.849169,432,3021.987944
752.771687,432,3023.755191
532.268617,432,3025.332609
706.735614,432,3026.821912
565.263376,432,3028.339873
718.825654,432,3029.838671
667.362354,432,3031.339996
486.852876,432,3032.825652
750.785928,432,3034.243682
708.12089,432,3035.732741
737.558593,432,3037.223539
723.26598,432,3038.678672
721.732998,432,3040.124776
709.251011,432,3041.608493
750.896913,432,3043.087023
520.84719,432,3044.55836
705.933777,432,3046.040347
584.688038,432,3047.894021
742.973112,432,3049.424979
696.198378,432,3050.93372
620.74675,432,3052.410394
642.976837,432,3053.925289
767.682527,432,3055.40555
754.222506,432,3056.900732
663.937372,432,3058.391569
639.890598,432,3059.889178
678.401387,432,3061.396885
744.345503,432,3062.872381
773.723505,432,3064.105503
728.004889,432,3064.824805
797.547479,432,3065.589339
738.610348,432,3066.427124
768.745728,432,3067.26974
709.400116,432,3068.847976
536.964801,432,3070.686702
757.994354,432,3072.240963
456.845638,432,3073.737001
604.304643,432,3075.262092
658.688827,432,3076.776155
780.746699,432,3078.275572
636.78005,432,3079.776496
701.382433,432,3081.257819
713.747062,432,3082.800867
724.412654,432,3084.307262
740.340938,432,3085.80998
684.590155,432,3087.312932
758.090248,432,3088.821855
663.336893,432,3090.311303
622.091847,432,3091.802786
718.16055,432,3093.306255
732.211095,432,3095.139218
735.392716,432,3096.679568
754.430426,432,3098.143837
726.719414,432,3099.635485
710.196101,432,3101.145076
739.587029,432,3102.590099
718.293741,432,3104.056024
529.716848,432,3105.53458
648.032166,432,3107.034733
772.621353,432,3108.520657
668.56705,432,3110.01123
487.440912,432,3111.503469
643.433703,432,3113.005796
771.680772,432,3114.472575
665.65531,432,3115.962653
645.385619,432,3117.443295
653.793532,432,3119.306372
732.92859,432,3120.837174
579.614561,432,3122.317115
496.338979,432,3123.810229
712.170851,432,3125.324268
689.696067,432,3126.802831
590.769375,432,3128.311832
748.131294,432,3129.80787
743.376599,432,3131.360084
758.659834,432,3132.842686
688.916689,432,3134.345157
738.294427,432,3135.833805
587.776545,432,3137.362687
760.766714,432,3138.84355
714.629591,432,3140.323548
773.25187,432,3141.801323
604.567047,432,3143.559653
559.736353,432,3145.160701
722.2316,432,3146.654337
471.25073,432,3148.16066
750.913634,432,3149.679835
592.254838,432,3151.185987
704.991763,432,3152.675746
755.669478,432,3154.157519
610.814333,432,3155.64411
527.397297,432,3157.136877
576.235316,432,3158.660419
582.874553,432,3160.144632
730.543524,432,3161.609832
747.396092,432,3163.092673
558.529371,432,3164.559334
729.76782,432,3166.018663
581.556004,432,3167.779067
619.711701,432,3169.358451
717.043492,432,3170.832992
684.563425,432,3172.344825
673.088582,432,3173.861513
749.078355,432,3175.337595
710.349416,432,3176.813591
712.876166,432,3178.301639
551.92752,432,3179.832118
649.504011,432,3181.339876
672.258768,432,3182.832572
705.734412,432,3184.308994
653.941622,432,3185.812875
636.401058,432,3187.306676
673.957328,432,3188.80531
770.777388,432,3190.284366
580.17238,432,3192.066047
692.900981,432,3193.754219
747.585454,432,3195.367459
675.413527,432,3196.902553
766.376831,432,3198.155487
768.617867,432,3198.891012
699.857699,432,3199.631773
721.629955,432,3200.477939
612.153462,432,3201.326648
569.92408,432,3202.907403
705.207514,432,3204.395082
671.75438,432,3205.920575
730.511715,432,3207.40613
762.078682,432,3208.896898
347.241846,432,3210.378621
764.0387,432,3211.878629
733.759876,432,3213.403056
592.426883,432,3215.268422
749.375136,432,3216.7865
666.345446,432,3218.252362
708.906427,432,3219.745554
764.546711,432,3221.302977
751.876404,432,3222.762283
731.464496,432,3224.239461
525.702465,432,3225.725214
697.3628,432,3227.232435
751.03989,432,3228.686862
698.398545,432,3230.177492
637.975425,432,3231.661181
711.220957,432,3233.151718
684.073954,432,3234.611313
663.484559,432,3236.119394
698.204628,432,3237.613184
753.346922,432,3239.338117
708.209751,432,3240.943993
749.518495,432,3242.440171
624.692369,432,3243.93757
635.154497,432,3245.435667
725.114003,432,3246.887795
748.600076,432,3248.361019
616.896192,432,3249.844074
712.176684,432,3251.350977
696.813692,432,3252.843034
781.004584,432,3254.317536
701.576219,432,3255.778813
731.002401,432,3257.292542
577.745872,432,3258.785973
729.293774,432,3260.260701
710.331992,432,3261.741471
690.702707,432,3263.526402
684.912851,432,3265.095356
769.655551,432,3266.617638
641.562402,432,3268.126122
691.031102,432,3269.635583
736.732682,432,3271.111653
713.195183,432,3272.601146
755.804322,432,3274.086375
783.474147,432,3275.549982
737.695768,432,3277.034064
731.111265,432,3278.521023
746.435982,432,3279.987829
703.957253,432,3281.487599
721.487761,432,3282.971989
785.639534,432,3284.479059
787.31901,432,3285.911309
603.913533,432,3287.65721
716.837853,432,3289.30522
673.50762,432,3290.74748
693.696444,432,3292.202531
715.676774,432,3293.674499
665.325656,432,3295.143112
761.682007,432,3296.642453
710.69204,432,3298.125919
743.52775,432,3299.615548
649.092665,432,3301.113034
779.278361,432,3302.602841
722.740066,432,3304.107482
711.586632,432,3305.620563
628.448752,432,3307.098184
750.252513,432,3308.591148
719.227793,432,3310.079055
735.239261,432,3311.819987
770.858474,432,3313.422967
748.965065,432,3314.925576
680.914201,432,3316.420541
718.264898,432,3317.927244
537.556428,432,3319.419231
773.86224,432,3320.906114
768.679569,432,3322.380512
725.408194,432,3323.856585
715.815139,432,3325.347081
739.502634,432,3326.86136
732.633471,432,3328.348265
770.501448,432,3329.841493
755.113458,432,3331.040882
706.821899,432,3331.751933
743.565225,432,3332.512745
710.546164,432,3333.354927
739.31581,432,3334.212538
723.580686,432,3336.279503
657.92514,432,3337.786204
697.185867,432,3339.290212
603.972388,432,3340.82052
596.660876,432,3342.301136
421.4296,432,3343.812397
705.67583,432,3345.304497
690.824839,432,3346.837193
570.297686,432,3348.31922
748.458658,432,3349.761252
720.808695,432,3351.250819
745.277269,432,3352.743555
726.349282,432,3354.172466
500.438474,432,3355.617788
714.222094,432,3357.079371
719.030762,432,3358.972045
585.743744,432,3360.476878
758.545589,432,3361.971551
722.427352,432,3363.456551
725.22164,432,3364.951715
763.27679,432,3366.453062
696.636659,432,3367.937577
667.058533,432,3369.425392
686.666505,432,3370.909598
760.561267,432,3372.378778
634.988394,432,3373.88659
601.7987,432,3375.492531
698.630745,432,3377.091914
720.581658,432,3378.596355
749.794154,432,3380.065927
632.968484,432,3381.576213
660.031285,432,3383.3622
701.646272,432,3384.955903
720.872995,432,3386.451379
674.80898,432,3387.944182
695.988215,432,3389.445767
631.756108,432,3390.936473
739.948084,432,3392.409995
659.32078,432,3393.88485
678.400398,432,3395.379451
738.294229,432,3396.889277
651.241286,432,3398.388411
702.934513,432,3399.857957
788.490654,432,3401.376466
750.553546,432,3402.867917
749.687487,432,3404.386621
751.995536,432,3405.873096
700.757767,432,3407.747056
703.996554,432,3409.280128
634.53623,432,3410.792428
709.292997,432,3412.249332
662.821932,432,3413.725219
422.596597,432,3415.206976
596.901803,432,3416.674363
701.057282,432,3418.117391
566.084452,432,3419.630101
715.916558,432,3421.086468
746.14004,432,3422.538334
728.446163,432,3424.012749
725.547106,432,3425.517823
759.804807,432,3427.013659
704.042714,432,3428.510473
496.858448,432,3429.996789
764.865474,432,3431.813172
608.064723,432,3433.395648
730.11459,432,3434.895382
753.275239,432,3436.384355
726.230464,432,3437.892621
685.42927,432,3439.386906
641.201081,432,3440.864001
721.350218,432,3442.345536
493.756333,432,3443.806446
724.056147,432,3445.271684
697.937046,432,3446.745384
720.810891,432,3448.22712
615.938268,432,3449.737031
728.216905,432,3451.207868
740.03826,432,3452.685458
735.870976,432,3454.162533
699.293128,432,3455.889409
707.115374,432,3457.51199
652.739864,432,3459.018601
728.354799,432,3460.513609
693.696401,432,3461.996157
709.86063,432,3463.487974
589.662837,432,3464.704822
720.448367,432,3465.423514
768.069369,432,3466.165682
753.134713,432,3467.011589
776.079938,432,3467.863638
651.398735,432,3469.441394
511.090894,432,3470.934196
498.936227,432,3472.429541
726.098496,432,3473.950849
695.771917,432,3475.384595
592.401379,432,3476.840887
755.206222,432,3478.622302
771.30308,432,3480.141088
687.376779,432,3481.639568
761.528159,432,3483.142385
727.490752,432,3484.656607
646.881465,432,3486.12775
761.810719,432,3487.578847
764.247894,432,3489.107417
737.41627,432,3490.61148
745.059296,432,3492.092764
684.581002,432,3493.575883
709.493164,432,3495.051352
752.532901,432,3496.569895
743.029748,432,3498.068099
623.331988,432,3499.555648
707.890322,432,3501.074338
576.46367,432,3502.939564
693.279924,432,3504.491168
757.116502,432,3505.958262
693.173116,432,3507.427024
762.89962,432,3508.93084
678.984172,432,3510.430972
754.137495,432,3511.922781
670.823915,432,3513.41134
756.855124,432,3514.9197
718.023771,432,3516.391815
570.478654,432,3517.879366
668.698245,432,3519.368189
657.050444,432,3520.87355
756.271523,432,3522.387059
737.577271,432,3523.907826
741.947895,432,3525.393017
712.677303,432,3527.286872
723.363363,432,3528.810133
721.247961,432,3530.304702
667.702502,432,3531.776405
747.749389,432,3533.278127
622.980103,432,3534.770126
743.154172,432,3536.286769
695.445709,432,3537.741902
738.27586,432,3539.192662
717.264534,432,3540.661556
685.584118,432,3542.176089
763.97764,432,3543.637753
761.355614,432,3545.1231
754.408156,432,3546.593829
602.634223,432,3548.046913
679.327328,432,3549.517788
711.825309,432,3551.224271
775.387785,432,3552.822951
724.693088,432,3554.328962
600.803802,432,3555.841687
760.605713,432,3557.487428
734.014817,432,3559.070385
749.269994,432,3560.574361
631.974829,432,3562.062799
777.650465,432,3563.587626
732.722384,432,3565.090418
718.763874,432,3566.573354
699.307672,432,3568.051771
710.47265,432,3569.53257
603.531877,432,3571.002552
731.350649,432,3572.490182
601.638128,432,3573.943972
698.912743,432,3575.671344
775.024259,432,3577.278974
561.443854,432,3578.769372
782.250142,432,3580.254289
734.702635,432,3581.747003
665.472266,432,3583.238249
730.540698,432,3584.719677
701.107495,432,3586.204513
773.777535,432,3587.709248
548.193596,432,3589.1867
689.699962,432,3590.655329
759.021543,432,3592.144498
659.316498,432,3593.657012
718.663367,432,3595.147685
716.169026,432,3596.629486
767.759789,432,3597.837507
753.362019,432,3598.554093
770.574724,432,3599.296672
746.65511,432,3600.089684
778.670511,432,3600.822872
743.380194,432,3602.776895
623.754202,432,3604.347707
709.770774,432,3605.815167
537.511073,432,3607.238952
700.327698,432,3608.701452
598.252962,432,3610.196477
597.539307,432,3611.687646
753.930016,432,3613.170177
717.241672,432,3614.646431
684.526654,432,3616.143444
756.275215,432,3617.653306
664.321264,432,3619.161909
684.465306,432,3620.670084
550.26898,432,3622.473702
645.90661,432,3624.053836
748.42499,432,3625.536172
754.418085,432,3627.038212
695.100913,432,3628.544183
720.280648,432,3630.035214
645.805821,432,3631.528965
694.272429,432,3632.997254
644.803886,432,3634.50526
769.020087,432,3636.002311
711.735143,432,3637.485751
614.07412,432,3638.991681
741.168354,432,3640.485318
661.678922,432,3642.004836
741.273242,432,3643.509454
556.55658,432,3644.997674
748.676969,432,3646.818822
766.040923,432,3648.385627
713.524069,432,3649.908905
752.642573,432,3651.390631
585.966607,432,3652.892823
702.460335,432,3654.343329
721.39229,432,3655.80663
690.631761,432,3657.295864
690.466228,432,3658.771475
757.740602,432,3660.245681
779.920757,432,3661.752784
575.512069,432,3663.204413
643.516429,432,3664.663252
759.683308,432,3666.114551
608.510584,432,3667.594349
730.346799,432,3669.029998
632.643983,432,3670.673584
727.515264,432,3672.328293
650.659416,432,3673.807733
723.616158,432,3675.293283
688.460281,432,3676.791453
701.202645,432,3678.302531
680.835213,432,3679.802008
710.813267,432,3681.290411
771.025951,432,3682.782835
750.084016,432,3684.261432
605.241482,432,3685.775376
683.668717,432,3687.31814
738.188262,432,3688.838537
549.319663,432,3690.324594
761.41786,432,3691.828929
736.280379,432,3693.31304
706.224192,432,3695.138888
718.751664,432,3696.655206
681.847678,432,3698.142078
679.674594,432,3699.625844
684.752651,432,3701.134107
743.633482,432,3702.633782
692.209877,432,3704.103761
718.720231,432,3705.589677
584.056618,432,3707.094213
749.529105,432,3708.603849
634.091407,432,3710.128448
744.962159,432,3711.621516
746.225638,432,3713.127254
715.35274,432,3714.623048
753.059772,432,3716.093469
711.238466,432,3717.602313
648.67617,432,3719.367414
754.628722,432,3720.971822
722.921787,432,3722.457747
656.150761,432,3723.946593
706.538159,432,3725.491609
771.49681,432,3726.930055
776.486759,432,3728.392884
756.960048,432,3729.848258
720.298734,432,3731.153602
723.202259,432,3731.862252
689.006523,432,3732.585913
750.29356,432,3733.377928
720.921476,432,3734.226156
646.914099,432,3735.804199
537.275795,432,3737.321194
772.012195,432,3738.931548
762.644107,432,3740.446797
675.489049,432,3742.2543
727.943034,432,3743.835281
737.913242,432,3745.313827
739.020541,432,3746.813514
747.976885,432,3748.312944
693.073063,432,3749.804615
694.480448,432,3751.292223
687.897155,432,3752.76028
683.285447,432,3754.24456
754.505873,432,3755.737435
452.957774,432,3757.235642
646.475699,432,3758.709577
658.111032,432,3760.196996
744.971293,432,3761.687843
695.519336,432,3763.17167
664.223099,432,3764.688596
-91.696825,432,3766.391872
700.376583,432,3768.024992
717.71802,432,3769.512543
661.041589,432,3771.007487
726.42175,432,3772.531708
561.140551,432,3774.003756
685.839104,432,3775.494323
707.283892,432,3776.990384
630.294297,432,3778.488747
715.192405,432,3779.976823
749.740575,432,3781.461235
737.912961,432,3782.941615
579.087507,432,3784.42975
749.869254,432,3785.918307
635.129881,432,3787.412711
673.278081,432,3788.907074
759.787746,432,3790.608346
643.238658,432,3792.193542
716.794857,432,3793.702049
587.601722,432,3795.143907
689.120906,432,3796.594218
774.120691,432,3798.080016
721.052329,432,3799.544557
701.306454,432,3801.038058
729.084251,432,3802.541125
658.064668,432,3804.038702
591.765248,432,3805.513051
587.024693,432,3806.993252
656.998789,432,3808.477664
716.452556,432,3809.954431
714.046013,432,3811.438117
735.777112,432,3812.922112
733.939529,432,3814.701008
693.103876,432,3816.295934
731.985009,432,3817.821425
777.541214,432,3819.328117
748.880102,432,3820.824178
684.425293,432,3822.296176
735.270556,432,3823.780323
523.287924,432,3825.28284
633.148664,432,3826.77404
761.381158,432,3828.276607
705.646579,432,3829.779187
759.294675,432,3831.260964
673.934805,432,3832.737646
765.688246,432,3834.285796
762.0551,432,3835.760464
712.883386,432,3837.255079
735.466065,432,3839.042881
608.297529,432,3840.634318
749.156603,432,3842.092299
753.607329,432,3843.564801
702.218411,432,3845.063306
718.484712,432,3846.558691
739.747896,432,3848.044685
713.092167,432,3849.518814
637.988641,432,3851.00433
728.269378,432,3852.458308
401.598692,432,3853.88609
623.496349,432,3855.374409
726.586885,432,3856.868989
711.554817,432,3858.343751
711.74579,432,3859.818428
575.505693,432,3861.294585
725.262474,432,3863.043587
768.809308,432,3864.362499
791.417899,432,3865.075047
756.719562,432,3865.855714
688.921689,432,3866.581211
739.732793,432,3867.338968
766.248205,432,3868.981423
547.652883,432,3870.489942
680.561619,432,3871.987479
743.158771,432,3873.476708
674.712544,432,3874.978856
619.240775,432,3876.443991
642.961977,432,3877.918602
743.794132,432,3879.424309
542.153568,432,3880.932766
720.816366,432,3882.390586
706.012202,432,3883.876804
699.932884,432,3885.594586
663.843634,432,3887.239306
700.520254,432,3888.720361
694.330439,432,3890.209608
601.92564,432,3891.724636
702.184367,432,3893.193835
568.442428,432,3894.655694
754.174677,432,3896.111337
736.926124,432,3897.609485
443.880055,432,3899.072016
709.560682,432,3900.540425
656.571708,432,3902.037131
701.543633,432,3903.527037
773.0214,432,3905.007471
663.872358,432,3906.485356
731.365866,432,3907.973921
379.830435,432,3909.738824
509.921495,432,3911.276778
714.944603,432,3912.754245
712.237862,432,3914.229744
695.712005,432,3915.747371
721.120453,432,3917.228349
418.207275,432,3918.724994
783.215074,432,3920.3414
522.793566,432,3921.929106
753.24998,432,3923.421685
719.778193,432,3924.90383
707.152306,432,3926.387516
741.066873,432,3927.853927
455.501267,432,3929.347734
718.19924,432,3930.803501
705.585157,432,3932.292248
592.12054,432,3933.802831
724.945459,432,3935.270451
731.024754,432,3936.729333
663.065415,432,3938.189297
649.750084,432,3940.042292
744.263284,432,3941.614249
465.245296,432,3943.097143
697.876839,432,3944.563758
702.827053,432,3946.035292
695.605721,432,3947.536374
706.744531,432,3949.00221
527.303381,432,3950.480049
711.794529,432,3951.951856
748.098716,432,3953.412388
528.225679,432,3954.902586
750.380029,432,3956.376374
477.653986,432,3957.85776
723.068692,432,3959.34602
529.714269,432,3960.803773
693.457794,432,3962.293882
676.099164,432,3964.076927
672.055582,432,3965.655986
648.872803,432,3967.136432
737.65157,432,3968.612819
625.353566,432,3970.087235
718.329311,432,3971.577633
590.716186,432,3973.042987
682.722284,432,3974.524712
643.5186,432,3976.00412
699.456051,432,3977.524238
599.211605,432,3978.955348
741.873776,432,3980.414302
667.485941,432,3981.893342
703.755698,432,3983.357897
599.759473,432,3984.839154
684.012726,432,3986.312092
740.729829,432,3987.937453
720.643765,432,3989.604569
751.58818,432,3991.0742
607.538115,432,3992.554986
664.706546,432,3994.033316
744.69287,432,3995.530101
742.696618,432,3996.728838
639.369992,432,3997.44609
762.371195,432,3998.195169
543.525652,432,3998.948215
760.249401,432,3999.741869
690.37089,432,4001.365981
572.42727,432,4002.839477
738.307636,432,4004.326802
613.908043,432,4005.795498
765.477004,432,4007.280961
698.05147,432,4008.770822
687.253082,432,4010.276573
724.869352,432,4011.74207
689.086002,432,4013.188895
741.756899,432,4014.652002
446.214778,432,4016.530977
716.47554,432,4018.07338
633.656092,432,4019.525158
687.861671,432,4020.993369
726.390526,432,4022.468829
723.453317,432,4023.963426
554.778515,432,4025.426341
724.091584,432,4026.898372
576.134837,432,4028.397623
628.934185,432,4029.870929
739.25558,432,4031.404819
719.309947,432,4032.873915
707.866539,432,4034.379088
670.466657,432,4035.863574
693.878396,432,4037.365502
678.608985,432,4038.857495
682.981958,432,4040.628117
694.805008,432,4042.198881
673.956222,432,4043.696901
468.183732,432,4045.144373
539.098751,432,4046.653335
622.810342,432,4048.12062
684.783667,432,4049.576446
580.699665,432,4051.011508
696.484081,432,4052.488491
500.287422,432,4053.980348
697.907473,432,4055.456674
520.754558,432,4056.929581
680.284945,432,4058.437368
657.84765,432,4059.918897
725.708486,432,4061.429987
685.318723,432,4062.906482
699.084142,432,4064.395082
602.087895,432,4065.858551
533.996713,432,4067.333405
615.077526,432,4068.829516
506.893333,432,4070.569156
565.663636,432,4072.153825
626.235183,432,4073.629591
666.134833,432,4075.106195
728.245722,432,4076.607378
685.544515,432,4078.0749
522.761108,432,4079.543828
680.426954,432,4081.024118
759.998566,432,4082.52846
671.653536,432,4084.023712
556.593008,432,4085.490167
648.715959,432,4086.955757
697.897094,432,4088.430301
718.330502,432,4089.91904
728.852334,432,4091.421582
720.409821,432,4092.9062
608.768509,432,4094.380898
681.613296,432,4095.862908
667.138966,432,4097.356508
740.200729,432,4098.838661
704.118471,432,4100.671061
750.224705,432,4102.33745
658.87402,432,4103.913644
708.03068,432,4105.373755
711.083291,432,4106.887261
727.446578,432,4108.386109
716.114411,432,4109.846784
695.429389,432,4111.313168
719.26052,432,4112.805513
669.888453,432,4114.294132
743.01008,432,4115.779053
718.498169,432,4117.252926
649.735614,432,4118.99946
484.456928,432,4120.58338
656.993623,432,4122.080046
677.288278,432,4123.555284
588.51202,432,4125.057206
627.075159,432,4126.542483
739.541641,432,4128.021342
673.915444,432,4129.24316
712.519474,432,4129.993064
715.307805,432,4130.744218
772.876659,432,4131.502654
745.68854,432,4132.2563
631.063995,432,4133.891072
310.603139,432,4135.571485
-215.720342,432,4137.177623
491.04428,432,4138.689227
707.998358,432,4140.156466
716.351832,432,4141.640941
661.456526,432,4143.119918
718.727777,432,4144.591118
500.575629,432,4146.054456
523.22229,432,4147.52493
573.541501,432,4149.001304
677.507998,432,4150.480427
562.341117,432,4151.941729
624.481327,432,4153.447211
722.941307,432,4154.922181
564.250133,432,4156.410317
11.147134,432,4157.900203
652.685401,432,4159.734536
736.034243,432,4161.312775
651.360433,432,4162.787398
631.389756,432,4164.247517
638.697165,432,4165.719244
744.358257,432,4167.202436
707.221475,432,4168.675235
692.834741,432,4170.157081
741.16788,432,4171.663359
738.903893,432,4173.145462
735.402159,432,4174.619244
665.230038,432,4176.104394
525.962323,432,4177.603191
707.973493,432,4179.072703
594.104922,432,4180.545022
757.361118,432,4182.007353
716.127749,432,4183.780813
685.861303,432,4185.386062
698.582211,432,4186.877203
712.601501,432,4188.346416
633.346377,432,4189.81503
656.23259,432,4191.312234
577.977469,432,4192.779062
705.086108,432,4194.239544
712.720591,432,4195.712141
535.996571,432,4197.170542
594.52973,432,4198.671085
621.228611,432,4200.125961
579.665797,432,4201.604571
646.681583,432,4203.080336
636.629552,432,4204.552563
712.66176,432,4206.063968
672.465042,432,4207.819596
454.593688,432,4209.421807
739.40129,432,4210.866889
602.115074,432,4212.323953
663.634868,432,4213.832119
684.692415,432,4215.307515
675.221305,432,4216.758798
656.073815,432,4218.246855
515.751506,432,4219.736558
618.900941,432,4221.211478
536.207943,432,4222.677914
614.898607,432,4224.146163
686.312224,432,4225.690882
654.516038,432,4227.306858
730.429007,432,4228.787742
664.821808,432,4230.320355
633.863445,432,4232.225861
646.328189,432,4233.773279
698.470043,432,4235.252321
720.373542,432,4236.755976
686.153185,432,4238.230896
585.276219,432,4239.680266
618.32529,432,4241.129847
720.34342,432,4242.599105
673.111514,432,4244.097071
535.726733,432,4245.557698
663.008144,432,4247.023469
545.522518,432,4248.497189
639.878581,432,4249.995831
645.738257,432,4251.513076
584.17832,432,4252.989411
680.744926,432,4254.456056
526.038951,432,4256.21497
713.197714,432,4257.819551
727.199446,432,4259.32111
590.825437,432,4260.790848
715.864535,432,4261.997299
777.757136,432,4262.740295
727.054027,432,4263.508034
657.968581,432,4264.279402
551.355487,432,4265.061018
612.323663,432,4266.677145
730.070844,432,4268.183915
665.832529,432,4269.66038
657.87457,432,4271.116196
643.712609,432,4272.903357
585.217291,432,4274.497794
712.115837,432,4276.025102
511.455335,432,4277.515922
673.401909,432,4279.010381
719.921145,432,4280.463469
725.70748,432,4281.922852
592.918719,432,4283.437681
722.481866,432,4285.059334
706.106282,432,4286.603527
689.490571,432,4288.063715
638.458684,432,4289.537702
662.891487,432,4291.455309
713.94125,432,4292.942097
597.178416,432,4294.432794
637.125835,432,4295.909176
709.599971,432,4297.372132
725.817559,432,4298.869583
667.855321,432,4300.337865
602.92787,432,4301.79383
690.291256,432,4303.280143
730.453489,432,4304.769042
671.53745,432,4306.265717
690.051761,432,4307.745434
732.401538,432,4309.477151
668.861358,432,4311.063817
683.258676,432,4312.517181
700.947383,432,4313.977921
688.358608,432,4315.456025
659.581335,432,4316.919003
747.723667,432,4318.376238
773.549225,432,4319.823005
670.630656,432,4321.319473
637.41212,432,4322.807085
723.598554,432,4324.280369
694.756191,432,4325.747064
715.934058,432,4327.490324
568.485379,432,4329.096372
687.581563,432,4330.573619
683.741699,432,4332.094925
775.74449,432,4333.586339
728.593326,432,4335.049337
592.451474,432,4336.55372
731.124046,432,4338.047812
702.864606,432,4339.560491
750.209237,432,4341.013824
471.261465,432,4342.500785
742.168377,432,4344.013328
654.762688,432,4345.737572
697.900258,432,4347.361023
655.21406,432,4348.85829
721.908223,432,4350.336525
603.777246,432,4351.859019
607.494715,432,4353.346329
733.145107,432,4354.811101
717.115957,432,4356.275489
736.829096,432,4357.769929
733.912536,432,4359.239635
737.560657,432,4360.719519
660.742409,432,4362.197767
735.690096,432,4364.025297
719.377,432,4365.61767
674.190053,432,4367.092432
683.586828,432,4368.556723
648.518444,432,4370.040018
587.110973,432,4371.513659
618.825397,432,4372.985191
679.621352,432,4374.488029
755.353872,432,4375.977628
638.161049,432,4377.441576
702.007483,432,4378.905053
668.507101,432,4380.371572
684.779187,432,4382.16892
678.986666,432,4383.741432
682.118397,432,4385.227734
623.550667,432,4386.709513
672.190787,432,4388.195193
723.636804,432,4389.678244
602.443351,432,4391.132477
678.219729,432,4392.60672
742.020795,432,4394.093366
770.677547,432,4395.325018
768.342882,432,4396.042856
704.216872,432,4396.802961
755.216001,432,4397.57414
730.557021,432,4398.360801
441.830051,432,4400.358046
587.961603,432,4401.879427
442.293158,432,4403.328003
731.172389,432,4404.824854
685.612507,432,4406.306549
590.628569,432,4407.764677
672.264114,432,4409.213812
697.078976,432,4410.680452
743.547145,432,4412.152812
749.632969,432,4413.638721
663.797251,432,4415.108788
713.932549,432,4416.870843
655.001598,432,4418.443637
613.52612,432,4419.914998
673.846051,432,4421.42004
696.261422,432,4422.908021
673.005394,432,4424.376574
700.419,432,4425.829399
532.253289,432,4427.304366
641.996783,432,4428.798003
711.643493,432,4430.278809
688.257678,432,4431.728035
697.855888,432,4433.19586
730.646046,432,4434.97596
725.184964,432,4436.577921
644.380364,432,4438.041834
632.071476,432,4439.49649
639.144385,432,4440.975369
702.786537,432,4442.445894
712.180596,432,4443.925625
654.482597,432,4445.391809
551.991433,432,4446.894609
721.936795,432,4448.347175
690.295425,432,4449.814911
572.979706,432,4451.306317
753.34793,432,4453.128701
575.829591,432,4454.662845
634.496817,432,4456.152612
610.398801,432,4457.635846
704.337042,432,4459.140257
543.278161,432,4460.613803
668.438582,432,4462.081284
403.319426,432,4463.53271
666.001858,432,4465.046514
554.493707,432,4466.638494
687.712421,432,4468.172246
598.912414,432,4469.644032
698.913424,432,4471.128063
678.731349,432,4472.588739
675.398067,432,4474.053353
596.593561,432,4475.522361
736.825331,432,4477.307379
699.621549,432,4478.865147
604.171438,432,4480.34218
676.487414,432,4481.82124
724.857545,432,4483.307121
696.415682,432,4484.805044
664.088178,432,4486.247672
644.19284,432,4487.71262
681.266321,432,4489.188721
721.30877,432,4490.645812
587.014895,432,4492.126779
694.349179,432,4493.580781
741.810672,432,4495.307197
668.637791,432,4496.920203
729.944014,432,4498.39142
562.59193,432,4499.827803
576.845469,432,4501.300372
525.201645,432,4502.775528
690.216156,432,4504.255384
724.020538,432,4505.733808
756.831106,432,4507.203175
660.534264,432,4508.63204
718.336604,432,4510.100916
646.77658,432,4511.592411
700.635542,432,4513.356889
495.219154,432,4514.928148
638.369897,432,4516.395037
698.153858,432,4517.869819
735.536403,432,4519.370031
667.185018,432,4520.841645
720.65125,432,4522.278514
684.777646,432,4523.746457
727.086995,432,4525.224526
690.420357,432,4526.708456
720.866527,432,4527.88849
721.210842,432,4528.616225
664.987544,432,4529.368654
759.8452,432,4530.126106
737.79533,432,4530.881994
681.894645,432,4532.779049
678.555082,432,4534.277331
651.384632,432,4535.779309
742.84263,432,4537.252756
674.221326,432,4538.711055
720.568656,432,4540.179851
521.218783,432,4541.646204
597.422817,432,4543.157398
685.57876,432,4544.639903
687.277824,432,4546.1049
715.658209,432,4547.831088
740.653794,432,4549.396425
545.097155,432,4550.877523
703.242564,432,4552.357535
703.717927,432,4553.844211
660.711918,432,4555.279039
679.659564,432,4556.782812
695.338692,432,4558.271431
637.759969,432,4559.780822
573.744366,432,4561.244311
624.052009,432,4562.729434
612.4249,432,4564.205895
638.631544,432,4565.931173
707.532098,432,4567.488271
721.809919,432,4568.926938
695.074315,432,4570.395171
583.21508,432,4571.863827
728.896444,432,4573.354954
656.775318,432,4574.815184
644.662966,432,4576.295762
710.707486,432,4577.814911
720.269976,432,4579.285717
672.786792,432,4580.779732
729.465565,432,4582.244417
668.133964,432,4584.01142
720.288477,432,4585.5802
637.904569,432,4587.05619
717.227039,432,4588.538112
712.973746,432,4590.010883
736.48146,432,4591.460925
647.095385,432,4592.914019
564.407331,432,4594.39544
517.439395,432,4595.920901
595.24268,432,4597.375008
594.519742,432,4598.843653
703.136861,432,4600.311544
671.657435,432,4602.103512
754.821374,432,4603.664501
704.856825,432,4605.141613
532.825574,432,4606.611344
740.741477,432,4608.105042
722.978972,432,4609.586694
607.860954,432,4611.069861
713.739605,432,4612.541261
746.171325,432,4614.03115
694.695436,432,4615.49516
721.999922,432,4616.973345
650.378294,432,4618.438702
741.009782,432,4620.187505
715.562524,432,4621.809533
737.132352,432,4623.271604
675.929014,432,4624.742163
659.952356,432,4626.246429
716.435049,432,4627.711502
662.586618,432,4629.170371
723.145535,432,4630.644015
618.16928,432,4632.187854
478.471046,432,4633.675634
706.020168,432,4635.159773
732.268035,432,4636.628836
696.24076,432,4638.427285
599.096003,432,4639.999737
648.821652,432,4641.491473
711.514124,432,4642.967571
727.270825,432,4644.448371
567.68815,432,4645.945603
623.580653,432,4647.506877
725.962794,432,4649.03171
739.04013,432,4650.488344
666.802085,432,4651.96101
566.626836,432,4653.412222
580.435884,432,4654.859573
667.72797,432,4656.559783
688.552602,432,4658.167217
729.844572,432,4659.627768
766.876283,432,4660.82192
747.810342,432,4661.554074
698.237126,432,4662.279344
736.747372,432,4663.02219
726.203569,432,4663.75894
676.822262,432,4665.386501
681.376313,432,4666.886255
727.188715,432,4668.389162
727.141853,432,4669.847679
688.056071,432,4671.317371
709.068078,432,4673.105874
512.833012,432,4674.704479
758.068457,432,4676.206191
679.176289,432,4677.660597
589.659868,432,4679.154668
720.700934,432,4680.642904
723.853139,432,4682.120095
683.222812,432,4683.610324
701.459685,432,4685.080085
678.805476,432,4686.550929
703.551784,432,4688.054806
731.511485,432,4689.523471
735.9186,432,4691.297496
725.832869,432,4692.89851
692.640405,432,4694.369719
734.528168,432,4695.836834
568.558703,432,4697.362362
639.678181,432,4698.844352
569.108191,432,4700.319359
703.343912,432,4701.76757
758.773791,432,4703.250998
704.903729,432,4704.706345
746.209712,432,4706.14742
699.388083,432,4707.598054
619.815407,432,4709.431798
501.973069,432,4710.980531
697.770031,432,4712.444028
534.845194,432,4713.929751
750.512733,432,4715.413099
603.54188,432,4716.900664
594.184168,432,4718.376828
701.827994,432,4719.844811
737.992176,432,4721.309232
648.262923,432,4722.761667
680.20687,432,4724.283858
713.60928,432,4725.789348
564.862205,432,4727.724792
728.693045,432,4729.226118
716.079924,432,4730.691916
630.893896,432,4732.146191
636.84189,432,4733.627121
756.732179,432,4735.103009
707.433994,432,4736.561219
684.885129,432,4738.04306
711.265702,432,4739.530595
730.686763,432,4740.988423
684.659636,432,4742.458102
688.714437,432,4743.905174
699.584491,432,4745.384465
554.033617,432,4746.84204
680.961294,432,4748.331557
716.994788,432,4749.803465
620.730864,432,4751.656202
591.30853,432,4753.205001
709.039123,432,4754.697259
664.595004,432,4756.18853
709.405942,432,4757.707471
670.454813,432,4759.190198
734.290746,432,4760.667215
714.642367,432,4762.136786
551.648582,432,4763.60523
596.760357,432,4765.082642
676.625366,432,4766.528471
683.437687,432,4768.004236
628.965237,432,4769.809205
501.021338,432,4771.442566
613.014197,432,4772.910673
702.061864,432,4774.39131
726.347108,432,4775.877919
666.859093,432,4777.356084
748.025118,432,4778.814472
724.105555,432,4780.259258
712.832882,432,4781.723963
605.312673,432,4783.214607
694.274768,432,4784.669552
686.961082,432,4786.1364
637.079126,432,4787.894171
659.694396,432,4789.493593
544.731042,432,4790.987641
616.899858,432,4792.448012
737.407299,432,4793.675944
594.883416,432,4794.412534
697.88044,432,4795.160068
712.366559,432,4795.888974
652.644892,432,4796.629466
726.618758,432,4798.225946
682.951873,432,4799.721629
669.105312,432,4801.195192
682.14672,432,4802.703332
717.192794,432,4804.576979
736.350296,432,4806.114378
680.351635,432,4807.592868
733.853261,432,4809.060027
722.388542,432,4810.574652
727.080341,432,4812.025405
512.594933,432,4813.495133
759.483603,432,4814.947426
707.917004,432,4816.43829
663.494428,432,4817.983854
493.601454,432,4819.461285
748.757467,432,4820.928027
656.739917,432,4822.63075
746.866924,432,4824.226021
643.825929,432,4825.698865
717.298551,432,4827.157948
688.296252,432,4828.71029
709.490326,432,4830.287784
682.865648,432,4831.792179
702.098746,432,4833.257979
705.007121,432,4834.753979
688.953249,432,4836.210952
699.127241,432,4837.687533
723.210018,432,4839.153231
709.136833,432,4840.927336
683.092298,432,4842.504658
718.488288,432,4843.979175
534.608385,432,4845.434209
689.86728,432,4846.917813
666.706117,432,4848.396227
709.9872,432,4849.858738
674.504357,432,4851.327075
686.579708,432,4852.804091
746.727208,432,4854.273968
695.047827,432,4855.749477
708.215404,432,4857.224749
732.104917,432,4859.088959
640.869106,432,4860.627731
698.898086,432,4862.071914
674.055373,432,4863.548001
752.293403,432,4865.016179
745.034732,432,4866.478348
652.305283,432,4867.934039
707.862077,432,4869.376456
499.530095,432,4870.88837
494.227507,432,4872.366921
669.241479,432,4873.778272
732.19158,432,4875.09441
658.690144,432,4876.49057
653.517988,432,4878.272238
702.378178,432,4879.750886
551.989157,432,4881.21511
728.094572,432,4882.697608
671.399912,432,4884.158689
704.401881,432,4885.653349
691.32124,432,4887.124186
664.089862,432,4888.622004
738.225802,432,4890.095154
664.927348,432,4891.54392
686.128777,432,4893.027545
563.371524,432,4894.830219
633.532824,432,4896.436421
475.274214,432,4897.914589
702.403087,432,4899.363687
681.728538,432,4900.874316
662.631503,432,4902.358368
689.216754,432,4903.828654
653.142209,432,4905.28942
723.293641,432,4906.755541
704.460338,432,4908.237653
700.688237,432,4909.709961
718.86658,432,4911.173291
673.05525,432,4912.904113
720.822453,432,4914.50661
725.436175,432,4916.079536
576.232611,432,4917.689897
585.086011,432,4919.212449
731.762592,432,4920.698188
669.40173,432,4922.16802
700.469235,432,4923.697366
673.837938,432,4925.205771
741.272508,432,4926.379814
690.762491,432,4927.081746
767.831889,432,4927.813176
757.681516,432,4928.542762
731.152772,432,4929.291967
718.331815,432,4931.2723
683.746553,432,4932.862225
692.793316,432,4934.338746
676.580752,432,4935.829338
664.632867,432,4937.322935
687.779203,432,4938.828879
752.594161,432,4940.346613
578.086715,432,4941.822777
600.27962,432,4943.297309
691.9092,432,4944.762304
493.236823,432,4946.23304
564.831136,432,4947.989068
711.042291,432,4949.564407
702.636748,432,4951.038669
669.413675,432,4952.519895
614.303017,432,4954.027696
701.290548,432,4955.524309
676.133322,432,4956.988564
764.268399,432,4958.445323
741.419416,432,4959.937547
727.565473,432,4961.422894
394.063767,432,4962.888462
735.549565,432,4964.358097
691.750179,432,4966.050589
662.986129,432,4967.731107
765.892308,432,4969.236852
704.289032,432,4970.739866
710.812887,432,4972.225684
701.552543,432,4973.694911
686.972687,432,4975.14908
465.442977,432,4976.631188
675.105988,432,4978.139757
697.916467,432,4979.61136
686.527233,432,4981.060534
609.709013,432,4982.558262
624.408471,432,4984.27037
689.263887,432,4985.907411
683.10303,432,4987.357407
624.451505,432,4988.805735
747.741584,432,4990.293466
684.625388,432,4991.736693
659.436984,432,4993.215748
725.917696,432,4994.671823
679.399984,432,4996.171964
668.792231,432,4997.667373
758.490093,432,4999.169929
606.412951,432,5000.663344
736.752163,432,5002.513901
702.599816,432,5004.056329
596.582547,432,5005.520294
735.488656,432,5006.97149
618.773637,432,5008.464221
669.180355,432,5009.997061
729.312792,432,5011.577566
696.040269,432,5013.130375
664.779053,432,5014.594349
732.502058,432,5016.092059
590.045848,432,5017.558378
737.461663,432,5019.011662
674.679481,432,5020.498003
716.550674,432,5021.965618
537.738733,432,5023.46235
721.341223,432,5024.954024
684.855756,432,5026.687524
669.559271,432,5028.278794
754.956691,432,5029.753639
580.11751,432,5031.236992
729.848316,432,5032.729221
674.19034,432,5034.178228
594.670178,432,5035.627187
703.488433,432,5037.090561
298.584288,432,5038.598017
694.784062,432,5040.038909
601.806754,432,5041.514302
592.365534,432,5042.987311
-98.047411,432,5044.727274
684.131571,432,5046.374038
685.371403,432,5047.827293
712.125262,432,5049.280764
734.429177,432,5050.759216
746.388527,432,5052.237129
687.435031,432,5053.732641
707.774389,432,5055.205314
731.003065,432,5056.678522
759.35976,432,5058.179871
727.465873,432,5059.359333
777.623074,432,5060.071108
692.472518,432,5060.801458
708.362779,432,5061.528738
758.142244,432,5062.271313
661.636187,432,5064.327103
738.52964,432,5065.84324
673.134667,432,5067.323516
679.955092,432,5068.797344
581.35099,432,5070.280364
731.134766,432,5071.760279
716.229582,432,5073.230846
654.342809,432,5074.703841
688.744297,432,5076.147309
707.345774,432,5077.632455
678.868642,432,5079.424367
702.077518,432,5080.982334
685.569688,432,5082.446759
611.909736,432,5083.900592
717.91556,432,5085.391569
678.162406,432,5086.873947
720.766364,432,5088.343117
629.378315,432,5089.827887
641.55353,432,5091.30361
540.040141,432,5092.77234
758.578595,432,5094.261334
735.225326,432,5095.739071
702.459435,432,5097.472567
677.359824,432,5099.053283
697.854225,432,5100.50519
659.100323,432,5101.958736
729.285116,432,5103.444937
734.538097,432,5104.912432
686.09434,432,5106.403893
542.658144,432,5107.878822
745.410893,432,5109.356894
694.151448,432,5110.824749
693.294438,432,5112.282166
687.678593,432,5113.722266
678.997551,432,5115.60975
662.78717,432,5117.099578
532.402316,432,5118.565414
-18.875061,432,5120.032497
683.887355,432,5121.50156
753.883077,432,5122.961291
703.864838,432,5124.444994
694.642229,432,5125.920426
716.915732,432,5127.428089
749.672753,432,5128.907606
603.28114,432,5130.391041
461.264399,432,5131.857991
644.277439,432,5133.587038
680.008175,432,5135.197619
687.572162,432,5136.665702
701.621406,432,5138.158947
701.18781,432,5139.657038
700.004797,432,5141.128722
691.863426,432,5142.584889
751.590517,432,5144.05929
701.919315,432,5145.587578
629.047775,432,5147.059514
715.513444,432,5148.52361
659.141242,432,5149.991351
735.226928,432,5151.781662
698.972448,432,5153.375718
715.36702,432,5154.870868
649.685447,432,5156.333289
737.773056,432,5157.835035
730.675015,432,5159.296111
702.184246,432,5160.770644
726.135708,432,5162.225294
697.637914,432,5163.712193
758.549034,432,5165.195352
698.710851,432,5166.682183
628.726059,432,5168.140508
660.691641,432,5169.989723
661.601126,432,5171.529391
704.177764,432,5173.004045
721.176672,432,5174.479178
747.567079,432,5175.982726
519.556534,432,5177.445477
635.687153,432,5178.911302
649.463508,432,5180.375268
617.269687,432,5181.871086
656.288745,432,5183.382495
719.736556,432,5184.854696
739.888054,432,5186.327075
682.935065,432,5188.106371
700.119188,432,5189.679005
732.018592,432,5191.189036
809.26953,432,5192.539686
701.410431,432,5193.289629
483.522114,432,5194.092336
749.909239,432,5194.855725
756.290766,432,5195.648635
680.017685,432,5197.237837
671.842383,432,5198.73139
664.653991,432,5200.24595
687.61987,432,5201.692922
667.509241,432,5203.146643
718.989085,432,5204.661594
751.54763,432,5206.108442
601.672888,432,5207.613629
626.265013,432,5209.075893
739.768639,432,5210.862224
681.378402,432,5212.445421
729.858727,432,5213.912543
692.90065,432,5215.387729
655.726793,432,5216.842761
613.571407,432,5218.311036
719.462888,432,5219.761371
647.887444,432,5221.238739
715.770439,432,5222.739537
692.705827,432,5224.239539
699.196691,432,5225.690096
705.268031,432,5227.164878
595.977262,432,5228.934995
662.595067,432,5230.522926
699.154785,432,5232.025554
715.359948,432,5233.492215
656.878655,432,5234.980535
716.734553,432,5236.437078
707.356282,432,5237.908003
708.871612,432,5239.375354
689.446655,432,5240.856637
676.134426,432,5242.339222
571.591825,432,5243.807356
549.490107,432,5245.304711
718.187986,432,5247.022529
719.626075,432,5248.623115
625.964886,432,5250.100242
678.611996,432,5251.557438
742.733898,432,5253.055429
661.743288,432,5254.512961
773.160118,432,5255.980819
645.808554,432,5257.455757
761.153827,432,5258.932223
684.995929,432,5260.401997
674.326686,432,5261.844763
716.249565,432,5263.295211
710.389649,432,5265.056825
620.890839,432,5266.649371
699.042718,432,5268.12278
701.871815,432,5269.609188
694.010965,432,5271.094464
591.458138,432,5272.547142
665.429446,432,5273.992495
689.043202,432,5275.47263
755.094018,432,5276.962847
616.819898,432,5278.430839
677.942074,432,5279.893617
710.812954,432,5281.364595
717.031076,432,5283.223923
688.330761,432,5284.775756
698.537392,432,5286.245947
705.390114,432,5287.711583
664.596359,432,5289.193584
696.572184,432,5290.722927
686.850285,432,5292.18521
719.452302,432,5293.628595
741.970106,432,5295.096226
665.427153,432,5296.562916
749.434844,432,5298.063086
696.719011,432,5299.538138
744.024166,432,5301.209248
744.424599,432,5302.835089
610.864022,432,5304.294466
758.073054,432,5305.772688
292.556771,432,5307.252109
632.833872,432,5308.72846
690.673595,432,5310.209654
670.848512,432,5311.687018
666.429854,432,5313.196959
649.098397,432,5314.659031
661.991219,432,5316.114204
669.010188,432,5317.572388
709.403107,432,5319.308039
610.389907,432,5320.95847
622.921448,432,5322.439557
725.812644,432,5323.945713
633.222079,432,5325.187683
740.322652,432,5325.913669
760.422559,432,5326.654512
773.566224,432,5327.399063
694.114111,432,5328.141211
683.142781,432,5329.783069
666.620307,432,5331.259137
668.202476,432,5332.727558
610.117343,432,5334.19196
597.056248,432,5335.91297
650.835432,432,5337.552342
607.813949,432,5339.029557
658.235754,432,5340.479222
657.089613,432,5341.98162
624.933356,432,5343.450004
647.441111,432,5344.955151
713.95368,432,5346.446264
688.041658,432,5347.929134
728.683961,432,5349.392334
720.384765,432,5350.856427
711.364194,432,5352.359912
748.845135,432,5354.1337
767.167602,432,5355.714547
620.892628,432,5357.187074
712.918837,432,5358.639933
690.459718,432,5360.139309
710.262333,432,5361.592552
670.181357,432,5363.058936
730.682379,432,5364.516686
709.395779,432,5365.990863
679.132861,432,5367.462383
686.638679,432,5368.924485
712.768129,432,5370.392257
721.029003,432,5372.054671
721.427662,432,5373.728559
626.022429,432,5375.294097
702.480295,432,5376.778702
677.990183,432,5378.265799
695.964802,432,5379.745721
622.352912,432,5381.211206
692.025951,432,5382.685449
681.59818,432,5384.174743
528.006623,432,5385.64776
713.790647,432,5387.121315
572.951693,432,5388.582898
686.83167,432,5390.399151
700.326954,432,5391.942545
610.640708,432,5393.398808
647.350674,432,5394.867677
591.987629,432,5396.370822
577.110722,432,5397.822941
692.314983,432,5399.309473
561.069482,432,5400.782621
708.784226,432,5402.29884
702.852847,432,5403.764367
728.230042,432,5405.239592
747.038065,432,5406.710105
669.549205,432,5408.196213
475.377951,432,5409.693011
578.109931,432,5411.167907
661.265468,432,5412.638932
604.947991,432,5414.494575
690.67414,432,5416.04107
674.725471,432,5417.537681
747.093723,432,5419.013945
741.847395,432,5420.524961
686.951222,432,5421.978757
734.232296,432,5423.428437
553.892169,432,5424.905377
694.305718,432,5426.404193
623.905782,432,5427.892224
692.97947,432,5429.377985
643.971448,432,5430.844189
739.216657,432,5432.323725
650.316073,432,5433.754579
698.788415,432,5435.215736
660.740494,432,5436.694952
762.282075,432,5438.534952
740.8626,432,5440.105228
705.808537,432,5441.555931
698.916962,432,5443.022737
755.304972,432,5444.514081
632.101912,432,5446.012535
685.689367,432,5447.491378
682.381549,432,5448.971065
737.177965,432,5450.475515
572.080406,432,5451.948131
695.498214,432,5453.424186
573.754001,432,5454.878985
728.790369,432,5456.348269
773.61944,432,5457.538244
788.269205,432,5458.250261
748.991628,432,5458.964991
765.904921,432,5459.688678
738.208223,432,5460.415928
716.887725,432,5462.44718
617.38682,432,5463.94586
738.103863,432,5465.414922
693.96502,432,5466.911615
689.024942,432,5468.377573
712.617378,432,5469.814896
726.803228,432,5471.274838
553.604842,432,5472.754774
-125.690739,432,5474.223241
700.143511,432,5475.675123
604.995172,432,5477.145916
668.319287,432,5478.916555
697.040781,432,5480.471475
704.816346,432,5481.973225
607.51867,432,5483.425353
726.213753,432,5484.907578
661.349206,432,5486.365377
738.573294,432,5487.817009
741.013952,432,5489.304381
742.940171,432,5490.793092
681.204348,432,5492.264493
674.92524,432,5493.734028
666.383825,432,5495.2044
652.198688,432,5496.710075
683.068611,432,5498.176481
707.561836,432,5499.624779
740.668304,432,5501.081858
559.75721,432,5502.977865
746.651546,432,5504.538399
715.250642,432,5505.999492
728.620252,432,5507.464892
673.027417,432,5508.946775
700.578528,432,5510.443046
671.361407,432,5511.918542
661.008707,432,5513.362495
611.259209,432,5514.847003
726.086243,432,5516.298525
593.177836,432,5517.779254
569.476525,432,5519.239859
692.372535,432,5520.709902
700.144071,432,5522.179484
644.592079,432,5523.644963
365.871027,432,5525.127738
706.087717,432,5526.992281
653.371977,432,5528.541365
661.4425,432,5530.029241
726.65189,432,5531.535504
478.576689,432,5533.038019
698.990812,432,5534.523146
649.848521,432,5535.9963
648.877175,432,5537.473246
574.043794,432,5538.965336
513.568937,432,5540.412266
562.820928,432,5541.875543
745.260356,432,5543.3358
705.352418,432,5544.807946
708.135972,432,5546.272156
710.012788,432,5547.71674
617.304116,432,5549.221361
702.431635,432,5551.074147
631.934316,432,5552.594967
680.162569,432,5554.043243
605.375007,432,5555.628044
692.840049,432,5557.25798
681.101477,432,5558.731117
698.81003,432,5560.212105
686.470545,432,5561.694757
275.510825,432,5563.184618
688.13794,432,5564.662352
674.764824,432,5566.157337
688.486282,432,5567.629737
728.974361,432,5569.457416
741.915862,432,5571.021396
699.045447,432,5572.532478
759.511899,432,5573.995387
635.643696,432,5575.481516
583.482632,432,5576.958264
646.710788,432,5578.416492
653.000697,432,5579.897827
734.306895,432,5581.393712
719.569281,432,5582.865561
539.577044,432,5584.334223
724.594899,432,5585.78773
700.029066,432,5587.288677
633.070783,432,5588.759444
762.259942,432,5589.93306
766.407401,432,5590.661064
740.758021,432,5591.397446
777.161331,432,5592.15768
753.132371,432,5592.90782
614.087128,432,5594.855156
705.606303,432,5596.393857
676.292832,432,5597.900852
720.596043,432,5599.365088
513.240062,432,5600.837672
730.467706,432,5602.310603
744.163184,432,5603.821882
704.344099,432,5605.293404
679.762973,432,5606.766047
708.751073,432,5608.247654
696.132147,432,5609.744771
675.153636,432,5611.226549
499.200332,432,5612.709802
621.905168,432,5614.179801
588.221014,432,5616.022468
658.407218,432,5617.546893
655.115961,432,5619.023416
652.428293,432,5620.491438
664.498876,432,5621.962626
705.802771,432,5623.448797
751.653456,432,5624.906459
640.258351,432,5626.404486
742.0515,432,5627.877395
672.084072,432,5629.328441
706.840442,432,5630.80661
717.200883,432,5632.271888
607.855622,432,5633.784161
531.019245,432,5635.246131
620.074661,432,5636.726392
610.129365,432,5638.195903
693.356705,432,5640.021419
-70.760933,432,5641.616404
739.876338,432,5643.078666
718.941927,432,5644.532134
628.252064,432,5646.016488
48.69472,432,5647.464035
667.509843,432,5648.938698
619.123435,432,5650.411561
630.970864,432,5651.879041
694.669893,432,5653.340388
705.812248,432,5654.819031
654.242441,432,5656.304845
542.639574,432,5657.805364
720.602723,432,5659.276138
650.697128,432,5660.715616
392.430374,432,5662.166981
469.592004,432,5664.051764
693.842329,432,5665.579763
716.100865,432,5667.062255
698.484208,432,5668.538168
664.163857,432,5670.030604
748.963403,432,5671.494025
696.85491,432,5672.951412
458.32177,432,5674.398041
685.720379,432,5675.888643
695.656295,432,5677.392101
716.698088,432,5678.89016
688.727383,432,5680.350939
741.460365,432,5681.82847
700.207463,432,5683.294929
696.050386,432,5684.746818
616.444555,432,5686.240015
115.144146,432,5688.115915
664.158062,432,5689.659224
520.880212,432,5691.149313
693.52109,432,5692.626658
717.927098,432,5694.164953
722.365665,432,5695.647136
733.742279,432,5697.113198
570.436289,432,5698.599916
688.834401,432,5700.11633
537.461406,432,5701.638406
674.861337,432,5703.138179
742.515896,432,5704.617001
722.866973,432,5706.119012
684.123198,432,5707.582731
684.104042,432,5709.060215
703.135424,432,5710.542645
741.849176,432,5712.416901
684.398819,432,5713.95004
695.222848,432,5715.438629
692.551029,432,5716.922732
685.147093,432,5718.460539
727.861146,432,5719.966694
686.541699,432,5721.431458
731.069994,432,5722.664438
752.160206,432,5723.409975
779.704303,432,5724.148406
770.370519,432,5724.889333
732.278642,432,5725.715842
570.749057,432,5727.327101
548.951539,432,5728.824555
598.149286,432,5730.312233
708.52798,432,5731.781117
744.137978,432,5733.295783
763.115721,432,5735.12687
741.528374,432,5736.732794
346.24819,432,5738.347119
693.021758,432,5739.889452
591.807837,432,5741.402223
688.803532,432,5742.868593
677.122879,432,5744.354739
737.085011,432,5745.829341
361.390818,432,5747.30556
24.703291,432,5748.793832
745.979833,432,5750.293026
653.69825,432,5751.775992
682.147888,432,5753.272125
573.507745,432,5754.755188
743.955698,432,5756.250452
678.2016,432,5757.747249
525.250731,432,5759.618119
718.147946,432,5761.129372
724.24,432,5762.614674
722.871012,432,5764.090996
757.612528,432,5765.583106
751.625246,432,5767.068023
749.761003,432,5768.56496
683.746384,432,5770.064157
672.272699,432,5771.583619
722.399674,432,5773.078106
742.739888,432,5774.560147
722.036199,432,5776.053198
504.176096,432,5777.590491
