,mean_episode_rewards,std_episode_rewards,episodes,Q_values_policy,Q_values_target,steps,action_randomness
0,-2.0773686421962108,1.3458623573412842,0,1.2901746034622192,0.5857652425765991,288.0,0.9513888888888888
1,-1.8206686577512268,1.5258462510059723,1,0.9394042491912842,0.34794116020202637,288.0,0.9618055555555556
2,-1.3320743135601236,1.762278007176467,2,1.057610273361206,0.32101041078567505,288.0,0.9652777777777778
3,-1.3610718886775073,1.7637647364321876,3,1.209649920463562,0.4319685399532318,288.0,0.9583333333333334
4,-1.7594166519607315,1.5411003859291466,4,1.3255062103271484,0.5493140816688538,288.0,0.9548611111111112
5,-1.9754958020742381,1.4975358904708507,5,1.2967989444732666,0.6338372230529785,288.0,0.9513888888888888
6,-1.428269665894533,1.7608621307257413,6,1.3852417469024658,0.7073097229003906,288.0,0.9444444444444444
7,-1.687396374822664,1.5399968801458375,7,1.548127293586731,0.8818353414535522,288.0,0.9375
8,-1.4212555030000962,1.6982667180440203,8,1.6379446983337402,0.9637872576713562,288.0,0.9409722222222222
9,-1.422227196044607,1.6707341807143907,9,1.8521826267242432,1.1561590433120728,288.0,0.9409722222222222
10,-1.5578603316853217,1.5826857115725856,10,1.95704984664917,1.299934983253479,288.0,0.9375
11,-1.5343716204123372,1.701985793396681,11,2.0464725494384766,1.4022526741027832,288.0,0.9583333333333334
12,-1.9452011241877902,1.4463133520072715,12,2.3165066242218018,1.6022412776947021,288.0,0.9652777777777778
13,-1.2709826575497511,1.79148003458528,13,2.5056960582733154,1.7678031921386719,288.0,0.9652777777777778
14,-1.7454142416138816,1.4625473941556293,14,2.465796947479248,1.8572204113006592,288.0,0.9409722222222222
15,-1.4923280173863225,1.7997544164417154,15,2.873971462249756,2.131378650665283,288.0,0.9513888888888888
16,-1.7537138739317841,1.5896673735636064,16,2.9585142135620117,2.255746364593506,288.0,0.9236111111111112
17,-1.8682287374443232,1.6167540801416227,17,2.958049774169922,2.3078644275665283,288.0,0.9479166666666666
18,-1.2198558397531065,1.8061746987308358,18,3.2951371669769287,2.59684157371521,288.0,0.9409722222222222
19,-1.4835110066567962,1.7167421331234363,19,3.37121319770813,2.7635011672973633,288.0,0.9166666666666666
20,-1.3625632532677754,1.7577185747035204,20,3.5680809020996094,2.889575481414795,288.0,0.9340277777777778
21,-1.7328276206739313,1.5956496349235934,21,3.964470624923706,3.2613823413848877,288.0,0.9236111111111112
22,-1.4450369156576244,1.701894629179378,22,3.8938980102539062,3.2783939838409424,288.0,0.9270833333333334
23,-1.8345722924755445,1.433100483587084,23,4.020037651062012,3.397657871246338,288.0,0.8993055555555556
24,-1.3656761373160513,1.6578956566521466,24,4.295478343963623,3.600177049636841,288.0,0.8923611111111112
25,-1.0326966074595036,1.8409491549532897,25,4.363039970397949,3.750530958175659,288.0,0.9201388888888888
26,-1.4975901971932406,1.6172238453803152,26,4.636987686157227,4.018659591674805,288.0,0.9270833333333334
27,-1.7139071697896762,1.464116710119886,27,4.868278503417969,4.238131046295166,288.0,0.9201388888888888
28,-1.5589978263747222,1.746105472106009,28,5.106841564178467,4.43281364440918,288.0,0.9270833333333334
29,-1.6690066287823069,1.5013140659767454,29,4.9119977951049805,4.402679920196533,288.0,0.9166666666666666
30,-1.4941398129102066,1.7539080518889332,30,5.285559177398682,4.679525852203369,288.0,0.9131944444444444
31,-1.662032728314458,1.6111475713825707,31,5.811399459838867,5.1392107009887695,288.0,0.8958333333333334
32,-1.2106114883231351,1.7846378280044033,32,5.9388227462768555,5.183791160583496,288.0,0.9375
33,-1.3626005890829591,1.760456223234984,33,5.877547264099121,5.216699123382568,288.0,0.9340277777777778
34,-2.0576697131963866,1.3718512298923025,34,6.026587963104248,5.396736145019531,288.0,0.9236111111111112
35,-1.400355864837276,1.8072848103520305,35,6.032310485839844,5.406433582305908,288.0,0.9305555555555556
36,-1.5883194003219607,1.5655445489424122,36,6.424468994140625,5.742950916290283,288.0,0.9097222222222222
37,-1.8763644363881804,1.5229825287257106,37,6.6689558029174805,6.0024638175964355,288.0,0.9340277777777778
38,-1.0118688514284857,1.8115863768495581,38,6.711977005004883,6.059874534606934,288.0,0.8784722222222222
39,-1.5212823266172757,1.7031984466857504,39,6.9351067543029785,6.219976902008057,288.0,0.9236111111111112
40,-1.4588138720372172,1.7716361047553697,40,7.1758222579956055,6.399073600769043,288.0,0.9097222222222222
41,-1.8076943204986127,1.5742790478501696,41,7.008232116699219,6.415828227996826,288.0,0.9340277777777778
42,-1.5043681859437943,1.5618712395795764,42,7.40846586227417,6.689664840698242,288.0,0.8958333333333334
43,-1.7362109014038083,1.5786712343893368,43,7.924620628356934,7.212768077850342,288.0,0.9201388888888888
44,-1.519143802302089,1.5663926920196705,44,8.000186920166016,7.279904365539551,288.0,0.9201388888888888
45,-1.172414730718556,1.8877407058991218,45,8.124297142028809,7.38082218170166,288.0,0.9305555555555556
46,-1.5589663516891916,1.6058807964659363,46,7.97283935546875,7.335263252258301,288.0,0.9201388888888888
47,-1.6163552600417082,1.648077701039847,47,8.530795097351074,7.855240345001221,288.0,0.875
48,-1.636598552113923,1.561887912717261,48,8.868133544921875,8.108370780944824,288.0,0.9270833333333334
49,-1.6744597617132622,1.4838058994380052,49,8.953594207763672,8.235607147216797,288.0,0.9201388888888888
50,-1.4192504351344235,1.7059193021793204,50,9.128877639770508,8.508787155151367,288.0,0.8819444444444444
51,-1.2874206172341778,1.8205919094548264,51,9.307282447814941,8.553315162658691,288.0,0.9236111111111112
52,-1.6100421421140914,1.6384534666415667,52,9.244803428649902,8.480255126953125,288.0,0.8958333333333334
53,-1.585944124933606,1.5339490347546092,53,9.522222518920898,8.873226165771484,288.0,0.9027777777777778
54,-1.621901403514202,1.6012546678932962,54,9.727904319763184,9.024658203125,288.0,0.9340277777777778
55,-1.418976529606062,1.7170821469647128,55,9.937129974365234,9.209772109985352,288.0,0.8784722222222222
56,-1.4597561462343445,1.6075309694265987,56,10.304023742675781,9.602537155151367,288.0,0.8611111111111112
57,-1.5643747960839636,1.578158749132389,57,10.536561965942383,9.80384635925293,288.0,0.8784722222222222
58,-1.7616443328428646,1.559285897862489,58,10.375253677368164,9.714536666870117,288.0,0.90625
59,-1.0021218861917853,1.9652821391840762,59,10.801959991455078,10.036678314208984,288.0,0.9236111111111112
60,-1.812730176923546,1.4810790051260436,60,11.233936309814453,10.489068984985352,288.0,0.8958333333333334
61,-1.6543780085889865,1.510812862179624,61,11.233880043029785,10.47391128540039,288.0,0.8888888888888888
62,-1.1358363098302793,1.8822960342669737,62,11.452437400817871,10.728992462158203,288.0,0.8645833333333334
63,-1.8041677358151351,1.4463431115011542,63,11.848478317260742,11.15848445892334,288.0,0.90625
64,-1.6958644374988825,1.5624134412270791,64,11.908197402954102,11.107650756835938,288.0,0.8854166666666666
65,-1.2287654780005175,1.7592601370014267,65,12.024754524230957,11.3192138671875,288.0,0.8784722222222222
66,-1.7912081752663498,1.509789723793428,66,12.559430122375488,11.75385856628418,288.0,0.8993055555555556
67,-1.3613753088642842,1.6914571646375312,67,12.623367309570312,11.843523025512695,288.0,0.90625
68,-1.5525337896856668,1.56633852565525,68,13.235135078430176,12.346748352050781,288.0,0.9097222222222222
69,-1.3654063482892784,1.772591264411335,69,12.930047035217285,12.1571044921875,288.0,0.9236111111111112
70,-1.5779733280914445,1.5852496827706624,70,13.311633110046387,12.53515911102295,288.0,0.8993055555555556
71,-1.1898425423062278,1.9042809711042867,71,13.678547859191895,12.792759895324707,288.0,0.8888888888888888
72,-1.165571696154038,1.7847564102396998,72,14.262133598327637,13.443207740783691,288.0,0.8715277777777778
73,-1.6498400976956333,1.5654363457054083,73,13.793022155761719,12.983617782592773,288.0,0.9131944444444444
74,-1.6800108558702458,1.5957117171555197,74,14.354723930358887,13.426559448242188,288.0,0.8958333333333334
75,-1.5256734273261472,1.538845317096274,75,15.158150672912598,14.307764053344727,288.0,0.8645833333333334
76,-1.4471670979729563,1.8004233480606255,76,15.094127655029297,14.279346466064453,288.0,0.8888888888888888
77,-1.7123922046431659,1.5970766916831176,77,15.596070289611816,14.714162826538086,288.0,0.8888888888888888
78,-1.4229544128231455,1.712542787344306,78,16.157978057861328,15.190449714660645,288.0,0.8888888888888888
79,-1.432118504598345,1.6637389807639835,79,15.499127388000488,14.549219131469727,288.0,0.8645833333333334
80,-1.6693487563941063,1.6131344066293547,80,16.225635528564453,15.18508529663086,288.0,0.8819444444444444
81,-1.6118687571584536,1.6040161563632414,81,16.67615509033203,15.704940795898438,288.0,0.90625
82,-1.127076852396069,1.8115986883259196,82,16.426197052001953,15.433229446411133,288.0,0.8472222222222222
83,-1.5204367807725352,1.6990731995611734,83,17.164045333862305,16.12356185913086,288.0,0.8854166666666666
84,-1.4461753226861027,1.6155062243831828,84,17.87497329711914,16.749780654907227,288.0,0.8645833333333334
85,-1.7639993704995625,1.526754737483583,85,17.64327049255371,16.535615921020508,288.0,0.8611111111111112
86,-1.6073467146990692,1.575512687416674,86,17.849712371826172,16.675617218017578,288.0,0.8680555555555556
87,-1.3540172597831273,1.7228850372478761,87,18.76335906982422,17.52234649658203,288.0,0.8993055555555556
88,-1.4780542560105319,1.5629609907527853,88,18.990934371948242,17.765472412109375,288.0,0.8576388888888888
89,-0.9691111169748896,1.7886570198157121,89,19.041091918945312,17.739665985107422,288.0,0.8819444444444444
90,-1.0685566105187425,1.8517856277831337,90,19.40298080444336,18.070262908935547,288.0,0.875
91,-1.6591796870750166,1.489214779522427,91,19.875913619995117,18.537050247192383,288.0,0.8506944444444444
92,-1.0974037646615054,1.8478625597340945,92,20.40697479248047,19.154155731201172,288.0,0.8506944444444444
93,-1.2883113549039606,1.8435781347669755,93,20.762752532958984,19.44976043701172,288.0,0.8784722222222222
94,-1.1117026843461413,1.7383048541851087,94,20.650535583496094,19.31182098388672,288.0,0.8645833333333334
95,-1.745136823852399,1.3995570258966243,95,21.59177589416504,20.31922721862793,288.0,0.8576388888888888
96,-1.6023803823551788,1.5163168880194116,96,21.441856384277344,20.08871078491211,288.0,0.8680555555555556
97,-1.587842867443988,1.61295564411444,97,22.255550384521484,20.976211547851562,288.0,0.8715277777777778
98,-1.3637735342175432,1.6974657827244075,98,22.832632064819336,21.545541763305664,288.0,0.84375
99,-0.9079442486940223,1.768397084714721,99,22.42647933959961,21.218069076538086,288.0,0.8715277777777778
100,-1.1040113694723752,1.7863978274820798,100,23.055009841918945,21.7842960357666,288.0,0.8506944444444444
101,-1.0230844513380735,1.8783117110485057,101,24.135784149169922,22.772659301757812,288.0,0.8923611111111112
102,-1.4655710860938997,1.6665653856076068,102,24.3360595703125,22.940370559692383,288.0,0.8402777777777778
103,-1.5628153096902082,1.4225799816077305,103,24.526243209838867,23.17316436767578,288.0,0.8541666666666666
104,-1.607179886313474,1.4996922024067234,104,25.581424713134766,24.114856719970703,288.0,0.84375
105,-1.110514863142695,1.7025397691539477,105,24.956554412841797,23.572790145874023,288.0,0.8680555555555556
106,-1.37715284570957,1.739672816914217,106,25.419109344482422,24.05286979675293,288.0,0.8472222222222222
107,-1.27109506453741,1.813184958132751,107,26.628917694091797,25.33103370666504,288.0,0.8333333333333334
108,-1.6717054192916865,1.4901431690697502,108,27.162614822387695,25.679203033447266,288.0,0.8819444444444444
109,-1.6634897964742195,1.5012511228991134,109,26.781869888305664,25.394887924194336,288.0,0.84375
110,-1.5894014425850063,1.5256909229347737,110,27.702289581298828,26.231735229492188,288.0,0.8819444444444444
111,-0.9861002488920094,1.788483855308558,111,28.269054412841797,26.757287979125977,288.0,0.8576388888888888
112,-1.4770324747013788,1.6483610368093158,112,28.809194564819336,27.308204650878906,288.0,0.8402777777777778
113,-1.5401825776129976,1.5610424308874182,113,28.847768783569336,27.315814971923828,288.0,0.8645833333333334
114,-1.1951905826158848,1.7499402366122634,114,29.077316284179688,27.577571868896484,288.0,0.8576388888888888
115,-1.2388005477809958,1.754034897036598,115,30.260601043701172,28.613937377929688,288.0,0.8298611111111112
116,-1.3635534006071817,1.601054748835853,116,30.401866912841797,28.86263656616211,288.0,0.8680555555555556
117,-1.3132165439174437,1.5930481145141697,117,30.59181785583496,29.00980567932129,288.0,0.7951388888888888
118,-1.5361545288710268,1.5167763685228615,118,31.394794464111328,29.92818832397461,288.0,0.8298611111111112
119,-0.9849483172137808,1.801494294950836,119,31.455524444580078,29.905338287353516,288.0,0.8888888888888888
120,-1.1792931001668094,1.804705450706181,120,32.4844856262207,30.960229873657227,288.0,0.8611111111111112
121,-1.6851738445826672,1.5068530509857847,121,31.864917755126953,30.381370544433594,288.0,0.875
122,-1.431920965856272,1.546994055763013,122,32.984004974365234,31.477703094482422,288.0,0.8020833333333334
123,-1.3502920194695638,1.6416640357233943,123,32.81109619140625,31.326162338256836,288.0,0.8125
124,-1.3674611704775306,1.599189636777889,124,33.28314971923828,31.754310607910156,288.0,0.8506944444444444
125,-1.5606871869177956,1.5218915281979812,125,34.04248809814453,32.56022644042969,288.0,0.8472222222222222
126,-1.3047939475080372,1.6275760012283094,126,34.55329132080078,32.99794006347656,288.0,0.8159722222222222
127,-1.5486194883417406,1.464080337362404,127,34.34785461425781,32.92156982421875,288.0,0.8090277777777778
128,-1.280663504204298,1.7673004203771316,128,35.6477165222168,34.13151168823242,288.0,0.8472222222222222
129,-1.2663554705234554,1.7258993227163961,129,35.12702178955078,33.661712646484375,288.0,0.8506944444444444
130,-1.0333867599877533,1.8081864310550133,130,35.735382080078125,34.23844528198242,288.0,0.8125
131,-1.6431833834248115,1.506075858266968,131,36.79569625854492,35.370887756347656,288.0,0.8472222222222222
132,-1.408247913148278,1.5673065760012967,132,36.492591857910156,34.91602325439453,288.0,0.8472222222222222
133,-1.3240607483125517,1.6056132988823966,133,37.76597595214844,36.1691780090332,288.0,0.8159722222222222
134,-1.4868739186705002,1.5069830491798728,134,38.225189208984375,36.71153259277344,288.0,0.8125
135,-1.4999337570011722,1.4848699917543517,135,38.20845031738281,36.77029800415039,288.0,0.8194444444444444
136,-1.462665101859478,1.528125131683426,136,38.538238525390625,37.022727966308594,288.0,0.8263888888888888
137,-1.049735279913433,1.6648075856126907,137,38.79566955566406,37.22071838378906,288.0,0.8229166666666666
138,-1.5891615769128058,1.5146477692651905,138,39.56364059448242,38.005523681640625,288.0,0.8368055555555556
139,-1.594318950530403,1.4886934431801104,139,40.29988098144531,38.78650665283203,288.0,0.8229166666666666
140,-1.3200735666957135,1.7252184137149211,140,40.72190856933594,39.12234878540039,288.0,0.8229166666666666
141,-1.5313804756746956,1.6065552754483436,141,41.316917419433594,39.744388580322266,288.0,0.8506944444444444
142,-1.359867750824949,1.662752378453344,142,40.911415100097656,39.43738555908203,288.0,0.8402777777777778
143,-1.3780043294774134,1.6575772476661768,143,41.060028076171875,39.51946258544922,288.0,0.8298611111111112
144,-1.3338412548789202,1.7359215310157483,144,41.85298156738281,40.29981231689453,288.0,0.8229166666666666
145,-1.3379334734107111,1.5744601446994075,145,42.877525329589844,41.312103271484375,288.0,0.7673611111111112
146,-1.318103753519007,1.637244272630279,146,43.510108947753906,42.03528594970703,288.0,0.7743055555555556
147,-0.9015345167276345,1.8527711911409053,147,43.82258605957031,42.24094772338867,288.0,0.8194444444444444
148,-1.1621719020909784,1.8001339983267233,148,43.643341064453125,42.113372802734375,288.0,0.8298611111111112
149,-1.0650112144782446,1.751463807328673,149,44.69032287597656,43.034751892089844,288.0,0.8125
150,-1.1568434826341831,1.7763635268207134,150,44.72150421142578,43.087276458740234,288.0,0.8368055555555556
151,-1.4627958658177418,1.4424963792269703,151,45.18218231201172,43.58136749267578,288.0,0.7951388888888888
152,-1.1530590890189567,1.5130851976951278,152,46.2028923034668,44.46843338012695,288.0,0.8194444444444444
153,-1.2176424559817205,1.7402585636447838,153,46.34954071044922,44.65917205810547,288.0,0.8263888888888888
154,-1.3625991230128223,1.642773170737535,154,47.06484603881836,45.37750244140625,288.0,0.8402777777777778
155,-1.2525686226944377,1.8670176789364532,155,47.947479248046875,46.192649841308594,288.0,0.8194444444444444
156,-1.2182406291205687,1.7876982747330121,156,48.15723419189453,46.39338302612305,288.0,0.8784722222222222
157,-1.4723896556401794,1.5354787577081637,157,48.08208465576172,46.35782241821289,288.0,0.8402777777777778
158,-1.4205245780876892,1.6570902966859544,158,49.27058410644531,47.595458984375,288.0,0.8368055555555556
159,-1.1196870084604231,1.8118079744630944,159,49.299537658691406,47.57979965209961,288.0,0.8263888888888888
160,-1.4081622955204658,1.6519496803479425,160,50.69066619873047,48.954994201660156,288.0,0.8125
161,-1.4927324815464311,1.5480195371818537,161,50.827476501464844,49.042781829833984,288.0,0.7916666666666666
162,-1.3793158459788697,1.7539220819241363,162,50.99742126464844,49.15216827392578,288.0,0.8090277777777778
163,-1.474861940671176,1.5730051890011516,163,50.35171127319336,48.57453155517578,288.0,0.8090277777777778
164,-1.5566567286960393,1.5080972616396284,164,51.785945892333984,49.967140197753906,288.0,0.8506944444444444
165,-1.2122738072760606,1.7708118630126506,165,49.717254638671875,47.87984848022461,288.0,0.7951388888888888
166,-1.5669443930466151,1.505120506797792,166,53.02132034301758,51.155487060546875,288.0,0.8263888888888888
167,-1.4493124409295315,1.5962842812129816,167,53.8559455871582,52.01161193847656,288.0,0.8020833333333334
168,-1.3104472162207987,1.6130968793524112,168,53.94647216796875,52.118804931640625,288.0,0.7881944444444444
169,-1.3982492491401273,1.6607794090643113,169,53.585140228271484,51.790321350097656,288.0,0.84375
170,-1.4431659927993143,1.519125580087704,170,55.3049430847168,53.43241882324219,288.0,0.8090277777777778
171,-1.2252379617681757,1.6481663132744566,171,56.274200439453125,54.3935546875,288.0,0.7847222222222222
172,-1.1948519784735414,1.7264065963466615,172,55.54331970214844,53.67848587036133,288.0,0.8055555555555556
173,-1.506065930572527,1.4953989389370295,173,57.30766677856445,55.458900451660156,288.0,0.7638888888888888
174,-1.1058224617245864,1.8032593569262565,174,57.115787506103516,55.230220794677734,288.0,0.8090277777777778
175,-1.4691009935743664,1.5724014592903222,175,58.88426208496094,56.95817565917969,288.0,0.8159722222222222
176,-1.004119571206317,1.7707624371593458,176,55.814903259277344,53.971763610839844,288.0,0.7430555555555556
177,-1.366946611291255,1.5378095355145038,177,58.19402313232422,56.314353942871094,288.0,0.8229166666666666
178,-1.4390246187682014,1.605075685209507,178,59.86992645263672,57.99263000488281,288.0,0.8159722222222222
179,-1.4465776657932983,1.588841487100414,179,58.20703887939453,56.36041259765625,288.0,0.8055555555555556
180,-1.3380899094021141,1.632238888545538,180,60.418067932128906,58.58697509765625,288.0,0.8229166666666666
181,-1.260558903371428,1.6641849340455697,181,61.12698745727539,59.32151794433594,288.0,0.7430555555555556
182,-1.5178720219814732,1.5464879422804374,182,61.4375114440918,59.61009979248047,288.0,0.7847222222222222
183,-1.166022360542723,1.6744591881101527,183,60.95050811767578,59.17160415649414,288.0,0.7604166666666666
184,-1.5121187856536882,1.66002306448557,184,62.18327331542969,60.430267333984375,288.0,0.8159722222222222
185,-1.3147910466390174,1.7339809647399747,185,60.9225959777832,59.25548553466797,288.0,0.7986111111111112
186,-1.5303407879145823,1.5178566876871415,186,64.14637756347656,62.41333770751953,288.0,0.7881944444444444
187,-1.3353834477493889,1.6653516983176948,187,62.803428649902344,61.162689208984375,288.0,0.7569444444444444
188,-1.0864787298455871,1.7651791324144355,188,64.8935775756836,63.25267028808594,288.0,0.7881944444444444
189,-1.2808282234011112,1.6655456702675133,189,63.710941314697266,62.12119674682617,288.0,0.7326388888888888
190,-1.638360398529163,1.5091692735353688,190,64.89610290527344,63.327571868896484,288.0,0.8159722222222222
191,-1.3661054626474283,1.709619312707221,191,66.34825897216797,64.79920959472656,288.0,0.7951388888888888
192,-1.6056785015461967,1.6226178442375845,192,65.74665832519531,64.22175598144531,288.0,0.7881944444444444
193,-1.4456340021491227,1.701951170778957,193,66.2685546875,64.76101684570312,288.0,0.7569444444444444
194,-1.4234532781139961,1.5547023651329692,194,67.3408203125,65.81238555908203,288.0,0.8229166666666666
195,-1.1997566690097645,1.3854006267661032,195,67.530029296875,66.06136322021484,288.0,0.7569444444444444
196,-1.3151313851354878,1.4579016926047577,196,69.05619049072266,67.57833862304688,288.0,0.7673611111111112
197,-1.6372760860352993,1.4962235212783574,197,68.7288589477539,67.22929382324219,288.0,0.7777777777777778
198,-1.3140525830800645,1.6617306906115004,198,69.00843811035156,67.52037048339844,288.0,0.7986111111111112
199,-0.9639717284724978,1.8451657248891085,199,67.98553466796875,66.54057312011719,288.0,0.75
200,-1.3840077235743686,1.7414462924706302,200,69.59234619140625,68.17243957519531,288.0,0.7847222222222222
201,-1.2001029111350212,1.663080726097452,201,70.84239959716797,69.43855285644531,288.0,0.7951388888888888
202,-1.2304343024141366,1.6975665825338504,202,69.69335174560547,68.31341552734375,288.0,0.8090277777777778
203,-1.4475334297310283,1.5733235506037004,203,68.74553680419922,67.3997573852539,288.0,0.7604166666666666
204,-1.175843446427521,1.812481553629371,204,71.86429595947266,70.50630187988281,288.0,0.7743055555555556
205,-1.3558117415128121,1.627017018235572,205,71.15310668945312,69.84669494628906,288.0,0.7673611111111112
206,-1.608177384569411,1.5043519715153866,206,71.28524017333984,70.001953125,288.0,0.7604166666666666
207,-1.2609484016859107,1.622608778131064,207,71.51290893554688,70.27481079101562,288.0,0.7326388888888888
208,-1.128432245076579,1.805596271493554,208,73.73224639892578,72.47962951660156,288.0,0.7847222222222222
209,-0.9418842088933788,1.7150890127805467,209,72.8896484375,71.67545318603516,288.0,0.7604166666666666
210,-1.0863211104076904,1.6742836684676365,210,72.60951232910156,71.43962097167969,288.0,0.7465277777777778
211,-1.2827419878686774,1.6507365103316038,211,74.14279174804688,72.97586059570312,288.0,0.7847222222222222
212,-1.4048598845560312,1.4997309899250186,212,72.62340545654297,71.49691772460938,288.0,0.7673611111111112
213,-1.3581199260624364,1.548758398580175,213,73.76652526855469,72.67105102539062,288.0,0.7534722222222222
214,-1.3119283857830382,1.5647200006980186,214,74.23664855957031,73.17147064208984,288.0,0.7430555555555556
215,-1.3175167175629996,1.7215247631097381,215,75.74022674560547,74.69012451171875,288.0,0.7534722222222222
216,-1.4096934160297427,1.6132635228797167,216,74.75271606445312,73.7408447265625,288.0,0.7430555555555556
217,-1.6917179710443644,1.455627486586555,217,74.93424224853516,73.92724609375,288.0,0.8194444444444444
218,-1.4297396328987444,1.6739655326223635,218,76.22796630859375,75.22370910644531,288.0,0.7638888888888888
219,-1.205168469644094,1.6098391005715187,219,74.66582489013672,73.69908142089844,288.0,0.7673611111111112
220,-1.301856590313532,1.56795931223149,220,72.88389587402344,71.97976684570312,288.0,0.7395833333333334
221,-1.236874735407322,1.6467958263910962,221,75.87153625488281,74.92877197265625,288.0,0.7916666666666666
222,-0.9579344143792995,1.8358602970113125,222,75.86058044433594,74.9571533203125,288.0,0.7673611111111112
223,-1.143987053328244,1.7349291937112181,223,73.75421905517578,72.88632202148438,288.0,0.7534722222222222
224,-1.1959495971815493,1.7332873542036047,224,74.11175537109375,73.27256774902344,288.0,0.7847222222222222
225,-1.1943351322388718,1.7698719486871348,225,77.87931823730469,76.9930191040039,288.0,0.7291666666666666
226,-1.1102136791423467,1.69570214664222,226,77.23799133300781,76.39828491210938,288.0,0.7395833333333334
227,-1.2342474508785815,1.81143810578014,227,77.79277801513672,76.95674133300781,288.0,0.7291666666666666
228,-1.280737552096023,1.6088699049842838,228,78.52787017822266,77.70936584472656,288.0,0.7777777777777778
229,-1.3352445963262234,1.6233733865761637,229,78.27265930175781,77.46586608886719,288.0,0.7361111111111112
230,-1.5594528529399292,1.5767905563636468,230,76.25666809082031,75.49061584472656,288.0,0.75
231,-1.1073854403226155,1.647894126417204,231,75.349609375,74.62848663330078,288.0,0.6875
232,-0.8931788251244888,1.7721105547541165,232,79.39276123046875,78.64718627929688,288.0,0.8125
233,-1.5443248364644828,1.539149766667225,233,79.0727310180664,78.35564422607422,288.0,0.7638888888888888
234,-1.1233690213090817,1.7067421362480064,234,77.61032104492188,76.92245483398438,288.0,0.7465277777777778
235,-1.5185073160526723,1.4602248185171698,235,79.35903930664062,78.68220520019531,288.0,0.7569444444444444
236,-1.3203524405434761,1.5907085406934978,236,76.177001953125,75.54096984863281,288.0,0.7881944444444444
237,-1.17787990200557,1.69077600549984,237,77.11686706542969,76.48486328125,288.0,0.7951388888888888
238,-1.2898921526407419,1.5650022108039592,238,79.7449722290039,79.12106323242188,288.0,0.7395833333333334
239,-1.141154544543993,1.7309535371268632,239,79.28153991699219,78.6634521484375,288.0,0.7708333333333334
240,-1.2285891045799586,1.6013241415108255,240,78.69181823730469,78.09866333007812,288.0,0.7638888888888888
241,-1.4353460403332545,1.540970273356591,241,79.8777847290039,79.29066467285156,288.0,0.7638888888888888
242,-1.2732204462614485,1.6312920205356738,242,76.78179931640625,76.22564697265625,288.0,0.7534722222222222
243,-1.2608582345787118,1.6943855284726597,243,78.66880798339844,78.11711120605469,288.0,0.75
244,-1.434660698258857,1.5436335046920904,244,79.99134826660156,79.44515228271484,288.0,0.8020833333333334
245,-0.9960852452615436,1.7751381503416312,245,81.57479858398438,81.04598999023438,288.0,0.7152777777777778
246,-1.1148637953023213,1.8062330617793032,246,80.88114929199219,80.3709945678711,288.0,0.71875
247,-1.3411397829537601,1.5884832785975198,247,77.24019622802734,76.77165222167969,288.0,0.7430555555555556
248,-1.1732419134713277,1.7265308614313832,248,80.05033874511719,79.58255004882812,288.0,0.7256944444444444
249,-1.2074365823483622,1.5555672862775844,249,80.85076904296875,80.37944030761719,288.0,0.6875
250,-1.1371365706013958,1.7087857416073247,250,80.6378173828125,80.17921447753906,288.0,0.75
251,-1.5275043105145747,1.5169461806813014,251,82.16712951660156,81.7204818725586,288.0,0.7743055555555556
252,-0.9609136223985941,1.784935629120888,252,80.68592834472656,80.25334167480469,288.0,0.7361111111111112
253,-1.2846037565115522,1.5769472618181368,253,82.307373046875,81.88743591308594,288.0,0.75
254,-1.2783027079391223,1.5750848078957504,254,81.46382141113281,81.06793212890625,288.0,0.7465277777777778
255,-1.330640729745689,1.5658724317527983,255,80.22547912597656,79.84635162353516,288.0,0.7604166666666666
256,-1.1281172497612921,1.5620765493944522,256,82.34388732910156,81.97296142578125,288.0,0.7256944444444444
257,-0.9157229301583116,1.642875439993563,257,80.39897155761719,80.03951263427734,288.0,0.7083333333333334
258,-1.0329595937516791,1.7530157422105825,258,81.0572509765625,80.70985412597656,288.0,0.7326388888888888
259,-1.0294907433657423,1.7329648506943212,259,82.21589660644531,81.87638854980469,288.0,0.7118055555555556
260,-1.1922696878434142,1.627530037390828,260,83.34187316894531,83.01416015625,288.0,0.7604166666666666
261,-1.3587667852058896,1.5900322310382053,261,80.83949279785156,80.53390502929688,288.0,0.7430555555555556
262,-1.1067063837241555,1.7477983356842046,262,81.9224624633789,81.6240234375,288.0,0.7222222222222222
263,-1.3503613832904577,1.5391547729106825,263,82.67009735107422,82.37861633300781,288.0,0.7465277777777778
264,-1.2776092938652577,1.5539513117547323,264,81.94720458984375,81.66813659667969,288.0,0.7361111111111112
265,-0.8124284228177118,1.7767672533271173,265,81.00621795654297,80.73542785644531,288.0,0.7361111111111112
266,-1.1852221783660168,1.7981285474618969,266,82.5302505493164,82.26229858398438,288.0,0.7048611111111112
267,-1.0908887934274563,1.762646452219663,267,83.52874755859375,83.262939453125,288.0,0.7291666666666666
268,-1.2585215668090128,1.6626345495216799,268,82.05592346191406,81.8048095703125,288.0,0.7256944444444444
269,-1.269818385733438,1.5378679325439093,269,83.46825408935547,83.22006225585938,288.0,0.6736111111111112
270,-1.2703060219011089,1.6804498438894997,270,83.45677185058594,83.22107696533203,288.0,0.7326388888888888
271,-1.292314717808355,1.6879661351586646,271,82.9880142211914,82.75943756103516,288.0,0.7465277777777778
272,-1.2206900140110817,1.5959771493625994,272,81.13133239746094,80.9102783203125,288.0,0.7152777777777778
273,-0.9612170262057528,1.6467767635001647,273,81.51976013183594,81.30393981933594,288.0,0.7118055555555556
274,-1.0858418487516437,1.813618056531828,274,82.55354309082031,82.33744812011719,288.0,0.7916666666666666
275,-0.9929170101231486,1.8089959151352386,275,82.6654052734375,82.45903015136719,288.0,0.7465277777777778
276,-1.5122631896658854,1.5950925714236985,276,83.52285766601562,83.318115234375,288.0,0.7881944444444444
277,-0.9971372703718582,1.8270272899306987,277,83.37081909179688,83.17164611816406,288.0,0.7222222222222222
278,-1.2231900872960624,1.5860993934824597,278,84.20719909667969,84.01145935058594,288.0,0.75
279,-1.2840856416801114,1.6351509727588172,279,83.38101196289062,83.19103240966797,288.0,0.7013888888888888
280,-1.259391233211674,1.622089906836788,280,82.901611328125,82.71646118164062,288.0,0.7083333333333334
281,-1.3640858711879815,1.6756026987043975,281,82.85559844970703,82.67469787597656,288.0,0.6909722222222222
282,-0.9832644660586323,1.755184213802792,282,82.45709991455078,82.28213500976562,288.0,0.7013888888888888
283,-1.164564499653685,1.6927700752626709,283,82.73406219482422,82.5598373413086,288.0,0.6944444444444444
284,-1.1200200256955144,1.6197266838994278,284,81.16029357910156,80.99227905273438,288.0,0.7256944444444444
285,-1.2484632913183513,1.6200797273307725,285,84.27273559570312,84.10784912109375,288.0,0.7743055555555556
286,-1.095701140298963,1.8380456742560096,286,83.46495056152344,83.30662536621094,288.0,0.7534722222222222
287,-1.434698240092122,1.4937336093974056,287,83.6528091430664,83.49696350097656,288.0,0.7465277777777778
288,-1.2288286569944473,1.639536116637144,288,81.80709838867188,81.65950775146484,288.0,0.7326388888888888
289,-1.3707808672798032,1.6631090229180976,289,83.2009048461914,83.05512237548828,288.0,0.7152777777777778
290,-1.0123079692817933,1.7298785472807652,290,83.49954223632812,83.35693359375,288.0,0.7708333333333334
291,-1.2343815373136915,1.532273992639028,291,83.12786865234375,82.98915100097656,288.0,0.6458333333333334
292,-1.2951072730223183,1.538834957745774,292,83.99421691894531,83.8572998046875,288.0,0.7256944444444444
293,-1.1533140415978815,1.564533084885891,293,84.21055603027344,84.07793426513672,288.0,0.7152777777777778
294,-1.2055672859878512,1.7084585468903515,294,83.01991271972656,82.893310546875,288.0,0.71875
295,-1.3067949666846321,1.7211343269724881,295,83.68479919433594,83.56100463867188,288.0,0.6805555555555556
296,-1.1256359571369028,1.6327862484683757,296,84.35279083251953,84.23199462890625,288.0,0.6909722222222222
297,-1.361199319542094,1.613843248427058,297,83.46822357177734,83.35311889648438,288.0,0.7430555555555556
298,-0.9388469222109682,1.7763687754372632,298,85.30889129638672,85.19351196289062,288.0,0.7222222222222222
299,-1.1569084601407715,1.5474862056426812,299,83.69708251953125,83.58576965332031,288.0,0.6875
300,-1.0918784636488668,1.670361398168175,300,83.09762573242188,82.99179077148438,288.0,0.7013888888888888
301,-1.0312926363264179,1.7998554015885848,301,83.91006469726562,83.8047103881836,288.0,0.6944444444444444
302,-1.4181018555389393,1.5602917805423564,302,83.66221618652344,83.5589599609375,288.0,0.7395833333333334
303,-1.3246674942446295,1.6097444666720737,303,83.61564636230469,83.51411437988281,288.0,0.6770833333333334
304,-1.1415576156188603,1.7865029724296957,304,83.86676025390625,83.76918029785156,288.0,0.6979166666666666
305,-1.4139142406652654,1.5437012553187728,305,85.03390502929688,84.93627166748047,288.0,0.71875
306,-1.2132150716110646,1.7305137970414446,306,84.32499694824219,84.23104858398438,288.0,0.6979166666666666
307,-1.2381491817909864,1.5909787925352898,307,82.85684204101562,82.76627349853516,288.0,0.6770833333333334
308,-1.194899690831703,1.605137791635365,308,85.65480041503906,85.5638427734375,288.0,0.7083333333333334
309,-1.0735540161726411,1.703208707457079,309,83.89085388183594,83.803466796875,288.0,0.7395833333333334
310,-1.0554843121445712,1.599436154195684,310,84.82349395751953,84.73672485351562,288.0,0.6736111111111112
311,-1.3034857645431557,1.5959753076328849,311,81.15766906738281,81.07518005371094,288.0,0.7048611111111112
312,-1.2066059508820772,1.568580830430127,312,84.72407531738281,84.64170837402344,288.0,0.7013888888888888
313,-1.357818687013624,1.5799584399160445,313,83.89259338378906,83.8123779296875,288.0,0.6979166666666666
314,-0.9679753243332319,1.697547051869153,314,83.4890365600586,83.41197204589844,288.0,0.6284722222222222
315,-1.518505124726534,1.5110002005726604,315,84.82421875,84.74687957763672,288.0,0.7291666666666666
316,-1.1296035273471239,1.7261573096333305,316,84.11643981933594,84.04170989990234,288.0,0.7013888888888888
317,-1.066928923088987,1.694403764990212,317,85.17304992675781,85.09902954101562,288.0,0.6979166666666666
318,-1.2950365352598825,1.4929966409938797,318,85.581787109375,85.50888061523438,288.0,0.6979166666666666
319,-1.0097043659075249,1.7278962736738281,319,83.85054016113281,83.77983856201172,288.0,0.71875
320,-1.1224901209010538,1.5155133049659455,320,84.38910675048828,84.31893920898438,288.0,0.6805555555555556
321,-0.9348214934699928,1.6914557103750467,321,85.19767761230469,85.12818908691406,288.0,0.6770833333333334
322,-0.9408707943434091,1.7805882269603694,322,80.32270050048828,80.25741577148438,288.0,0.6875
323,-1.1185381810544774,1.7370570915124048,323,84.6292724609375,84.56327819824219,288.0,0.6770833333333334
324,-1.2334800874845757,1.7876626057846825,324,84.4658203125,84.40132141113281,288.0,0.7048611111111112
325,-1.1873640210146137,1.605143132352852,325,85.23856353759766,85.17449188232422,288.0,0.6770833333333334
326,-1.2108178160553653,1.698329572590245,326,84.8973388671875,84.83699035644531,288.0,0.7013888888888888
327,-1.1245183752283532,1.5718780783340727,327,85.82913970947266,85.76866149902344,288.0,0.6527777777777778
328,-1.182568928436565,1.6149817470973356,328,84.96644592285156,84.90908813476562,288.0,0.6701388888888888
329,-1.0183935077796593,1.6811821152531992,329,85.57856750488281,85.52204132080078,288.0,0.6909722222222222
330,-1.1745740071016395,1.6806340418977102,330,85.3468017578125,85.29090881347656,288.0,0.6805555555555556
331,-1.1863802468078406,1.7127636842845348,331,86.50799560546875,86.45323181152344,288.0,0.6666666666666666
332,-1.1869280440449315,1.6464109510782718,332,85.39393615722656,85.34095764160156,288.0,0.6770833333333334
333,-1.16173102991306,1.5504817387637568,333,85.35238647460938,85.30024719238281,288.0,0.65625
334,-1.0820957576218573,1.6642186995244395,334,85.72314453125,85.6711654663086,288.0,0.6944444444444444
335,-0.9796003842468044,1.6358950827647034,335,85.39039611816406,85.3386459350586,288.0,0.6423611111111112
336,-1.134803023998049,1.7597251475826448,336,85.13429260253906,85.08311462402344,288.0,0.6840277777777778
337,-1.4620959777509972,1.508099207114198,337,84.45278930664062,84.40350341796875,288.0,0.7152777777777778
338,-0.9985156610807446,1.636908507015749,338,86.65174865722656,86.6015396118164,288.0,0.6180555555555556
339,-1.4077811636402824,1.6063946568896637,339,84.43667602539062,84.38885498046875,288.0,0.6840277777777778
340,-1.3088026665352221,1.5895887621921805,340,84.85220336914062,84.80459594726562,288.0,0.6354166666666666
341,-1.0847920515938094,1.7652354054697577,341,83.0979232788086,83.0517578125,288.0,0.7326388888888888
342,-1.0474549780672222,1.7113121769068143,342,84.06781005859375,84.02167510986328,288.0,0.6944444444444444
343,-1.3053511743284856,1.4791932171663331,343,83.25946044921875,83.21404266357422,288.0,0.6875
344,-1.1433615623023519,1.7969602333912087,344,84.51597595214844,84.47074890136719,288.0,0.71875
345,-1.05863864752514,1.5948899342020049,345,83.82014465332031,83.77590942382812,288.0,0.6319444444444444
346,-1.3512390852831029,1.7152343791461988,346,84.84500885009766,84.80142211914062,288.0,0.6909722222222222
347,-1.0460990119640625,1.5097603064938323,347,85.56111145019531,85.51638793945312,288.0,0.6736111111111112
348,-0.8534583048345756,1.7961691157381183,348,85.63953399658203,85.59449768066406,288.0,0.6458333333333334
349,-1.2256360896305465,1.5501383935460562,349,85.625732421875,85.58255004882812,288.0,0.65625
350,-1.3337203828545985,1.7078584345860768,350,84.76066589355469,84.71853637695312,288.0,0.7152777777777778
351,-1.2783790344403534,1.537420932716653,351,84.31161499023438,84.270263671875,288.0,0.6701388888888888
352,-1.0086098806200958,1.6518654310234018,352,84.436279296875,84.39549255371094,288.0,0.6527777777777778
353,-1.0717772707500697,1.532156174940577,353,84.61666870117188,84.5761489868164,288.0,0.625
354,-1.3305390087093474,1.6611959913307779,354,85.01902770996094,84.97882080078125,288.0,0.6701388888888888
355,-1.240350124959448,1.5881106363649435,355,84.73609161376953,84.6966781616211,288.0,0.7395833333333334
356,-1.2471620276283581,1.6754677860645424,356,84.89083862304688,84.85208129882812,288.0,0.6388888888888888
357,-1.1820103419405905,1.5840784566136499,357,84.0644302368164,84.02626037597656,288.0,0.6319444444444444
358,-1.1784541532406312,1.6143030470427264,358,84.82444763183594,84.78596496582031,288.0,0.6631944444444444
359,-1.2372317679900187,1.6101196452884403,359,84.60127258300781,84.56371307373047,288.0,0.6979166666666666
360,-0.9990525647519465,1.72469339445487,360,85.17222595214844,85.13416290283203,288.0,0.65625
361,-1.1006924197727794,1.7241613273858325,361,84.95842742919922,84.92015838623047,288.0,0.6493055555555556
362,-0.8079258940815,1.7171719564221821,362,86.00672912597656,85.9681396484375,288.0,0.6805555555555556
363,-1.069603911187353,1.7102693046694235,363,84.82986450195312,84.79280090332031,288.0,0.65625
364,-0.8837762499443687,1.7053743111214252,364,85.07040405273438,85.03233337402344,288.0,0.625
365,-0.9458447085200758,1.664391906379405,365,84.83567810058594,84.79779052734375,288.0,0.6145833333333334
366,-0.9571969400094754,1.5513779835837407,366,84.63922119140625,84.6018295288086,288.0,0.6666666666666666
367,-1.011956661952895,1.7467897010682374,367,84.18516540527344,84.14816284179688,288.0,0.6354166666666666
368,-1.3795028565938718,1.432102327855858,368,84.98025512695312,84.94266510009766,288.0,0.6944444444444444
369,-1.3006236425029607,1.5193761985945147,369,84.06031799316406,84.02339172363281,288.0,0.6527777777777778
370,-1.225994012248043,1.7633191933337424,370,83.45681762695312,83.4210205078125,288.0,0.7291666666666666
371,-0.7870801966964733,1.6885835379618683,371,85.84039306640625,85.80321502685547,288.0,0.625
372,-1.013047518428874,1.8197009448086536,372,84.81956481933594,84.78291320800781,288.0,0.6666666666666666
373,-1.0269535622460468,1.7236652672214208,373,84.54019165039062,84.50393676757812,288.0,0.6493055555555556
374,-1.0618690090045888,1.612085071901836,374,85.00938415527344,84.972900390625,288.0,0.6736111111111112
375,-0.9151313500366052,1.7121867061017195,375,83.12132263183594,83.0862808227539,288.0,0.6597222222222222
376,-1.2074688329380328,1.5446650541296731,376,83.4739761352539,83.43858337402344,288.0,0.6388888888888888
377,-1.005487784345114,1.81292281177974,377,84.57302856445312,84.537353515625,288.0,0.71875
378,-1.0465400449278677,1.628923857809822,378,84.42152404785156,84.38642883300781,288.0,0.625
379,-1.26275594408131,1.6244559495932165,379,85.10272216796875,85.06788635253906,288.0,0.6493055555555556
380,-1.2456311466046541,1.6211307883288102,380,82.40250396728516,82.36833190917969,288.0,0.6666666666666666
381,-0.7966794250172202,1.792100667062119,381,84.99058532714844,84.95494079589844,288.0,0.6388888888888888
382,-1.0548381025488993,1.627751914626202,382,85.607421875,85.57182312011719,288.0,0.6319444444444444
383,-1.0160061131536113,1.778711716619637,383,84.86432647705078,84.82916259765625,288.0,0.6527777777777778
384,-1.0481069862348942,1.6306273266793285,384,83.58952331542969,83.55543518066406,288.0,0.6979166666666666
385,-1.065169282803521,1.5894390746479223,385,81.40426635742188,81.37060546875,288.0,0.6701388888888888
386,-1.1060246107747054,1.6234654747586252,386,84.30016326904297,84.26519775390625,288.0,0.6458333333333334
387,-1.3283017162055217,1.5993928480680661,387,84.86894226074219,84.83367156982422,288.0,0.6805555555555556
388,-1.2241610226545658,1.63688365604949,388,83.0677490234375,83.03410339355469,288.0,0.6527777777777778
389,-0.9524201325492313,1.6239598499202428,389,85.1578369140625,85.12272644042969,288.0,0.6284722222222222
390,-1.1822172308505696,1.6665572805123854,390,85.57124328613281,85.53631591796875,288.0,0.6145833333333334
391,-1.167519908979739,1.564565896083954,391,86.22521209716797,86.19015502929688,288.0,0.6666666666666666
392,-0.7250881125342028,1.7875962130889544,392,83.30921936035156,83.27517700195312,288.0,0.625
393,-1.05941663998935,1.56764802827816,393,82.17790222167969,82.14474487304688,288.0,0.6354166666666666
394,-0.9313717197936359,1.7509928822520673,394,84.63739013671875,84.60307312011719,288.0,0.625
395,-1.130724028797275,1.7392705756825408,395,84.83438110351562,84.7998275756836,288.0,0.65625
396,-1.1158272980742485,1.5734834332801313,396,81.54624938964844,81.51293182373047,288.0,0.5972222222222222
397,-0.9989243878488211,1.8080464406733745,397,85.57029724121094,85.53556823730469,288.0,0.6284722222222222
398,-1.1408364229335382,1.4742946217144794,398,84.40316772460938,84.3690414428711,288.0,0.65625
399,-0.6204878920092162,1.833884220467738,399,86.05430603027344,86.01960754394531,288.0,0.6354166666666666
400,-1.1720747820102904,1.5525547315931156,400,83.94711303710938,83.91321563720703,288.0,0.6354166666666666
401,-0.8705453394871763,1.7281235837244233,401,85.3187484741211,85.28460693359375,288.0,0.6215277777777778
402,-1.1304504516063965,1.537011104898254,402,81.82562255859375,81.79206085205078,288.0,0.6006944444444444
403,-1.1378202462628626,1.685960047057376,403,85.08494567871094,85.05050659179688,288.0,0.625
404,-0.9115756954485887,1.6376896749398595,404,83.83700561523438,83.80287170410156,288.0,0.625
405,-0.4525830544092167,1.67292340932935,405,84.31700897216797,84.28298950195312,288.0,0.6076388888888888
406,-0.8463527980853611,1.5478108456244624,406,84.56205749511719,84.52783203125,288.0,0.6388888888888888
407,-0.835198563929293,1.6123913656913538,407,83.82266235351562,83.7889404296875,288.0,0.6041666666666666
408,-0.8204539126074633,1.8397325284443191,408,84.93022918701172,84.89622497558594,288.0,0.6145833333333334
409,-0.760063827113989,1.712953573648723,409,85.08877563476562,85.05460357666016,288.0,0.6215277777777778
410,-1.085435758068122,1.5365658363997887,410,85.82846069335938,85.79373168945312,288.0,0.6423611111111112
411,-0.9949752225937643,1.5756298776830473,411,84.92204284667969,84.88806915283203,288.0,0.6666666666666666
412,-1.0531368186542416,1.5900656874526315,412,85.09379577636719,85.05929565429688,288.0,0.6458333333333334
413,-1.2317252295022187,1.5529967044888247,413,85.44326782226562,85.40892028808594,288.0,0.6423611111111112
414,-1.0062773744009383,1.553527538946972,414,83.28824615478516,83.2548599243164,288.0,0.6701388888888888
415,-1.182163814894723,1.5207718298781665,415,85.6539306640625,85.619384765625,288.0,0.6388888888888888
416,-0.9228384173191522,1.6052213045354777,416,85.26239013671875,85.22797393798828,288.0,0.6319444444444444
417,-1.1557762745791405,1.4903637240934857,417,85.22674560546875,85.19244384765625,288.0,0.6215277777777778
418,-1.1217559734023625,1.5644703899165475,418,85.84646606445312,85.812255859375,288.0,0.625
419,-0.9079310028597491,1.5258253733119405,419,83.92047119140625,83.88676452636719,288.0,0.625
420,-0.9854648583481038,1.587154406688239,420,83.84284973144531,83.80973815917969,288.0,0.6180555555555556
421,-0.9386512574816049,1.7158815388391209,421,85.42730712890625,85.39323425292969,288.0,0.5833333333333334
422,-1.0442742523452013,1.6005667039906362,422,85.14405059814453,85.10966491699219,288.0,0.6041666666666666
423,-0.9423054894717693,1.6210336945438568,423,85.82044982910156,85.78610229492188,288.0,0.6180555555555556
424,-1.1553666656526635,1.4464186194177622,424,81.37409973144531,81.34175872802734,288.0,0.5555555555555556
425,-1.2693321971329448,1.4647467640873275,425,83.21397399902344,83.18074035644531,288.0,0.625
426,-1.1273016033856726,1.490153872551867,426,85.1158676147461,85.0821762084961,288.0,0.6354166666666666
427,-1.0716139833568588,1.672245704975835,427,83.24854278564453,83.21503448486328,288.0,0.6388888888888888
428,-0.9881561422716353,1.5846300411299803,428,85.10438537597656,85.0701904296875,288.0,0.6354166666666666
429,-1.0793965224055933,1.5398593816489037,429,85.09308624267578,85.05902862548828,288.0,0.5694444444444444
430,-1.0452809811609762,1.492494194470362,430,84.12415313720703,84.090087890625,288.0,0.6215277777777778
431,-1.3294520828652177,1.6195754316398185,431,83.14071655273438,83.10743713378906,288.0,0.6527777777777778
432,-1.144523880924331,1.5069006797510522,432,84.3283462524414,84.29462432861328,288.0,0.6215277777777778
433,-1.1059324044934375,1.4573034085789216,433,84.65058898925781,84.61690521240234,288.0,0.5694444444444444
434,-1.0475345290942317,1.5072940960831482,434,84.11456298828125,84.08137512207031,288.0,0.6180555555555556
435,-1.2897776922458424,1.5565577972508524,435,84.30231475830078,84.2685317993164,288.0,0.6631944444444444
436,-1.087951086979847,1.5902066194827076,436,83.22017669677734,83.18724060058594,288.0,0.5798611111111112
437,-1.1646648030916629,1.5331818874850036,437,83.17083740234375,83.13735961914062,288.0,0.6527777777777778
438,-1.1908980062497148,1.6472691950024956,438,83.75044250488281,83.716796875,288.0,0.6041666666666666
439,-1.0824866491503007,1.5864352407592215,439,80.11530303955078,80.08326721191406,288.0,0.6597222222222222
440,-1.233984890730598,1.6602248141671,440,79.75717163085938,79.72515869140625,288.0,0.625
441,-0.8087264406892594,1.7206597947309645,441,83.44931030273438,83.41593170166016,288.0,0.5902777777777778
442,-1.076922752323477,1.5179055777453445,442,84.14009857177734,84.10710144042969,288.0,0.6041666666666666
443,-1.0475552547722886,1.3645609582708644,443,83.26660919189453,83.2330551147461,288.0,0.5972222222222222
444,-1.2386872605123918,1.6421047113210876,444,84.477294921875,84.44340515136719,288.0,0.6493055555555556
445,-1.100039769150162,1.6555747081237477,445,84.892822265625,84.85880279541016,288.0,0.6076388888888888
446,-1.068655113234537,1.5245306845576283,446,82.98435974121094,82.95126342773438,288.0,0.5972222222222222
447,-0.9844660181851764,1.712024990051294,447,84.13371276855469,84.09999084472656,288.0,0.6354166666666666
448,-0.9617783056899079,1.4914699298214376,448,83.33367919921875,83.30059814453125,288.0,0.5729166666666666
449,-1.174269166724808,1.526571163412771,449,82.93669128417969,82.90394592285156,288.0,0.5659722222222222
450,-0.8254715389014979,1.6458898715254247,450,84.09013366699219,84.05657958984375,288.0,0.59375
451,-1.160348914597324,1.453926054702714,451,81.28089904785156,81.24847412109375,288.0,0.5659722222222222
452,-0.7770666826972827,1.7170354587508698,452,83.85995483398438,83.82682800292969,288.0,0.5173611111111112
453,-1.2452601323008414,1.6380259138151076,453,84.76773071289062,84.7340087890625,288.0,0.6354166666666666
454,-1.1454674378766474,1.6137280695914418,454,84.44924926757812,84.41558074951172,288.0,0.6493055555555556
455,-1.1463549988514963,1.637104550835204,455,83.5285873413086,83.4949951171875,288.0,0.6493055555555556
456,-1.2320223950299531,1.54921186843706,456,84.72222900390625,84.68899536132812,288.0,0.6111111111111112
457,-1.021810609328134,1.5837426016180651,457,85.10099792480469,85.06680297851562,288.0,0.6076388888888888
458,-1.2180826924889512,1.506870660634255,458,83.6922607421875,83.65896606445312,288.0,0.6111111111111112
459,-1.096963037509006,1.5555068427434344,459,83.70092010498047,83.66777038574219,288.0,0.6006944444444444
460,-0.7400769843988182,1.8817410224435838,460,79.9932861328125,79.96144104003906,288.0,0.625
461,-1.2212612140553527,1.489196982724674,461,82.46668243408203,82.43452453613281,288.0,0.6041666666666666
462,-1.203688182483179,1.5306851700081434,462,84.64994049072266,84.61663818359375,288.0,0.6145833333333334
463,-1.0853668198771524,1.5649425721530799,463,83.53630065917969,83.50309753417969,288.0,0.6145833333333334
464,-0.9359256641179987,1.654194810177402,464,83.65523529052734,83.621826171875,288.0,0.5798611111111112
465,-1.060919402355104,1.555044733485242,465,83.93592071533203,83.90253448486328,288.0,0.6354166666666666
466,-0.9527647024514762,1.7102207443531234,466,85.465087890625,85.43096923828125,288.0,0.625
467,-1.1259414294615475,1.571889244160248,467,84.49351501464844,84.45962524414062,288.0,0.6458333333333334
468,-0.9857046571307381,1.73227030829789,468,84.80392456054688,84.76997375488281,288.0,0.6076388888888888
469,-1.057445556433303,1.566458607271702,469,82.06350708007812,82.03044128417969,288.0,0.59375
470,-0.7235238540148736,1.8080393024136294,470,83.48793029785156,83.454833984375,288.0,0.5868055555555556
471,-0.9422963595329824,1.5011731783346893,471,84.93394470214844,84.89965057373047,288.0,0.5625
472,-0.8388922660294048,1.7998777125035559,472,84.93013000488281,84.8962631225586,288.0,0.5972222222222222
473,-0.9979406329771024,1.5046138618053637,473,82.78820037841797,82.75495147705078,288.0,0.5555555555555556
474,-0.8754864731741763,1.8238894054080506,474,83.9674072265625,83.93379211425781,288.0,0.6111111111111112
475,-0.970747817892263,1.5709980486599249,475,85.27532958984375,85.24172973632812,288.0,0.5833333333333334
476,-0.8261131574205433,1.6762022949096111,476,84.76893615722656,84.73551177978516,288.0,0.5972222222222222
477,-1.0954804134052587,1.601125775063026,477,84.01792907714844,83.98429107666016,288.0,0.6284722222222222
478,-1.0029348238839064,1.602169632748451,478,85.05618286132812,85.02201080322266,288.0,0.6076388888888888
479,-1.0090735462071434,1.6531042430481906,479,83.76720428466797,83.73406982421875,288.0,0.5763888888888888
480,-1.0020246456241209,1.6745950372039369,480,83.60490417480469,83.57152557373047,288.0,0.6076388888888888
481,-1.1478197193909228,1.4303332860152738,481,84.47618103027344,84.44268035888672,288.0,0.6284722222222222
482,-1.027059446497987,1.6237134885803086,482,84.67460632324219,84.64068603515625,288.0,0.6111111111111112
483,-1.0685123620000259,1.5982758338852234,483,84.80484008789062,84.77113342285156,288.0,0.5868055555555556
484,-0.955008859915452,1.4930058390849037,484,83.30707550048828,83.27410888671875,288.0,0.5625
485,-0.8077250815627869,1.5554390563457485,485,83.98088836669922,83.94749450683594,288.0,0.5555555555555556
486,-0.7554950406724612,1.7022874277163942,486,85.75211334228516,85.71797180175781,288.0,0.6423611111111112
487,-0.7842362864524733,1.7595533152169023,487,84.37544250488281,84.34175872802734,288.0,0.5833333333333334
488,-0.8808195586919015,1.4858574580334882,488,80.61888122558594,80.58621215820312,288.0,0.5694444444444444
489,-1.089911075832873,1.5376737723452387,489,83.71720886230469,83.68350219726562,288.0,0.5798611111111112
490,-1.1558858461216586,1.6887947401832994,490,84.88034057617188,84.8465347290039,288.0,0.5625
491,-0.9639704026765124,1.6449734659938091,491,83.38932800292969,83.35599517822266,288.0,0.5763888888888888
492,-0.8869452240748046,1.4852863331826225,492,85.12275695800781,85.08906555175781,288.0,0.5659722222222222
493,-1.1809199742004586,1.361580306984683,493,85.07847595214844,85.04448699951172,288.0,0.5694444444444444
494,-0.8892372465229149,1.6536640554394906,494,83.8199691772461,83.78644561767578,288.0,0.5347222222222222
495,-1.157773312060677,1.6202918909262451,495,84.18934631347656,84.15569305419922,288.0,0.6111111111111112
496,-1.03580306986259,1.3491879605446915,496,84.55718231201172,84.52371215820312,288.0,0.5833333333333334
497,-0.9554502729813288,1.5352281120292244,497,85.09378051757812,85.05951690673828,288.0,0.6006944444444444
498,-1.0894854638990523,1.4474314171333489,498,81.0569076538086,81.02389526367188,288.0,0.5520833333333334
499,-0.9314212779761186,1.5803881222888645,499,83.70985412597656,83.67642211914062,288.0,0.5798611111111112
500,-0.9220909060885165,1.6482239657578637,500,84.62545013427734,84.59098815917969,288.0,0.5451388888888888
501,-0.9476687668838123,1.3293444401799976,501,85.07078552246094,85.03638458251953,288.0,0.5694444444444444
502,-1.2095643002583658,1.4175174114809566,502,84.52439880371094,84.49042510986328,288.0,0.59375
503,-0.9530866910548623,1.5014924860113061,503,84.6292495727539,84.59493255615234,288.0,0.5625
504,-0.9221572760505649,1.677881203136334,504,81.19345092773438,81.16108703613281,288.0,0.5555555555555556
505,-0.9988344193169504,1.7943481780722315,505,84.614501953125,84.58035278320312,288.0,0.6041666666666666
506,-0.9932762066524394,1.667427012259753,506,84.99462890625,84.96054077148438,288.0,0.5763888888888888
507,-0.9627505833781712,1.661931448618817,507,83.06684875488281,83.03368377685547,288.0,0.6041666666666666
508,-0.9457983935969556,1.5846004004117848,508,84.0960464477539,84.06201934814453,288.0,0.5590277777777778
509,-0.8107729705420866,1.5639287356644433,509,85.46298217773438,85.42892456054688,288.0,0.5625
510,-1.0443890661626989,1.5554669590140644,510,84.29627990722656,84.26245880126953,288.0,0.5520833333333334
511,-1.253495556971358,1.4773083209196551,511,80.26594543457031,80.2337417602539,288.0,0.5972222222222222
512,-0.7538553152469323,1.5907383933575103,512,81.8802261352539,81.84707641601562,288.0,0.5451388888888888
513,-1.01503488521098,1.646722220801039,513,82.77154541015625,82.73861694335938,288.0,0.5798611111111112
514,-1.0859744402260314,1.588135892629035,514,84.59516906738281,84.56102752685547,288.0,0.5659722222222222
515,-0.8767209659683926,1.7769968515549162,515,83.81341552734375,83.77989959716797,288.0,0.5659722222222222
516,-0.8525491858761682,1.5988247034304826,516,84.18350219726562,84.14921569824219,288.0,0.5763888888888888
517,-1.0237557826953285,1.7611644843673835,517,80.34773254394531,80.31456756591797,288.0,0.5902777777777778
518,-0.8525844112768889,1.7075574445877764,518,85.97137451171875,85.93701171875,288.0,0.6111111111111112
519,-0.8072492994205474,1.5951192066605064,519,81.90074157714844,81.86738586425781,288.0,0.53125
520,-0.7302339735417139,1.7216649779529691,520,84.162353515625,84.12825012207031,288.0,0.5451388888888888
521,-1.0846023914899132,1.6678273810067237,521,85.4481201171875,85.4139175415039,288.0,0.5729166666666666
522,-1.024357260233621,1.7465763209742706,522,84.08216857910156,84.0489501953125,288.0,0.6076388888888888
523,-0.5074411430195634,1.6157269441989999,523,81.25038146972656,81.21725463867188,288.0,0.5868055555555556
524,-1.1593362099828914,1.5700982234913412,524,85.22744750976562,85.19325256347656,288.0,0.6041666666666666
525,-0.8673806708239219,1.6147080126373863,525,82.92637634277344,82.89340209960938,288.0,0.5625
526,-1.1268880498206835,1.4826556008139147,526,83.91665649414062,83.88352966308594,288.0,0.6006944444444444
527,-1.1982566501347185,1.4447448672482548,527,85.4835433959961,85.44892883300781,288.0,0.6041666666666666
528,-1.0516661583725058,1.5975290124308388,528,80.66696166992188,80.63465881347656,288.0,0.5833333333333334
529,-1.0742577925335246,1.6390754437092863,529,83.1395034790039,83.1063232421875,288.0,0.5694444444444444
530,-0.9249962066341573,1.3700862068864506,530,85.03238677978516,84.99816131591797,288.0,0.5208333333333334
531,-1.05011911456909,1.6483727065551168,531,83.50318908691406,83.4698486328125,288.0,0.59375
532,-1.017676098592207,1.6310880344094714,532,85.23950958251953,85.20547485351562,288.0,0.6076388888888888
533,-0.7628469293392014,1.6716596337108165,533,84.8308334350586,84.79689025878906,288.0,0.5138888888888888
534,-0.9516032694526706,1.6678077482268403,534,83.79883575439453,83.76581573486328,288.0,0.5555555555555556
535,-1.15247988504208,1.5088868434148441,535,82.62046813964844,82.58737182617188,288.0,0.5243055555555556
536,-0.9207368342342485,1.4179405989951621,536,83.48212432861328,83.44866180419922,288.0,0.5486111111111112
537,-1.105949549496314,1.4438515343739466,537,84.53489685058594,84.50054931640625,288.0,0.5694444444444444
538,-0.8297317124041522,1.6286517846177329,538,85.76800537109375,85.73348999023438,288.0,0.5520833333333334
539,-1.0117771714566932,1.6505774607823942,539,83.73210144042969,83.6987533569336,288.0,0.5590277777777778
540,-0.9802793438356407,1.6124752647454599,540,84.76905822753906,84.7348861694336,288.0,0.5520833333333334
541,-0.8089968139676924,1.5991294089230816,541,83.74205017089844,83.7086181640625,288.0,0.5486111111111112
542,-1.030140663935806,1.5764207726804464,542,84.52592468261719,84.49226379394531,288.0,0.5729166666666666
543,-0.9350638823996229,1.5010306476535986,543,84.90287780761719,84.8685302734375,288.0,0.5729166666666666
544,-0.8241331755091298,1.5373010336769979,544,84.87910461425781,84.84463500976562,288.0,0.5381944444444444
545,-0.8946217478029459,1.5359815066203968,545,85.20885467529297,85.17440795898438,288.0,0.5381944444444444
546,-0.7967173610350736,1.5521868576645244,546,85.15497589111328,85.12098693847656,288.0,0.5659722222222222
547,-0.9299543192027843,1.7851559923203744,547,85.32040405273438,85.28617858886719,288.0,0.5625
548,-1.0412758467758003,1.5164773952321724,548,84.27700805664062,84.24281311035156,288.0,0.5694444444444444
549,-0.8342262313611803,1.6003831264093658,549,83.8900375366211,83.85633087158203,288.0,0.5208333333333334
550,-0.8194348751724188,1.6290656264162375,550,83.97258758544922,83.93893432617188,288.0,0.4652777777777778
551,-0.8361513620486101,1.5827643536069724,551,84.40935516357422,84.37554931640625,288.0,0.5416666666666666
552,-0.7917106395743571,1.6668822134278747,552,84.08198547363281,84.04852294921875,288.0,0.5451388888888888
553,-0.8363267001412515,1.5574568517938043,553,84.62468719482422,84.59052276611328,288.0,0.53125
554,-0.9070408565071362,1.6706748625491945,554,83.787353515625,83.7536849975586,288.0,0.5520833333333334
555,-0.9241456503119713,1.560029197728993,555,83.45231628417969,83.41914367675781,288.0,0.4861111111111111
556,-0.9202981622927706,1.5718318770494641,556,85.39137268066406,85.35704040527344,288.0,0.5347222222222222
557,-0.7512222152321706,1.5421963256043831,557,83.90744018554688,83.873291015625,288.0,0.5347222222222222
558,-0.9142138470708672,1.5479092894812017,558,84.50035858154297,84.46665954589844,288.0,0.5243055555555556
559,-1.1168541042945366,1.5706959031842551,559,82.57350158691406,82.54000091552734,288.0,0.5451388888888888
560,-0.8133604603311981,1.5655773009921399,560,85.94761657714844,85.9130859375,288.0,0.5034722222222222
561,-1.1585294182482666,1.4289408875433067,561,85.06791687011719,85.03395080566406,288.0,0.5520833333333334
562,-0.9306124603731207,1.5297339626632194,562,79.17301177978516,79.14094543457031,288.0,0.5520833333333334
563,-0.8964345504310606,1.6257889312606886,563,83.31597900390625,83.28239440917969,288.0,0.5347222222222222
564,-0.9308065716930803,1.371447395925983,564,81.71852111816406,81.68565368652344,288.0,0.53125
565,-0.9105647331897482,1.5060223819890202,565,84.75625610351562,84.7223892211914,288.0,0.5243055555555556
566,-0.9823852112105378,1.5453828827240272,566,84.42498779296875,84.39060974121094,288.0,0.5381944444444444
567,-0.9347938460312647,1.6978407451024726,567,84.05807495117188,84.02424621582031,288.0,0.5520833333333334
568,-0.7608393850639223,1.6173775747173313,568,80.54498291015625,80.51234436035156,288.0,0.5243055555555556
569,-1.0063098800058374,1.6550504591135269,569,84.0564956665039,84.02266693115234,288.0,0.5069444444444444
570,-1.0241487080464848,1.5709747418749567,570,84.67274475097656,84.6387710571289,288.0,0.5590277777777778
571,-0.8058329783716529,1.7210159296815715,571,84.52912902832031,84.49484252929688,288.0,0.5381944444444444
572,-0.8687056864148259,1.6519414350888038,572,83.80453491210938,83.77044677734375,288.0,0.5486111111111112
573,-0.8717124517291073,1.7533789166377862,573,83.78199005126953,83.74821472167969,288.0,0.5555555555555556
574,-0.919406760016149,1.5830144323914188,574,83.40155029296875,83.36830139160156,288.0,0.5763888888888888
575,-0.8307069110893883,1.4316847072590093,575,84.42988586425781,84.39572143554688,288.0,0.5347222222222222
576,-0.6909797654512038,1.8122831568683675,576,82.12541198730469,82.09260559082031,288.0,0.53125
577,-0.9655588458662492,1.6292067807332842,577,82.1974105834961,82.1640853881836,288.0,0.5104166666666666
578,-0.9716165902951389,1.5592072187663788,578,82.73373413085938,82.70018005371094,288.0,0.5416666666666666
579,-0.94866969767152,1.4876353727930267,579,85.43915557861328,85.4049301147461,288.0,0.53125
580,-0.8528054524571455,1.5367603780806627,580,83.97135925292969,83.9377212524414,288.0,0.5590277777777778
581,-1.0430453827123911,1.5996123063441012,581,85.43745422363281,85.40338134765625,288.0,0.5347222222222222
582,-1.1598811866808534,1.4834657471655701,582,85.14631652832031,85.11224365234375,288.0,0.5347222222222222
583,-1.045950028858998,1.5260779760461765,583,84.5770492553711,84.54283142089844,288.0,0.5694444444444444
584,-0.82144830746433,1.6910581383947514,584,84.82058715820312,84.7868423461914,288.0,0.5625
585,-0.9437252505658734,1.5936474086461492,585,83.404296875,83.37063598632812,288.0,0.5173611111111112
586,-0.8434876033959903,1.6333718727951227,586,84.766845703125,84.73301696777344,288.0,0.5520833333333334
587,-0.8498120383615918,1.341093688866213,587,84.53007507324219,84.4963150024414,288.0,0.5034722222222222
588,-0.8554722156863027,1.4394877961414403,588,80.81488800048828,80.782470703125,288.0,0.5069444444444444
589,-1.06001183977457,1.5802106201191015,589,83.71034240722656,83.67683410644531,288.0,0.5138888888888888
590,-0.7942642393898327,1.602066086739755,590,81.88311767578125,81.85035705566406,288.0,0.5208333333333334
591,-0.808601760147351,1.702481396750429,591,83.68870544433594,83.65507507324219,288.0,0.5381944444444444
592,-0.9226098098844852,1.5955117624597017,592,83.84977722167969,83.81660461425781,288.0,0.5451388888888888
593,-0.9038361743115213,1.6453350570391903,593,84.32797241210938,84.2945327758789,288.0,0.5069444444444444
594,-0.9620757280663459,1.4754156135692618,594,82.54603576660156,82.51283264160156,288.0,0.5208333333333334
595,-0.8346636616128248,1.6422974100337546,595,84.67403411865234,84.64033508300781,288.0,0.5138888888888888
596,-0.912701267931276,1.4764446973745384,596,81.0491943359375,81.01628112792969,288.0,0.5
597,-0.6677725622788024,1.7374304770440787,597,81.0857162475586,81.05292510986328,288.0,0.4861111111111111
598,-0.7751217246723997,1.740619823443022,598,82.54115295410156,82.50759887695312,288.0,0.5173611111111112
599,-1.003313089433003,1.6323153655543126,599,82.95777130126953,82.92437744140625,288.0,0.5277777777777778
600,-0.9420598719375902,1.59099118908444,600,81.49069213867188,81.45792388916016,288.0,0.5104166666666666
601,-0.8279746940086127,1.4738481286094196,601,83.87642669677734,83.84259033203125,288.0,0.4861111111111111
602,-0.7988477241576403,1.5953400573573642,602,84.94442749023438,84.91035461425781,288.0,0.5590277777777778
603,-0.7844545233504611,1.5496655722211103,603,81.66216278076172,81.62921142578125,288.0,0.4826388888888889
604,-0.9894239676575722,1.6100372820497812,604,77.79686737060547,77.7653579711914,288.0,0.5034722222222222
605,-0.4307031477481517,1.80438603115738,605,85.5665512084961,85.53247833251953,288.0,0.5520833333333334
606,-0.8438857258528729,1.584489931869271,606,79.9813461303711,79.94892120361328,288.0,0.5069444444444444
607,-0.6494449550784092,1.6196073655221879,607,84.91230010986328,84.87831115722656,288.0,0.5034722222222222
608,-0.6724455579604575,1.5603080988773654,608,83.79991912841797,83.76654815673828,288.0,0.4861111111111111
609,-0.7055918730447931,1.5332402996834937,609,82.74711608886719,82.71379089355469,288.0,0.5069444444444444
610,-0.9348585656384739,1.682400415929676,610,84.4862289428711,84.45211791992188,288.0,0.5659722222222222
611,-0.987783001295579,1.594301148961512,611,81.31587219238281,81.28292846679688,288.0,0.5625
612,-0.7475721334351958,1.5385620844099013,612,84.81979370117188,84.7856216430664,288.0,0.4756944444444444
613,-1.1026724124558633,1.5139223420998023,613,83.78083801269531,83.74766540527344,288.0,0.5555555555555556
614,-0.928954844448231,1.6011539184166916,614,82.85527038574219,82.82177734375,288.0,0.5798611111111112
615,-0.787953175869742,1.684345226083144,615,84.5247802734375,84.49073791503906,288.0,0.5243055555555556
616,-0.9889957974125095,1.5123722010403,616,82.1087417602539,82.07567596435547,288.0,0.5034722222222222
617,-0.8991999961942236,1.5777282271696258,617,84.03752136230469,84.00390625,288.0,0.5173611111111112
618,-0.762375408430931,1.7850044303156776,618,82.64166259765625,82.60813903808594,288.0,0.5277777777777778
619,-0.9162132065308936,1.576877465309871,619,84.29741668701172,84.26362609863281,288.0,0.5104166666666666
620,-0.7191641729139118,1.6907126516429478,620,84.42662048339844,84.39301300048828,288.0,0.4895833333333333
621,-0.7724345091851856,1.7974316459682924,621,82.73137664794922,82.69822692871094,288.0,0.5486111111111112
622,-0.9104640013959828,1.6501229628811163,622,83.88329315185547,83.84947204589844,288.0,0.5208333333333334
623,-0.7562288507018248,1.648265836934407,623,84.8265380859375,84.79238891601562,288.0,0.46875
624,-0.6771808509243479,1.8148941876554234,624,84.95050048828125,84.91639709472656,288.0,0.5208333333333334
625,-0.6825327752994473,1.3773716699764769,625,84.50833129882812,84.4745864868164,288.0,0.4479166666666667
626,-0.8886087992856564,1.5156731103349013,626,83.8194808959961,83.78582000732422,288.0,0.5
627,-0.4832361472282785,1.563677391958534,627,85.25362396240234,85.21947479248047,288.0,0.4965277777777778
628,-0.8509691622495397,1.5476405454621993,628,83.9886474609375,83.954833984375,288.0,0.4930555555555556
629,-0.5625929402833783,1.5410907575163568,629,83.59193420410156,83.55819702148438,288.0,0.5
630,-0.6138156719167162,1.5332540497857543,630,84.36408996582031,84.33018493652344,288.0,0.5034722222222222
631,-0.7446408468579788,1.726619295181167,631,83.52717590332031,83.49354553222656,288.0,0.5729166666666666
632,-0.6445465474888746,1.6984040820660151,632,80.26969909667969,80.2379150390625,288.0,0.5590277777777778
633,-0.7926467569488459,1.6634477119365085,633,85.54734802246094,85.51287841796875,288.0,0.5104166666666666
634,-0.7598173767482931,1.517268084349934,634,81.14248657226562,81.10939025878906,288.0,0.4791666666666667
635,-0.821069435073206,1.4323273298988288,635,84.49180603027344,84.45779418945312,288.0,0.5034722222222222
636,-0.9918919337132325,1.615826279650434,636,83.4483642578125,83.41488647460938,288.0,0.5381944444444444
637,-0.8679943145893242,1.3972047256701907,637,84.80561065673828,84.77130126953125,288.0,0.4479166666666667
638,-0.6760497302704296,1.715251179839629,638,85.4080810546875,85.37379455566406,288.0,0.4479166666666667
639,-0.8732411802289507,1.5432695548376865,639,85.19805145263672,85.16380310058594,288.0,0.4930555555555556
640,-0.8802548415660141,1.5635196385375,640,84.10619354248047,84.07243347167969,288.0,0.5034722222222222
641,-0.885732793082794,1.446003031188075,641,85.08967590332031,85.05519104003906,288.0,0.4166666666666667
642,-0.7570421722813669,1.6464530803978552,642,83.9594955444336,83.92596435546875,288.0,0.4965277777777778
643,-0.851776722683544,1.6541661761133464,643,83.28956604003906,83.25636291503906,288.0,0.5069444444444444
644,-1.0358403587204876,1.688535469297524,644,83.73240661621094,83.69892120361328,288.0,0.5451388888888888
645,-0.7573160953950049,1.4406764795026372,645,84.23950958251953,84.20531463623047,288.0,0.4930555555555556
646,-0.7925570325244529,1.5134084155272507,646,83.30082702636719,83.26759338378906,288.0,0.5104166666666666
647,-0.8193717628794283,1.6301911558670157,647,83.8597412109375,83.8261489868164,288.0,0.5
648,-0.8018039533782196,1.4585625579954349,648,84.63081359863281,84.596923828125,288.0,0.5104166666666666
649,-0.6546326810182964,1.592554084796167,649,81.11759948730469,81.0846176147461,288.0,0.5243055555555556
650,-0.5294168073282862,1.6829679995119122,650,84.95283508300781,84.91871643066406,288.0,0.4826388888888889
651,-0.7090377537057584,1.509258109367017,651,83.86701965332031,83.8335189819336,288.0,0.5034722222222222
652,-0.9385311739191722,1.5181806210056024,652,84.4761734008789,84.44239044189453,288.0,0.46875
653,-0.6408339497013124,1.54812688885931,653,84.8271484375,84.793212890625,288.0,0.4826388888888889
654,-0.7156879366251916,1.503512114534157,654,83.94990539550781,83.91593933105469,288.0,0.4895833333333333
655,-0.7955145371043311,1.5117604718925686,655,84.69882202148438,84.66450500488281,288.0,0.5
656,-1.0132206176001775,1.6211282953171342,656,83.98826599121094,83.95445251464844,288.0,0.5520833333333334
657,-0.6278797227961179,1.493867938461792,657,85.42626190185547,85.39210510253906,288.0,0.4652777777777778
658,-0.9348375145132459,1.720794209469075,658,84.26068878173828,84.22685241699219,288.0,0.53125
659,-1.0898818359502604,1.5489486735269353,659,84.43403625488281,84.4001693725586,288.0,0.4965277777777778
660,-0.3513625317312996,1.8493809855515237,660,84.38525390625,84.35151672363281,288.0,0.4305555555555556
661,-0.32570579300938435,1.7737884163543776,661,79.80894470214844,79.77658081054688,288.0,0.4444444444444444
662,-0.8245401932894969,1.574379902361388,662,84.19890594482422,84.16513061523438,288.0,0.4965277777777778
663,-0.8527626633274361,1.4889856521941698,663,84.70329284667969,84.66964721679688,288.0,0.5138888888888888
664,-0.8902315573524577,1.5996798507879522,664,84.6648941040039,84.63077545166016,288.0,0.4548611111111111
665,-0.3197017900382769,1.740235594723646,665,84.37432861328125,84.34077453613281,288.0,0.4340277777777778
666,-0.7524775555399583,1.579788956905122,666,84.09334564208984,84.05902099609375,288.0,0.4791666666666667
667,-0.3333286441166739,1.6692514540372592,667,85.32536315917969,85.29156494140625,288.0,0.4479166666666667
668,-0.560035363169243,1.6986660711813897,668,84.79515838623047,84.76138305664062,288.0,0.3993055555555556
669,-0.7782789198570784,1.5545628626296797,669,84.44107055664062,84.40719604492188,288.0,0.4756944444444444
670,-0.8910047547959762,1.5213536504012324,670,82.86396789550781,82.83079528808594,288.0,0.4791666666666667
671,-0.639045519657703,1.5839075604018764,671,84.61724853515625,84.58390808105469,288.0,0.4965277777777778
672,-0.7073896542142732,1.5838059112828327,672,84.687744140625,84.65393829345703,288.0,0.4722222222222222
673,-0.8134590296095077,1.4480080531661539,673,82.94987487792969,82.91661071777344,288.0,0.4895833333333333
674,-0.7879750483062445,1.4955090896667325,674,83.81767272949219,83.78384399414062,288.0,0.4583333333333333
675,-0.608838550229771,1.3778929225071557,675,82.37747955322266,82.34422302246094,288.0,0.3923611111111111
676,-0.8739770581985993,1.6451027153034639,676,83.77151489257812,83.7381591796875,288.0,0.4861111111111111
677,-0.838416057757428,1.3565460447825635,677,81.82076263427734,81.7880859375,288.0,0.4826388888888889
678,-0.7021760446432054,1.4108189669635625,678,84.92915344238281,84.89508056640625,288.0,0.4236111111111111
679,-0.8907170260243436,1.378861662298003,679,84.27142333984375,84.23756408691406,288.0,0.5
680,-0.3416548010840198,1.6407308110636936,680,84.43936157226562,84.40531158447266,288.0,0.4895833333333333
681,-0.5261262728714924,1.5195826464108513,681,83.12167358398438,83.08828735351562,288.0,0.4444444444444444
682,-0.496461543534187,1.5411916347425894,682,84.69392395019531,84.65961456298828,288.0,0.46875
683,-0.721507917356593,1.489156586578467,683,85.1480941772461,85.1142349243164,288.0,0.4826388888888889
684,-0.8933622954473961,1.5551988319357004,684,84.93400573730469,84.89993286132812,288.0,0.5243055555555556
685,-0.8092352697045606,1.5798720350676148,685,84.69068908691406,84.65625,288.0,0.4444444444444444
686,-0.8413644922807383,1.6581605639092318,686,83.66329956054688,83.62969970703125,288.0,0.5208333333333334
687,-0.8772337732272503,1.403848073914213,687,82.68490600585938,82.65164947509766,288.0,0.4409722222222222
688,-0.8782764137287112,1.6976272815894633,688,84.29365539550781,84.25984191894531,288.0,0.5069444444444444
689,-0.7152194246915816,1.5598877802013424,689,83.63740539550781,83.60386657714844,288.0,0.5034722222222222
690,-0.6211662064162121,1.5655765308512635,690,83.42584991455078,83.39229583740234,288.0,0.4340277777777778
691,-0.613961467985888,1.4901282023462719,691,83.97135925292969,83.93794250488281,288.0,0.4583333333333333
692,-0.7379179055733459,1.6359185157466385,692,84.90582275390625,84.87162780761719,288.0,0.4583333333333333
693,-0.7529409334441968,1.3362410921831818,693,84.40068054199219,84.36681365966797,288.0,0.4965277777777778
694,-0.60424829700377,1.7559833408773078,694,82.70161437988281,82.66802978515625,288.0,0.4930555555555556
695,-0.6233738487904085,1.4854961366882724,695,83.8038558959961,83.77007293701172,288.0,0.4375
696,-0.6236195059300379,1.5899322284678754,696,84.88677978515625,84.85269165039062,288.0,0.4652777777777778
697,-0.6756552335974678,1.5765440993794704,697,84.28501892089844,84.25146484375,288.0,0.46875
698,-0.5976145582844669,1.6611203815253048,698,84.7415771484375,84.707763671875,288.0,0.4548611111111111
699,-0.6387311895439498,1.4520223035850215,699,83.88743591308594,83.85452270507812,288.0,0.4583333333333333
700,-0.6588338804504779,1.5266012260484259,700,84.80796813964844,84.77392578125,288.0,0.4965277777777778
701,-0.9369903443119539,1.4854824000012092,701,84.35543823242188,84.32176208496094,288.0,0.5
702,-0.5418029894150728,1.718354567263393,702,84.34916687011719,84.31582641601562,288.0,0.4618055555555556
703,-0.24995158917031976,1.6989630264703004,703,83.87899780273438,83.84544372558594,288.0,0.4861111111111111
704,-0.7085157709053198,1.6395759232627116,704,85.22746276855469,85.19364929199219,288.0,0.4305555555555556
705,-0.7708540890193407,1.5780346023048062,705,84.45872497558594,84.42501831054688,288.0,0.4652777777777778
706,-0.7781653154000671,1.5285653482309949,706,83.22579193115234,83.19207763671875,288.0,0.4618055555555556
707,-0.6236610959832226,1.7116669080857374,707,83.90168762207031,83.86798858642578,288.0,0.4930555555555556
708,-0.5538577913960074,1.6062136288989182,708,84.42579650878906,84.39204406738281,288.0,0.5
709,-0.4053124969019397,1.6164981553947262,709,83.53028869628906,83.4969482421875,288.0,0.3888888888888889
710,-0.9273027138035318,1.5369455509073182,710,84.26687622070312,84.232666015625,288.0,0.4722222222222222
711,-0.6941250544585581,1.5376160815476423,711,83.60948181152344,83.57637023925781,288.0,0.4583333333333333
712,-0.9503543765981249,1.3913548325565959,712,84.24725341796875,84.21360778808594,288.0,0.4861111111111111
713,-0.9107947166534197,1.4901874160833484,713,84.36094665527344,84.32698822021484,288.0,0.5486111111111112
714,-0.8028663552066287,1.5538042106629035,714,84.38773345947266,84.35374450683594,288.0,0.4756944444444444
715,-0.5729565933753965,1.5926580745748673,715,84.28842163085938,84.25447082519531,288.0,0.4722222222222222
716,-0.8900397616955265,1.5097946702968341,716,83.88491821289062,83.85124206542969,288.0,0.4375
717,-0.6294541040987526,1.5316838554438743,717,83.86632537841797,83.83244323730469,288.0,0.4340277777777778
718,-0.7637518058967804,1.6718978444035566,718,84.20416259765625,84.17044067382812,288.0,0.4583333333333333
719,-0.7831672605673554,1.345154041737575,719,83.1396255493164,83.1062240600586,288.0,0.4756944444444444
720,-0.8882348195591343,1.4111819723985102,720,84.21977233886719,84.18590545654297,288.0,0.4791666666666667
721,-0.8373266393286838,1.3363170014824832,721,84.80436706542969,84.77040100097656,288.0,0.4340277777777778
722,-0.5586177700621331,1.5605823092190867,722,84.02906799316406,83.995849609375,288.0,0.4652777777777778
723,-0.7517004950442482,1.3929236334000679,723,85.13251495361328,85.0983657836914,288.0,0.4722222222222222
724,-0.7044051447094274,1.6824636234917418,724,79.75263977050781,79.72049713134766,288.0,0.5208333333333334
725,-0.9719792158023272,1.5277851337493205,725,84.68811798095703,84.65402221679688,288.0,0.4444444444444444
726,-0.5938822160573227,1.6473481653324078,726,84.72140502929688,84.68728637695312,288.0,0.4375
727,-0.6550730091099933,1.4733454688727907,727,85.30030822753906,85.26580810546875,288.0,0.4756944444444444
728,-0.5937032583407661,1.6323511539018078,728,80.90472412109375,80.87229919433594,288.0,0.4375
729,-0.3491376799091598,1.529653067248176,729,86.03524780273438,86.00067138671875,288.0,0.3888888888888889
730,-0.7020101301921471,1.4802541106801674,730,83.70150756835938,83.66727447509766,288.0,0.4583333333333333
731,-1.105320832921829,1.4948728598752095,731,83.90699005126953,83.8732681274414,288.0,0.4652777777777778
732,-0.6131997770317219,1.4394181432726636,732,83.7375259399414,83.70417022705078,288.0,0.3923611111111111
733,-0.7896606279319743,1.5222389947912307,733,84.11465454101562,84.08097076416016,288.0,0.4479166666666667
734,-0.6227132269555766,1.4462406771434193,734,84.51994323730469,84.48594665527344,288.0,0.4375
735,-0.7592817452975869,1.4747509816190834,735,84.47431182861328,84.44062042236328,288.0,0.4097222222222222
736,-0.7154659429716127,1.8179766555472407,736,84.48536682128906,84.45167541503906,288.0,0.4930555555555556
737,-0.6773112915115226,1.4836567709171116,737,81.66088104248047,81.62773895263672,288.0,0.4861111111111111
738,-0.20148962134816492,1.5799047823118368,738,83.45222473144531,83.4186782836914,288.0,0.3923611111111111
739,-0.34418851337895906,1.6167119391662175,739,83.49824523925781,83.46470642089844,288.0,0.3958333333333333
740,-0.8822467628319889,1.7136620764214863,740,83.94438171386719,83.91085052490234,288.0,0.4930555555555556
741,-0.9025239236089343,1.3807094351911204,741,84.04935455322266,84.0151596069336,288.0,0.4548611111111111
742,-0.6696383388873409,1.5535384921228652,742,83.59095764160156,83.55731201171875,288.0,0.4444444444444444
743,-0.8335363106629998,1.3892406547129175,743,82.95648193359375,82.9233627319336,288.0,0.4409722222222222
744,-1.003107536311696,1.3900335184846477,744,84.36767578125,84.33370971679688,288.0,0.46875
745,-0.849593341032774,1.497007446501431,745,83.43241882324219,83.39860534667969,288.0,0.4652777777777778
746,-0.6545363266710295,1.633081737075523,746,83.99775695800781,83.96424102783203,288.0,0.4583333333333333
747,-0.8108659889738852,1.7106771154271914,747,83.87088775634766,83.83741760253906,288.0,0.4444444444444444
748,-0.8259389101240191,1.493994245072185,748,82.84652709960938,82.81352233886719,288.0,0.4618055555555556
749,-0.9038353393381845,1.4321851393589176,749,84.60338592529297,84.56932830810547,288.0,0.4513888888888889
750,-0.7262474822704675,1.377673019906091,750,83.09405517578125,83.06065368652344,288.0,0.4166666666666667
751,-0.588415575009931,1.5050542471622874,751,83.0826416015625,83.04928588867188,288.0,0.4444444444444444
752,-0.7044135141263796,1.5204766921577981,752,82.83485412597656,82.80084228515625,288.0,0.3923611111111111
753,-0.8297723391626042,1.5298912744848339,753,83.45254516601562,83.41893005371094,288.0,0.4791666666666667
754,-0.7611004625505675,1.5660514361417954,754,85.26470184326172,85.23004150390625,288.0,0.4409722222222222
755,-0.8787028079232526,1.4357896067352347,755,84.54119873046875,84.50680541992188,288.0,0.4722222222222222
756,-0.4713045528481559,1.6786114003149275,756,83.76638793945312,83.73289489746094,288.0,0.4548611111111111
757,-0.47438845631678983,1.4931565493143164,757,84.04441833496094,84.0106201171875,288.0,0.3784722222222222
758,-0.6958511570841384,1.4214052297540103,758,84.18875122070312,84.15438842773438,288.0,0.4409722222222222
759,-0.7400054777308536,1.7077639048151705,759,81.20462036132812,81.17149353027344,288.0,0.4409722222222222
760,-0.828970037545402,1.5731627317660144,760,84.45780944824219,84.42350006103516,288.0,0.4409722222222222
761,-0.8475911244639378,1.5056676289371986,761,81.8536148071289,81.82075500488281,288.0,0.4895833333333333
762,-0.5357580703543228,1.494672489192499,762,84.63334655761719,84.59982299804688,288.0,0.4930555555555556
763,-0.37521004073656167,1.732363725070128,763,84.79287719726562,84.75926208496094,288.0,0.4201388888888889
764,-0.9014889677226976,1.3933429631540637,764,84.60409545898438,84.56968688964844,288.0,0.4618055555555556
765,-0.7755389524762121,1.6167774739313614,765,83.71267700195312,83.67890167236328,288.0,0.4722222222222222
766,-0.8980591891146125,1.3805596625690417,766,83.23799896240234,83.20475006103516,288.0,0.4131944444444444
767,-0.7874170039089265,1.551273848745,767,85.20106506347656,85.16722106933594,288.0,0.4409722222222222
768,-0.7325494256508018,1.4307791005288812,768,81.57278442382812,81.53955078125,288.0,0.4583333333333333
769,-0.6641556041812304,1.4673437211841267,769,83.37654113769531,83.3428955078125,288.0,0.4305555555555556
770,-0.6059526239519771,1.5902220261750137,770,84.60832214355469,84.57447814941406,288.0,0.4027777777777778
771,-0.8542114750753664,1.5910519352714299,771,83.660400390625,83.62698364257812,288.0,0.4513888888888889
772,-0.8166632445347235,1.5097291755218514,772,84.97277069091797,84.9383544921875,288.0,0.4305555555555556
773,-0.8116446412640796,1.343240357802301,773,83.15205383300781,83.11856842041016,288.0,0.4479166666666667
774,-0.6165999508365858,1.6974639621483414,774,84.66123962402344,84.62738037109375,288.0,0.3958333333333333
775,-0.7450862667651964,1.4726861481828342,775,84.2274169921875,84.19358825683594,288.0,0.4791666666666667
776,-0.7789543005072846,1.5545965619984325,776,84.09614562988281,84.06243133544922,288.0,0.4097222222222222
777,-0.814061330445117,1.5996991184747409,777,84.00872802734375,83.97503662109375,288.0,0.4305555555555556
778,-0.902073098489219,1.456695791819563,778,82.25899505615234,82.22592163085938,288.0,0.4826388888888889
779,-0.5721493420868846,1.557669824379908,779,82.75872039794922,82.7258071899414,288.0,0.4618055555555556
780,-0.6982653081445243,1.5231113043739337,780,83.02442932128906,82.99139404296875,288.0,0.4201388888888889
781,-0.7966844448352257,1.5684462108546355,781,84.98985290527344,84.95565795898438,288.0,0.4513888888888889
782,-0.4900971120634447,1.8245048466531977,782,84.71376037597656,84.68010711669922,288.0,0.4479166666666667
783,-0.49303962874170093,1.602843392184741,783,84.92731475830078,84.89328002929688,288.0,0.4375
784,-0.5549835182485752,1.5436411283858686,784,82.88597869873047,82.85286712646484,288.0,0.3472222222222222
785,-0.23714934663253937,1.5558455280127317,785,84.71705627441406,84.68341827392578,288.0,0.3888888888888889
786,-0.6204464672330536,1.5701147307116332,786,82.30740356445312,82.27433013916016,288.0,0.4583333333333333
787,-0.8742782222409535,1.3317849016546153,787,84.9795150756836,84.94512939453125,288.0,0.4409722222222222
788,-0.7056075155196149,1.5068996248739073,788,84.04515075683594,84.01146697998047,288.0,0.4166666666666667
789,-0.4398070516955979,1.6269358139523078,789,84.45468139648438,84.42091369628906,288.0,0.4479166666666667
790,-0.5616955661542067,1.35280604389915,790,83.76741027832031,83.73405456542969,288.0,0.4583333333333333
791,-0.4663225412645191,1.7050627224169514,791,82.32843017578125,82.29545593261719,288.0,0.4201388888888889
792,-0.8804021443770673,1.5466303925279292,792,84.94485473632812,84.9105224609375,288.0,0.4201388888888889
793,-0.7259466875722101,1.4273790621244768,793,84.32205963134766,84.28817749023438,288.0,0.4201388888888889
794,-0.4566060212233897,1.462953014379493,794,84.91812133789062,84.88351440429688,288.0,0.40625
795,-0.8325467970607016,1.4678346095621257,795,82.93395233154297,82.90048217773438,288.0,0.4409722222222222
796,-0.6365115621620833,1.4394547178236754,796,81.32676696777344,81.2945556640625,288.0,0.375
797,-0.8171658678226923,1.4435390659101612,797,83.26116943359375,83.22734069824219,288.0,0.4166666666666667
798,-0.49778302045231343,1.489385850817371,798,82.32862854003906,82.29579162597656,288.0,0.3958333333333333
799,-0.5034332957221945,1.5952341875181695,799,84.4962387084961,84.4617919921875,288.0,0.40625
800,-0.7452024584970015,1.4286216555713993,800,84.08242797851562,84.04878234863281,288.0,0.3784722222222222
801,-0.6235940484631516,1.4029910814597881,801,83.61735534667969,83.584228515625,288.0,0.4131944444444444
802,-0.4530341027766461,1.6610716413628444,802,83.79878234863281,83.76495361328125,288.0,0.4340277777777778
803,-0.7645866872426483,1.5982463341888238,803,84.4399642944336,84.40579223632812,288.0,0.4513888888888889
804,-0.6416638729529347,1.6215178599565012,804,80.43217468261719,80.39959716796875,288.0,0.3888888888888889
805,-0.22181478366414137,1.73879520287058,805,84.17777252197266,84.14419555664062,288.0,0.3923611111111111
806,-0.5280822632572088,1.5391699876105547,806,80.51493835449219,80.48209381103516,288.0,0.3958333333333333
807,-0.7741815598970603,1.4575087488937104,807,84.13247680664062,84.09878540039062,288.0,0.4340277777777778
808,-0.9520201159302248,1.4941697901020308,808,85.09429931640625,85.05974578857422,288.0,0.4027777777777778
809,-0.7720545119667287,1.5503874668468676,809,83.39680480957031,83.36325073242188,288.0,0.40625
810,-0.5783913707304531,1.5234861717495853,810,82.86703491210938,82.83372497558594,288.0,0.4444444444444444
811,-0.7710747778018394,1.5345619711771157,811,84.06340026855469,84.02982330322266,288.0,0.4340277777777778
812,-0.56765728236318,1.6103471092655173,812,82.61686706542969,82.58358764648438,288.0,0.3854166666666667
813,-0.5795488877931704,1.5546387476241064,813,84.65079498291016,84.61660766601562,288.0,0.3958333333333333
814,-0.5200789252378867,1.5194776375404286,814,84.03176879882812,83.99775695800781,288.0,0.4618055555555556
815,-0.6399777801225723,1.5528964840975938,815,84.88134002685547,84.84733581542969,288.0,0.4236111111111111
816,-0.6975258346027479,1.5378242715447543,816,84.18487548828125,84.15088653564453,288.0,0.4201388888888889
817,-0.730766045947347,1.6429113825575712,817,84.95216369628906,84.91776275634766,288.0,0.4826388888888889
818,-0.8056164941642022,1.5331675057414602,818,84.0709228515625,84.03712463378906,288.0,0.4479166666666667
819,-0.7341242935477714,1.474314440321179,819,84.61174774169922,84.57759857177734,288.0,0.4097222222222222
820,-0.5974804470052687,1.5518931589234068,820,82.46195983886719,82.42866516113281,288.0,0.4479166666666667
821,-0.8015379253521715,1.487464808627039,821,83.4160385131836,83.38243103027344,288.0,0.4097222222222222
822,-0.35340986361266924,1.7048073622750015,822,82.96256256103516,82.92890930175781,288.0,0.40625
823,-0.771322672577931,1.6092239115998912,823,84.678955078125,84.64506530761719,288.0,0.5069444444444444
824,-0.7405081023552488,1.6163628712253646,824,83.67015838623047,83.63613891601562,288.0,0.4305555555555556
825,-0.7052215757395207,1.3276412003268407,825,82.12325286865234,82.09025573730469,288.0,0.4166666666666667
826,-0.7015082025953416,1.4604704810495501,826,83.98101806640625,83.94749450683594,288.0,0.3888888888888889
827,-0.60764556547168,1.720341275481984,827,84.69647979736328,84.6627426147461,288.0,0.4236111111111111
828,-0.7091493048438866,1.3139125245069492,828,84.4891586303711,84.45489501953125,288.0,0.4166666666666667
829,-0.1942282005290972,1.6520339967430209,829,82.43172454833984,82.39859008789062,288.0,0.4097222222222222
830,-0.6605882323155279,1.5652964697264435,830,84.3837890625,84.34944152832031,288.0,0.4166666666666667
831,-0.7334268350334349,1.5516903672716975,831,84.14851379394531,84.1148681640625,288.0,0.4513888888888889
832,-0.5342165396422415,1.7532904508084162,832,83.59414672851562,83.56068420410156,288.0,0.4444444444444444
833,-0.8513473044378244,1.4862773866919254,833,80.69789123535156,80.66506958007812,288.0,0.4027777777777778
834,-0.5361132054944526,1.5861459292746025,834,83.47012329101562,83.43647766113281,288.0,0.4409722222222222
835,-0.5123129718037905,1.5469814011045608,835,84.35640716552734,84.32272338867188,288.0,0.4340277777777778
836,-0.4150324755627443,1.687817172992483,836,80.2180404663086,80.1854476928711,288.0,0.3888888888888889
837,-0.3651339678107074,1.7409419841636116,837,84.7861328125,84.75179290771484,288.0,0.4027777777777778
838,-0.4444859877678042,1.4703426203087027,838,81.16017150878906,81.1270751953125,288.0,0.3993055555555556
839,-0.3286350094759603,1.6198320137751567,839,80.80531311035156,80.77247619628906,288.0,0.4236111111111111
840,-0.5503951098769571,1.5744577490681777,840,83.89066314697266,83.85687255859375,288.0,0.4340277777777778
841,-0.3773401651034295,1.6961456916990396,841,84.95687103271484,84.9228744506836,288.0,0.3888888888888889
842,-0.5573853762053985,1.5490939480769321,842,84.48637390136719,84.45259094238281,288.0,0.3923611111111111
843,-0.5596561332364708,1.5424193243700948,843,82.1082534790039,82.07501220703125,288.0,0.3958333333333333
844,-0.6361378493201187,1.4814438817818887,844,83.51628112792969,83.4830322265625,288.0,0.40625
845,-0.5368307124846798,1.4647016014365803,845,84.20624542236328,84.17255401611328,288.0,0.4444444444444444
846,-0.6564791956541582,1.5544908575104237,846,85.06769561767578,85.033447265625,288.0,0.4027777777777778
847,-0.6115724505326887,1.5093854353987992,847,84.94916534423828,84.91466522216797,288.0,0.3888888888888889
848,-0.6795783011119063,1.5673443474354796,848,84.67705535888672,84.643310546875,288.0,0.3784722222222222
849,-0.5576318294564759,1.5844241053080415,849,84.32410430908203,84.29022216796875,288.0,0.3993055555555556
850,-0.11966294813317285,1.6270575594440284,850,81.2829818725586,81.24935913085938,288.0,0.3402777777777778
851,-0.6739269474828463,1.4723280915834,851,82.35997009277344,82.3270263671875,288.0,0.4236111111111111
852,-0.5996730959121201,1.4258676607878125,852,81.5999984741211,81.56698608398438,288.0,0.4097222222222222
853,-0.5838540677422497,1.4126740146913979,853,80.46148681640625,80.42779541015625,288.0,0.3715277777777778
854,-0.41249637635863157,1.567135856384334,854,83.15802764892578,83.12480163574219,288.0,0.3923611111111111
855,-0.7811516221031012,1.343517366685466,855,83.2137451171875,83.18013000488281,288.0,0.3958333333333333
856,-0.5220499596616565,1.7090803858052102,856,84.53861999511719,84.50460815429688,288.0,0.4027777777777778
857,-0.6228974960803599,1.605347661303852,857,82.61810302734375,82.58531951904297,288.0,0.3854166666666667
858,-0.5563094977432816,1.4297437973549956,858,80.85608673095703,80.82333374023438,288.0,0.4097222222222222
859,-0.5853389701790362,1.5758361110306593,859,82.31985473632812,82.28678894042969,288.0,0.3819444444444444
860,-0.7476095979764197,1.3231145064621193,860,81.09869384765625,81.06554412841797,288.0,0.3888888888888889
861,-0.9425361887429075,1.3291351044425148,861,83.35414123535156,83.32096862792969,288.0,0.3993055555555556
862,-0.5590344076706075,1.5544202009237056,862,84.0618896484375,84.02815246582031,288.0,0.3854166666666667
863,-0.3206741954414925,1.675090589348482,863,83.95296478271484,83.9195327758789,288.0,0.3506944444444444
864,-0.8347128183514102,1.3914365231765762,864,83.47919464111328,83.44540405273438,288.0,0.4166666666666667
865,-0.5648997679803199,1.6884384953195946,865,83.97105407714844,83.9375,288.0,0.4097222222222222
866,-0.6020101401933056,1.652977473145924,866,83.56761169433594,83.53429412841797,288.0,0.3993055555555556
867,-0.278069186271978,1.6229725808867679,867,84.237548828125,84.20347595214844,288.0,0.4305555555555556
868,-0.800852200214653,1.5000699488508011,868,83.77220916748047,83.738525390625,288.0,0.3854166666666667
869,-0.09071041807864273,1.8427378224716344,869,84.30479431152344,84.27079010009766,288.0,0.4236111111111111
870,-0.5564064948189777,1.5413017670484768,870,83.7851791381836,83.75165557861328,288.0,0.4097222222222222
871,-0.5211444558567877,1.3663193259045463,871,83.81063079833984,83.77704620361328,288.0,0.3680555555555556
872,-0.5351649213866079,1.6090314833971755,872,82.551513671875,82.51887512207031,288.0,0.40625
873,-0.720741171058846,1.287162138843444,873,83.54342651367188,83.51019287109375,288.0,0.4166666666666667
874,-0.49416720843292833,1.5307222302337267,874,84.65864562988281,84.62462615966797,288.0,0.3680555555555556
875,-0.4190989146752479,1.6204177792359067,875,83.9023666381836,83.86773681640625,288.0,0.375
876,-0.41192916990417977,1.5226389982042756,876,85.23307800292969,85.19845581054688,288.0,0.3923611111111111
877,-0.43719594541775664,1.469206434833045,877,82.75741577148438,82.72412872314453,288.0,0.3541666666666667
878,-0.7752768078193077,1.4270922015712681,878,84.09556579589844,84.06187438964844,288.0,0.3645833333333333
879,-0.6299230261117494,1.6088386515058686,879,84.81645965576172,84.78268432617188,288.0,0.4027777777777778
880,-0.7182320529672409,1.518974022351366,880,84.98068237304688,84.94628143310547,288.0,0.4201388888888889
881,-0.5840405636563867,1.3466359325532617,881,83.56510925292969,83.53129577636719,288.0,0.3958333333333333
882,-0.5987821668421651,1.3458735581202084,882,84.9029541015625,84.86906433105469,288.0,0.3506944444444444
883,-0.67382110152488,1.5898196825620445,883,84.86085510253906,84.82650756835938,288.0,0.3611111111111111
884,-0.9167497031984058,1.3415665628820261,884,84.5357437133789,84.50215148925781,288.0,0.3576388888888889
885,-0.5926494108019545,1.6490971818682525,885,84.20462799072266,84.17060852050781,288.0,0.4375
886,-0.32284785667543264,1.7902421963364648,886,85.63672637939453,85.60237121582031,288.0,0.3993055555555556
887,-0.7629647471096268,1.6753555229164716,887,84.95625305175781,84.92214965820312,288.0,0.4409722222222222
888,-0.6959156967417635,1.4861972219131474,888,83.926513671875,83.8931655883789,288.0,0.3402777777777778
889,-0.676361388484304,1.5120989048398705,889,82.31990051269531,82.28669738769531,288.0,0.3854166666666667
890,-0.5133303057396693,1.5518647102632925,890,84.0216064453125,83.98748779296875,288.0,0.3576388888888889
891,-0.6025435022184509,1.4594678761232562,891,85.03923034667969,85.00494384765625,288.0,0.375
892,-0.7348324093200512,1.4023763228740995,892,83.51286315917969,83.47907257080078,288.0,0.3888888888888889
893,-0.08360973150150126,1.6578858026243517,893,85.19087219238281,85.15658569335938,288.0,0.3819444444444444
894,-0.538633168370232,1.3302216825118809,894,83.6358642578125,83.6024169921875,288.0,0.4409722222222222
895,-0.3396281380362981,1.5635533884748463,895,85.3509750366211,85.31656646728516,288.0,0.3645833333333333
896,-0.4857489852567462,1.5728232779267985,896,82.75504302978516,82.72187805175781,288.0,0.3576388888888889
897,-0.33452885423423,1.6371234269898338,897,85.0256576538086,84.99105834960938,288.0,0.2951388888888889
898,-0.5289219437218469,1.6858695704397368,898,84.32664489746094,84.29309844970703,288.0,0.3819444444444444
899,-0.43840416468118537,1.5632905020277255,899,82.36477661132812,82.3316879272461,288.0,0.375
900,-0.3961643041119489,1.5527764780148559,900,85.02139282226562,84.98695373535156,288.0,0.3923611111111111
901,-0.494333658941056,1.5882250000622369,901,84.821533203125,84.78721618652344,288.0,0.375
902,-0.2900523071108278,1.6270239007881422,902,83.4161376953125,83.38258361816406,288.0,0.3854166666666667
903,-0.48781642903226125,1.584036618063695,903,84.35630798339844,84.3225326538086,288.0,0.4097222222222222
904,-0.3262948333040433,1.7246793063008012,904,82.71946716308594,82.68635559082031,288.0,0.4027777777777778
905,-0.3837074367469779,1.4975206087409718,905,83.60356140136719,83.5699462890625,288.0,0.3784722222222222
906,-0.8514106358977034,1.4693905706528432,906,84.83192443847656,84.79747772216797,288.0,0.3611111111111111
907,-0.39232006166754413,1.4249254026060265,907,84.89427185058594,84.86024475097656,288.0,0.34375
908,-0.38434301108494784,1.6059662061451492,908,82.33969116210938,82.3062744140625,288.0,0.3958333333333333
909,-0.47310093348830684,1.5572615286721787,909,81.07307434082031,81.04008483886719,288.0,0.4097222222222222
910,-0.7573266609123075,1.4364897070670808,910,85.22065734863281,85.18643188476562,288.0,0.3298611111111111
911,-0.7623969542492043,1.3944386846881873,911,84.06256103515625,84.02906799316406,288.0,0.3819444444444444
912,-0.48114615806468525,1.6618085734119938,912,83.88245391845703,83.84852600097656,288.0,0.3888888888888889
913,-0.6913545470323879,1.461408310078801,913,85.05905151367188,85.02507019042969,288.0,0.4131944444444444
914,-0.7063324020094397,1.428385216901652,914,83.34112548828125,83.30821990966797,288.0,0.4027777777777778
915,-0.30028813125921777,1.513791894038686,915,80.36573791503906,80.33334350585938,288.0,0.3888888888888889
916,-0.5762312027478413,1.5533175527160732,916,82.43048095703125,82.39690399169922,288.0,0.4027777777777778
917,-0.5079690910631737,1.5146023877412564,917,84.49371337890625,84.45956420898438,288.0,0.3333333333333333
918,-0.7515097681445182,1.521398400234768,918,80.17124938964844,80.1385726928711,288.0,0.3819444444444444
919,-0.18788024929747207,1.5431904032582966,919,83.34486389160156,83.31117248535156,288.0,0.3576388888888889
920,-0.6173766489447328,1.2826592208502683,920,85.5260238647461,85.491943359375,288.0,0.3333333333333333
921,-0.3282507051360786,1.487040178481289,921,81.2264404296875,81.19369506835938,288.0,0.3715277777777778
922,-0.414884166371567,1.445562811063799,922,84.28195190429688,84.24816131591797,288.0,0.4305555555555556
923,-0.484259416306829,1.2664223921361388,923,84.93180847167969,84.89801025390625,288.0,0.3368055555555556
924,-0.3592739351577252,1.4467662499659952,924,84.41415405273438,84.38035583496094,288.0,0.3472222222222222
925,-0.5447957957393235,1.5440809689147246,925,84.94392395019531,84.91023254394531,288.0,0.34375
926,-0.47470608168251516,1.6425751180138226,926,84.20979309082031,84.17610931396484,288.0,0.3645833333333333
927,-0.3824143374525501,1.4854923794671726,927,84.43421936035156,84.40042114257812,288.0,0.3715277777777778
928,-0.4279720880676652,1.703387723585187,928,84.40248107910156,84.36862182617188,288.0,0.3923611111111111
929,-0.7190724258182932,1.428674014619504,929,84.80207824707031,84.7679672241211,288.0,0.375
930,-0.7949225308000591,1.3577620324924196,930,83.25259399414062,83.21973419189453,288.0,0.3854166666666667
931,-0.6036600866827566,1.5656859863168668,931,83.88944244384766,83.85594940185547,288.0,0.3854166666666667
932,-0.5845292566823842,1.566556102706512,932,84.24505615234375,84.21138000488281,288.0,0.3958333333333333
933,-0.7037298479213637,1.3646911350528605,933,83.83425903320312,83.80076599121094,288.0,0.3784722222222222
934,-0.41935975470982256,1.5412206752205215,934,84.73936462402344,84.70531463623047,288.0,0.3402777777777778
935,-0.6113274679939575,1.564663736681663,935,84.32933807373047,84.29539489746094,288.0,0.4027777777777778
936,-0.6150428182895761,1.5276129503063685,936,79.40188598632812,79.3696060180664,288.0,0.375
937,-0.65920700886218,1.3871408470411313,937,83.83819580078125,83.80501556396484,288.0,0.375
938,-0.6003558945697987,1.2546944446507078,938,83.1632080078125,83.12918090820312,288.0,0.3263888888888889
939,-0.39514626924198093,1.544531168996483,939,83.28534698486328,83.2515869140625,288.0,0.375
940,-0.5499008348518255,1.4249175037563242,940,83.82422637939453,83.7912368774414,288.0,0.4409722222222222
941,-0.7520549286570211,1.368522853897903,941,83.53836059570312,83.5046615600586,288.0,0.4131944444444444
942,-0.6105592588879937,1.4515390042607796,942,80.61972045898438,80.58706665039062,288.0,0.3333333333333333
943,-0.7915349137659269,1.2699303988685204,943,83.8917236328125,83.8578872680664,288.0,0.3368055555555556
944,-0.4745741016738276,1.529098150918084,944,84.83572387695312,84.8017578125,288.0,0.34375
945,-0.49508102263577647,1.6115927581175666,945,83.5694580078125,83.53630065917969,288.0,0.3541666666666667
946,-0.8692318079067806,1.4565503105254187,946,83.37730407714844,83.34432983398438,288.0,0.4201388888888889
947,-0.6128659289919897,1.3862323722227912,947,83.57635498046875,83.54299926757812,288.0,0.3506944444444444
948,-0.38126361071429293,1.6579270831823891,948,82.64198303222656,82.60894775390625,288.0,0.3923611111111111
949,-0.5055710015260525,1.405161542209821,949,83.53085327148438,83.49722290039062,288.0,0.3229166666666667
950,-0.6775074274428268,1.176179045086394,950,84.03202056884766,83.99835205078125,288.0,0.3402777777777778
951,-0.2764393931198248,1.4459831006937776,951,83.75759887695312,83.7237548828125,288.0,0.3020833333333333
952,-0.5676419118467206,1.4333337414408358,952,83.99617767333984,83.96235656738281,288.0,0.3159722222222222
953,-0.4962950427632532,1.3801962263435148,953,82.86355590820312,82.82978820800781,288.0,0.3229166666666667
954,-0.6349292049979419,1.4248075178287158,954,83.55734252929688,83.52383422851562,288.0,0.3680555555555556
955,-0.8479735493052732,1.2133356609443222,955,82.7906723022461,82.75743103027344,288.0,0.3854166666666667
956,-0.572489398787456,1.5366814242272484,956,80.11457824707031,80.08171081542969,288.0,0.3611111111111111
957,-0.8022444588584432,1.3927134867366748,957,84.46025848388672,84.42684936523438,288.0,0.3784722222222222
958,-0.708867275678847,1.4887483411596563,958,82.5775146484375,82.5438232421875,288.0,0.375
959,-0.4281665547068431,1.8073246266205267,959,82.68309020996094,82.65027618408203,288.0,0.40625
960,-0.4478691746855822,1.6249128326595819,960,83.15890502929688,83.12600708007812,288.0,0.3993055555555556
961,-0.6193509463359332,1.4410566570694907,961,85.03634643554688,85.00265502929688,288.0,0.3923611111111111
962,-0.2773631183737116,1.5074592473196136,962,82.82472229003906,82.79122924804688,288.0,0.3298611111111111
963,-0.5465636884845243,1.4728670537051778,963,82.65947723388672,82.62637329101562,288.0,0.3680555555555556
964,-0.600453461706775,1.3305422883354334,964,83.97184753417969,83.93817138671875,288.0,0.3645833333333333
965,-0.5866555541727657,1.3428327999620606,965,84.87992095947266,84.84625244140625,288.0,0.3715277777777778
966,-0.27315203636757757,1.684503812702778,966,85.23831176757812,85.20459747314453,288.0,0.4166666666666667
967,-0.5573070398920836,1.4639730005205656,967,84.74600219726562,84.71257019042969,288.0,0.40625
968,-0.7780762301106648,1.3869462845485083,968,83.92161560058594,83.8878173828125,288.0,0.3680555555555556
969,-0.8734673857882863,1.3910744369632566,969,83.84783935546875,83.81412506103516,288.0,0.4027777777777778
970,-0.654016057728524,1.0912398006670703,970,84.81822204589844,84.78421020507812,288.0,0.3159722222222222
971,-0.5106873812897444,1.2647358408317715,971,85.15365600585938,85.11970520019531,288.0,0.3298611111111111
972,-0.866065106266199,1.417821485138827,972,84.21935272216797,84.18557739257812,288.0,0.4305555555555556
973,-0.4673092634979268,1.5980967659560767,973,83.29196166992188,83.25792694091797,288.0,0.3715277777777778
974,-0.47356330584785195,1.5691262573150597,974,83.13040161132812,83.09725189208984,288.0,0.3263888888888889
975,-0.5221505510160966,1.419120254443442,975,82.25817108154297,82.22509002685547,288.0,0.3506944444444444
976,-0.35543963031902953,1.515178107128927,976,83.59162902832031,83.55790710449219,288.0,0.3402777777777778
977,-0.48959959677411263,1.3591055249801967,977,83.14691162109375,83.11304473876953,288.0,0.3541666666666667
978,-0.252304983988106,1.674488609033365,978,84.33405303955078,84.30066680908203,288.0,0.3611111111111111
979,-0.491745193438988,1.5640154177054764,979,85.20512390136719,85.17081451416016,288.0,0.3194444444444444
980,-0.5498579460296568,1.7575257351675166,980,83.67564392089844,83.64161682128906,288.0,0.4027777777777778
981,-0.6554755537453523,1.4530305517832733,981,84.13713836669922,84.10317993164062,288.0,0.3819444444444444
982,-0.41653372329910776,1.4341924829383954,982,79.70623016357422,79.67411804199219,288.0,0.3159722222222222
983,-0.4603959729838891,1.3278893901071829,983,83.71099853515625,83.67756652832031,288.0,0.3020833333333333
984,-0.27816754936083643,1.560703989803339,984,83.67604064941406,83.64149475097656,288.0,0.3506944444444444
985,-0.3146675997500313,1.2844930844806177,985,83.62128448486328,83.58738708496094,288.0,0.3263888888888889
986,-0.3620008718815105,1.6100679992418463,986,83.23526000976562,83.20150756835938,288.0,0.3576388888888889
987,-0.4712425872879708,1.519794445888579,987,84.28085327148438,84.2462158203125,288.0,0.3263888888888889
988,-0.6093450722058016,1.2701296964881634,988,82.62458801269531,82.59152221679688,288.0,0.3472222222222222
989,-0.8589383203368474,1.3195545629948002,989,84.1142349243164,84.07998657226562,288.0,0.4340277777777778
990,-0.2844981994946019,1.4207772085313835,990,82.56520080566406,82.53258514404297,288.0,0.3159722222222222
991,-0.6999524905682962,1.5250498358979696,991,83.2334976196289,83.19999694824219,288.0,0.4166666666666667
992,-0.32310045957011885,1.4840077647014478,992,84.04385375976562,84.00968933105469,288.0,0.3368055555555556
993,-0.3983425903957039,1.5885683097288466,993,84.15298461914062,84.1185302734375,288.0,0.3125
994,-0.8298250039649171,1.3666247716102482,994,83.61608123779297,83.58248901367188,288.0,0.3472222222222222
995,-0.5502127499330852,1.4547342871478441,995,82.41998291015625,82.38667297363281,288.0,0.4097222222222222
996,-0.5384736727387668,1.4918787699280536,996,81.4945068359375,81.46148681640625,288.0,0.3229166666666667
997,-0.5451810555873383,1.2582291855636725,997,84.23106384277344,84.19701385498047,288.0,0.3159722222222222
998,-0.5364097699238906,1.1117028100283373,998,83.62649536132812,83.59245300292969,288.0,0.3194444444444444
999,-0.6275698492332147,1.5254596318352667,999,80.18018341064453,80.14793395996094,288.0,0.3541666666666667
1000,-0.7182830227396353,1.4974874388840336,1000,84.16683959960938,84.13287353515625,288.0,0.3402777777777778
1001,-0.4282120148982045,1.5080243952352028,1001,85.26971435546875,85.23541259765625,288.0,0.3715277777777778
1002,-0.5230512029484661,1.6007739445196785,1002,83.3902359008789,83.35627746582031,288.0,0.3576388888888889
1003,-0.5422270741250218,1.3271288436748494,1003,82.70332336425781,82.66972351074219,288.0,0.3645833333333333
1004,-0.2921568354908344,1.5349076506426522,1004,82.13916015625,82.1061782836914,288.0,0.2673611111111111
1005,-0.6281682665873516,1.4314902466378863,1005,83.8600082397461,83.82591247558594,288.0,0.3993055555555556
1006,-0.1669982142505456,1.5972079170064808,1006,82.45408630371094,82.42049407958984,288.0,0.3229166666666667
1007,-0.5549770210576109,1.235181077489574,1007,84.69439697265625,84.66028594970703,288.0,0.2847222222222222
1008,-0.4545030698030817,1.290066381509258,1008,84.3873291015625,84.35310363769531,288.0,0.3125
1009,-0.5281861094146082,1.4610960058466715,1009,84.04425048828125,84.00983428955078,288.0,0.3611111111111111
1010,-0.5461764971335924,1.4176448990746187,1010,84.20396423339844,84.16996765136719,288.0,0.3194444444444444
1011,-0.5272724124420726,1.3991665128853328,1011,83.04875946044922,83.01518249511719,288.0,0.3298611111111111
1012,-0.5590302007470176,1.4713430478931624,1012,84.24076843261719,84.20677185058594,288.0,0.3402777777777778
1013,-0.6612955550303837,1.2666381155534823,1013,82.74442291259766,82.71159362792969,288.0,0.3576388888888889
1014,-0.7035143221737337,1.3254666747034198,1014,82.3459243774414,82.31289672851562,288.0,0.3645833333333333
1015,-0.07934658891708285,1.6287191622068853,1015,84.37210083007812,84.33786010742188,288.0,0.2951388888888889
1016,-0.2774897792349905,1.6022479695264198,1016,84.84608459472656,84.8116455078125,288.0,0.3263888888888889
1017,-0.1462401206354636,1.647999685942921,1017,84.61126708984375,84.57687377929688,288.0,0.3611111111111111
1018,-0.6728593226128301,1.3947190716550697,1018,81.94243621826172,81.90945434570312,288.0,0.3645833333333333
1019,-0.6748228553900552,1.5762719126547833,1019,84.45460510253906,84.42047882080078,288.0,0.4027777777777778
1020,-0.4533269931951843,1.4871799583841674,1020,82.6219711303711,82.58836364746094,288.0,0.3298611111111111
1021,-0.6140516423271433,1.4461724774258675,1021,84.10989379882812,84.07601165771484,288.0,0.3368055555555556
1022,-0.5587076298125747,1.3526541352229524,1022,83.16677856445312,83.13316345214844,288.0,0.3159722222222222
1023,-0.6254919981431581,1.3740100398318558,1023,84.31182861328125,84.27745056152344,288.0,0.3229166666666667
1024,-0.4403040164611173,1.4061344026982003,1024,83.85265350341797,83.81844329833984,288.0,0.3263888888888889
1025,-0.3844201005785162,1.6533722094602343,1025,84.61414337158203,84.58015441894531,288.0,0.3229166666666667
1026,-0.5858150119779845,1.4773365391055453,1026,82.18963623046875,82.15657043457031,288.0,0.3055555555555556
1027,-0.2715260050289673,1.375786308617946,1027,84.81840515136719,84.78443145751953,288.0,0.2951388888888889
1028,-0.361387069506836,1.7278121380812994,1028,83.64276885986328,83.60905456542969,288.0,0.3576388888888889
1029,-0.7185477899575753,1.4113392659954993,1029,85.54694366455078,85.51242065429688,288.0,0.3645833333333333
1030,-0.696542488745245,1.4026987364772328,1030,84.54768371582031,84.513671875,288.0,0.3368055555555556
1031,-0.5518635372201229,1.500777659728924,1031,82.11430358886719,82.08108520507812,288.0,0.3576388888888889
1032,-0.3140276496970726,1.461764644391302,1032,84.1961441040039,84.16227722167969,288.0,0.3298611111111111
1033,-0.4860015629162047,1.5240920849414095,1033,82.697998046875,82.6646728515625,288.0,0.3715277777777778
1034,-0.8023558519943602,1.458359761918336,1034,84.30821990966797,84.27432250976562,288.0,0.4201388888888889
1035,-0.49827207554373704,1.3484443344086618,1035,83.63106536865234,83.59757232666016,288.0,0.3645833333333333
1036,-0.7195628487963018,1.4750865111044211,1036,84.35478210449219,84.32067108154297,288.0,0.3645833333333333
1037,-0.5674964923205681,1.183803086612721,1037,84.5186996459961,84.48507690429688,288.0,0.3263888888888889
1038,-0.5433297300720334,1.4848538832460993,1038,82.76564025878906,82.73193359375,288.0,0.2916666666666667
1039,-0.5175500995664541,1.510122885705757,1039,82.78408813476562,82.7505874633789,288.0,0.3541666666666667
1040,-0.1943570252496829,1.6336077865166692,1040,84.34785461425781,84.31478118896484,288.0,0.3055555555555556
1041,-0.20591066907695063,1.4703974689387875,1041,82.98602294921875,82.95252990722656,288.0,0.3020833333333333
1042,-0.31801766461038344,1.7217349016723316,1042,83.75128173828125,83.71736145019531,288.0,0.3715277777777778
1043,-0.3039940761789865,1.4032956125564715,1043,82.0553207397461,82.02255249023438,288.0,0.3194444444444444
1044,-0.4856451310908088,1.4285662055740158,1044,83.90457916259766,83.87075805664062,288.0,0.3263888888888889
1045,-0.106328844422639,1.5148589006264568,1045,81.2289047241211,81.19612121582031,288.0,0.2986111111111111
1046,-0.4375935196090226,1.4974028503376047,1046,84.77312469482422,84.73856353759766,288.0,0.3611111111111111
1047,-0.5240413993823688,1.3567026681599321,1047,83.37663269042969,83.34310913085938,288.0,0.3020833333333333
1048,-0.398878192713083,1.4404758938324207,1048,84.14433288574219,84.1102294921875,288.0,0.3229166666666667
1049,-0.2857409201073446,1.4065168420221223,1049,83.39178466796875,83.35801696777344,288.0,0.3298611111111111
1050,-0.4476082248689277,1.4453357753009124,1050,83.73318481445312,83.6990966796875,288.0,0.34375
1051,-0.17739920697306555,1.630540779644346,1051,84.68419647216797,84.65055847167969,288.0,0.3402777777777778
1052,-0.6351333707333229,1.440385694354316,1052,84.10859680175781,84.07518768310547,288.0,0.3611111111111111
1053,-0.3078958916708418,1.4512598164030097,1053,82.46987915039062,82.4369125366211,288.0,0.2916666666666667
1054,-0.44415454519541625,1.5639754062349174,1054,80.76207733154297,80.73016357421875,288.0,0.3506944444444444
1055,-0.4578297840038862,1.5188387855812722,1055,83.51278686523438,83.47938537597656,288.0,0.3368055555555556
1056,-0.3499531922459577,1.3785770884904212,1056,83.85781860351562,83.82433319091797,288.0,0.3090277777777778
1057,-0.5810902478435874,1.4388900645295597,1057,85.49019622802734,85.45597839355469,288.0,0.3368055555555556
1058,-0.6794835118343893,1.3749335464766783,1058,82.26188659667969,82.2284927368164,288.0,0.3472222222222222
1059,-0.3917897728308591,1.360226821755363,1059,84.89129638671875,84.85736083984375,288.0,0.3125
1060,-0.3860486963835606,1.5196770981981316,1060,82.14021301269531,82.10709381103516,288.0,0.3055555555555556
1061,-0.41085606257777935,1.2914113602359574,1061,84.8443603515625,84.80978393554688,288.0,0.2847222222222222
1062,-0.19760062062322686,1.4070129095671282,1062,83.93037414550781,83.8967514038086,288.0,0.2743055555555556
1063,-0.46006421545050735,1.4365722765757318,1063,84.54663848876953,84.51245880126953,288.0,0.34375
1064,-0.38475403037519035,1.402133120742889,1064,84.07732391357422,84.04315185546875,288.0,0.2638888888888889
1065,-0.48750822671875466,1.4498011811561817,1065,83.17333984375,83.13928985595703,288.0,0.375
1066,-0.3840529832632727,1.359767697445241,1066,84.92164611816406,84.88768005371094,288.0,0.34375
1067,-0.41143049467981047,1.436359795247797,1067,83.41270446777344,83.3790054321289,288.0,0.3298611111111111
1068,-0.39568861884766504,1.4986534006795578,1068,79.16751098632812,79.13587188720703,288.0,0.34375
1069,-0.6334314985327538,1.424521307543849,1069,84.04058837890625,84.00599670410156,288.0,0.3472222222222222
1070,-0.16264947854390327,1.581551447560933,1070,82.14981079101562,82.11674499511719,288.0,0.3159722222222222
1071,-0.47546183845723394,1.3692305152861086,1071,80.96629333496094,80.93408203125,288.0,0.34375
1072,-0.7030717160791183,1.4389411644841816,1072,85.15959167480469,85.12522888183594,288.0,0.3402777777777778
1073,-0.5518413941604557,1.3840955017999559,1073,84.74801635742188,84.71394348144531,288.0,0.3368055555555556
1074,-0.4085186116321034,1.5149532668245587,1074,84.44639587402344,84.41219329833984,288.0,0.3125
1075,-0.45391966473095313,1.392387702306277,1075,85.30036163330078,85.26598358154297,288.0,0.2534722222222222
1076,-0.3723200434320233,1.5566213451155015,1076,83.9786376953125,83.94485473632812,288.0,0.2916666666666667
1077,-0.09296171440526287,1.447389178527385,1077,83.09700012207031,83.06336212158203,288.0,0.2743055555555556
1078,-0.5341600947885847,1.451931211964737,1078,84.73674011230469,84.70269775390625,288.0,0.3125
1079,-0.18362011396996966,1.599389321202743,1079,78.20034790039062,78.16909790039062,288.0,0.3020833333333333
1080,-0.39115575366577976,1.4669113186626965,1080,83.26785278320312,83.2346420288086,288.0,0.2986111111111111
1081,-0.7577010336532043,1.4413199224436497,1081,83.84791564941406,83.81446838378906,288.0,0.3611111111111111
1082,-0.27969056511832163,1.5695695362740807,1082,84.00381469726562,83.96978759765625,288.0,0.3263888888888889
1083,-0.3778224632639169,1.3228486916233533,1083,84.6405029296875,84.60604095458984,288.0,0.3263888888888889
1084,-0.4992447599890137,1.4720514473770623,1084,82.87186431884766,82.83866882324219,288.0,0.3194444444444444
1085,-0.32959664230006713,1.4470633756616682,1085,84.34149169921875,84.30677795410156,288.0,0.3645833333333333
1086,-0.13228937701356044,1.5528834574301158,1086,84.11682891845703,84.08353424072266,288.0,0.2673611111111111
1087,-0.1935338002722265,1.4528564779210342,1087,84.3685302734375,84.33502197265625,288.0,0.28125
1088,-0.2799284013669091,1.434985191278521,1088,84.40220642089844,84.36800384521484,288.0,0.3680555555555556
1089,-0.48066005428864833,1.4785127826773539,1089,84.86894226074219,84.8340835571289,288.0,0.3368055555555556
1090,-0.5048697765122251,1.3977602275144205,1090,79.22259521484375,79.1904296875,288.0,0.3472222222222222
1091,-0.6369620371282748,1.3926005123017946,1091,83.46614074707031,83.43182373046875,288.0,0.3368055555555556
1092,-0.2174453646090017,1.5075764035486827,1092,82.92913818359375,82.89555358886719,288.0,0.2881944444444444
1093,-0.4532061104438634,1.461332050190936,1093,85.01609802246094,84.98173522949219,288.0,0.3368055555555556
1094,-0.015840683256685504,1.4882537390840005,1094,83.97417449951172,83.9406509399414,288.0,0.3159722222222222
1095,-0.5317694260674075,1.3284926992671304,1095,84.14639282226562,84.11259460449219,288.0,0.3715277777777778
1096,-0.6472978303349533,1.3721648581412225,1096,82.0501708984375,82.01692199707031,288.0,0.28125
1097,-0.3838600432861472,1.5606796529089901,1097,83.74736785888672,83.71358489990234,288.0,0.3263888888888889
1098,-0.4294930957373111,1.5339394152151895,1098,85.4767837524414,85.44294738769531,288.0,0.3819444444444444
1099,-0.506453069215768,1.4873162932939294,1099,83.08625793457031,83.05267333984375,288.0,0.3402777777777778
1100,-0.4699109182823757,1.4463149113107738,1100,83.78187561035156,83.74836730957031,288.0,0.3541666666666667
1101,-0.8095780588272605,1.3482966764531628,1101,83.73602294921875,83.7027359008789,288.0,0.3368055555555556
1102,-0.6650945774614585,1.3755883553103643,1102,83.18682861328125,83.15348815917969,288.0,0.3472222222222222
1103,-0.47642700169126484,1.5390276561618823,1103,84.00979614257812,83.97582244873047,288.0,0.3159722222222222
1104,-0.30538446003383335,1.5441134287374283,1104,83.6451416015625,83.61198425292969,288.0,0.3611111111111111
1105,-0.3946677099315042,1.3504713190893027,1105,80.96461486816406,80.93244934082031,288.0,0.3333333333333333
1106,-0.7511175255114252,1.4692145119815012,1106,83.85708618164062,83.82362365722656,288.0,0.3472222222222222
1107,-0.3168290406899737,1.5600794036028047,1107,82.94412231445312,82.91100311279297,288.0,0.2916666666666667
1108,-0.41132865834721183,1.4790667223403777,1108,83.760009765625,83.72611999511719,288.0,0.2916666666666667
1109,-0.2821825620601734,1.605460555704872,1109,82.89958190917969,82.86627197265625,288.0,0.3090277777777778
1110,-0.37116391830183537,1.488402262869252,1110,81.83914184570312,81.80636596679688,288.0,0.2951388888888889
1111,-0.26298438158154214,1.5154824616950355,1111,82.96190643310547,82.92866516113281,288.0,0.2916666666666667
1112,-0.6495726120381763,1.4712310663187276,1112,84.55206298828125,84.51800537109375,288.0,0.3368055555555556
1113,-0.24897166361333753,1.5107928831000874,1113,83.40855407714844,83.37551879882812,288.0,0.3055555555555556
1114,-0.5676821097023562,1.4874111375059316,1114,84.6690673828125,84.6352767944336,288.0,0.3229166666666667
1115,-0.4167536008965663,1.3058985680247275,1115,83.2876968383789,83.25434875488281,288.0,0.3229166666666667
1116,-0.5942216655082316,1.3154587402121465,1116,83.3166732788086,83.28318786621094,288.0,0.2951388888888889
1117,-0.5305787313658026,1.3061266159555596,1117,83.51631164550781,83.48217010498047,288.0,0.2743055555555556
1118,-0.395146310406181,1.4454285762076509,1118,82.36754608154297,82.33499145507812,288.0,0.3472222222222222
1119,-0.6040573602219058,1.3822839025824212,1119,84.85103607177734,84.81706237792969,288.0,0.3055555555555556
1120,-0.4939355103201696,1.484388097132935,1120,83.75350952148438,83.7198486328125,288.0,0.28125
1121,-0.27094390711441513,1.377314216452381,1121,82.5881576538086,82.55460357666016,288.0,0.3194444444444444
1122,-0.14643683574876445,1.6452686296087717,1122,83.95854187011719,83.92510986328125,288.0,0.3368055555555556
1123,-0.2847351127919693,1.5250578717924868,1123,84.4160385131836,84.38206481933594,288.0,0.2708333333333333
1124,-0.6129715128455896,1.1767550696497813,1124,83.94981384277344,83.91613006591797,288.0,0.3020833333333333
1125,-0.5225323309092811,1.4072633834784898,1125,84.66177368164062,84.62733459472656,288.0,0.3020833333333333
1126,-0.1988352236912559,1.5164600378947957,1126,83.14720153808594,83.11346435546875,288.0,0.2916666666666667
1127,-0.2917750000627586,1.42657787604508,1127,80.00547790527344,79.97260284423828,288.0,0.23958333333333334
1128,-0.25146895103178607,1.459881533370696,1128,82.19657897949219,82.16354370117188,288.0,0.2986111111111111
1129,-0.40350639606556815,1.4094475374176862,1129,82.91880798339844,82.88501739501953,288.0,0.3055555555555556
1130,-0.2053217976424858,1.6305329295231228,1130,83.29632568359375,83.26268005371094,288.0,0.2881944444444444
1131,-0.6034236710042671,1.3118906080935782,1131,79.97265625,79.94032287597656,288.0,0.3125
1132,-0.4090227674505596,1.378995668814652,1132,80.7326431274414,80.69970703125,288.0,0.2673611111111111
1133,-0.510733028146525,1.383701932424342,1133,83.28555297851562,83.25223541259766,288.0,0.3020833333333333
1134,-0.46471732826461143,1.4781219849745066,1134,84.82603454589844,84.79191589355469,288.0,0.2986111111111111
1135,-0.27327996293071594,1.584826875161651,1135,83.34703063964844,83.31332397460938,288.0,0.28125
1136,-0.7091481716685404,1.4290500076017414,1136,83.92578125,83.89199829101562,288.0,0.3263888888888889
1137,-0.3027000599356182,1.4661122064194332,1137,82.74441528320312,82.71129608154297,288.0,0.2881944444444444
1138,-0.3538680034369247,1.5162638993762891,1138,80.16393280029297,80.13165283203125,288.0,0.3125
1139,-0.6824094079838798,1.3852386131651795,1139,83.79533386230469,83.76166534423828,288.0,0.3298611111111111
1140,-0.42749351090254845,1.4412953054021433,1140,83.20977020263672,83.17635345458984,288.0,0.2986111111111111
1141,-0.22894033514564083,1.4905705053684548,1141,80.34733581542969,80.31544494628906,288.0,0.2847222222222222
1142,-0.47516245735968254,1.4030147409772415,1142,83.36900329589844,83.33537292480469,288.0,0.2951388888888889
1143,-0.1251591067710128,1.7879844372607332,1143,83.75094604492188,83.71710205078125,288.0,0.3333333333333333
1144,-0.41781961682794155,1.4388928929417777,1144,82.16018676757812,82.12767791748047,288.0,0.2777777777777778
1145,-0.4901256349742874,1.4797642608637853,1145,83.4527587890625,83.4194564819336,288.0,0.2881944444444444
1146,-0.32740435681248115,1.368645616950506,1146,79.58935546875,79.55744171142578,288.0,0.3020833333333333
1147,-0.4723342107516465,1.31096250758391,1147,79.39801025390625,79.36542510986328,288.0,0.2638888888888889
1148,-0.5332412811203591,1.324357181778989,1148,83.8959732055664,83.86251068115234,288.0,0.2986111111111111
1149,-0.6197713123066816,1.457090751967508,1149,85.00505828857422,84.9708251953125,288.0,0.3368055555555556
1150,-0.24514470768630436,1.5863640876624787,1150,84.69050598144531,84.65629577636719,288.0,0.3194444444444444
1151,-0.16673835354873867,1.513365796112656,1151,85.10801696777344,85.07400512695312,288.0,0.3125
1152,0.3707779248469538,1.686092601810255,1152,83.36698150634766,83.33334350585938,288.0,0.2569444444444444
1153,-0.056136296403352985,1.6406882938786758,1153,77.58876037597656,77.5576171875,288.0,0.2916666666666667
1154,-0.5710804847757546,1.4787237198826158,1154,83.91685485839844,83.88307189941406,288.0,0.3298611111111111
1155,-0.4886336865067299,1.3232982104595947,1155,76.40135192871094,76.37091064453125,288.0,0.3194444444444444
1156,-0.470546784538441,1.4395453978356039,1156,83.57308959960938,83.5404281616211,288.0,0.2916666666666667
1157,-0.6427153217130093,1.278724090620803,1157,84.2362060546875,84.20307922363281,288.0,0.3020833333333333
1158,-0.2125150672107901,1.6333122771998783,1158,83.64028930664062,83.60636901855469,288.0,0.3020833333333333
1159,-0.39375440924424626,1.4848488389107117,1159,81.06822204589844,81.0350341796875,288.0,0.3472222222222222
1160,-0.514625932572901,1.3280216232034736,1160,84.69430541992188,84.66045379638672,288.0,0.2777777777777778
1161,0.07935219873463792,1.5419722761652772,1161,83.67269134521484,83.63900756835938,288.0,0.3055555555555556
1162,-0.37278345248752287,1.2078051542003454,1162,84.31481170654297,84.28147888183594,288.0,0.2847222222222222
1163,-0.0797416786989852,1.6115976282660665,1163,84.16548156738281,84.13111877441406,288.0,0.3402777777777778
1164,-0.3212796201573038,1.473243148161903,1164,83.77665710449219,83.74308013916016,288.0,0.2986111111111111
1165,-0.6863778182296899,1.3485635503604652,1165,84.1607666015625,84.12690734863281,288.0,0.3229166666666667
1166,-0.14572879296565486,1.56599570009161,1166,85.29512023925781,85.26045227050781,288.0,0.3159722222222222
1167,0.08082907235318687,1.6617746811526164,1167,85.5504150390625,85.51622772216797,288.0,0.28125
1168,-0.3047326642518089,1.5042954321231055,1168,84.86265563964844,84.82829284667969,288.0,0.2881944444444444
1169,-0.13842752003264377,1.4921612119542271,1169,83.72734832763672,83.69386291503906,288.0,0.2916666666666667
1170,-0.4111215629287711,1.4650992671756948,1170,82.6622314453125,82.62925720214844,288.0,0.3368055555555556
1171,-0.08749671559969298,1.6713291048223708,1171,84.46244812011719,84.42861938476562,288.0,0.3090277777777778
1172,-0.2452588034012028,1.520892292363312,1172,85.10550689697266,85.07174682617188,288.0,0.3159722222222222
1173,-0.42489938614803757,1.4974468587545513,1173,85.00973510742188,84.97582244873047,288.0,0.3402777777777778
1174,0.042042965738428556,1.5027008979438783,1174,85.20362854003906,85.16957092285156,288.0,0.2881944444444444
1175,-0.1029884740326675,1.4202285929720273,1175,81.95923614501953,81.92703247070312,288.0,0.2743055555555556
1176,-0.10778716410911174,1.4375981142510363,1176,83.45001983642578,83.4172134399414,288.0,0.3159722222222222
1177,0.09140477485598934,1.7013758774348504,1177,84.52735900878906,84.49366760253906,288.0,0.3368055555555556
1178,-0.29581178169963845,1.431821349271201,1178,85.87446594238281,85.84027099609375,288.0,0.3020833333333333
1179,-0.023029135095137956,1.6857434752357505,1179,85.24360656738281,85.20942687988281,288.0,0.3020833333333333
1180,-0.4302662465561525,1.2382625131496006,1180,84.43635559082031,84.40272521972656,288.0,0.2708333333333333
1181,-0.0012012013208887822,1.5623498167155834,1181,83.6416015625,83.6079330444336,288.0,0.2708333333333333
1182,-0.3752568544569472,1.440033710739298,1182,84.41576385498047,84.38238525390625,288.0,0.2777777777777778
1183,-0.44943356886761104,1.4836904318298658,1183,83.77505493164062,83.74188995361328,288.0,0.3194444444444444
1184,-0.2664755327621211,1.503866358978348,1184,84.38275909423828,84.34829711914062,288.0,0.3159722222222222
1185,-0.05959561147135625,1.44859723566707,1185,84.38997650146484,84.3557357788086,288.0,0.2986111111111111
1186,0.27688453707580724,1.650506318176783,1186,83.69100952148438,83.65727996826172,288.0,0.2326388888888889
1187,0.3692830710310216,1.6104012617016465,1187,83.84281158447266,83.80905151367188,288.0,0.2465277777777778
1188,-0.5309027851620314,1.1863370065292702,1188,84.29541015625,84.26154327392578,288.0,0.3090277777777778
1189,-0.19959155084886693,1.5330348698111784,1189,80.81201171875,80.77887725830078,288.0,0.2569444444444444
1190,-0.28981366203910003,1.4523599697339253,1190,81.74569702148438,81.71206665039062,288.0,0.3194444444444444
1191,0.06361934409183305,1.5112806823062777,1191,83.74028015136719,83.70689392089844,288.0,0.2777777777777778
1192,-0.002235633389253058,1.563906475828216,1192,83.78001403808594,83.74598693847656,288.0,0.28125
1193,-0.08702466115423307,1.4598306897045448,1193,82.48646545410156,82.45310974121094,288.0,0.28125
1194,-0.5168871907179209,1.3554912870532259,1194,81.28303527832031,81.24974822998047,288.0,0.2986111111111111
1195,-0.09925223551278425,1.4337445429406153,1195,84.50865173339844,84.47445678710938,288.0,0.2743055555555556
1196,0.004011794550376245,1.7274197262421933,1196,84.61132049560547,84.5773696899414,288.0,0.3125
1197,-0.5076423042664439,1.3407331184032754,1197,82.44507598876953,82.41156005859375,288.0,0.2986111111111111
1198,-0.48261334650923715,1.4163767537832304,1198,83.89451599121094,83.8602066040039,288.0,0.3125
1199,-0.1512498671335811,1.1689996281045933,1199,84.00250244140625,83.96803283691406,288.0,0.2534722222222222
1200,-0.20668446724811448,1.3351757605757324,1200,82.61233520507812,82.57870483398438,288.0,0.2361111111111111
1201,-0.19419344004332964,1.6317110055179094,1201,84.68817138671875,84.65374755859375,288.0,0.28125
1202,-0.22648060987388283,1.4142079085578345,1202,84.92472839355469,84.88990020751953,288.0,0.2673611111111111
1203,-0.026716364867661973,1.646558759225888,1203,79.79743194580078,79.76435852050781,288.0,0.2951388888888889
1204,-0.08473170336890254,1.505795749617492,1204,81.93419647216797,81.90087890625,288.0,0.2986111111111111
1205,-0.13285992796451473,1.6760945006626968,1205,80.12539672851562,80.0925521850586,288.0,0.3229166666666667
1206,0.10560552422906472,1.3689688815328327,1206,80.07852935791016,80.04625701904297,288.0,0.2777777777777778
1207,-0.028853504039403788,1.4459225771614466,1207,83.69918823242188,83.66493225097656,288.0,0.2465277777777778
1208,-0.41415403179297766,1.5053633740640877,1208,84.14443969726562,84.10993194580078,288.0,0.3159722222222222
1209,-0.19598127456207617,1.4193731018092526,1209,81.86380767822266,81.83064270019531,288.0,0.3090277777777778
1210,-0.27678475605697883,1.3873277781023057,1210,79.42723083496094,79.39451599121094,288.0,0.2743055555555556
1211,0.06335335117134891,1.521374393398615,1211,84.12049102783203,84.08633422851562,288.0,0.23958333333333334
1212,-0.19895525566328526,1.3198707099085212,1212,84.12687683105469,84.09251403808594,288.0,0.3090277777777778
1213,-0.44145932012042066,1.4211794311657577,1213,82.99050903320312,82.95675659179688,288.0,0.2986111111111111
1214,-0.430197324030422,1.2999053980553015,1214,79.07687377929688,79.04444885253906,288.0,0.3159722222222222
1215,-0.39581135208385937,1.363899575229101,1215,83.51480865478516,83.48055267333984,288.0,0.2743055555555556
1216,-0.25562759969805743,1.5436068668320029,1216,84.03717041015625,84.00311279296875,288.0,0.2951388888888889
1217,0.009062679422777966,1.5332211537598186,1217,83.38491821289062,83.35116577148438,288.0,0.2569444444444444
1218,-0.057326024746823925,1.5924186130645976,1218,84.87863159179688,84.84380340576172,288.0,0.2777777777777778
1219,-0.4757069263906535,1.3880197753040757,1219,83.19337463378906,83.15945434570312,288.0,0.3020833333333333
1220,-0.021881551814181152,1.4562328611498867,1220,83.22332000732422,83.18997192382812,288.0,0.2638888888888889
1221,-0.4501238621353709,1.24741908173474,1221,84.21958923339844,84.18574523925781,288.0,0.2569444444444444
1222,-0.05292086953965084,1.4289974066854458,1222,84.00454711914062,83.97041320800781,288.0,0.2708333333333333
1223,-0.3831153138778396,1.5853724815729313,1223,84.27449798583984,84.23991394042969,288.0,0.3472222222222222
1224,-0.1626026170116256,1.4800052046087453,1224,82.99220275878906,82.95854187011719,288.0,0.2638888888888889
1225,-0.21358673317904828,1.5315560392788188,1225,80.9841537475586,80.95123291015625,288.0,0.3055555555555556
1226,-0.23254340302689006,1.499045400466675,1226,83.973388671875,83.939208984375,288.0,0.2847222222222222
1227,-0.349721323462622,1.5533667102363133,1227,80.41134643554688,80.37844848632812,288.0,0.2951388888888889
1228,-0.3298066650459481,1.340441244318652,1228,82.93170928955078,82.89757537841797,288.0,0.2569444444444444
1229,-0.21020433203793637,1.3755320709538787,1229,84.53890991210938,84.50439453125,288.0,0.2569444444444444
1230,0.01842863936785741,1.5997773451627941,1230,80.6034164428711,80.57130432128906,288.0,0.25
1231,-0.13610210754262064,1.327388331246985,1231,80.17485046386719,80.14292907714844,288.0,0.22569444444444445
1232,-0.4259749752555111,1.3006600085429278,1232,81.5067138671875,81.47451782226562,288.0,0.3090277777777778
1233,-0.1883050896701989,1.3212465198956775,1233,83.8902587890625,83.8567886352539,288.0,0.24305555555555555
1234,0.09321886772606972,1.5286124849440972,1234,80.84889221191406,80.81609344482422,288.0,0.2777777777777778
1235,0.5433013805778991,1.7104126627054133,1235,84.24761962890625,84.21365356445312,288.0,0.2777777777777778
1236,-0.2215460894918515,1.4528279984933885,1236,82.52040100097656,82.48715209960938,288.0,0.3055555555555556
1237,-0.47625469208879895,1.2639219317076533,1237,84.91160583496094,84.87716674804688,288.0,0.2743055555555556
1238,-0.13248226279320738,1.1877112478122192,1238,82.60636138916016,82.57281494140625,288.0,0.25
1239,-0.562623616126735,1.355842478377248,1239,82.94652557373047,82.91321563720703,288.0,0.2673611111111111
1240,-0.6176307202457859,1.2251687296643912,1240,83.7876968383789,83.75431823730469,288.0,0.28125
1241,-0.23301375992159715,1.5070564070454195,1241,83.75823974609375,83.72429656982422,288.0,0.3125
1242,-0.30713662183804996,1.4034026209501629,1242,82.7913818359375,82.75779724121094,288.0,0.25
1243,-0.2507460832972084,1.6367919791819696,1243,80.94902038574219,80.91682434082031,288.0,0.28125
1244,-0.5279784745796459,1.3028623916452573,1244,80.51123809814453,80.47955322265625,288.0,0.2951388888888889
1245,-0.5927176091498619,1.2210408173577105,1245,83.2914810180664,83.2579116821289,288.0,0.3055555555555556
1246,0.13649815887723682,1.5673268314813702,1246,82.84967041015625,82.81661987304688,288.0,0.2743055555555556
1247,0.11099079172678691,1.6737899613878824,1247,84.41537475585938,84.38172149658203,288.0,0.2743055555555556
1248,-0.41492801266169005,1.4009306766632474,1248,82.74664306640625,82.71340942382812,288.0,0.2847222222222222
1249,-0.1141886389093994,1.5515376687736584,1249,81.56022644042969,81.5279541015625,288.0,0.2534722222222222
1250,-0.5090608181621881,1.334362465318136,1250,85.30290222167969,85.26828002929688,288.0,0.2604166666666667
1251,0.02096047229966596,1.5430128252889768,1251,80.7371826171875,80.70513916015625,288.0,0.28125
1252,-0.29925986107923686,1.50216577438402,1252,83.72526550292969,83.69155883789062,288.0,0.3055555555555556
1253,-0.6156360542759717,1.3290690867902957,1253,83.06735229492188,83.03349304199219,288.0,0.28125
1254,-0.3664956739209955,1.2950636266538076,1254,84.24160766601562,84.20738220214844,288.0,0.3090277777777778
1255,-0.5894541607857131,1.2913810597639657,1255,81.53657531738281,81.50349426269531,288.0,0.28125
1256,-0.22021724370160728,1.3584104958818892,1256,80.32896423339844,80.29631042480469,288.0,0.3090277777777778
1257,-0.11157855174201482,1.406576078404249,1257,85.8192138671875,85.78451538085938,288.0,0.2534722222222222
1258,-0.43395278611719273,1.4913538477064825,1258,83.83248138427734,83.79854583740234,288.0,0.2708333333333333
1259,0.086119210691383,1.5489826746174185,1259,83.32442474365234,83.29061889648438,288.0,0.2777777777777778
1260,-0.4897864184428867,1.3049626396338703,1260,83.04579162597656,83.01213836669922,288.0,0.25
1261,-0.3045981002299684,1.4120956809063923,1261,83.26797485351562,83.2344741821289,288.0,0.2569444444444444
1262,-0.1996404030890946,1.6223573387592138,1262,84.74893188476562,84.71517181396484,288.0,0.2708333333333333
1263,-0.5822977763617422,1.166642815599707,1263,83.73904418945312,83.70532989501953,288.0,0.2638888888888889
1264,-0.4963833307459606,1.3040608459309395,1264,84.85821533203125,84.8240966796875,288.0,0.2951388888888889
1265,-0.2245196453141773,1.4236121469490335,1265,78.87124633789062,78.83950805664062,288.0,0.2534722222222222
1266,-0.045531165072159756,1.5569940760626584,1266,83.41714477539062,83.38360595703125,288.0,0.2708333333333333
1267,-0.4222754555386698,1.4146184549808993,1267,81.46211242675781,81.42971801757812,288.0,0.2743055555555556
1268,-0.17646718242598267,1.6368226125685368,1268,84.06202697753906,84.02761840820312,288.0,0.2951388888888889
1269,-0.08938971709294116,1.3951698560354222,1269,85.14445495605469,85.11041259765625,288.0,0.2777777777777778
1270,-0.07180789988758132,1.6665378137484586,1270,84.403564453125,84.36951446533203,288.0,0.2777777777777778
1271,-0.44035333397392395,1.3977044453824763,1271,83.43435668945312,83.40037536621094,288.0,0.2847222222222222
1272,-0.4024364642294573,1.3574450912702238,1272,78.61138916015625,78.57987976074219,288.0,0.2673611111111111
1273,-0.4893362792966742,1.2726365822162213,1273,84.87020874023438,84.83612060546875,288.0,0.25
1274,-0.4233876434773879,1.3539639809924249,1274,83.34322357177734,83.30972290039062,288.0,0.2638888888888889
1275,-0.4311622471741241,1.315760071943203,1275,83.3690185546875,83.33554077148438,288.0,0.2534722222222222
1276,-0.16450447277817787,1.3768032989156063,1276,83.43805694580078,83.40446472167969,288.0,0.21180555555555555
1277,-0.23427634577524437,1.5020309259468632,1277,83.21776580810547,83.18460083007812,288.0,0.28125
1278,-0.35690269139315983,1.3759076416068898,1278,83.36082458496094,83.32699584960938,288.0,0.23958333333333334
1279,-0.5075909545544817,1.3403202418929219,1279,84.47525787353516,84.44141387939453,288.0,0.2881944444444444
1280,-0.15950344191181764,1.4587358569505193,1280,83.94708251953125,83.91350555419922,288.0,0.22916666666666666
1281,-0.4104491296240956,1.404220474013101,1281,83.99027252197266,83.95701599121094,288.0,0.2708333333333333
1282,0.052118610336614565,1.367122790687111,1282,83.50428771972656,83.47107696533203,288.0,0.2326388888888889
1283,-0.2718152491114602,1.4328106903373712,1283,83.5323715209961,83.49848937988281,288.0,0.23958333333333334
1284,-0.4845625027483557,1.2452801846425967,1284,84.56108093261719,84.52658081054688,288.0,0.2847222222222222
1285,-0.473341922068046,1.209402387885796,1285,81.69950103759766,81.66719055175781,288.0,0.24305555555555555
1286,-0.13232471195683143,1.4775053674557956,1286,83.45417785644531,83.42041015625,288.0,0.3159722222222222
1287,-0.4079063000703467,1.3796452374629014,1287,84.54364776611328,84.50968933105469,288.0,0.2881944444444444
1288,-0.5757359929781478,1.2729104398740658,1288,84.01290893554688,83.97895812988281,288.0,0.3194444444444444
1289,-0.3037756175772195,1.3581113902842314,1289,83.00685119628906,82.9736328125,288.0,0.2534722222222222
1290,-0.30146217461791985,1.337352365150383,1290,81.19854736328125,81.16580200195312,288.0,0.2986111111111111
1291,-0.1042031715816529,1.4407175519696975,1291,82.364501953125,82.3315200805664,288.0,0.2638888888888889
1292,-0.27239055381720134,1.4025416732179448,1292,84.62004089355469,84.58628845214844,288.0,0.24305555555555555
1293,-0.294980986698182,1.446838464721653,1293,84.13298034667969,84.09931945800781,288.0,0.2847222222222222
1294,-0.24812494657483805,1.4214560493600625,1294,83.43213653564453,83.39869689941406,288.0,0.3055555555555556
1295,-0.2040454999832363,1.2852901955377998,1295,81.64207458496094,81.60891723632812,288.0,0.2534722222222222
1296,-0.20231541748602577,1.6991036110788296,1296,81.72932434082031,81.69657897949219,288.0,0.2916666666666667
1297,-0.4697908883196583,1.3524175476309093,1297,82.91377258300781,82.88108825683594,288.0,0.2777777777777778
1298,-0.11130158874739335,1.3414677021504653,1298,84.34092712402344,84.30686950683594,288.0,0.2361111111111111
1299,-0.3026856885592435,1.4495270391606092,1299,82.37867736816406,82.34532928466797,288.0,0.2951388888888889
1300,-0.1263843298523311,1.351563826132711,1300,84.45913696289062,84.42562103271484,288.0,0.25
1301,-0.3264540189076834,1.5097226330602924,1301,82.5820083618164,82.54853820800781,288.0,0.25
1302,-0.5026378730940285,1.4259621460192344,1302,83.37675476074219,83.34278869628906,288.0,0.2743055555555556
1303,-0.5364000682609693,1.214728894642537,1303,85.10955810546875,85.07511901855469,288.0,0.2673611111111111
1304,-0.027837924268606158,1.4456956250862838,1304,80.76116943359375,80.72833251953125,288.0,0.25
1305,-0.03003215726099638,1.6150354812495455,1305,82.89115905761719,82.85798645019531,288.0,0.2777777777777778
1306,-0.21697633991764556,1.5206925849069528,1306,82.50415802001953,82.47093963623047,288.0,0.2534722222222222
1307,-0.3062301419491609,1.4332610564076345,1307,83.8774642944336,83.84356689453125,288.0,0.2708333333333333
1308,-0.3222567374453671,1.2816040825953188,1308,80.5837173461914,80.55067443847656,288.0,0.21180555555555555
1309,0.055487417151615884,1.3993331231948516,1309,84.0359878540039,84.00241088867188,288.0,0.23958333333333334
1310,-0.44794152396389464,1.3374554835430956,1310,84.34603881835938,84.31169128417969,288.0,0.2604166666666667
1311,-0.06941604387550981,1.6618200017374714,1311,82.56045532226562,82.52705383300781,288.0,0.2569444444444444
1312,-0.1035171753742361,1.6136970352942404,1312,82.49150848388672,82.45809936523438,288.0,0.22916666666666666
1313,-0.46350709927684897,1.2773654900573959,1313,80.72506713867188,80.69216918945312,288.0,0.2638888888888889
1314,-0.4102054829308893,1.0230805737494169,1314,83.17425537109375,83.14065551757812,288.0,0.24305555555555555
1315,-0.002855703910922528,1.4579257184859882,1315,83.30878448486328,83.27510833740234,288.0,0.22569444444444445
1316,0.4528292423141692,1.6453411039939536,1316,82.77790832519531,82.74456787109375,288.0,0.2152777777777778
1317,-0.4195583691493959,1.3330433438141707,1317,84.48417663574219,84.45042419433594,288.0,0.2326388888888889
1318,0.24160853293908374,1.6431135986209686,1318,81.5376205444336,81.50532531738281,288.0,0.2361111111111111
1319,-0.3021065279283963,1.37726822709296,1319,85.00064849853516,84.96652221679688,288.0,0.24305555555555555
1320,-0.4481543537354828,1.3157521463066428,1320,83.91870880126953,83.884765625,288.0,0.2673611111111111
1321,-0.45442855436125007,1.3320579553866407,1321,83.98484802246094,83.95094299316406,288.0,0.2708333333333333
1322,-0.5903410967605992,1.0778374547650762,1322,84.88026428222656,84.84573364257812,288.0,0.2326388888888889
1323,-0.3533952821688231,1.5053521300614876,1323,80.8905029296875,80.85751342773438,288.0,0.2847222222222222
1324,-0.48317228738756995,1.325753014295017,1324,83.41641998291016,83.38243103027344,288.0,0.2569444444444444
1325,0.3587589229939174,1.497149038049432,1325,84.6234130859375,84.58891296386719,288.0,0.20833333333333334
1326,0.2387783550162177,1.5865507093986742,1326,83.56576538085938,83.5318374633789,288.0,0.19791666666666666
1327,0.004544347377540071,1.5360280213933188,1327,84.0699462890625,84.03618621826172,288.0,0.24305555555555555
1328,-0.2929739955982079,1.3713970204250459,1328,81.47373962402344,81.44075775146484,288.0,0.21875
1329,0.18802884340247764,1.6237142594085197,1329,84.45354461669922,84.4194564819336,288.0,0.28125
1330,-0.2745498704970171,1.3393444048919292,1330,83.45878601074219,83.42498779296875,288.0,0.2673611111111111
1331,-0.24136112340346724,1.275877525732748,1331,81.90812683105469,81.87430572509766,288.0,0.22569444444444445
1332,-0.301008423169067,1.308508731447255,1332,82.35955810546875,82.32635498046875,288.0,0.2222222222222222
1333,-0.44929541583922966,1.273495215920823,1333,84.00596618652344,83.97174072265625,288.0,0.2673611111111111
1334,-0.39549305002348295,1.274822889277576,1334,82.81874084472656,82.78550720214844,288.0,0.2465277777777778
1335,-0.28264411893349933,1.3147310911270322,1335,83.8226318359375,83.78810119628906,288.0,0.21180555555555555
1336,-0.07174171452746508,1.3687736049987829,1336,84.18685913085938,84.1527099609375,288.0,0.22916666666666666
1337,-0.0321603719900511,1.389820017675293,1337,82.60694885253906,82.57318115234375,288.0,0.22916666666666666
1338,-0.07330980095368962,1.469728289152419,1338,84.09660339355469,84.06226348876953,288.0,0.2048611111111111
1339,-0.010660146512085541,1.566900869882297,1339,83.2899169921875,83.25618743896484,288.0,0.2847222222222222
1340,-0.5644960287609767,1.2492124525991324,1340,83.52836608886719,83.494384765625,288.0,0.2534722222222222
1341,-0.32702027255923766,1.3407546452111136,1341,83.28436279296875,83.25048828125,288.0,0.2361111111111111
1342,-0.22269803991037243,1.3826505796198165,1342,82.88677978515625,82.85409545898438,288.0,0.2604166666666667
1343,-0.2755821613052397,1.56734388998829,1343,80.33444213867188,80.30215454101562,288.0,0.2361111111111111
1344,-0.08113222828482208,1.6283872999467324,1344,82.92280578613281,82.88937377929688,288.0,0.21875
1345,0.4085949531320592,1.6849247927626727,1345,83.24292755126953,83.20932006835938,288.0,0.2326388888888889
1346,0.157826849380257,1.5445383419755534,1346,83.20433044433594,83.17086791992188,288.0,0.23958333333333334
1347,0.06715044051288989,1.509890712777981,1347,82.01004028320312,81.97732543945312,288.0,0.25
1348,-0.49568259651347607,1.1781702915500751,1348,81.82720184326172,81.79415893554688,288.0,0.2673611111111111
1349,-0.2623983520853778,1.440168302700455,1349,84.2820816040039,84.24794006347656,288.0,0.28125
1350,-0.08855650851458156,1.4219047852347617,1350,81.64247131347656,81.60999298095703,288.0,0.23958333333333334
1351,-0.1972156691675299,1.5077935264304698,1351,79.76956176757812,79.73761749267578,288.0,0.2743055555555556
1352,-0.30295644214321726,1.3641289532901644,1352,83.87930297851562,83.845458984375,288.0,0.2569444444444444
1353,-0.073576724587397,1.4539072632405707,1353,85.22393035888672,85.19021606445312,288.0,0.22569444444444445
1354,-0.5228067724174257,1.2070572030186533,1354,84.22431945800781,84.1903076171875,288.0,0.2534722222222222
1355,-0.030841454901376242,1.4789337490127592,1355,83.68675994873047,83.65340423583984,288.0,0.2222222222222222
1356,-0.024583246976693545,1.558147576717553,1356,83.61921691894531,83.5855941772461,288.0,0.2465277777777778
1357,0.06886320880628403,1.5911361768422891,1357,82.89555358886719,82.86190032958984,288.0,0.2534722222222222
1358,-0.06997899698009416,1.469337692319177,1358,83.12935638427734,83.09550476074219,288.0,0.2222222222222222
1359,-0.15292416728997787,1.455792107533849,1359,82.1552734375,82.12226104736328,288.0,0.2152777777777778
1360,-0.17167236176793388,1.288249636677574,1360,82.4088134765625,82.37596130371094,288.0,0.25
1361,-0.1398113394031372,1.5215410450901286,1361,83.59265899658203,83.5587158203125,288.0,0.2673611111111111
1362,-0.46094698461624517,1.305398890187316,1362,84.25764465332031,84.22422790527344,288.0,0.2673611111111111
1363,-0.17811445861420394,1.408352918777738,1363,83.86441040039062,83.83112335205078,288.0,0.24305555555555555
1364,-0.30992428481421225,1.2047287767305839,1364,84.31712341308594,84.28268432617188,288.0,0.24305555555555555
1365,-0.1600951592378631,1.474473143800794,1365,84.41110229492188,84.37666320800781,288.0,0.2638888888888889
1366,-0.1781812164941691,1.6114214563171236,1366,82.65838623046875,82.6251449584961,288.0,0.2222222222222222
1367,-0.3126174446578538,1.3018634566362788,1367,84.82553100585938,84.79121398925781,288.0,0.2708333333333333
1368,0.06737001218175659,1.5169613099663444,1368,84.21620178222656,84.1822509765625,288.0,0.20833333333333334
1369,-0.49745571063454463,1.3490931438879832,1369,82.92611694335938,82.89285278320312,288.0,0.2604166666666667
1370,-0.1265489244812098,1.2948189611798517,1370,84.21455383300781,84.1805419921875,288.0,0.21875
1371,-0.18539920758711745,1.4312149003088197,1371,82.80722045898438,82.77397918701172,288.0,0.2048611111111111
1372,0.16937347197538954,1.3052811148504686,1372,83.13153076171875,83.09777069091797,288.0,0.2048611111111111
1373,-0.3164962431860258,1.2665421140244129,1373,83.15174102783203,83.11865234375,288.0,0.2604166666666667
1374,0.18060218533940822,1.5716173653776568,1374,82.6529769897461,82.61964416503906,288.0,0.2152777777777778
1375,0.3367564259546183,1.6778288802156662,1375,81.68232727050781,81.64915466308594,288.0,0.2013888888888889
1376,-0.12617483413793662,1.3426205463851202,1376,83.94861602783203,83.91455078125,288.0,0.2638888888888889
1377,-0.5684289813651779,1.1583207133249804,1377,82.76387023925781,82.73054504394531,288.0,0.21180555555555555
1378,0.016722417393146297,1.5468173215525611,1378,82.76293182373047,82.72924041748047,288.0,0.25
1379,-0.0853846698371507,1.5894593005312532,1379,83.23223876953125,83.1983642578125,288.0,0.2777777777777778
1380,-0.18689268216021923,1.328013805992007,1380,83.33462524414062,83.30091857910156,288.0,0.2569444444444444
1381,0.13693714160088286,1.4376369181049258,1381,83.26185607910156,83.2281494140625,288.0,0.22916666666666666
1382,-0.3836970293392201,1.4106033099882047,1382,84.24775695800781,84.2139663696289,288.0,0.24305555555555555
1383,-0.29134902852416095,1.3107467426329522,1383,83.20331573486328,83.17015075683594,288.0,0.2465277777777778
1384,0.012885154700399045,1.4197957226337439,1384,82.76868438720703,82.73530578613281,288.0,0.22916666666666666
1385,-0.060255531554695124,1.3870570642703965,1385,82.64936828613281,82.61637115478516,288.0,0.2534722222222222
1386,-0.37398277752287296,1.5015612404941783,1386,83.66278076171875,83.62906646728516,288.0,0.2881944444444444
1387,-0.34639253989885727,1.4276637101623864,1387,83.86002349853516,83.82600402832031,288.0,0.2638888888888889
1388,0.2192606379959525,1.5496709101910193,1388,83.47335052490234,83.43946838378906,288.0,0.2326388888888889
1389,-0.2763217221261121,1.5610227339087321,1389,83.91058349609375,83.87644958496094,288.0,0.2847222222222222
1390,0.28855980764386174,1.7333505637161692,1390,81.977783203125,81.94397735595703,288.0,0.21875
1391,0.26090187729144687,1.5097347416244185,1391,83.78166198730469,83.74748229980469,288.0,0.1875
1392,-0.4416926393646038,1.3243398444089904,1392,83.01768493652344,82.98405456542969,288.0,0.2743055555555556
1393,-0.1383091726728134,1.4572187484729051,1393,84.33442687988281,84.29975128173828,288.0,0.2777777777777778
1394,0.025974829097900425,1.4462265749992762,1394,83.88468933105469,83.85081481933594,288.0,0.25
1395,0.030632913095672794,1.512983706826893,1395,83.76751708984375,83.73334503173828,288.0,0.2604166666666667
1396,-0.41483060945378586,1.2061872138332788,1396,84.65194702148438,84.6177978515625,288.0,0.2152777777777778
1397,-0.19207180307881877,1.3803931528357942,1397,84.89848327636719,84.86384582519531,288.0,0.24305555555555555
1398,-0.05051221378981767,1.4206936150007545,1398,83.20223999023438,83.16793060302734,288.0,0.23958333333333334
1399,0.16800258470938736,1.6495646431725726,1399,84.16019439697266,84.12628173828125,288.0,0.22569444444444445
1400,0.3598715919891122,1.497484456401719,1400,82.61372375488281,82.57997131347656,288.0,0.20833333333333334
1401,0.5185944974108843,1.5812212501483596,1401,84.12491607666016,84.09104919433594,288.0,0.21875
1402,-0.04910610756822423,1.3787218700210633,1402,84.33906555175781,84.30484008789062,288.0,0.1875
1403,-0.37075812411987996,1.376272626454428,1403,82.61268615722656,82.57882690429688,288.0,0.25
1404,-0.3414009866654102,1.2054758455652133,1404,82.50799560546875,82.47415924072266,288.0,0.2326388888888889
1405,-0.053680186206531616,1.5824621782546342,1405,81.9477310180664,81.91474151611328,288.0,0.2326388888888889
1406,-0.46869240871861656,1.432296083540274,1406,82.30279541015625,82.26950073242188,288.0,0.2673611111111111
1407,0.08071732852971042,1.5657051507199042,1407,83.03814697265625,83.004150390625,288.0,0.2465277777777778
1408,-0.23049611021503102,1.3508519449074818,1408,84.66543579101562,84.6312026977539,288.0,0.2048611111111111
1409,-0.3962153563903916,1.2849612414412352,1409,84.50878143310547,84.47459411621094,288.0,0.2569444444444444
1410,0.18542578477561703,1.4850844697835421,1410,83.57347106933594,83.54032897949219,288.0,0.2048611111111111
1411,-0.36782640487891294,1.2610028725182132,1411,82.91596984863281,82.88249206542969,288.0,0.2465277777777778
1412,0.19850491657626554,1.5379552690870733,1412,84.20443725585938,84.17031860351562,288.0,0.21180555555555555
1413,0.4688942962683949,1.6123693846732055,1413,84.07986450195312,84.046142578125,288.0,0.2048611111111111
1414,0.1462490533104694,1.604298989436435,1414,82.43618774414062,82.40299987792969,288.0,0.23958333333333334
1415,0.03763256122598461,1.4597328337765973,1415,82.75135803222656,82.71768188476562,288.0,0.2048611111111111
1416,-0.34592621882973185,1.3152518920336094,1416,82.14248657226562,82.10948181152344,288.0,0.2222222222222222
1417,-0.10260760783737512,1.4983974721501252,1417,85.05570220947266,85.0210952758789,288.0,0.2465277777777778
1418,0.09963855957616463,1.3727035187923935,1418,80.05357360839844,80.02075958251953,288.0,0.20833333333333334
1419,-0.12116873323566349,1.3354153649996015,1419,82.99539184570312,82.96183013916016,288.0,0.22569444444444445
1420,-0.14243301054026725,1.2574066262680703,1420,84.893798828125,84.85889434814453,288.0,0.19444444444444445
1421,-0.4268738764488609,1.1663831621655811,1421,81.41704559326172,81.38319396972656,288.0,0.2673611111111111
1422,-0.41600350030750805,1.3274421354676913,1422,84.6337890625,84.59954833984375,288.0,0.2361111111111111
1423,0.09513158219252135,1.403350574398217,1423,83.95207977294922,83.91845703125,288.0,0.20833333333333334
1424,-0.254251027247568,1.318581721590038,1424,84.316162109375,84.28173828125,288.0,0.2604166666666667
1425,0.09088319210050508,1.3316868892517044,1425,84.87435150146484,84.83990478515625,288.0,0.1736111111111111
1426,0.008888664426641194,1.6593322291324515,1426,81.46251678466797,81.42886352539062,288.0,0.22569444444444445
1427,0.029953603485908666,1.3963712470778018,1427,79.06048583984375,79.02787017822266,288.0,0.19791666666666666
1428,0.024097767301331494,1.4562134032254423,1428,84.06584930419922,84.03260803222656,288.0,0.2013888888888889
1429,-0.4331947266724652,1.1989777137951898,1429,82.83092498779297,82.79741668701172,288.0,0.21180555555555555
1430,-0.07629272018105777,1.4089986772548309,1430,84.63668823242188,84.60238647460938,288.0,0.2326388888888889
1431,0.4529911938697059,1.481497131494132,1431,84.14547729492188,84.11124420166016,288.0,0.2152777777777778
1432,0.021048248967259604,1.7012696797131734,1432,82.13421630859375,82.10095977783203,288.0,0.28125
1433,-0.0028414688756843286,1.5270802487168391,1433,83.60081481933594,83.56685638427734,288.0,0.2638888888888889
1434,-0.3368916492562013,1.310319198017414,1434,81.0849609375,81.05253601074219,288.0,0.22569444444444445
1435,-0.1146871734537025,1.3437878265587884,1435,77.93718719482422,77.90575408935547,288.0,0.2048611111111111
1436,-0.08975375274015535,1.3143686646163095,1436,83.62643432617188,83.59295654296875,288.0,0.2361111111111111
1437,0.14964416728583116,1.6377932811608173,1437,80.23808288574219,80.20510864257812,288.0,0.2638888888888889
1438,-0.2909572400203906,1.4091786616550213,1438,81.2780990600586,81.24474334716797,288.0,0.2569444444444444
1439,-0.39442908295258206,1.2931044089567847,1439,77.55830383300781,77.5267333984375,288.0,0.24305555555555555
1440,-0.39465207414824205,1.2133523370440407,1440,83.55548095703125,83.52212524414062,288.0,0.21875
1441,-0.10806862028802068,1.5381818385490924,1441,81.73614501953125,81.70289611816406,288.0,0.2534722222222222
1442,-0.22205492572992871,1.2157127197239095,1442,83.49701690673828,83.46350860595703,288.0,0.2048611111111111
1443,-0.13214304356299478,1.3994377697217777,1443,84.745849609375,84.71258544921875,288.0,0.2326388888888889
1444,0.025264437398359523,1.49228678503718,1444,83.76155090332031,83.7280044555664,288.0,0.22916666666666666
1445,-0.05136715985968175,1.6264443325823328,1445,83.26510620117188,83.23179626464844,288.0,0.25
1446,0.03401549732724277,1.298453471307173,1446,83.0159683227539,82.98211669921875,288.0,0.19444444444444445
1447,-0.44287173745130654,1.4074234747651273,1447,84.00199127197266,83.96820831298828,288.0,0.2638888888888889
1448,-0.10148798505260731,1.4385479973396107,1448,83.70629119873047,83.67230224609375,288.0,0.2326388888888889
1449,-0.24031469917504136,1.1551039417341569,1449,81.8251953125,81.79215240478516,288.0,0.2152777777777778
1450,-0.39512040182930264,1.3352029512203363,1450,83.31851196289062,83.28453063964844,288.0,0.2152777777777778
1451,-0.06894173252434374,1.4567997913389785,1451,83.42701721191406,83.39352416992188,288.0,0.2777777777777778
1452,0.19002299185309723,1.4330519929192966,1452,82.47483825683594,82.44132995605469,288.0,0.2361111111111111
1453,-0.22418442316999204,1.239623200239153,1453,83.76646423339844,83.73313903808594,288.0,0.21180555555555555
1454,0.5930033152741321,1.6574156759274856,1454,83.37408447265625,83.34040069580078,288.0,0.19444444444444445
1455,0.15818753545655176,1.4617552837123113,1455,81.59844970703125,81.56520080566406,288.0,0.2222222222222222
1456,-0.0021164647020197355,1.5278867954197375,1456,83.99922180175781,83.96541595458984,288.0,0.2708333333333333
1457,0.7677712007617773,1.672433622734301,1457,82.79396057128906,82.76058959960938,288.0,0.1875
1458,-0.15924036422571855,1.4302384423321073,1458,83.792724609375,83.75907135009766,288.0,0.2222222222222222
1459,0.5198386897107752,1.453618684110906,1459,84.61834716796875,84.58378601074219,288.0,0.18055555555555555
1460,-0.009935142732336755,1.3620413519643666,1460,80.27201080322266,80.239013671875,288.0,0.2361111111111111
1461,-0.24899628833237028,1.405755566985343,1461,82.2200927734375,82.18659973144531,288.0,0.2604166666666667
1462,-0.010252919270594692,1.5178816325382818,1462,83.82186889648438,83.78762817382812,288.0,0.2638888888888889
1463,0.209051813090407,1.4182819271305966,1463,76.81121826171875,76.77975463867188,288.0,0.20833333333333334
1464,0.21025513596882073,1.3637413769578102,1464,82.43386840820312,82.40057373046875,288.0,0.20833333333333334
1465,0.17808479735372262,1.357509296182262,1465,83.29248809814453,83.25875854492188,288.0,0.1840277777777778
1466,0.5263161993708102,1.7550719935582644,1466,82.68864440917969,82.65521240234375,288.0,0.1840277777777778
1467,-0.3087526884376859,1.410821795564621,1467,83.58284759521484,83.5486831665039,288.0,0.2569444444444444
1468,-0.0002135769286061172,1.384318860438965,1468,79.41954803466797,79.38661193847656,288.0,0.21180555555555555
1469,-0.36459765749418416,1.2609348211582585,1469,83.13278198242188,83.09880828857422,288.0,0.2326388888888889
1470,-0.18646211601401172,1.2077256717229359,1470,83.45341491699219,83.41962432861328,288.0,0.2013888888888889
1471,-0.11680496736643425,1.2282474006086679,1471,83.09228515625,83.05789184570312,288.0,0.21875
1472,-0.0962297713535159,1.3000051443723395,1472,83.21725463867188,83.18368530273438,288.0,0.2048611111111111
1473,0.7048809578453095,1.4553140542910556,1473,83.728271484375,83.69403839111328,288.0,0.1736111111111111
1474,-0.1959615381903689,1.2500767263546901,1474,83.58231353759766,83.54813385009766,288.0,0.2048611111111111
1475,-0.2635636038643496,1.3328153193940966,1475,82.28108978271484,82.24784088134766,288.0,0.2152777777777778
1476,0.005632656370510099,1.3768440423572,1476,82.04690551757812,82.01388549804688,288.0,0.2013888888888889
1477,-0.2920854291179167,1.2241290500156188,1477,82.9810791015625,82.94819641113281,288.0,0.22569444444444445
1478,0.12936989969567983,1.600161921755869,1478,82.96351623535156,82.9298324584961,288.0,0.21875
1479,0.17418754233896022,1.4839827037546423,1479,83.36639404296875,83.33200073242188,288.0,0.21180555555555555
1480,-0.4119093200699846,1.3464541412744377,1480,81.56468200683594,81.53097534179688,288.0,0.2465277777777778
1481,0.9390058776403261,1.6085386057776903,1481,80.95662689208984,80.92373657226562,288.0,0.1909722222222222
1482,-0.2744666275119418,1.1977723975460857,1482,83.8429183959961,83.80923461914062,288.0,0.20833333333333334
1483,0.023257912008360818,1.3742876621193016,1483,83.12100982666016,83.08732604980469,288.0,0.2048611111111111
1484,0.7746451497609477,1.587266903706924,1484,83.88650512695312,83.85244750976562,288.0,0.2048611111111111
1485,-0.24908768553851374,1.2583883768008268,1485,81.24522399902344,81.21223449707031,288.0,0.24305555555555555
1486,-0.13446661974922222,1.5482487533171552,1486,83.85440063476562,83.81986236572266,288.0,0.21875
1487,0.046069318090386314,1.3632181674793604,1487,81.05923461914062,81.02597045898438,288.0,0.19791666666666666
1488,-0.08392358493196629,1.2865054321120557,1488,83.00778198242188,82.97380065917969,288.0,0.19791666666666666
1489,-0.10358267208368876,1.3664362225313853,1489,83.10153198242188,83.0677490234375,288.0,0.2465277777777778
1490,-0.14008866218390156,1.3049491358870455,1490,81.84842681884766,81.81527709960938,288.0,0.23958333333333334
1491,-0.22680276457140902,1.3715376405627258,1491,83.5839614868164,83.55009460449219,288.0,0.2465277777777778
1492,-0.11301213439416974,1.2285321744773186,1492,82.75955200195312,82.72621154785156,288.0,0.2048611111111111
1493,-0.2571706847971642,1.14269763815113,1493,82.19668579101562,82.16344451904297,288.0,0.2361111111111111
1494,0.019631554467029404,1.4090849888194905,1494,83.07594299316406,83.0426025390625,288.0,0.2569444444444444
1495,0.05877686127445622,1.4589728747408588,1495,83.08439636230469,83.05028533935547,288.0,0.1909722222222222
1496,-0.15368029047262366,1.1927651555593508,1496,83.11367797851562,83.07914733886719,288.0,0.2048611111111111
1497,-0.41797470509816875,1.136857938449255,1497,83.55119323730469,83.5177993774414,288.0,0.1909722222222222
1498,-0.37631875181084734,1.325624898176417,1498,84.90611267089844,84.87175750732422,288.0,0.2638888888888889
1499,-0.26263213431690413,1.2741099741694224,1499,83.50935363769531,83.47628784179688,288.0,0.24305555555555555
1500,0.0013341494267558164,1.418491788510736,1500,81.42948913574219,81.39645385742188,288.0,0.2361111111111111
1501,-0.12331421089524815,1.462027794946814,1501,79.93083953857422,79.89850616455078,288.0,0.22569444444444445
1502,0.26955613722934785,1.380157575645043,1502,82.9206771850586,82.88721466064453,288.0,0.19444444444444445
1503,0.5226980453046248,1.5026221838783573,1503,83.76846313476562,83.73504638671875,288.0,0.2048611111111111
1504,0.10471305318203387,1.3544924276922763,1504,84.04925537109375,84.01478576660156,288.0,0.21180555555555555
1505,0.2925141834382379,1.5323047665823966,1505,82.25209045410156,82.21865844726562,288.0,0.1875
1506,0.06843508677744825,1.3280964234164436,1506,82.13259887695312,82.09883117675781,288.0,0.2013888888888889
1507,-0.3223968828625909,1.2793430877980598,1507,83.27285766601562,83.23956298828125,288.0,0.24305555555555555
1508,-0.01655757206392905,1.3906247757140064,1508,84.31317138671875,84.27865600585938,288.0,0.2152777777777778
1509,0.2906265480353758,1.6822496513160305,1509,81.14327239990234,81.1103515625,288.0,0.2361111111111111
1510,-0.33372502314326913,1.3849960384675601,1510,83.73198699951172,83.6983642578125,288.0,0.2604166666666667
1511,-0.18410116567741006,1.321286304324926,1511,80.98201751708984,80.94866943359375,288.0,0.22569444444444445
1512,0.04570421877168765,1.5173509882582432,1512,84.5038833618164,84.46988677978516,288.0,0.2743055555555556
1513,0.4582732913351446,1.459829202317348,1513,80.95726013183594,80.92400360107422,288.0,0.19444444444444445
1514,0.1392599345944073,1.5240850432282842,1514,83.02433776855469,82.99037170410156,288.0,0.23958333333333334
1515,-0.4296779501587576,1.350185760446843,1515,83.76397705078125,83.73060607910156,288.0,0.2673611111111111
1516,-0.20018882061607393,1.3295405845969068,1516,83.95248413085938,83.91828918457031,288.0,0.2604166666666667
1517,0.3179695974093552,1.383824402949046,1517,82.04153442382812,82.00796508789062,288.0,0.18055555555555555
1518,-0.1604339248963319,1.373378770287594,1518,83.98832702636719,83.95438385009766,288.0,0.2222222222222222
1519,-0.19785584018763305,1.243722368259752,1519,83.160400390625,83.12641906738281,288.0,0.2048611111111111
1520,-0.22114175486502066,1.551824636063391,1520,82.91102600097656,82.87808227539062,288.0,0.21180555555555555
1521,-0.12545932502962312,1.3610570153367734,1521,84.54877471923828,84.51425170898438,288.0,0.19791666666666666
1522,-0.12731016014040153,1.415618210492581,1522,84.33332824707031,84.299560546875,288.0,0.2222222222222222
1523,-0.30448700605212753,1.1336160838062037,1523,82.0660171508789,82.03280639648438,288.0,0.2013888888888889
1524,-0.0639661454935924,1.4084245958823707,1524,83.46248626708984,83.42848205566406,288.0,0.23958333333333334
1525,-0.224153547060586,1.3846886626129524,1525,83.25745391845703,83.22403717041016,288.0,0.21180555555555555
1526,-0.014095536293014386,1.1874103611891684,1526,82.12645721435547,82.09275817871094,288.0,0.1840277777777778
1527,-0.22108448843689865,1.2083414245803974,1527,82.33073425292969,82.29741668701172,288.0,0.20833333333333334
1528,-0.09027775839585178,1.3500394428902152,1528,83.75977325439453,83.72592163085938,288.0,0.17708333333333334
1529,-0.07864292578241233,1.3077065432438204,1529,80.87752532958984,80.84440612792969,288.0,0.2152777777777778
1530,0.078048290609602,1.375978999140242,1530,84.11527252197266,84.08120727539062,288.0,0.2048611111111111
1531,0.19855291605200315,1.4775795121022246,1531,82.31977844238281,82.28564453125,288.0,0.22916666666666666
1532,-0.4131789471235784,1.3268995599709204,1532,82.54029083251953,82.50634765625,288.0,0.24305555555555555
1533,-0.41159439646711254,1.4414562690805586,1533,82.94200134277344,82.90878295898438,288.0,0.2465277777777778
1534,-0.254631928723048,1.3348247548464705,1534,83.49857330322266,83.46443176269531,288.0,0.2048611111111111
1535,0.022273986588200553,1.4708433742589584,1535,83.03785705566406,83.0042724609375,288.0,0.21875
1536,-0.19121453636744304,1.312722191447658,1536,83.98960876464844,83.95562744140625,288.0,0.2013888888888889
1537,-0.24789815897810896,1.3003521450100999,1537,83.0791015625,83.04537963867188,288.0,0.24305555555555555
1538,0.35335628066062363,1.6174765643949045,1538,83.59303283691406,83.55961608886719,288.0,0.19444444444444445
1539,-0.20577390818818161,1.2858351246697162,1539,83.24041748046875,83.20702362060547,288.0,0.19791666666666666
1540,-0.09948411420782051,1.2920845461057109,1540,82.75579833984375,82.72218322753906,288.0,0.21875
1541,-0.21046928260406417,1.370403819645052,1541,83.09141540527344,83.05783081054688,288.0,0.2013888888888889
1542,0.038465938106512026,1.6093598146052677,1542,83.05451965332031,83.02110290527344,288.0,0.1840277777777778
1543,-0.2182008100118632,1.087099100238022,1543,84.35038757324219,84.31645202636719,288.0,0.21180555555555555
1544,-0.3667854805181682,1.3249955955612063,1544,82.925537109375,82.89199829101562,288.0,0.21875
1545,-0.34539608897538554,1.351567700629049,1545,79.53955841064453,79.50741577148438,288.0,0.1909722222222222
1546,0.1443926245273754,1.336953838674871,1546,83.70047760009766,83.66680908203125,288.0,0.16666666666666666
1547,0.06029709240681756,1.3537836229762723,1547,83.27740478515625,83.24351501464844,288.0,0.20833333333333334
1548,-0.5082966140174361,1.2198856611695728,1548,80.33726501464844,80.30430603027344,288.0,0.22569444444444445
1549,-0.32923908899930754,1.2074176962662118,1549,82.75041961669922,82.71675109863281,288.0,0.19791666666666666
1550,-0.2653998029634988,1.2233290763476128,1550,82.39584350585938,82.36221313476562,288.0,0.21875
1551,-0.3514738792433434,1.2284529699632458,1551,82.96400451660156,82.93019104003906,288.0,0.2326388888888889
1552,-0.16420082492411953,1.3098165873859389,1552,83.34700012207031,83.31331634521484,288.0,0.22916666666666666
1553,-0.18168682380164922,1.2708229700756501,1553,81.99307250976562,81.95974731445312,288.0,0.2013888888888889
1554,0.09904226528300882,1.5929785047496219,1554,82.69288635253906,82.65965270996094,288.0,0.22916666666666666
1555,-0.08073865781092253,1.3483212458584606,1555,81.0513916015625,81.01908111572266,288.0,0.1701388888888889
1556,0.08747970042824606,1.478722888273422,1556,81.58068084716797,81.54752349853516,288.0,0.16666666666666666
1557,-0.28450270018996665,0.9226970603838711,1557,80.46563720703125,80.43301391601562,288.0,0.1840277777777778
1558,0.36906235498916184,1.5651858061826724,1558,83.98700714111328,83.95307922363281,288.0,0.22569444444444445
1559,0.027118472654904153,1.4877828426500899,1559,82.72651672363281,82.69320678710938,288.0,0.1701388888888889
1560,0.16994321562793405,1.3506607343090282,1560,83.49813079833984,83.46366882324219,288.0,0.1909722222222222
1561,-0.16108915023335435,1.3635336520963537,1561,83.48084259033203,83.44683837890625,288.0,0.1909722222222222
1562,-0.45549535334031055,1.2008667826897201,1562,82.39056396484375,82.35658264160156,288.0,0.2013888888888889
1563,-0.46183823148261954,1.2393879293558239,1563,84.50360107421875,84.47003173828125,288.0,0.21875
1564,-0.5534618853170711,1.107514897403146,1564,84.485107421875,84.45143127441406,288.0,0.19444444444444445
1565,-0.262685505696756,1.0609207047755407,1565,82.49681091308594,82.46316528320312,288.0,0.15625
1566,0.3290146666651302,1.4821137421663915,1566,83.14617919921875,83.11251831054688,288.0,0.18055555555555555
1567,-0.31756492148833104,1.182239895255678,1567,82.06912231445312,82.0357666015625,288.0,0.22916666666666666
1568,0.23863854667500295,1.5397580333154244,1568,82.13517761230469,82.10295867919922,288.0,0.15625
1569,-0.1575527652657457,1.1176631513649267,1569,81.1962661743164,81.16315460205078,288.0,0.2222222222222222
1570,0.3052184080739171,1.2682129562719613,1570,83.98080444335938,83.94660186767578,288.0,0.1597222222222222
1571,0.2829402070074551,1.4543984517230495,1571,80.6427993774414,80.60982513427734,288.0,0.2013888888888889
1572,0.13227848177380114,1.4241804745399573,1572,82.84765625,82.81362915039062,288.0,0.2048611111111111
1573,-0.3632011913685027,1.120089691972155,1573,81.89175415039062,81.85888671875,288.0,0.1840277777777778
1574,0.2774066009365994,1.5023468952728707,1574,83.51458740234375,83.48097229003906,288.0,0.18055555555555555
1575,-0.2072558236943579,1.2962211759072941,1575,82.04322052001953,82.0094985961914,288.0,0.20833333333333334
1576,0.04219675958248028,1.2870150266550595,1576,80.8841552734375,80.85128021240234,288.0,0.2013888888888889
1577,0.00789893959441226,1.4398463906169519,1577,80.914794921875,80.88145446777344,288.0,0.21875
1578,0.7180838548967271,1.4580738152783344,1578,83.67927551269531,83.64518737792969,288.0,0.19791666666666666
1579,0.5172977243947517,1.3937870669624608,1579,82.43891143798828,82.40545654296875,288.0,0.16666666666666666
1580,-0.11300500214541787,1.4401111067105365,1580,83.41476440429688,83.380615234375,288.0,0.2361111111111111
1581,0.07923243608383006,1.3664356665746793,1581,83.22439575195312,83.19084167480469,288.0,0.2013888888888889
1582,-0.32618208307922747,1.1596719695834932,1582,84.66700744628906,84.63227081298828,288.0,0.19444444444444445
1583,0.027583036164612947,1.3342289757330776,1583,82.81028747558594,82.77703857421875,288.0,0.1736111111111111
1584,0.5718689182698817,1.5609761468543928,1584,80.15202331542969,80.11895751953125,288.0,0.21180555555555555
1585,0.5406387987763358,1.6351853156193565,1585,83.99720764160156,83.96316528320312,288.0,0.18055555555555555
1586,-0.37958122839773645,1.3986526730858637,1586,81.40037536621094,81.367431640625,288.0,0.2673611111111111
1587,0.04371109073558347,1.4588516933886326,1587,83.47438049316406,83.44056701660156,288.0,0.22569444444444445
1588,0.5400986725715263,1.5622455181302775,1588,84.41268157958984,84.3779525756836,288.0,0.18055555555555555
1589,0.39704541525597165,1.5465109112432196,1589,83.4688949584961,83.43499755859375,288.0,0.1701388888888889
1590,-0.0029452218323477255,1.2744806187877176,1590,81.11298370361328,81.07974243164062,288.0,0.2152777777777778
1591,-0.37167950267990285,0.9825554290422143,1591,79.88784790039062,79.85521697998047,288.0,0.2222222222222222
1592,0.2244675020609601,1.4832507058029167,1592,80.69882202148438,80.66571044921875,288.0,0.21180555555555555
1593,-0.15440393608775393,1.5156501617952842,1593,84.62857818603516,84.5941162109375,288.0,0.2326388888888889
1594,0.030206417299967044,1.2184003449562792,1594,83.25718688964844,83.22395324707031,288.0,0.15625
1595,-0.13109237053517883,1.3764622051837723,1595,83.55252075195312,83.51863098144531,288.0,0.1909722222222222
1596,0.24782260933098066,1.598868180110622,1596,81.12574768066406,81.09312438964844,288.0,0.20833333333333334
1597,0.06591132547460105,1.4647498301801432,1597,83.74459075927734,83.7102279663086,288.0,0.21875
1598,0.5349563332457159,1.5173419537340767,1598,82.28065490722656,82.24725341796875,288.0,0.2048611111111111
1599,-0.05685148643554069,1.2861738361823118,1599,81.96623229980469,81.9323501586914,288.0,0.21180555555555555
1600,0.3149313946458506,1.540492333820917,1600,84.63453674316406,84.6004638671875,288.0,0.125
1601,-0.06577786164715639,1.471668097259606,1601,83.893798828125,83.85972595214844,288.0,0.20833333333333334
1602,0.09954311324609917,1.4893654912500527,1602,83.76307678222656,83.7295150756836,288.0,0.1736111111111111
1603,0.09606729951606749,1.3494125795561702,1603,84.91031646728516,84.87596130371094,288.0,0.1701388888888889
1604,0.48387202943002805,1.4240808532961358,1604,82.83641052246094,82.80337524414062,288.0,0.14583333333333334
1605,0.6739952626884319,1.5694406347464278,1605,83.25430297851562,83.220947265625,288.0,0.1875
1606,-0.1135807560193926,1.3688517283024748,1606,83.25689697265625,83.22335815429688,288.0,0.2013888888888889
1607,0.07316309575362602,1.3940854900881863,1607,82.70687103271484,82.67326354980469,288.0,0.1909722222222222
1608,-0.08656232146437436,1.2538627544572158,1608,83.51826477050781,83.48399353027344,288.0,0.1909722222222222
1609,-0.33583086398607975,1.330629218142645,1609,83.6563491821289,83.62239074707031,288.0,0.2013888888888889
1610,-0.44904659996821805,1.1882369448725871,1610,84.04754638671875,84.01354217529297,288.0,0.1909722222222222
1611,0.026044798975359582,1.3090655442699475,1611,82.21383666992188,82.18048858642578,288.0,0.2013888888888889
1612,0.3134228625989418,1.3457898243512836,1612,83.2286376953125,83.1954574584961,288.0,0.15625
1613,-0.38858524107813097,1.0902618088865468,1613,83.09262084960938,83.05854034423828,288.0,0.17708333333333334
1614,0.31872682350672504,1.5455931324092174,1614,83.14924621582031,83.11546325683594,288.0,0.2152777777777778
1615,-0.1748452758558445,1.250787472420217,1615,81.40247344970703,81.36990356445312,288.0,0.1875
1616,0.14158477230703304,1.377524651436125,1616,81.72827911376953,81.69471740722656,288.0,0.21180555555555555
1617,-0.22466385486925658,1.0389831517688437,1617,82.81327056884766,82.7796859741211,288.0,0.2152777777777778
1618,0.3097072123167273,1.4629959135403174,1618,83.95877075195312,83.92501068115234,288.0,0.1840277777777778
1619,0.05666266978629856,1.4940600777302213,1619,81.99809265136719,81.96453857421875,288.0,0.20833333333333334
1620,-0.09423399922624799,1.2095310965311439,1620,83.92732238769531,83.89334869384766,288.0,0.17708333333333334
1621,0.12700208859533826,1.401713453361616,1621,83.59028625488281,83.55625915527344,288.0,0.17708333333333334
1622,0.051036207384098614,1.4197813997841169,1622,82.58610534667969,82.55282592773438,288.0,0.21875
1623,-0.09431349122461682,1.3435202267773025,1623,82.92939758300781,82.89570617675781,288.0,0.1875
1624,-0.25232528708013796,1.2567871329831792,1624,82.25065612792969,82.21746826171875,288.0,0.1840277777777778
1625,-0.33941519267542464,1.334941499615315,1625,81.72747802734375,81.69467163085938,288.0,0.19791666666666666
1626,-0.3879908979524276,1.0242126015833408,1626,80.16856384277344,80.13664245605469,288.0,0.1701388888888889
1627,-0.05524521196944167,1.355416526256324,1627,83.23265075683594,83.19911193847656,288.0,0.1701388888888889
1628,0.56114943794576,1.3550667120970545,1628,83.64019012451172,83.60643768310547,288.0,0.1840277777777778
1629,-0.358582489004192,1.2224900769342903,1629,84.439697265625,84.40579986572266,288.0,0.2048611111111111
1630,-0.1039487332966626,1.2909583384453567,1630,84.31559753417969,84.28169250488281,288.0,0.1701388888888889
1631,0.5133688116758666,1.6652575778065,1631,80.73373413085938,80.70170593261719,288.0,0.19791666666666666
1632,-0.16206789300256022,1.230822396409835,1632,82.48529052734375,82.45230102539062,288.0,0.19791666666666666
1633,-0.1988962022633579,1.2183093640238556,1633,84.00619506835938,83.97205352783203,288.0,0.18055555555555555
1634,-0.08053928902531678,1.3738168237688095,1634,81.51469421386719,81.48211669921875,288.0,0.21180555555555555
1635,-0.10340612849919172,1.284322879693208,1635,78.99777221679688,78.96601867675781,288.0,0.2048611111111111
1636,0.09751421117779256,1.4570192194642448,1636,84.60986328125,84.57568359375,288.0,0.21180555555555555
1637,0.21446021829266965,1.534821137451626,1637,81.40985870361328,81.37804412841797,288.0,0.17708333333333334
1638,0.5863620356057909,1.5917703135056496,1638,82.43763732910156,82.4043960571289,288.0,0.1736111111111111
1639,-0.04190017284834226,1.3504698324346547,1639,83.35165405273438,83.318115234375,288.0,0.19444444444444445
1640,0.2817365351075396,1.391843226477101,1640,84.63818359375,84.60470581054688,288.0,0.13541666666666666
1641,0.2975480260830056,1.4888797571582357,1641,82.03363037109375,82.00079345703125,288.0,0.17708333333333334
1642,-0.022621371596238574,1.2745651006768204,1642,84.08171844482422,84.04777526855469,288.0,0.1736111111111111
1643,0.21046828064732745,1.5772659908582514,1643,84.83868408203125,84.80451965332031,288.0,0.18055555555555555
1644,-0.031080774310883866,1.4135870123304441,1644,82.56275177001953,82.52987670898438,288.0,0.1701388888888889
1645,0.04127675084936452,1.1834643005523133,1645,84.03230285644531,83.99846649169922,288.0,0.13541666666666666
1646,-0.1536391269024904,1.3769991439028992,1646,82.89154052734375,82.85804748535156,288.0,0.1875
1647,0.2854446058833916,1.4579242147071414,1647,80.68251037597656,80.65037536621094,288.0,0.1840277777777778
1648,0.46462032390711827,1.6274991007476018,1648,83.09830474853516,83.06475830078125,288.0,0.1527777777777778
1649,0.2856885013951515,1.225099412566055,1649,82.29261779785156,82.25935363769531,288.0,0.1597222222222222
1650,0.3742063534860607,1.4666131367485578,1650,82.2623291015625,82.22927856445312,288.0,0.1388888888888889
1651,-0.1927692886989712,1.2153390369103192,1651,83.61441040039062,83.58094024658203,288.0,0.1840277777777778
1652,-0.3748005475938029,1.039378705036523,1652,82.51570892333984,82.48198699951172,288.0,0.18055555555555555
1653,-0.15315331586982384,1.5247074547205763,1653,83.70465850830078,83.67047882080078,288.0,0.24305555555555555
1654,0.4787648075422814,1.4315983993825911,1654,83.29762268066406,83.26409912109375,288.0,0.16319444444444445
1655,-0.17897641086047697,1.342907351506312,1655,83.37364196777344,83.34013366699219,288.0,0.2048611111111111
1656,0.06740226104584265,1.2983979014723823,1656,84.26545715332031,84.23094940185547,288.0,0.14930555555555555
1657,0.08595079687332396,1.2451834025168007,1657,80.15577697753906,80.12372589111328,288.0,0.1909722222222222
1658,0.7109285590816502,1.5150608116601114,1658,81.91700744628906,81.88371276855469,288.0,0.1840277777777778
1659,0.197034822868788,1.58681017598381,1659,82.83668518066406,82.8030014038086,288.0,0.19444444444444445
1660,0.34974654073575967,1.2532874775042808,1660,82.81690979003906,82.78299713134766,288.0,0.1527777777777778
1661,0.8922282352769455,1.6470837951233965,1661,83.07179260253906,83.03810119628906,288.0,0.1527777777777778
1662,0.8381086061355004,1.580768130788988,1662,82.74870300292969,82.71492004394531,288.0,0.16666666666666666
1663,0.338446860461393,1.3407356239922246,1663,82.72030639648438,82.68651580810547,288.0,0.1423611111111111
1664,0.021075768839239784,1.3947068091287502,1664,83.33710479736328,83.30299377441406,288.0,0.1875
1665,-0.015128596402634205,1.261596456492797,1665,83.26528930664062,83.23123931884766,288.0,0.1875
1666,-0.09515362768816911,1.2493994727298305,1666,82.189208984375,82.15553283691406,288.0,0.1875
1667,0.37104564700781034,1.3779672706530752,1667,82.5570068359375,82.52308654785156,288.0,0.1597222222222222
1668,0.6953607532984144,1.712663478129708,1668,83.67292022705078,83.63906860351562,288.0,0.1736111111111111
1669,-0.06801003444912901,1.4433199775985506,1669,84.03533935546875,84.00108337402344,288.0,0.1909722222222222
1670,-0.3004260425745699,1.2886959654772143,1670,81.13978576660156,81.10655212402344,288.0,0.22569444444444445
1671,0.09164006559225318,1.3534861082372778,1671,82.07034301757812,82.03675079345703,288.0,0.1597222222222222
1672,0.2768712525855961,1.421113641038686,1672,82.78240966796875,82.74913024902344,288.0,0.1909722222222222
1673,0.5699188775129399,1.5573124886241079,1673,81.91608428955078,81.8828125,288.0,0.14930555555555555
1674,-0.11096229865737772,1.3535935784627489,1674,83.38748168945312,83.35356140136719,288.0,0.2048611111111111
1675,0.7356828137541626,1.7084422711853988,1675,82.73145294189453,82.69755554199219,288.0,0.16666666666666666
1676,0.43845985669087717,1.4738749251663672,1676,84.38362121582031,84.34938049316406,288.0,0.16666666666666666
1677,0.37159997276169265,1.6168810606005413,1677,81.23770904541016,81.20429992675781,288.0,0.19444444444444445
1678,0.15859436479593625,1.3310810310068084,1678,82.90093994140625,82.86691284179688,288.0,0.1875
1679,0.36604926583453135,1.510988327070129,1679,83.83817291259766,83.804443359375,288.0,0.16319444444444445
1680,0.45512082335398596,1.590894979206488,1680,82.22649383544922,82.19344329833984,288.0,0.16319444444444445
1681,-0.129851860554572,1.2079572119431248,1681,84.43460083007812,84.40022277832031,288.0,0.1736111111111111
1682,-0.26462736054025804,1.1366260745044345,1682,83.58155822753906,83.54724884033203,288.0,0.18055555555555555
1683,-0.2124640735146603,1.2248716700490725,1683,84.03062438964844,83.99609375,288.0,0.1875
1684,0.4160475289919324,1.6099545394383044,1684,83.9581069946289,83.92367553710938,288.0,0.17708333333333334
1685,0.12591698404083354,1.491537194292644,1685,82.66559600830078,82.63230895996094,288.0,0.21180555555555555
1686,-0.5424431949192472,1.2326361809710351,1686,83.52899169921875,83.49552917480469,288.0,0.2013888888888889
1687,-0.000202168256852733,1.5628992418663579,1687,82.95098876953125,82.91720581054688,288.0,0.21180555555555555
1688,0.7512140961193059,1.706016768768083,1688,83.60041809082031,83.56704711914062,288.0,0.14583333333333334
1689,-0.0690824824258458,1.3521836341704876,1689,83.63162994384766,83.59771728515625,288.0,0.1597222222222222
1690,0.0765136870045008,1.5221536894872811,1690,85.07752990722656,85.04292297363281,288.0,0.21180555555555555
1691,0.36140005334159775,1.5353637124315396,1691,83.70331573486328,83.6688232421875,288.0,0.21180555555555555
1692,0.021735021241674455,1.4566947465377562,1692,82.91374206542969,82.88037109375,288.0,0.1909722222222222
1693,-0.09972976867278353,1.1805913969717086,1693,83.88740539550781,83.85309600830078,288.0,0.1597222222222222
1694,0.3708785228414488,1.538017581469322,1694,83.52586364746094,83.49209594726562,288.0,0.15625
1695,0.2662051257775825,1.423605575011387,1695,82.3189468383789,82.2856674194336,288.0,0.1840277777777778
1696,0.0037908224483939167,1.2323397194736474,1696,81.85083770751953,81.81741333007812,288.0,0.14583333333333334
1697,0.20258709409930478,1.505184377035792,1697,83.54083251953125,83.50677490234375,288.0,0.2361111111111111
1698,0.02537094601022099,1.263425098268805,1698,81.42863464355469,81.39553833007812,288.0,0.14930555555555555
1699,0.1839261632539982,1.2896375687041108,1699,83.54654693603516,83.51292419433594,288.0,0.1284722222222222
1700,1.1366180444947749,1.6618737128157561,1700,84.64173126220703,84.60722351074219,288.0,0.16666666666666666
1701,0.09188558247527917,1.380034403083212,1701,84.08169555664062,84.04786682128906,288.0,0.2152777777777778
1702,0.017636778591557975,1.2723666046189552,1702,81.77922058105469,81.74603271484375,288.0,0.16319444444444445
1703,0.19591121573539544,1.37365969139108,1703,84.39466094970703,84.36072540283203,288.0,0.1423611111111111
1704,0.6613775506232131,1.5423261513290332,1704,82.50971221923828,82.47608947753906,288.0,0.1840277777777778
1705,0.5969705672847095,1.7028468842826123,1705,83.96012115478516,83.92586517333984,288.0,0.2013888888888889
1706,-0.16194461850317665,1.0624335448612916,1706,82.27804565429688,82.24481964111328,288.0,0.1423611111111111
1707,-0.16736165183438606,1.3360683306761294,1707,83.7887954711914,83.75447082519531,288.0,0.2361111111111111
1708,0.6569107207864504,1.2756915306982453,1708,82.90803527832031,82.87420654296875,288.0,0.1388888888888889
1709,0.3101996703395484,1.4752720918517863,1709,83.41606140136719,83.38241577148438,288.0,0.13541666666666666
1710,-0.26094863267421226,1.195649667630376,1710,83.47150421142578,83.4375228881836,288.0,0.1701388888888889
1711,0.17024092918059866,1.236510167140909,1711,83.9166259765625,83.88261413574219,288.0,0.16319444444444445
1712,0.22688845241847863,1.5157898969790855,1712,82.18484497070312,82.1513671875,288.0,0.16319444444444445
1713,-0.10144091958237474,1.3605277417327053,1713,83.36978149414062,83.33500671386719,288.0,0.1840277777777778
1714,-0.36074772430071567,1.231790798809868,1714,83.5237808227539,83.48974609375,288.0,0.2222222222222222
1715,0.09548114215728523,1.430154032124903,1715,83.94184875488281,83.90758514404297,288.0,0.1736111111111111
1716,0.49382155814655143,1.4039338544319373,1716,82.66058349609375,82.62733459472656,288.0,0.15625
1717,0.31962524731961856,1.5395686128316857,1717,82.89445495605469,82.86065673828125,288.0,0.1875
1718,0.028296413613228558,1.3295267045305978,1718,83.10651397705078,83.07218170166016,288.0,0.1736111111111111
1719,-0.14627190257043468,1.3316369919662583,1719,81.45155334472656,81.41830444335938,288.0,0.2326388888888889
1720,-0.04113098322795001,1.0899751388909442,1720,83.15583801269531,83.12202453613281,288.0,0.18055555555555555
1721,0.21867384655033179,1.1255161215215659,1721,83.1635513305664,83.12923431396484,288.0,0.14930555555555555
1722,0.3252094500714153,1.3763510238500658,1722,83.25444030761719,83.22041320800781,288.0,0.16666666666666666
1723,-0.07734452559577269,1.2942432424690171,1723,83.79710388183594,83.76311492919922,288.0,0.18055555555555555
1724,0.013420131630961377,1.4036062290557851,1724,83.406005859375,83.37226867675781,288.0,0.19444444444444445
1725,-0.12367955436783164,1.1481273467060438,1725,84.54296875,84.50897979736328,288.0,0.1423611111111111
1726,0.2956866339231423,1.5764843121503243,1726,83.96575927734375,83.93159484863281,288.0,0.1875
1727,0.255717313363472,1.3120689287474432,1727,84.02984619140625,83.99597930908203,288.0,0.1597222222222222
1728,-0.058355515975551775,1.2370820346358413,1728,84.65492248535156,84.62094116210938,288.0,0.16319444444444445
1729,-0.2099617084384331,1.2285297569988836,1729,81.68695068359375,81.65375518798828,288.0,0.2013888888888889
1730,0.3148092056013419,1.422731803138364,1730,83.89629364013672,83.86265563964844,288.0,0.16666666666666666
1731,0.5778754161299982,1.6741710215255856,1731,83.94147491455078,83.90705108642578,288.0,0.1423611111111111
1732,0.4237030879807744,1.4789194804710089,1732,82.81591796875,82.7823486328125,288.0,0.1736111111111111
1733,0.41721084202855635,1.445575437226653,1733,83.69085693359375,83.6563949584961,288.0,0.15625
1734,0.08799498851351278,1.3789417853044894,1734,83.27325439453125,83.23922729492188,288.0,0.18055555555555555
1735,0.24053371750863814,1.522483778571287,1735,82.65721893310547,82.6239013671875,288.0,0.15625
1736,0.01799210326749248,1.3224700145733268,1736,82.1282730102539,82.09512329101562,288.0,0.16319444444444445
1737,0.112617426109814,1.4747596363618003,1737,82.79234313964844,82.75887298583984,288.0,0.17708333333333334
1738,0.14331009674693662,1.45841906081856,1738,82.83688354492188,82.80323791503906,288.0,0.17708333333333334
1739,0.2750512383517552,1.4568919305380064,1739,82.00235748291016,81.96881103515625,288.0,0.14930555555555555
1740,0.3477338754098582,1.5101454036147726,1740,83.28071594238281,83.24715423583984,288.0,0.14930555555555555
1741,0.6509058802654502,1.5728167669039816,1741,83.9217529296875,83.88743591308594,288.0,0.1736111111111111
1742,-0.15719738039639966,1.2566341247892312,1742,82.7266845703125,82.69376373291016,288.0,0.17708333333333334
1743,0.21085921062788918,1.6922142159835865,1743,83.19314575195312,83.15951538085938,288.0,0.21180555555555555
1744,-0.08593962714971995,1.278971230700313,1744,81.74915313720703,81.71604919433594,288.0,0.1388888888888889
1745,0.2515369089809432,1.4525843208413145,1745,83.6818618774414,83.64816284179688,288.0,0.15625
1746,0.14803079683837442,1.3012341836075612,1746,82.30776977539062,82.27439880371094,288.0,0.14930555555555555
1747,0.08395973613924991,1.2938000694285052,1747,83.01139831542969,82.9779281616211,288.0,0.14930555555555555
1748,0.05786783578629567,1.2111143652440575,1748,82.78790283203125,82.75465393066406,288.0,0.1284722222222222
1749,0.7990081527197758,1.6558567278935532,1749,83.79911804199219,83.76455688476562,288.0,0.1840277777777778
1750,-0.17579907381929505,1.190262617913835,1750,83.41226959228516,83.37867736816406,288.0,0.1597222222222222
1751,0.524460067633059,1.6859039165880112,1751,81.62283325195312,81.58983612060547,288.0,0.1840277777777778
1752,0.7132362969558221,1.4475301207623972,1752,82.95661926269531,82.92303466796875,288.0,0.14583333333333334
1753,-0.08347991788677248,1.3856057676831315,1753,81.47596740722656,81.44313049316406,288.0,0.1840277777777778
1754,0.538322175732658,1.4310493876755308,1754,82.93914794921875,82.90544891357422,288.0,0.1423611111111111
1755,0.29158819190041524,1.4270626381940392,1755,83.58944702148438,83.5551986694336,288.0,0.14930555555555555
1756,1.178047785524921,1.5425747863625996,1756,83.5151138305664,83.48097229003906,288.0,0.16666666666666666
1757,0.8809065187736842,1.527017398777674,1757,82.04222106933594,82.00884246826172,288.0,0.1388888888888889
1758,0.1658280974197973,1.4515753246121352,1758,81.83175659179688,81.79837036132812,288.0,0.16666666666666666
1759,0.0826775375827265,1.4437320998367944,1759,82.5671615600586,82.5340347290039,288.0,0.1736111111111111
1760,0.4022696527975079,1.4078642018146177,1760,82.76618957519531,82.7325668334961,288.0,0.15625
1761,0.3146570400716915,1.3703282546297701,1761,84.43101501464844,84.39667510986328,288.0,0.14930555555555555
1762,-0.22241358676964948,1.1583333102587272,1762,83.47990417480469,83.44596099853516,288.0,0.16319444444444445
1763,-0.10836600416816954,1.12960729151189,1763,82.8390121459961,82.80519104003906,288.0,0.14930555555555555
1764,0.7980949564492037,1.4333982747984142,1764,83.14055633544922,83.10628509521484,288.0,0.1527777777777778
1765,0.7654010674622038,1.6456858583777298,1765,80.74102020263672,80.7078628540039,288.0,0.1909722222222222
1766,0.1949586760330047,1.570777793597011,1766,83.98826599121094,83.9540023803711,288.0,0.20833333333333334
1767,-0.19467043766748668,1.1873066283738567,1767,80.4930419921875,80.45982360839844,288.0,0.1701388888888889
1768,0.08323696886288452,1.4669053092421998,1768,81.88849639892578,81.85496520996094,288.0,0.16666666666666666
1769,0.666575209723384,1.656220605077116,1769,81.1885986328125,81.15554809570312,288.0,0.19791666666666666
1770,0.09319155891948677,1.4203847592482197,1770,81.88880157470703,81.85542297363281,288.0,0.1875
1771,0.3318419780099666,1.4958918895332514,1771,81.30857849121094,81.275390625,288.0,0.1736111111111111
1772,0.3804676366270503,1.4532557243728779,1772,82.7130355834961,82.67955017089844,288.0,0.1388888888888889
1773,0.5703636139888238,1.5669389883901228,1773,82.09310913085938,82.05977630615234,288.0,0.16666666666666666
1774,0.18634028101434222,1.333277870237304,1774,82.18852233886719,82.15481567382812,288.0,0.18055555555555555
1775,-0.10135200847684965,1.2992349466192923,1775,82.76959228515625,82.73571014404297,288.0,0.14930555555555555
1776,0.5608421971058761,1.5777097095083763,1776,83.30940246582031,83.27570343017578,288.0,0.1736111111111111
1777,-0.24919790529819913,1.0944891520179494,1777,83.96987915039062,83.93561553955078,288.0,0.1527777777777778
1778,-0.024910386811194323,1.238111916459698,1778,81.27525329589844,81.24200439453125,288.0,0.1736111111111111
1779,1.210043280848936,1.6331691999211073,1779,79.86897277832031,79.83580017089844,288.0,0.13541666666666666
1780,-0.11235349647575786,0.9655341942406301,1780,82.70689392089844,82.67341613769531,288.0,0.13194444444444445
1781,0.05277158472573652,1.1006474570060911,1781,81.84495544433594,81.81178283691406,288.0,0.1284722222222222
1782,0.7605918713059769,1.4723500969199654,1782,80.60026550292969,80.56769561767578,288.0,0.13194444444444445
1783,0.3069565333278651,1.3095047264849538,1783,83.06971740722656,83.03564453125,288.0,0.16666666666666666
1784,0.4361006898508555,1.409412453750031,1784,83.29832458496094,83.2641830444336,288.0,0.16319444444444445
1785,0.07416590535149727,1.2825730058760365,1785,82.78068542480469,82.74739074707031,288.0,0.1701388888888889
1786,0.38594420954342934,1.3545819663295804,1786,82.04495239257812,82.01119995117188,288.0,0.16666666666666666
1787,-0.21489655829130105,0.9160556482664921,1787,83.03600311279297,83.00216674804688,288.0,0.13194444444444445
1788,-0.2463428648839162,1.1574680322950768,1788,82.32584381103516,82.29316711425781,288.0,0.1597222222222222
1789,-0.05851478135182268,1.2079588982650709,1789,82.115966796875,82.082763671875,288.0,0.14583333333333334
1790,0.4539794057578036,1.5401544352505148,1790,81.47792053222656,81.44456481933594,288.0,0.14583333333333334
1791,-0.2986084707243818,1.2251764392437698,1791,83.25494384765625,83.22087097167969,288.0,0.21180555555555555
1792,0.65804276958502,1.559203972411833,1792,82.34480285644531,82.31148529052734,288.0,0.1701388888888889
1793,0.42934597760878856,1.501859790547409,1793,84.06378936767578,84.02998352050781,288.0,0.1840277777777778
1794,0.6881622258091242,1.4736199723236925,1794,83.74273681640625,83.70925903320312,288.0,0.11458333333333333
1795,0.062083246486723996,1.2430724308295555,1795,83.4638671875,83.43003845214844,288.0,0.1388888888888889
1796,-0.24914161877967075,1.0101774495264717,1796,83.28092193603516,83.24708557128906,288.0,0.1840277777777778
1797,-0.02921747224522284,1.300779333970406,1797,83.04963684082031,83.01568603515625,288.0,0.14930555555555555
1798,0.16124225721874721,1.5019680714559178,1798,81.39981079101562,81.36653137207031,288.0,0.18055555555555555
1799,0.3931786043951998,1.29235220158691,1799,82.04883575439453,82.01532745361328,288.0,0.1423611111111111
1800,0.2776813164410103,1.5300735106656895,1800,83.7491455078125,83.7152099609375,288.0,0.1736111111111111
1801,-0.20100935740002487,1.017019913158076,1801,81.88101959228516,81.84805297851562,288.0,0.1597222222222222
1802,-0.03286925322833925,1.3692950527538668,1802,80.78611755371094,80.75364685058594,288.0,0.1875
1803,0.04866498078814975,1.343991641008454,1803,81.9227523803711,81.88938903808594,288.0,0.15625
1804,-0.02082255891501968,1.2867578825133517,1804,81.8436279296875,81.81005859375,288.0,0.18055555555555555
1805,0.959609302563249,1.5735248133651158,1805,83.33726501464844,83.30366516113281,288.0,0.13194444444444445
1806,0.5482573165622667,1.529697902470614,1806,82.24484252929688,82.21142578125,288.0,0.18055555555555555
1807,0.5849812939593976,1.3771340846366622,1807,81.26632690429688,81.23275756835938,288.0,0.12152777777777778
1808,-0.04591655480809963,1.2885744153443426,1808,82.7498779296875,82.71603393554688,288.0,0.1875
1809,0.12967307618197318,1.3345953787183165,1809,83.0574722290039,83.02336883544922,288.0,0.18055555555555555
1810,-0.20354486403560068,1.1622618635958764,1810,81.33802795410156,81.30485534667969,288.0,0.1527777777777778
1811,0.47448690468755966,1.649224306475905,1811,82.2982177734375,82.26484680175781,288.0,0.16666666666666666
1812,1.0666891918936545,1.7069786360335188,1812,81.55209350585938,81.51870727539062,288.0,0.14930555555555555
1813,-0.4027039777281796,1.052340660803494,1813,80.97013854980469,80.93683624267578,288.0,0.16319444444444445
1814,-0.3380348315770842,1.178943839202151,1814,83.61651611328125,83.58210754394531,288.0,0.1527777777777778
1815,-0.08721570461324382,1.1856677938563058,1815,82.41027069091797,82.37637329101562,288.0,0.1388888888888889
1816,0.4018483738922196,1.545328377061324,1816,82.7397232055664,82.70603942871094,288.0,0.14930555555555555
1817,0.3086271954005732,1.4104026752164305,1817,82.620361328125,82.58673858642578,288.0,0.14583333333333334
1818,0.9717854054170232,1.6517042809341658,1818,80.49525451660156,80.46263122558594,288.0,0.13194444444444445
1819,0.0358588835842807,1.203857036138867,1819,83.74081420898438,83.70616149902344,288.0,0.13194444444444445
1820,0.5908797151650794,1.2800082101546522,1820,82.0611572265625,82.02772521972656,288.0,0.13194444444444445
1821,0.5091635405925279,1.5881099178794904,1821,83.01821899414062,82.98394012451172,288.0,0.1701388888888889
1822,0.7950295741790969,1.5031406743644116,1822,80.83708190917969,80.80387878417969,288.0,0.1597222222222222
1823,0.4835429438280058,1.5276542945815346,1823,82.58647155761719,82.55292510986328,288.0,0.1284722222222222
1824,-0.28538049365804785,1.2131535270211435,1824,81.9871826171875,81.95402526855469,288.0,0.18055555555555555
1825,0.08512887155953658,1.2762831068664016,1825,82.00363159179688,81.97062683105469,288.0,0.16666666666666666
1826,0.3730900053986395,1.449930289947013,1826,81.35820007324219,81.324462890625,288.0,0.1597222222222222
1827,0.01965250388789001,1.5364675620743697,1827,82.34371185302734,82.30966186523438,288.0,0.1388888888888889
1828,-0.1861389611071235,1.1049768644532922,1828,82.66620635986328,82.63246154785156,288.0,0.1701388888888889
1829,1.0665176452027498,1.7726176438639147,1829,83.44180297851562,83.40736389160156,288.0,0.16666666666666666
1830,0.30631160723966544,1.4739038557496484,1830,83.90741729736328,83.87309265136719,288.0,0.16666666666666666
1831,0.7156820467421107,1.5943623849624033,1831,82.92691040039062,82.89276123046875,288.0,0.14930555555555555
1832,-0.35780295185934946,1.123242358526202,1832,80.09921264648438,80.06720733642578,288.0,0.1840277777777778
1833,1.3786666043428828,1.4220037966429024,1833,82.69184875488281,82.65863037109375,288.0,0.14583333333333334
1834,1.3036946226838397,1.4919010147957494,1834,84.11463928222656,84.08064270019531,288.0,0.15625
1835,1.0122054679614665,1.4814456338862558,1835,84.09188079833984,84.05720520019531,288.0,0.16666666666666666
1836,0.6909110614604194,1.2479690011263738,1836,81.4415054321289,81.40786743164062,288.0,0.1423611111111111
1837,-0.022215518125533143,1.405469866200572,1837,82.47808837890625,82.44432067871094,288.0,0.16319444444444445
1838,0.4333070093806348,1.500477127674776,1838,82.23001861572266,82.19652557373047,288.0,0.1527777777777778
1839,0.3659107457174311,1.3292271755390834,1839,84.0458984375,84.01174926757812,288.0,0.1388888888888889
1840,0.8988494664317364,1.4722270476438777,1840,82.49818420410156,82.4639892578125,288.0,0.1284722222222222
1841,0.8220706418154385,1.7888760113943838,1841,82.52568054199219,82.49172973632812,288.0,0.1388888888888889
1842,0.10540971663363813,1.3772940911964806,1842,79.70726013183594,79.67545318603516,288.0,0.1527777777777778
1843,0.8701727484604822,1.67800689616556,1843,82.2318344116211,82.19851684570312,288.0,0.1597222222222222
1844,1.1399969212784633,1.5998695784097905,1844,82.70578002929688,82.6724853515625,288.0,0.1423611111111111
1845,0.7747073485074494,1.654033343932068,1845,83.11090850830078,83.0775146484375,288.0,0.13194444444444445
1846,1.098566572761707,1.4517106066911794,1846,83.43049621582031,83.39684295654297,288.0,0.1423611111111111
1847,0.49963049060217013,1.5642894540983032,1847,82.56771850585938,82.53376007080078,288.0,0.20833333333333334
1848,-0.22873919032719758,1.003525972832077,1848,83.3740005493164,83.34004211425781,288.0,0.14930555555555555
1849,0.6121832372492395,1.4745040950420698,1849,83.96501159667969,83.93114471435547,288.0,0.1527777777777778
1850,0.35502889468474363,1.3667624196148938,1850,83.8798828125,83.84581756591797,288.0,0.1284722222222222
1851,0.7011169369618,1.5711416303020198,1851,81.15913391113281,81.12612915039062,288.0,0.14930555555555555
1852,0.4157381146685195,1.3621698525493733,1852,83.37973022460938,83.34587860107422,288.0,0.18055555555555555
1853,0.04580708557491347,1.1177741351016168,1853,83.16907501220703,83.13548278808594,288.0,0.1597222222222222
1854,0.6021959854246304,1.642880622875022,1854,82.10513305664062,82.07148742675781,288.0,0.1736111111111111
1855,0.19670286117475977,1.0944625302435427,1855,82.01969909667969,81.98654174804688,288.0,0.12152777777777778
1856,0.2973716337581943,1.4449539391944646,1856,83.51817321777344,83.48445129394531,288.0,0.13541666666666666
1857,0.6035713396699244,1.5106363914171805,1857,83.74533081054688,83.7108154296875,288.0,0.11805555555555555
1858,-0.048980237752737486,1.1783616695854187,1858,83.2069091796875,83.17264556884766,288.0,0.1423611111111111
1859,-0.13878694675130418,1.2257165618421457,1859,82.46987915039062,82.43656921386719,288.0,0.1736111111111111
1860,-0.36766723032957416,1.2146288060313155,1860,84.15303039550781,84.11884307861328,288.0,0.1909722222222222
1861,1.2794327525600848,1.3884230716240444,1861,82.63629150390625,82.60321044921875,288.0,0.13194444444444445
1862,0.9076496080517047,1.7391075875980433,1862,81.96124267578125,81.92758178710938,288.0,0.17708333333333334
1863,0.9753119484760967,1.6511602513221826,1863,83.40614318847656,83.37200927734375,288.0,0.13194444444444445
1864,0.39273960289086784,1.4601865127850435,1864,82.10696411132812,82.07345581054688,288.0,0.14930555555555555
1865,0.6515632017493893,1.6819069296043032,1865,82.84660339355469,82.81278991699219,288.0,0.13541666666666666
1866,0.26782304158298675,1.5225140672176323,1866,82.88034057617188,82.84654235839844,288.0,0.16666666666666666
1867,0.0884518780233019,1.3062064655061167,1867,83.45147705078125,83.41778564453125,288.0,0.1527777777777778
1868,0.4080749651274396,1.4579800287108495,1868,82.49958038330078,82.46615600585938,288.0,0.1736111111111111
1869,0.1502144841771234,1.4086485223704979,1869,82.00711822509766,81.97334289550781,288.0,0.16319444444444445
1870,0.009923104370031263,1.2520593745826363,1870,81.84359741210938,81.81059265136719,288.0,0.16666666666666666
1871,0.23510070464194033,1.1512537238231748,1871,82.3110580444336,82.27678680419922,288.0,0.1111111111111111
1872,0.43239774003963416,1.5082740343934151,1872,81.3572769165039,81.3243408203125,288.0,0.1284722222222222
1873,-0.08226184059940667,1.3801260067154482,1873,83.03152465820312,82.99771118164062,288.0,0.19444444444444445
1874,0.09931713055982938,1.3468377130698022,1874,81.83003997802734,81.79637145996094,288.0,0.14583333333333334
1875,-0.19054478173952102,1.1624917935374015,1875,81.04212951660156,81.00839233398438,288.0,0.16319444444444445
1876,0.040754425732732656,1.4006452596738337,1876,80.1773681640625,80.1443099975586,288.0,0.1597222222222222
1877,0.19943911618489119,1.2512734614195165,1877,83.20594024658203,83.17151641845703,288.0,0.125
1878,0.19656314468030195,1.1477211789749133,1878,82.37156677246094,82.33804321289062,288.0,0.14930555555555555
1879,0.024660056187404238,1.0409636186368236,1879,83.13783264160156,83.10366821289062,288.0,0.1388888888888889
1880,0.08094077672164907,1.2173318557115724,1880,82.45367431640625,82.42056274414062,288.0,0.1388888888888889
1881,-0.13604610307295395,1.2949557611910456,1881,77.73213195800781,77.70094299316406,288.0,0.1736111111111111
1882,0.07963183963537716,1.3011148930480292,1882,82.78520202636719,82.75155639648438,288.0,0.13194444444444445
1883,0.2207591935289435,1.3977938026102181,1883,82.60775756835938,82.5740966796875,288.0,0.16319444444444445
1884,0.8302734526958787,1.4995670345636343,1884,81.43547058105469,81.40220642089844,288.0,0.1527777777777778
1885,0.05300711870003719,1.5145449586715458,1885,81.056884765625,81.02434539794922,288.0,0.16319444444444445
1886,-0.009972204955909744,1.2433417498555421,1886,83.3481674194336,83.3143310546875,288.0,0.1388888888888889
1887,-0.3478124751087278,1.0669543182604135,1887,83.28855895996094,83.25468444824219,288.0,0.1597222222222222
1888,0.20105963272611035,1.3264166265777833,1888,83.110595703125,83.07640075683594,288.0,0.1076388888888889
1889,-0.027566640056178284,1.342989996026432,1889,81.48683166503906,81.4537124633789,288.0,0.14583333333333334
1890,0.9966828304690105,1.560320805420665,1890,83.18093872070312,83.14704132080078,288.0,0.14583333333333334
1891,0.2050445854031208,1.411347643615898,1891,82.43147277832031,82.39764404296875,288.0,0.1388888888888889
1892,0.05986681449799266,1.269934397713116,1892,80.13230895996094,80.1003189086914,288.0,0.17708333333333334
1893,0.2571018709477054,1.4401371749486909,1893,83.27730560302734,83.24287414550781,288.0,0.13541666666666666
1894,0.12858389896449182,1.0395123520562413,1894,80.51160430908203,80.47881317138672,288.0,0.125
1895,0.020847801474469223,1.1611202387582544,1895,79.62962341308594,79.59796142578125,288.0,0.13194444444444445
1896,-0.45531376930653145,0.9856246637029983,1896,83.41732788085938,83.38384246826172,288.0,0.1736111111111111
1897,0.11831157947510478,1.185173029973758,1897,81.88264465332031,81.8491439819336,288.0,0.1388888888888889
1898,-0.27421157354237186,1.3342742742657898,1898,83.01484680175781,82.9813232421875,288.0,0.14583333333333334
1899,0.3570446706744041,1.5108323168278528,1899,80.85413360595703,80.82181549072266,288.0,0.10416666666666667
1900,-0.09366661955528327,1.3003241278238933,1900,82.2710189819336,82.23793029785156,288.0,0.13194444444444445
1901,0.14636804750145097,1.2346052347150196,1901,77.96222686767578,77.93132019042969,288.0,0.13541666666666666
1902,0.038254407203988684,1.4242644985182211,1902,82.50341796875,82.47041320800781,288.0,0.11458333333333333
1903,-0.08830235818994882,1.0610092852389228,1903,79.72386169433594,79.69123840332031,288.0,0.13194444444444445
1904,0.20906642169946477,1.3814083887701418,1904,78.44186401367188,78.40974426269531,288.0,0.11805555555555555
1905,-0.04139151930056643,1.349042403384749,1905,83.299560546875,83.26585388183594,288.0,0.1423611111111111
1906,0.2956501168733674,1.5675904391307869,1906,79.9102554321289,79.87745666503906,288.0,0.16319444444444445
1907,0.018263323173646193,1.3048708462320053,1907,82.80359649658203,82.77044677734375,288.0,0.1527777777777778
1908,-0.3270056189272224,1.1257062117711778,1908,81.0643310546875,81.03118133544922,288.0,0.125
1909,-0.07337255678482865,1.3075926652974548,1909,84.25160217285156,84.21794128417969,288.0,0.16319444444444445
1910,1.0967318778751391,1.8004406886233857,1910,82.6143798828125,82.581298828125,288.0,0.14583333333333334
1911,0.19948029958689176,1.5319314057283961,1911,82.8812255859375,82.84796142578125,288.0,0.14930555555555555
1912,0.13517904392000984,1.3169383840594633,1912,84.51437377929688,84.48011779785156,288.0,0.1527777777777778
1913,0.3450162095565087,1.514111727146787,1913,82.6478271484375,82.6141357421875,288.0,0.1423611111111111
1914,0.1417622724883478,1.1744963467616956,1914,83.60848999023438,83.57443237304688,288.0,0.125
1915,0.8126517105349959,1.3447266844546482,1915,81.33979034423828,81.30705261230469,288.0,0.11458333333333333
1916,0.2090166287388004,1.2414644012000073,1916,80.66047668457031,80.6277847290039,288.0,0.11805555555555555
1917,0.4610486786524205,1.480476241757494,1917,81.30343627929688,81.2706527709961,288.0,0.14930555555555555
1918,0.9183355285543213,1.639033617439997,1918,82.43052673339844,82.39727020263672,288.0,0.11458333333333333
1919,0.16307936094109207,1.4677888805082782,1919,83.32804107666016,83.29459381103516,288.0,0.17708333333333334
1920,1.1656636952881394,1.5408369628697116,1920,82.3917236328125,82.35842895507812,288.0,0.14583333333333334
1921,0.03301481798736683,1.433179117020249,1921,79.69635009765625,79.66360473632812,288.0,0.1423611111111111
1922,0.39147921371020344,1.419847746430799,1922,83.44773864746094,83.41398620605469,288.0,0.1284722222222222
1923,0.7133710528084009,1.5544163158892303,1923,83.63178253173828,83.59839630126953,288.0,0.1597222222222222
1924,0.016758276676259547,1.2094503654338533,1924,82.3583984375,82.32524871826172,288.0,0.13541666666666666
1925,0.401556245413022,1.3912615772154948,1925,84.00923156738281,83.97537231445312,288.0,0.1111111111111111
1926,-0.2811572812257865,1.2501683686093092,1926,82.93809509277344,82.90547180175781,288.0,0.11458333333333333
1927,0.5905507982452877,1.3340040371055168,1927,83.73505401611328,83.701416015625,288.0,0.13194444444444445
1928,0.54024486968641,1.5039174346921231,1928,83.55630493164062,83.52249145507812,288.0,0.12152777777777778
1929,0.8200126470349898,1.5103659993274545,1929,82.1808090209961,82.14762878417969,288.0,0.13541666666666666
1930,0.31874869419972596,1.4023467217800853,1930,82.67545318603516,82.64199829101562,288.0,0.16319444444444445
1931,0.05727018722700564,1.2341071582532932,1931,83.96327209472656,83.92916870117188,288.0,0.1388888888888889
1932,0.18100055028243534,1.541503674860168,1932,83.53357696533203,83.49989318847656,288.0,0.13194444444444445
1933,-0.34696219836018816,1.04742790072428,1933,83.01536560058594,82.98192596435547,288.0,0.17708333333333334
1934,0.3300239452730882,1.5909225200057688,1934,83.29580688476562,83.26277160644531,288.0,0.1597222222222222
1935,-0.15026327698828484,1.099889554742854,1935,82.30724334716797,82.2739486694336,288.0,0.11458333333333333
1936,0.832721118471546,1.4752863021930942,1936,84.64088439941406,84.60710144042969,288.0,0.125
1937,0.4031615685567813,1.4788753305699989,1937,83.62831115722656,83.59446716308594,288.0,0.1388888888888889
1938,0.4976812234022013,1.4659199830279765,1938,84.41268920898438,84.37873077392578,288.0,0.14930555555555555
1939,1.0950852494508625,1.5143894995558045,1939,82.92037963867188,82.88652038574219,288.0,0.125
1940,0.6267829645664684,1.629682303767528,1940,83.88550567626953,83.85121154785156,288.0,0.1111111111111111
1941,-0.11194335875988044,1.1174772802272772,1941,83.59549713134766,83.56146240234375,288.0,0.13541666666666666
1942,0.5169294900327579,1.586690835964171,1942,81.42668914794922,81.3935546875,288.0,0.1527777777777778
1943,0.23786186064622022,1.5173999561902263,1943,82.3198013305664,82.2862548828125,288.0,0.16319444444444445
1944,0.31542254837237693,1.595522066304253,1944,80.23178100585938,80.19900512695312,288.0,0.1597222222222222
1945,0.033066117117176934,1.0598765923910176,1945,82.80659484863281,82.77295684814453,288.0,0.14583333333333334
1946,1.0067477253666222,1.4552980366351356,1946,81.34754943847656,81.31429290771484,288.0,0.1388888888888889
1947,0.24094551133068512,1.2935756689045752,1947,82.56367492675781,82.53021240234375,288.0,0.12152777777777778
1948,0.14297365273079607,1.2073589789096562,1948,82.73554992675781,82.70159912109375,288.0,0.11458333333333333
1949,0.4090348310494332,1.500833925268347,1949,82.30025482177734,82.2671890258789,288.0,0.16319444444444445
1950,0.7030108671034172,1.381617483854019,1950,83.11254119873047,83.07862091064453,288.0,0.1527777777777778
1951,0.8405526421126912,1.6293388092839756,1951,83.79670715332031,83.76261138916016,288.0,0.14583333333333334
1952,0.7033782101742561,1.666876211894733,1952,81.61991119384766,81.58670043945312,288.0,0.1284722222222222
1953,-0.2742216218028839,1.174707512411318,1953,84.05204010009766,84.01830291748047,288.0,0.1284722222222222
1954,0.6778604123074035,1.7264144146415137,1954,82.07350158691406,82.0398941040039,288.0,0.11805555555555555
1955,0.19323362416503861,1.3791312228989931,1955,80.86270904541016,80.82987213134766,288.0,0.1736111111111111
1956,0.6662282926876948,1.6123870711168111,1956,82.72032928466797,82.68683624267578,288.0,0.1527777777777778
1957,0.39795043257912466,1.4050150762091287,1957,82.63981628417969,82.60614776611328,288.0,0.13541666666666666
1958,1.0291596499706923,1.6202194017944598,1958,82.19013977050781,82.1568603515625,288.0,0.10416666666666667
1959,0.933027636616225,1.62539449183368,1959,81.95649719238281,81.92298126220703,288.0,0.14930555555555555
1960,0.4916324367490488,1.4362180892407352,1960,79.41061401367188,79.37763977050781,288.0,0.1388888888888889
1961,0.7206874970598551,1.2822737642866109,1961,82.57768249511719,82.54426574707031,288.0,0.15625
1962,0.5692552008019445,1.2913803480219697,1962,82.12589263916016,82.09278869628906,288.0,0.11805555555555555
1963,0.21054186474817815,1.1491144783358729,1963,82.25152587890625,82.21781921386719,288.0,0.1284722222222222
1964,-0.03944421285773187,1.2766962983494223,1964,82.053466796875,82.02012634277344,288.0,0.1597222222222222
1965,0.7215392810628012,1.4493311670377556,1965,82.55705261230469,82.52325439453125,288.0,0.13194444444444445
1966,0.22868204452534777,1.2515624552226365,1966,80.83766174316406,80.80450439453125,288.0,0.12152777777777778
1967,0.06111614516749967,1.3053227598479007,1967,82.01820373535156,81.98490905761719,288.0,0.13541666666666666
1968,0.4462529361889281,1.5350386413463122,1968,83.48639678955078,83.45271301269531,288.0,0.1388888888888889
1969,0.41368861200364165,1.2838741510044513,1969,82.50570678710938,82.47200012207031,288.0,0.1388888888888889
1970,0.47675226720774444,1.2595484448571919,1970,82.68031311035156,82.64698791503906,288.0,0.125
1971,0.006842577646501153,0.9564277949825576,1971,80.06065368652344,80.02780151367188,288.0,0.11805555555555555
1972,0.3196251548656113,1.4263721425502573,1972,82.81515502929688,82.78096008300781,288.0,0.1527777777777778
1973,0.5428514387291065,1.6303378708822627,1973,81.70757293701172,81.67440795898438,288.0,0.1423611111111111
1974,-0.10035406539401497,1.0262188595661048,1974,79.71693420410156,79.68453979492188,288.0,0.1076388888888889
1975,0.5164795481335874,1.4347578096210727,1975,78.11727905273438,78.08462524414062,288.0,0.13541666666666666
1976,0.9223677594351101,1.4682330202659117,1976,81.83073425292969,81.79766082763672,288.0,0.13541666666666666
1977,0.5578267127676795,1.6266648005553515,1977,80.6991958618164,80.66651153564453,288.0,0.0798611111111111
1978,0.5372184732880236,1.4961902280230133,1978,81.13216400146484,81.09883117675781,288.0,0.1701388888888889
1979,0.773827833582312,1.6708709092938272,1979,83.0661849975586,83.03237915039062,288.0,0.1388888888888889
1980,0.15470245327770263,1.2075612862838316,1980,82.01473236083984,81.98141479492188,288.0,0.13541666666666666
1981,0.21921306520012307,1.3939980855137222,1981,77.56831359863281,77.53622436523438,288.0,0.1701388888888889
1982,-0.04149763035914892,1.41123811916399,1982,81.61279296875,81.57942199707031,288.0,0.13541666666666666
1983,0.34260890560347934,1.380486938069585,1983,82.29109191894531,82.25736999511719,288.0,0.1388888888888889
1984,0.5097071486916178,1.653342648812856,1984,83.51705169677734,83.48239135742188,288.0,0.1597222222222222
1985,-0.036118495694443635,1.0707607754262962,1985,80.51922607421875,80.48612976074219,288.0,0.1736111111111111
1986,0.41715632391491503,1.5109016717533577,1986,79.71571350097656,79.6827621459961,288.0,0.125
1987,0.46276471182427475,1.6559538204055844,1987,82.84976196289062,82.81578063964844,288.0,0.11805555555555555
1988,0.7454219194621889,1.685986527459271,1988,81.35639190673828,81.3228988647461,288.0,0.13194444444444445
1989,0.35893261453726727,1.3026166710109115,1989,81.96281433105469,81.929443359375,288.0,0.11458333333333333
1990,0.3795257336100162,1.4551657136077065,1990,82.55679321289062,82.52256774902344,288.0,0.15625
1991,0.22784718424997166,1.3906183143243152,1991,82.04481506347656,82.01142120361328,288.0,0.14930555555555555
1992,0.32218969280023785,1.3367851008922966,1992,79.40227508544922,79.36925506591797,288.0,0.14583333333333334
1993,0.24476561402995817,1.5769037727211834,1993,82.69971466064453,82.66539001464844,288.0,0.1284722222222222
1994,0.4631242126291704,1.4303053130337569,1994,80.42008972167969,80.38717651367188,288.0,0.13194444444444445
1995,0.6276928027221913,1.4387230759168164,1995,81.55940246582031,81.52616882324219,288.0,0.1076388888888889
1996,0.28023464294725997,1.3190237715485904,1996,82.49201965332031,82.45828247070312,288.0,0.12152777777777778
1997,0.8763632959031522,1.7372231063140762,1997,83.0576400756836,83.02345275878906,288.0,0.09722222222222222
1998,0.014106622536347115,1.1608897159263387,1998,82.50386047363281,82.47061157226562,288.0,0.12152777777777778
1999,0.03659280696479447,1.31041703885934,1999,81.22339630126953,81.1900634765625,288.0,0.09722222222222222
2000,-0.26791765600273304,1.0876218983383896,2000,83.22827911376953,83.19447326660156,288.0,0.1388888888888889
2001,0.22453011464599404,1.3099178319521743,2001,83.44395446777344,83.41043853759766,288.0,0.125
2002,0.6183910844187123,1.5131822985490613,2002,82.80028533935547,82.76652526855469,288.0,0.1284722222222222
2003,-0.0009536091319369216,1.2274479752242748,2003,78.634521484375,78.60208129882812,288.0,0.1527777777777778
2004,0.5696976341110456,1.4648172925558678,2004,83.25959014892578,83.22582244873047,288.0,0.12152777777777778
2005,0.2115611608553677,1.4163057120613085,2005,82.67399597167969,82.64029693603516,288.0,0.1423611111111111
2006,0.7906237818480807,1.2373128524595751,2006,80.35923767089844,80.32647705078125,288.0,0.13541666666666666
2007,0.8239341552967238,1.4913498415593105,2007,79.78406524658203,79.7509765625,288.0,0.1388888888888889
2008,0.46553520819178523,1.5115878364770448,2008,83.05089569091797,83.01702880859375,288.0,0.1388888888888889
2009,0.8264236348941435,1.5914000160160902,2009,81.587158203125,81.55369567871094,288.0,0.15625
2010,-0.1848990150900222,1.058323978953994,2010,82.11686706542969,82.08373260498047,288.0,0.1701388888888889
2011,0.5899760014609279,1.54581840196826,2011,80.97760009765625,80.94458770751953,288.0,0.12152777777777778
2012,0.4384041181486056,1.1490400188338281,2012,83.44705200195312,83.41291809082031,288.0,0.1111111111111111
2013,0.25811379610787566,1.4199696540384623,2013,81.64872741699219,81.61577606201172,288.0,0.14583333333333334
2014,0.6028597776240628,1.6303273399956455,2014,78.37989807128906,78.34791564941406,288.0,0.12152777777777778
2015,-0.015081462033844762,1.2554268617383768,2015,83.5753173828125,83.54147338867188,288.0,0.14583333333333334
2016,0.4977184727292719,1.5930325859214554,2016,82.82516479492188,82.79147338867188,288.0,0.10416666666666667
2017,0.31509484577806285,1.650111997998879,2017,83.10966491699219,83.07597351074219,288.0,0.14583333333333334
2018,0.3247873508525357,1.4417886778255866,2018,83.89710998535156,83.86283874511719,288.0,0.17708333333333334
2019,0.9805536225684082,1.4570012842704305,2019,84.33541107177734,84.30148315429688,288.0,0.1423611111111111
2020,0.7863255190334555,1.5403115286822862,2020,83.36939239501953,83.33536529541016,288.0,0.1701388888888889
2021,-0.05969314458040461,1.297642435794201,2021,83.70848846435547,83.67454528808594,288.0,0.12152777777777778
2022,0.7388474782593676,1.4994928713330518,2022,84.53977966308594,84.50572204589844,288.0,0.11458333333333333
2023,-0.11218102798488297,1.2727805928172715,2023,84.22625732421875,84.19195556640625,288.0,0.1527777777777778
2024,0.38080913768560326,1.2712526576630911,2024,83.48652648925781,83.45266723632812,288.0,0.11458333333333333
2025,1.0404756541501365,1.5471415590669253,2025,83.132080078125,83.0986557006836,288.0,0.11458333333333333
2026,0.809391612593095,1.522133433323324,2026,84.30613708496094,84.27235412597656,288.0,0.09375
2027,0.7454767219969732,1.3357217206724246,2027,82.74585723876953,82.71204376220703,288.0,0.13541666666666666
2028,1.251674297496888,1.5597437820479605,2028,84.15230560302734,84.11845397949219,288.0,0.125
2029,0.020264041379994588,1.2921433161271263,2029,84.13764953613281,84.10365295410156,288.0,0.1527777777777778
2030,1.0870795267199425,1.630381376584252,2030,81.94546508789062,81.91232299804688,288.0,0.1423611111111111
2031,0.41984503967405357,1.3942418465685822,2031,82.54187774658203,82.50857543945312,288.0,0.15625
2032,0.38871675767933733,1.3926685552775608,2032,83.59909057617188,83.56552124023438,288.0,0.1284722222222222
2033,0.9344143871067201,1.5366045433965854,2033,81.24286651611328,81.20954895019531,288.0,0.11805555555555555
2034,0.7526865221839714,1.4971856294564567,2034,83.4246597290039,83.39075469970703,288.0,0.1423611111111111
2035,0.04376003051397475,1.3785887588085566,2035,80.47205352783203,80.43880462646484,288.0,0.1284722222222222
2036,1.0269857230709176,1.4114055169867787,2036,81.83200073242188,81.79912567138672,288.0,0.11805555555555555
2037,0.4305074970117198,1.5374080877358363,2037,83.29228210449219,83.2581787109375,288.0,0.125
2038,0.5272725452073526,1.5259304632847823,2038,82.02942657470703,81.99629211425781,288.0,0.11458333333333333
2039,1.0043912772736856,1.5172052437247188,2039,82.16659545898438,82.13323211669922,288.0,0.11458333333333333
2040,-0.12331163769863658,0.9566762055197554,2040,81.37177276611328,81.3386459350586,288.0,0.12152777777777778
2041,0.2703870720569822,1.266965093596434,2041,81.61225128173828,81.57931518554688,288.0,0.13541666666666666
2042,0.40018096270196124,1.4884890935488333,2042,83.47262573242188,83.43822479248047,288.0,0.13194444444444445
2043,1.3205264640399226,1.49060863872119,2043,81.76597595214844,81.73213195800781,288.0,0.11805555555555555
2044,0.7071112775006373,1.5868015062473735,2044,83.60897827148438,83.57490539550781,288.0,0.10416666666666667
2045,0.0003953035756089074,1.2310933770525518,2045,82.22482299804688,82.19140625,288.0,0.13541666666666666
2046,-0.4351449556610649,0.9082944940375245,2046,83.19840240478516,83.16444396972656,288.0,0.1423611111111111
2047,-0.09537340866063594,1.026173106399974,2047,82.46488952636719,82.43132781982422,288.0,0.125
2048,-0.21290831787879538,0.978189214417368,2048,83.36929321289062,83.33549499511719,288.0,0.13541666666666666
2049,0.8387811059415695,1.481571404132512,2049,83.48490905761719,83.45096588134766,288.0,0.10416666666666667
2050,0.7908746479795489,1.7251328136396167,2050,82.50858306884766,82.47441101074219,288.0,0.125
2051,0.28173172362131527,1.2060796027207596,2051,80.27385711669922,80.24114990234375,288.0,0.1111111111111111
2052,1.2337175184709765,1.6491933433116137,2052,81.3556137084961,81.32184600830078,288.0,0.11458333333333333
2053,-0.05456602648968884,1.1174592595412327,2053,82.92996215820312,82.89520263671875,288.0,0.1076388888888889
2054,1.2842886697556664,1.7656410724692688,2054,80.01840209960938,79.98504638671875,288.0,0.1111111111111111
2055,0.2687463995318465,1.3802124404158918,2055,79.87417602539062,79.84080505371094,288.0,0.125
2056,-0.04525712746346411,1.1418470224859694,2056,82.68960571289062,82.65553283691406,288.0,0.14930555555555555
2057,0.6692264525078917,1.3396197077680634,2057,79.4989013671875,79.46644592285156,288.0,0.10416666666666667
2058,0.8360587422246961,1.716674884428109,2058,82.53016662597656,82.49625396728516,288.0,0.09027777777777778
2059,0.46925201497969027,1.5178297271018826,2059,82.06463623046875,82.03108215332031,288.0,0.1423611111111111
2060,0.08033855866784428,1.3109528402762103,2060,82.52104187011719,82.48748779296875,288.0,0.1111111111111111
2061,0.7802215094746187,1.4344740899859878,2061,80.65028381347656,80.61699676513672,288.0,0.10069444444444445
2062,0.508068128570016,1.5340378712356415,2062,83.0969009399414,83.06288146972656,288.0,0.1388888888888889
2063,0.11428025535670477,1.2460872199172188,2063,79.92961120605469,79.89659118652344,288.0,0.12152777777777778
2064,0.1778283371444885,1.3752125286835393,2064,81.93205261230469,81.89936828613281,288.0,0.09375
2065,0.5164500596761064,1.3095722576378843,2065,82.40941619873047,82.37611389160156,288.0,0.11805555555555555
2066,-0.09689280528774086,1.2671213879668863,2066,82.1734848022461,82.14006042480469,288.0,0.125
2067,0.5394056548722115,1.5019589346510893,2067,82.52769470214844,82.49363708496094,288.0,0.1076388888888889
2068,0.39394537235685984,1.593805643957849,2068,83.74730682373047,83.71294403076172,288.0,0.13194444444444445
2069,0.6638895098020865,1.371684755609679,2069,82.69020080566406,82.65679931640625,288.0,0.1284722222222222
2070,0.9012826070372516,1.504465021252879,2070,81.13101196289062,81.09849548339844,288.0,0.10416666666666667
2071,0.40525828014573834,1.455813573121275,2071,83.86187744140625,83.82772064208984,288.0,0.1284722222222222
2072,-0.17759213896015455,1.1265598438998081,2072,83.74457550048828,83.71055603027344,288.0,0.13194444444444445
2073,0.8951019047522559,1.3156918444748391,2073,81.44564056396484,81.41231536865234,288.0,0.10069444444444445
2074,0.8904167619543889,1.6123153816439058,2074,85.06015014648438,85.0257568359375,288.0,0.11805555555555555
2075,0.3714768944753766,1.2392077247231388,2075,80.3690185546875,80.3364486694336,288.0,0.09722222222222222
2076,0.35737241270208847,1.2113609873427955,2076,83.41432189941406,83.38079833984375,288.0,0.09027777777777778
2077,0.22801983307237725,1.2235669199695596,2077,84.30667877197266,84.27272033691406,288.0,0.11458333333333333
2078,0.22342585271100054,1.3090612379207704,2078,81.58639526367188,81.55371856689453,288.0,0.1527777777777778
2079,0.5118333206014305,1.3985689267734038,2079,82.84225463867188,82.80863189697266,288.0,0.08680555555555555
2080,0.42579873076264163,1.3554199691578057,2080,80.17251586914062,80.13998413085938,288.0,0.125
2081,0.20437344971422797,1.1084191676437072,2081,83.99333190917969,83.95879364013672,288.0,0.1076388888888889
2082,1.586792819781246,1.5899508723994238,2082,81.09779357910156,81.0643310546875,288.0,0.0763888888888889
2083,1.139987807554364,1.6790718527502966,2083,82.50962829589844,82.47625732421875,288.0,0.1076388888888889
2084,-0.0753540213938356,1.0796364217034757,2084,82.67671203613281,82.64336395263672,288.0,0.125
2085,0.3833032737394105,1.3080745068441133,2085,82.82266235351562,82.78897094726562,288.0,0.1076388888888889
2086,1.0306962659880137,1.3791020884447192,2086,83.30715942382812,83.27297973632812,288.0,0.09722222222222222
2087,0.46897292125151757,1.60291660459208,2087,80.00852966308594,79.9755859375,288.0,0.09375
2088,0.2839255021857525,1.055092294971662,2088,82.70580291748047,82.67201232910156,288.0,0.1111111111111111
2089,-0.20380333452614735,1.009361222630844,2089,79.5827865600586,79.55008697509766,288.0,0.14930555555555555
2090,0.747983835864469,1.6225895909897583,2090,80.11842346191406,80.08535766601562,288.0,0.11458333333333333
2091,0.8097880366598293,1.643242742318961,2091,81.93862915039062,81.90518188476562,288.0,0.11458333333333333
2092,0.8240144254467471,1.624726159541439,2092,81.39021301269531,81.356689453125,288.0,0.1111111111111111
2093,0.3370543412296143,1.4102652398851847,2093,83.51309204101562,83.47895050048828,288.0,0.11805555555555555
2094,1.3417351251202778,1.400176116284096,2094,82.57367706298828,82.53997039794922,288.0,0.08680555555555555
2095,1.1755302009760287,1.5073287070494399,2095,80.64165496826172,80.6091079711914,288.0,0.09722222222222222
2096,1.4486981706422206,1.4546930710984542,2096,83.15967559814453,83.12632751464844,288.0,0.1076388888888889
2097,1.646993793817293,1.6223973997179961,2097,82.96251678466797,82.92864227294922,288.0,0.1284722222222222
2098,0.6870806195350599,1.5366619212569788,2098,80.07450866699219,80.0417251586914,288.0,0.10416666666666667
2099,0.7036218013320986,1.4621072657944956,2099,83.66497802734375,83.63107299804688,288.0,0.14583333333333334
2100,0.6652898120639882,1.3594231033195447,2100,83.5402603149414,83.50637817382812,288.0,0.0798611111111111
2101,0.7962974624345432,1.5505862511129451,2101,83.83982849121094,83.80560302734375,288.0,0.11458333333333333
2102,0.05509189226683237,1.287362151389963,2102,82.53530883789062,82.50152587890625,288.0,0.1284722222222222
2103,0.31265461418068696,1.5430443094573139,2103,82.0683364868164,82.03414916992188,288.0,0.11805555555555555
2104,0.6582294459026058,1.5239559914863186,2104,81.44293212890625,81.4095458984375,288.0,0.1423611111111111
2105,1.8573568022976896,1.4898393058751538,2105,81.05140686035156,81.01844024658203,288.0,0.09375
2106,0.45747284083126516,1.1858171465375593,2106,83.11614990234375,83.08172607421875,288.0,0.1111111111111111
2107,1.3001882186087008,1.611510870320098,2107,81.19073486328125,81.15711975097656,288.0,0.12152777777777778
2108,1.4086793230093937,1.5505084639140903,2108,83.36965942382812,83.33509063720703,288.0,0.11458333333333333
2109,0.6081009499115786,1.476234787072773,2109,83.20506286621094,83.17091369628906,288.0,0.1076388888888889
2110,0.011511125414403404,1.2932074020634456,2110,82.81143188476562,82.77766418457031,288.0,0.12152777777777778
2111,0.3614318093401974,1.2889244702086786,2111,81.89271545410156,81.85945129394531,288.0,0.1076388888888889
2112,0.47974030441633847,1.1784167200344544,2112,84.00787353515625,83.9737777709961,288.0,0.125
2113,0.25547851221664813,1.2991157231880517,2113,80.05724334716797,80.02435302734375,288.0,0.1388888888888889
2114,0.9237333179130585,1.4861054455277745,2114,82.79878234863281,82.765380859375,288.0,0.08680555555555555
2115,0.3297612272013201,1.3791044212235766,2115,83.0928955078125,83.05901336669922,288.0,0.1111111111111111
2116,1.1800650764077643,1.5464744897673235,2116,80.40218353271484,80.36932373046875,288.0,0.1076388888888889
2117,0.7497803676737287,1.3582741605251962,2117,80.4735107421875,80.4402847290039,288.0,0.10069444444444445
2118,0.3154860382912596,1.3215161438336593,2118,81.16749572753906,81.13449096679688,288.0,0.11805555555555555
2119,-0.00865457599956655,1.2588507624582905,2119,81.8237533569336,81.79063415527344,288.0,0.1388888888888889
2120,0.14325185118717318,1.2473304821539422,2120,81.58699035644531,81.55291748046875,288.0,0.1423611111111111
2121,0.6552161617785769,1.536304942176617,2121,83.24752807617188,83.21336364746094,288.0,0.09722222222222222
2122,0.5944726276972792,1.3541906546969003,2122,80.5225601196289,80.48941040039062,288.0,0.10069444444444445
2123,0.5628058798161893,1.3748152602936137,2123,81.44108581542969,81.40713500976562,288.0,0.13194444444444445
2124,0.6240449508272963,1.4205101180910522,2124,83.74005126953125,83.70576477050781,288.0,0.125
2125,1.1876334609818906,1.1935693215292946,2125,83.50909423828125,83.47528076171875,288.0,0.08333333333333333
2126,1.004749202249133,1.5832013089674604,2126,82.9746322631836,82.94103240966797,288.0,0.09375
2127,0.8178159833817867,1.3208092825872422,2127,81.66514587402344,81.63191223144531,288.0,0.08680555555555555
2128,0.2555193940609595,1.1907223200585928,2128,83.363037109375,83.3287582397461,288.0,0.125
2129,0.5740516829609437,1.1674041908613302,2129,81.47837829589844,81.44489288330078,288.0,0.1076388888888889
2130,1.1312453881258133,1.6501064512056052,2130,82.66964721679688,82.63633728027344,288.0,0.13541666666666666
2131,0.4747179022811278,1.3649901470289894,2131,81.82652282714844,81.79353332519531,288.0,0.125
2132,0.7695899772720866,1.6932854312408525,2132,81.11589813232422,81.0831069946289,288.0,0.10069444444444445
2133,0.9918671807641208,1.6612048749012087,2133,81.63774108886719,81.60427856445312,288.0,0.1423611111111111
2134,0.992986899718166,1.5103967924498398,2134,82.37789916992188,82.34440612792969,288.0,0.1111111111111111
2135,1.060187843675272,1.4061956892064658,2135,81.878662109375,81.84553527832031,288.0,0.10416666666666667
2136,0.6820598733215566,1.6246810863247063,2136,83.40907287597656,83.37509155273438,288.0,0.13194444444444445
2137,-0.4004775072854217,1.0419019918867216,2137,81.8447265625,81.81086730957031,288.0,0.12152777777777778
2138,1.4878429136309856,1.5118612143091594,2138,83.96922302246094,83.93514251708984,288.0,0.1076388888888889
2139,0.6586006554692959,1.5864066406887132,2139,82.03673553466797,82.00294494628906,288.0,0.11805555555555555
2140,-0.13526440562438577,1.1467623940302183,2140,82.20165252685547,82.16822052001953,288.0,0.11805555555555555
2141,0.5928712140718054,1.4290694053461364,2141,81.00690460205078,80.973876953125,288.0,0.1111111111111111
2142,1.3487036117622553,1.4385831465519079,2142,82.645751953125,82.61222839355469,288.0,0.09375
2143,1.6824707207891256,1.3572604038401792,2143,81.65680694580078,81.62382507324219,288.0,0.1076388888888889
2144,0.9952835362461497,1.5561667590986379,2144,81.68881225585938,81.65531921386719,288.0,0.13541666666666666
2145,0.6645350181650235,1.4018159176850244,2145,82.87995147705078,82.84577941894531,288.0,0.1076388888888889
2146,0.5036242248708782,1.6525537651048068,2146,81.31587982177734,81.28291320800781,288.0,0.15625
2147,1.2021413538442933,1.5186786320898458,2147,81.6340560913086,81.6008071899414,288.0,0.10416666666666667
2148,1.2795475851432176,1.734966259025359,2148,83.23152923583984,83.19752502441406,288.0,0.10416666666666667
2149,0.2179479284403297,1.3326892290193313,2149,82.15447998046875,82.12078857421875,288.0,0.13194444444444445
2150,0.8683751940120474,1.696118496744674,2150,80.22975158691406,80.19690704345703,288.0,0.10416666666666667
2151,0.9349755339916448,1.5459428858283109,2151,82.3404312133789,82.30658721923828,288.0,0.07291666666666667
2152,0.7270213759145469,1.488577413978609,2152,79.56232452392578,79.52944946289062,288.0,0.1284722222222222
2153,0.19981290295342125,1.1162003345891651,2153,83.33736419677734,83.3036117553711,288.0,0.11805555555555555
2154,0.5781991832122074,1.4372036295755646,2154,84.01216125488281,83.97795867919922,288.0,0.10416666666666667
2155,0.8111260783377269,1.5072701927633791,2155,83.34751892089844,83.31299591064453,288.0,0.14930555555555555
2156,0.3170272997292728,1.3356041379700634,2156,82.52163696289062,82.488037109375,288.0,0.10069444444444445
2157,0.6500115024776348,1.4705202960457824,2157,80.59123229980469,80.55863952636719,288.0,0.10416666666666667
2158,0.1151136458031374,1.1235252582320319,2158,81.81878662109375,81.7853775024414,288.0,0.1076388888888889
2159,0.19302818549229775,1.274438598384134,2159,82.84170532226562,82.8076400756836,288.0,0.09722222222222222
2160,-0.14513462458677204,0.9756322898965972,2160,83.07731628417969,83.04370880126953,288.0,0.11458333333333333
2161,-0.049772156536502216,0.9282466132324305,2161,81.91569519042969,81.8827133178711,288.0,0.1111111111111111
2162,0.8381474067083527,1.5493943529618182,2162,82.7161636352539,82.68183135986328,288.0,0.1111111111111111
2163,0.6036376838425556,1.3550284408925009,2163,81.86845397949219,81.83535766601562,288.0,0.11805555555555555
2164,0.44742377107886644,1.1426001965644443,2164,82.40018463134766,82.36648559570312,288.0,0.1076388888888889
2165,1.4278754334615666,1.7081044831991739,2165,80.68890380859375,80.65592193603516,288.0,0.08680555555555555
2166,0.7566214008432376,1.4768733314570286,2166,83.47981262207031,83.44603729248047,288.0,0.09375
2167,0.7600796776278834,1.5796466461127063,2167,83.63916778564453,83.60523986816406,288.0,0.125
2168,1.2372254634081647,1.5501134008736541,2168,81.67608642578125,81.64298248291016,288.0,0.09722222222222222
2169,0.42570333051841425,1.5029301182469572,2169,81.32950592041016,81.29612731933594,288.0,0.1111111111111111
2170,1.5134902085692916,1.5759659942115205,2170,81.776611328125,81.74349212646484,288.0,0.10069444444444445
2171,1.1747255488366743,1.4636967951282092,2171,82.8553466796875,82.82162475585938,288.0,0.10069444444444445
2172,1.5462361307214065,1.4102754481281798,2172,79.93901824951172,79.90626525878906,288.0,0.09722222222222222
2173,1.0079596986860127,1.6395419551642139,2173,82.10469055175781,82.07122802734375,288.0,0.11458333333333333
2174,0.35295341647467854,1.359927547145959,2174,80.94131469726562,80.90841674804688,288.0,0.13194444444444445
2175,0.9306089768868018,1.4926413483499439,2175,83.21488952636719,83.18177032470703,288.0,0.11805555555555555
2176,1.0689748527987823,1.5366953124117606,2176,82.28231048583984,82.24893951416016,288.0,0.1076388888888889
2177,1.085464510311991,1.599092604232477,2177,82.18768310546875,82.15423583984375,288.0,0.1111111111111111
2178,0.8391447233900655,1.5088373153518002,2178,80.3858642578125,80.35291290283203,288.0,0.1111111111111111
2179,1.260674257760409,1.4056513030059588,2179,79.3983154296875,79.36580657958984,288.0,0.11458333333333333
2180,0.7333710226974838,1.5864405433573237,2180,83.96009063720703,83.92617797851562,288.0,0.10069444444444445
2181,0.8604856398040472,1.3965649798119912,2181,79.80851745605469,79.77546691894531,288.0,0.0763888888888889
2182,0.30070040170361234,1.412473279969653,2182,82.63475036621094,82.60102844238281,288.0,0.1284722222222222
2183,0.676869323263569,1.6948814521518303,2183,80.33531188964844,80.30209350585938,288.0,0.1076388888888889
2184,0.14214109638446784,1.0531545793364765,2184,81.73164367675781,81.69844818115234,288.0,0.12152777777777778
2185,0.645570388381279,1.530680163010339,2185,81.97825622558594,81.94493103027344,288.0,0.09027777777777778
2186,0.17345466663903616,1.459572138211406,2186,82.97814178466797,82.94415283203125,288.0,0.13541666666666666
2187,0.618557089133805,1.5778589752422163,2187,81.22212219238281,81.18977355957031,288.0,0.11458333333333333
2188,0.711704689190304,1.1613359445484521,2188,81.53759765625,81.50423431396484,288.0,0.09027777777777778
2189,1.0190795761102909,1.4797376207662636,2189,83.65093994140625,83.61691284179688,288.0,0.10069444444444445
2190,0.5998251186706273,1.421677949897836,2190,84.35415649414062,84.32035827636719,288.0,0.11458333333333333
2191,0.007312445046508544,1.2751437450355774,2191,82.5791015625,82.54574584960938,288.0,0.13194444444444445
2192,0.2938709707083355,1.4930418787844817,2192,82.86631774902344,82.83222961425781,288.0,0.13194444444444445
2193,1.1712304518150054,1.4711006402858657,2193,83.82319641113281,83.7894287109375,288.0,0.08333333333333333
2194,0.3178893745880294,1.103166316165938,2194,82.19804382324219,82.16453552246094,288.0,0.10416666666666667
2195,0.619077902918765,1.5650762036563628,2195,82.49200439453125,82.45828247070312,288.0,0.13194444444444445
2196,1.5833879614225996,1.180775007776181,2196,82.5514144897461,82.51822662353516,288.0,0.0763888888888889
2197,0.6123786492806712,1.6537303044292802,2197,81.76419067382812,81.73089599609375,288.0,0.1076388888888889
2198,0.6321862287189118,1.5387977165880344,2198,81.89659118652344,81.86309814453125,288.0,0.1423611111111111
2199,0.5779283313183703,1.4452059325007516,2199,82.84092712402344,82.80726623535156,288.0,0.1284722222222222
2200,0.9925490398073396,1.6209616468311652,2200,80.11923217773438,80.08645629882812,288.0,0.09722222222222222
2201,0.7163162838541388,1.5178455459924387,2201,81.9814453125,81.94845581054688,288.0,0.1284722222222222
2202,0.26204714040012,1.407798941068763,2202,81.405517578125,81.3724136352539,288.0,0.1423611111111111
2203,0.10287060521014764,1.2781815112242574,2203,81.58087158203125,81.54814147949219,288.0,0.14583333333333334
2204,0.8464220438041025,1.3631574248500657,2204,82.67214965820312,82.6387939453125,288.0,0.09722222222222222
2205,0.9298498996164136,1.3214820357057557,2205,79.05400848388672,79.02154541015625,288.0,0.07291666666666667
2206,0.20633334456608987,1.2807561984586942,2206,82.32887268066406,82.29524993896484,288.0,0.125
2207,0.8541859321815425,1.5878815684735625,2207,81.97956848144531,81.9456787109375,288.0,0.09375
2208,1.5436307546267303,1.4723868476405941,2208,81.55606079101562,81.52283477783203,288.0,0.1111111111111111
2209,0.7752247304764137,1.3112187278313352,2209,81.89906311035156,81.86570739746094,288.0,0.12152777777777778
2210,0.5816427824983316,1.5477531596847294,2210,83.84916687011719,83.81553649902344,288.0,0.11805555555555555
2211,0.19265730865619318,1.4586479845090217,2211,81.75912475585938,81.72618103027344,288.0,0.12152777777777778
2212,0.1626503210654472,1.1700890396783437,2212,81.87133026123047,81.838134765625,288.0,0.125
2213,1.256383354987544,1.5612537866931329,2213,82.42381286621094,82.39009857177734,288.0,0.10416666666666667
2214,0.5068122210088799,1.5609904092445688,2214,82.4496841430664,82.41609191894531,288.0,0.09027777777777778
2215,0.5448492704026123,1.3221371952054783,2215,81.31371307373047,81.28121948242188,288.0,0.09722222222222222
2216,1.1099445884471133,1.4485751979372568,2216,82.60848236083984,82.57475280761719,288.0,0.09722222222222222
2217,0.44963560242330086,1.4523441638903598,2217,80.77985382080078,80.74653625488281,288.0,0.09027777777777778
2218,0.8873091748796614,1.6357627534382446,2218,81.85842895507812,81.8248519897461,288.0,0.125
2219,0.9191756757701154,1.5670314845058644,2219,82.8409652709961,82.80689239501953,288.0,0.10416666666666667
2220,0.13447614373805458,1.3230120149512818,2220,81.07267761230469,81.0394058227539,288.0,0.11805555555555555
2221,0.21031947550062796,1.0885447077330206,2221,82.31631469726562,82.28312683105469,288.0,0.09027777777777778
2222,0.9314534308238501,1.5016532749852203,2222,82.7848129272461,82.7505111694336,288.0,0.11458333333333333
2223,0.7642283486583545,1.3607034073232454,2223,80.28885650634766,80.25608825683594,288.0,0.1423611111111111
2224,0.26564623582675767,1.4381479939280502,2224,80.33287811279297,80.30028533935547,288.0,0.09722222222222222
2225,0.8445227096464859,1.5695890406442248,2225,83.04905700683594,83.01497650146484,288.0,0.11458333333333333
2226,0.40471712936487464,1.542672221814458,2226,80.8089599609375,80.77592468261719,288.0,0.09027777777777778
2227,0.7243390326365308,1.5699598946274869,2227,82.49535369873047,82.46189880371094,288.0,0.11458333333333333
2228,1.366705483997726,1.2745556023966633,2228,83.46324157714844,83.42942810058594,288.0,0.0798611111111111
2229,0.4619967299343711,1.4788752424633254,2229,81.85484313964844,81.82122039794922,288.0,0.1076388888888889
2230,-0.2344374604237633,1.3408351073326452,2230,83.04179382324219,83.00784301757812,288.0,0.1597222222222222
2231,0.7958641213888868,1.586114702771191,2231,81.2154769897461,81.1825180053711,288.0,0.1111111111111111
2232,0.06634667041959467,1.27920295628648,2232,81.3201675415039,81.28653717041016,288.0,0.16319444444444445
2233,0.6909939994289623,1.193391280415379,2233,83.04854583740234,83.014404296875,288.0,0.0798611111111111
2234,1.1080101943945784,1.5099587463313802,2234,80.71546936035156,80.68281555175781,288.0,0.10416666666666667
2235,0.8901803985923517,1.3545348455023531,2235,82.7723388671875,82.73847198486328,288.0,0.1076388888888889
2236,0.7089997464546884,1.4071475230940278,2236,81.25702667236328,81.22399139404297,288.0,0.10069444444444445
2237,0.1379789986632645,1.3546986172590996,2237,83.01882934570312,82.98567962646484,288.0,0.09722222222222222
2238,1.6914557046669882,1.643485621345257,2238,81.81829833984375,81.78482055664062,288.0,0.1111111111111111
2239,1.0815879007437355,1.580593424393741,2239,82.09368896484375,82.06036376953125,288.0,0.12152777777777778
2240,1.7622468526501747,1.6009582534393167,2240,83.2774887084961,83.2438735961914,288.0,0.08333333333333333
2241,0.8600261372186373,1.3933641832695318,2241,82.4069595336914,82.37370300292969,288.0,0.125
2242,0.6285621277205781,1.517888269358399,2242,82.24224090576172,82.20896911621094,288.0,0.0798611111111111
2243,1.037711956836514,1.6232869687382059,2243,82.1100845336914,82.0767822265625,288.0,0.0798611111111111
2244,0.776187644692365,1.591676202884163,2244,83.44377136230469,83.41011047363281,288.0,0.09375
2245,1.0285745214723099,1.320779932107084,2245,83.49494934082031,83.46072387695312,288.0,0.09027777777777778
2246,0.9367864269454409,1.326218758131264,2246,83.32847595214844,83.29508972167969,288.0,0.10069444444444445
2247,1.2071277244206486,1.6118349159337035,2247,83.06137084960938,83.0276870727539,288.0,0.1111111111111111
2248,1.53040669546569,1.6349044686155538,2248,82.71957397460938,82.68649291992188,288.0,0.08333333333333333
2249,0.9603283577434836,1.2781044210895696,2249,81.14010620117188,81.10713195800781,288.0,0.09027777777777778
2250,1.311089970367221,1.388383573081876,2250,83.18206787109375,83.14754486083984,288.0,0.07291666666666667
2251,0.5636473679710222,1.3134484025724196,2251,80.7510986328125,80.71829223632812,288.0,0.10416666666666667
2252,0.6244827563733321,1.5070885632666056,2252,81.82887268066406,81.79595947265625,288.0,0.1527777777777778
2253,1.3660041948258879,1.4794003597660512,2253,81.0648193359375,81.03140258789062,288.0,0.10069444444444445
2254,0.20569588692856372,1.0470663122168808,2254,80.85372924804688,80.82066345214844,288.0,0.0798611111111111
2255,0.8449981461814515,1.5166646161261368,2255,80.31941223144531,80.28607940673828,288.0,0.10416666666666667
2256,0.20962867909841978,1.3922509800389489,2256,83.19540405273438,83.16123962402344,288.0,0.09027777777777778
2257,1.7292768766382163,1.574121846377435,2257,82.73426818847656,82.70072937011719,288.0,0.06597222222222222
2258,0.41683055181687123,1.2730206410795677,2258,81.45441436767578,81.42112731933594,288.0,0.08680555555555555
2259,0.8644992742537618,1.2992694846973756,2259,81.94380187988281,81.91044616699219,288.0,0.08333333333333333
2260,0.7834610848251012,1.518068645607316,2260,81.15165710449219,81.11886596679688,288.0,0.1076388888888889
2261,1.8923395353148298,1.1131103680624552,2261,81.05442810058594,81.02168273925781,288.0,0.0763888888888889
2262,0.8771427670973426,1.5698154832412876,2262,81.81439208984375,81.78080749511719,288.0,0.10416666666666667
2263,0.6206907233515095,1.3959473888739378,2263,78.12853240966797,78.09748077392578,288.0,0.08680555555555555
2264,0.8666483290043921,1.3945383786266101,2264,82.23042297363281,82.19741821289062,288.0,0.1111111111111111
2265,0.08508185831894927,1.3707427548920472,2265,81.26075744628906,81.22785949707031,288.0,0.13541666666666666
2266,0.030004022947783024,1.1638399250324512,2266,81.25259399414062,81.21941375732422,288.0,0.1076388888888889
2267,0.6658355362398333,1.495171795413322,2267,80.41744232177734,80.38481140136719,288.0,0.11458333333333333
2268,0.281610802425737,1.3325222490794961,2268,78.48477935791016,78.45325469970703,288.0,0.1076388888888889
2269,0.6488916978787734,1.27091406348915,2269,82.53700256347656,82.50347900390625,288.0,0.10069444444444445
2270,0.6253751767654835,1.7105035407565485,2270,83.66056060791016,83.62651062011719,288.0,0.1423611111111111
2271,-0.2514234725958966,0.9865304881521703,2271,83.02467346191406,82.99093627929688,288.0,0.1111111111111111
2272,1.1299634243039982,1.549961232959577,2272,79.39009094238281,79.35765075683594,288.0,0.0763888888888889
2273,0.83203164725226,1.6143837443441658,2273,83.02711486816406,82.9932861328125,288.0,0.09027777777777778
2274,1.7731553072161195,1.531912734849227,2274,82.03021240234375,81.99681091308594,288.0,0.10069444444444445
2275,0.8602859167100481,1.5999098807693495,2275,81.84429931640625,81.81059265136719,288.0,0.0798611111111111
2276,0.7808150797375588,1.608463775683345,2276,79.76292419433594,79.7303695678711,288.0,0.125
2277,1.1601624927941265,1.5616041180127884,2277,82.10523986816406,82.07221984863281,288.0,0.1076388888888889
2278,0.561411431005856,1.3065417321399722,2278,83.1910629272461,83.15728759765625,288.0,0.09375
2279,0.4512099509705212,1.3017316193341606,2279,82.0003890991211,81.96697235107422,288.0,0.11805555555555555
2280,0.4397339223636069,1.4629497491783403,2280,78.46836853027344,78.43597412109375,288.0,0.1111111111111111
2281,1.5709192262062939,1.2999191959392182,2281,82.22721099853516,82.19386291503906,288.0,0.059027777777777776
2282,0.9762867678800536,1.56634019011261,2282,82.86808776855469,82.83413696289062,288.0,0.1111111111111111
2283,0.276814589206831,1.3928759414584355,2283,81.25401306152344,81.22091674804688,288.0,0.11458333333333333
2284,1.2492665407512296,1.4743526289722202,2284,78.60502624511719,78.57349395751953,288.0,0.0763888888888889
2285,-0.17723935609715513,0.98299986993368,2285,81.75164031982422,81.71812438964844,288.0,0.1111111111111111
2286,1.0203389302005983,1.6351293997686605,2286,82.16239166259766,82.12895965576172,288.0,0.10069444444444445
2287,1.5376593675751324,1.2910939506237935,2287,77.76970672607422,77.73783874511719,288.0,0.0763888888888889
2288,0.786396873864802,1.393069508795212,2288,78.91004943847656,78.87770080566406,288.0,0.07291666666666667
2289,0.785548981483635,1.4557421619628745,2289,82.06434631347656,82.03072357177734,288.0,0.12152777777777778
2290,1.524231256854281,1.6929397060781177,2290,79.12673950195312,79.0946044921875,288.0,0.06944444444444445
2291,0.12799162337803438,1.096516803864839,2291,82.51335144042969,82.47969818115234,288.0,0.09027777777777778
2292,1.2710759459011594,1.488489812871145,2292,83.55793762207031,83.52381896972656,288.0,0.1076388888888889
2293,1.3024943935503284,1.3840466237124975,2293,82.70390319824219,82.67037963867188,288.0,0.10069444444444445
2294,1.5196859455763976,1.6345158114490792,2294,83.03157806396484,82.9980697631836,288.0,0.059027777777777776
2295,2.1053574586663992,1.1228471842712868,2295,82.45220947265625,82.41798400878906,288.0,0.06597222222222222
2296,0.4502642748350896,1.414459518884322,2296,82.8307113647461,82.79695892333984,288.0,0.08333333333333333
2297,1.4479449528820207,1.547616787793756,2297,83.17670440673828,83.14301300048828,288.0,0.09375
2298,0.02731167033502857,1.2126101837593062,2298,81.77748107910156,81.74398803710938,288.0,0.11458333333333333
2299,1.1637238344494305,1.6761005249944454,2299,82.5176773071289,82.484130859375,288.0,0.10069444444444445
2300,1.4470052793700723,1.3291127145857478,2300,80.53585052490234,80.50282287597656,288.0,0.0763888888888889
2301,0.7529133525587636,1.7361055732820334,2301,81.16193389892578,81.12904357910156,288.0,0.1076388888888889
2302,0.9302955447259702,1.6116588910228842,2302,82.21604919433594,82.18267059326172,288.0,0.13541666666666666
2303,0.8012501528331448,1.4507082980554442,2303,80.99250793457031,80.95940399169922,288.0,0.1111111111111111
2304,0.6546205900424756,1.4919290043138638,2304,82.98625183105469,82.95221710205078,288.0,0.10069444444444445
2305,0.994867797653808,1.511126473410855,2305,83.25382232666016,83.22004699707031,288.0,0.09375
2306,1.9221611648914738,1.5769665037498555,2306,83.02445983886719,82.99087524414062,288.0,0.08680555555555555
2307,0.980394999466419,1.2440053924588363,2307,83.28436279296875,83.25047302246094,288.0,0.10416666666666667
2308,1.0687890176953094,1.4224747522826535,2308,83.33790588378906,83.30387115478516,288.0,0.10069444444444445
2309,1.6568446162864678,1.5653365050291066,2309,82.7369384765625,82.70362854003906,288.0,0.0798611111111111
2310,0.5581516363322128,1.2856187651612347,2310,82.52702331542969,82.49311828613281,288.0,0.08680555555555555
2311,0.3590538106000554,1.6526733147860224,2311,83.29582214355469,83.26203918457031,288.0,0.09027777777777778
2312,1.0262692669332738,1.4585225337369745,2312,83.25025939941406,83.21617889404297,288.0,0.10416666666666667
2313,0.3759346151618155,1.3137704120486822,2313,80.3170166015625,80.28396606445312,288.0,0.08680555555555555
2314,0.6257271689902719,1.595605067467798,2314,80.87763977050781,80.84468078613281,288.0,0.09375
2315,0.08224597885867986,1.1181732317602018,2315,81.24664306640625,81.21330261230469,288.0,0.09027777777777778
2316,1.1116475668437265,1.5647467666734183,2316,81.25932312011719,81.22529602050781,288.0,0.1284722222222222
2317,-0.12045848981979969,1.0006080900086103,2317,82.83537292480469,82.8017578125,288.0,0.08680555555555555
2318,1.5641432609376875,1.461357521615797,2318,82.48049926757812,82.44680786132812,288.0,0.08333333333333333
2319,1.5700830083077695,1.4324291565806349,2319,82.92147827148438,82.88800811767578,288.0,0.059027777777777776
2320,0.628441283563419,1.1045888883849184,2320,81.6006088256836,81.56742858886719,288.0,0.0798611111111111
2321,0.9168131594692974,1.4648204687641206,2321,81.45960998535156,81.42716217041016,288.0,0.10416666666666667
2322,0.8040583563416095,1.4091647781594066,2322,83.05635070800781,83.0221176147461,288.0,0.06597222222222222
2323,0.3527600116696997,1.2668371261840445,2323,79.88410949707031,79.85147094726562,288.0,0.10069444444444445
2324,0.5911276985044807,1.6723453485273787,2324,82.88931274414062,82.85541534423828,288.0,0.08333333333333333
2325,1.2012674573272841,1.5343325825522842,2325,81.62393951416016,81.59076690673828,288.0,0.10416666666666667
2326,-0.001583844210738884,1.1750921710366322,2326,82.5003662109375,82.4666748046875,288.0,0.12152777777777778
2327,-0.14336524401535633,1.02732985171218,2327,81.95001983642578,81.91629028320312,288.0,0.1076388888888889
2328,1.6014028652426155,1.6195157571349097,2328,81.63607788085938,81.60275268554688,288.0,0.09722222222222222
2329,1.6253823184275213,1.3800221877155199,2329,82.23919677734375,82.20558166503906,288.0,0.06944444444444445
2330,0.9336710063623966,1.4112458383076911,2330,82.12297058105469,82.08885192871094,288.0,0.08680555555555555
2331,-0.11761778462633095,1.0909208003185733,2331,80.11445617675781,80.08210754394531,288.0,0.12152777777777778
2332,0.5606578767080292,1.3714545924685486,2332,80.82203674316406,80.78910064697266,288.0,0.08333333333333333
2333,0.7010683276892248,1.4392529587367624,2333,81.729736328125,81.69645690917969,288.0,0.09375
2334,0.0730243640674155,1.309603616553293,2334,79.33927154541016,79.30635833740234,288.0,0.1111111111111111
2335,1.0604756309120256,1.4795250351481364,2335,78.92343139648438,78.89067077636719,288.0,0.0798611111111111
2336,0.8055389948458048,1.3447640414023063,2336,81.42304229736328,81.38993072509766,288.0,0.07291666666666667
2337,1.0828819665618616,1.637852085158396,2337,81.27037048339844,81.2376708984375,288.0,0.10069444444444445
2338,0.3138425500551397,1.5248129579737002,2338,81.17274475097656,81.13980102539062,288.0,0.09722222222222222
2339,0.51264559546712,1.583264887972576,2339,81.87236785888672,81.83930969238281,288.0,0.10069444444444445
2340,0.8483753282751434,1.4531571868354332,2340,82.43604278564453,82.40264892578125,288.0,0.0798611111111111
2341,0.05257739968610072,0.9686042448501334,2341,82.01887512207031,81.98487854003906,288.0,0.08680555555555555
2342,0.7561907383179756,1.1795908447839802,2342,82.76548767089844,82.73161315917969,288.0,0.0625
2343,0.8285256845677166,1.5709592329162338,2343,82.05529022216797,82.02108001708984,288.0,0.08680555555555555
2344,0.9516596726700917,1.411909148553036,2344,81.245361328125,81.21183013916016,288.0,0.0798611111111111
2345,0.9483558645839683,1.3663166544146614,2345,82.12203216552734,82.08876037597656,288.0,0.10069444444444445
2346,0.6141321315175087,1.3779276697205824,2346,79.34272766113281,79.30973815917969,288.0,0.0625
2347,0.5569446330520452,1.1990773713778775,2347,81.15956115722656,81.12625122070312,288.0,0.09375
2348,0.8255068484977767,1.4894194971711354,2348,82.45283508300781,82.4189682006836,288.0,0.09722222222222222
2349,0.09778340337619001,1.4003262675156578,2349,81.62345123291016,81.59014892578125,288.0,0.09375
2350,0.7969623968382812,1.6635811371674787,2350,81.89178466796875,81.85848999023438,288.0,0.1076388888888889
2351,0.4341386380194777,1.4209840115280163,2351,82.64381408691406,82.61016845703125,288.0,0.08680555555555555
2352,0.31466574161624766,1.2201606145265784,2352,82.52912902832031,82.49490356445312,288.0,0.08333333333333333
2353,1.7725545338359163,1.3717962730625064,2353,82.6129379272461,82.579345703125,288.0,0.09027777777777778
2354,0.20060039817937703,1.3454162021052154,2354,82.26738739013672,82.23388671875,288.0,0.11458333333333333
2355,-0.23196815528572223,0.7439933755117665,2355,81.8270034790039,81.79364776611328,288.0,0.10416666666666667
2356,0.011222804033419378,1.1800674700007519,2356,82.91201782226562,82.87850952148438,288.0,0.1111111111111111
2357,0.8284029782019855,1.6911436031686888,2357,82.366943359375,82.33375549316406,288.0,0.1076388888888889
2358,0.8475724400884546,1.6005009710662776,2358,82.68126678466797,82.64756774902344,288.0,0.11458333333333333
2359,1.6206419831122552,1.6493656508974863,2359,82.03955078125,82.00605010986328,288.0,0.10069444444444445
2360,0.2788580360767274,1.4820551979465504,2360,83.50726318359375,83.4730224609375,288.0,0.09722222222222222
2361,0.4048122121643208,1.3661388945682311,2361,82.18402099609375,82.15098571777344,288.0,0.09722222222222222
2362,0.0890802244967835,1.3353782568130916,2362,81.99146270751953,81.95799255371094,288.0,0.1111111111111111
2363,0.4649772845156179,1.3671916223793237,2363,81.40444946289062,81.37145233154297,288.0,0.09027777777777778
2364,0.09667149896364699,1.3382675978852956,2364,83.21200561523438,83.17823791503906,288.0,0.08333333333333333
2365,0.5549692222895402,1.246744386014328,2365,82.47030639648438,82.43704223632812,288.0,0.06944444444444445
2366,0.7459631625991009,1.5638846175747136,2366,81.09967803955078,81.06706237792969,288.0,0.12152777777777778
2367,0.08415815776863947,1.1369857484357118,2367,82.45681762695312,82.42382049560547,288.0,0.08333333333333333
2368,0.521419459787983,1.5634155270407095,2368,82.18284606933594,82.14956665039062,288.0,0.10069444444444445
2369,0.509791797242087,1.641389050824434,2369,82.44640350341797,82.41331481933594,288.0,0.12152777777777778
2370,0.07635797317282189,1.3944980870727277,2370,82.22979736328125,82.19660949707031,288.0,0.10069444444444445
2371,-0.16374999493956408,1.010237262652862,2371,83.73758697509766,83.70399475097656,288.0,0.09375
2372,0.8994798590312989,1.575998575153018,2372,80.69963073730469,80.66668701171875,288.0,0.07291666666666667
2373,1.08730444588725,1.6928971678264237,2373,82.83430480957031,82.80088806152344,288.0,0.08333333333333333
2374,1.0068115556139685,1.435374272822143,2374,82.506591796875,82.47381591796875,288.0,0.08680555555555555
2375,0.6677605852321146,1.540699366569899,2375,82.00270080566406,81.97000122070312,288.0,0.1111111111111111
2376,0.5742405217440489,1.4107184300333362,2376,82.28065490722656,82.24758911132812,288.0,0.09027777777777778
2377,0.7923138503180585,1.4835236801701657,2377,84.12052917480469,84.0862045288086,288.0,0.09027777777777778
2378,0.43979302603238907,1.413664367137666,2378,82.887939453125,82.85452270507812,288.0,0.08680555555555555
2379,1.7571796273664249,1.3626236152084938,2379,80.83858489990234,80.80584716796875,288.0,0.10416666666666667
2380,0.2497362039171314,1.3021139268148716,2380,84.20159912109375,84.16739654541016,288.0,0.09027777777777778
2381,1.1754366217954397,1.5983031277021278,2381,82.63786315917969,82.60480499267578,288.0,0.1076388888888889
2382,0.7039930810263465,1.290134420993376,2382,82.22531127929688,82.19216918945312,288.0,0.09375
2383,0.8146674114154876,1.7081123606132411,2383,82.778564453125,82.7450180053711,288.0,0.1111111111111111
2384,0.8859043091783951,1.538237352132843,2384,81.69825744628906,81.66524505615234,288.0,0.0763888888888889
2385,0.21313306084761338,1.1968621105534398,2385,83.61909484863281,83.58535766601562,288.0,0.08680555555555555
2386,0.9351589693187066,1.7528183051926234,2386,81.48817443847656,81.45479583740234,288.0,0.06944444444444445
2387,1.5503717729272486,1.4649970661668654,2387,82.12400817871094,82.09098815917969,288.0,0.0763888888888889
2388,1.3104180776616492,1.4446263776597528,2388,82.0693588256836,82.0360107421875,288.0,0.0763888888888889
2389,1.8166577940506967,1.6181152295056545,2389,82.43169403076172,82.39872741699219,288.0,0.09722222222222222
2390,0.5057871132803954,1.5327838067531645,2390,84.1212387084961,84.08746337890625,288.0,0.09722222222222222
2391,1.1160396286576146,1.6997027106278784,2391,82.30683898925781,82.27345275878906,288.0,0.07291666666666667
2392,1.946647917816243,1.2480802379022413,2392,82.20246887207031,82.1692886352539,288.0,0.05555555555555555
2393,0.22403816796213377,1.4075091348313526,2393,81.11878967285156,81.08609008789062,288.0,0.1076388888888889
2394,1.8321515948949505,1.503321731380086,2394,78.04476928710938,78.01254272460938,288.0,0.05555555555555555
2395,0.4731573489842751,1.5913900648870336,2395,82.06874084472656,82.03523254394531,288.0,0.05555555555555555
2396,1.6211126799092264,1.583402488029031,2396,80.58447265625,80.55160522460938,288.0,0.07291666666666667
2397,0.9489132985553113,1.5604164481294127,2397,82.06716918945312,82.03443908691406,288.0,0.08680555555555555
2398,0.7598049021206095,1.609001560938714,2398,81.90411376953125,81.8709945678711,288.0,0.11805555555555555
2399,1.405287285782463,1.6462512690396358,2399,82.5784912109375,82.54541015625,288.0,0.10069444444444445
2400,0.9828917296365849,1.4018169983846855,2400,82.09182739257812,82.05841064453125,288.0,0.09375
2401,0.9555173315641071,1.196299826579643,2401,81.74720764160156,81.71312713623047,288.0,0.0763888888888889
2402,1.711036343436534,1.6366566044550317,2402,81.36882019042969,81.33548736572266,288.0,0.1111111111111111
2403,0.9669670482689665,1.4588293276832802,2403,80.00518798828125,79.97225189208984,288.0,0.09375
2404,1.140577584617566,1.60846029884357,2404,81.4563980102539,81.42302703857422,288.0,0.08333333333333333
2405,0.27592840050848594,1.216810641079539,2405,83.69957733154297,83.66524505615234,288.0,0.06944444444444445
2406,0.85509448794548,1.5543181815088483,2406,82.74443054199219,82.71080017089844,288.0,0.10069444444444445
2407,0.6758822023590751,1.425767780565553,2407,84.65455627441406,84.62004089355469,288.0,0.09722222222222222
2408,0.3405937515385264,1.1535839763555389,2408,81.37631225585938,81.34312438964844,288.0,0.09722222222222222
2409,0.32466988431163535,1.288679902163875,2409,79.19429016113281,79.16146850585938,288.0,0.07291666666666667
2410,0.4401380882707444,1.4382858405712144,2410,82.17438507080078,82.14104461669922,288.0,0.0763888888888889
2411,0.9362989368487022,1.319675887297046,2411,81.94444274902344,81.91085815429688,288.0,0.06597222222222222
2412,1.3688252783240926,1.2815732788764769,2412,83.94537353515625,83.910888671875,288.0,0.0763888888888889
2413,0.9262865273696931,1.6014904406916706,2413,83.4237060546875,83.38957214355469,288.0,0.06597222222222222
2414,1.9168992615934737,1.6131808169410713,2414,79.99678039550781,79.96381378173828,288.0,0.06597222222222222
2415,0.2656090487125098,1.250358740226408,2415,81.34471130371094,81.31120300292969,288.0,0.10069444444444445
2416,0.6012582209874581,1.1257765564906375,2416,83.03611755371094,83.0022201538086,288.0,0.08333333333333333
2417,0.3338152121296765,1.2274326401923241,2417,83.72293853759766,83.6889419555664,288.0,0.1076388888888889
2418,1.071771979025555,1.6864766328295804,2418,82.99244689941406,82.95867919921875,288.0,0.10416666666666667
2419,0.6341021330684011,1.196103926599318,2419,82.88924407958984,82.8553237915039,288.0,0.0625
2420,0.8800869220664522,1.302456230511606,2420,82.481689453125,82.44786071777344,288.0,0.09375
2421,1.0232944821254355,1.3875870191914061,2421,81.21435546875,81.18058776855469,288.0,0.0763888888888889
2422,0.8177454705652608,1.3921046884390331,2422,78.8931884765625,78.85987854003906,288.0,0.08333333333333333
2423,0.23359523561956072,1.3679500984995567,2423,79.40869140625,79.3758316040039,288.0,0.1076388888888889
2424,0.3093167345550955,1.476911595538627,2424,79.21853637695312,79.18608093261719,288.0,0.08333333333333333
2425,0.7345477478093936,1.7090008992134098,2425,83.61404418945312,83.58040618896484,288.0,0.08333333333333333
2426,0.8232100528354267,1.6871865882506911,2426,83.02520751953125,82.99079132080078,288.0,0.10069444444444445
2427,1.011641662084197,1.4476705932745184,2427,79.52611541748047,79.49366760253906,288.0,0.06944444444444445
2428,1.0230759743937243,1.4966686223507164,2428,81.29953002929688,81.26630401611328,288.0,0.0625
2429,0.21423813258122068,1.3044747706743258,2429,81.85484313964844,81.8216552734375,288.0,0.11458333333333333
2430,1.0985594941414576,1.6575162874127591,2430,84.47859191894531,84.44377136230469,288.0,0.0763888888888889
2431,0.694782664280731,1.4926701689146904,2431,80.04631042480469,80.0133285522461,288.0,0.09027777777777778
2432,1.30814256939089,1.6167786924469743,2432,81.72219848632812,81.68862915039062,288.0,0.0625
2433,0.537180242578005,1.7120062440285395,2433,81.80519104003906,81.77173614501953,288.0,0.08680555555555555
2434,1.2890747691143711,1.6406746159206362,2434,82.1861572265625,82.15257263183594,288.0,0.0763888888888889
2435,1.0278120950075937,1.3710238150983498,2435,83.86591339111328,83.83175659179688,288.0,0.0798611111111111
2436,0.4001543904219782,1.4631488829946708,2436,82.0750732421875,82.04119873046875,288.0,0.10416666666666667
2437,0.6627774998911121,1.5035779441351729,2437,82.14961242675781,82.11575317382812,288.0,0.09722222222222222
2438,0.4091954482989436,1.397805706398684,2438,81.3282470703125,81.29501342773438,288.0,0.09722222222222222
2439,0.6338416781162195,1.6321180896172562,2439,81.36994171142578,81.33690643310547,288.0,0.1076388888888889
2440,0.9606815173452635,1.5122004567097598,2440,80.80306243896484,80.76998138427734,288.0,0.052083333333333336
2441,1.726972851412825,1.5802244212329575,2441,82.3358383178711,82.30209350585938,288.0,0.09375
2442,0.6765695816619597,1.463900020890185,2442,81.009765625,80.97632598876953,288.0,0.08333333333333333
2443,1.0012427614510697,1.4819583582790608,2443,81.26927185058594,81.23561096191406,288.0,0.08333333333333333
2444,1.0291976078968554,1.4058771447683722,2444,81.03819274902344,81.0050048828125,288.0,0.0798611111111111
2445,1.7750536692570564,1.4737520597447857,2445,81.9493637084961,81.91592407226562,288.0,0.06944444444444445
2446,0.6301581839000193,1.489760592579421,2446,82.08352661132812,82.05001068115234,288.0,0.0763888888888889
2447,0.397590249932251,1.4351032896749345,2447,82.34905242919922,82.3156967163086,288.0,0.0763888888888889
2448,0.5588516206364539,1.512014174961771,2448,82.7444839477539,82.71074676513672,288.0,0.08680555555555555
2449,0.019520719663618583,1.2633379869183956,2449,84.11333465576172,84.07926177978516,288.0,0.09027777777777778
2450,0.11383429821258186,1.2340238815549016,2450,83.96382141113281,83.92970275878906,288.0,0.0763888888888889
2451,1.3906628900756535,1.688323228933586,2451,83.19477844238281,83.16105651855469,288.0,0.059027777777777776
2452,0.21478483690654782,1.2261022033165418,2452,83.91460418701172,83.88074493408203,288.0,0.06944444444444445
2453,0.9251718423012991,1.4339642899140022,2453,83.38720703125,83.35340881347656,288.0,0.06597222222222222
2454,-0.05710969054134756,1.1104060712081592,2454,82.89410400390625,82.86070251464844,288.0,0.1284722222222222
2455,1.0217819154433336,1.3770271327990866,2455,83.06234741210938,83.02869415283203,288.0,0.08333333333333333
2456,0.767604716069466,1.326979772533905,2456,82.03254699707031,81.99899291992188,288.0,0.07291666666666667
2457,0.29258318328816674,1.2782978230679034,2457,82.2801742553711,82.24693298339844,288.0,0.0763888888888889
2458,0.130164717625276,1.4615095863175807,2458,81.40699005126953,81.37386322021484,288.0,0.06944444444444445
2459,0.33347020940920086,1.1130698153646792,2459,83.28155517578125,83.24781799316406,288.0,0.06597222222222222
2460,0.2659709621817935,1.4368675971996547,2460,83.33267211914062,83.29890441894531,288.0,0.0763888888888889
2461,0.7914932044108127,1.2259544956449226,2461,80.89469909667969,80.86166381835938,288.0,0.09375
2462,0.8017097510117628,1.344320120445533,2462,82.86994934082031,82.83659362792969,288.0,0.09027777777777778
2463,1.495189383777805,1.5876455646416106,2463,83.56510925292969,83.5313491821289,288.0,0.07291666666666667
2464,0.8499358660276379,1.5487533570859964,2464,83.45514678955078,83.42086791992188,288.0,0.0798611111111111
2465,0.397360573852217,1.4895822308052127,2465,81.84288024902344,81.81011962890625,288.0,0.1111111111111111
2466,1.433460768163852,1.3986621551011311,2466,81.70382690429688,81.67045593261719,288.0,0.06944444444444445
2467,0.624470436052216,1.6272856018762891,2467,82.88473510742188,82.85090637207031,288.0,0.09027777777777778
2468,1.3042911120193459,1.2508047297058542,2468,82.2862548828125,82.25273895263672,288.0,0.03819444444444445
2469,0.8069315102155326,1.4076988770309031,2469,82.41709899902344,82.38395690917969,288.0,0.09027777777777778
2470,0.6387024062005499,1.6476627655755036,2470,81.59233093261719,81.55921173095703,288.0,0.0798611111111111
2471,1.0370063413681316,1.5545175754670046,2471,81.87723541259766,81.84396362304688,288.0,0.09375
2472,1.4963837888444493,1.582803424006813,2472,82.93728637695312,82.90345001220703,288.0,0.03125
2473,0.449060768914749,1.5660982031561226,2473,83.32719421386719,83.29291534423828,288.0,0.08333333333333333
2474,1.7475808745675048,1.435651058588226,2474,83.76219177246094,83.72785949707031,288.0,0.059027777777777776
2475,0.4838401395174973,1.384030687509816,2475,83.58391571044922,83.54998779296875,288.0,0.08680555555555555
2476,1.5719807922693478,1.5764492007771367,2476,79.32643127441406,79.29450988769531,288.0,0.08333333333333333
2477,1.63039864009105,1.6295093493941417,2477,83.74331665039062,83.70905303955078,288.0,0.06944444444444445
2478,1.0148360585054723,1.6106015261837572,2478,82.0516586303711,82.01824951171875,288.0,0.05555555555555555
2479,0.5371467598716297,1.4611697545921853,2479,83.05351257324219,83.01988983154297,288.0,0.10416666666666667
2480,0.46460652820739035,1.281212120512758,2480,83.10691833496094,83.07308959960938,288.0,0.05555555555555555
2481,0.6152329707991513,1.3234647061545377,2481,78.19007110595703,78.15740966796875,288.0,0.08680555555555555
2482,0.7666832031761902,1.5771560146725447,2482,81.11276245117188,81.07987976074219,288.0,0.06944444444444445
2483,1.139944407382186,1.5833643093445506,2483,81.57925415039062,81.54578399658203,288.0,0.07291666666666667
2484,0.44549527827096785,1.1451244511085954,2484,83.29972839355469,83.26565551757812,288.0,0.06944444444444445
2485,0.9376281198855634,1.2937941762800038,2485,82.14643859863281,82.11341094970703,288.0,0.0763888888888889
2486,1.282931332519001,1.5218889424010444,2486,81.38175201416016,81.34858703613281,288.0,0.09027777777777778
2487,1.1651382251962674,1.475004846184472,2487,82.60102081298828,82.56723022460938,288.0,0.08680555555555555
2488,1.5116916072440505,1.5012405688694688,2488,83.73542785644531,83.70123291015625,288.0,0.09722222222222222
2489,1.4680032722746696,0.913052427553529,2489,82.373046875,82.339599609375,288.0,0.05555555555555555
2490,1.3383294713670857,1.6061214798813885,2490,83.97276306152344,83.93841552734375,288.0,0.08680555555555555
2491,0.6707142663210038,1.5317840276345838,2491,82.37544250488281,82.34171295166016,288.0,0.0798611111111111
2492,1.3294516009952946,1.609703757331563,2492,81.46574401855469,81.43270874023438,288.0,0.08680555555555555
2493,1.3293080934266446,1.41109931066725,2493,80.72393798828125,80.69070434570312,288.0,0.10069444444444445
2494,0.5244520421295013,1.4039767587757783,2494,82.03631591796875,82.00315856933594,288.0,0.08680555555555555
2495,1.7061799754676892,1.4086136308403572,2495,81.47420501708984,81.44148254394531,288.0,0.05555555555555555
2496,1.0169806171509868,1.5914547887235115,2496,83.10717010498047,83.07357788085938,288.0,0.08333333333333333
2497,1.3802945922160827,1.360175923840505,2497,80.5838623046875,80.55109405517578,288.0,0.08680555555555555
2498,0.9335978394109651,1.4966618157350207,2498,83.48584747314453,83.45214080810547,288.0,0.11805555555555555
2499,1.0588365547364997,1.4701847600301419,2499,83.28631591796875,83.25210571289062,288.0,0.08333333333333333
2500,0.7459499753936806,1.5160374656651097,2500,79.32447814941406,79.29209899902344,288.0,0.06944444444444445
2501,0.966129561030351,1.1487738338922509,2501,82.3165283203125,82.28321075439453,288.0,0.0625
2502,1.8252849800854531,1.6680953832020289,2502,83.22207641601562,83.18807983398438,288.0,0.059027777777777776
2503,1.1634132419720125,1.6801547821082095,2503,80.52853393554688,80.49577331542969,288.0,0.052083333333333336
2504,1.2433351383418723,1.6029014201056289,2504,82.2158203125,82.18203735351562,288.0,0.0625
2505,1.5615908761886022,1.5705898014770248,2505,83.18594360351562,83.15206909179688,288.0,0.0798611111111111
2506,1.1688660287918444,1.2648760711154683,2506,81.87548828125,81.84292602539062,288.0,0.059027777777777776
2507,1.7079723794440538,1.5130038986794188,2507,79.61774444580078,79.58470153808594,288.0,0.04513888888888889
2508,0.32465231437612174,1.3110694630141388,2508,82.1085205078125,82.07508087158203,288.0,0.07291666666666667
2509,1.3509796634630993,1.198979488326319,2509,84.3349609375,84.30062103271484,288.0,0.10416666666666667
2510,0.5446855148926381,1.2639267048663514,2510,80.26638793945312,80.2342529296875,288.0,0.05555555555555555
2511,0.6125469826871277,1.376270020222489,2511,84.0826187133789,84.04804992675781,288.0,0.06944444444444445
2512,1.0996971890910887,1.627729941822683,2512,79.6109619140625,79.57794189453125,288.0,0.06944444444444445
2513,1.2872521901053158,1.20306834716847,2513,78.77796936035156,78.74513244628906,288.0,0.0763888888888889
2514,0.9977482178338136,1.5346049493262948,2514,79.93392944335938,79.90127563476562,288.0,0.0798611111111111
2515,1.1341493437840102,1.4916973735592156,2515,83.02481079101562,82.99092102050781,288.0,0.06597222222222222
2516,0.6430638488120503,1.6815771221398503,2516,82.38198852539062,82.34832763671875,288.0,0.1076388888888889
2517,0.611518637718179,1.595090367136794,2517,81.52622985839844,81.49272155761719,288.0,0.10416666666666667
2518,0.5945805887867142,1.3621054275057658,2518,80.64108276367188,80.60834503173828,288.0,0.10416666666666667
2519,1.2664336897164923,1.6068950332845462,2519,81.72835540771484,81.69480895996094,288.0,0.06944444444444445
2520,0.9331982955173324,1.6388126295150631,2520,82.10661315917969,82.07286071777344,288.0,0.06944444444444445
2521,0.11634779331831543,1.3738650830394359,2521,82.58800506591797,82.55450439453125,288.0,0.1076388888888889
2522,0.6217384327943134,1.555954202561775,2522,81.7120361328125,81.67875671386719,288.0,0.06597222222222222
2523,0.8685446527375654,1.5824529862526977,2523,83.28321838378906,83.2491455078125,288.0,0.10069444444444445
2524,0.23765209940005727,1.3872419937889866,2524,82.72541046142578,82.69166564941406,288.0,0.0763888888888889
2525,0.7858299769316839,1.5469297576286876,2525,82.32584381103516,82.29252624511719,288.0,0.07291666666666667
2526,0.8579688079663177,1.6567789933378556,2526,83.21498107910156,83.180908203125,288.0,0.09722222222222222
2527,1.5392675213033604,1.5284424283351774,2527,78.9165267944336,78.88461303710938,288.0,0.06597222222222222
2528,0.5651829038262687,1.2780735207022524,2528,79.5404052734375,79.50811767578125,288.0,0.0798611111111111
2529,0.6076912981149907,1.3747701804161006,2529,82.08592224121094,82.05216979980469,288.0,0.0763888888888889
2530,0.8786897967837204,1.5780945207898351,2530,80.66383361816406,80.63206481933594,288.0,0.09027777777777778
2531,1.1666035621123862,1.634949389137774,2531,83.28641510009766,83.25205993652344,288.0,0.06597222222222222
2532,0.972100737136311,1.1826099789147624,2532,82.51861572265625,82.48484802246094,288.0,0.0798611111111111
2533,0.752431456925023,1.2215238131833093,2533,80.36921691894531,80.33641052246094,288.0,0.06597222222222222
2534,0.8016492408918722,1.5006695883535057,2534,83.18914794921875,83.15534973144531,288.0,0.08333333333333333
2535,2.1296511722335167,1.5395796670333022,2535,83.64659881591797,83.61282348632812,288.0,0.04513888888888889
2536,0.3696818748308931,1.2055221790794572,2536,82.35934448242188,82.32583618164062,288.0,0.09027777777777778
2537,0.9139523823598393,1.5793412468558152,2537,83.83202362060547,83.79823303222656,288.0,0.06597222222222222
2538,1.0758098913776701,1.685327270388741,2538,82.02381896972656,81.99065399169922,288.0,0.052083333333333336
2539,1.2440325077763692,1.7548283284033568,2539,81.37845611572266,81.34544372558594,288.0,0.0798611111111111
2540,0.6249699620342631,1.4160730884878563,2540,79.87437438964844,79.84166717529297,288.0,0.09722222222222222
2541,0.9071919145481284,1.491767012780053,2541,82.87145233154297,82.83830261230469,288.0,0.08333333333333333
2542,0.04898910694413271,1.2254398350037086,2542,78.47940063476562,78.44792175292969,288.0,0.09375
2543,1.4313236347557141,1.349986235292747,2543,80.19656372070312,80.16504669189453,288.0,0.059027777777777776
2544,1.0606720690208402,1.4127915090082794,2544,82.34996032714844,82.31612396240234,288.0,0.06597222222222222
2545,-0.0648227694748126,1.0817873625922112,2545,84.23948669433594,84.20574188232422,288.0,0.0763888888888889
2546,0.18554257207127922,1.3366322090580085,2546,82.57687377929688,82.54345703125,288.0,0.0763888888888889
2547,-0.09453047970383283,1.143114358628092,2547,81.75138854980469,81.71870422363281,288.0,0.08333333333333333
2548,1.248153397923775,1.7816766879010524,2548,82.13397216796875,82.10063171386719,288.0,0.0798611111111111
2549,1.6955726876110504,1.4845668241111711,2549,83.26346588134766,83.22990417480469,288.0,0.06944444444444445
2550,0.7773151873939497,1.4693639392325801,2550,83.86981201171875,83.83576965332031,288.0,0.0763888888888889
2551,0.20048205223203633,1.2533000424929615,2551,83.35398864746094,83.32063293457031,288.0,0.0798611111111111
2552,0.07142078050672455,1.0388097919755346,2552,83.48892974853516,83.45474243164062,288.0,0.0763888888888889
2553,1.5091112543894007,1.4027287580120646,2553,81.93148803710938,81.89775085449219,288.0,0.059027777777777776
2554,0.7634801559689768,1.4085698917205154,2554,81.61119842529297,81.57843017578125,288.0,0.05555555555555555
2555,0.7737876787423856,1.36007898108986,2555,83.64056396484375,83.60692596435547,288.0,0.07291666666666667
2556,1.6968566567369825,1.4574495198116477,2556,82.57530212402344,82.54183959960938,288.0,0.08680555555555555
2557,1.4883115667141025,1.351771814680425,2557,82.05142974853516,82.01773071289062,288.0,0.06944444444444445
2558,1.667845760163212,1.7504858808567831,2558,78.75733947753906,78.72482299804688,288.0,0.08680555555555555
2559,0.5156155104457975,1.459044178516753,2559,82.94361877441406,82.91018676757812,288.0,0.10416666666666667
2560,1.2070964119170489,1.383582671416381,2560,83.08982849121094,83.05609130859375,288.0,0.08333333333333333
2561,0.9406380191137603,1.5903928680240038,2561,82.849609375,82.8157958984375,288.0,0.0763888888888889
2562,0.959953590951799,1.2477590054988512,2562,78.9374771118164,78.9052734375,288.0,0.0798611111111111
2563,0.15262023512139888,0.9287908203879051,2563,82.12047576904297,82.087158203125,288.0,0.059027777777777776
2564,1.1127360934111532,1.4251753357074262,2564,81.59757995605469,81.5640869140625,288.0,0.0625
2565,0.7271666488416985,1.4343232915082331,2565,81.67400360107422,81.640380859375,288.0,0.08333333333333333
2566,0.14102661396866845,0.9040300401912907,2566,82.15153503417969,82.11761474609375,288.0,0.0625
2567,1.3672097411686086,1.4715131741252692,2567,80.50244903564453,80.46989440917969,288.0,0.06597222222222222
2568,0.6549371199651381,1.3216304357101543,2568,82.15926361083984,82.12571716308594,288.0,0.0763888888888889
2569,1.0674250839582398,1.3630879711687227,2569,83.57575988769531,83.54198455810547,288.0,0.09722222222222222
2570,0.8880143926027796,1.6188298409866888,2570,84.28701782226562,84.25259399414062,288.0,0.07291666666666667
2571,0.024162963238587656,1.1363609067545626,2571,83.14671325683594,83.11294555664062,288.0,0.12152777777777778
2572,0.8408052385685525,1.702678677290981,2572,82.537353515625,82.50337219238281,288.0,0.09722222222222222
2573,0.1382405704950168,1.3696427394829183,2573,82.30484771728516,82.27143096923828,288.0,0.06944444444444445
2574,0.192425189083692,1.278922644032667,2574,81.11502075195312,81.08174133300781,288.0,0.07291666666666667
2575,0.3106427930385517,1.1096917669552984,2575,81.75759887695312,81.72434997558594,288.0,0.0625
2576,1.130688085931485,1.570791557085261,2576,81.77545166015625,81.74217224121094,288.0,0.1076388888888889
2577,0.5970642169927766,1.2381435152907616,2577,81.73292541503906,81.69957733154297,288.0,0.0763888888888889
2578,0.5058478152791938,1.205627346468635,2578,82.32958221435547,82.2961654663086,288.0,0.08333333333333333
2579,0.5523514075055688,1.424330869941844,2579,82.46025848388672,82.42665100097656,288.0,0.06944444444444445
2580,0.7251275384472581,1.3570551274468003,2580,82.62867736816406,82.59483337402344,288.0,0.06944444444444445
2581,0.8424832188315948,1.686106898029636,2581,81.05643463134766,81.02352905273438,288.0,0.09375
2582,0.6599440819656043,1.0662740426681525,2582,82.94610595703125,82.91252136230469,288.0,0.0763888888888889
2583,0.6473001319257765,1.4711697816089255,2583,82.67377471923828,82.6400146484375,288.0,0.06944444444444445
2584,0.41484271002089396,1.2397641756962767,2584,81.60023498535156,81.56706237792969,288.0,0.0763888888888889
2585,0.37061494537413225,1.1569727407871742,2585,82.95954132080078,82.92617797851562,288.0,0.0763888888888889
2586,1.6332711493120948,1.5363066800975729,2586,82.64463806152344,82.61132049560547,288.0,0.0763888888888889
2587,0.5840473487309519,1.630397328545344,2587,81.9135971069336,81.88031768798828,288.0,0.0798611111111111
2588,0.5684392522592936,1.5119650639548714,2588,82.30973815917969,82.27629089355469,288.0,0.10069444444444445
2589,0.5153400957150431,1.4413221425279832,2589,82.16081237792969,82.12722778320312,288.0,0.0763888888888889
2590,1.1407752088515204,1.4711456555597502,2590,79.96392822265625,79.93119049072266,288.0,0.06944444444444445
2591,-0.01898628190340955,1.1510568413659767,2591,82.42584228515625,82.39222717285156,288.0,0.059027777777777776
2592,0.8640024614180637,1.2436496489924522,2592,81.7545166015625,81.72116088867188,288.0,0.059027777777777776
2593,-0.16384653972550517,1.1185457055779466,2593,82.9844970703125,82.95011901855469,288.0,0.08680555555555555
2594,0.6067899099043731,1.4646794570851467,2594,83.51461791992188,83.48081970214844,288.0,0.04861111111111111
2595,0.5640281168723636,1.4006319878446647,2595,82.72138214111328,82.68830871582031,288.0,0.0763888888888889
2596,0.6061347130786285,1.3438658027803374,2596,78.7876968383789,78.75534057617188,288.0,0.06597222222222222
2597,0.38529682620804256,1.370363556952183,2597,81.62028503417969,81.58751678466797,288.0,0.10069444444444445
2598,0.2625964888838163,1.2424085869159909,2598,82.66796875,82.63482666015625,288.0,0.0625
2599,0.07358069472076788,1.4269453088537123,2599,83.39358520507812,83.35972595214844,288.0,0.08680555555555555
2600,0.33081036061187713,1.1362249774251152,2600,82.5645980834961,82.53115844726562,288.0,0.07291666666666667
2601,0.4648851066633649,1.4749395757406547,2601,83.25111389160156,83.21749114990234,288.0,0.0763888888888889
2602,0.7349681863385653,1.5444167707162157,2602,82.68386840820312,82.6495361328125,288.0,0.07291666666666667
2603,0.6641188946959912,1.3818908866678485,2603,81.93528747558594,81.902099609375,288.0,0.0798611111111111
2604,0.26255075361836805,1.4531918053260875,2604,83.72886657714844,83.6957015991211,288.0,0.05555555555555555
2605,0.34602011950029804,1.5464546248692477,2605,82.59114074707031,82.5574951171875,288.0,0.08333333333333333
2606,1.2895066423465371,1.3774752722363486,2606,81.97901916503906,81.9459457397461,288.0,0.04513888888888889
2607,0.5825116630641247,1.370655323918629,2607,83.45043182373047,83.41685485839844,288.0,0.05555555555555555
2608,0.7884713926902871,1.5088671026701155,2608,80.38036346435547,80.34806823730469,288.0,0.06944444444444445
2609,1.02015365669075,1.347273168586999,2609,82.73150634765625,82.69770812988281,288.0,0.052083333333333336
2610,1.0625494644735556,1.5796613313862233,2610,77.97050476074219,77.93833923339844,288.0,0.09722222222222222
2611,1.2109787886047636,1.5672314551867466,2611,80.65156555175781,80.61941528320312,288.0,0.09027777777777778
2612,1.1550340439469728,1.5592590827713864,2612,80.30282592773438,80.27021789550781,288.0,0.08680555555555555
2613,0.8003396582665108,1.4946407290238397,2613,82.99304962158203,82.95991516113281,288.0,0.07291666666666667
2614,1.0934596296391161,1.5292881352946284,2614,82.96995544433594,82.93626403808594,288.0,0.06944444444444445
2615,0.9941160526898971,1.6987740246415608,2615,81.949951171875,81.91592407226562,288.0,0.07291666666666667
2616,0.6505297846287146,1.408412509766639,2616,81.40686798095703,81.37362670898438,288.0,0.08680555555555555
2617,1.9649316800888021,1.2993422399507317,2617,81.21492004394531,81.18159484863281,288.0,0.052083333333333336
2618,0.42602842049116574,1.4638793060467,2618,80.85360717773438,80.82066345214844,288.0,0.06944444444444445
2619,0.2312730999937392,1.3269003767431249,2619,81.5496826171875,81.51641845703125,288.0,0.09375
2620,1.0442204200888499,1.5443978726317564,2620,82.8113784790039,82.77775573730469,288.0,0.0798611111111111
2621,0.664923933476761,1.3443927910424225,2621,82.11756896972656,82.08391571044922,288.0,0.06597222222222222
2622,0.8653532890305253,1.353343349388129,2622,81.71319580078125,81.67952728271484,288.0,0.0625
2623,0.1738224553923853,1.146870060770498,2623,77.91873931884766,77.8865966796875,288.0,0.06944444444444445
2624,1.0238418040221424,1.52143872230939,2624,82.81709289550781,82.78287506103516,288.0,0.052083333333333336
2625,0.8232530269789176,1.5866577077534139,2625,81.67811584472656,81.64443969726562,288.0,0.059027777777777776
2626,-0.24500257810820486,0.8395194001389046,2626,82.06290435791016,82.02967834472656,288.0,0.07291666666666667
2627,1.2892881866297488,1.3630039171811543,2627,82.92146301269531,82.88818359375,288.0,0.0625
2628,1.584113360984529,1.5112000158105994,2628,82.89630889892578,82.86235046386719,288.0,0.0763888888888889
2629,0.9734296225112024,1.4639495877607949,2629,81.40826416015625,81.37541198730469,288.0,0.05555555555555555
2630,1.7578925256235203,1.5618823137222602,2630,81.78950500488281,81.75616455078125,288.0,0.06597222222222222
2631,1.5825507338629794,1.4437434217302216,2631,83.50811767578125,83.47407531738281,288.0,0.08680555555555555
2632,0.35479125059202277,1.3019227351561857,2632,81.71086120605469,81.67752075195312,288.0,0.0763888888888889
2633,1.0093041787351191,1.5970377316623687,2633,83.59011840820312,83.55644226074219,288.0,0.04861111111111111
2634,2.0472237218250395,1.3130907034650803,2634,81.25802612304688,81.22471618652344,288.0,0.027777777777777776
2635,1.363209754381745,1.4543490465782465,2635,81.1245346069336,81.09135437011719,288.0,0.08333333333333333
2636,0.5797470366089077,1.3963762477788044,2636,82.69085693359375,82.65675354003906,288.0,0.0798611111111111
2637,0.23473573089296643,1.135425122377135,2637,81.12007141113281,81.08697509765625,288.0,0.07291666666666667
2638,0.6522481281880551,1.2967783169048637,2638,82.00239562988281,81.96944427490234,288.0,0.08680555555555555
2639,1.4669950776124219,1.6689799074495222,2639,83.03207397460938,82.99844360351562,288.0,0.04861111111111111
2640,0.3553817864530793,1.0280733917555362,2640,82.57876586914062,82.54489135742188,288.0,0.07291666666666667
2641,0.7162450087290173,1.2851902039354697,2641,83.2079086303711,83.1742935180664,288.0,0.04861111111111111
2642,1.0150740153298392,1.7409158880681328,2642,81.59861755371094,81.56523132324219,288.0,0.041666666666666664
2643,0.22530327117072416,1.3769635928878199,2643,82.99977111816406,82.96602630615234,288.0,0.0625
2644,0.13817486496396345,1.1069361507684974,2644,79.9414291381836,79.90847778320312,288.0,0.0798611111111111
2645,0.64376876999198,1.6455948920762755,2645,80.97621154785156,80.9430160522461,288.0,0.07291666666666667
2646,0.8235994496960681,1.3792391136515363,2646,81.94879913330078,81.91571044921875,288.0,0.0798611111111111
2647,0.2985398771941331,1.3533534075319513,2647,83.01673126220703,82.98300170898438,288.0,0.0763888888888889
2648,0.9988072005320292,1.4723212343086787,2648,81.58550262451172,81.55213928222656,288.0,0.08680555555555555
2649,0.5888079247420683,1.5639882781194008,2649,83.1485824584961,83.11486053466797,288.0,0.06944444444444445
2650,0.4717137330593047,1.437985256690571,2650,82.45599365234375,82.42261505126953,288.0,0.04861111111111111
2651,-0.04782016641999092,1.3266197767131191,2651,81.06318664550781,81.03067016601562,288.0,0.1076388888888889
2652,0.8861355044356424,1.3413426300548785,2652,82.25826263427734,82.22491455078125,288.0,0.059027777777777776
2653,0.5172475609778372,1.3918326212443533,2653,83.12965393066406,83.09614562988281,288.0,0.10069444444444445
2654,0.3481249440601871,1.2419212771115402,2654,79.93937683105469,79.90689849853516,288.0,0.07291666666666667
2655,0.40026601123804867,1.3501684819426134,2655,82.33473205566406,82.30186462402344,288.0,0.0625
2656,0.3075069550850582,1.3200028550143605,2656,82.61447143554688,82.58124542236328,288.0,0.0763888888888889
2657,1.9416810308710997,1.4075555604168584,2657,82.16450500488281,82.1313247680664,288.0,0.04861111111111111
2658,0.8022010142095829,1.5340769837512092,2658,83.37162017822266,83.33786010742188,288.0,0.059027777777777776
2659,0.5223592378379659,1.5822544083563128,2659,81.8451919555664,81.81193542480469,288.0,0.06944444444444445
2660,1.6590395359512662,1.4848370205486774,2660,82.32856750488281,82.29510498046875,288.0,0.08680555555555555
2661,0.9360699530318831,1.5794100412055818,2661,84.49165344238281,84.45793151855469,288.0,0.05555555555555555
2662,1.1416695606201275,1.6101577374302707,2662,80.52672576904297,80.49409484863281,288.0,0.09375
2663,1.6510838618683532,1.6760916445156815,2663,82.13644409179688,82.10319519042969,288.0,0.05555555555555555
2664,0.5816416403319565,1.4170579987251988,2664,82.75678253173828,82.72300720214844,288.0,0.06597222222222222
2665,1.3370149467865884,1.6602365038613716,2665,81.70773315429688,81.67484283447266,288.0,0.09027777777777778
2666,0.5789400490297099,1.2911687007689494,2666,82.4779281616211,82.44462585449219,288.0,0.06944444444444445
2667,1.5191714305849622,1.3302052453954107,2667,82.16236877441406,82.12862396240234,288.0,0.0798611111111111
2668,0.781604111370135,1.1727450649377391,2668,82.51318359375,82.47935485839844,288.0,0.0625
2669,0.5734431533353728,1.3134693281920236,2669,82.34117126464844,82.30758666992188,288.0,0.08680555555555555
2670,1.7022773522887669,1.387951385222156,2670,82.59246826171875,82.55894470214844,288.0,0.07291666666666667
2671,0.47618901416401105,1.4747763152753244,2671,82.01815032958984,81.98446655273438,288.0,0.06597222222222222
2672,1.023228144713066,1.5006625048308009,2672,81.38170623779297,81.3485107421875,288.0,0.059027777777777776
2673,0.7040666150551078,1.3034215933684097,2673,82.33837890625,82.30502319335938,288.0,0.06944444444444445
2674,1.8460259826726082,1.1314050584234259,2674,84.00828552246094,83.97413635253906,288.0,0.07291666666666667
2675,1.530431847779715,1.4367505463014627,2675,81.06143188476562,81.02774047851562,288.0,0.03125
2676,1.0386648020342686,1.4503893904890237,2676,81.56861877441406,81.53572082519531,288.0,0.04513888888888889
2677,0.7494383072271135,1.2861627482785452,2677,82.67843627929688,82.64483642578125,288.0,0.0763888888888889
2678,1.6269949322506858,1.6420445578200142,2678,81.99507904052734,81.96165466308594,288.0,0.07291666666666667
2679,1.3606892103754005,1.6791664264600903,2679,81.64291381835938,81.60980224609375,288.0,0.0763888888888889
2680,1.4778209599491556,1.6189740360548717,2680,83.75834655761719,83.72418212890625,288.0,0.0625
2681,0.853982157688033,1.4170301372441818,2681,81.82713317871094,81.7938232421875,288.0,0.04861111111111111
2682,1.1528874235574587,1.5970875433044138,2682,80.02477264404297,79.99208068847656,288.0,0.06944444444444445
2683,1.1535534712711644,1.5093692046800307,2683,81.79952239990234,81.76615905761719,288.0,0.07291666666666667
2684,0.896078472893258,1.514497070928869,2684,83.42725372314453,83.39256286621094,288.0,0.07291666666666667
2685,0.670320153148799,1.5056274838276658,2685,82.91064453125,82.8761215209961,288.0,0.07291666666666667
2686,0.9878801409571984,1.2367357551470157,2686,80.71588134765625,80.68255615234375,288.0,0.0763888888888889
2687,0.8181238603897758,1.61368722161744,2687,81.72999572753906,81.69647216796875,288.0,0.09027777777777778
2688,0.9555891803071407,1.5123672249805749,2688,83.0513916015625,83.01730346679688,288.0,0.052083333333333336
2689,1.7143159120389155,1.386648266663898,2689,82.03045654296875,81.99635314941406,288.0,0.05555555555555555
2690,1.5141784681061883,1.1913417227178025,2690,82.7920913696289,82.75827026367188,288.0,0.052083333333333336
2691,1.6251927369843717,1.149979408928001,2691,81.77586364746094,81.74259948730469,288.0,0.041666666666666664
2692,1.5759838981381393,1.107485259054212,2692,78.7374038696289,78.7046890258789,288.0,0.06597222222222222
2693,1.0142287778338634,1.4524002598945824,2693,82.80472564697266,82.77079772949219,288.0,0.08333333333333333
2694,1.659547214960978,1.4309472510650039,2694,82.84313201904297,82.80883026123047,288.0,0.06597222222222222
2695,1.7449853541057965,1.5513231465909665,2695,81.69294738769531,81.65950012207031,288.0,0.06944444444444445
2696,1.6881447154179654,1.330726320441668,2696,78.6925048828125,78.66026306152344,288.0,0.0798611111111111
2697,0.8540956341346843,1.3089748168301467,2697,81.40204620361328,81.36852264404297,288.0,0.0763888888888889
2698,1.2582900030712036,1.080142932722142,2698,80.93716430664062,80.90313720703125,288.0,0.05555555555555555
2699,0.2923641206688204,1.0689968676731183,2699,81.6326904296875,81.59854888916016,288.0,0.05555555555555555
2700,1.7839372505652196,1.3312229156635904,2700,81.50595092773438,81.47268676757812,288.0,0.041666666666666664
2701,0.6802782898197497,1.3990030565856824,2701,80.28019714355469,80.24699401855469,288.0,0.0625
2702,0.8571993893138489,1.6274661026837571,2702,81.40082550048828,81.36782836914062,288.0,0.08333333333333333
2703,0.22343891793782175,1.3224467821794597,2703,80.96966552734375,80.93678283691406,288.0,0.07291666666666667
2704,1.1376872443329358,1.5152904532855282,2704,80.69871520996094,80.66554260253906,288.0,0.08680555555555555
2705,-0.10849678577220619,0.7688405371332212,2705,79.94048309326172,79.90813446044922,288.0,0.07291666666666667
2706,0.7672227397412643,1.535383823500636,2706,77.8236083984375,77.79122924804688,288.0,0.06597222222222222
2707,0.4908107517366563,1.220030148598719,2707,80.71916198730469,80.6866455078125,288.0,0.07291666666666667
2708,0.514100603239604,1.2739266266225424,2708,81.57835388183594,81.5451889038086,288.0,0.07291666666666667
2709,0.996143606064044,1.3169546541188153,2709,80.45271301269531,80.41954040527344,288.0,0.06944444444444445
2710,0.32395308665518285,0.9789629829783767,2710,81.82823944091797,81.79507446289062,288.0,0.059027777777777776
2711,1.5624632308196365,1.5597478020469233,2711,81.326416015625,81.29359436035156,288.0,0.052083333333333336
2712,1.502649647219856,1.5716412382955585,2712,78.97254180908203,78.9403076171875,288.0,0.07291666666666667
2713,0.8394270631192366,1.6615180261028109,2713,82.20885467529297,82.17510986328125,288.0,0.07291666666666667
2714,0.7993786900271612,1.4075919470904326,2714,77.82449340820312,77.79182434082031,288.0,0.052083333333333336
2715,1.498425765133347,1.5099811650955428,2715,80.57168579101562,80.53842163085938,288.0,0.059027777777777776
2716,0.8217216536257497,1.1140996780834893,2716,80.70790100097656,80.67472839355469,288.0,0.052083333333333336
2717,0.7028970324252294,1.6842550716685285,2717,82.47415161132812,82.440185546875,288.0,0.0798611111111111
2718,0.277477911603822,0.9557514136420511,2718,81.88400268554688,81.85018920898438,288.0,0.052083333333333336
2719,0.21899228846049162,1.2387220519305346,2719,82.1600112915039,82.12611389160156,288.0,0.08680555555555555
2720,1.9170201971582586,1.5295230179515318,2720,81.3563232421875,81.3227767944336,288.0,0.041666666666666664
2721,0.7801125607439003,1.265977531012284,2721,79.47322082519531,79.44087219238281,288.0,0.0798611111111111
2722,0.8220469595884791,1.2285128404913506,2722,82.46822357177734,82.43384552001953,288.0,0.059027777777777776
2723,1.4218673300143339,1.5799289640548475,2723,81.02049255371094,80.98749542236328,288.0,0.09027777777777778
2724,1.697964981738112,1.4994341307763637,2724,81.31936645507812,81.2861099243164,288.0,0.07291666666666667
2725,0.8093961352079094,1.5841189140621117,2725,82.6965560913086,82.66252136230469,288.0,0.059027777777777776
2726,1.1378600674215547,1.6211522851011098,2726,81.96149444580078,81.92805480957031,288.0,0.06597222222222222
2727,1.701618827298313,1.6418686980791821,2727,81.93551635742188,81.90231323242188,288.0,0.04513888888888889
2728,1.341574751958368,1.6665484716426746,2728,80.82381439208984,80.79074096679688,288.0,0.05555555555555555
2729,1.4080173730317247,1.5523612254984753,2729,81.98233032226562,81.94847106933594,288.0,0.03819444444444445
2730,1.2875412768517092,1.3361221010765805,2730,80.34481811523438,80.31234741210938,288.0,0.052083333333333336
2731,-0.03955069967488501,0.656491941108582,2731,81.83811950683594,81.80499267578125,288.0,0.03819444444444445
2732,0.4103353851689142,1.4092994975331998,2732,81.65000915527344,81.61654663085938,288.0,0.05555555555555555
2733,-0.13992497901901468,1.153144188945858,2733,82.59040832519531,82.55654907226562,288.0,0.06597222222222222
2734,0.6770675358339999,1.361205448885433,2734,80.10635375976562,80.0732192993164,288.0,0.0625
2735,1.0921658079308085,1.5061020549669504,2735,81.6064453125,81.57284545898438,288.0,0.0763888888888889
2736,1.034873659824073,1.7541824065029963,2736,80.91117858886719,80.8782958984375,288.0,0.0625
2737,0.8820056296466969,1.6270799837718124,2737,82.54434204101562,82.51079559326172,288.0,0.0798611111111111
2738,1.5321659641518885,1.2746135359804054,2738,82.17021942138672,82.13662719726562,288.0,0.03819444444444445
2739,1.218200973692027,1.2968976817068592,2739,80.96495819091797,80.93177795410156,288.0,0.06597222222222222
2740,1.1798427003199723,1.2213782982425698,2740,81.78286743164062,81.7498550415039,288.0,0.05555555555555555
2741,1.09023194465188,1.405328295353589,2741,80.47551727294922,80.44307708740234,288.0,0.04861111111111111
2742,1.6117629051314948,1.6435439025927456,2742,81.73420715332031,81.70086669921875,288.0,0.06944444444444445
2743,0.5014364828316832,1.5106555984145222,2743,82.90281677246094,82.86854553222656,288.0,0.0798611111111111
2744,1.36775471172596,1.4304002289132332,2744,83.14781188964844,83.11372375488281,288.0,0.03819444444444445
2745,0.9822794974836722,1.4841072213925726,2745,81.38449096679688,81.3511734008789,288.0,0.052083333333333336
2746,0.5749554540329691,1.2789056427347965,2746,80.96550750732422,80.93209838867188,288.0,0.041666666666666664
2747,0.18167439376588101,1.2676733329710201,2747,81.33003234863281,81.29679107666016,288.0,0.06597222222222222
2748,1.2442374711513706,1.6214600520274818,2748,82.2282485961914,82.19471740722656,288.0,0.0625
2749,1.261407293129161,1.3241940818864515,2749,82.11886596679688,82.08509826660156,288.0,0.04861111111111111
2750,0.9133584879059458,1.578016326010436,2750,82.87229919433594,82.83871459960938,288.0,0.0763888888888889
2751,1.2256913834554697,1.6194596695693546,2751,82.2721176147461,82.23863220214844,288.0,0.0798611111111111
2752,1.5362954140126521,1.493242237066937,2752,81.8011245727539,81.76741027832031,288.0,0.024305555555555556
2753,0.9444021639344989,1.6617396074028568,2753,82.11767578125,82.08464050292969,288.0,0.0763888888888889
2754,1.075726739238097,1.5078987332414315,2754,82.05704498291016,82.02367401123047,288.0,0.059027777777777776
2755,1.335288477146615,1.7075018626341203,2755,81.26029205322266,81.22712707519531,288.0,0.041666666666666664
2756,0.43661011310157566,1.543773310654916,2756,80.85675048828125,80.82357788085938,288.0,0.04861111111111111
2757,1.0721501717946516,1.3138183371100423,2757,82.08596801757812,82.0526123046875,288.0,0.09027777777777778
2758,1.2476530156423613,1.5409229591912414,2758,82.31803894042969,82.28448486328125,288.0,0.059027777777777776
2759,0.8190353912916049,1.3235904345828393,2759,81.27195739746094,81.23930358886719,288.0,0.0763888888888889
2760,0.9907006482817514,1.4750716998310238,2760,78.70611572265625,78.67366027832031,288.0,0.041666666666666664
2761,0.9973349425070724,1.552879788249793,2761,81.60309600830078,81.56993103027344,288.0,0.08333333333333333
2762,1.6487106137090874,1.303605270868559,2762,81.09153747558594,81.05818176269531,288.0,0.059027777777777776
2763,0.6570970393550353,1.5925190072043645,2763,81.70059204101562,81.66754150390625,288.0,0.05555555555555555
2764,1.6474157099241329,1.543181609587119,2764,80.99385833740234,80.9609375,288.0,0.059027777777777776
2765,1.7905030299663938,1.0653730866891389,2765,81.00862884521484,80.97537231445312,288.0,0.041666666666666664
2766,1.3149352854291694,1.0172597230447622,2766,82.87899017333984,82.84490203857422,288.0,0.05555555555555555
2767,1.2695836690731517,1.7982901387864725,2767,80.11878967285156,80.08612060546875,288.0,0.06597222222222222
2768,0.7997803108229449,1.6145188818642378,2768,82.76466369628906,82.73124694824219,288.0,0.0763888888888889
2769,1.4197587574618629,1.1527922647232722,2769,78.59014892578125,78.55770874023438,288.0,0.07291666666666667
2770,0.9051337696331986,1.4477472863749263,2770,79.64369201660156,79.61133575439453,288.0,0.034722222222222224
2771,1.4033486577243934,1.5250311001666572,2771,81.33768463134766,81.30424499511719,288.0,0.059027777777777776
2772,1.7732637696335982,1.3085514050937632,2772,83.27818298339844,83.24424743652344,288.0,0.05555555555555555
2773,1.362322722821533,1.53246412932934,2773,82.23114013671875,82.19810485839844,288.0,0.07291666666666667
2774,0.8784364622391041,1.5479168808575154,2774,81.58206176757812,81.54864501953125,288.0,0.05555555555555555
2775,0.9030015950130476,1.1718226849289461,2775,82.32859802246094,82.29473114013672,288.0,0.04861111111111111
2776,1.3310840820617758,1.0988555287382271,2776,77.36611938476562,77.3350601196289,288.0,0.07291666666666667
2777,1.6965175004678197,1.6178618628215111,2777,80.00373840332031,79.97119903564453,288.0,0.041666666666666664
2778,1.2403262279719804,1.5577366817562301,2778,78.75733184814453,78.72586822509766,288.0,0.05555555555555555
2779,1.9827552828184412,1.4191290234557201,2779,79.17938232421875,79.14738464355469,288.0,0.06597222222222222
2780,1.4763918918641354,1.504355665751513,2780,79.62522888183594,79.59294891357422,288.0,0.08333333333333333
2781,1.2654470144817802,1.421889674635264,2781,82.61941528320312,82.58646392822266,288.0,0.06597222222222222
2782,0.5793446537169222,1.5576404715219756,2782,80.72916412353516,80.69608306884766,288.0,0.059027777777777776
2783,0.4571276680195593,1.0658454295728574,2783,79.68059539794922,79.64826202392578,288.0,0.06597222222222222
2784,1.8485795532600795,1.6492007310095194,2784,80.50616455078125,80.47386932373047,288.0,0.052083333333333336
2785,0.7870435786891254,1.6778357264940644,2785,82.37911224365234,82.34571838378906,288.0,0.041666666666666664
2786,1.9502504663209583,1.5487488168600672,2786,82.67333984375,82.6395263671875,288.0,0.052083333333333336
2787,-0.02332467467861448,0.8678659047389495,2787,83.65266418457031,83.61854553222656,288.0,0.09722222222222222
2788,1.2558419619293986,1.6484743667803043,2788,82.69947814941406,82.66600036621094,288.0,0.06944444444444445
2789,1.4808719631007448,1.6171598434519783,2789,79.06723022460938,79.03526306152344,288.0,0.041666666666666664
2790,1.5268269884534207,1.5509475190056865,2790,80.74244689941406,80.70951843261719,288.0,0.059027777777777776
2791,2.0035342107840917,1.3973240769635595,2791,81.6884994506836,81.6552963256836,288.0,0.0625
2792,1.394396765472101,1.808898281921322,2792,82.12822723388672,82.0945053100586,288.0,0.034722222222222224
2793,0.6799966697197607,1.5825363110381738,2793,81.13429260253906,81.10192108154297,288.0,0.06944444444444445
2794,1.8477671156398552,1.3975704939060203,2794,82.09881591796875,82.06573486328125,288.0,0.05555555555555555
2795,0.6638455126789038,1.1673871243303042,2795,81.68284606933594,81.64985656738281,288.0,0.09027777777777778
2796,0.7020108843431333,1.392055256240769,2796,82.41267395019531,82.37969970703125,288.0,0.059027777777777776
2797,1.075988844847509,1.5657916228917081,2797,81.55809020996094,81.5253677368164,288.0,0.07291666666666667
2798,1.2883242715609287,1.630091729154422,2798,82.96287536621094,82.92916870117188,288.0,0.059027777777777776
2799,1.0507165986364406,1.562932182889612,2799,81.76592254638672,81.73246765136719,288.0,0.06944444444444445
2800,1.3229400004879988,1.1444567543153934,2800,82.06751251220703,82.03398895263672,288.0,0.06597222222222222
2801,1.607477186090402,1.1986112625211804,2801,81.07548522949219,81.04268646240234,288.0,0.059027777777777776
2802,2.0986522537921,0.9237838361955686,2802,82.03294372558594,81.99911499023438,288.0,0.041666666666666664
2803,1.6819302976995885,1.731790273935179,2803,82.85397338867188,82.82003784179688,288.0,0.052083333333333336
2804,1.2908282583852841,1.0797780686527494,2804,80.66850280761719,80.63546752929688,288.0,0.052083333333333336
2805,1.7742908592944606,1.3991078918270778,2805,78.80360412597656,78.77206420898438,288.0,0.03125
2806,1.75165897585088,1.456453716041236,2806,82.22396850585938,82.19062805175781,288.0,0.059027777777777776
2807,0.2606170117679437,0.8577317473597932,2807,81.52281188964844,81.48953247070312,288.0,0.041666666666666664
2808,1.5458409686017391,1.2496628864681112,2808,81.52134704589844,81.48808288574219,288.0,0.08333333333333333
2809,1.3411314362341824,1.3040616003250263,2809,82.61335754394531,82.57937622070312,288.0,0.07291666666666667
2810,0.8725983036133838,1.4976338956276467,2810,82.40914916992188,82.37578582763672,288.0,0.0763888888888889
2811,1.372006985346742,1.5469013427032963,2811,80.3156509399414,80.28248596191406,288.0,0.06944444444444445
2812,1.9644418542583995,1.4805168960241608,2812,80.71717834472656,80.68404388427734,288.0,0.06944444444444445
2813,1.2594596471345236,0.9510846593250367,2813,81.36360931396484,81.33058166503906,288.0,0.052083333333333336
2814,0.2378579133347591,1.291354267609086,2814,82.42365264892578,82.39006805419922,288.0,0.052083333333333336
2815,2.109982563598522,0.9486473705572065,2815,81.19727325439453,81.16425323486328,288.0,0.05555555555555555
2816,1.3307509751515947,1.6194061787247644,2816,77.24414825439453,77.212646484375,288.0,0.09027777777777778
2817,0.7902842358422838,1.2525174910139645,2817,79.54383850097656,79.51139831542969,288.0,0.03819444444444445
2818,1.0461103664883644,1.260800066085774,2818,80.80949401855469,80.77641296386719,288.0,0.059027777777777776
2819,0.8345750321907555,1.307928660956909,2819,82.20187377929688,82.16813659667969,288.0,0.0625
2820,0.4993854953154499,1.4942444032807136,2820,80.69112396240234,80.658203125,288.0,0.06944444444444445
2821,1.5202972951707492,1.384197993081925,2821,82.06484985351562,82.03114318847656,288.0,0.0625
2822,1.7590752981653468,1.4238575750216762,2822,82.00846099853516,81.97479248046875,288.0,0.04861111111111111
2823,1.6571544058287717,1.5484830080059475,2823,82.58052062988281,82.54676055908203,288.0,0.052083333333333336
2824,1.9140771026278434,1.1673823239394567,2824,80.76239776611328,80.72895812988281,288.0,0.034722222222222224
2825,0.13725446551524595,1.2661694620510417,2825,82.20852661132812,82.17488098144531,288.0,0.08333333333333333
2826,1.0990690840332509,1.6038380632647598,2826,82.05308532714844,82.01942443847656,288.0,0.0625
2827,0.3516225834536075,1.4664609688446724,2827,81.65312957763672,81.61991882324219,288.0,0.05555555555555555
2828,1.9522614568344092,1.5545283014360454,2828,80.56768035888672,80.53477478027344,288.0,0.0625
2829,1.5745565414019596,1.296171603676023,2829,79.43962097167969,79.40692138671875,288.0,0.04861111111111111
2830,1.5401780747761231,1.5319763545856266,2830,82.96369934082031,82.93021392822266,288.0,0.04513888888888889
2831,0.7943682507603309,1.2677315855833244,2831,81.16854858398438,81.13499450683594,288.0,0.06597222222222222
2832,0.5814405227428687,1.6673046919453096,2832,80.41697692871094,80.38446044921875,288.0,0.06944444444444445
2833,1.1324808834131734,1.194232200060488,2833,81.13327026367188,81.09996795654297,288.0,0.05555555555555555
2834,0.8760557538041511,1.2456417421215615,2834,82.67372131347656,82.63963317871094,288.0,0.04513888888888889
2835,0.5136505346298229,1.238211089204372,2835,80.35157775878906,80.31881713867188,288.0,0.04861111111111111
2836,0.872044647490758,1.6660671434392564,2836,79.79946899414062,79.7667236328125,288.0,0.0763888888888889
2837,1.263401672392957,1.6122664134789892,2837,81.98896789550781,81.95511627197266,288.0,0.07291666666666667
2838,1.898316603992024,0.8531335606008362,2838,82.48468780517578,82.45067596435547,288.0,0.04513888888888889
2839,1.9066170458338765,1.0458943448355909,2839,80.93510437011719,80.90219116210938,288.0,0.04513888888888889
2840,1.1237644777705884,1.2693031927622198,2840,81.21184539794922,81.17878723144531,288.0,0.0763888888888889
2841,1.1010549450977252,1.5354879773220727,2841,82.83906555175781,82.80451202392578,288.0,0.04861111111111111
2842,0.6808994716981143,1.5143936415525734,2842,81.2053451538086,81.17169952392578,288.0,0.0763888888888889
2843,1.1065939652256391,1.4601957654998563,2843,82.19962310791016,82.16610717773438,288.0,0.08680555555555555
2844,1.15944433036393,1.4297370957000517,2844,80.78485870361328,80.752197265625,288.0,0.059027777777777776
2845,0.9179812482983949,1.2513622293419446,2845,81.38563537597656,81.35226440429688,288.0,0.024305555555555556
2846,0.9385325595967766,1.1855977699882663,2846,80.67405700683594,80.64097595214844,288.0,0.034722222222222224
2847,1.2288809781322356,1.5992835988249021,2847,82.9033432006836,82.86941528320312,288.0,0.059027777777777776
2848,0.22921486714382638,0.8908196394509209,2848,82.16678619384766,82.13330078125,288.0,0.03819444444444445
2849,0.7721479202907481,1.6971184149628833,2849,80.590087890625,80.55720520019531,288.0,0.059027777777777776
2850,1.5446448319782302,1.4953316227897837,2850,83.69033813476562,83.65619659423828,288.0,0.052083333333333336
2851,1.3655375608543827,1.674713293938819,2851,82.83413696289062,82.79998779296875,288.0,0.0625
2852,1.465730817833737,1.6043485757838591,2852,83.07373046875,83.03919982910156,288.0,0.06597222222222222
2853,1.1878858449617513,1.6327902137448982,2853,82.99407196044922,82.96031951904297,288.0,0.06597222222222222
2854,0.7077151486751088,1.45890285993938,2854,82.08383178710938,82.05047607421875,288.0,0.06944444444444445
2855,0.9186648738321284,1.2385498231955876,2855,79.43629455566406,79.40357971191406,288.0,0.04513888888888889
2856,1.3535839023857419,1.4522039545536385,2856,81.76875305175781,81.73553466796875,288.0,0.06597222222222222
2857,0.9191600859719384,1.3155467782003654,2857,79.8276138305664,79.79484558105469,288.0,0.06597222222222222
2858,1.1945565687107673,1.521322319292246,2858,83.13164520263672,83.09744262695312,288.0,0.0763888888888889
2859,0.6413661720710316,1.3337194406903525,2859,83.05302429199219,83.01884460449219,288.0,0.06944444444444445
2860,1.5885627991408144,1.712653064747652,2860,82.76314544677734,82.72904968261719,288.0,0.06944444444444445
2861,0.5709457639330079,1.4043303660285276,2861,83.19425964355469,83.1604232788086,288.0,0.04861111111111111
2862,1.238526316585464,1.2695876311144711,2862,79.58320617675781,79.55032348632812,288.0,0.05555555555555555
2863,1.1378944109996678,1.4235112260836573,2863,82.32682037353516,82.29266357421875,288.0,0.059027777777777776
2864,0.9585983986579936,1.4629560346795392,2864,79.46400451660156,79.43125915527344,288.0,0.04861111111111111
2865,1.4666648271533875,1.633933728008971,2865,83.05076599121094,83.01685333251953,288.0,0.03819444444444445
2866,1.7874907747217859,1.5515326079383067,2866,81.54684448242188,81.51400756835938,288.0,0.05555555555555555
2867,1.7592265603213997,1.5657871425969596,2867,80.7988052368164,80.76632690429688,288.0,0.06944444444444445
2868,1.4588281017683973,1.5212549591313056,2868,83.68162536621094,83.64695739746094,288.0,0.0798611111111111
2869,1.196565715827276,1.4027599874735455,2869,82.94176483154297,82.90794372558594,288.0,0.0625
2870,1.2330721184841158,1.1318158085450747,2870,79.38105773925781,79.3486328125,288.0,0.06597222222222222
2871,1.3542736492730159,1.2342012643607168,2871,81.58781433105469,81.55441284179688,288.0,0.05555555555555555
2872,1.5766539161900373,1.391748675236498,2872,83.1258773803711,83.09194946289062,288.0,0.0625
2873,1.4210337671402207,1.260394720563912,2873,81.05691528320312,81.02407836914062,288.0,0.0625
2874,1.3718201468007716,1.6571801960800827,2874,82.74856567382812,82.71502685546875,288.0,0.052083333333333336
2875,0.7137799649839527,1.311682093673235,2875,82.7596435546875,82.72613525390625,288.0,0.05555555555555555
2876,1.2895991446052015,1.5514870725614016,2876,81.5255126953125,81.49212646484375,288.0,0.0763888888888889
2877,0.7019402143146902,1.2827617479861022,2877,79.94679260253906,79.91453552246094,288.0,0.052083333333333336
2878,0.9933462120874066,1.4146283809625766,2878,82.670654296875,82.63671875,288.0,0.04513888888888889
2879,0.8372024072641667,1.7696041363332704,2879,82.23723602294922,82.20418548583984,288.0,0.04861111111111111
2880,2.092768944156536,0.9794325520462308,2880,82.59382629394531,82.5602035522461,288.0,0.03819444444444445
2881,1.3440570655586466,1.4932651353512876,2881,82.36210632324219,82.32868957519531,288.0,0.06944444444444445
2882,1.7224467489275428,1.4634982746873013,2882,83.07022094726562,83.03619384765625,288.0,0.04513888888888889
2883,1.291446123375669,1.4567163608396714,2883,81.89671325683594,81.8636474609375,288.0,0.05555555555555555
2884,1.5904395841713341,1.6127219968624746,2884,82.72332000732422,82.6895751953125,288.0,0.052083333333333336
2885,1.5233264158921038,1.444600138667323,2885,82.29300689697266,82.25923156738281,288.0,0.059027777777777776
2886,1.7304939685986218,1.2441628250262038,2886,82.27217102050781,82.23908996582031,288.0,0.0625
2887,1.9394824486518927,1.0421860413196142,2887,83.3739013671875,83.34027862548828,288.0,0.034722222222222224
2888,0.9700427326491954,1.5829091688468804,2888,83.01371765136719,82.97955322265625,288.0,0.041666666666666664
2889,0.9928277483934953,1.0379244622793269,2889,82.77275848388672,82.73890686035156,288.0,0.03125
2890,1.706445073228663,1.3169211685332909,2890,81.66022491455078,81.62654113769531,288.0,0.04861111111111111
2891,0.4823807273926145,1.3723506545229696,2891,80.45845031738281,80.42509460449219,288.0,0.04513888888888889
2892,0.20102362711992672,0.8990224800144225,2892,83.38150024414062,83.34759521484375,288.0,0.03819444444444445
2893,0.7598582444991345,1.5527054629381192,2893,79.99020385742188,79.95771789550781,288.0,0.052083333333333336
2894,0.3704584330365697,1.422555447495923,2894,80.83134460449219,80.79864501953125,288.0,0.059027777777777776
2895,0.5892863528616632,1.631664384316291,2895,79.46879577636719,79.43595886230469,288.0,0.052083333333333336
2896,0.8621577497871452,1.4560698074400211,2896,82.69847106933594,82.66451263427734,288.0,0.04861111111111111
2897,0.9957924486939009,1.4251445841872998,2897,80.53959655761719,80.50691223144531,288.0,0.052083333333333336
2898,2.0552644271669114,1.2417139478473345,2898,80.62940979003906,80.59646606445312,288.0,0.052083333333333336
2899,2.447786469562529,0.8990671840894937,2899,81.9119873046875,81.87863159179688,288.0,0.03819444444444445
2900,1.7620193690638446,1.40706446930935,2900,81.46771240234375,81.43482208251953,288.0,0.04513888888888889
2901,1.2457596034894158,1.021684938444196,2901,82.25822448730469,82.2242202758789,288.0,0.06597222222222222
2902,1.2716571977009463,1.8881810805871875,2902,82.57828521728516,82.54486846923828,288.0,0.034722222222222224
2903,1.2347948012670869,1.798091699636092,2903,80.35565185546875,80.32252502441406,288.0,0.059027777777777776
2904,1.918521220422326,0.890628745506305,2904,80.90518188476562,80.8719482421875,288.0,0.04513888888888889
2905,1.6678108870557142,1.2875174640557903,2905,82.00044250488281,81.96709442138672,288.0,0.03819444444444445
2906,1.31805784828922,1.0240067057393778,2906,80.21182250976562,80.17893981933594,288.0,0.0625
2907,0.18485502165457557,1.0082772850804183,2907,78.82115173339844,78.78901672363281,288.0,0.0763888888888889
2908,1.9256809032399091,1.0227140689208682,2908,79.87266540527344,79.83961486816406,288.0,0.03125
2909,0.8724975133867036,1.3173378900646993,2909,79.47352600097656,79.44068145751953,288.0,0.07291666666666667
2910,1.088771233613457,1.2779588819919812,2910,81.30233764648438,81.26921081542969,288.0,0.03819444444444445
2911,1.4676606539876538,1.4207796585789711,2911,81.75045776367188,81.7164306640625,288.0,0.04861111111111111
2912,2.0014407928261093,0.978853235957427,2912,80.70277404785156,80.66988372802734,288.0,0.027777777777777776
2913,1.0679324877631395,1.7281586147357884,2913,79.52693176269531,79.49427032470703,288.0,0.06597222222222222
2914,2.1703521602434552,1.0574588885583145,2914,81.43115997314453,81.39790344238281,288.0,0.020833333333333332
2915,0.8798654854290253,1.3827369436844232,2915,79.61112976074219,79.57794952392578,288.0,0.052083333333333336
2916,1.2641027418427901,1.6644165261240218,2916,81.14440155029297,81.11122131347656,288.0,0.05555555555555555
2917,1.3613176771446707,1.2886052077838044,2917,82.11103820800781,82.0771484375,288.0,0.03819444444444445
2918,0.31421947107402115,0.9654375024335411,2918,82.15475463867188,82.12109375,288.0,0.027777777777777776
2919,0.33642612783512443,1.2457413647147237,2919,80.23441314697266,80.20117950439453,288.0,0.05555555555555555
2920,0.3733420623985262,1.1801371806907404,2920,78.91145324707031,78.87898254394531,288.0,0.04861111111111111
2921,0.2604604338764003,1.1059978680842752,2921,82.14918518066406,82.11544799804688,288.0,0.0625
2922,0.8144240841670753,1.5271552584556998,2922,79.8873291015625,79.85477447509766,288.0,0.04513888888888889
2923,1.1184573371945896,1.5214391804145542,2923,82.67227172851562,82.63766479492188,288.0,0.04513888888888889
2924,0.4809256321633321,1.5970506524773544,2924,81.614990234375,81.5814208984375,288.0,0.06597222222222222
2925,1.5959434584316645,1.0264158552473845,2925,79.43898010253906,79.40647888183594,288.0,0.041666666666666664
2926,0.03684630219673658,1.105987495323314,2926,80.49111938476562,80.45814514160156,288.0,0.06944444444444445
2927,1.1589010916061857,1.471071946882803,2927,82.06814575195312,82.03492736816406,288.0,0.04513888888888889
2928,-0.24567950348719736,0.8087167203460733,2928,81.22242736816406,81.18928527832031,288.0,0.0625
2929,0.4198245481298744,1.3909413173793193,2929,81.35847473144531,81.32534790039062,288.0,0.041666666666666664
2930,0.49527201758044637,1.5161017612292988,2930,82.72555541992188,82.69148254394531,288.0,0.04513888888888889
2931,1.3026675709380349,1.2458723634659472,2931,81.06070709228516,81.0280532836914,288.0,0.04861111111111111
2932,1.0356070626972906,1.583142975595979,2932,79.84231567382812,79.80960083007812,288.0,0.04513888888888889
2933,1.1502502727039565,1.6793974667967166,2933,80.87808227539062,80.84495544433594,288.0,0.03819444444444445
2934,0.6383864259859802,1.3943294197737275,2934,82.18486785888672,82.15165710449219,288.0,0.06944444444444445
2935,0.378138623253145,1.123922661031593,2935,80.19277954101562,80.15985107421875,288.0,0.04861111111111111
2936,0.31955543219814314,1.4805829114026634,2936,80.74517822265625,80.71209716796875,288.0,0.06944444444444445
2937,0.2011054327901619,0.8818737736695235,2937,81.64248657226562,81.60887145996094,288.0,0.05555555555555555
2938,1.2973540653862168,1.6042503208236658,2938,81.83919525146484,81.80571746826172,288.0,0.059027777777777776
2939,0.4592874508464289,1.186715777635658,2939,81.71829223632812,81.68539428710938,288.0,0.05555555555555555
2940,0.5692208449447111,1.5347924206397119,2940,80.24995422363281,80.21701049804688,288.0,0.0625
2941,0.940543179551235,1.3209804843336082,2941,81.28715515136719,81.25382232666016,288.0,0.03819444444444445
2942,1.5711920473127767,1.3689512026887438,2942,81.5527572631836,81.51956176757812,288.0,0.041666666666666664
2943,1.0545333397003114,1.5253141385075004,2943,82.7247314453125,82.69082641601562,288.0,0.041666666666666664
2944,1.4977406840435645,1.6868551205898976,2944,80.51107788085938,80.47813415527344,288.0,0.03125
2945,1.3551774692241536,1.3215490906520215,2945,81.83296203613281,81.79931640625,288.0,0.04513888888888889
2946,0.8186641825957444,1.381776837074017,2946,80.97297668457031,80.93992614746094,288.0,0.017361111111111112
2947,2.0530937265767073,1.1720950129706686,2947,80.59259796142578,80.55950927734375,288.0,0.027777777777777776
2948,1.4834556140513917,1.7888173158609753,2948,80.13764953613281,80.10411071777344,288.0,0.041666666666666664
2949,0.9362366923610534,1.4232811621784616,2949,82.070556640625,82.03684997558594,288.0,0.04513888888888889
2950,1.1705586161518715,1.687181970511956,2950,81.10608673095703,81.07318115234375,288.0,0.05555555555555555
2951,1.3044014968928808,1.5793016824236965,2951,80.36022186279297,80.32717895507812,288.0,0.041666666666666664
2952,-0.048307322593407864,1.1481837157513992,2952,81.30093383789062,81.26811218261719,288.0,0.04513888888888889
2953,1.2713657312754714,1.8922349417519244,2953,79.97853088378906,79.9463882446289,288.0,0.041666666666666664
2954,0.9344970325047005,1.6498153526272374,2954,81.76457214355469,81.7313003540039,288.0,0.04513888888888889
2955,0.6803182652943899,1.3871057764699983,2955,81.87207794189453,81.8387451171875,288.0,0.052083333333333336
2956,0.4680066310280337,1.2964660483577857,2956,82.08318328857422,82.04978942871094,288.0,0.0625
2957,1.1815347547649198,1.5009501872895927,2957,80.72737121582031,80.69463348388672,288.0,0.04861111111111111
2958,1.5627362858258043,1.6111023501424708,2958,81.04409790039062,81.01126098632812,288.0,0.03819444444444445
2959,1.0056942463293836,1.6417069231035102,2959,80.55924987792969,80.52619934082031,288.0,0.05555555555555555
2960,1.7094547512920135,1.5548238668431849,2960,80.83306121826172,80.80043029785156,288.0,0.04861111111111111
2961,1.5084997135838758,1.72558552902354,2961,82.62223052978516,82.58833312988281,288.0,0.04861111111111111
2962,0.8614641313749972,1.5711291618574992,2962,81.18643951416016,81.15367126464844,288.0,0.04861111111111111
2963,1.3824039287793228,1.5142473504596368,2963,82.29911041259766,82.26570129394531,288.0,0.04861111111111111
2964,0.8475032773304332,1.2934421648099077,2964,82.4190673828125,82.38525390625,288.0,0.059027777777777776
2965,1.3517136047179859,1.630257550669751,2965,80.63687133789062,80.60383605957031,288.0,0.06597222222222222
2966,1.147225552249181,1.1343303973555872,2966,79.492919921875,79.46040344238281,288.0,0.03819444444444445
2967,1.4215891385597466,1.1953637733132865,2967,81.38616943359375,81.35287475585938,288.0,0.0625
2968,1.5630999416945017,1.1805659108529463,2968,81.01669311523438,80.98377227783203,288.0,0.04513888888888889
2969,1.5371425203754034,1.223301145504039,2969,82.41268157958984,82.37873840332031,288.0,0.034722222222222224
2970,1.2937735759708757,1.6321201719247795,2970,81.69490051269531,81.66150665283203,288.0,0.052083333333333336
2971,0.8670727654824134,1.227651167751604,2971,81.96231079101562,81.92864227294922,288.0,0.05555555555555555
2972,1.247907465533614,1.302302885456173,2972,83.31504821777344,83.28077697753906,288.0,0.041666666666666664
2973,1.5835950472081823,1.2227803055785904,2973,80.25994873046875,80.22703552246094,288.0,0.052083333333333336
2974,1.8473677322140825,1.3226409861091042,2974,78.07582092285156,78.04342651367188,288.0,0.03819444444444445
2975,0.4371979133668648,0.9874066148310408,2975,78.79132080078125,78.75894165039062,288.0,0.04861111111111111
2976,0.8752738844335956,1.4409114005443233,2976,82.82965087890625,82.79566955566406,288.0,0.0625
2977,0.8165214491942095,1.131631669639652,2977,80.44366455078125,80.41093444824219,288.0,0.041666666666666664
2978,1.5998683208086655,1.5797333323214149,2978,82.39375305175781,82.35935974121094,288.0,0.0763888888888889
2979,1.1781315895317375,1.390334018821596,2979,82.54139709472656,82.5066909790039,288.0,0.03819444444444445
2980,0.8250267229572564,1.7525237346042342,2980,82.96560668945312,82.93212127685547,288.0,0.041666666666666664
2981,0.6337276085888538,1.603584948494431,2981,81.25654602050781,81.22301483154297,288.0,0.05555555555555555
2982,1.6340891705238614,1.4365280309989332,2982,82.17726135253906,82.14387512207031,288.0,0.059027777777777776
2983,0.5111084391159775,1.6920309062400698,2983,81.88456726074219,81.85122680664062,288.0,0.05555555555555555
2984,1.9280787060114548,1.2183992142730637,2984,80.73701477050781,80.70380401611328,288.0,0.027777777777777776
2985,1.707558959506082,1.607233739936816,2985,80.94377136230469,80.9109878540039,288.0,0.041666666666666664
2986,1.8223912202632617,1.239301488259307,2986,81.78973388671875,81.75619506835938,288.0,0.059027777777777776
2987,1.392814897122977,1.5893427347137705,2987,81.96644592285156,81.9329833984375,288.0,0.0625
2988,1.1479064129344416,1.4991297220662878,2988,83.07498168945312,83.04067993164062,288.0,0.0625
2989,1.0698663915832052,1.653201380987357,2989,82.28201293945312,82.24871826171875,288.0,0.0763888888888889
2990,0.7650732726857302,1.734249591340156,2990,81.23678588867188,81.20372009277344,288.0,0.03125
2991,0.44123666199952694,1.1815867241606266,2991,81.0220947265625,80.9886703491211,288.0,0.07291666666666667
2992,1.826233499200618,1.6110503343241251,2992,79.63497924804688,79.60244750976562,288.0,0.06944444444444445
2993,1.3738353980989833,1.4803216269785306,2993,83.54071044921875,83.50697326660156,288.0,0.0625
2994,1.4970011995566592,1.3846291079867152,2994,82.474609375,82.44049072265625,288.0,0.052083333333333336
2995,0.973889599930382,1.1498816667277723,2995,80.39543151855469,80.36222839355469,288.0,0.05555555555555555
2996,1.2234383237284392,1.775075927441623,2996,82.4784164428711,82.44486236572266,288.0,0.04513888888888889
2997,0.6791646986776532,0.9698887813054929,2997,82.27967834472656,82.2462387084961,288.0,0.0625
2998,0.9744638828668779,1.6029217582741728,2998,82.45602416992188,82.42240905761719,288.0,0.0798611111111111
2999,1.7552516113826893,1.539396867661798,2999,81.37644958496094,81.34335327148438,288.0,0.04861111111111111
3000,0.34040071536839145,0.9195276398694308,3000,82.55767059326172,82.52394104003906,288.0,0.059027777777777776
3001,0.4447515827950569,0.9504937344933211,3001,82.26590728759766,82.23225402832031,288.0,0.024305555555555556
3002,0.4670347352803134,1.3682293920276034,3002,82.00950622558594,81.97632598876953,288.0,0.034722222222222224
3003,1.5430339478186086,1.8142558435809408,3003,82.097412109375,82.063720703125,288.0,0.034722222222222224
3004,1.2944814636535098,1.464020642050886,3004,80.66886901855469,80.63566589355469,288.0,0.034722222222222224
3005,0.25197236732154654,0.9998544569894813,3005,82.45283508300781,82.41942596435547,288.0,0.06597222222222222
3006,1.5375194462454083,1.498972093126191,3006,83.0225601196289,82.9887466430664,288.0,0.052083333333333336
3007,0.9885264384223059,1.6335905230600942,3007,79.44068145751953,79.40796661376953,288.0,0.06944444444444445
3008,1.1676211517206367,1.5791768063035418,3008,81.33282470703125,81.29969024658203,288.0,0.05555555555555555
3009,1.2680996973932297,1.743632550317398,3009,83.22345733642578,83.18960571289062,288.0,0.05555555555555555
3010,1.1513333301664614,1.6184007628880661,3010,82.20805358886719,82.17449188232422,288.0,0.04513888888888889
3011,0.36771279694127634,1.4295954629562595,3011,81.61537170410156,81.58197021484375,288.0,0.03819444444444445
3012,1.7040144147159901,1.5469106130612849,3012,81.78182220458984,81.74866485595703,288.0,0.052083333333333336
3013,1.020859953362955,1.201461922569506,3013,82.38542175292969,82.35203552246094,288.0,0.041666666666666664
3014,0.9367122583418275,1.7267819600805892,3014,81.09335327148438,81.060302734375,288.0,0.041666666666666664
3015,1.3225677482478788,1.2939512309280359,3015,84.4704818725586,84.4366455078125,288.0,0.041666666666666664
3016,0.5283174846993958,1.493135603547516,3016,81.71626281738281,81.68305206298828,288.0,0.0798611111111111
3017,1.3114117509084962,1.5008868226208436,3017,82.15156555175781,82.11846923828125,288.0,0.0625
3018,1.7359462345156862,1.550676682184972,3018,81.9090576171875,81.87599182128906,288.0,0.059027777777777776
3019,1.9326156772285457,1.5743098776932456,3019,80.98057556152344,80.9474105834961,288.0,0.03819444444444445
3020,1.5029344020622024,1.4381993083305205,3020,82.45985412597656,82.42633056640625,288.0,0.052083333333333336
3021,0.7885745713138846,1.4159600243015573,3021,83.16458129882812,83.13078308105469,288.0,0.04513888888888889
3022,0.8314235179564888,1.3457046157760528,3022,82.57772827148438,82.54431915283203,288.0,0.041666666666666664
3023,0.7643384234216772,1.485202159948194,3023,81.40568542480469,81.37258911132812,288.0,0.052083333333333336
3024,0.06876769843935904,0.8981322703274047,3024,83.82242584228516,83.78807067871094,288.0,0.041666666666666664
3025,0.44691916872230447,1.1078975178927777,3025,82.5997543334961,82.5662841796875,288.0,0.04861111111111111
3026,0.4368023015218043,1.6208350409852,3026,80.32450866699219,80.29183197021484,288.0,0.06597222222222222
3027,1.316266934166293,1.2263760260225118,3027,79.48500061035156,79.45309448242188,288.0,0.041666666666666664
3028,1.7870685202285879,1.1858954135995625,3028,82.73310089111328,82.69935607910156,288.0,0.027777777777777776
3029,0.90010915930548,1.6517679576001458,3029,82.71565246582031,82.6820068359375,288.0,0.0625
3030,0.927358103973854,1.5808533434956131,3030,80.89321899414062,80.86001586914062,288.0,0.04513888888888889
3031,1.2619093333042055,1.7984476959795774,3031,83.80665588378906,83.77274322509766,288.0,0.027777777777777776
3032,0.4365009550044779,0.9690101886629127,3032,79.15597534179688,79.12420654296875,288.0,0.05555555555555555
3033,1.1319300626613318,1.0320077930855949,3033,80.20117950439453,80.16846466064453,288.0,0.041666666666666664
3034,0.5949545687073433,1.4017476435667942,3034,83.26922607421875,83.23512268066406,288.0,0.027777777777777776
3035,0.6955813028208733,1.4069692487278072,3035,83.39431762695312,83.36006164550781,288.0,0.03125
3036,0.2316300500826046,1.2810356039129238,3036,81.43190002441406,81.39860534667969,288.0,0.052083333333333336
3037,1.244016820957147,1.565318359713818,3037,78.78168487548828,78.74983215332031,288.0,0.04861111111111111
3038,2.063945398210616,1.2700448055359914,3038,83.0908203125,83.0574722290039,288.0,0.024305555555555556
3039,1.0551713474722382,1.49492778395568,3039,82.75794219970703,82.72409057617188,288.0,0.041666666666666664
3040,1.433620853163173,1.646067421625502,3040,81.61944580078125,81.58587646484375,288.0,0.03819444444444445
3041,1.8806120799766204,0.9887023277877196,3041,81.47462463378906,81.44126892089844,288.0,0.041666666666666664
3042,1.4004485920442558,1.5320848414208552,3042,81.41207885742188,81.37908935546875,288.0,0.04513888888888889
3043,1.226927932165695,1.1551972292408106,3043,83.79962158203125,83.76583862304688,288.0,0.03125
3044,0.6781219217461261,1.7372921843370632,3044,82.17872619628906,82.14555358886719,288.0,0.034722222222222224
3045,1.574953914731812,1.679135491546305,3045,82.3995361328125,82.36528015136719,288.0,0.041666666666666664
3046,1.2064525829940438,1.693420854803646,3046,82.78862762451172,82.75483703613281,288.0,0.03819444444444445
3047,2.2398779663080806,1.448813120451376,3047,82.06303405761719,82.02996826171875,288.0,0.03125
3048,1.5033736396358692,1.3559397849219799,3048,83.47724914550781,83.44318389892578,288.0,0.04861111111111111
3049,1.5461211255956038,1.5606924901838015,3049,81.25694274902344,81.22370147705078,288.0,0.05555555555555555
3050,0.2876429716669852,0.9621198789740282,3050,82.76535034179688,82.73097229003906,288.0,0.04861111111111111
3051,1.5707379485757054,1.736238290146016,3051,82.01753997802734,81.9842758178711,288.0,0.05555555555555555
3052,2.401553962553594,1.053977311466404,3052,81.50204467773438,81.46893310546875,288.0,0.04513888888888889
3053,1.1914646544160685,1.522653177597284,3053,81.24778747558594,81.2144775390625,288.0,0.05555555555555555
3054,0.9232245061416791,1.5805513786960537,3054,82.29547882080078,82.26148986816406,288.0,0.03819444444444445
3055,1.1096027015854317,1.6523225757251248,3055,82.81848907470703,82.78472900390625,288.0,0.041666666666666664
3056,1.1043907452912505,1.4420353090599123,3056,83.01605224609375,82.98185729980469,288.0,0.027777777777777776
3057,0.9854881005009855,1.2634627160508771,3057,80.45181274414062,80.41867065429688,288.0,0.05555555555555555
3058,1.4515835415315606,1.452603588470079,3058,78.27413940429688,78.24209594726562,288.0,0.05555555555555555
3059,1.6385708889786856,1.2588844674879447,3059,82.19657897949219,82.16244506835938,288.0,0.05555555555555555
3060,0.9185868984872089,1.702748699454742,3060,82.89404296875,82.86027526855469,288.0,0.059027777777777776
3061,0.948368627423237,1.606266813478659,3061,80.59025573730469,80.55706787109375,288.0,0.041666666666666664
3062,1.5185254973720355,1.3839866313040756,3062,82.88850402832031,82.85455322265625,288.0,0.06944444444444445
3063,1.5402670765804292,1.5885305995405639,3063,80.66056823730469,80.6275634765625,288.0,0.052083333333333336
3064,1.32623769880735,1.488284392246533,3064,81.16763305664062,81.13446044921875,288.0,0.03819444444444445
3065,0.827209497502684,1.4849510295436539,3065,82.44631958007812,82.41239166259766,288.0,0.03819444444444445
3066,1.6252541196605823,1.4608374964443676,3066,82.32017517089844,82.2867660522461,288.0,0.04861111111111111
3067,1.724917432953983,1.6545926774913544,3067,80.7454833984375,80.71246337890625,288.0,0.03819444444444445
3068,0.32486822518466923,1.148384363938355,3068,83.06291198730469,83.028564453125,288.0,0.0625
3069,1.2999605499681013,1.8203686538596575,3069,82.39923858642578,82.36515808105469,288.0,0.04513888888888889
3070,1.916961956923085,1.4760901791366945,3070,80.93682098388672,80.90380859375,288.0,0.04513888888888889
3071,1.8946897656523534,1.1685519208632684,3071,82.79756164550781,82.76384735107422,288.0,0.04861111111111111
3072,1.0791675008847867,1.7936300174998487,3072,82.4637222290039,82.42974090576172,288.0,0.04513888888888889
3073,1.3228537085550256,1.439543991164106,3073,81.90377807617188,81.8702392578125,288.0,0.041666666666666664
3074,1.7624683323590995,1.0802964798742558,3074,82.37010192871094,82.33671569824219,288.0,0.020833333333333332
3075,1.6894726974026686,1.5421718224346062,3075,82.48482513427734,82.45104217529297,288.0,0.052083333333333336
3076,1.0249023554791004,1.0425641483370942,3076,82.44865417480469,82.41513061523438,288.0,0.04513888888888889
3077,1.2438679302604512,1.7144139733681056,3077,81.91644287109375,81.88331604003906,288.0,0.04861111111111111
3078,0.3464261546847568,1.4591115883094954,3078,79.7598876953125,79.72731018066406,288.0,0.04861111111111111
3079,1.9709984073623241,1.057002593320167,3079,83.14643096923828,83.1126708984375,288.0,0.03819444444444445
3080,1.942785078346756,1.198885904763155,3080,83.07658386230469,83.04277038574219,288.0,0.04513888888888889
3081,0.8636753348092744,1.674377990088943,3081,80.55690002441406,80.52369689941406,288.0,0.034722222222222224
3082,0.5495688605048978,1.3980279389698176,3082,82.00871276855469,81.97535705566406,288.0,0.04861111111111111
3083,0.49351964844192087,1.1206316669820573,3083,82.012451171875,81.97949981689453,288.0,0.03125
3084,0.9169870465492992,1.0175060848832829,3084,82.76666259765625,82.73262786865234,288.0,0.041666666666666664
3085,1.5816067765590645,1.5131959077792896,3085,83.160400390625,83.1259994506836,288.0,0.052083333333333336
3086,1.290725297323627,1.6839836913571966,3086,82.43109130859375,82.39718627929688,288.0,0.03125
3087,0.8192896442246104,1.4138691802452121,3087,78.39686584472656,78.3641357421875,288.0,0.05555555555555555
3088,1.2759355988315084,1.3068924588264208,3088,83.01197052001953,82.97767639160156,288.0,0.04513888888888889
3089,1.8126433345741308,1.1188501110338782,3089,82.66728973388672,82.6337661743164,288.0,0.03125
3090,1.8180252713276088,1.1464753132607373,3090,81.90853118896484,81.87507629394531,288.0,0.024305555555555556
3091,1.513637090732763,1.1950500522212772,3091,80.46246337890625,80.42948913574219,288.0,0.04513888888888889
3092,0.4017631733420336,0.9069070783761364,3092,81.2438735961914,81.21050262451172,288.0,0.020833333333333332
3093,0.8109894394386585,1.441785173914652,3093,81.9463119506836,81.91331481933594,288.0,0.06944444444444445
3094,1.8412929553469906,1.4782841146493055,3094,80.996337890625,80.96334838867188,288.0,0.03819444444444445
3095,1.13041953312039,1.7132516637014248,3095,81.03836822509766,81.00509643554688,288.0,0.052083333333333336
3096,1.3376790480976593,1.707178966062819,3096,83.01567840576172,82.98153686523438,288.0,0.06597222222222222
3097,0.5562287031339797,1.271462807953921,3097,80.24200439453125,80.20883178710938,288.0,0.06944444444444445
3098,1.336291094673713,1.2116865973959638,3098,79.52764892578125,79.49482727050781,288.0,0.027777777777777776
3099,1.841094699808505,1.635071580954606,3099,78.6185302734375,78.58670043945312,288.0,0.059027777777777776
3100,1.4676959459745627,0.9982962458225736,3100,81.34391784667969,81.31035614013672,288.0,0.04861111111111111
3101,0.8944544078550004,1.1816491502515496,3101,81.97147369384766,81.93778991699219,288.0,0.03125
3102,2.287678637274556,0.9889816857253203,3102,79.94721221923828,79.91458129882812,288.0,0.03819444444444445
3103,1.3346946176583174,1.730407806391248,3103,82.2785415649414,82.24482727050781,288.0,0.04513888888888889
3104,1.39954593374621,1.4829760648871335,3104,81.15507507324219,81.12191009521484,288.0,0.04861111111111111
3105,1.0702564150229512,1.336340786483186,3105,82.00558471679688,81.9725570678711,288.0,0.05555555555555555
3106,1.9482988239604977,1.3765006339767276,3106,81.56442260742188,81.53140258789062,288.0,0.05555555555555555
3107,0.5131857237665601,1.2269937117162344,3107,78.53645324707031,78.50440216064453,288.0,0.07291666666666667
3108,0.695514100639407,1.725087736134922,3108,81.6707763671875,81.63785552978516,288.0,0.04861111111111111
3109,0.7140166406586361,1.4691907161281366,3109,81.1466293334961,81.11331939697266,288.0,0.06944444444444445
3110,1.3804312136879897,1.2623695026252268,3110,81.92915344238281,81.89567565917969,288.0,0.052083333333333336
3111,0.525456339212717,1.4587755311471282,3111,76.91705322265625,76.88556671142578,288.0,0.04861111111111111
3112,0.5678094824862777,0.8242475498866548,3112,81.68072509765625,81.64744567871094,288.0,0.034722222222222224
3113,1.502845477346697,1.5718503557035124,3113,79.59550476074219,79.5635757446289,288.0,0.04861111111111111
3114,1.3163835290352341,1.4310705282875256,3114,78.65809631347656,78.626708984375,288.0,0.034722222222222224
3115,1.4859609100782676,1.395576294926954,3115,82.75929260253906,82.72494506835938,288.0,0.027777777777777776
3116,0.20975751676888452,1.1166591058179411,3116,82.79739379882812,82.76380157470703,288.0,0.034722222222222224
3117,1.474772720863776,1.5191444531107992,3117,80.70928955078125,80.67658996582031,288.0,0.06944444444444445
3118,1.2352650897781339,1.6041080037604096,3118,82.7808837890625,82.74729919433594,288.0,0.041666666666666664
3119,0.9681686874203353,1.2470413288377638,3119,81.30601501464844,81.27291870117188,288.0,0.03819444444444445
3120,1.0492790142073067,1.7855274757596349,3120,81.93258666992188,81.89950561523438,288.0,0.034722222222222224
3121,1.4579657523216076,1.4626600892071269,3121,78.91949462890625,78.88803100585938,288.0,0.05555555555555555
3122,0.37351669925990727,0.9484239795904423,3122,80.17585754394531,80.1431655883789,288.0,0.03819444444444445
3123,1.4319049012535205,1.5563421957579162,3123,77.90276336669922,77.87098693847656,288.0,0.041666666666666664
3124,0.7327563698921815,1.4931327564789303,3124,79.4650650024414,79.43281555175781,288.0,0.04513888888888889
3125,1.8511037971861326,1.573699173326796,3125,79.54815673828125,79.51568603515625,288.0,0.03125
3126,1.810397023069389,1.744511045325514,3126,79.82528686523438,79.79269409179688,288.0,0.041666666666666664
3127,0.5917180167151128,1.2282969840294753,3127,82.10650634765625,82.07318878173828,288.0,0.04861111111111111
3128,1.5333726723324816,1.204620494500389,3128,79.55427551269531,79.52177429199219,288.0,0.03819444444444445
3129,1.028094431954457,1.5279987704070106,3129,79.71075439453125,79.67852020263672,288.0,0.041666666666666664
3130,1.170055508439723,1.6038438588305546,3130,81.29946899414062,81.2659683227539,288.0,0.03819444444444445
3131,0.2755861241649047,1.0748419467663293,3131,82.54591369628906,82.51249694824219,288.0,0.041666666666666664
3132,0.6430864314263585,1.4239914821981592,3132,83.02238464355469,82.98866271972656,288.0,0.041666666666666664
3133,1.3140019950270412,1.802869418942022,3133,81.33052062988281,81.29742431640625,288.0,0.03819444444444445
3134,0.8540067275979675,0.8757256241047994,3134,82.71601867675781,82.68217468261719,288.0,0.013888888888888888
3135,2.1411127717993645,1.2877320944388246,3135,83.204345703125,83.170654296875,288.0,0.034722222222222224
3136,1.5812274772970278,1.3713470224072581,3136,79.5859603881836,79.5533447265625,288.0,0.04513888888888889
3137,1.6141388217281276,1.4530909205956148,3137,83.09944152832031,83.06644439697266,288.0,0.04861111111111111
3138,0.5338166460510063,0.9581456550290567,3138,79.36851501464844,79.33568572998047,288.0,0.034722222222222224
3139,0.7375262831631149,1.5966106892973755,3139,81.9667739868164,81.93351745605469,288.0,0.04513888888888889
3140,0.6434389814787405,1.2822671835219375,3140,80.68690490722656,80.65385437011719,288.0,0.041666666666666664
3141,1.2356180674180897,1.6325538652939966,3141,78.60107421875,78.5684585571289,288.0,0.041666666666666664
3142,1.3548438357024792,1.0006660904541755,3142,79.85539245605469,79.8228759765625,288.0,0.04861111111111111
3143,1.3402179743697533,1.3699029726994132,3143,81.32955169677734,81.29600524902344,288.0,0.034722222222222224
3144,1.6912087780064642,1.7163753379287627,3144,78.55586242675781,78.52362060546875,288.0,0.013888888888888888
3145,1.2440170928340675,0.9965157538288772,3145,82.42406463623047,82.39049530029297,288.0,0.03819444444444445
3146,0.7360445966205754,1.364750071356651,3146,78.32154846191406,78.2891845703125,288.0,0.017361111111111112
3147,1.0213568460979663,1.651938872440466,3147,81.80776977539062,81.77433776855469,288.0,0.04861111111111111
3148,0.7618307735810916,1.41637707879165,3148,81.58077239990234,81.546875,288.0,0.04861111111111111
3149,1.6663791678400193,0.9348877243271211,3149,78.38664245605469,78.35453796386719,288.0,0.04513888888888889
3150,1.426996139931659,1.7530800152904413,3150,83.03925323486328,83.00523376464844,288.0,0.06944444444444445
3151,1.8809288623010323,1.5457573821883859,3151,81.51951599121094,81.48609161376953,288.0,0.052083333333333336
3152,1.8262097002086197,1.479414258133124,3152,82.41923522949219,82.38600158691406,288.0,0.04861111111111111
3153,0.7274688899322957,1.7023232135991124,3153,80.22248840332031,80.1892318725586,288.0,0.03819444444444445
3154,1.3952083247139428,1.2347113224705273,3154,79.78282165527344,79.74932861328125,288.0,0.03819444444444445
3155,0.9799470640158278,1.7595204854818545,3155,81.17539978027344,81.1421127319336,288.0,0.034722222222222224
3156,2.2914274379887964,0.9673434726048665,3156,82.6806640625,82.6469497680664,288.0,0.03819444444444445
3157,1.3157857455664903,1.7379163236077873,3157,83.30635833740234,83.27275085449219,288.0,0.052083333333333336
3158,1.5910377437658103,1.3628341458095892,3158,80.8826904296875,80.84907531738281,288.0,0.027777777777777776
3159,1.638902927523921,1.5143181942320638,3159,82.0808334350586,82.04740905761719,288.0,0.052083333333333336
3160,2.036179824424458,1.019868640462104,3160,82.02181243896484,81.98825073242188,288.0,0.041666666666666664
3161,0.7463860007531259,1.2742178572165066,3161,81.36337280273438,81.32988739013672,288.0,0.027777777777777776
3162,1.2321532408673253,1.342891434203412,3162,80.37908935546875,80.34672546386719,288.0,0.041666666666666664
3163,2.003330305310017,1.2139683019621512,3163,81.60550689697266,81.57252502441406,288.0,0.03819444444444445
3164,0.7245159906743992,1.5651682204788828,3164,82.0166244506836,81.98281860351562,288.0,0.034722222222222224
3165,1.356429345586601,1.4394842424373087,3165,81.29422760009766,81.26123046875,288.0,0.024305555555555556
3166,1.0853975289969866,1.2124807351555156,3166,83.64578247070312,83.61201477050781,288.0,0.03819444444444445
3167,0.9235376563486012,1.6221152963737056,3167,82.36740112304688,82.33302307128906,288.0,0.04861111111111111
3168,0.7160294304226189,1.7768209872852327,3168,83.37406921386719,83.34024047851562,288.0,0.04861111111111111
3169,1.3811929196168469,1.4286788532434882,3169,82.12821960449219,82.09486389160156,288.0,0.027777777777777776
3170,1.0174531880894007,1.2114766429236046,3170,82.04563903808594,82.01212310791016,288.0,0.020833333333333332
3171,1.7530183051118216,1.5573940163393007,3171,81.9115219116211,81.87830352783203,288.0,0.052083333333333336
3172,1.205013682309264,1.413754900895747,3172,81.31257629394531,81.27925109863281,288.0,0.04513888888888889
3173,2.0201849131902634,0.9974929775615603,3173,80.7392578125,80.70648193359375,288.0,0.04861111111111111
3174,0.899814534885097,1.7046713450850761,3174,82.51163482666016,82.47808074951172,288.0,0.020833333333333332
3175,1.3782259555703233,1.69747815857339,3175,83.03553771972656,83.00164794921875,288.0,0.027777777777777776
3176,1.6065637976317444,1.2905135335928264,3176,81.70771789550781,81.67428588867188,288.0,0.059027777777777776
3177,0.8063019467260761,1.2645597838850442,3177,81.94003295898438,81.90623474121094,288.0,0.03125
3178,0.4190628028442732,0.7209339509031117,3178,81.68871307373047,81.65534973144531,288.0,0.034722222222222224
3179,0.8711097438195571,1.5370546781757488,3179,79.72270202636719,79.68986511230469,288.0,0.027777777777777776
3180,1.4500291532006735,0.9193859613538446,3180,82.99258422851562,82.958740234375,288.0,0.034722222222222224
3181,1.5287379457020616,1.3866905335951043,3181,80.48973083496094,80.45668029785156,288.0,0.03819444444444445
3182,1.3499629905209392,1.5167110862634554,3182,82.9320068359375,82.89816284179688,288.0,0.04513888888888889
3183,0.37434279947421084,1.248910407578231,3183,82.36784362792969,82.33373260498047,288.0,0.04861111111111111
3184,1.3524510763164392,1.4589911945290304,3184,80.36587524414062,80.3333740234375,288.0,0.041666666666666664
3185,1.7590924725866528,1.342315384579439,3185,81.0440673828125,81.01104736328125,288.0,0.04861111111111111
3186,0.9778997440284686,1.6297152759227427,3186,82.27159881591797,82.23823547363281,288.0,0.027777777777777776
3187,0.5809982883564166,1.349800678929795,3187,80.5102310180664,80.4771728515625,288.0,0.03819444444444445
3188,1.8486488379470363,1.3999949623826866,3188,82.04741668701172,82.01339721679688,288.0,0.034722222222222224
3189,1.5797563741041845,1.1990875113032604,3189,82.14205932617188,82.10810089111328,288.0,0.027777777777777776
3190,1.7817982171378333,1.46456623980103,3190,83.45942687988281,83.425537109375,288.0,0.034722222222222224
3191,1.341559772803941,1.835890971200816,3191,81.93013000488281,81.89640808105469,288.0,0.041666666666666664
3192,1.2349474757282652,1.2754738097359017,3192,82.26690673828125,82.23333740234375,288.0,0.024305555555555556
3193,1.4341290974751046,1.0740577189255935,3193,82.00489807128906,81.97097778320312,288.0,0.03125
3194,1.5357112761749576,1.058914089456815,3194,78.82432556152344,78.79258728027344,288.0,0.03819444444444445
3195,1.1465433269590402,1.478590752782367,3195,80.17018127441406,80.13694763183594,288.0,0.03125
3196,1.946277492415546,1.2320972131559003,3196,81.64871215820312,81.61591339111328,288.0,0.03819444444444445
3197,0.34542993202676614,1.1988796121271708,3197,78.80316162109375,78.77055358886719,288.0,0.034722222222222224
3198,1.07523337552687,0.7486355501792146,3198,82.74165344238281,82.70708465576172,288.0,0.03125
3199,0.9557154829717877,0.7106709554140598,3199,79.68163299560547,79.64886474609375,288.0,0.027777777777777776
3200,1.0457495020416583,1.6257853952377979,3200,80.65460205078125,80.62152099609375,288.0,0.03819444444444445
3201,1.047616012116447,1.6994226207019862,3201,82.75495910644531,82.72096252441406,288.0,0.03819444444444445
3202,1.4531626667094453,1.5967485535953574,3202,82.34297943115234,82.30914306640625,288.0,0.03819444444444445
3203,1.0084083059392621,1.1467867928335604,3203,80.83846282958984,80.8052978515625,288.0,0.059027777777777776
3204,1.3888124550177672,1.8367509943679765,3204,82.12915802001953,82.09530639648438,288.0,0.020833333333333332
3205,1.4041894264508252,1.2720267198059807,3205,80.60186767578125,80.56959533691406,288.0,0.0625
3206,1.3378664919502896,1.743898773894719,3206,80.899658203125,80.8663101196289,288.0,0.03125
3207,1.5904129378758114,1.780995191021492,3207,79.26873779296875,79.23672485351562,288.0,0.03819444444444445
3208,1.3845539379132399,1.1891995709160939,3208,82.08863830566406,82.05461883544922,288.0,0.04513888888888889
3209,1.1912329880661099,1.4935792195903208,3209,82.75176239013672,82.71748352050781,288.0,0.052083333333333336
3210,1.6220108078849251,1.7363751493323178,3210,80.73967742919922,80.706787109375,288.0,0.024305555555555556
3211,1.5711216390592413,1.1134945682016286,3211,81.23428344726562,81.20098114013672,288.0,0.03125
3212,0.8221385859885406,1.1582347619366056,3212,82.82466888427734,82.790771484375,288.0,0.04513888888888889
3213,0.965793665825837,1.5793144325668609,3213,81.1854248046875,81.15238952636719,288.0,0.0625
3214,0.9335684062585222,1.6129964882081336,3214,81.46382904052734,81.4305419921875,288.0,0.041666666666666664
3215,1.2517938618554538,1.3242021954975272,3215,81.61856079101562,81.58555603027344,288.0,0.034722222222222224
3216,0.7996262442614859,1.0895638726305612,3216,81.6536865234375,81.62063598632812,288.0,0.024305555555555556
3217,0.7674830173431585,1.554015891124533,3217,81.79779815673828,81.76414489746094,288.0,0.041666666666666664
3218,1.7118951809551552,1.0893003860187023,3218,80.9739990234375,80.94087219238281,288.0,0.059027777777777776
3219,1.4057794503273544,0.9127014749248965,3219,79.92109680175781,79.88853454589844,288.0,0.03125
3220,2.16644188462274,1.2084294796162163,3220,81.63319396972656,81.59983825683594,288.0,0.034722222222222224
3221,1.4704884087318968,1.6031843205651595,3221,80.91641235351562,80.88330078125,288.0,0.03819444444444445
3222,1.2962675845914262,1.6251006350168649,3222,79.92533874511719,79.8921890258789,288.0,0.03819444444444445
3223,0.7112592317560076,1.5586751988835525,3223,81.17579650878906,81.14270782470703,288.0,0.024305555555555556
3224,-0.05858479557165879,0.8852721763650796,3224,82.3510971069336,82.31773376464844,288.0,0.041666666666666664
3225,1.500957683568997,1.1143606660043985,3225,82.26039123535156,82.22628784179688,288.0,0.052083333333333336
3226,0.7368107266784076,1.6055348710655466,3226,79.28895568847656,79.25590515136719,288.0,0.041666666666666664
3227,1.7477250637549886,1.6396326479118604,3227,81.35043334960938,81.3171157836914,288.0,0.027777777777777776
3228,1.1065009880998655,1.558992613308065,3228,81.6996078491211,81.66580963134766,288.0,0.041666666666666664
3229,1.5207035725622045,1.1306558514696743,3229,83.44790649414062,83.41357421875,288.0,0.034722222222222224
3230,0.9271314479145845,1.551491224503355,3230,82.37787628173828,82.34439086914062,288.0,0.03125
3231,0.6356421222037307,1.460394623449534,3231,81.85530090332031,81.82208251953125,288.0,0.034722222222222224
3232,1.0644030885416036,1.7143152580159162,3232,82.00243377685547,81.96900939941406,288.0,0.024305555555555556
3233,1.195523086612332,0.956257049647897,3233,81.316162109375,81.28311157226562,288.0,0.024305555555555556
3234,1.532240280649913,1.2760141492534591,3234,82.65765380859375,82.62419891357422,288.0,0.052083333333333336
3235,2.1570202276452943,0.8533856436359871,3235,80.3378677368164,80.3051986694336,288.0,0.034722222222222224
3236,-0.13232603129097498,0.8486708891165297,3236,81.30586242675781,81.27234649658203,288.0,0.04513888888888889
3237,1.473181809621049,1.420708112374876,3237,81.31312561035156,81.27987670898438,288.0,0.024305555555555556
3238,1.8752472803067946,1.6239727781614883,3238,81.55268096923828,81.51908111572266,288.0,0.03125
3239,1.2348509294290793,1.063323394365246,3239,81.47152709960938,81.43809509277344,288.0,0.03125
3240,1.5752326782112496,1.7409367318454485,3240,81.6492919921875,81.61572265625,288.0,0.04513888888888889
3241,0.5845692685657432,1.3648614493740656,3241,81.90028381347656,81.86711120605469,288.0,0.04861111111111111
3242,1.3007300912704727,1.424817436145697,3242,82.22148895263672,82.187744140625,288.0,0.017361111111111112
3243,1.395430046064774,1.441255871732733,3243,81.72090148925781,81.68765258789062,288.0,0.041666666666666664
3244,1.2699002348064279,1.5225435893883599,3244,82.22074890136719,82.18682861328125,288.0,0.04861111111111111
3245,0.8557669761931245,1.3288987354670359,3245,82.1629409790039,82.12916564941406,288.0,0.03125
3246,1.086467562994114,1.5160440251252392,3246,80.69286346435547,80.65973663330078,288.0,0.052083333333333336
3247,1.4585296076869878,1.5915836790797078,3247,80.87374877929688,80.84066772460938,288.0,0.024305555555555556
3248,1.4701079524745018,1.8703209013837083,3248,79.20162963867188,79.16856384277344,288.0,0.024305555555555556
3249,1.1328492048066348,1.4254800300087596,3249,79.7384033203125,79.70574188232422,288.0,0.03819444444444445
3250,1.0853437553679286,1.661239599602968,3250,81.7276840209961,81.69434356689453,288.0,0.03125
3251,1.101036073084668,1.0941586459945014,3251,82.244140625,82.21044921875,288.0,0.034722222222222224
3252,1.6558559453703703,1.8015810939228327,3252,81.2237548828125,81.18986511230469,288.0,0.024305555555555556
3253,0.9951755578554106,1.451167126865577,3253,81.85911560058594,81.825927734375,288.0,0.052083333333333336
3254,0.8967440410302194,1.8710473849149671,3254,81.14665222167969,81.11360931396484,288.0,0.04861111111111111
3255,0.9693931189772269,1.1843492775267572,3255,81.14379119873047,81.11065673828125,288.0,0.024305555555555556
3256,1.3150189925327203,1.4067500413694112,3256,79.34174346923828,79.30953216552734,288.0,0.052083333333333336
3257,1.4449998344045953,1.8380933233809664,3257,82.10548400878906,82.07109069824219,288.0,0.03819444444444445
3258,1.6422544779298407,1.5159673150800745,3258,80.3154296875,80.28244018554688,288.0,0.03125
3259,1.3544951826328928,1.9057556667621736,3259,82.382080078125,82.34856414794922,288.0,0.027777777777777776
3260,1.6134212684191154,1.3424951492321053,3260,81.23263549804688,81.19932556152344,288.0,0.03125
3261,1.2282378100853246,1.4542650780249076,3261,79.38642120361328,79.35400390625,288.0,0.03819444444444445
3262,0.5241121737627524,1.3522879862342603,3262,81.41268920898438,81.3790512084961,288.0,0.03125
3263,1.1756607708663003,1.4243174125016842,3263,81.0438461303711,81.01060485839844,288.0,0.052083333333333336
3264,1.288088880468565,1.326909706707839,3264,80.03791809082031,80.00515747070312,288.0,0.04513888888888889
3265,0.2716843747756546,1.0520847613744109,3265,79.71232604980469,79.67984008789062,288.0,0.020833333333333332
3266,1.564104301337833,1.8307011307338357,3266,82.59884643554688,82.5648422241211,288.0,0.027777777777777776
3267,0.567611158582467,1.6454617863523595,3267,82.28684997558594,82.25328063964844,288.0,0.03125
3268,0.25644035175920926,1.009882357580114,3268,79.50802612304688,79.47557067871094,288.0,0.04513888888888889
3269,1.322253156204785,1.2972098725797747,3269,80.87701416015625,80.8446044921875,288.0,0.034722222222222224
3270,1.8648197323701368,0.8632036916175457,3270,80.45712280273438,80.42463684082031,288.0,0.04513888888888889
3271,1.157901558831177,1.7977228056395247,3271,82.51182556152344,82.4781265258789,288.0,0.041666666666666664
3272,0.6785386163985575,1.1108748674722828,3272,82.390869140625,82.35723876953125,288.0,0.034722222222222224
3273,1.6892966710697417,1.5108756698760752,3273,80.42300415039062,80.3901596069336,288.0,0.03819444444444445
3274,1.936978639722456,1.367211653013665,3274,80.24562072753906,80.21248626708984,288.0,0.041666666666666664
3275,1.5969142452651386,1.797419997704272,3275,79.70640563964844,79.67359924316406,288.0,0.027777777777777776
3276,1.1833934402052517,0.9584930441553461,3276,81.70211791992188,81.66854095458984,288.0,0.020833333333333332
3277,2.12747606226646,1.15642739533125,3277,80.47066497802734,80.43791961669922,288.0,0.020833333333333332
3278,1.2363389805751754,1.4404472106969852,3278,80.02267456054688,79.98944091796875,288.0,0.041666666666666664
3279,1.1359474492605806,1.4494742139518786,3279,82.55137634277344,82.51751708984375,288.0,0.04513888888888889
3280,1.0649075765931275,1.587402877334984,3280,81.38151550292969,81.34815979003906,288.0,0.052083333333333336
3281,1.4196991275605835,1.576416583061374,3281,81.97398376464844,81.94087219238281,288.0,0.04513888888888889
3282,1.605146807749217,1.5817718619131722,3282,82.50264739990234,82.46882629394531,288.0,0.03125
3283,1.7429827525813668,1.6130232489226155,3283,80.34516143798828,80.31246948242188,288.0,0.034722222222222224
3284,0.3935816955776017,1.5300008508724985,3284,81.32431030273438,81.29098510742188,288.0,0.041666666666666664
3285,0.6334577750792667,1.671667064002415,3285,80.79183959960938,80.75853729248047,288.0,0.027777777777777776
3286,1.05457269337669,1.8741510322004082,3286,82.11273193359375,82.0792236328125,288.0,0.027777777777777776
3287,1.3155600062571347,1.5755488411828886,3287,81.28887939453125,81.25581359863281,288.0,0.034722222222222224
3288,1.7763869911616608,1.1292700948200816,3288,81.18582916259766,81.15200805664062,288.0,0.020833333333333332
3289,0.3368256553350177,1.1470584130817527,3289,81.94172668457031,81.90779876708984,288.0,0.034722222222222224
3290,1.1664007122246598,1.8507411563439997,3290,82.79782104492188,82.763916015625,288.0,0.027777777777777776
3291,0.8354372817237352,1.2931525667409602,3291,81.01390075683594,80.98076629638672,288.0,0.03125
3292,1.7558902898674893,0.892027058609442,3292,82.63312530517578,82.59903717041016,288.0,0.04513888888888889
3293,1.157864815647551,1.1382550365764184,3293,82.4349594116211,82.401123046875,288.0,0.05555555555555555
3294,1.842683426246157,1.2774327737585442,3294,81.76460266113281,81.731689453125,288.0,0.04861111111111111
3295,1.2051616996114332,1.890907724807643,3295,81.1264877319336,81.09379577636719,288.0,0.03819444444444445
3296,1.9234040216569415,1.4513225305900836,3296,82.49774932861328,82.46369934082031,288.0,0.034722222222222224
3297,0.49818280044916474,1.6992979450950483,3297,79.79214477539062,79.75931549072266,288.0,0.041666666666666664
3298,0.3638282774217058,1.2749960194978052,3298,78.79042053222656,78.75801849365234,288.0,0.06944444444444445
3299,1.1401683163611478,1.1278321717238429,3299,80.635498046875,80.60252380371094,288.0,0.034722222222222224
3300,1.3961522093663714,1.3175068052030667,3300,83.1380615234375,83.10433197021484,288.0,0.027777777777777776
3301,1.5054799035444315,1.3466266763278936,3301,79.85597229003906,79.82337951660156,288.0,0.03819444444444445
3302,0.4301961902745284,1.4895580805790063,3302,83.92684936523438,83.89282989501953,288.0,0.052083333333333336
3303,0.5140328737255315,1.79243119094542,3303,83.09974670410156,83.06602478027344,288.0,0.027777777777777776
3304,1.3794018323633812,1.7376351735344653,3304,83.40927124023438,83.37530517578125,288.0,0.059027777777777776
3305,0.32493051471355167,1.588296166678837,3305,81.36976623535156,81.33674621582031,288.0,0.041666666666666664
3306,1.0225351802129172,1.1487376430839218,3306,78.25184631347656,78.21984100341797,288.0,0.03819444444444445
3307,0.5759072294731113,1.7064512359785804,3307,81.14773559570312,81.11529541015625,288.0,0.05555555555555555
3308,0.9745568539618072,0.8032771925442511,3308,81.1360855102539,81.10294342041016,288.0,0.027777777777777776
3309,1.066797712708533,0.989820600543533,3309,80.26803588867188,80.23562622070312,288.0,0.04513888888888889
3310,0.9134704155197603,0.8100138541482864,3310,80.1735610961914,80.14112854003906,288.0,0.027777777777777776
3311,1.8564552677665642,0.9374634998230249,3311,80.11006164550781,80.07745361328125,288.0,0.027777777777777776
3312,1.1247915648591176,1.0925342385061654,3312,80.11848449707031,80.08604431152344,288.0,0.04513888888888889
3313,1.3156322603524444,1.9150300255995394,3313,80.89306640625,80.86058044433594,288.0,0.017361111111111112
3314,1.1217327585802506,1.7452558667255085,3314,82.37168884277344,82.33805847167969,288.0,0.027777777777777776
3315,1.1383568187567452,1.5410420191372787,3315,80.94264221191406,80.90959167480469,288.0,0.052083333333333336
3316,2.5955186508114694,0.815085725971793,3316,81.85939025878906,81.82662963867188,288.0,0.020833333333333332
3317,1.0906966743703077,1.3855824782504982,3317,82.75091552734375,82.71741485595703,288.0,0.027777777777777776
3318,1.7726693646825424,1.3752575111848888,3318,83.18955993652344,83.15567016601562,288.0,0.03819444444444445
3319,0.9957161342030262,1.252468703487922,3319,80.45445251464844,80.4217758178711,288.0,0.03819444444444445
3320,1.0122761220832628,1.581945497835284,3320,81.57969665527344,81.54618072509766,288.0,0.027777777777777776
3321,1.128151400695627,0.9484282340458876,3321,82.50514221191406,82.47139739990234,288.0,0.034722222222222224
3322,0.11077188510173985,0.8847415291373749,3322,79.83122253417969,79.7980728149414,288.0,0.052083333333333336
3323,2.2783280685272533,1.2092433256762354,3323,82.16907501220703,82.13585662841797,288.0,0.04513888888888889
3324,1.4570781067549712,1.3802240949651439,3324,82.20222473144531,82.16879272460938,288.0,0.034722222222222224
3325,0.40511598710933544,1.5199335520220325,3325,80.24900817871094,80.217041015625,288.0,0.05555555555555555
3326,1.2137525368004298,1.768456909817339,3326,83.12870788574219,83.09480285644531,288.0,0.03819444444444445
3327,1.3777042921702192,1.1774450068274573,3327,82.00070190429688,81.96766662597656,288.0,0.03819444444444445
3328,1.022584908501436,1.2192072387684503,3328,82.77656555175781,82.74287414550781,288.0,0.03819444444444445
3329,1.7283836323553712,1.0476887077690673,3329,79.2593994140625,79.2273941040039,288.0,0.024305555555555556
3330,0.9476492891633926,1.8208402188685822,3330,81.27828979492188,81.24510192871094,288.0,0.03125
3331,0.8157439422626287,0.7736398616967967,3331,80.90017700195312,80.86727142333984,288.0,0.03125
3332,0.36226594308026805,1.3708734460808767,3332,81.36070251464844,81.32731628417969,288.0,0.03819444444444445
3333,1.1473470414981082,1.626114969349707,3333,81.1830825805664,81.14986419677734,288.0,0.041666666666666664
3334,1.3119408556762637,1.0416396330276296,3334,81.96653747558594,81.93316650390625,288.0,0.041666666666666664
3335,0.027651513481460624,0.8688688173881458,3335,81.3003158569336,81.26695251464844,288.0,0.03819444444444445
3336,1.8900441113306181,1.545454765942104,3336,81.5433578491211,81.51005554199219,288.0,0.04513888888888889
3337,1.5471884681291823,1.099549347279384,3337,80.61260986328125,80.5797348022461,288.0,0.027777777777777776
3338,0.5574577536106207,1.4872144045932967,3338,82.57650756835938,82.54238891601562,288.0,0.024305555555555556
3339,1.4005182293493001,1.6199752088392492,3339,82.69189453125,82.65843200683594,288.0,0.052083333333333336
3340,1.2373125638165632,1.4242412392010158,3340,82.11495971679688,82.08108520507812,288.0,0.034722222222222224
3341,0.8987082312276722,1.3171188787663106,3341,81.1209716796875,81.08780670166016,288.0,0.041666666666666664
3342,1.6955842620445447,1.6367809506266415,3342,81.37725067138672,81.3441162109375,288.0,0.052083333333333336
3343,1.222045430202072,1.309878880366188,3343,80.62351989746094,80.59039306640625,288.0,0.03819444444444445
3344,0.9326518831566529,1.0554445679990787,3344,80.69717407226562,80.66423034667969,288.0,0.027777777777777776
3345,1.174292855547675,1.4781255375089446,3345,83.11997985839844,83.08604431152344,288.0,0.03819444444444445
3346,1.5187834456625333,1.2202764622309619,3346,81.45462036132812,81.42138671875,288.0,0.052083333333333336
3347,1.136247278583619,1.6099664087513834,3347,82.76908111572266,82.73545837402344,288.0,0.04861111111111111
3348,0.15634414061109667,1.0688280210680077,3348,82.59140014648438,82.55738830566406,288.0,0.03125
3349,0.13425921900327906,1.2951394346350997,3349,81.62686920166016,81.59339904785156,288.0,0.052083333333333336
3350,1.0818827701962326,1.2846010542853148,3350,80.19000244140625,80.15753173828125,288.0,0.03819444444444445
3351,0.8968672988378193,1.5152272359880017,3351,81.43585205078125,81.4027099609375,288.0,0.052083333333333336
3352,1.1303339900572107,1.683297619549751,3352,80.92532348632812,80.89202880859375,288.0,0.027777777777777776
3353,1.543087628303519,1.3008672582724439,3353,81.59803009033203,81.56535339355469,288.0,0.027777777777777776
3354,1.360224835983963,1.834227428823483,3354,82.33967590332031,82.30596923828125,288.0,0.041666666666666664
3355,1.3754543037885112,1.861817579271079,3355,81.4986572265625,81.46546936035156,288.0,0.034722222222222224
3356,0.15424050677127607,1.4641277513870194,3356,79.81487274169922,79.78254699707031,288.0,0.03819444444444445
3357,0.7330693773337725,1.6273320286433886,3357,81.61834716796875,81.58526611328125,288.0,0.03819444444444445
3358,0.4902342011945691,1.457620927129997,3358,81.91865539550781,81.88545227050781,288.0,0.03819444444444445
3359,2.0881556709569935,1.4739994786837176,3359,81.07586669921875,81.04350280761719,288.0,0.04513888888888889
3360,1.1483915118479346,1.3426613531309517,3360,81.10270690917969,81.06938171386719,288.0,0.027777777777777776
3361,1.2656130924870186,1.8419974155813092,3361,82.22097778320312,82.18769836425781,288.0,0.017361111111111112
3362,0.2749742013291464,1.1966812923959125,3362,81.18803405761719,81.15521240234375,288.0,0.052083333333333336
3363,1.379989260461841,1.394628016970352,3363,82.96360778808594,82.93003845214844,288.0,0.027777777777777776
3364,0.8620310742509791,1.1649677841736787,3364,81.85528564453125,81.82211303710938,288.0,0.03125
3365,1.3521796440316523,1.3316719795798537,3365,80.60932159423828,80.57669830322266,288.0,0.03125
3366,0.564213108097422,1.7200502542998362,3366,82.15686798095703,82.12359619140625,288.0,0.03819444444444445
3367,0.7789206727399958,1.8201094240034605,3367,79.90621185302734,79.87352752685547,288.0,0.03125
3368,1.564718748274464,1.0986978589612963,3368,79.64556884765625,79.61302185058594,288.0,0.024305555555555556
3369,1.147730792679677,1.5425131786106538,3369,79.2283935546875,79.19607543945312,288.0,0.034722222222222224
3370,1.4751524720337517,1.1050004998226781,3370,82.73876953125,82.70514678955078,288.0,0.03819444444444445
3371,0.9865799229259511,1.1152027269347944,3371,82.85790252685547,82.82440185546875,288.0,0.04513888888888889
3372,1.172964217347691,1.8556142880021815,3372,79.80166625976562,79.76866149902344,288.0,0.059027777777777776
3373,2.272940944851289,1.2186145061317868,3373,83.16836547851562,83.13430786132812,288.0,0.04513888888888889
3374,1.9216426080313613,1.161001242140699,3374,83.10443115234375,83.0704345703125,288.0,0.034722222222222224
3375,0.8751622244541379,1.157250499447787,3375,82.01083374023438,81.97735595703125,288.0,0.03819444444444445
3376,0.5517515252605363,0.8529344870876728,3376,81.70674896240234,81.67323303222656,288.0,0.027777777777777776
3377,0.7343326041066427,1.4273510198371893,3377,81.10700988769531,81.07357025146484,288.0,0.027777777777777776
3378,1.5587894685237478,1.0054807636286578,3378,81.23977661132812,81.20699310302734,288.0,0.020833333333333332
3379,1.5110542158450286,1.6695649774114978,3379,81.82252502441406,81.78904724121094,288.0,0.024305555555555556
3380,0.5776919903983945,1.3753973762446048,3380,80.40348815917969,80.37010192871094,288.0,0.04513888888888889
3381,1.413560720222584,1.535802831927078,3381,81.6163330078125,81.58248901367188,288.0,0.03819444444444445
3382,1.2708728357102161,1.4140123475654498,3382,81.02947998046875,80.99645233154297,288.0,0.03819444444444445
3383,1.701223869776254,1.5161267841553177,3383,81.0467529296875,81.01393127441406,288.0,0.03125
3384,1.1711827701411903,1.4796658953743165,3384,81.41557312011719,81.38217163085938,288.0,0.041666666666666664
3385,1.3231234973496677,1.5232535035420003,3385,80.94938659667969,80.91619110107422,288.0,0.020833333333333332
3386,0.9336975326823919,1.0476663901146683,3386,80.3609619140625,80.32806396484375,288.0,0.034722222222222224
3387,1.170509752159757,1.8657166930044398,3387,79.8497314453125,79.81719970703125,288.0,0.020833333333333332
3388,1.093413119305318,1.5936712649844091,3388,81.8896255493164,81.85615539550781,288.0,0.034722222222222224
3389,1.1753373301618728,1.6898818219341865,3389,81.96096801757812,81.92764282226562,288.0,0.052083333333333336
3390,1.6019640605849839,1.3043244765608157,3390,81.37083435058594,81.33792877197266,288.0,0.03125
3391,1.225933296252797,1.6865633180310589,3391,82.00529479980469,81.9715805053711,288.0,0.03819444444444445
3392,1.6799573129937402,1.7096808780664075,3392,79.09635925292969,79.06412506103516,288.0,0.024305555555555556
3393,1.7949004485627096,1.634770425603922,3393,79.24647521972656,79.2139892578125,288.0,0.03125
3394,0.9912701594085749,1.4963186143651346,3394,78.43413543701172,78.40155792236328,288.0,0.03125
3395,1.2349604517267376,1.7475791580993216,3395,82.25308990478516,82.21951293945312,288.0,0.020833333333333332
3396,1.4212385318350669,1.4909003058181078,3396,82.09629821777344,82.06278991699219,288.0,0.027777777777777776
3397,1.2356189304904186,1.3478897815311974,3397,80.1806411743164,80.14839172363281,288.0,0.041666666666666664
3398,1.394882895432553,1.8178404719936763,3398,80.44171142578125,80.40926361083984,288.0,0.024305555555555556
3399,1.3634389400272524,1.4227146744108403,3399,81.38107299804688,81.34777069091797,288.0,0.017361111111111112
3400,1.4477706681695077,1.7730198356556912,3400,83.75657653808594,83.72238159179688,288.0,0.027777777777777776
3401,1.8864441204515445,1.281197060351763,3401,81.60005950927734,81.56683349609375,288.0,0.03125
3402,1.3795625176464692,1.182203591992467,3402,80.92543029785156,80.89227294921875,288.0,0.027777777777777776
3403,1.111785573122863,1.915665040541424,3403,81.47203063964844,81.43878936767578,288.0,0.041666666666666664
3404,1.0308790149999545,1.1997163902811367,3404,81.62593841552734,81.59249877929688,288.0,0.04513888888888889
3405,1.705461355830161,1.691010020921421,3405,82.08123779296875,82.04796600341797,288.0,0.052083333333333336
3406,1.0288904246697401,1.4523851620554027,3406,80.80805206298828,80.77548217773438,288.0,0.04513888888888889
3407,1.6403855683467192,1.1923843148053375,3407,80.46249389648438,80.42993927001953,288.0,0.013888888888888888
3408,1.1614871470982537,1.503629432181424,3408,80.5439453125,80.51158142089844,288.0,0.024305555555555556
3409,2.0115968604394174,0.6998779170963115,3409,82.03428649902344,82.0010986328125,288.0,0.010416666666666666
3410,1.2412035162910198,1.1303116243453841,3410,79.79965209960938,79.76678466796875,288.0,0.03125
3411,1.2999723770271516,1.379569525830042,3411,78.25944519042969,78.22743225097656,288.0,0.034722222222222224
3412,1.3087627699611526,1.1890048232043333,3412,78.44802856445312,78.41603088378906,288.0,0.03125
3413,1.72302332210542,1.6165521864860948,3413,82.31857299804688,82.2850341796875,288.0,0.017361111111111112
3414,0.6365523486283302,1.3603483000252563,3414,81.31269836425781,81.2799072265625,288.0,0.03819444444444445
3415,0.8314279006755876,1.731825827986458,3415,82.6606216430664,82.62734985351562,288.0,0.03125
3416,0.6104269700329792,1.2428625191467781,3416,80.6805419921875,80.64793395996094,288.0,0.020833333333333332
3417,1.4920243866775778,1.5341349228850405,3417,82.10071563720703,82.06733703613281,288.0,0.027777777777777776
3418,1.1068322734695097,1.8883063228880794,3418,82.48413848876953,82.45050048828125,288.0,0.03125
3419,1.6120080451835543,1.1738662886484916,3419,81.91136932373047,81.87793731689453,288.0,0.020833333333333332
3420,1.4626219788756885,1.1370744400722677,3420,79.68940734863281,79.6568603515625,288.0,0.03125
3421,1.5298949127922339,1.7641528265140307,3421,82.60276794433594,82.56974792480469,288.0,0.03819444444444445
3422,1.6351113266684205,1.5871642196889628,3422,82.99365234375,82.96037292480469,288.0,0.03819444444444445
3423,0.9181390120013275,1.3852828514709117,3423,83.65696716308594,83.6231689453125,288.0,0.024305555555555556
3424,1.203453197427171,1.0386921498069699,3424,82.41938781738281,82.3861083984375,288.0,0.04513888888888889
3425,1.436435397069121,1.3600628891169682,3425,82.1082763671875,82.07476043701172,288.0,0.04513888888888889
3426,1.8387829928718213,1.6587997691078125,3426,82.71046447753906,82.67658233642578,288.0,0.017361111111111112
3427,0.6697122514276397,1.218655319924991,3427,82.73117065429688,82.69743347167969,288.0,0.03819444444444445
3428,1.631223480130326,1.7366179741312846,3428,81.85652923583984,81.8235092163086,288.0,0.03125
3429,1.2031966191533034,1.3000391556401636,3429,80.68303680419922,80.65019226074219,288.0,0.03819444444444445
3430,1.7927531801569612,1.5376526734509999,3430,81.34302520751953,81.31024169921875,288.0,0.020833333333333332
3431,1.4780717777862666,1.0973600229120815,3431,83.08576965332031,83.05206298828125,288.0,0.04513888888888889
3432,1.142186548333387,1.4541798055783985,3432,82.75433349609375,82.72050476074219,288.0,0.03125
3433,1.6431494014721497,1.46324290877434,3433,82.31160736083984,82.27790832519531,288.0,0.03819444444444445
3434,0.7924040327515127,1.2070274379299348,3434,82.02285766601562,81.98941802978516,288.0,0.03125
3435,1.4355050078593419,1.6746658241261096,3435,81.25057220458984,81.21743774414062,288.0,0.04861111111111111
3436,0.8584708137423028,1.7507905532888655,3436,81.05343627929688,81.01995849609375,288.0,0.020833333333333332
3437,1.4053219900743585,1.2980645725513509,3437,82.99996185302734,82.96605682373047,288.0,0.041666666666666664
3438,1.4380250784177058,1.7530769724056101,3438,81.68392944335938,81.65049743652344,288.0,0.034722222222222224
3439,1.4940772514071656,1.8691918684478812,3439,82.45927429199219,82.42543029785156,288.0,0.034722222222222224
3440,1.441633420423675,1.3692139808932258,3440,80.53303527832031,80.5005874633789,288.0,0.013888888888888888
3441,2.2321983187935714,1.100486360077861,3441,82.65281677246094,82.61935424804688,288.0,0.04513888888888889
3442,0.15273513685061715,0.9255514480330875,3442,80.76370239257812,80.73104858398438,288.0,0.034722222222222224
3443,0.970271333124937,1.6502095139914699,3443,81.38507843017578,81.35200500488281,288.0,0.03819444444444445
3444,1.1994425615882778,1.6370703047168345,3444,81.93557739257812,81.90201568603516,288.0,0.03125
3445,0.5527153699274163,1.3023129627335022,3445,81.9493179321289,81.91629028320312,288.0,0.03125
3446,1.4694629533225678,0.971668405808976,3446,80.00140380859375,79.96856689453125,288.0,0.041666666666666664
3447,1.1423228717945244,1.09771034756394,3447,80.78938293457031,80.75653076171875,288.0,0.041666666666666664
3448,0.5068147388098413,1.3101682903657192,3448,80.82815551757812,80.79518127441406,288.0,0.04861111111111111
3449,1.719423078895478,1.6102322328288086,3449,80.68002319335938,80.64651489257812,288.0,0.0625
3450,0.7750409386583436,1.2703948321228882,3450,82.5350570678711,82.50117492675781,288.0,0.03819444444444445
3451,1.6432622578864289,1.550467152890694,3451,81.51072692871094,81.4772720336914,288.0,0.027777777777777776
3452,0.49338563537352403,1.4564601258624166,3452,81.84271240234375,81.80976867675781,288.0,0.03819444444444445
3453,1.0725661067296213,1.7464040769722304,3453,80.37464904785156,80.34175109863281,288.0,0.034722222222222224
3454,1.4262294024929554,1.3398945176306338,3454,80.30778503417969,80.27529907226562,288.0,0.013888888888888888
3455,1.456649717322483,1.7248550584236713,3455,81.16500854492188,81.1317138671875,288.0,0.03125
3456,0.8795179464802945,1.1807962321029593,3456,81.88263702392578,81.84907531738281,288.0,0.03125
3457,0.8823514373141151,1.0481797458532311,3457,81.64482116699219,81.61121368408203,288.0,0.024305555555555556
3458,0.9400056669902797,0.7393444018630907,3458,81.86260986328125,81.82964324951172,288.0,0.017361111111111112
3459,1.175405477276209,1.5221324933180151,3459,81.8101577758789,81.77650451660156,288.0,0.03125
3460,0.5333985251380682,1.3782399121301216,3460,81.53457641601562,81.50137329101562,288.0,0.020833333333333332
3461,2.210077503518512,0.9887821465668704,3461,81.42377471923828,81.3905029296875,288.0,0.017361111111111112
3462,1.5701879899628974,1.5073795706205673,3462,81.765625,81.73252868652344,288.0,0.024305555555555556
3463,1.185297689363154,1.5413860335613976,3463,82.21519470214844,82.18115234375,288.0,0.04861111111111111
3464,2.1061443009713696,1.2581863233612312,3464,81.11407470703125,81.08084869384766,288.0,0.03125
3465,1.5632488471632489,1.6182220167303865,3465,81.06867980957031,81.03609466552734,288.0,0.03125
3466,0.9985223212204127,1.3024575842285102,3466,81.41259765625,81.37913513183594,288.0,0.034722222222222224
3467,0.8992109223865824,1.1480618805790042,3467,81.78926849365234,81.75601959228516,288.0,0.041666666666666664
3468,0.100637710643259,0.7791909041454664,3468,81.16932678222656,81.13597106933594,288.0,0.027777777777777776
3469,1.7230792839668378,1.6029670052184624,3469,78.75702667236328,78.72470092773438,288.0,0.034722222222222224
3470,2.1383263833003547,0.9394355646557694,3470,81.0342788696289,81.00096893310547,288.0,0.03819444444444445
3471,0.5952351693664164,1.4138307352128454,3471,83.86972045898438,83.83563232421875,288.0,0.017361111111111112
3472,1.2549606560133977,1.2374939693717633,3472,80.59336853027344,80.56047058105469,288.0,0.03125
3473,1.860578341543195,1.4962541767378084,3473,80.75862121582031,80.72518920898438,288.0,0.020833333333333332
3474,1.8702520567661947,1.2148545862820372,3474,81.48069763183594,81.44790649414062,288.0,0.013888888888888888
3475,1.0052467242131269,1.8566148122293011,3475,82.65477752685547,82.62156677246094,288.0,0.027777777777777776
3476,1.4815975117837121,1.1020646809059984,3476,82.63145446777344,82.59799194335938,288.0,0.020833333333333332
3477,0.8946650858277321,1.5140374156511218,3477,82.21968078613281,82.18626403808594,288.0,0.04513888888888889
3478,0.9590752530662096,1.3391079494934468,3478,82.17218017578125,82.13926696777344,288.0,0.04861111111111111
3479,0.2735500554035489,1.0774455684409368,3479,82.29206848144531,82.25818634033203,288.0,0.03819444444444445
3480,1.311852788776171,1.9009310030052144,3480,82.89656066894531,82.86285400390625,288.0,0.03819444444444445
3481,1.1985533780395896,1.4991122311608398,3481,82.06367492675781,82.03025817871094,288.0,0.020833333333333332
3482,0.9158943717701136,1.046877454656848,3482,82.19493103027344,82.16130065917969,288.0,0.041666666666666664
3483,0.7601043050014498,1.2947946261926917,3483,82.48712921142578,82.45372009277344,288.0,0.034722222222222224
3484,1.3981895116191805,1.0951047573916937,3484,80.98126220703125,80.94833374023438,288.0,0.017361111111111112
3485,1.014093318421176,1.1958119166801746,3485,81.4730224609375,81.43981170654297,288.0,0.020833333333333332
3486,1.2362712477844677,1.6125949761653415,3486,81.53988647460938,81.50666809082031,288.0,0.03819444444444445
3487,1.7860342977616936,1.4436219355787054,3487,82.27625274658203,82.24317169189453,288.0,0.027777777777777776
3488,1.371684073352868,1.6602545652174754,3488,82.02130889892578,81.98774719238281,288.0,0.03819444444444445
3489,0.5154634038822051,1.6145372778029132,3489,82.04236602783203,82.0091552734375,288.0,0.034722222222222224
3490,2.107969078757659,1.02469207215118,3490,81.7479476928711,81.71444702148438,288.0,0.020833333333333332
3491,0.6717745278694722,1.318334798409163,3491,81.64077758789062,81.60746765136719,288.0,0.03125
3492,1.4707255224101037,1.2490487829499985,3492,82.25475311279297,82.22117614746094,288.0,0.03125
3493,2.058439400604134,1.3428168128083653,3493,80.57508850097656,80.54232788085938,288.0,0.017361111111111112
3494,0.578507799645928,1.2824373902996216,3494,78.52132415771484,78.48910522460938,288.0,0.03125
3495,1.4536958871138195,1.5114759497233645,3495,82.70918273925781,82.67581939697266,288.0,0.03125
3496,0.950160762031659,1.7430595358157082,3496,82.32008361816406,82.286376953125,288.0,0.020833333333333332
3497,1.1158624914143915,1.7816438086633175,3497,80.14028930664062,80.10760498046875,288.0,0.041666666666666664
3498,1.621975594526275,1.4745155936875245,3498,78.48591613769531,78.45372009277344,288.0,0.041666666666666664
3499,1.292759403372685,1.0789594618650589,3499,81.37937927246094,81.3463134765625,288.0,0.03819444444444445
3500,1.9552207756104343,1.5826686139515922,3500,82.66156005859375,82.62812805175781,288.0,0.024305555555555556
3501,1.4848808202991526,1.330774618153358,3501,81.41338348388672,81.38077545166016,288.0,0.041666666666666664
3502,1.594646239725411,1.6851619969540024,3502,81.49092864990234,81.45814514160156,288.0,0.03125
3503,2.2716833921933084,1.2415472268063803,3503,81.29017639160156,81.25704956054688,288.0,0.041666666666666664
3504,1.1493735335437758,1.2462263779699918,3504,77.6775894165039,77.64606475830078,288.0,0.03125
3505,0.2563278150530205,1.6104047387452307,3505,81.4476089477539,81.41529846191406,288.0,0.052083333333333336
3506,1.3223150794101726,0.974805070600099,3506,81.5172119140625,81.48377990722656,288.0,0.013888888888888888
3507,0.4926836841290643,0.9735890463263455,3507,78.72675323486328,78.6944351196289,288.0,0.041666666666666664
3508,1.6115169899214195,1.5408598875256376,3508,78.25358581542969,78.22217559814453,288.0,0.03125
3509,1.0999515135228906,1.7604996340257217,3509,81.445556640625,81.41232299804688,288.0,0.017361111111111112
3510,-0.2563727369259273,1.0943890214257892,3510,81.56027221679688,81.52754211425781,288.0,0.020833333333333332
3511,1.8140257898126602,1.4176174521898497,3511,81.04183197021484,81.00909423828125,288.0,0.020833333333333332
3512,0.8737735448783206,1.6937456719525377,3512,82.97389221191406,82.94031524658203,288.0,0.052083333333333336
3513,0.8847560857136412,1.340483452832874,3513,81.86787414550781,81.83473205566406,288.0,0.027777777777777776
3514,0.5429869618932748,1.0692434926842773,3514,79.32733154296875,79.29489135742188,288.0,0.03125
3515,1.5121014119449059,1.814333424548152,3515,82.88578033447266,82.8525390625,288.0,0.024305555555555556
3516,1.2628313314414013,1.1349139498695233,3516,82.31819152832031,82.28545379638672,288.0,0.03819444444444445
3517,1.3222993420372755,1.2640954032103404,3517,82.13429260253906,82.10108947753906,288.0,0.024305555555555556
3518,1.4219498369607633,1.531608100112304,3518,81.1544189453125,81.12200927734375,288.0,0.041666666666666664
3519,1.260497540446348,1.66287844256585,3519,81.64759826660156,81.61476135253906,288.0,0.03819444444444445
3520,0.7345942490863933,1.1741707060279607,3520,81.96551513671875,81.9322280883789,288.0,0.041666666666666664
3521,1.7928048493777493,1.1373515997251942,3521,81.49691772460938,81.46373748779297,288.0,0.010416666666666666
3522,1.378114152942167,1.5881078889326365,3522,82.08723449707031,82.05430603027344,288.0,0.03125
3523,1.5069375782485466,1.1102356899374053,3523,81.939453125,81.9060287475586,288.0,0.034722222222222224
3524,1.0170323405087944,1.8208809300899114,3524,82.86577606201172,82.83218383789062,288.0,0.041666666666666664
3525,1.4599657682651417,1.102146245810528,3525,80.33306884765625,80.30026245117188,288.0,0.034722222222222224
3526,1.3327655501531706,1.457869734169306,3526,84.13528442382812,84.10127258300781,288.0,0.034722222222222224
3527,1.137640139898842,1.035788336840303,3527,81.44136810302734,81.40818786621094,288.0,0.03819444444444445
3528,1.8129456557960006,1.512984817740825,3528,81.04566955566406,81.01254272460938,288.0,0.041666666666666664
3529,0.278942867049798,1.38133684987598,3529,81.44219207763672,81.40913391113281,288.0,0.027777777777777776
3530,1.365503446249745,1.6359377629766174,3530,81.85005950927734,81.8163833618164,288.0,0.027777777777777776
3531,1.7126796853457493,1.674073713210248,3531,82.5028076171875,82.46955108642578,288.0,0.017361111111111112
3532,1.9077096337719661,1.2548742990469812,3532,79.43570709228516,79.4034194946289,288.0,0.027777777777777776
3533,0.8582963553017944,1.315985961193261,3533,82.12124633789062,82.0875244140625,288.0,0.052083333333333336
3534,1.6570819215822752,0.8284844138959411,3534,81.6425552368164,81.60934448242188,288.0,0.024305555555555556
3535,1.922275943927138,1.3156430189800714,3535,77.8215103149414,77.7890625,288.0,0.034722222222222224
3536,1.3038596661351378,1.230913798785759,3536,77.246826171875,77.21487426757812,288.0,0.024305555555555556
3537,1.0771054418334742,1.807353003549614,3537,80.40534973144531,80.37272644042969,288.0,0.024305555555555556
3538,1.4548019273371695,1.1948134635233327,3538,79.4874267578125,79.4548110961914,288.0,0.017361111111111112
3539,2.5181668525975045,0.6762706406503056,3539,80.9166259765625,80.88371276855469,288.0,0.013888888888888888
3540,0.7799758498744347,1.1794112917602122,3540,80.74466705322266,80.71183776855469,288.0,0.027777777777777776
3541,0.41856827185886564,1.4461612235428793,3541,80.43299865722656,80.39973449707031,288.0,0.04513888888888889
3542,1.2921174332379526,1.5980616393168046,3542,83.15596008300781,83.12222290039062,288.0,0.024305555555555556
3543,2.2261501337888316,1.1677300625581755,3543,80.0303726196289,79.99798583984375,288.0,0.034722222222222224
3544,1.6285975004484845,1.5277573040557746,3544,80.57359313964844,80.54034423828125,288.0,0.024305555555555556
3545,1.254031149389361,0.712702028530799,3545,82.69554901123047,82.66148376464844,288.0,0.017361111111111112
3546,1.3526826697924723,1.3739887580346493,3546,80.48344421386719,80.45015716552734,288.0,0.041666666666666664
3547,1.3188401775532328,1.2787529913993338,3547,80.33938598632812,80.30648040771484,288.0,0.010416666666666666
3548,0.795629492811415,1.1036085659261716,3548,81.78021240234375,81.74716186523438,288.0,0.024305555555555556
3549,0.9227916772149908,1.4501731797144097,3549,80.18425750732422,80.15110778808594,288.0,0.034722222222222224
3550,1.671994864176983,1.7067191241376707,3550,81.68653869628906,81.65286254882812,288.0,0.024305555555555556
3551,1.5364038850943023,1.5472495909831436,3551,81.60627746582031,81.57313537597656,288.0,0.010416666666666666
3552,1.2050953263151394,1.2328826605319685,3552,81.49540710449219,81.46232604980469,288.0,0.024305555555555556
3553,0.9318774863644678,1.9503035448815718,3553,81.23588562011719,81.20214080810547,288.0,0.034722222222222224
3554,0.7313925570523404,1.5855988023061092,3554,78.43670654296875,78.40479278564453,288.0,0.024305555555555556
3555,1.162071050260965,1.454568172165377,3555,79.51737976074219,79.48519897460938,288.0,0.03819444444444445
3556,0.900507092659804,1.716980064290773,3556,81.35372924804688,81.32029724121094,288.0,0.027777777777777776
3557,2.051412306934148,1.3177396032331126,3557,82.35118103027344,82.31764221191406,288.0,0.024305555555555556
3558,0.7375150422710361,1.3300775838833199,3558,82.17572021484375,82.14212799072266,288.0,0.027777777777777776
3559,1.401114881964988,1.6052136620002042,3559,81.91824340820312,81.88485717773438,288.0,0.04513888888888889
3560,1.1334108711445785,0.9824932849068332,3560,79.29813385009766,79.26598358154297,288.0,0.024305555555555556
3561,1.4785359360489412,1.385115595883307,3561,80.96935272216797,80.93600463867188,288.0,0.017361111111111112
3562,1.3643053079625203,1.6026540568415102,3562,80.88268280029297,80.84944915771484,288.0,0.03125
3563,1.1751917380292725,1.6792891675461077,3563,82.52601623535156,82.49246215820312,288.0,0.03125
3564,0.9656580997298576,1.7239532826036648,3564,82.69258117675781,82.65927124023438,288.0,0.020833333333333332
3565,0.8084640403712506,1.8641046353555524,3565,79.79409790039062,79.7618408203125,288.0,0.03125
3566,1.2595925730431428,1.6165091910555183,3566,82.34583282470703,82.31246948242188,288.0,0.027777777777777776
3567,1.4337583231686584,1.1052967746959927,3567,81.67977142333984,81.64659118652344,288.0,0.04861111111111111
3568,1.82634845226024,1.462739717779616,3568,80.96591186523438,80.93328857421875,288.0,0.03125
3569,1.4266521174474058,1.6524916418169464,3569,81.92835998535156,81.89464569091797,288.0,0.04513888888888889
3570,1.6767983921869596,1.7614808302656897,3570,82.80278778076172,82.76925659179688,288.0,0.041666666666666664
3571,0.7835863168657223,1.0752747151579234,3571,81.98844146728516,81.9551010131836,288.0,0.027777777777777776
3572,2.132876606842133,0.9707312865944733,3572,81.08562469482422,81.05284118652344,288.0,0.010416666666666666
3573,1.2424062154576676,1.388105601240824,3573,80.91262817382812,80.87939453125,288.0,0.027777777777777776
3574,0.2668573769020544,0.6119217586069101,3574,82.11883544921875,82.08524322509766,288.0,0.020833333333333332
3575,1.8285999490882823,1.5087878635143586,3575,82.12566375732422,82.09178161621094,288.0,0.04513888888888889
3576,0.8065937528476879,1.1164143170530842,3576,80.38362121582031,80.35099029541016,288.0,0.027777777777777776
3577,0.20603635540401377,1.3562417748444593,3577,81.47755432128906,81.44427490234375,288.0,0.013888888888888888
3578,1.7121558315120127,1.5450356389943158,3578,82.2099838256836,82.17634582519531,288.0,0.020833333333333332
3579,0.38423998344001525,1.3932523191628008,3579,82.31472778320312,82.281005859375,288.0,0.024305555555555556
3580,1.593002868465982,1.5519477450780979,3580,79.25023651123047,79.21746063232422,288.0,0.027777777777777776
3581,1.8248754677054226,0.8547079055481586,3581,81.41960144042969,81.38626098632812,288.0,0.010416666666666666
3582,1.0477287409848155,0.8540446555498078,3582,80.8013916015625,80.76829528808594,288.0,0.010416666666666666
3583,1.4115467388453329,1.5540972042817711,3583,81.7742919921875,81.74099731445312,288.0,0.017361111111111112
3584,0.8438161225545469,0.8243971710973022,3584,81.86439514160156,81.83121490478516,288.0,0.013888888888888888
3585,1.2535849869923743,1.4722416535899883,3585,83.03036499023438,82.99627685546875,288.0,0.010416666666666666
3586,1.4446015175496099,1.0065700902009131,3586,79.67640686035156,79.64384460449219,288.0,0.017361111111111112
3587,1.058153999825726,1.9084620544035253,3587,82.51902770996094,82.48497772216797,288.0,0.017361111111111112
3588,1.3980373040387195,1.5493056053886356,3588,81.19331359863281,81.16033935546875,288.0,0.017361111111111112
3589,2.220297007620917,0.8401395673091213,3589,82.1098403930664,82.07665252685547,288.0,0.027777777777777776
3590,1.113102602368699,1.8882182844694375,3590,79.29373168945312,79.2610092163086,288.0,0.024305555555555556
3591,0.7980745150028459,0.9791308665289868,3591,78.21324157714844,78.18047332763672,288.0,0.034722222222222224
3592,1.5585962879467155,1.3556801176108106,3592,82.16842651367188,82.13501739501953,288.0,0.024305555555555556
3593,1.2053832616162918,1.5830739463017622,3593,82.30873107910156,82.27465057373047,288.0,0.024305555555555556
3594,1.305670208582553,1.1751260572920759,3594,80.60382843017578,80.57044219970703,288.0,0.013888888888888888
3595,1.5050883369847117,1.8137432185472877,3595,81.59523010253906,81.56158447265625,288.0,0.027777777777777776
3596,0.43253101816262823,1.3662881284011759,3596,82.55643463134766,82.52359008789062,288.0,0.017361111111111112
3597,1.9140216556899239,1.4294178448370227,3597,81.62017822265625,81.58700561523438,288.0,0.034722222222222224
3598,2.3537520458114725,0.8805513844528856,3598,80.12374877929688,80.09101867675781,288.0,0.024305555555555556
3599,1.3573610412178492,1.7827987908515721,3599,79.54570007324219,79.51290893554688,288.0,0.020833333333333332
3600,1.7487752710806899,1.18573708135792,3600,82.17135620117188,82.13743591308594,288.0,0.020833333333333332
3601,1.9260238024361342,1.2241865455378806,3601,79.9935302734375,79.96113586425781,288.0,0.027777777777777776
3602,0.35409807633013396,1.2895334770135776,3602,80.0164794921875,79.98377990722656,288.0,0.027777777777777776
3603,1.2930645923146489,1.1912955081912076,3603,81.0828628540039,81.04971313476562,288.0,0.027777777777777776
3604,1.7276283403185613,1.0646596349020132,3604,82.1548080444336,82.12116241455078,288.0,0.03819444444444445
3605,1.1582303361555255,1.8389069864965994,3605,80.85502624511719,80.82256317138672,288.0,0.034722222222222224
3606,0.15650922452124316,0.9044743479856755,3606,81.71849822998047,81.6856918334961,288.0,0.03819444444444445
3607,0.900640756945783,0.903754434698544,3607,82.75428771972656,82.72034454345703,288.0,0.010416666666666666
3608,1.2669911203814368,0.9866580295407373,3608,78.97303771972656,78.941162109375,288.0,0.020833333333333332
3609,0.9465417680897283,0.8581036971737664,3609,78.78418731689453,78.75142669677734,288.0,0.013888888888888888
3610,0.9691154142330275,1.3519291794853374,3610,82.85023498535156,82.81642150878906,288.0,0.03125
3611,1.5999060841037485,1.3554107190138824,3611,80.39167785644531,80.35884094238281,288.0,0.010416666666666666
3612,1.4584302658333206,1.1866830637107186,3612,80.57400512695312,80.54122161865234,288.0,0.024305555555555556
3613,0.7615456170572767,1.0981262108193526,3613,79.99885559082031,79.96633911132812,288.0,0.017361111111111112
3614,1.3347268541975998,1.5312536559091208,3614,78.07796478271484,78.0455093383789,288.0,0.010416666666666666
3615,1.5243905529075912,1.5741960126954013,3615,79.88707733154297,79.85449981689453,288.0,0.010416666666666666
3616,1.530232743047502,1.5539494795310693,3616,81.50863647460938,81.47484588623047,288.0,0.017361111111111112
3617,1.3744048122404204,1.6317699394931593,3617,81.5841064453125,81.55058288574219,288.0,0.041666666666666664
3618,1.4642717159855754,1.6553587321739303,3618,78.93265533447266,78.90100860595703,288.0,0.024305555555555556
3619,2.49188035092977,0.9124426862331405,3619,80.00791931152344,79.97481536865234,288.0,0.027777777777777776
3620,1.3718331743926737,1.1803292160392354,3620,76.5134048461914,76.48265075683594,288.0,0.013888888888888888
3621,1.2346963457460267,1.5519125522236943,3621,78.63787841796875,78.60596466064453,288.0,0.04513888888888889
3622,1.6267177183982855,1.4205961034145933,3622,79.2875747680664,79.25508117675781,288.0,0.03819444444444445
3623,0.7839837746260605,0.8358898259660779,3623,82.18559265136719,82.15189361572266,288.0,0.017361111111111112
3624,1.6286678448875669,1.3925745251798127,3624,80.17638397216797,80.14375305175781,288.0,0.04513888888888889
3625,1.133156792051957,1.0788145311887467,3625,79.1434555053711,79.11089324951172,288.0,0.013888888888888888
3626,1.0709982407297716,1.1995681455075253,3626,82.86151123046875,82.8281021118164,288.0,0.059027777777777776
3627,1.5465600771136403,0.719464943978955,3627,78.23207092285156,78.20084381103516,288.0,0.03125
3628,1.3260989219951709,1.7394594105877867,3628,79.26589965820312,79.23298645019531,288.0,0.03125
3629,1.314681448935602,1.8095234453510114,3629,81.07760620117188,81.04454040527344,288.0,0.017361111111111112
3630,1.0385453444577202,1.6536297488999232,3630,82.7598876953125,82.72660827636719,288.0,0.03125
3631,2.3933651309539368,0.8075685190085164,3631,82.6261215209961,82.59266662597656,288.0,0.020833333333333332
3632,1.829329976043279,1.2548559981857486,3632,78.53299713134766,78.50151062011719,288.0,0.013888888888888888
3633,0.48140969765390845,1.6472483087284127,3633,82.54049682617188,82.5071792602539,288.0,0.017361111111111112
3634,1.4725445549530656,1.4812815316872048,3634,81.95256042480469,81.91942596435547,288.0,0.024305555555555556
3635,0.6436271322002642,1.0656476075897712,3635,81.80375671386719,81.77050018310547,288.0,0.024305555555555556
3636,0.9857252183460083,1.4917356339917447,3636,78.44336700439453,78.41107177734375,288.0,0.024305555555555556
3637,0.950454584392709,1.2188485372579927,3637,80.46131896972656,80.42868041992188,288.0,0.013888888888888888
3638,0.3186384756894862,0.6154781571295114,3638,81.16403198242188,81.13143920898438,288.0,0.03125
3639,0.6871401030015788,1.3965637159012192,3639,80.8301010131836,80.79693603515625,288.0,0.010416666666666666
3640,0.9362006322449891,1.7632163355633659,3640,82.69737243652344,82.663818359375,288.0,0.03125
3641,2.1819674951529695,1.24965094277385,3641,80.5286865234375,80.4952163696289,288.0,0.024305555555555556
3642,1.4430657064676278,1.414123129560517,3642,80.83897399902344,80.80574035644531,288.0,0.017361111111111112
3643,0.8648133948841052,1.5370645471125035,3643,81.35189056396484,81.31877136230469,288.0,0.020833333333333332
3644,0.795840742684269,1.7741418802527646,3644,81.08317565917969,81.05025482177734,288.0,0.024305555555555556
3645,2.8426947661012303,0.2998788468370007,3645,81.59066009521484,81.55720520019531,288.0,0.013888888888888888
3646,1.2905683317687595,0.7751905546727532,3646,80.41761016845703,80.38490295410156,288.0,0.017361111111111112
3647,0.6656205319632733,1.03720764778305,3647,81.28556060791016,81.25277709960938,288.0,0.041666666666666664
3648,0.9653138829092328,0.7660045871597696,3648,82.00880432128906,81.97525787353516,288.0,0.024305555555555556
3649,1.8684666548107312,1.396620862951894,3649,76.45000457763672,76.41848754882812,288.0,0.034722222222222224
3650,1.3992415241559972,1.4579295502106357,3650,79.80448913574219,79.77230834960938,288.0,0.034722222222222224
3651,1.0002599915377575,1.1600353264257697,3651,79.73753356933594,79.70513153076172,288.0,0.03125
3652,1.3174311715093125,1.2816162308324526,3652,82.18876647949219,82.15504455566406,288.0,0.03125
3653,0.9589187930288617,1.7437204828056314,3653,81.54252624511719,81.50906372070312,288.0,0.017361111111111112
3654,1.2573095791748956,1.221090848095239,3654,81.30098724365234,81.26766204833984,288.0,0.020833333333333332
3655,1.697219555127648,1.2481343693137144,3655,80.68791961669922,80.65504455566406,288.0,0.020833333333333332
3656,1.0889648430528986,1.0001107719744842,3656,80.3949966430664,80.36177062988281,288.0,0.013888888888888888
3657,0.9964115415627811,1.322586759443146,3657,79.84258270263672,79.80970764160156,288.0,0.020833333333333332
3658,0.9817185754532294,1.4468679614172681,3658,81.50601959228516,81.47239685058594,288.0,0.052083333333333336
3659,1.1728950301601084,1.4298307397184973,3659,80.89897155761719,80.86569213867188,288.0,0.04513888888888889
3660,1.458583723629941,1.1222890185529821,3660,80.41593933105469,80.3832015991211,288.0,0.020833333333333332
3661,1.1363171803983239,1.2203181383718167,3661,80.19650268554688,80.16358947753906,288.0,0.03125
3662,1.572878637263788,1.640533586960231,3662,81.24321746826172,81.209716796875,288.0,0.03819444444444445
3663,1.1126032565425892,1.439878234413995,3663,80.56424713134766,80.53140258789062,288.0,0.024305555555555556
3664,1.1034716691653763,1.7484909012522298,3664,79.2935791015625,79.26036834716797,288.0,0.034722222222222224
3665,1.030078112097259,1.0009626743712916,3665,79.57601928710938,79.5430908203125,288.0,0.013888888888888888
3666,0.9065131812368605,1.2047189583641815,3666,79.64179229736328,79.60871887207031,288.0,0.024305555555555556
3667,1.9337301269839497,1.3890713131632775,3667,80.9124526977539,80.87889099121094,288.0,0.024305555555555556
3668,1.4178519635458,1.248292672672161,3668,81.57040405273438,81.5368423461914,288.0,0.03125
3669,1.1191044330268538,1.7719982323374743,3669,80.72557067871094,80.69223022460938,288.0,0.020833333333333332
3670,0.955947817635976,0.9207827641196907,3670,80.38467407226562,80.35139465332031,288.0,0.013888888888888888
3671,1.3984117359965478,1.5548490790859832,3671,77.6279296875,77.59529876708984,288.0,0.020833333333333332
3672,1.9176523316234588,1.6445513638440745,3672,81.3521499633789,81.31861114501953,288.0,0.027777777777777776
3673,1.4653228171440051,1.1628105543327625,3673,81.00920104980469,80.97608947753906,288.0,0.013888888888888888
3674,0.9568506350412532,1.6865860355937161,3674,81.90337371826172,81.86968994140625,288.0,0.03819444444444445
3675,1.3920249713425747,1.561715369881434,3675,80.64070892333984,80.60749816894531,288.0,0.04861111111111111
3676,1.125881526592548,1.4107811636608647,3676,81.17449951171875,81.14112854003906,288.0,0.010416666666666666
3677,1.3645571746577365,1.5433207000171343,3677,81.31977081298828,81.28645324707031,288.0,0.010416666666666666
3678,1.0528376031393425,1.3965844972684296,3678,76.95089721679688,76.91899108886719,288.0,0.020833333333333332
3679,0.8397613846538771,1.6131742296179548,3679,79.36432647705078,79.33146667480469,288.0,0.020833333333333332
3680,1.1566000876968507,0.9915362624011244,3680,80.50252532958984,80.46980285644531,288.0,0.010416666666666666
3681,0.8093724068818765,1.4247918936787878,3681,81.23442840576172,81.20075988769531,288.0,0.034722222222222224
3682,1.3678082219109473,1.5610110768149832,3682,79.97825622558594,79.94523620605469,288.0,0.034722222222222224
3683,0.8493541113532204,1.47630930237255,3683,82.43809509277344,82.4042739868164,288.0,0.020833333333333332
3684,0.7387093640082143,0.6506552874334607,3684,80.11347961425781,80.08065795898438,288.0,0.013888888888888888
3685,0.4080471146259321,1.2861915982275522,3685,80.64381408691406,80.6109619140625,288.0,0.03819444444444445
3686,0.8317036846407873,1.2676404432321111,3686,83.11672973632812,83.08261108398438,288.0,0.020833333333333332
3687,1.3151921906290402,1.7176224224821361,3687,81.76792907714844,81.7347640991211,288.0,0.017361111111111112
3688,1.1561365400432901,1.208560119669767,3688,81.69586181640625,81.66216278076172,288.0,0.013888888888888888
3689,1.1471513741196544,1.8803016589217978,3689,83.17411804199219,83.14042663574219,288.0,0.034722222222222224
3690,0.39453661388651223,1.2346024766608958,3690,80.36625671386719,80.33273315429688,288.0,0.03125
3691,1.8108997807320197,1.7328819890627485,3691,80.63108825683594,80.59829711914062,288.0,0.013888888888888888
3692,1.5914396669516178,1.5433022636318803,3692,83.09324645996094,83.0595474243164,288.0,0.027777777777777776
3693,1.2246330790624873,1.4925155277516489,3693,83.58931732177734,83.55500030517578,288.0,0.006944444444444444
3694,1.7951749009041411,1.5477988059597878,3694,78.88313293457031,78.85079956054688,288.0,0.017361111111111112
3695,1.0252899677893406,1.461645174834889,3695,82.52838134765625,82.49501037597656,288.0,0.017361111111111112
3696,0.6788600991399769,1.0588229030755336,3696,81.31423950195312,81.2812728881836,288.0,0.024305555555555556
3697,1.0471990421719213,1.292496084090287,3697,79.15185546875,79.11914825439453,288.0,0.04861111111111111
3698,0.9503132231046426,1.5320359308160025,3698,80.62922668457031,80.59609985351562,288.0,0.017361111111111112
3699,0.8518005693239818,1.787839761424737,3699,81.86650085449219,81.83342742919922,288.0,0.027777777777777776
3700,0.9164834089688072,1.1278799385023601,3700,82.90599060058594,82.87237548828125,288.0,0.027777777777777776
3701,1.091294781201695,1.226857652234597,3701,79.99370574951172,79.96146392822266,288.0,0.03125
3702,0.9827085662658399,0.9650737811334573,3702,82.31551361083984,82.2816162109375,288.0,0.017361111111111112
3703,0.8810592536298604,0.42595403304641183,3703,80.95086669921875,80.917724609375,288.0,0.006944444444444444
3704,2.657657766411683,0.7971735726776802,3704,81.21240234375,81.17939758300781,288.0,0.020833333333333332
3705,0.6507432633306807,1.5108913718190122,3705,82.55457305908203,82.52157592773438,288.0,0.017361111111111112
3706,0.9365931074313596,1.1111870257796004,3706,83.62918853759766,83.59519958496094,288.0,0.013888888888888888
3707,1.2467153417514445,1.5622739793715121,3707,82.42031860351562,82.38685607910156,288.0,0.024305555555555556
3708,1.3412008631881913,1.2060147659807827,3708,80.8032455444336,80.77034759521484,288.0,0.027777777777777776
3709,1.436463764784908,1.682817985481678,3709,81.13285827636719,81.09964752197266,288.0,0.024305555555555556
3710,0.48548518309743294,1.0333912952282078,3710,78.69931030273438,78.66690063476562,288.0,0.013888888888888888
3711,1.4411395690200335,1.427381244154569,3711,80.7608642578125,80.72795867919922,288.0,0.020833333333333332
3712,1.277112450649549,1.6574607879221583,3712,82.6205062866211,82.58662414550781,288.0,0.03125
3713,1.1175437969937587,1.6894369215473601,3713,80.41362762451172,80.38052368164062,288.0,0.006944444444444444
3714,1.049507120976709,1.2108128014186978,3714,79.46240234375,79.42993927001953,288.0,0.034722222222222224
3715,2.325237657481868,0.6602853141027154,3715,82.08613586425781,82.05284881591797,288.0,0.013888888888888888
3716,0.8162244504155775,1.7411802132218896,3716,82.42180633544922,82.38775634765625,288.0,0.03125
3717,1.5874042763559042,1.83008757607355,3717,81.34017181396484,81.30750274658203,288.0,0.013888888888888888
3718,0.7597430311090536,1.3864059894480618,3718,81.65026092529297,81.61732482910156,288.0,0.03125
3719,0.7257507952442688,1.6160416980847547,3719,79.5531005859375,79.52020263671875,288.0,0.041666666666666664
3720,1.4852159631849926,1.0834543267248675,3720,81.92137145996094,81.88804626464844,288.0,0.027777777777777776
3721,1.0281164741821425,1.2435326195743688,3721,80.75079345703125,80.71824645996094,288.0,0.024305555555555556
3722,1.8041327608816269,1.6608269310564574,3722,80.61224365234375,80.57937622070312,288.0,0.017361111111111112
3723,1.1314299980694382,1.7047786515860026,3723,81.00390625,80.9708251953125,288.0,0.03125
3724,0.8775830383740205,1.7224582533390096,3724,80.8437271118164,80.81089782714844,288.0,0.010416666666666666
3725,1.2628723950704954,1.4806274570130311,3725,81.43226623535156,81.39971923828125,288.0,0.034722222222222224
3726,1.0129476983915895,1.4136633605212514,3726,82.06995391845703,82.03694152832031,288.0,0.03819444444444445
3727,0.8636014020066739,1.4664812570967172,3727,80.93386840820312,80.90117645263672,288.0,0.017361111111111112
3728,1.885131561415324,1.0468556864595437,3728,81.74917602539062,81.71566009521484,288.0,0.03125
3729,0.9409714672425944,1.6766362624177327,3729,78.98159790039062,78.94883728027344,288.0,0.006944444444444444
3730,1.0244846320431182,1.8276806523675466,3730,80.82401275634766,80.79083251953125,288.0,0.020833333333333332
3731,0.2909797712281534,1.314327344886296,3731,82.6044692993164,82.57112121582031,288.0,0.020833333333333332
3732,0.8502024728694665,1.2825715541068867,3732,80.6806411743164,80.64796447753906,288.0,0.020833333333333332
3733,0.9481645616630338,1.655439898267551,3733,79.61853790283203,79.58557891845703,288.0,0.020833333333333332
3734,1.0159208042610028,0.9856431640380972,3734,80.86502838134766,80.83186340332031,288.0,0.010416666666666666
3735,1.4774745126401347,1.8004647884150462,3735,79.07953643798828,79.04730224609375,288.0,0.03819444444444445
3736,0.881947129024002,1.0647622940189754,3736,81.0664291381836,81.03385925292969,288.0,0.027777777777777776
3737,1.5109324640469504,1.740221185240313,3737,81.48491668701172,81.4515380859375,288.0,0.027777777777777776
3738,1.2119271521355075,1.2590079224797577,3738,80.92891693115234,80.8961181640625,288.0,0.027777777777777776
3739,1.5068832034189898,1.6864539842902404,3739,80.04940795898438,80.01701354980469,288.0,0.027777777777777776
3740,1.6640605331235758,1.550144126173414,3740,81.02070617675781,80.987548828125,288.0,0.03125
3741,1.6643437405331651,1.2878993690434941,3741,83.36322784423828,83.3291015625,288.0,0.017361111111111112
3742,2.0230134501321664,0.9381734900949256,3742,81.32215881347656,81.2894515991211,288.0,0.010416666666666666
3743,1.2707333226605944,1.5365445147941341,3743,80.93955993652344,80.90652465820312,288.0,0.034722222222222224
3744,1.3801025185920277,1.841756696106026,3744,81.78753662109375,81.75439453125,288.0,0.020833333333333332
3745,1.5981604021036948,1.7619552614851866,3745,79.71569061279297,79.6829833984375,288.0,0.024305555555555556
3746,1.2546708580267762,1.3064650214356788,3746,81.38328552246094,81.34989929199219,288.0,0.024305555555555556
3747,0.9310983790189913,1.6703124766433954,3747,80.97654724121094,80.9439697265625,288.0,0.03819444444444445
3748,1.3342108480100043,1.3665809626739018,3748,80.67018127441406,80.637451171875,288.0,0.017361111111111112
3749,1.1919064157687957,1.3722663760974196,3749,82.17525482177734,82.14220428466797,288.0,0.027777777777777776
3750,0.28785832860977956,1.1956668298641846,3750,81.87432861328125,81.84149169921875,288.0,0.03819444444444445
3751,1.3008868278665677,1.5198892620024782,3751,81.12540435791016,81.09199523925781,288.0,0.027777777777777776
3752,1.2269552179442391,1.5406711963410469,3752,81.80294036865234,81.76986694335938,288.0,0.024305555555555556
3753,0.8902412571554481,1.5098665651427443,3753,80.26173400878906,80.22904968261719,288.0,0.020833333333333332
3754,1.234441861028236,1.7391631122645796,3754,83.27647399902344,83.24285888671875,288.0,0.024305555555555556
3755,1.0792787304565228,1.8228200168695072,3755,80.97752380371094,80.94476318359375,288.0,0.03125
3756,1.1141539840654984,1.9040931694698686,3756,82.58078002929688,82.54641723632812,288.0,0.024305555555555556
3757,0.6564459115010529,1.2794977619358445,3757,81.16693878173828,81.13394165039062,288.0,0.020833333333333332
3758,1.0808286904163917,1.5390566067327767,3758,80.61544799804688,80.58281707763672,288.0,0.027777777777777776
3759,0.7206538176799844,1.1749343963110017,3759,80.708251953125,80.67530059814453,288.0,0.017361111111111112
3760,1.3713116789561097,1.830142693451129,3760,81.35985565185547,81.32649230957031,288.0,0.034722222222222224
3761,1.0580994711955598,1.193646263323823,3761,82.42958068847656,82.39566802978516,288.0,0.024305555555555556
3762,1.759207637852693,1.2345583432736882,3762,80.2398681640625,80.2067642211914,288.0,0.010416666666666666
3763,0.7325138279124107,1.6322911450432245,3763,79.40876007080078,79.37593078613281,288.0,0.03819444444444445
3764,1.7407898579796348,1.5477412887729036,3764,79.75749206542969,79.72529602050781,288.0,0.017361111111111112
3765,1.3737146838368492,1.3663554428533018,3765,81.00970458984375,80.97608184814453,288.0,0.020833333333333332
3766,1.2785374741259004,1.5654898199734837,3766,82.0606918334961,82.02694702148438,288.0,0.017361111111111112
3767,0.934474456079956,1.8843024073069918,3767,80.51290130615234,80.47991943359375,288.0,0.006944444444444444
3768,1.0207179896240681,1.1452662767690047,3768,81.74803161621094,81.71449279785156,288.0,0.03125
3769,0.6950953125799435,1.0825457810314496,3769,80.34197998046875,80.30912780761719,288.0,0.027777777777777776
3770,0.3924354213155667,1.6012749876568997,3770,80.2486572265625,80.2159423828125,288.0,0.020833333333333332
3771,0.8334732791152196,1.4407895401189357,3771,81.83660888671875,81.80320739746094,288.0,0.024305555555555556
3772,0.9237567316531953,1.2293964987985448,3772,83.01873779296875,82.98480224609375,288.0,0.03125
3773,1.423628262270803,1.4715253793739183,3773,81.28681945800781,81.25321197509766,288.0,0.027777777777777776
3774,0.5561214356046335,0.7586533464278404,3774,80.28248596191406,80.25010681152344,288.0,0.003472222222222222
3775,0.9643539086752315,1.8765864934351273,3775,81.53252410888672,81.49932861328125,288.0,0.027777777777777776
3776,1.1454144080870723,1.8963201007368897,3776,82.17317199707031,82.13937377929688,288.0,0.013888888888888888
3777,1.9736840572416439,1.394335191706497,3777,83.04395294189453,83.01040649414062,288.0,0.013888888888888888
3778,0.92774487092141,1.8648082164853863,3778,81.99835968017578,81.96561431884766,288.0,0.027777777777777776
3779,1.103299992931754,1.4025311348009792,3779,79.71939086914062,79.68714904785156,288.0,0.024305555555555556
3780,1.3321898238682717,0.9173434307401607,3780,80.60295104980469,80.56941223144531,288.0,0.013888888888888888
3781,1.0464261441206875,1.5559090280488534,3781,83.37518310546875,83.34127807617188,288.0,0.020833333333333332
3782,1.945806821659067,1.0633234132965428,3782,80.21240997314453,80.1795654296875,288.0,0.024305555555555556
3783,1.6594449536236948,1.3837225646607096,3783,81.76590728759766,81.73240661621094,288.0,0.034722222222222224
3784,2.263966281123645,1.0807390986948684,3784,82.58610534667969,82.55280303955078,288.0,0.010416666666666666
3785,1.3205258398413031,1.397348703797396,3785,82.41970825195312,82.38597106933594,288.0,0.03125
3786,0.27895075997695934,1.047171758983656,3786,82.59860229492188,82.56520080566406,288.0,0.010416666666666666
3787,1.3476028934540538,1.0278128719097037,3787,83.09901428222656,83.06547546386719,288.0,0.027777777777777776
3788,0.9664889166571761,1.1311908784466027,3788,84.00502014160156,83.9708480834961,288.0,0.034722222222222224
3789,1.0727757201743873,1.265448511888375,3789,80.07411193847656,80.0406723022461,288.0,0.020833333333333332
3790,1.4803631438300144,1.576574277384521,3790,82.18826293945312,82.154541015625,288.0,0.024305555555555556
3791,1.4226201374546577,1.7723471353100482,3791,79.96218872070312,79.92950439453125,288.0,0.027777777777777776
3792,0.941897814400206,1.0726364451710835,3792,80.51909637451172,80.48656463623047,288.0,0.017361111111111112
3793,0.29180667213731976,1.4471173792948708,3793,82.35662841796875,82.32342529296875,288.0,0.017361111111111112
3794,1.1424469103934891,1.2460226247871993,3794,79.64725494384766,79.61482238769531,288.0,0.020833333333333332
3795,0.8133841478786401,1.1134417713316382,3795,82.07911682128906,82.04568481445312,288.0,0.017361111111111112
3796,1.8336770749466627,1.401476075466956,3796,83.03388214111328,83.00032806396484,288.0,0.024305555555555556
3797,1.0523497794239787,1.8056008861354549,3797,82.31874084472656,82.28511047363281,288.0,0.027777777777777776
3798,0.8252011149268319,1.5644567270012926,3798,81.09169006347656,81.05870819091797,288.0,0.017361111111111112
3799,0.9628685298657543,1.1632388515815895,3799,81.72813415527344,81.69490051269531,288.0,0.024305555555555556
3800,1.050317049960379,1.356320199534772,3800,83.4307632446289,83.39725494384766,288.0,0.024305555555555556
3801,1.3370920267991508,1.7920093491160336,3801,81.94126892089844,81.90794372558594,288.0,0.027777777777777776
3802,1.286864308502613,1.5296187314991467,3802,83.88309478759766,83.84962463378906,288.0,0.020833333333333332
3803,1.1765346069989404,1.296746179892242,3803,83.18916320800781,83.1553955078125,288.0,0.034722222222222224
3804,1.349585763688086,1.398741700708968,3804,82.7422866821289,82.70899200439453,288.0,0.010416666666666666
3805,1.3740737590058434,1.0017037975599017,3805,82.42282104492188,82.38935089111328,288.0,0.006944444444444444
3806,0.8817518990512546,1.4779227200965603,3806,82.62242126464844,82.58917999267578,288.0,0.041666666666666664
3807,1.187924894523924,1.7997127497831695,3807,82.59455871582031,82.56057739257812,288.0,0.017361111111111112
3808,1.5834975570964125,1.0821713601666745,3808,81.31954193115234,81.2864990234375,288.0,0.024305555555555556
3809,1.3784898144742244,1.2674370861377218,3809,81.66215515136719,81.6295166015625,288.0,0.03125
3810,1.7212403081039627,1.5936211227762358,3810,81.46214294433594,81.42921447753906,288.0,0.03819444444444445
3811,1.3735022775848575,1.4342265366840934,3811,82.1195297241211,82.08659362792969,288.0,0.017361111111111112
3812,1.5869267142220354,1.39535041141163,3812,82.79266357421875,82.75907897949219,288.0,0.013888888888888888
3813,0.9338002088908195,1.0436792551887908,3813,82.37765502929688,82.34429931640625,288.0,0.017361111111111112
3814,0.8244590397296139,1.2597370008154407,3814,81.5278549194336,81.49481201171875,288.0,0.034722222222222224
3815,1.3454732391502244,1.2460684379205171,3815,81.51078796386719,81.47743225097656,288.0,0.03125
3816,1.2632209475961553,1.529018780082306,3816,83.28478240966797,83.25119018554688,288.0,0.027777777777777776
3817,1.4175637144015225,0.9945231242645243,3817,82.42518615722656,82.39186096191406,288.0,0.020833333333333332
3818,1.1810224799284537,1.3077162129061106,3818,81.17532348632812,81.1423110961914,288.0,0.020833333333333332
3819,1.7526014011643276,1.1536972807067576,3819,80.06243896484375,80.02935791015625,288.0,0.020833333333333332
3820,1.1114471081774624,1.2494103682523974,3820,77.91915893554688,77.88783264160156,288.0,0.03125
3821,1.2975919891972945,1.7860378407035007,3821,78.30879211425781,78.27677917480469,288.0,0.034722222222222224
3822,2.2601661759729987,1.2140968484542927,3822,79.79872131347656,79.76588439941406,288.0,0.010416666666666666
3823,0.8176646872733531,1.820189796272391,3823,83.23922729492188,83.20547485351562,288.0,0.024305555555555556
3824,1.4506303175128248,0.7133804788848674,3824,82.99674987792969,82.96322631835938,288.0,0.006944444444444444
3825,2.4238367653551154,0.6084853901630453,3825,82.01056671142578,81.97662353515625,288.0,0.010416666666666666
3826,1.807270223680006,1.2408121525129636,3826,81.45942687988281,81.42621612548828,288.0,0.024305555555555556
3827,0.8641073286571049,1.739345964841668,3827,82.05592346191406,82.02243041992188,288.0,0.013888888888888888
3828,1.3523025400740285,1.2615260590913195,3828,82.45464324951172,82.42118072509766,288.0,0.024305555555555556
3829,1.315864000935672,1.4379622529214393,3829,80.51724243164062,80.48493957519531,288.0,0.017361111111111112
3830,1.0559943107964536,1.8091269948862398,3830,81.72486877441406,81.69164276123047,288.0,0.024305555555555556
3831,1.154888842490043,1.4915890076200384,3831,81.19123840332031,81.15814208984375,288.0,0.03125
3832,1.1158550901597446,1.366700888263075,3832,78.25520324707031,78.22384643554688,288.0,0.03125
3833,0.9526382655529572,1.8065126143045984,3833,81.92716217041016,81.89387512207031,288.0,0.017361111111111112
3834,0.9152368461238845,1.5688751158063177,3834,78.90507507324219,78.87332916259766,288.0,0.027777777777777776
3835,0.8178121520907309,1.716752340964107,3835,82.2956314086914,82.2623291015625,288.0,0.020833333333333332
3836,1.7698166499351489,1.3332589871209028,3836,82.75165557861328,82.71826934814453,288.0,0.03819444444444445
3837,0.6643999571631991,1.3531107140917717,3837,81.30313873291016,81.26985168457031,288.0,0.041666666666666664
3838,0.8063300181820027,1.0103720788042092,3838,80.4283218383789,80.39515686035156,288.0,0.020833333333333332
3839,0.4084384270259052,1.288883654855003,3839,79.63919830322266,79.60710144042969,288.0,0.024305555555555556
3840,0.894097243095342,1.6212862451493002,3840,82.31390380859375,82.27977752685547,288.0,0.020833333333333332
3841,0.8569785087017263,0.9085816343035915,3841,81.48811340332031,81.45503997802734,288.0,0.034722222222222224
3842,0.5754988651414908,1.6918561124703972,3842,79.91297149658203,79.881103515625,288.0,0.010416666666666666
3843,1.0742242739973422,1.837493627028258,3843,81.494140625,81.46097564697266,288.0,0.024305555555555556
3844,1.0274770076789903,1.1804650065371662,3844,82.11089324951172,82.077392578125,288.0,0.024305555555555556
3845,0.8578361036054022,1.625959887895272,3845,80.47196197509766,80.43882751464844,288.0,0.027777777777777776
3846,1.148284189728189,1.1859593765030758,3846,81.91842651367188,81.88479614257812,288.0,0.024305555555555556
3847,1.030600490541086,1.1626636421042158,3847,80.40018463134766,80.36746215820312,288.0,0.010416666666666666
3848,0.10124599063053033,1.073657463614254,3848,82.18901062011719,82.15523529052734,288.0,0.006944444444444444
3849,1.139812736996039,0.9315149225489798,3849,83.229736328125,83.19576263427734,288.0,0.027777777777777776
3850,2.14038794212472,0.8774189843331838,3850,80.92332458496094,80.8902816772461,288.0,0.013888888888888888
3851,1.1203214218728959,0.5910408564854475,3851,77.93212127685547,77.90054321289062,288.0,0.013888888888888888
3852,1.0445676947812275,1.6346406987169602,3852,81.22076416015625,81.18754577636719,288.0,0.024305555555555556
3853,1.6008082688095955,1.700538800355265,3853,81.88909912109375,81.85531616210938,288.0,0.020833333333333332
3854,0.9512898238872434,1.836265853201345,3854,80.548095703125,80.51505279541016,288.0,0.024305555555555556
3855,1.2771958232566112,1.734236517038729,3855,79.66258239746094,79.62977600097656,288.0,0.03819444444444445
3856,0.9285298432975512,0.9415645758112516,3856,83.33972930908203,83.30591583251953,288.0,0.003472222222222222
3857,0.763761616941105,1.23970911902979,3857,82.88871765136719,82.8550796508789,288.0,0.024305555555555556
3858,1.7226225105293043,1.7724600068824954,3858,81.64045715332031,81.60707092285156,288.0,0.027777777777777776
3859,1.4322231483101868,1.2354818843490412,3859,81.32508850097656,81.29186248779297,288.0,0.013888888888888888
3860,0.05852466378208846,0.7600948512482844,3860,82.39901733398438,82.36551666259766,288.0,0.020833333333333332
3861,1.7210438061945474,1.1419167393284597,3861,81.4357681274414,81.4027099609375,288.0,0.024305555555555556
3862,0.2954896575959167,1.1395598389800505,3862,82.05180358886719,82.01836395263672,288.0,0.027777777777777776
3863,0.8841524622388621,1.3781607411602566,3863,82.32552337646484,82.29168701171875,288.0,0.024305555555555556
3864,1.3141781551597553,1.8260740529685628,3864,79.28387451171875,79.25141906738281,288.0,0.024305555555555556
3865,0.9180197364392595,1.1669680698766574,3865,80.2920150756836,80.25892639160156,288.0,0.010416666666666666
3866,1.3101796455283727,1.6691483344759153,3866,82.77641296386719,82.74273681640625,288.0,0.024305555555555556
3867,1.3028705178327944,0.9091445849344435,3867,82.90631866455078,82.87199401855469,288.0,0.03125
3868,1.3970664103756951,1.3673960826704918,3868,80.13311767578125,80.10023498535156,288.0,0.013888888888888888
3869,1.4146549858997366,1.2239447777956418,3869,80.20976257324219,80.17692565917969,288.0,0.017361111111111112
3870,0.7171611906823393,1.499045319947974,3870,82.4161376953125,82.38252258300781,288.0,0.027777777777777776
3871,1.0022239927132677,1.7643029104057093,3871,79.49299621582031,79.45983123779297,288.0,0.020833333333333332
3872,1.192688022918666,1.293701461680674,3872,81.69549560546875,81.66195678710938,288.0,0.013888888888888888
3873,1.8297652203738666,1.0087032690227276,3873,81.60066223144531,81.56761169433594,288.0,0.010416666666666666
3874,1.184775547050841,1.1000274765993643,3874,82.79704284667969,82.76292419433594,288.0,0.010416666666666666
3875,1.5230805097053917,1.7315792995649038,3875,82.79689025878906,82.76314544677734,288.0,0.013888888888888888
3876,0.977936797709137,1.2120374738316786,3876,80.76384735107422,80.73068237304688,288.0,0.003472222222222222
3877,1.3293615317126932,1.739081338915509,3877,82.06190490722656,82.02863311767578,288.0,0.03125
3878,0.1632524928265386,1.3258230824709354,3878,81.91192626953125,81.87867736816406,288.0,0.020833333333333332
3879,0.6995087344563458,1.337330748368788,3879,81.41964721679688,81.38644409179688,288.0,0.027777777777777776
3880,1.2516264745837473,1.2167622004199525,3880,81.41690063476562,81.3836898803711,288.0,0.020833333333333332
3881,2.4010447274715645,0.7261631578546683,3881,81.20816040039062,81.17501068115234,288.0,0.010416666666666666
3882,1.0285083897930194,1.2403925641697082,3882,80.01577758789062,79.98283386230469,288.0,0.024305555555555556
3883,1.4252411047131543,1.5717935117955408,3883,80.77772521972656,80.74515533447266,288.0,0.017361111111111112
3884,1.0307890483505584,1.2212552167090756,3884,82.18595886230469,82.15275573730469,288.0,0.020833333333333332
3885,1.4681695285578502,1.7569686240857783,3885,81.93446350097656,81.9010009765625,288.0,0.020833333333333332
3886,1.1377184857294036,1.8496643502365082,3886,80.89450073242188,80.86154174804688,288.0,0.027777777777777776
3887,0.883061940540308,1.5510265335695603,3887,81.78114318847656,81.74783325195312,288.0,0.027777777777777776
3888,0.7627803509584371,1.3466617092250168,3888,80.56746673583984,80.53468322753906,288.0,0.024305555555555556
3889,0.340406053288007,1.536708971840139,3889,82.30300903320312,82.26889038085938,288.0,0.020833333333333332
3890,1.3000590515725454,1.3746807250230901,3890,81.18450927734375,81.15087890625,288.0,0.020833333333333332
3891,0.953788749433935,1.2089500039488996,3891,82.40384674072266,82.37030792236328,288.0,0.020833333333333332
3892,0.4453964776698295,1.3526567802794298,3892,83.24444580078125,83.210693359375,288.0,0.024305555555555556
3893,1.2123592316084877,0.3724454153200533,3893,80.70986938476562,80.6766586303711,288.0,0.010416666666666666
3894,0.7616860563872235,1.5862591879932342,3894,80.33358764648438,80.30096435546875,288.0,0.03819444444444445
3895,1.6586851080260048,1.4608779004959693,3895,80.57943725585938,80.54664611816406,288.0,0.027777777777777776
3896,0.698136933274431,1.6376137538677178,3896,82.16552734375,82.13226318359375,288.0,0.024305555555555556
3897,0.17138021532879882,1.0761051017051773,3897,83.16929626464844,83.13595581054688,288.0,0.017361111111111112
3898,0.9339144691507061,0.8352860924869865,3898,82.10186767578125,82.06841278076172,288.0,0.013888888888888888
3899,0.6277111030829595,1.088573001844598,3899,82.84434509277344,82.8103256225586,288.0,0.017361111111111112
3900,0.2572715720203889,1.395194070264998,3900,83.15705871582031,83.12327575683594,288.0,0.013888888888888888
3901,1.1535086730001396,1.4723480702216443,3901,79.98971557617188,79.9570541381836,288.0,0.017361111111111112
3902,0.7965922951332277,0.8167238934027353,3902,80.6427230834961,80.60993957519531,288.0,0.017361111111111112
3903,0.42474508916485987,1.2929625699878524,3903,79.17780303955078,79.14530944824219,288.0,0.03125
3904,0.3890082177685319,1.165627699834251,3904,81.55852508544922,81.52552795410156,288.0,0.010416666666666666
3905,1.5623624907569358,1.7380361302418665,3905,81.55905151367188,81.52557373046875,288.0,0.027777777777777776
3906,0.7633151106019237,1.7122244358840313,3906,81.32855987548828,81.29493713378906,288.0,0.034722222222222224
3907,0.47056251824015505,0.9308683877896343,3907,82.6749038696289,82.64110565185547,288.0,0.013888888888888888
3908,1.3895822012629881,1.3556572912221045,3908,81.39895629882812,81.36553955078125,288.0,0.034722222222222224
3909,0.6104555706832573,1.323709135294512,3909,80.1008529663086,80.06753540039062,288.0,0.027777777777777776
3910,1.6989653320577751,1.6653517832254336,3910,81.28828430175781,81.25527954101562,288.0,0.006944444444444444
3911,1.1288794979885077,1.8047846589171226,3911,83.04273986816406,83.0096206665039,288.0,0.024305555555555556
3912,0.5884667714885656,1.2337389674702057,3912,81.43360900878906,81.4000473022461,288.0,0.013888888888888888
3913,1.0299058647731252,0.9190809253612687,3913,82.35297393798828,82.31925201416016,288.0,0.010416666666666666
3914,0.35207833705383373,0.8925670876006228,3914,80.873779296875,80.84056091308594,288.0,0.027777777777777776
3915,1.8936941523289326,1.4513087909171414,3915,80.99574279785156,80.96241760253906,288.0,0.03125
3916,0.9882226426772475,1.626409169117696,3916,81.58488464355469,81.55176544189453,288.0,0.03125
3917,1.3040151496183705,1.572935428867956,3917,81.02962493896484,80.99665832519531,288.0,0.003472222222222222
3918,1.0204086480027204,1.8425720370348535,3918,80.17095947265625,80.13817596435547,288.0,0.020833333333333332
3919,1.1830569384912077,1.7870445371703503,3919,79.82652282714844,79.79428100585938,288.0,0.020833333333333332
3920,0.7699413953182932,1.76170303805056,3920,78.49217987060547,78.46012878417969,288.0,0.03125
3921,0.7527329165496481,1.33549154121135,3921,82.26261901855469,82.22956848144531,288.0,0.006944444444444444
3922,1.302950640007417,0.7004837571762902,3922,81.77132415771484,81.73784637451172,288.0,0.024305555555555556
3923,1.1515710409612556,1.892542634240863,3923,82.31980895996094,82.28660583496094,288.0,0.024305555555555556
3924,1.1643846777779072,1.4757363909722951,3924,80.34107208251953,80.3078384399414,288.0,0.020833333333333332
3925,1.783470149531739,1.4485074966218652,3925,78.15535736083984,78.12364196777344,288.0,0.017361111111111112
3926,1.0613606928405976,1.3997001661053348,3926,78.74922180175781,78.71693420410156,288.0,0.013888888888888888
3927,0.5698903185149693,0.8763407961888475,3927,81.39553833007812,81.36305236816406,288.0,0.03125
3928,0.8975541704983357,1.6136361585527361,3928,83.281494140625,83.24771118164062,288.0,0.017361111111111112
3929,2.126097965082788,1.4073215244223587,3929,83.09349060058594,83.05990600585938,288.0,0.017361111111111112
3930,1.3753035811396286,1.294154186347556,3930,81.73696899414062,81.70372009277344,288.0,0.024305555555555556
3931,1.1204503833449475,1.8785116529695063,3931,83.96542358398438,83.93160247802734,288.0,0.027777777777777776
3932,1.2538016154416904,1.4172047718206675,3932,81.52537536621094,81.49299621582031,288.0,0.020833333333333332
3933,2.761519798091006,0.4611349147814726,3933,83.61579895019531,83.5821762084961,288.0,0.010416666666666666
3934,1.314822382475244,1.6110094498800498,3934,80.6999740600586,80.66725158691406,288.0,0.006944444444444444
3935,0.972250483685117,1.7593651256295235,3935,81.58417510986328,81.55175018310547,288.0,0.020833333333333332
3936,2.310607357220056,1.3271166053177326,3936,81.82035827636719,81.78766632080078,288.0,0.013888888888888888
3937,1.2676023819036812,0.8432822780358181,3937,81.16897583007812,81.1363525390625,288.0,0.010416666666666666
3938,1.1231101667355412,1.8133200829423135,3938,82.2231216430664,82.19044494628906,288.0,0.017361111111111112
3939,1.3878907115215489,1.7114893835093146,3939,81.13917541503906,81.10635375976562,288.0,0.010416666666666666
3940,1.4401371697534633,1.4413363596561484,3940,80.34848022460938,80.31623840332031,288.0,0.017361111111111112
3941,1.3606640235594174,0.715087998585574,3941,82.25640869140625,82.22317504882812,288.0,0.006944444444444444
3942,1.6993486047422819,1.0882714141562422,3942,83.21318054199219,83.17950439453125,288.0,0.027777777777777776
3943,1.1551371411636817,1.485072938319515,3943,79.5579833984375,79.52558898925781,288.0,0.03125
3944,1.1575029724167403,1.3843908699103802,3944,80.99468994140625,80.9625473022461,288.0,0.013888888888888888
3945,1.1605342983894664,1.4250571567784849,3945,80.8085708618164,80.77558135986328,288.0,0.010416666666666666
3946,1.5388648114592312,1.167933328481197,3946,79.73710632324219,79.70506286621094,288.0,0.03125
3947,1.04056527791042,1.5434202788963678,3947,79.88078308105469,79.84808349609375,288.0,0.017361111111111112
3948,1.1423009380376756,1.3981224758603754,3948,81.01451110839844,80.98164367675781,288.0,0.017361111111111112
3949,1.5288932564206967,1.5956952312708055,3949,82.32276916503906,82.28995513916016,288.0,0.006944444444444444
3950,0.6977329904947271,1.6250139089758293,3950,82.32109069824219,82.28756713867188,288.0,0.017361111111111112
3951,0.3191326442020534,0.8644035270678029,3951,81.35275268554688,81.319580078125,288.0,0.03819444444444445
3952,1.3377507994655398,1.1611465016585838,3952,81.73605346679688,81.70278930664062,288.0,0.017361111111111112
3953,0.9495255371264631,1.309294886088748,3953,78.7489242553711,78.71676635742188,288.0,0.034722222222222224
3954,0.7644117743205043,1.4421823986520834,3954,80.29574584960938,80.26297760009766,288.0,0.013888888888888888
3955,1.5352662110627213,1.1524165693732245,3955,80.37919616699219,80.34642028808594,288.0,0.006944444444444444
3956,0.6647691150192989,1.2311515273727924,3956,82.33354187011719,82.29993438720703,288.0,0.024305555555555556
3957,1.01308099759934,1.6114144231471228,3957,81.0549087524414,81.02214813232422,288.0,0.020833333333333332
3958,1.4023827990509639,1.0791718852103267,3958,80.22100067138672,80.18865203857422,288.0,0.017361111111111112
3959,1.679147966143197,1.612428832496682,3959,82.39183044433594,82.35807037353516,288.0,0.006944444444444444
3960,1.3870146059615953,1.6707510683177054,3960,80.19298553466797,80.1603775024414,288.0,0.017361111111111112
3961,0.7776453113511617,1.0470545588792477,3961,82.57373046875,82.54005432128906,288.0,0.027777777777777776
3962,1.2225639370810313,1.342700232390157,3962,81.03111267089844,80.99819946289062,288.0,0.006944444444444444
3963,1.184196782437172,0.7642187375361073,3963,79.11509704589844,79.08226013183594,288.0,0.017361111111111112
3964,1.6161790221771604,1.630082598258953,3964,79.69880676269531,79.66647338867188,288.0,0.03819444444444445
3965,0.7776815508130072,0.3841311953203129,3965,83.11042785644531,83.07633972167969,288.0,0.006944444444444444
3966,0.48683172501888106,0.9001489745092555,3966,79.51065063476562,79.47810363769531,288.0,0.017361111111111112
3967,0.5461791549200385,1.350319698959604,3967,81.87982940673828,81.84677124023438,288.0,0.017361111111111112
3968,1.0410185525967879,1.4680278176733201,3968,82.73419952392578,82.7008056640625,288.0,0.020833333333333332
3969,1.197856417423055,1.673374521218569,3969,82.44540405273438,82.41217041015625,288.0,0.017361111111111112
3970,0.7661109949055523,0.9338993002544183,3970,78.5973892211914,78.56463623046875,288.0,0.017361111111111112
3971,1.4777029079600246,1.8456104598132055,3971,80.23408508300781,80.20111083984375,288.0,0.03125
3972,0.3649801017311067,0.9784699668846769,3972,82.0134048461914,81.9798583984375,288.0,0.027777777777777776
3973,1.5858069263334933,1.5174199826630965,3973,82.06292724609375,82.02925109863281,288.0,0.020833333333333332
3974,0.6570593897743979,1.5682591900865197,3974,81.84068298339844,81.80751037597656,288.0,0.013888888888888888
3975,1.3470696079884843,1.2975230029313658,3975,82.0876693725586,82.0538330078125,288.0,0.017361111111111112
3976,0.830780606257327,1.537021369074117,3976,82.09669494628906,82.06330871582031,288.0,0.017361111111111112
3977,1.1891557489721696,1.4915709987539025,3977,81.64108276367188,81.60790252685547,288.0,0.020833333333333332
3978,1.1696483072762112,1.8740460132544907,3978,82.65018463134766,82.6168212890625,288.0,0.017361111111111112
3979,0.6752123631782103,1.6317427236927622,3979,79.78826141357422,79.75495910644531,288.0,0.013888888888888888
3980,0.92824963461124,0.9831902999450025,3980,80.96195220947266,80.92909240722656,288.0,0.024305555555555556
3981,1.0294128661098265,1.5327028485165248,3981,82.15065002441406,82.1173095703125,288.0,0.017361111111111112
3982,1.0539741236738616,1.040728053787123,3982,82.39177703857422,82.3585433959961,288.0,0.024305555555555556
3983,0.730501784956598,1.1207804747015397,3983,82.15428161621094,82.120849609375,288.0,0.024305555555555556
3984,0.5367994864761827,1.5261924685563573,3984,81.5284423828125,81.49497985839844,288.0,0.041666666666666664
3985,1.2887428062049482,1.0685594525646795,3985,82.44749450683594,82.41366577148438,288.0,0.017361111111111112
3986,0.8312511209613478,0.7238255459440526,3986,81.07862091064453,81.04583740234375,288.0,0.017361111111111112
3987,0.27698253446360466,1.1694568304725588,3987,81.41122436523438,81.3779296875,288.0,0.020833333333333332
3988,1.1371036833831925,1.2096707997444793,3988,82.16111755371094,82.12757110595703,288.0,0.020833333333333332
3989,0.8747557006915954,1.8036781915136393,3989,82.90788269042969,82.87408447265625,288.0,0.020833333333333332
3990,0.8680681071594868,0.6009233225971828,3990,80.31904602050781,80.28633117675781,288.0,0.006944444444444444
3991,0.5148076363518861,1.609927186584346,3991,83.63534545898438,83.60151672363281,288.0,0.013888888888888888
3992,0.9207862708864248,1.3211581413086937,3992,82.09214782714844,82.05911254882812,288.0,0.013888888888888888
3993,0.9143960461110036,1.5415701343331032,3993,80.73919677734375,80.70626831054688,288.0,0.017361111111111112
3994,0.565453320647639,1.586266883252659,3994,81.62325286865234,81.59010314941406,288.0,0.03125
3995,0.7024524754830495,1.4573275567896327,3995,83.20743560791016,83.17377471923828,288.0,0.017361111111111112
3996,0.558644366746154,0.6363175863560776,3996,81.72834777832031,81.69506072998047,288.0,0.013888888888888888
3997,0.9163800990904755,0.8121230212475148,3997,83.45687866210938,83.42327880859375,288.0,0.013888888888888888
3998,0.9356465594604215,1.2986908913777047,3998,82.77458190917969,82.74093627929688,288.0,0.020833333333333332
3999,0.6187858350693316,0.7387867449558513,3999,81.94574737548828,81.9119644165039,288.0,0.013888888888888888
