,mean_episode_rewards,std_episode_rewards,episodes,Q_values_policy,Q_values_target,steps,action_randomness
0,-1.5300027258952806,1.6913038878404436,0,1.3420323133468628,0.7599227428436279,288.0,0.9479166666666666
1,-1.8975296784832294,1.4508697509693396,1,0.9993178844451904,0.3610863983631134,288.0,0.9375
2,-1.7322724905582492,1.554264353167144,2,0.9105180501937866,0.2810707688331604,288.0,0.9513888888888888
3,-1.4175504804427552,1.793413342387628,3,1.071692705154419,0.3032553791999817,288.0,0.9513888888888888
4,-1.9464242505828036,1.39943302754176,4,0.9943759441375732,0.34695470333099365,288.0,0.9548611111111112
5,-1.5365908209864814,1.7434770982991046,5,1.1376118659973145,0.42309385538101196,288.0,0.9270833333333334
6,-1.2522253458230197,1.8738775110178563,6,1.3243470191955566,0.5739909410476685,288.0,0.96875
7,-1.64974261919187,1.633989373776854,7,1.4769353866577148,0.6564244031906128,288.0,0.9409722222222222
8,-1.7975328600866374,1.564131504062468,8,1.6036657094955444,0.8123151659965515,288.0,0.9375
9,-1.3450175190330356,1.7928544590614222,9,1.7808648347854614,1.0009117126464844,288.0,0.9375
10,-1.914748268028893,1.4022902994451025,10,1.8707195520401,1.1005747318267822,288.0,0.9444444444444444
11,-1.448679921185783,1.772899597992154,11,2.0207347869873047,1.180605411529541,288.0,0.9479166666666666
12,-1.8342908124833432,1.3937440965401549,12,2.1571390628814697,1.4465017318725586,288.0,0.9479166666666666
13,-1.7420274141015475,1.5733670617922135,13,2.5057520866394043,1.7392756938934326,288.0,0.9444444444444444
14,-1.7228498588642367,1.6019039585087689,14,2.540487289428711,1.8144690990447998,288.0,0.9513888888888888
15,-1.6256928375834994,1.73088766592158,15,2.6361606121063232,1.9975836277008057,288.0,0.9618055555555556
16,-1.3786425835104557,1.751439277924176,16,2.7945380210876465,2.1295440196990967,288.0,0.9409722222222222
17,-1.5633775977352087,1.6388225687740035,17,3.1950523853302,2.348926067352295,288.0,0.9583333333333334
18,-1.6329423449573877,1.446264863015772,18,3.191953659057617,2.478478193283081,288.0,0.9201388888888888
19,-1.7411785209743031,1.569764436328918,19,3.5410518646240234,2.8343122005462646,288.0,0.9409722222222222
20,-1.7684113579458487,1.5616242704770384,20,3.678335428237915,2.958125114440918,288.0,0.9479166666666666
21,-1.7080723071751343,1.546401115960857,21,3.8345119953155518,3.054591178894043,288.0,0.9305555555555556
22,-1.846363168616513,1.4900591247334045,22,3.9004759788513184,3.2270283699035645,288.0,0.9166666666666666
23,-1.539319893377337,1.6308246616587125,23,4.118432998657227,3.3395962715148926,288.0,0.9305555555555556
24,-1.5225483644015532,1.609916113663262,24,4.1998419761657715,3.5718021392822266,288.0,0.9131944444444444
25,-1.2015309382566153,1.79634210562977,25,4.57865047454834,3.803274631500244,288.0,0.90625
26,-1.2120659292988418,1.8506584735225704,26,4.901527404785156,4.222639083862305,288.0,0.9340277777777778
27,-1.1133525424733985,1.8234898604255723,27,4.966818809509277,4.208137512207031,288.0,0.9236111111111112
28,-1.1659414107689408,1.788341388101477,28,5.321046829223633,4.492459774017334,288.0,0.9097222222222222
29,-1.5143977229313579,1.7660172028519885,29,5.351552963256836,4.587764263153076,288.0,0.9236111111111112
30,-1.4788204734585824,1.638086985628663,30,5.647509574890137,4.894260883331299,288.0,0.9236111111111112
31,-1.7175517417055994,1.4787748863663248,31,5.863975524902344,5.101192951202393,288.0,0.9305555555555556
32,-1.6776079826566592,1.4791569054726466,32,6.1405839920043945,5.370508193969727,288.0,0.9270833333333334
33,-1.238058566816252,1.8565299674574445,33,6.382176399230957,5.52731990814209,288.0,0.9375
34,-0.9094333359932906,1.8575147709098532,34,6.649477481842041,5.845391750335693,288.0,0.8993055555555556
35,-1.2727865827668128,1.7902553288953391,35,6.493528366088867,5.739283084869385,288.0,0.8784722222222222
36,-1.467222246227699,1.767069401501889,36,6.788812160491943,6.0181355476379395,288.0,0.8993055555555556
37,-1.3847352758151636,1.7742484777396303,37,7.481638431549072,6.652511119842529,288.0,0.90625
38,-1.6411942159381678,1.5297600436805272,38,7.430958271026611,6.530673503875732,288.0,0.9027777777777778
39,-1.466632824991427,1.7138642752262738,39,7.476511001586914,6.577001571655273,288.0,0.8993055555555556
40,-1.660454978770056,1.6500531420486648,40,7.729274749755859,6.975276470184326,288.0,0.9236111111111112
41,-1.36108756353248,1.723819918339145,41,8.199182510375977,7.381564140319824,288.0,0.9305555555555556
42,-1.8482858462252376,1.4979616451069198,42,8.404559135437012,7.531221866607666,288.0,0.9270833333333334
43,-1.4639496292092429,1.6808335750902914,43,8.584299087524414,7.784419536590576,288.0,0.9305555555555556
44,-1.4116742489304694,1.7363168920290029,44,9.195868492126465,8.188325881958008,288.0,0.9305555555555556
45,-1.4413892116120233,1.6771635104521012,45,9.366655349731445,8.419482231140137,288.0,0.8993055555555556
46,-1.2842847602561969,1.7913192466017578,46,9.235584259033203,8.349470138549805,288.0,0.9166666666666666
47,-1.0448835945102002,1.7729800152191955,47,9.916288375854492,8.848311424255371,288.0,0.8819444444444444
48,-1.137198594649036,1.863358914547471,48,10.369083404541016,9.320951461791992,288.0,0.9131944444444444
49,-1.5586913551476755,1.5350544602010525,49,10.603315353393555,9.60840129852295,288.0,0.90625
50,-1.51945969162872,1.7258751054169852,50,10.648151397705078,9.63511848449707,288.0,0.8993055555555556
51,-1.6700137942460798,1.6662767253128807,51,10.751852989196777,9.682744026184082,288.0,0.8958333333333334
52,-1.2682313425131446,1.8051994250000571,52,11.24134635925293,10.325933456420898,288.0,0.90625
53,-1.1605252239624018,1.780934022847661,53,11.494159698486328,10.314056396484375,288.0,0.8958333333333334
54,-1.3515166936187402,1.6659339964506494,54,11.404068946838379,10.384568214416504,288.0,0.8888888888888888
55,-1.318423899266215,1.7464602904745985,55,12.42314338684082,11.277894973754883,288.0,0.8854166666666666
56,-1.3208689341611517,1.7779202464740897,56,12.448604583740234,11.32773208618164,288.0,0.8958333333333334
57,-1.8134023191409427,1.4526266738592224,57,13.009798049926758,11.845166206359863,288.0,0.8819444444444444
58,-1.6551440981092442,1.4419861334511272,58,13.406511306762695,12.37263011932373,288.0,0.9097222222222222
59,-1.491152390889381,1.5597417720377107,59,13.51476764678955,12.375138282775879,288.0,0.8854166666666666
60,-1.2176451490090956,1.8396283027995282,60,13.57919692993164,12.51976203918457,288.0,0.8888888888888888
61,-0.9560721777865326,1.932298757325194,61,14.39088249206543,13.08809757232666,288.0,0.8784722222222222
62,-0.843569053510927,1.8425438855610734,62,14.629128456115723,13.309645652770996,288.0,0.8576388888888888
63,-1.3795733568246413,1.6417000109444424,63,14.499553680419922,13.337403297424316,288.0,0.8888888888888888
64,-1.8221688203502795,1.4552653153031814,64,15.668243408203125,14.341045379638672,288.0,0.9097222222222222
65,-1.4263653594036845,1.5292430214911406,65,15.956884384155273,14.647299766540527,288.0,0.8854166666666666
66,-1.242701466013103,1.7340628468437018,66,15.568312644958496,14.355999946594238,288.0,0.8819444444444444
67,-1.1952490962540923,1.8136508644373794,67,15.825400352478027,14.540404319763184,288.0,0.8854166666666666
68,-1.0920243022396068,1.9198236477135482,68,16.90800666809082,15.510802268981934,288.0,0.8784722222222222
69,-1.6107357275883127,1.5162953432252346,69,17.443248748779297,16.069164276123047,288.0,0.8402777777777778
70,-1.300540507989962,1.7055337212556931,70,17.80685043334961,16.474990844726562,288.0,0.9409722222222222
71,-1.4026780132661745,1.7870684726726864,71,18.146400451660156,16.713590621948242,288.0,0.8993055555555556
72,-1.2778134029960209,1.7100370425059304,72,18.734214782714844,17.201549530029297,288.0,0.8993055555555556
73,-1.1745607486126584,1.868602161115559,73,18.802940368652344,17.337047576904297,288.0,0.8888888888888888
74,-1.3046252897298452,1.706554584710358,74,19.585540771484375,18.01957130432129,288.0,0.8680555555555556
75,-1.4705784729571565,1.6160050100227952,75,19.38806915283203,17.95540428161621,288.0,0.8854166666666666
76,-1.6015793430367207,1.5060095367452966,76,19.954402923583984,18.42249298095703,288.0,0.90625
77,-1.4978460480870859,1.520761969440037,77,20.352313995361328,18.7261962890625,288.0,0.875
78,-1.5275165649043272,1.6456431253872326,78,21.573055267333984,19.899250030517578,288.0,0.8506944444444444
79,-1.6863680486191415,1.4655424074615753,79,21.851224899291992,20.18071937561035,288.0,0.8611111111111112
80,-1.1488187966454038,1.7741086619222453,80,22.368804931640625,20.58511734008789,288.0,0.8923611111111112
81,-1.3268114493922814,1.7391545440432472,81,22.030818939208984,20.346418380737305,288.0,0.8888888888888888
82,-1.5945849763255555,1.6060071210026021,82,23.044435501098633,21.18416404724121,288.0,0.8854166666666666
83,-1.4074946543573976,1.6551138022447895,83,23.904205322265625,22.074567794799805,288.0,0.8715277777777778
84,-1.5220962362902033,1.6123096420505003,84,24.235149383544922,22.323389053344727,288.0,0.8854166666666666
85,-1.7204853093771946,1.4843157837296415,85,24.36733627319336,22.46737289428711,288.0,0.875
86,-0.920940124715365,1.946511276323682,86,25.452289581298828,23.371816635131836,288.0,0.8645833333333334
87,-0.836895086206879,1.9262360598523365,87,26.235694885253906,24.08899688720703,288.0,0.8645833333333334
88,-1.9838810174204022,1.3545247492836139,88,26.327991485595703,24.357730865478516,288.0,0.9201388888888888
89,-1.8422255400665932,1.4436744222192197,89,27.1227970123291,24.939102172851562,288.0,0.8958333333333334
90,-1.5296246784731442,1.527407908919478,90,28.72823715209961,26.566856384277344,288.0,0.8541666666666666
91,-1.6816940112294558,1.5582448018853536,91,28.243989944458008,26.04425621032715,288.0,0.8506944444444444
92,-1.5855386048338278,1.596202274237683,92,29.010169982910156,26.83291244506836,288.0,0.8923611111111112
93,-1.5264312426284228,1.5437840175817692,93,28.07369613647461,25.912229537963867,288.0,0.8784722222222222
94,-1.6087469395432026,1.6954154815293692,94,30.7343807220459,28.307723999023438,288.0,0.8680555555555556
95,-1.9148167388923742,1.3699940679307618,95,32.05973815917969,29.780620574951172,288.0,0.8923611111111112
96,-1.2662674793697508,1.8650927154162855,96,31.21673583984375,28.786832809448242,288.0,0.84375
97,-1.2320214944309464,1.7678166665705193,97,32.97885513305664,30.446077346801758,288.0,0.8784722222222222
98,-1.4550330679563013,1.6817560543936836,98,33.53925323486328,30.996543884277344,288.0,0.8680555555555556
99,-1.4207207690074055,1.764657549540946,99,33.85274124145508,31.365253448486328,288.0,0.8263888888888888
100,-1.7137644371513805,1.526158969937093,100,34.47019958496094,31.960914611816406,288.0,0.8194444444444444
101,-1.3980745106440975,1.7839350765597648,101,35.976776123046875,33.274845123291016,288.0,0.8819444444444444
102,-1.6930231750048097,1.6690832040611658,102,37.17811584472656,34.308563232421875,288.0,0.8784722222222222
103,-0.8077500314540904,1.9047534859555169,103,38.689395904541016,35.5565185546875,288.0,0.9166666666666666
104,-1.785661772135774,1.4179020268048979,104,37.170501708984375,34.27005386352539,288.0,0.875
105,-1.4457532744422505,1.8892592302222635,105,38.8565673828125,35.606353759765625,288.0,0.8888888888888888
106,-1.740239018471736,1.4217057731951046,106,39.805442810058594,36.71299362182617,288.0,0.8229166666666666
107,-1.8799016312705252,1.4380531748817926,107,41.45627212524414,38.268680572509766,288.0,0.8506944444444444
108,-1.2426439438656192,1.8845491730857709,108,42.17222213745117,39.066192626953125,288.0,0.8333333333333334
109,-1.7949118623627167,1.3914828074701007,109,42.445411682128906,39.39393615722656,288.0,0.84375
110,-1.7873355057325482,1.4640053558877195,110,43.576595306396484,40.246437072753906,288.0,0.8715277777777778
111,-1.3541355224098988,1.8565617627275703,111,44.3055534362793,40.97801971435547,288.0,0.8611111111111112
112,-1.3933708091701138,1.811723950810775,112,45.797386169433594,42.28651809692383,288.0,0.8368055555555556
113,-1.9669767797540578,1.3736048728645043,113,47.93902587890625,43.97724533081055,288.0,0.8715277777777778
114,-1.5992858054043322,1.7609295159261416,114,48.717308044433594,44.638816833496094,288.0,0.8923611111111112
115,-1.816328036908425,1.5524351370299307,115,48.96132278442383,44.89262008666992,288.0,0.84375
116,-1.8219542423740869,1.404584258045703,116,50.65685272216797,46.57697296142578,288.0,0.8923611111111112
117,-1.7547597958859988,1.6032676195048918,117,51.80577087402344,47.76477813720703,288.0,0.8576388888888888
118,-1.9181359708401244,1.5209026166828188,118,52.34331512451172,48.101078033447266,288.0,0.8958333333333334
119,-1.996889781667045,1.617777947238766,119,54.42988586425781,50.0928840637207,288.0,0.8020833333333334
120,-1.9295970707311294,1.542138961154282,120,55.36868667602539,50.99913024902344,288.0,0.8611111111111112
121,-1.3998198258657115,1.8952104709279056,121,57.348968505859375,52.872825622558594,288.0,0.8159722222222222
122,-1.9201518705703637,1.5546531635079783,122,57.834144592285156,53.580963134765625,288.0,0.8541666666666666
123,-1.7378189774417292,1.6907728376454567,123,58.691654205322266,54.65085983276367,288.0,0.8298611111111112
124,-1.831302988454702,1.489291438080503,124,61.34773254394531,56.83002471923828,288.0,0.8333333333333334
125,-1.7012763823157497,1.512919635133052,125,60.62544250488281,56.38432693481445,288.0,0.8576388888888888
126,-1.602031072605036,1.7806262581353278,126,62.0694465637207,57.51899719238281,288.0,0.8125
127,-1.5716118119963123,1.7406360978475848,127,63.90160369873047,59.14887237548828,288.0,0.84375
128,-1.5792820369518905,1.8079591735554197,128,66.1467514038086,61.26218795776367,288.0,0.8506944444444444
129,-1.9694667110928252,1.3863099333391367,129,67.22441864013672,62.338165283203125,288.0,0.84375
130,-1.5953896867251522,1.7703873175570923,130,67.65550231933594,62.85041809082031,288.0,0.8125
131,-1.8774793962018208,1.5086104458989151,131,70.08381652832031,65.2828369140625,288.0,0.8090277777777778
132,-1.8988166564207363,1.6756266675626477,132,71.39850616455078,66.57144165039062,288.0,0.7881944444444444
133,-1.730172198406772,1.6531357715814827,133,72.33570861816406,67.86980438232422,288.0,0.8298611111111112
134,-1.8472450799846716,1.7518208778548676,134,73.82765197753906,69.37438201904297,288.0,0.8333333333333334
135,-1.85308980189736,1.4728557155696709,135,76.29402160644531,71.75189971923828,288.0,0.8506944444444444
136,-1.8954670054521463,1.6030172238198575,136,75.11051177978516,70.73103332519531,288.0,0.8368055555555556
137,-1.6873267673176195,1.6256464897933494,137,78.08301544189453,73.754150390625,288.0,0.7986111111111112
138,-1.9771147298537575,1.4603140943575545,138,77.96995544433594,73.89019775390625,288.0,0.7638888888888888
139,-1.95955550585015,1.410457720493106,139,80.67445373535156,76.18011474609375,288.0,0.8194444444444444
140,-2.0765128066513636,1.3711073598428731,140,80.93609619140625,76.53392791748047,288.0,0.84375
141,-1.9569145067107543,1.444138407737711,141,83.62997436523438,79.00634002685547,288.0,0.8472222222222222
142,-1.8420453067406197,1.5306879075410127,142,83.8974609375,79.16038513183594,288.0,0.8125
143,-1.8595886430378838,1.6332879057557301,143,86.58953857421875,81.77084350585938,288.0,0.8298611111111112
144,-1.674404837433368,1.7610075456356264,144,85.15271759033203,80.50422668457031,288.0,0.8194444444444444
145,-2.0605644676154546,1.5146471333240044,145,86.8359603881836,82.11659240722656,288.0,0.7916666666666666
146,-1.5145098766079341,1.8704330440843162,146,88.47048950195312,83.98246765136719,288.0,0.8020833333333334
147,-1.666214536679305,1.7555908840481442,147,88.22119903564453,83.90095520019531,288.0,0.8402777777777778
148,-2.03073348198444,1.502264037990175,148,91.55413818359375,87.39078521728516,288.0,0.7847222222222222
149,-1.8281394879511825,1.5755048574919337,149,92.95121765136719,88.7432861328125,288.0,0.8229166666666666
150,-1.2489678855725568,1.860147561336738,150,95.05890655517578,90.92887878417969,288.0,0.7847222222222222
151,-2.0853600770014475,1.5006056698335712,151,94.26872253417969,90.22004699707031,288.0,0.8194444444444444
152,-1.9851004677117716,1.436634359979942,152,95.82328796386719,91.87879943847656,288.0,0.8125
153,-2.3742332402786235,1.2220421578237763,153,97.39500427246094,93.53279113769531,288.0,0.8506944444444444
154,-1.660394821125439,1.7439790025668147,154,98.97245025634766,95.0682144165039,288.0,0.7916666666666666
155,-2.134120702592431,1.4245368885380014,155,99.58550262451172,95.65775299072266,288.0,0.8159722222222222
156,-1.4929903714685986,1.8304544102313143,156,101.24989318847656,97.36283874511719,288.0,0.8125
157,-1.800990822601857,1.5562329560955748,157,100.09689331054688,96.3855209350586,288.0,0.8020833333333334
158,-1.7903864472388828,1.5834782791440893,158,105.19436645507812,101.20887756347656,288.0,0.8263888888888888
159,-1.7233876827382144,1.7361349367367784,159,106.00538635253906,102.0131607055664,288.0,0.7638888888888888
160,-1.421718311360348,1.8851438374816738,160,107.22124481201172,103.22209167480469,288.0,0.8194444444444444
161,-1.900295120879511,1.5583149948226542,161,105.83744049072266,101.83958435058594,288.0,0.8229166666666666
162,-1.733090365294822,1.612048164451953,162,106.72138214111328,102.70405578613281,288.0,0.8055555555555556
163,-1.8536703885970798,1.6502579707737093,163,110.06265258789062,106.01727294921875,288.0,0.7743055555555556
164,-2.140517408722146,1.3590281536139364,164,109.3356704711914,105.51414489746094,288.0,0.8263888888888888
165,-1.5584286648149206,1.786377963070332,165,110.33316040039062,106.67100524902344,288.0,0.8402777777777778
166,-2.049616998315924,1.4426967583049572,166,111.79991912841797,107.96361541748047,288.0,0.7951388888888888
167,-2.0411709427653455,1.3284686678627402,167,112.45429992675781,108.65003967285156,288.0,0.84375
168,-1.4651116712275487,1.8403132473356432,168,112.29208374023438,108.53447723388672,288.0,0.8576388888888888
169,-1.4813911996143874,1.8902054166773081,169,114.38916778564453,110.70361328125,288.0,0.8020833333333334
170,-2.018911482357516,1.4699440208360233,170,115.801025390625,112.12458801269531,288.0,0.8194444444444444
171,-1.9344809779277148,1.5805604383921648,171,115.59791564941406,111.9263916015625,288.0,0.8125
172,-1.6225649402697,1.7527787051961008,172,118.72889709472656,114.94451904296875,288.0,0.8159722222222222
173,-1.9543090755637857,1.4282740781987997,173,118.7677001953125,115.11419677734375,288.0,0.78125
174,-2.2248732332710563,1.336467542705392,174,120.71078491210938,117.11199951171875,288.0,0.8020833333333334
175,-2.0603390564950956,1.37252681706566,175,120.87759399414062,117.45046997070312,288.0,0.8090277777777778
176,-1.8805863555457774,1.6040186453336014,176,120.46705627441406,117.09970092773438,288.0,0.7777777777777778
177,-1.6457059473397533,1.887989809757786,177,122.30723571777344,118.91547393798828,288.0,0.75
178,-1.8009603049616456,1.5955040592789989,178,124.91162872314453,121.54389953613281,288.0,0.8020833333333334
179,-1.9478536771952935,1.4646562265614484,179,124.59864807128906,121.38555908203125,288.0,0.8159722222222222
180,-1.7091277433074152,1.706873150034608,180,123.63607025146484,120.53878784179688,288.0,0.8020833333333334
181,-2.0352183861553397,1.5232438260801069,181,127.77413177490234,124.60519409179688,288.0,0.7743055555555556
182,-1.768038280258064,1.7118432918372406,182,126.56709289550781,123.456787109375,288.0,0.8055555555555556
183,-1.9999629330627766,1.537110632195314,183,126.88893127441406,123.87484741210938,288.0,0.7604166666666666
184,-1.72400688032482,1.7257224797018014,184,131.02084350585938,128.001708984375,288.0,0.7986111111111112
185,-1.7831010554484692,1.7193257513609785,185,129.00399780273438,126.06385803222656,288.0,0.7916666666666666
186,-2.258673217091595,1.2852193124891824,186,130.79757690429688,127.77377319335938,288.0,0.7569444444444444
187,-1.3581173011856644,1.8770889285075318,187,130.94261169433594,127.91577911376953,288.0,0.7986111111111112
188,-1.7807212882757284,1.6965083217287935,188,132.19577026367188,129.17433166503906,288.0,0.7673611111111112
189,-1.5714445382573283,1.6784305203583543,189,129.82550048828125,126.94415283203125,288.0,0.8506944444444444
190,-1.8157468387620754,1.6193821110902997,190,133.98406982421875,131.03717041015625,288.0,0.7951388888888888
191,-2.0825231326832983,1.4662975529884719,191,135.19583129882812,132.25146484375,288.0,0.75
192,-2.058787869275288,1.4510052819212158,192,136.76486206054688,133.89340209960938,288.0,0.8055555555555556
193,-1.7932607034727717,1.5174915278548609,193,137.3267059326172,134.5226287841797,288.0,0.78125
194,-2.0735407279591467,1.4643969143340119,194,136.7391357421875,133.99649047851562,288.0,0.8125
195,-1.6586178919366776,1.7660319914299143,195,135.82615661621094,133.14358520507812,288.0,0.7916666666666666
196,-1.7567487327694407,1.7531947504876937,196,137.06607055664062,134.48989868164062,288.0,0.8090277777777778
197,-1.743904239000365,1.713076056818662,197,136.81756591796875,134.27841186523438,288.0,0.7951388888888888
198,-2.0733394296042706,1.5114144065436763,198,140.53036499023438,137.96337890625,288.0,0.7916666666666666
199,-2.0695474397568145,1.4847912600287505,199,139.37030029296875,136.86639404296875,288.0,0.7708333333333334
200,-1.5846878588051534,1.7256918121652265,200,141.82322692871094,139.40606689453125,288.0,0.7916666666666666
201,-1.5275859428990755,1.8083751032215971,201,142.5072479248047,140.1439208984375,288.0,0.7777777777777778
202,-1.7924164568714605,1.5805553916371877,202,141.92991638183594,139.54888916015625,288.0,0.7256944444444444
203,-2.073156816551272,1.3858825851554757,203,141.1566619873047,138.812255859375,288.0,0.7673611111111112
204,-2.0166361031258164,1.5043939485318545,204,144.33554077148438,141.95266723632812,288.0,0.7673611111111112
205,-2.05919748182932,1.5255361789747255,205,145.2539825439453,142.88507080078125,288.0,0.7569444444444444
206,-1.7836065382296207,1.6438609320724185,206,144.6779022216797,142.38026428222656,288.0,0.71875
207,-1.72686942830215,1.7252581625463166,207,146.36209106445312,144.10125732421875,288.0,0.7604166666666666
208,-1.9574443452336168,1.5641269789091052,208,144.40451049804688,142.20782470703125,288.0,0.7638888888888888
209,-1.7053706865841316,1.7561878808845144,209,144.14378356933594,142.0800018310547,288.0,0.7708333333333334
210,-1.7534103759956847,1.7184701045866397,210,145.70834350585938,143.73866271972656,288.0,0.7604166666666666
211,-1.9838138144083475,1.4630980192049685,211,150.28778076171875,148.31884765625,288.0,0.7534722222222222
212,-2.243340313085146,1.3264968824650922,212,150.34384155273438,148.43601989746094,288.0,0.7673611111111112
213,-1.9050499478565155,1.4872583118841716,213,147.51095581054688,145.70712280273438,288.0,0.7847222222222222
214,-2.2256019162089533,1.4005818544518303,214,149.49627685546875,147.7490234375,288.0,0.7569444444444444
215,-1.874165865730046,1.5771732470367508,215,146.7014923095703,145.0196990966797,288.0,0.7743055555555556
216,-2.0015298860356108,1.5017135715346734,216,148.87503051757812,147.2290496826172,288.0,0.7534722222222222
217,-2.052870492535403,1.5250666312299477,217,148.9615020751953,147.3289794921875,288.0,0.7638888888888888
218,-1.9093530702610282,1.6868128839950403,218,145.96145629882812,144.365234375,288.0,0.7569444444444444
219,-1.9628063981700308,1.4326553547637169,219,152.06820678710938,150.41294860839844,288.0,0.7465277777777778
220,-2.206128113658717,1.316846512149518,220,152.53753662109375,150.904052734375,288.0,0.7708333333333334
221,-1.8583967080140136,1.695512236182326,221,151.89712524414062,150.28433227539062,288.0,0.7534722222222222
222,-1.7442762972424037,1.670881447207152,222,153.89749145507812,152.28457641601562,288.0,0.7569444444444444
223,-2.1659014614864853,1.4003306331279346,223,151.59957885742188,150.0579376220703,288.0,0.7256944444444444
224,-1.7990383008690816,1.707567436101878,224,154.13821411132812,152.64608764648438,288.0,0.7222222222222222
225,-1.832418457176885,1.707153151193333,225,153.11668395996094,151.7015380859375,288.0,0.8194444444444444
226,-2.1021471684814923,1.4643053498377758,226,147.6322479248047,146.28115844726562,288.0,0.7291666666666666
227,-1.688788181579122,1.6767756880620146,227,155.60301208496094,154.23484802246094,288.0,0.7291666666666666
228,-2.0250049338281473,1.581500636589308,228,156.233642578125,154.8835906982422,288.0,0.7638888888888888
229,-1.7314312296364582,1.7386583397703377,229,149.9813232421875,148.71160888671875,288.0,0.7222222222222222
230,-2.0653367679129815,1.498765545797975,230,158.421142578125,157.11944580078125,288.0,0.7395833333333334
231,-1.4603553191673753,1.898031172240388,231,156.79788208007812,155.53854370117188,288.0,0.8020833333333334
232,-1.9021591348913442,1.5863834658203708,232,152.17881774902344,150.9777069091797,288.0,0.7361111111111112
233,-1.535082567120063,1.8441630461358745,233,149.60194396972656,148.480712890625,288.0,0.7256944444444444
234,-1.6832097859068789,1.7648649891247619,234,154.5350341796875,153.4404296875,288.0,0.7986111111111112
235,-1.799424210134964,1.6931214172976088,235,156.6927032470703,155.61338806152344,288.0,0.7638888888888888
236,-1.558733947780267,1.8206358926057349,236,157.00277709960938,155.95361328125,288.0,0.7534722222222222
237,-2.0420371454996604,1.558406140719938,237,152.34820556640625,151.38714599609375,288.0,0.7673611111111112
238,-2.1154141992721596,1.3792909059553593,238,158.78172302246094,157.82955932617188,288.0,0.7291666666666666
239,-1.934688134256569,1.6462965972491959,239,157.72413635253906,156.78866577148438,288.0,0.7361111111111112
240,-2.28485918083763,1.3264833799970641,240,158.59402465820312,157.68624877929688,288.0,0.7256944444444444
241,-2.022212506966501,1.516301591754807,241,158.08770751953125,157.21266174316406,288.0,0.7604166666666666
242,-2.210932301159924,1.2945461733090218,242,157.32470703125,156.48965454101562,288.0,0.6944444444444444
243,-2.0867398137923243,1.4384034074925645,243,158.62191772460938,157.81460571289062,288.0,0.7326388888888888
244,-2.298937869917827,1.2526846047554108,244,158.04974365234375,157.28118896484375,288.0,0.7534722222222222
245,-2.0976806855703622,1.4384896638779145,245,157.72756958007812,156.98704528808594,288.0,0.7708333333333334
246,-1.445024213753722,1.9632936167073411,246,157.96966552734375,157.22279357910156,288.0,0.7638888888888888
247,-1.8211049491934301,1.70422412525905,247,155.784423828125,155.04183959960938,288.0,0.7361111111111112
248,-2.2623367427204273,1.3231474310228166,248,158.49501037597656,157.75425720214844,288.0,0.7048611111111112
249,-2.0294888466592207,1.5474893476058853,249,160.219482421875,159.477783203125,288.0,0.7430555555555556
250,-1.4171290994955923,1.9757536333490728,250,159.95123291015625,159.22621154785156,288.0,0.7673611111111112
251,-1.6502399653301643,1.824632553015108,251,161.44776916503906,160.74725341796875,288.0,0.7673611111111112
252,-2.2811034870846845,1.2973507349532831,252,162.59854125976562,161.93096923828125,288.0,0.7361111111111112
253,-2.3603029406348135,1.24394845937558,253,162.62728881835938,161.97947692871094,288.0,0.7430555555555556
254,-2.2085472181406334,1.346751894851171,254,154.3695068359375,153.7713165283203,288.0,0.7430555555555556
255,-2.1840746986746407,1.4444007208601743,255,163.2493896484375,162.63973999023438,288.0,0.7569444444444444
256,-2.0949574426003235,1.5529434446464836,256,162.6022491455078,162.01724243164062,288.0,0.7291666666666666
257,-2.030090818130051,1.5381654080642098,257,157.75253295898438,157.2042694091797,288.0,0.7604166666666666
258,-2.170762713001486,1.493153165173266,258,164.5552215576172,163.99966430664062,288.0,0.7395833333333334
259,-1.855506153724289,1.7364163035105376,259,162.4649200439453,161.93417358398438,288.0,0.7395833333333334
260,-2.101707294165332,1.4966058671088118,260,160.738525390625,160.2332763671875,288.0,0.7152777777777778
261,-1.9765120310948947,1.4470992944586616,261,163.3447265625,162.84506225585938,288.0,0.6840277777777778
262,-1.5945942796483068,1.758583577694146,262,161.2894287109375,160.80996704101562,288.0,0.7430555555555556
263,-2.292017751272666,1.2977044358655265,263,162.57186889648438,162.1099090576172,288.0,0.7465277777777778
264,-1.5396178821767765,1.8707252701988295,264,164.1292724609375,163.67398071289062,288.0,0.7465277777777778
265,-1.9804024667417144,1.5842774254153347,265,163.77743530273438,163.3407745361328,288.0,0.7395833333333334
266,-2.1882324631224965,1.4801134840660575,266,163.2327880859375,162.80239868164062,288.0,0.7291666666666666
267,-2.160820927179648,1.3315795911267418,267,162.18496704101562,161.77037048339844,288.0,0.7465277777777778
268,-1.833767631458088,1.6068293783880834,268,163.11798095703125,162.70391845703125,288.0,0.7326388888888888
269,-2.078905416150597,1.4428721339863528,269,163.1680908203125,162.77554321289062,288.0,0.7083333333333334
270,-2.0848776256488475,1.4799001068509787,270,162.52586364746094,162.1339111328125,288.0,0.6944444444444444
271,-2.062671927513371,1.4983591220316659,271,164.78787231445312,164.40988159179688,288.0,0.7152777777777778
272,-2.1725774192132823,1.3206510413180212,272,165.25396728515625,164.8798370361328,288.0,0.7777777777777778
273,-2.0143589800962363,1.5918364941230865,273,166.3025360107422,165.92254638671875,288.0,0.6909722222222222
274,-1.9282435710759032,1.6340932448783667,274,162.5238037109375,162.1548614501953,288.0,0.7152777777777778
275,-2.082201273889196,1.4097604107568757,275,163.91567993164062,163.55123901367188,288.0,0.7222222222222222
276,-2.123733995112225,1.4760795345409203,276,158.837646484375,158.48876953125,288.0,0.7465277777777778
277,-1.8754880113495729,1.6348776776590421,277,163.47560119628906,163.12918090820312,288.0,0.6875
278,-2.0473521656264544,1.5905743445967802,278,164.8831329345703,164.5386199951172,288.0,0.7222222222222222
279,-1.9288786098511994,1.6216265189988186,279,161.21145629882812,160.8830108642578,288.0,0.7673611111111112
280,-1.853911264357046,1.7132552702483486,280,159.3204345703125,159.00375366210938,288.0,0.7361111111111112
281,-1.7651914055260691,1.7459541382989796,281,160.10621643066406,159.7884521484375,288.0,0.7430555555555556
282,-2.236131261078713,1.2939253266647102,282,164.2788848876953,163.9619598388672,288.0,0.7361111111111112
283,-1.7813456891025043,1.6584024427443018,283,166.2981719970703,165.98130798339844,288.0,0.7465277777777778
284,-1.9922497385961933,1.494270190542147,284,159.88140869140625,159.58316040039062,288.0,0.7118055555555556
285,-2.055446251354251,1.5788594879446505,285,157.4436492919922,157.16604614257812,288.0,0.7118055555555556
286,-1.741120685601694,1.761443330434902,286,164.3720245361328,164.091796875,288.0,0.7083333333333334
287,-2.026348440951188,1.452729566197333,287,163.4736785888672,163.20858764648438,288.0,0.6875
288,-2.2274677871364297,1.2945825098143242,288,166.91595458984375,166.6573486328125,288.0,0.71875
289,-2.0961917355730315,1.4543204798504805,289,162.57742309570312,162.33340454101562,288.0,0.75
290,-1.9159169789440584,1.5157746030564572,290,166.2406768798828,165.99441528320312,288.0,0.6736111111111112
291,-2.068271070640642,1.5597548664736987,291,164.99842834472656,164.7649383544922,288.0,0.6875
292,-1.8614254650926902,1.685965169313888,292,164.7998046875,164.57164001464844,288.0,0.7430555555555556
293,-2.3271416758922343,1.258607196979306,293,165.62005615234375,165.3971405029297,288.0,0.7256944444444444
294,-2.002263763039408,1.635377038845895,294,168.01979064941406,167.79898071289062,288.0,0.71875
295,-2.196115314494053,1.4471314499852919,295,165.16024780273438,164.95013427734375,288.0,0.6805555555555556
296,-2.2556146128666015,1.339427895964241,296,165.0849151611328,164.88546752929688,288.0,0.6909722222222222
297,-1.9677154414240492,1.6007790293721624,297,159.95794677734375,159.76577758789062,288.0,0.6840277777777778
298,-1.5575212936371037,1.745267153645039,298,166.12692260742188,165.93606567382812,288.0,0.6909722222222222
299,-2.143738222429966,1.3672882023467037,299,165.64382934570312,165.45758056640625,288.0,0.6944444444444444
300,-1.8694830901080632,1.6075134332939875,300,161.78070068359375,161.5993194580078,288.0,0.7291666666666666
301,-1.345325601199729,1.8794504800003333,301,158.59201049804688,158.4195556640625,288.0,0.6666666666666666
302,-1.837553638173702,1.5690044222492288,302,164.0181427001953,163.84918212890625,288.0,0.6215277777777778
303,-2.058957974105199,1.5470479871019216,303,164.70492553710938,164.5419464111328,288.0,0.7222222222222222
304,-1.715940092842506,1.700579808557542,304,165.35028076171875,165.19056701660156,288.0,0.6909722222222222
305,-1.4753080046113922,1.8768366524018705,305,163.99452209472656,163.83828735351562,288.0,0.6840277777777778
306,-1.971530398855643,1.5767765736172712,306,167.76959228515625,167.61337280273438,288.0,0.7395833333333334
307,-1.4278411496591719,1.7867588719674035,307,167.2303924560547,167.07635498046875,288.0,0.6631944444444444
308,-1.5707772580560273,1.8917414987252734,308,166.89163208007812,166.7445068359375,288.0,0.6875
309,-1.9877524255515782,1.5375796424583597,309,160.5215301513672,160.38272094726562,288.0,0.7222222222222222
310,-2.1530971524565135,1.4766927513018093,310,168.1080322265625,167.96493530273438,288.0,0.7326388888888888
311,-2.0809542691569605,1.563625117504485,311,166.39859008789062,166.2584228515625,288.0,0.6909722222222222
312,-1.5617673404213157,1.8715597109154374,312,165.21633911132812,165.08004760742188,288.0,0.7222222222222222
313,-2.121950359490231,1.3910650092071868,313,162.51385498046875,162.38409423828125,288.0,0.65625
314,-1.8708123007626491,1.5761357526746993,314,165.06805419921875,164.9420166015625,288.0,0.6493055555555556
315,-1.976799607931503,1.6318529315381791,315,161.47152709960938,161.35140991210938,288.0,0.6597222222222222
316,-1.8284915113606897,1.636131909640707,316,166.621826171875,166.50167846679688,288.0,0.7048611111111112
317,-1.8753686647344745,1.6827645099094584,317,164.51498413085938,164.39834594726562,288.0,0.6527777777777778
318,-2.133772901595803,1.4284336125325516,318,167.4981689453125,167.38348388671875,288.0,0.7291666666666666
319,-1.6657232608361632,1.7765859316685866,319,156.88526916503906,156.77703857421875,288.0,0.6909722222222222
320,-2.009357862617105,1.4623378111070713,320,164.98947143554688,164.88064575195312,288.0,0.7083333333333334
321,-1.4090066170411082,1.8749446152628892,321,167.38182067871094,167.27313232421875,288.0,0.6736111111111112
322,-1.8842908750050305,1.6665579374115962,322,166.76675415039062,166.66204833984375,288.0,0.6840277777777778
323,-1.8712395713544256,1.6636682795810611,323,166.33041381835938,166.22972106933594,288.0,0.6701388888888888
324,-1.6454101285978275,1.8666360928783947,324,165.1898956298828,165.09304809570312,288.0,0.6979166666666666
325,-1.8281178253454984,1.7369558502098497,325,166.18533325195312,166.09149169921875,288.0,0.7048611111111112
326,-1.5601071618711277,1.771637411061385,326,167.63304138183594,167.5409393310547,288.0,0.6527777777777778
327,-1.9914853067106095,1.4670614621226643,327,166.26083374023438,166.17359924316406,288.0,0.6527777777777778
328,-2.1048673410450847,1.4390290858980845,328,167.23048400878906,167.14443969726562,288.0,0.7048611111111112
329,-1.749505130822412,1.7775631726912289,329,165.04248046875,164.9604949951172,288.0,0.71875
330,-2.1224833832222876,1.3689711761455043,330,166.136474609375,166.0540771484375,288.0,0.6597222222222222
331,-1.9194952832262646,1.6419356719538891,331,169.30648803710938,169.2253875732422,288.0,0.7013888888888888
332,-2.1344101105327735,1.4318798367366343,332,166.21351623535156,166.13543701171875,288.0,0.6805555555555556
333,-1.8672443396066885,1.6412035639452869,333,164.38436889648438,164.30770874023438,288.0,0.6875
334,-1.7580787421158193,1.770731938935992,334,167.06375122070312,166.98678588867188,288.0,0.6736111111111112
335,-1.839866221560492,1.6773432942762436,335,168.10093688964844,168.02381896972656,288.0,0.6840277777777778
336,-2.151037366178971,1.480229467500704,336,164.40432739257812,164.32958984375,288.0,0.65625
337,-2.162696748124449,1.3226138508564194,337,164.93026733398438,164.85629272460938,288.0,0.6388888888888888
338,-2.1473139606055414,1.3583089686811807,338,164.22279357910156,164.14907836914062,288.0,0.6736111111111112
339,-2.0923280169150607,1.5090737706134252,339,165.8514404296875,165.778076171875,288.0,0.6875
340,-1.822239712192501,1.6614451277802085,340,167.38397216796875,167.31027221679688,288.0,0.7048611111111112
341,-1.9734285789119497,1.5822296253007482,341,165.40965270996094,165.33721923828125,288.0,0.7083333333333334
342,-2.168763557980913,1.3218831935415323,342,165.62258911132812,165.55059814453125,288.0,0.6388888888888888
343,-2.296305909728736,1.315067254550763,343,166.92922973632812,166.85641479492188,288.0,0.6979166666666666
344,-2.1763281200441327,1.2749455742899785,344,167.7385711669922,167.66552734375,288.0,0.6180555555555556
345,-2.188878694344115,1.4538221523124333,345,167.49522399902344,167.42227172851562,288.0,0.6493055555555556
346,-1.89811364002323,1.6766018547105115,346,167.6519775390625,167.5800018310547,288.0,0.6979166666666666
347,-2.1886211297599774,1.3293674242012938,347,165.87254333496094,165.8023681640625,288.0,0.6805555555555556
348,-1.9408015872657787,1.6121174435697556,348,166.99139404296875,166.92115783691406,288.0,0.7152777777777778
349,-1.5113246576960266,1.8724799642334884,349,166.5897216796875,166.52044677734375,288.0,0.6701388888888888
350,-1.6996184770019553,1.8165515486467947,350,163.21327209472656,163.14512634277344,288.0,0.6805555555555556
351,-2.042516105987628,1.4951726756337724,351,169.04359436035156,168.97280883789062,288.0,0.6944444444444444
352,-1.8152411796104921,1.684093420401345,352,168.61282348632812,168.54345703125,288.0,0.6701388888888888
353,-2.093622790758492,1.4186089375571083,353,167.386962890625,167.31906127929688,288.0,0.6493055555555556
354,-1.7424027689003547,1.7919374816897669,354,166.02847290039062,165.96240234375,288.0,0.6631944444444444
355,-2.273213224677191,1.3486260166808774,355,167.4698028564453,167.4036102294922,288.0,0.7118055555555556
356,-1.4276992229973182,1.865613367863807,356,168.82684326171875,168.7601318359375,288.0,0.6319444444444444
357,-1.9655473190618165,1.545938867220003,357,167.30612182617188,167.24075317382812,288.0,0.6493055555555556
358,-1.8117622679911902,1.607303610922888,358,159.77366638183594,159.7113037109375,288.0,0.6423611111111112
359,-2.020215725099592,1.679165269932702,359,166.4691925048828,166.40371704101562,288.0,0.6597222222222222
360,-1.4061965027092593,1.8996242558605074,360,167.3306427001953,167.26446533203125,288.0,0.7048611111111112
361,-2.0751987000821543,1.415151480198992,361,164.16014099121094,164.09718322753906,288.0,0.6944444444444444
362,-2.1189346302738117,1.4534156894044303,362,164.84226989746094,164.778564453125,288.0,0.6423611111111112
363,-2.0923643001367953,1.420525071254628,363,161.90269470214844,161.84011840820312,288.0,0.6180555555555556
364,-2.027611674921656,1.533172002253994,364,164.44114685058594,164.37852478027344,288.0,0.6979166666666666
365,-2.317725079225186,1.26504666339371,365,167.96405029296875,167.9005126953125,288.0,0.7048611111111112
366,-2.099627593843918,1.458184746381236,366,168.80654907226562,168.7423095703125,288.0,0.625
367,-2.1376154341576443,1.4676541136743688,367,166.28567504882812,166.22378540039062,288.0,0.7048611111111112
368,-1.7049818009513504,1.7774552305617817,368,167.44668579101562,167.38462829589844,288.0,0.6597222222222222
369,-1.7835540773276537,1.7305354667234802,369,161.85867309570312,161.79830932617188,288.0,0.6180555555555556
370,-1.7354533755013934,1.7349604803634868,370,163.0371856689453,162.9765625,288.0,0.71875
371,-1.6875494141540415,1.7294892459630882,371,167.3662872314453,167.3040771484375,288.0,0.6597222222222222
372,-1.9080157915518516,1.515220845595726,372,163.3575897216797,163.29708862304688,288.0,0.6180555555555556
373,-2.0905430230402113,1.4484067620975971,373,165.01565551757812,164.9552764892578,288.0,0.6041666666666666
374,-1.4729985081878683,1.7449075237699632,374,166.44906616210938,166.38900756835938,288.0,0.59375
375,-1.9406964258582482,1.6265803900384423,375,168.18438720703125,168.1240234375,288.0,0.6701388888888888
376,-2.2341739937730734,1.3304310559232033,376,163.69960021972656,163.64088439941406,288.0,0.6284722222222222
377,-2.010182127174021,1.4847968275678805,377,168.47206115722656,168.41253662109375,288.0,0.6493055555555556
378,-1.6535527421949765,1.7880230700395334,378,165.783447265625,165.72503662109375,288.0,0.6180555555555556
379,-2.023183072373058,1.495322724431868,379,163.47003173828125,163.4131622314453,288.0,0.6840277777777778
380,-1.7991176968014426,1.6492118408818384,380,165.5057373046875,165.44711303710938,288.0,0.625
381,-1.7754154632555676,1.7866144190547721,381,163.4432373046875,163.38552856445312,288.0,0.6458333333333334
382,-1.6089780088530545,1.6120713440994803,382,165.37451171875,165.31619262695312,288.0,0.6145833333333334
383,-1.931028558039407,1.5469888897134372,383,164.21240234375,164.1549072265625,288.0,0.6458333333333334
384,-2.2773409963090865,1.3300399890280206,384,166.10076904296875,166.04281616210938,288.0,0.6631944444444444
385,-1.3459178064884938,1.8502930752827442,385,167.43222045898438,167.37347412109375,288.0,0.6631944444444444
386,-2.1531415289590443,1.3893302083775774,386,165.88021850585938,165.82196044921875,288.0,0.65625
387,-1.8712675133070595,1.6311811077000833,387,166.16371154785156,166.10601806640625,288.0,0.5868055555555556
388,-1.7860365056992669,1.680503084735526,388,168.27133178710938,168.2127685546875,288.0,0.6215277777777778
389,-1.9025812096017978,1.629497206087133,389,167.47479248046875,167.4166259765625,288.0,0.6979166666666666
390,-1.9800155481868975,1.5394014140547274,390,162.61767578125,162.56040954589844,288.0,0.6215277777777778
391,-2.082331939254536,1.3323880001932689,391,167.63880920410156,167.5808563232422,288.0,0.6388888888888888
392,-2.292805820676658,1.2969016839209313,392,167.4063720703125,167.34796142578125,288.0,0.6284722222222222
393,-2.203211123409734,1.4057162445250175,393,163.95156860351562,163.8961181640625,288.0,0.6076388888888888
394,-1.9774743565897088,1.6120300272754569,394,167.3035888671875,167.24586486816406,288.0,0.6354166666666666
395,-1.4920203956939784,1.9678252557066296,395,167.83580017089844,167.7784423828125,288.0,0.6736111111111112
396,-1.7051955505925407,1.7072072040112773,396,166.50486755371094,166.4480743408203,288.0,0.6319444444444444
397,-2.2435218564985644,1.3401179147361677,397,167.6767578125,167.61898803710938,288.0,0.6597222222222222
398,-2.056767514628785,1.4451732087355629,398,167.8384246826172,167.78054809570312,288.0,0.6145833333333334
399,-1.6919241398655283,1.6725825128075666,399,164.25096130371094,164.19517517089844,288.0,0.6388888888888888
400,-2.367615778234706,1.2012772730984784,400,163.07308959960938,163.0172119140625,288.0,0.6388888888888888
401,-1.5719584037751484,1.8170918793655406,401,167.11862182617188,167.06124877929688,288.0,0.6979166666666666
402,-2.1851500599602343,1.2535570145708683,402,167.94058227539062,167.8836212158203,288.0,0.6493055555555556
403,-1.7009891671659207,1.6613867098917097,403,166.67904663085938,166.62210083007812,288.0,0.6180555555555556
404,-2.2135021043674485,1.4652338525392006,404,164.98886108398438,164.932861328125,288.0,0.6701388888888888
405,-2.0942356528094574,1.43861592360966,405,167.7579345703125,167.699951171875,288.0,0.6909722222222222
406,-1.6644911370339466,1.863333785096263,406,165.71372985839844,165.65733337402344,288.0,0.6215277777777778
407,-1.888655684838599,1.6693744118078222,407,165.96835327148438,165.91287231445312,288.0,0.6180555555555556
408,-1.6830578967237544,1.747093084639371,408,167.45547485351562,167.39816284179688,288.0,0.5972222222222222
409,-1.553318685844907,1.8413986573173675,409,167.28375244140625,167.22683715820312,288.0,0.65625
410,-1.7465864550379626,1.7129285477016851,410,166.2779083251953,166.2212371826172,288.0,0.6319444444444444
411,-2.4761860563349156,1.1621867850859788,411,169.839599609375,169.78176879882812,288.0,0.6597222222222222
412,-1.3717020079569275,1.9008658463880752,412,166.69241333007812,166.63568115234375,288.0,0.6145833333333334
413,-2.0705370048863596,1.4995766610960806,413,166.78988647460938,166.73336791992188,288.0,0.625
414,-1.8658387654708817,1.752436883520957,414,160.92681884765625,160.8702392578125,288.0,0.6666666666666666
415,-1.7863294795637294,1.6094895155500144,415,166.07891845703125,166.0218963623047,288.0,0.6527777777777778
416,-2.0264739918012356,1.5370670416068444,416,161.6280975341797,161.5718994140625,288.0,0.65625
417,-1.8560269502160587,1.503143159131658,417,164.8965301513672,164.840576171875,288.0,0.6041666666666666
418,-1.8736875338696453,1.6322753287415335,418,165.40261840820312,165.345458984375,288.0,0.6458333333333334
419,-1.840051354527829,1.686147199998438,419,165.79136657714844,165.73422241210938,288.0,0.5972222222222222
420,-2.129324009550806,1.4244585488841235,420,165.90150451660156,165.84503173828125,288.0,0.6527777777777778
421,-1.9506156230537934,1.505175875655623,421,169.7474365234375,169.68980407714844,288.0,0.6006944444444444
422,-1.8551262190808988,1.6951647124123994,422,163.93072509765625,163.8736572265625,288.0,0.6458333333333334
423,-1.5258560997361719,1.8566688625114267,423,164.94522094726562,164.888671875,288.0,0.6493055555555556
424,-1.9431484792757483,1.4884106748285193,424,162.66342163085938,162.60635375976562,288.0,0.5868055555555556
425,-1.6714975717367937,1.7335963242099093,425,169.4121856689453,169.35440063476562,288.0,0.6180555555555556
426,-1.599658388771325,1.8525670927000892,426,165.947021484375,165.89125061035156,288.0,0.6284722222222222
427,-1.9340023048391284,1.585222759539221,427,159.86117553710938,159.80609130859375,288.0,0.6319444444444444
428,-1.5180489116829614,1.8263119184522916,428,168.9892578125,168.9312744140625,288.0,0.6458333333333334
429,-1.9568390725759797,1.4784045652972473,429,167.98553466796875,167.9286651611328,288.0,0.6458333333333334
430,-2.1453211833706978,1.3753171091250351,430,162.13973999023438,162.084716796875,288.0,0.5798611111111112
431,-2.046060293778982,1.4914133650055927,431,166.23294067382812,166.1767578125,288.0,0.6076388888888888
432,-1.6613632058298304,1.6470506461165835,432,165.19789123535156,165.14144897460938,288.0,0.5972222222222222
433,-1.931252560492637,1.6287464580010858,433,166.13540649414062,166.07940673828125,288.0,0.6631944444444444
434,-2.0956629101689184,1.3543936222001245,434,166.14306640625,166.0872802734375,288.0,0.6006944444444444
435,-1.7459249403288506,1.7081659299059457,435,168.43338012695312,168.37533569335938,288.0,0.6284722222222222
436,-2.1494628022224402,1.3472020441631989,436,165.33975219726562,165.28350830078125,288.0,0.6111111111111112
437,-2.062887929049695,1.4039214824991335,437,162.37298583984375,162.3177947998047,288.0,0.625
438,-1.5067440083502641,1.7519091851950215,438,167.69886779785156,167.6418914794922,288.0,0.6527777777777778
439,-2.1888966859993726,1.3629732366250278,439,165.1124725341797,165.05560302734375,288.0,0.59375
440,-1.8748551388223373,1.627838050917166,440,166.05828857421875,166.00196838378906,288.0,0.5902777777777778
441,-2.1389386022130576,1.3223824967214493,441,161.8778076171875,161.82278442382812,288.0,0.6215277777777778
442,-2.219742029205389,1.350460534188396,442,166.61502075195312,166.55831909179688,288.0,0.6041666666666666
443,-1.591465975031778,1.763864221531103,443,168.29067993164062,168.233642578125,288.0,0.5902777777777778
444,-2.1882395766413962,1.3937316897738643,444,163.94000244140625,163.88397216796875,288.0,0.5729166666666666
445,-2.0974550026976484,1.3918508639295033,445,169.06593322753906,169.00779724121094,288.0,0.6145833333333334
446,-2.01483982366015,1.4513732273525497,446,168.4085235595703,168.351318359375,288.0,0.5763888888888888
447,-2.1289582629719326,1.4171765524213753,447,167.90579223632812,167.84909057617188,288.0,0.6284722222222222
448,-2.316012357001267,1.2926251209760866,448,167.14907836914062,167.09136962890625,288.0,0.5972222222222222
449,-2.057718043267148,1.4044267497426945,449,167.60311889648438,167.54559326171875,288.0,0.5555555555555556
450,-2.229122352426184,1.3199039098954832,450,165.55291748046875,165.49624633789062,288.0,0.6145833333333334
451,-1.5482809576124816,1.8891877200739688,451,165.41714477539062,165.36111450195312,288.0,0.625
452,-1.8988808207815606,1.6083935550048025,452,167.38748168945312,167.33071899414062,288.0,0.6388888888888888
453,-2.011038421128345,1.4864734097721655,453,165.4259033203125,165.36912536621094,288.0,0.5729166666666666
454,-1.9350928854784408,1.5730930290341472,454,164.88446044921875,164.82798767089844,288.0,0.5972222222222222
455,-1.8809494162550398,1.6202276209032533,455,162.67556762695312,162.61935424804688,288.0,0.6145833333333334
456,-2.073374247795856,1.4301527293599128,456,166.8206787109375,166.76332092285156,288.0,0.5902777777777778
457,-2.263665873443369,1.255930294249625,457,166.2095489501953,166.15280151367188,288.0,0.6006944444444444
458,-1.8291400468733439,1.6178201397578842,458,165.81417846679688,165.75701904296875,288.0,0.5972222222222222
459,-1.7438493822420729,1.7431682423006243,459,164.69647216796875,164.64027404785156,288.0,0.5694444444444444
460,-1.9365571964137278,1.584093415701917,460,167.67428588867188,167.61709594726562,288.0,0.6458333333333334
461,-1.694673783604574,1.7361564326690289,461,166.4107208251953,166.3531494140625,288.0,0.5972222222222222
462,-1.7381155651473073,1.6176633098706592,462,166.841064453125,166.7835235595703,288.0,0.5694444444444444
463,-1.9770488189581157,1.465504459198043,463,166.67129516601562,166.61370849609375,288.0,0.6006944444444444
464,-1.7398535679561937,1.594866903020225,464,163.25711059570312,163.20050048828125,288.0,0.5486111111111112
465,-1.8778392066688854,1.4717216424933324,465,165.22125244140625,165.16517639160156,288.0,0.5590277777777778
466,-2.0084004501934185,1.5485384500094341,466,167.25845336914062,167.20143127441406,288.0,0.6354166666666666
467,-1.6210682141303576,1.7977201653376738,467,165.6197509765625,165.5630645751953,288.0,0.6111111111111112
468,-1.9330393236706793,1.5791171791857848,468,167.82240295410156,167.76461791992188,288.0,0.6041666666666666
469,-1.8113221514648399,1.7052822947786295,469,163.94528198242188,163.88885498046875,288.0,0.6423611111111112
470,-1.5401218866009472,1.7010511335777325,470,166.02053833007812,165.9632568359375,288.0,0.5833333333333334
471,-1.683271022084317,1.7536967585749028,471,162.71548461914062,162.6595458984375,288.0,0.6041666666666666
472,-1.9509102446304136,1.5363737551592298,472,164.24847412109375,164.19253540039062,288.0,0.5763888888888888
473,-2.0323921545245063,1.4434334016782977,473,165.96884155273438,165.91079711914062,288.0,0.5659722222222222
474,-1.8139663345856887,1.4964471232891197,474,166.1676025390625,166.11007690429688,288.0,0.5902777777777778
475,-1.835415433746583,1.6737525706371237,475,165.51315307617188,165.45706176757812,288.0,0.6180555555555556
476,-2.207843790178095,1.3923109348480338,476,165.92698669433594,165.87118530273438,288.0,0.6423611111111112
477,-1.6288902307129536,1.6513263814100445,477,167.3677215576172,167.31008911132812,288.0,0.6006944444444444
478,-2.375279112301586,1.211188960237133,478,165.21621704101562,165.15896606445312,288.0,0.6006944444444444
479,-1.708478058898383,1.6211734398941402,479,165.24179077148438,165.185791015625,288.0,0.5763888888888888
480,-1.6288865928301512,1.7006857484095004,480,161.52206420898438,161.46707153320312,288.0,0.6354166666666666
481,-2.2019144008743634,1.373742971997151,481,161.46377563476562,161.40843200683594,288.0,0.6354166666666666
482,-2.10638196482558,1.399796427551596,482,163.05181884765625,162.99472045898438,288.0,0.59375
483,-1.6515590056288885,1.6695883343139264,483,164.8349609375,164.77908325195312,288.0,0.6076388888888888
484,-1.6004936830145364,1.840350804418517,484,167.45306396484375,167.3950958251953,288.0,0.6215277777777778
485,-2.3060090948699163,1.2506241112916188,485,167.6407012939453,167.58314514160156,288.0,0.6180555555555556
486,-1.4532361167981875,1.760946586593824,486,164.83399963378906,164.7785186767578,288.0,0.5486111111111112
487,-1.9716389820535838,1.5206346238275477,487,167.35543823242188,167.29849243164062,288.0,0.5798611111111112
488,-1.818023987394471,1.6587491457972936,488,167.57864379882812,167.52166748046875,288.0,0.5590277777777778
489,-1.7296644895546949,1.7732905374802401,489,165.83834838867188,165.78164672851562,288.0,0.6180555555555556
490,-1.9032051214801184,1.575376161008726,490,164.3363037109375,164.28091430664062,288.0,0.6527777777777778
491,-2.088871687203052,1.4441837718531336,491,167.32681274414062,167.26968383789062,288.0,0.59375
492,-1.7113337512633278,1.6311462758251898,492,168.81478881835938,168.75711059570312,288.0,0.5659722222222222
493,-2.1722775981024305,1.3639527586006555,493,165.3338165283203,165.27700805664062,288.0,0.6041666666666666
494,-1.5496456175620752,1.8439074552894834,494,167.25592041015625,167.19921875,288.0,0.5763888888888888
495,-1.9563220411138897,1.640765703787096,495,169.28497314453125,169.2272491455078,288.0,0.5902777777777778
496,-2.1287904468954557,1.3588255898476587,496,167.42730712890625,167.36978149414062,288.0,0.5833333333333334
497,-2.135427129511665,1.3287397203899705,497,167.02029418945312,166.9628448486328,288.0,0.5486111111111112
498,-2.121320411144943,1.4084671231159713,498,165.65011596679688,165.592529296875,288.0,0.6006944444444444
499,-1.403259147460963,1.871504551677162,499,166.3758544921875,166.31915283203125,288.0,0.5833333333333334
500,-2.0222972716918655,1.5612243465504878,500,165.39706420898438,165.34072875976562,288.0,0.6006944444444444
501,-2.1446180954631577,1.316163079400535,501,165.74351501464844,165.6870574951172,288.0,0.5520833333333334
502,-2.0844782844307157,1.4032575557348277,502,167.26100158691406,167.20401000976562,288.0,0.6041666666666666
503,-2.155620261799945,1.3770382185882353,503,163.29733276367188,163.24142456054688,288.0,0.6111111111111112
504,-2.2861265605138335,1.204396611514183,504,166.47210693359375,166.41543579101562,288.0,0.6111111111111112
505,-2.0863305566604233,1.4081500918574053,505,165.5994873046875,165.541748046875,288.0,0.53125
506,-2.027472108617945,1.3697288617225873,506,162.31723022460938,162.26315307617188,288.0,0.5798611111111112
507,-1.761890056494408,1.649691278782014,507,166.94024658203125,166.8832244873047,288.0,0.5486111111111112
508,-1.8327307385945018,1.5723474533537851,508,165.44842529296875,165.3914031982422,288.0,0.5555555555555556
509,-1.9294680358529201,1.528162323638211,509,166.4928741455078,166.4364013671875,288.0,0.5659722222222222
510,-1.9826924077800154,1.5014567325255925,510,160.1513671875,160.09628295898438,288.0,0.5243055555555556
511,-1.6369019493368373,1.5768534076087617,511,165.13864135742188,165.082763671875,288.0,0.5381944444444444
512,-1.7790773675737361,1.6839534007134447,512,168.04013061523438,167.98245239257812,288.0,0.5659722222222222
513,-1.9333513502739323,1.458543630681171,513,162.95999145507812,162.90420532226562,288.0,0.5763888888888888
514,-1.9052518464879487,1.6139720964490747,514,167.01425170898438,166.95777893066406,288.0,0.6284722222222222
515,-2.2046986967246136,1.4357148221134257,515,169.68975830078125,169.63153076171875,288.0,0.5798611111111112
516,-2.140230930515756,1.3735651759258027,516,163.86302185058594,163.80703735351562,288.0,0.5798611111111112
517,-1.8381533563212713,1.7031547842613084,517,164.9639892578125,164.90689086914062,288.0,0.5902777777777778
518,-1.9931489920428096,1.417979632383926,518,166.02313232421875,165.96621704101562,288.0,0.5659722222222222
519,-1.920202523110773,1.5411476107077104,519,163.00341796875,162.94883728027344,288.0,0.5555555555555556
520,-1.8492442592264509,1.6372847604477165,520,164.76683044433594,164.71136474609375,288.0,0.5798611111111112
521,-1.9892899453768598,1.457706519451099,521,163.9011688232422,163.84584045410156,288.0,0.5555555555555556
522,-2.2264152844579947,1.2764240266082818,522,166.6732177734375,166.61605834960938,288.0,0.625
523,-2.008149867749646,1.5143739079746172,523,166.72686767578125,166.67005920410156,288.0,0.5416666666666666
524,-1.668512729012398,1.7428150566013103,524,162.9197540283203,162.86370849609375,288.0,0.5486111111111112
525,-1.9725763323937957,1.4850617534879955,525,167.81036376953125,167.7527313232422,288.0,0.5069444444444444
526,-1.4524465813663758,1.8168491784943575,526,164.16500854492188,164.10910034179688,288.0,0.5902777777777778
527,-1.7385156756703308,1.6777126482850702,527,166.19845581054688,166.14109802246094,288.0,0.6076388888888888
528,-1.952300143314081,1.4735702515407858,528,168.67535400390625,168.61810302734375,288.0,0.5729166666666666
529,-2.0543643763224058,1.4243315448548395,529,165.4010467529297,165.34536743164062,288.0,0.5486111111111112
530,-1.7432348938151387,1.802946705884934,530,159.7483673095703,159.6932373046875,288.0,0.5902777777777778
531,-2.0948137526508614,1.3606401058868403,531,163.59783935546875,163.54196166992188,288.0,0.5104166666666666
532,-2.012603982009586,1.4336929770639657,532,166.34771728515625,166.29074096679688,288.0,0.5173611111111112
533,-2.1566901593545973,1.4370092670208914,533,161.09368896484375,161.0381317138672,288.0,0.5798611111111112
534,-1.8285856511178291,1.5625241273130477,534,165.37240600585938,165.3157196044922,288.0,0.6111111111111112
535,-2.2150765518567073,1.3842458563766102,535,164.207763671875,164.1521453857422,288.0,0.59375
536,-1.7441637867146325,1.668586060984984,536,168.55740356445312,168.4994659423828,288.0,0.5451388888888888
537,-1.5378910406344224,1.6594044287738143,537,165.14080810546875,165.08499145507812,288.0,0.5243055555555556
538,-1.8305765293086265,1.6784823735184655,538,162.4178466796875,162.36233520507812,288.0,0.5763888888888888
539,-2.2025318480273737,1.375406108609077,539,167.87689208984375,167.81976318359375,288.0,0.5451388888888888
540,-1.6794843366204502,1.7585285047206152,540,164.57620239257812,164.5204315185547,288.0,0.5833333333333334
541,-1.7491031559650851,1.7362602003189067,541,161.81100463867188,161.75445556640625,288.0,0.6006944444444444
542,-1.25945355211872,1.7070301749510612,542,167.3427734375,167.28573608398438,288.0,0.5104166666666666
543,-1.7264995090584034,1.677376384243016,543,162.43186950683594,162.3778533935547,288.0,0.5451388888888888
544,-1.9418426761297074,1.4770950178058841,544,166.8823699951172,166.82518005371094,288.0,0.5486111111111112
545,-2.093371450203853,1.3707310437857805,545,165.79566955566406,165.73846435546875,288.0,0.53125
546,-1.5666090325521524,1.7517556906520229,546,165.5557403564453,165.49929809570312,288.0,0.5208333333333334
547,-2.0077590098426077,1.544596055666522,547,160.57864379882812,160.52392578125,288.0,0.6076388888888888
548,-1.8588390517588549,1.4463446956365298,548,164.28863525390625,164.23240661621094,288.0,0.5451388888888888
549,-2.0524252364330087,1.3660732097482111,549,166.24758911132812,166.19122314453125,288.0,0.5173611111111112
550,-2.1964576062687673,1.3650623000605309,550,167.70111083984375,167.64398193359375,288.0,0.6041666666666666
551,-1.945541764444138,1.4970518919585925,551,168.48580932617188,168.42816162109375,288.0,0.5729166666666666
552,-2.140139558799765,1.4137293202979004,552,165.59393310546875,165.53738403320312,288.0,0.5798611111111112
553,-2.056591987793927,1.3911524762973817,553,166.2301025390625,166.1727294921875,288.0,0.5486111111111112
554,-2.041385110957437,1.4224858211926532,554,162.4190673828125,162.36422729492188,288.0,0.5590277777777778
555,-2.120195674188755,1.3731533545692334,555,167.06349182128906,167.00604248046875,288.0,0.53125
556,-1.978558291451308,1.4335688192489144,556,164.1434326171875,164.08787536621094,288.0,0.5277777777777778
557,-1.7884946698821433,1.443785722940212,557,166.28103637695312,166.22402954101562,288.0,0.5416666666666666
558,-2.039641066191573,1.4515743321272445,558,167.41708374023438,167.36009216308594,288.0,0.53125
559,-1.5214254859692113,1.6654384451445101,559,162.76275634765625,162.70692443847656,288.0,0.4756944444444444
560,-1.7586423557628765,1.662663981893493,560,162.4581298828125,162.40110778808594,288.0,0.5381944444444444
561,-1.990444573148581,1.404130896411214,561,167.55361938476562,167.49691772460938,288.0,0.5138888888888888
562,-1.7832705258818686,1.7159108228125912,562,166.00482177734375,165.94891357421875,288.0,0.5625
563,-2.013234712955393,1.4344963361023106,563,169.5126953125,169.4535369873047,288.0,0.5868055555555556
564,-2.126435361891199,1.3818631880064367,564,167.22894287109375,167.1717529296875,288.0,0.5659722222222222
565,-1.6261469629463485,1.6077569663384177,565,166.63162231445312,166.5747833251953,288.0,0.5
566,-1.701138921057435,1.7158746355055328,566,158.8563995361328,158.802001953125,288.0,0.5277777777777778
567,-1.6266117196593615,1.6814697275116088,567,165.93441772460938,165.87796020507812,288.0,0.5243055555555556
568,-2.0357839859671376,1.2974574066577347,568,167.0629119873047,167.00582885742188,288.0,0.5138888888888888
569,-1.4112840617885238,1.8773156374246724,569,164.63333129882812,164.57749938964844,288.0,0.5486111111111112
570,-1.8002448009600707,1.624934605650087,570,166.48387145996094,166.42657470703125,288.0,0.5833333333333334
571,-2.0052856315978036,1.4188364016512205,571,167.22352600097656,167.16690063476562,288.0,0.5451388888888888
572,-1.9310983627758835,1.4874482419517652,572,169.09115600585938,169.03237915039062,288.0,0.5104166666666666
573,-1.8162361872919734,1.4255277913958126,573,165.84674072265625,165.79043579101562,288.0,0.5243055555555556
574,-2.2065189035362898,1.3232575665583208,574,166.67105102539062,166.61434936523438,288.0,0.5104166666666666
575,-2.1076722557529726,1.3497058158581003,575,165.6480712890625,165.59144592285156,288.0,0.5555555555555556
576,-1.8830866524916356,1.5750930117080255,576,166.06484985351562,166.0083770751953,288.0,0.5625
577,-1.6987446640551456,1.5435066505647348,577,165.76174926757812,165.70530700683594,288.0,0.5
578,-2.059871000682107,1.5049771995727252,578,160.97430419921875,160.91908264160156,288.0,0.5590277777777778
579,-2.064302774918174,1.3880518974939182,579,167.5845947265625,167.52731323242188,288.0,0.5381944444444444
580,-1.95833079459105,1.4197433378000437,580,167.90164184570312,167.8441619873047,288.0,0.5520833333333334
581,-2.1499361386750584,1.3615752950314315,581,162.3865203857422,162.33035278320312,288.0,0.5555555555555556
582,-1.8986111999793802,1.4241569280939563,582,167.64492797851562,167.588134765625,288.0,0.5034722222222222
583,-2.1830605109395886,1.3298978757831128,583,166.8408966064453,166.78347778320312,288.0,0.5451388888888888
584,-2.259391383511716,1.267170990160914,584,167.35934448242188,167.30239868164062,288.0,0.5416666666666666
585,-1.7406579674506308,1.7203174247261892,585,166.41033935546875,166.353759765625,288.0,0.5590277777777778
586,-1.898726219885978,1.5995166164307253,586,164.511962890625,164.4559783935547,288.0,0.5520833333333334
587,-2.033523916826246,1.3642415685215625,587,165.69915771484375,165.64291381835938,288.0,0.4826388888888889
588,-2.241577688066348,1.2834890500249054,588,168.205078125,168.14768981933594,288.0,0.5729166666666666
589,-1.9115884739036748,1.663376447886352,589,166.471435546875,166.4145050048828,288.0,0.5486111111111112
590,-1.8640807205229517,1.492679366764203,590,166.81048583984375,166.75326538085938,288.0,0.5277777777777778
591,-2.0977881137545498,1.383447119358666,591,166.3960418701172,166.3392333984375,288.0,0.5486111111111112
592,-1.8585639400775282,1.526007060309791,592,164.03753662109375,163.9818115234375,288.0,0.5416666666666666
593,-1.563897706156639,1.626379010246031,593,166.34002685546875,166.28343200683594,288.0,0.5104166666666666
594,-1.4953858067710186,1.7872130424174795,594,167.6636962890625,167.60609436035156,288.0,0.5
595,-1.8219536690919869,1.643017030317037,595,163.236083984375,163.17962646484375,288.0,0.5347222222222222
596,-2.1152282756884384,1.3249631126819685,596,163.81556701660156,163.75970458984375,288.0,0.5486111111111112
597,-1.8838905609274375,1.4628785669532036,597,166.3000030517578,166.24398803710938,288.0,0.5277777777777778
598,-2.207351589225271,1.2339634934040509,598,168.1627655029297,168.10577392578125,288.0,0.5277777777777778
599,-2.0455343577910465,1.3319028785434657,599,165.43704223632812,165.3805389404297,288.0,0.5138888888888888
600,-1.8332851981865024,1.4738490377075053,600,163.79519653320312,163.7401123046875,288.0,0.4652777777777778
601,-1.688630605292713,1.7082820716442282,601,166.3421630859375,166.285400390625,288.0,0.5833333333333334
602,-2.0832942445945295,1.3114545106020046,602,165.39724731445312,165.3410186767578,288.0,0.5104166666666666
603,-1.7759834696347963,1.4532898435394512,603,166.49168395996094,166.434326171875,288.0,0.4930555555555556
604,-1.8993448209140595,1.608120268700847,604,167.94619750976562,167.8889617919922,288.0,0.5625
605,-2.024131351994227,1.464940197552337,605,167.09640502929688,167.03958129882812,288.0,0.4756944444444444
606,-1.995836855133092,1.471931798746681,606,166.58265686035156,166.52630615234375,288.0,0.5486111111111112
607,-1.9841962861349782,1.3553773202259338,607,164.826171875,164.77053833007812,288.0,0.5138888888888888
608,-1.9864877495794988,1.2946575636876945,608,167.49481201171875,167.4374542236328,288.0,0.4965277777777778
609,-1.63622855600662,1.42235633036804,609,166.5142364501953,166.4581756591797,288.0,0.4618055555555556
610,-1.7421385730292576,1.7000426428716768,610,164.9690704345703,164.91305541992188,288.0,0.5590277777777778
611,-1.953041803192859,1.4403096151014319,611,164.13345336914062,164.07803344726562,288.0,0.4826388888888889
612,-1.4854712319680958,1.7771193643169727,612,165.2760772705078,165.21966552734375,288.0,0.5243055555555556
613,-1.5700810001410632,1.7808273001660442,613,166.96160888671875,166.90512084960938,288.0,0.5451388888888888
614,-2.162091693222093,1.3465995393125059,614,167.5435791015625,167.48660278320312,288.0,0.5486111111111112
615,-1.7270621393128538,1.6554148426189126,615,165.1719970703125,165.11529541015625,288.0,0.4756944444444444
616,-1.8399015356206094,1.5823832768007362,616,168.28457641601562,168.22711181640625,288.0,0.5138888888888888
617,-2.137399082131718,1.3251096244949099,617,167.8389892578125,167.7812957763672,288.0,0.53125
618,-1.7981118733477781,1.47136264043333,618,165.73550415039062,165.67910766601562,288.0,0.5
619,-2.004226006424992,1.503088333251465,619,166.38169860839844,166.32545471191406,288.0,0.5416666666666666
620,-1.5151511831117694,1.7593077044186678,620,163.82330322265625,163.76828002929688,288.0,0.5173611111111112
621,-2.049054176955804,1.2988660770307017,621,166.455810546875,166.3990936279297,288.0,0.4791666666666667
622,-1.6368494363105393,1.6932515114816744,622,167.24436950683594,167.18716430664062,288.0,0.53125
623,-1.7656815168852984,1.62499420906879,623,165.8184814453125,165.7627716064453,288.0,0.5
624,-1.7133975301311697,1.6440444555058533,624,163.85040283203125,163.79591369628906,288.0,0.5173611111111112
625,-2.182301745477519,1.407299962384248,625,164.7025146484375,164.64671325683594,288.0,0.5659722222222222
626,-1.6099877270223808,1.7222416822163535,626,166.10574340820312,166.04922485351562,288.0,0.5208333333333334
627,-2.008658841236681,1.412431135049204,627,167.57923889160156,167.5216064453125,288.0,0.5104166666666666
628,-2.1818750076218367,1.3328616658732408,628,162.4031219482422,162.34808349609375,288.0,0.5173611111111112
629,-1.9503400131063193,1.4481221381153275,629,163.16664123535156,163.111572265625,288.0,0.5138888888888888
630,-1.8862627006528838,1.4831559614875527,630,168.35365295410156,168.2961883544922,288.0,0.5381944444444444
631,-1.6521725538124927,1.6918163316697552,631,165.81568908691406,165.75869750976562,288.0,0.5173611111111112
632,-1.9113652867020212,1.4362258190276282,632,164.21633911132812,164.1604766845703,288.0,0.5451388888888888
633,-1.5313324141909905,1.7797847073581239,633,164.91802978515625,164.8626708984375,288.0,0.5069444444444444
634,-1.6432199016656202,1.6203947914329753,634,163.07424926757812,163.01797485351562,288.0,0.5138888888888888
635,-2.08369474669251,1.3743747638335222,635,164.58108520507812,164.5250244140625,288.0,0.4930555555555556
636,-1.631147471633756,1.6292413981509453,636,165.7574462890625,165.70135498046875,288.0,0.4861111111111111
637,-2.014503740071012,1.30557325068425,637,166.48028564453125,166.42361450195312,288.0,0.5138888888888888
638,-1.8502399461943082,1.6166187177633367,638,164.3233184814453,164.26722717285156,288.0,0.5416666666666666
639,-2.0233698194285465,1.4444194402942478,639,163.78598022460938,163.7301025390625,288.0,0.5208333333333334
640,-2.192967525185245,1.3667577408399803,640,167.79815673828125,167.7413330078125,288.0,0.5173611111111112
641,-1.8290795430838296,1.6466915865280873,641,166.5531768798828,166.49627685546875,288.0,0.4895833333333333
642,-2.0712374852805095,1.3425803544698225,642,165.08584594726562,165.02996826171875,288.0,0.4722222222222222
643,-1.6786241202480552,1.685098811546415,643,162.0895233154297,162.03306579589844,288.0,0.5
644,-1.9751614607233003,1.456914546505389,644,168.03436279296875,167.97640991210938,288.0,0.53125
645,-1.5681063451667947,1.7389034983582055,645,167.66217041015625,167.60435485839844,288.0,0.4895833333333333
646,-1.6044185805126263,1.499732015063761,646,160.94427490234375,160.888671875,288.0,0.4722222222222222
647,-2.029494600681261,1.3315780181371906,647,163.58050537109375,163.5231170654297,288.0,0.4791666666666667
648,-1.5806343552877296,1.749993303872649,648,164.45733642578125,164.40158081054688,288.0,0.5173611111111112
649,-1.8156739797399917,1.622410776190003,649,166.8902587890625,166.83346557617188,288.0,0.4930555555555556
650,-1.942992042954331,1.4665384120651581,650,167.114501953125,167.05812072753906,288.0,0.5034722222222222
651,-1.586441260463661,1.6391180536964547,651,163.19114685058594,163.13613891601562,288.0,0.5451388888888888
652,-1.9680595355262922,1.3889647438023907,652,167.9380645751953,167.88096618652344,288.0,0.4791666666666667
653,-1.4804369362806613,1.660622077914173,653,161.0543975830078,160.99984741210938,288.0,0.5069444444444444
654,-1.8418015855593965,1.645417210117573,654,163.13536071777344,163.08058166503906,288.0,0.4513888888888889
655,-1.626458778143696,1.6802868248462999,655,166.9944305419922,166.93746948242188,288.0,0.4479166666666667
656,-1.8636852118364473,1.5697594789122147,656,166.3702392578125,166.31336975097656,288.0,0.4652777777777778
657,-1.844032345427507,1.6518469696313531,657,165.04696655273438,164.99038696289062,288.0,0.4861111111111111
658,-1.6529716170967024,1.5475757991027743,658,164.849365234375,164.79367065429688,288.0,0.4548611111111111
659,-1.9864781374826128,1.5739329993414077,659,164.97329711914062,164.91726684570312,288.0,0.4756944444444444
660,-1.3937958778608301,1.5890671211006366,660,169.83609008789062,169.7779998779297,288.0,0.4652777777777778
661,-1.7156569055745052,1.7211421472537298,661,166.97293090820312,166.916015625,288.0,0.4930555555555556
662,-1.9513482415892147,1.358971614577649,662,167.10037231445312,167.04336547851562,288.0,0.4756944444444444
663,-1.8515969785550672,1.5036066604172096,663,167.95147705078125,167.89453125,288.0,0.4791666666666667
664,-2.095838480152047,1.3281642477961877,664,166.27035522460938,166.21368408203125,288.0,0.5104166666666666
665,-2.0286702576874536,1.4136860760786416,665,167.42874145507812,167.37167358398438,288.0,0.4756944444444444
666,-1.4231077675413295,1.8077269077230467,666,167.9230194091797,167.86495971679688,288.0,0.5104166666666666
667,-1.9687948706577183,1.3341478707483556,667,168.93948364257812,168.88177490234375,288.0,0.4444444444444444
668,-2.2457482743385624,1.1647285550994209,668,167.34530639648438,167.288330078125,288.0,0.4965277777777778
669,-2.0882469011251388,1.304284381879849,669,167.94052124023438,167.88345336914062,288.0,0.4895833333333333
670,-1.871284782300202,1.416668511420089,670,160.44110107421875,160.38534545898438,288.0,0.4756944444444444
671,-1.8972632553393696,1.5603142062918531,671,167.61135864257812,167.55264282226562,288.0,0.4895833333333333
672,-1.9038477482256306,1.3792515407384185,672,165.4918212890625,165.43528747558594,288.0,0.4826388888888889
673,-1.9446957887549503,1.4639556070285475,673,168.828369140625,168.770751953125,288.0,0.4652777777777778
674,-1.727518217107433,1.6369586183608513,674,168.26898193359375,168.2108917236328,288.0,0.5277777777777778
675,-1.7161895300088104,1.7806138283034263,675,164.77053833007812,164.71466064453125,288.0,0.5208333333333334
676,-1.8204030135569917,1.590338707059586,676,163.74798583984375,163.69216918945312,288.0,0.5416666666666666
677,-2.1995673396486937,1.2192704947085526,677,166.98484802246094,166.92819213867188,288.0,0.4375
678,-2.0618888601407814,1.336914892098839,678,167.97877502441406,167.9212646484375,288.0,0.5
679,-1.6755019085821299,1.7534012553923097,679,165.47352600097656,165.41744995117188,288.0,0.5347222222222222
680,-1.8882798207011788,1.6649255747846035,680,166.11581420898438,166.05935668945312,288.0,0.5347222222222222
681,-2.0162339691443063,1.3849178888126472,681,166.58584594726562,166.52955627441406,288.0,0.4618055555555556
682,-2.082816464457847,1.2926993497337451,682,164.57469177246094,164.5183563232422,288.0,0.5
683,-1.2859102634451884,1.7178935613719781,683,165.80941772460938,165.75369262695312,288.0,0.4895833333333333
684,-1.746356090793553,1.6211375785325297,684,165.60150146484375,165.545654296875,288.0,0.4895833333333333
685,-2.2280376737354426,1.2702899381046784,685,165.1999053955078,165.14398193359375,288.0,0.4618055555555556
686,-1.8359464475767713,1.4050954581856205,686,168.209716796875,168.15232849121094,288.0,0.4097222222222222
687,-2.089013084856326,1.41920532869808,687,162.6209716796875,162.5657958984375,288.0,0.4652777777777778
688,-1.7401478561059782,1.5731556881484694,688,167.66419982910156,167.6064453125,288.0,0.4861111111111111
689,-1.9493448628861374,1.4310433153961601,689,166.65670776367188,166.5998077392578,288.0,0.4895833333333333
690,-2.224865374205769,1.2669051018830086,690,167.30563354492188,167.24850463867188,288.0,0.4791666666666667
691,-2.0379920886310945,1.2839184478456755,691,161.580078125,161.52435302734375,288.0,0.4409722222222222
692,-1.948193981805302,1.4647030744763594,692,169.22402954101562,169.16574096679688,288.0,0.4618055555555556
693,-1.5086268067353505,1.738434511641595,693,166.27359008789062,166.21630859375,288.0,0.4652777777777778
694,-1.8802178008502968,1.4873657887458367,694,165.72805786132812,165.67135620117188,288.0,0.4895833333333333
695,-1.7900676737320487,1.6561007820857045,695,162.24435424804688,162.18984985351562,288.0,0.5277777777777778
696,-2.1441276901602486,1.2292923729061576,696,163.17474365234375,163.11825561523438,288.0,0.4722222222222222
697,-1.170026203074205,1.521487300178808,697,165.40701293945312,165.350830078125,288.0,0.4270833333333333
698,-1.7999443758729738,1.5059828118593144,698,167.7542724609375,167.69631958007812,288.0,0.53125
699,-2.138319515538841,1.3749642116837961,699,167.9742889404297,167.91725158691406,288.0,0.4826388888888889
700,-2.0888051733799857,1.3506696977862689,700,165.3952178955078,165.3390655517578,288.0,0.4618055555555556
701,-1.988170439000102,1.4100785166231184,701,164.34664916992188,164.28973388671875,288.0,0.4444444444444444
702,-1.751278518886671,1.6879585588102939,702,164.1750030517578,164.11888122558594,288.0,0.4965277777777778
703,-1.9730327020952712,1.3640305898647849,703,166.4588623046875,166.40045166015625,288.0,0.3819444444444444
704,-2.192378312235804,1.227433102906741,704,163.8162841796875,163.75924682617188,288.0,0.4618055555555556
705,-1.4315519424326673,1.6824791522323101,705,166.5166015625,166.46029663085938,288.0,0.4166666666666667
706,-1.7092892211571453,1.7411788534624086,706,167.12258911132812,167.0648956298828,288.0,0.4861111111111111
707,-1.4611489993988303,1.755339608658939,707,167.69131469726562,167.63424682617188,288.0,0.4930555555555556
708,-2.1175008460521605,1.2140067225521936,708,164.06549072265625,164.0078125,288.0,0.4652777777777778
709,-1.7841310674314055,1.579020587445639,709,164.84388732910156,164.787109375,288.0,0.5208333333333334
710,-1.6699089517493806,1.7843356942176782,710,164.43447875976562,164.37831115722656,288.0,0.5034722222222222
711,-2.0442167579993398,1.4577409994877923,711,161.5425262451172,161.4857177734375,288.0,0.4895833333333333
712,-1.5952470921127107,1.625470343777696,712,161.97146606445312,161.91583251953125,288.0,0.4826388888888889
713,-1.635811890831174,1.7145185107979204,713,168.91476440429688,168.85647583007812,288.0,0.4930555555555556
714,-1.4027690121999525,1.646977593397156,714,168.783203125,168.7250213623047,288.0,0.4548611111111111
715,-2.091513514488539,1.2788679164452668,715,161.24624633789062,161.19003295898438,288.0,0.4270833333333333
716,-1.619794187109784,1.573022511793073,716,163.2645263671875,163.20806884765625,288.0,0.4409722222222222
717,-1.448813535714918,1.7679876652224713,717,166.96340942382812,166.90621948242188,288.0,0.46875
718,-2.0661001329071587,1.3468231820088556,718,163.76568603515625,163.7105255126953,288.0,0.4722222222222222
719,-2.018753845712431,1.3959868821917325,719,164.5189208984375,164.46240234375,288.0,0.4791666666666667
720,-1.617193138130146,1.7358627482135278,720,167.60438537597656,167.54669189453125,288.0,0.5
721,-2.2089391137881034,1.2722054332182748,721,167.05870056152344,167.00173950195312,288.0,0.4791666666666667
722,-1.9358592655925975,1.2996107962187449,722,161.38792419433594,161.3320770263672,288.0,0.3854166666666667
723,-1.8987402957841557,1.4120355137608152,723,160.2001190185547,160.14532470703125,288.0,0.4548611111111111
724,-2.082545310720499,1.2180118662382617,724,167.54058837890625,167.48318481445312,288.0,0.4236111111111111
725,-1.9738487331446766,1.2552125316074068,725,160.547607421875,160.49227905273438,288.0,0.4340277777777778
726,-1.9663755342706315,1.4027347384137767,726,169.4337615966797,169.37478637695312,288.0,0.4895833333333333
727,-2.0087590652089933,1.5478214058939177,727,164.33447265625,164.2764892578125,288.0,0.4583333333333333
728,-1.4347463420287336,1.6826803179206085,728,165.31329345703125,165.2572479248047,288.0,0.4270833333333333
729,-1.4146494514683212,1.5824664686726153,729,166.0273895263672,165.97134399414062,288.0,0.4375
730,-1.4577268837496613,1.6895225418977848,730,167.2305908203125,167.17312622070312,288.0,0.4340277777777778
731,-2.017749386033307,1.372829045767678,731,167.64828491210938,167.59088134765625,288.0,0.4652777777777778
732,-1.5684603265269836,1.711794954077694,732,165.8367919921875,165.78018188476562,288.0,0.4826388888888889
733,-2.1884255337910425,1.2267996186025119,733,167.9984588623047,167.94058227539062,288.0,0.5
734,-2.0736763509538654,1.3206733581216121,734,165.60781860351562,165.55174255371094,288.0,0.4652777777777778
735,-1.7994345679414054,1.6128641616462884,735,166.76010131835938,166.7034912109375,288.0,0.4548611111111111
736,-1.867634848478104,1.4940764609249306,736,160.99847412109375,160.9425811767578,288.0,0.4583333333333333
737,-1.883948627114865,1.4728307695753122,737,166.24063110351562,166.1836700439453,288.0,0.5104166666666666
738,-2.254239452205576,1.2188939039240227,738,165.2725830078125,165.21621704101562,288.0,0.4965277777777778
739,-1.9152021362166005,1.5457461730379916,739,167.77194213867188,167.71432495117188,288.0,0.4548611111111111
740,-1.8905940656340674,1.503814258531946,740,167.464111328125,167.4067840576172,288.0,0.4965277777777778
741,-2.058736882583238,1.2621786693169108,741,166.56875610351562,166.5115203857422,288.0,0.3993055555555556
742,-1.7516864365778795,1.6090392422006874,742,166.26588439941406,166.209716796875,288.0,0.4513888888888889
743,-1.5498934303355574,1.6860113176478655,743,169.42477416992188,169.36639404296875,288.0,0.4513888888888889
744,-1.5182509810825047,1.833736405768673,744,164.83567810058594,164.77938842773438,288.0,0.4583333333333333
745,-1.2784430834304825,1.6213309663594002,745,167.55908203125,167.5014190673828,288.0,0.4513888888888889
746,-2.0978690432405247,1.3077877374933253,746,166.78619384765625,166.72943115234375,288.0,0.5034722222222222
747,-1.7157164412032473,1.6092907982471678,747,162.10057067871094,162.04547119140625,288.0,0.4965277777777778
748,-1.848985866059599,1.5891974998674756,748,166.58810424804688,166.5305938720703,288.0,0.5034722222222222
749,-1.9303218520614616,1.3867993297448222,749,165.4379425048828,165.38177490234375,288.0,0.4270833333333333
750,-1.596610496742429,1.5588923617398676,750,165.771240234375,165.71524047851562,288.0,0.4583333333333333
751,-1.7401813671110196,1.5195421044605,751,164.9863739013672,164.92994689941406,288.0,0.4340277777777778
752,-1.6250930848303062,1.6223216360202188,752,164.5578155517578,164.50271606445312,288.0,0.3993055555555556
753,-1.668868337036452,1.589640159288112,753,168.51112365722656,168.45318603515625,288.0,0.4340277777777778
754,-1.9097315173841989,1.460524521845957,754,167.17385864257812,167.1161346435547,288.0,0.4895833333333333
755,-1.9657539591129003,1.4052986408681474,755,167.13710021972656,167.08038330078125,288.0,0.4861111111111111
756,-1.7030449681682642,1.5638233656133507,756,165.61569213867188,165.55992126464844,288.0,0.4340277777777778
757,-1.9894670423997236,1.4127207090530165,757,166.34133911132812,166.28482055664062,288.0,0.4618055555555556
758,-1.6726289766588915,1.6186176874657447,758,167.35556030273438,167.29855346679688,288.0,0.4722222222222222
759,-1.6185454665960792,1.6172702876082623,759,164.62429809570312,164.56817626953125,288.0,0.4375
760,-1.4517474882307113,1.723626399045276,760,164.78823852539062,164.73159790039062,288.0,0.4513888888888889
761,-2.0398481970892215,1.339172182065806,761,168.63243103027344,168.57461547851562,288.0,0.4895833333333333
762,-2.0886497605157026,1.3508192340077416,762,162.43365478515625,162.37864685058594,288.0,0.4756944444444444
763,-1.7281058126923083,1.5820134213989965,763,167.66961669921875,167.61248779296875,288.0,0.4375
764,-1.8112811720873683,1.641239166852572,764,168.7212371826172,168.66317749023438,288.0,0.4965277777777778
765,-1.8965736807753133,1.5763485879768224,765,166.26303100585938,166.20614624023438,288.0,0.4618055555555556
766,-1.6696287715584346,1.5698288580505075,766,167.76205444335938,167.7044219970703,288.0,0.4548611111111111
767,-1.7995945445165036,1.4066488099640748,767,166.34628295898438,166.29037475585938,288.0,0.4548611111111111
768,-1.6097665563325496,1.641907686974882,768,167.2030029296875,167.1456298828125,288.0,0.4722222222222222
769,-1.9345141912784802,1.4379333558568645,769,165.41107177734375,165.3540496826172,288.0,0.4479166666666667
770,-1.9732051921970652,1.4567785969439355,770,168.6729278564453,168.61563110351562,288.0,0.5173611111111112
771,-1.881888664284469,1.3532366375959426,771,163.75071716308594,163.69515991210938,288.0,0.4097222222222222
772,-1.9242236400574069,1.472180380176082,772,167.38525390625,167.32843017578125,288.0,0.4756944444444444
773,-1.1853240887779606,1.649438764685057,773,166.58712768554688,166.5308837890625,288.0,0.4270833333333333
774,-1.8772024875110844,1.3945259881556122,774,165.97518920898438,165.91909790039062,288.0,0.3923611111111111
775,-2.127853377242695,1.3377027934570103,775,163.61480712890625,163.55859375,288.0,0.4340277777777778
776,-1.9717732353603503,1.4186714478245055,776,166.54708862304688,166.48934936523438,288.0,0.4652777777777778
777,-1.9768368474216627,1.3680188220472695,777,167.49908447265625,167.44143676757812,288.0,0.4270833333333333
778,-1.8472574931721861,1.5907706293954738,778,164.81878662109375,164.76304626464844,288.0,0.4340277777777778
779,-2.107207293808429,1.31532021661339,779,162.0745391845703,162.01968383789062,288.0,0.3993055555555556
780,-2.1477478709445483,1.1905771172219837,780,166.42950439453125,166.3724822998047,288.0,0.4791666666666667
781,-1.8878623391190616,1.5631624916294646,781,167.39767456054688,167.34078979492188,288.0,0.4548611111111111
782,-1.9724555466700922,1.3788776983997686,782,167.33279418945312,167.27529907226562,288.0,0.4618055555555556
783,-2.039015068049682,1.2862353008149767,783,164.13922119140625,164.08372497558594,288.0,0.4444444444444444
784,-1.581516583326716,1.6250835250346585,784,162.67855834960938,162.62342834472656,288.0,0.4479166666666667
785,-1.7197766663405885,1.6207648256215328,785,162.9468994140625,162.89105224609375,288.0,0.4375
786,-1.8542473024493706,1.3976537170838994,786,167.4722137451172,167.41519165039062,288.0,0.3958333333333333
787,-1.889762211527229,1.5825581001038258,787,164.0745849609375,164.01937866210938,288.0,0.4583333333333333
788,-1.7870316029361684,1.5932633466925636,788,167.190185546875,167.13247680664062,288.0,0.4583333333333333
789,-1.9867720452202633,1.4025646422415685,789,163.89234924316406,163.8353271484375,288.0,0.4166666666666667
790,-1.6046756530849215,1.6867775851235307,790,166.62921142578125,166.57257080078125,288.0,0.4618055555555556
791,-1.874434195336228,1.3611409444422664,791,168.82542419433594,168.7674560546875,288.0,0.3715277777777778
792,-1.699670260304811,1.646770319833925,792,168.79249572753906,168.7344970703125,288.0,0.4444444444444444
793,-1.5349765199639274,1.682660085056587,793,166.26507568359375,166.208251953125,288.0,0.4513888888888889
794,-2.039680051634976,1.2560062326604247,794,162.29666137695312,162.24203491210938,288.0,0.4027777777777778
795,-1.8281461736618612,1.4305242090669574,795,164.29290771484375,164.23715209960938,288.0,0.3854166666666667
796,-1.7864622189271817,1.5761056547947916,796,163.8652801513672,163.8105010986328,288.0,0.4409722222222222
797,-1.9964932022681063,1.2963434520648947,797,166.55682373046875,166.50015258789062,288.0,0.4722222222222222
798,-1.4914660995450246,1.832010032087908,798,164.28396606445312,164.22750854492188,288.0,0.4791666666666667
799,-1.9331914905931502,1.4460291680952344,799,166.8018798828125,166.74465942382812,288.0,0.3993055555555556
800,-1.5616926320868783,1.7324710003251516,800,166.37240600585938,166.31546020507812,288.0,0.4236111111111111
801,-2.0483151472947307,1.2803851473702297,801,166.5687713623047,166.5121612548828,288.0,0.40625
802,-1.9134263154648181,1.4126314559037814,802,168.7325439453125,168.6744384765625,288.0,0.4409722222222222
803,-1.9985319797779246,1.3831583440766249,803,163.48660278320312,163.430419921875,288.0,0.4166666666666667
804,-1.895361327725058,1.2596204711958239,804,163.5010528564453,163.445556640625,288.0,0.3576388888888889
805,-1.4403185394216773,1.7568754057696279,805,166.69021606445312,166.63296508789062,288.0,0.4722222222222222
806,-1.913411382254886,1.3571264466087043,806,167.7568359375,167.6988067626953,288.0,0.4409722222222222
807,-1.566057299341222,1.4597727111636156,807,167.22561645507812,167.16818237304688,288.0,0.4166666666666667
808,-1.2316072591251084,1.7037896214740087,808,166.58511352539062,166.52774047851562,288.0,0.4166666666666667
809,-1.730839692264689,1.4579963255587503,809,162.4500732421875,162.39495849609375,288.0,0.3993055555555556
810,-1.9900476142821593,1.4004539968388563,810,167.09649658203125,167.03909301757812,288.0,0.4340277777777778
811,-1.9606433510955812,1.3577535731165238,811,168.1099090576172,168.05203247070312,288.0,0.4236111111111111
812,-1.8628408878943712,1.4473049113343455,812,166.60269165039062,166.54547119140625,288.0,0.4270833333333333
813,-1.705243129989982,1.6158108412881902,813,166.24659729003906,166.1897430419922,288.0,0.4375
814,-1.8951064194529392,1.394389874841978,814,166.1865692138672,166.12966918945312,288.0,0.4513888888888889
815,-2.0974635869214513,1.2831843594629155,815,165.7828826904297,165.72509765625,288.0,0.4131944444444444
816,-2.15460247648224,1.2687358043320287,816,166.67636108398438,166.6199493408203,288.0,0.4479166666666667
817,-1.701884312774113,1.279789460866192,817,168.01730346679688,167.9595184326172,288.0,0.3194444444444444
818,-1.6945461547697869,1.467237898300691,818,168.19503784179688,168.13702392578125,288.0,0.46875
819,-1.643299471412616,1.5536818168215525,819,166.18438720703125,166.12826538085938,288.0,0.4618055555555556
820,-2.124880592228014,1.3564372673740177,820,162.23007202148438,162.17555236816406,288.0,0.4409722222222222
821,-1.515601230681824,1.6023293947319335,821,158.41282653808594,158.3583984375,288.0,0.4097222222222222
822,-1.9883116412417126,1.2791371253561832,822,169.45521545410156,169.3977813720703,288.0,0.4479166666666667
823,-2.023826076827426,1.3187633669731436,823,164.21417236328125,164.15774536132812,288.0,0.3993055555555556
824,-2.022389991181429,1.2468720136560663,824,165.509033203125,165.45309448242188,288.0,0.40625
825,-1.9705319772823817,1.3318479927862414,825,163.37188720703125,163.3165283203125,288.0,0.3611111111111111
826,-1.6687809467509256,1.637976277727591,826,168.1343994140625,168.07681274414062,288.0,0.4513888888888889
827,-1.9057418732287499,1.5176481504490302,827,166.56820678710938,166.5113067626953,288.0,0.4583333333333333
828,-1.663627504568002,1.669787903488667,828,166.05743408203125,166.00123596191406,288.0,0.4131944444444444
829,-1.7537222903213372,1.653445783849697,829,159.8112030029297,159.75634765625,288.0,0.4340277777777778
830,-2.044141569826213,1.3035923869141155,830,166.54690551757812,166.48927307128906,288.0,0.46875
831,-1.6137372002475106,1.7369985768125953,831,165.118896484375,165.0628662109375,288.0,0.46875
832,-1.59336140547082,1.6710779870227452,832,165.2774200439453,165.22003173828125,288.0,0.3993055555555556
833,-1.8050717920932169,1.4896200665151649,833,160.59854125976562,160.54400634765625,288.0,0.3680555555555556
834,-1.4635780591751482,1.646504084967025,834,166.7361602783203,166.6789093017578,288.0,0.4270833333333333
835,-1.915478486596729,1.3174763795953357,835,167.49444580078125,167.43707275390625,288.0,0.3888888888888889
836,-2.176713235327529,1.1897735097761608,836,168.81903076171875,168.76107788085938,288.0,0.4722222222222222
837,-1.58619539296246,1.635432785211117,837,159.849365234375,159.7942352294922,288.0,0.4201388888888889
838,-1.4143765895205591,1.577955576513577,838,167.06771850585938,167.0103759765625,288.0,0.3506944444444444
839,-1.9843819543889714,1.2380862934238182,839,164.95489501953125,164.89764404296875,288.0,0.4097222222222222
840,-1.9084209526631075,1.519854083682209,840,166.3970947265625,166.33985900878906,288.0,0.4305555555555556
841,-1.6235994569368053,1.5523496646384838,841,165.1557159423828,165.09857177734375,288.0,0.3819444444444444
842,-1.7144542666436138,1.5753173528319517,842,163.33316040039062,163.277587890625,288.0,0.4409722222222222
843,-1.5799332088115763,1.59370472734113,843,165.38751220703125,165.3308868408203,288.0,0.4305555555555556
844,-1.7581868103271552,1.4461073814148706,844,166.77114868164062,166.71371459960938,288.0,0.4375
845,-1.5099011607987918,1.6686399232758196,845,159.1600341796875,159.10519409179688,288.0,0.3888888888888889
846,-1.892257915260239,1.376414356226031,846,169.12472534179688,169.06617736816406,288.0,0.3715277777777778
847,-1.39291275413237,1.6886488169794798,847,165.93228149414062,165.8754119873047,288.0,0.3784722222222222
848,-1.8424598266897898,1.4848705007837841,848,167.1879119873047,167.13009643554688,288.0,0.4270833333333333
849,-2.012708503445502,1.3258126422702208,849,168.70790100097656,168.650390625,288.0,0.3576388888888889
850,-2.059476547078364,1.355788453356063,850,167.97219848632812,167.91432189941406,288.0,0.4409722222222222
851,-1.6941460287721202,1.6148788192197818,851,164.99072265625,164.9345245361328,288.0,0.4270833333333333
852,-1.899384096839392,1.377792265830544,852,166.95782470703125,166.9008331298828,288.0,0.4340277777777778
853,-1.970830464272458,1.4729398706559211,853,164.066162109375,164.0093994140625,288.0,0.3923611111111111
854,-1.880503340919518,1.3339400914975696,854,163.9437713623047,163.88742065429688,288.0,0.3819444444444444
855,-1.6104832761162113,1.6043728971828046,855,166.70704650878906,166.65049743652344,288.0,0.4166666666666667
856,-2.1063280519584544,1.2359894914666705,856,163.9739990234375,163.91783142089844,288.0,0.4166666666666667
857,-1.9511719543239354,1.319111587645156,857,161.960205078125,161.90383911132812,288.0,0.4270833333333333
858,-2.145506639464168,1.19867606397604,858,168.049072265625,167.99114990234375,288.0,0.4270833333333333
859,-1.847727577524537,1.3947327925337594,859,163.901611328125,163.84561157226562,288.0,0.3993055555555556
860,-2.1668832003679017,1.188189468649288,860,167.21371459960938,167.15673828125,288.0,0.375
861,-1.508405165689115,1.5146792191761036,861,159.29714965820312,159.24212646484375,288.0,0.4097222222222222
862,-2.017265963691803,1.236301656581959,862,166.465576171875,166.4080810546875,288.0,0.3541666666666667
863,-2.077655123570676,1.2730882976992803,863,164.54275512695312,164.486328125,288.0,0.4097222222222222
864,-1.7144431446107575,1.4043872458629443,864,162.81007385253906,162.7545623779297,288.0,0.375
865,-1.5969469975182098,1.5474176469107859,865,167.43048095703125,167.3726348876953,288.0,0.3715277777777778
866,-1.7911806362907094,1.34034622425819,866,167.63699340820312,167.58010864257812,288.0,0.3680555555555556
867,-1.9969349270769108,1.3552313700152563,867,165.13018798828125,165.07357788085938,288.0,0.3819444444444444
868,-1.840801869044106,1.4316737102585355,868,163.52520751953125,163.46844482421875,288.0,0.3993055555555556
869,-1.719861443693073,1.578814063535455,869,166.1422119140625,166.08494567871094,288.0,0.4513888888888889
870,-1.504272148564521,1.6570260061281679,870,164.95108032226562,164.89358520507812,288.0,0.3645833333333333
871,-1.8845809348855167,1.3128469963205025,871,164.0648193359375,164.00889587402344,288.0,0.4201388888888889
872,-1.828938086987345,1.3171581983106766,872,160.15347290039062,160.0978546142578,288.0,0.3472222222222222
873,-1.9244695544398975,1.3301842064726734,873,167.11886596679688,167.06185913085938,288.0,0.375
874,-2.0486401263413754,1.2939203582721697,874,168.09405517578125,168.03634643554688,288.0,0.4131944444444444
875,-1.2227699001540828,1.5950131434197279,875,166.47537231445312,166.418701171875,288.0,0.4375
876,-1.9264334076280234,1.379956318946736,876,167.2540283203125,167.19708251953125,288.0,0.3854166666666667
877,-1.9545513807591972,1.3632359334941553,877,162.47537231445312,162.41998291015625,288.0,0.3611111111111111
878,-1.7510442465458613,1.7462031636536213,878,167.35711669921875,167.29946899414062,288.0,0.46875
879,-1.3368844383004037,1.7828320813854837,879,166.68157958984375,166.62420654296875,288.0,0.3958333333333333
880,-1.7456936358617938,1.4499811445721729,880,167.65164184570312,167.59408569335938,288.0,0.4340277777777778
881,-1.8855561688167586,1.3994402462633868,881,164.89093017578125,164.8337860107422,288.0,0.3958333333333333
882,-1.9804874472970146,1.3285500675239645,882,160.43435668945312,160.3789825439453,288.0,0.4340277777777778
883,-1.542071604577577,1.5385471350837132,883,168.36575317382812,168.30770874023438,288.0,0.3472222222222222
884,-2.1281600921949595,1.2880403759842083,884,164.5907745361328,164.53500366210938,288.0,0.4270833333333333
885,-2.083191135562445,1.2873559488713093,885,166.94949340820312,166.89242553710938,288.0,0.4131944444444444
886,-1.5677476690199492,1.5072960123126353,886,169.87637329101562,169.81820678710938,288.0,0.375
887,-1.3674921886397746,1.5420357763273147,887,164.72784423828125,164.67176818847656,288.0,0.4027777777777778
888,-2.0170955328401994,1.317322384679359,888,168.35092163085938,168.29376220703125,288.0,0.3993055555555556
889,-1.7522137313414514,1.5884520859454532,889,165.57107543945312,165.51461791992188,288.0,0.3958333333333333
890,-1.3128585706754778,1.6299052002825571,890,163.3184356689453,163.26248168945312,288.0,0.3368055555555556
891,-1.5343405050030396,1.629034106869119,891,166.36856079101562,166.31201171875,288.0,0.3680555555555556
892,-1.547423154014984,1.5671843304220094,892,165.69808959960938,165.64169311523438,288.0,0.3888888888888889
893,-1.9555258151183803,1.3632240096629862,893,160.93594360351562,160.8802947998047,288.0,0.3854166666666667
894,-2.081671757032847,1.3575509414889781,894,161.82077026367188,161.7652587890625,288.0,0.3888888888888889
895,-1.9660648832578755,1.2267153191756763,895,166.92318725585938,166.86676025390625,288.0,0.3854166666666667
896,-1.894701121417375,1.4645577594782593,896,164.71942138671875,164.66285705566406,288.0,0.4479166666666667
897,-1.5909296882826949,1.6429018866639005,897,167.0950927734375,167.0375518798828,288.0,0.375
898,-2.0705213756649488,1.3590685672599956,898,166.15029907226562,166.09359741210938,288.0,0.4305555555555556
899,-1.6724164056679691,1.6388337067640397,899,164.9022674560547,164.84552001953125,288.0,0.4131944444444444
900,-1.9398290935639386,1.3743020768082366,900,160.77081298828125,160.716552734375,288.0,0.3784722222222222
901,-1.3517489064000117,1.717672160288843,901,166.8220977783203,166.7648468017578,288.0,0.3715277777777778
902,-1.8779609616842308,1.4338699917121172,902,167.96160888671875,167.90463256835938,288.0,0.40625
903,-2.0410003265087457,1.2498678890846122,903,166.06199645996094,166.0059814453125,288.0,0.4270833333333333
904,-1.4633072295985303,1.4667170626176735,904,167.32568359375,167.26858520507812,288.0,0.3645833333333333
905,-1.9919587169463457,1.2762436874491196,905,166.58123779296875,166.52462768554688,288.0,0.3715277777777778
906,-1.7034803061663304,1.5705218282437825,906,159.86203002929688,159.80691528320312,288.0,0.40625
907,-1.9429905408552683,1.2810816626800403,907,167.21017456054688,167.153076171875,288.0,0.4097222222222222
908,-1.9082808260969277,1.3221683145849241,908,166.89334106445312,166.8367919921875,288.0,0.3611111111111111
909,-1.9324839911653935,1.4009037694258888,909,160.36761474609375,160.31271362304688,288.0,0.3958333333333333
910,-1.7506483426201975,1.581850955270063,910,165.84225463867188,165.78564453125,288.0,0.4201388888888889
911,-2.0716940352546374,1.284383458394149,911,166.2440643310547,166.18739318847656,288.0,0.4027777777777778
912,-1.3280599406698517,1.6465538199544938,912,164.27346801757812,164.21713256835938,288.0,0.3819444444444444
913,-1.7979783917391718,1.4364178640687904,913,167.24371337890625,167.18626403808594,288.0,0.3923611111111111
914,-2.078321003761899,1.1922218949473253,914,167.22225952148438,167.16461181640625,288.0,0.3784722222222222
915,-2.053514018050438,1.2318926546619837,915,167.65554809570312,167.59823608398438,288.0,0.34375
916,-1.8419394487854115,1.513714168563141,916,165.6189422607422,165.56222534179688,288.0,0.3784722222222222
917,-1.709747533555336,1.2565736829241052,917,160.74185180664062,160.68724060058594,288.0,0.3402777777777778
918,-1.6931659116641367,1.4342106721493098,918,165.07797241210938,165.02178955078125,288.0,0.3298611111111111
919,-1.742414097378389,1.3689117892967402,919,160.99349975585938,160.9384765625,288.0,0.3506944444444444
920,-1.85257815263168,1.448435199886003,920,166.93359375,166.87677001953125,288.0,0.4097222222222222
921,-2.154469676354456,1.209158151062342,921,164.67514038085938,164.61907958984375,288.0,0.3923611111111111
922,-1.7213498207787206,1.5651688040767757,922,166.34632873535156,166.2884979248047,288.0,0.4305555555555556
923,-1.8976152049583095,1.2817907472898948,923,164.36965942382812,164.31356811523438,288.0,0.375
924,-2.0897136201283733,1.2108900993338518,924,164.17593383789062,164.1195526123047,288.0,0.4027777777777778
925,-1.7000641783341992,1.5036288510545361,925,168.32855224609375,168.2698516845703,288.0,0.3680555555555556
926,-1.5459832471979864,1.5976204952346842,926,164.79396057128906,164.73709106445312,288.0,0.3611111111111111
927,-1.4541934742718299,1.5428300223125566,927,163.82818603515625,163.772216796875,288.0,0.3541666666666667
928,-1.3799965349623904,1.5971182777867856,928,167.17144775390625,167.11415100097656,288.0,0.3784722222222222
929,-1.6018960508576399,1.592352997263719,929,162.4988250732422,162.4430694580078,288.0,0.3263888888888889
930,-1.9142646238716903,1.3354907014945372,930,167.19534301757812,167.13848876953125,288.0,0.34375
931,-1.344004748747878,1.4151646412585752,931,164.98590087890625,164.93067932128906,288.0,0.3090277777777778
932,-1.8823404662073249,1.4021998043545245,932,164.57229614257812,164.5143280029297,288.0,0.3680555555555556
933,-1.825019421085333,1.3652030827932808,933,163.6669921875,163.61105346679688,288.0,0.3888888888888889
934,-1.905795143959867,1.4222779517180337,934,164.81369018554688,164.75738525390625,288.0,0.4409722222222222
935,-1.205429585513068,1.651861363340763,935,165.66143798828125,165.6052703857422,288.0,0.34375
936,-2.0772524753922337,1.212690463441062,936,164.16717529296875,164.1119384765625,288.0,0.3854166666666667
937,-1.8365553539260173,1.2707751308044999,937,167.26971435546875,167.21263122558594,288.0,0.3680555555555556
938,-1.7640756994246134,1.506963331179059,938,168.181396484375,168.12380981445312,288.0,0.3541666666666667
939,-1.548767857593603,1.669895512512442,939,168.08120727539062,168.0237274169922,288.0,0.4166666666666667
940,-1.7675362901125145,1.550333933292577,940,167.47409057617188,167.4168701171875,288.0,0.34375
941,-1.9994056814546926,1.2338470873676923,941,162.86825561523438,162.81341552734375,288.0,0.3680555555555556
942,-1.5751940555623072,1.5491220311141078,942,168.23248291015625,168.17532348632812,288.0,0.34375
943,-1.0740302006394404,1.5626003129785395,943,164.17031860351562,164.1151123046875,288.0,0.3541666666666667
944,-1.9568698371975068,1.344018407125547,944,162.9263153076172,162.87127685546875,288.0,0.3715277777777778
945,-1.2057150471157572,1.7626587870762427,945,163.36602783203125,163.31069946289062,288.0,0.3958333333333333
946,-1.9897280997391311,1.2834472109404083,946,163.11741638183594,163.061279296875,288.0,0.3715277777777778
947,-1.3438519387794092,1.6643507078605289,947,164.76803588867188,164.71189880371094,288.0,0.3854166666666667
948,-1.7174498708007861,1.5622571845800712,948,160.5183868408203,160.46278381347656,288.0,0.3576388888888889
949,-1.551382853402065,1.6500059073541815,949,160.62884521484375,160.5735321044922,288.0,0.3611111111111111
950,-1.9624148612410213,1.3494735307298937,950,166.6584930419922,166.60250854492188,288.0,0.3958333333333333
951,-1.884581471223275,1.4436644608139382,951,169.32908630371094,169.27085876464844,288.0,0.3958333333333333
952,-1.995823262111253,1.2495381172047555,952,167.27413940429688,167.2177276611328,288.0,0.3333333333333333
953,-2.097152218826772,1.2771681445273948,953,166.84902954101562,166.79159545898438,288.0,0.3923611111111111
954,-1.2772181504057971,1.609866125471059,954,165.54978942871094,165.49371337890625,288.0,0.3368055555555556
955,-1.4562750384554055,1.6863561873719195,955,166.82113647460938,166.76425170898438,288.0,0.375
956,-1.8646945919294977,1.4096590844014272,956,165.1921844482422,165.1361083984375,288.0,0.3611111111111111
957,-1.8967963689158513,1.256409778465728,957,168.4581298828125,168.39987182617188,288.0,0.3402777777777778
958,-1.9845693466891368,1.3603549849120324,958,163.39857482910156,163.34255981445312,288.0,0.3611111111111111
959,-2.0594633550464403,1.4030112043740581,959,165.81124877929688,165.75506591796875,288.0,0.3993055555555556
960,-1.5444411755328167,1.6217804290732447,960,167.51248168945312,167.45555114746094,288.0,0.34375
961,-1.7401409962785148,1.4261701666247673,961,168.2529296875,168.1959228515625,288.0,0.3819444444444444
962,-1.3763410858151548,1.7967364633260088,962,168.17929077148438,168.12179565429688,288.0,0.3368055555555556
963,-2.174731951554306,1.177440663746057,963,164.623046875,164.56675720214844,288.0,0.3576388888888889
964,-1.8748079987229107,1.4168426866707706,964,165.91612243652344,165.86013793945312,288.0,0.3506944444444444
965,-1.5614493359517256,1.672171723577618,965,166.32232666015625,166.26502990722656,288.0,0.3645833333333333
966,-2.0927789791135565,1.1820606200881028,966,165.72035217285156,165.6627197265625,288.0,0.3715277777777778
967,-1.4006950758206236,1.710113760790036,967,165.7935791015625,165.73727416992188,288.0,0.3993055555555556
968,-1.8635097506341292,1.3670096071631668,968,166.0190887451172,165.961669921875,288.0,0.3368055555555556
969,-1.5004800318408043,1.6356445002121005,969,165.12725830078125,165.0706024169922,288.0,0.34375
970,-1.6355932467581158,1.2921844985341921,970,167.97235107421875,167.91558837890625,288.0,0.3125
971,-1.833180790564511,1.4276471523007548,971,167.71450805664062,167.6568603515625,288.0,0.34375
972,-2.057035397121327,1.2890141963241875,972,165.16700744628906,165.110107421875,288.0,0.3784722222222222
973,-1.953412772447175,1.2489040317855837,973,164.2223358154297,164.166748046875,288.0,0.3715277777777778
974,-1.3206102998316889,1.6464924395324794,974,164.25656127929688,164.2010040283203,288.0,0.3611111111111111
975,-1.6022623933862319,1.5977896403141347,975,167.5963134765625,167.53915405273438,288.0,0.3576388888888889
976,-1.9875576922517892,1.279198610091175,976,166.82054138183594,166.76329040527344,288.0,0.3784722222222222
977,-2.047801432587649,1.3356284373128224,977,165.0594482421875,165.00254821777344,288.0,0.3472222222222222
978,-1.9042167871417253,1.2836935954576765,978,166.96957397460938,166.9122314453125,288.0,0.3298611111111111
979,-1.6124109802748015,1.484594242278892,979,163.91845703125,163.86276245117188,288.0,0.3715277777777778
980,-1.517370277018422,1.5521964764941283,980,167.10986328125,167.05270385742188,288.0,0.3333333333333333
981,-1.469992045210179,1.5730286306846673,981,166.8505859375,166.794189453125,288.0,0.2986111111111111
982,-1.7976227361406718,1.3854065376375913,982,161.465576171875,161.40933227539062,288.0,0.3645833333333333
983,-1.7343473892985228,1.5744683683961262,983,168.0077362060547,167.94989013671875,288.0,0.3090277777777778
984,-1.9138464411782223,1.378767463747382,984,165.60733032226562,165.55032348632812,288.0,0.34375
985,-1.7642129252190069,1.520425129664312,985,167.8919219970703,167.833984375,288.0,0.4131944444444444
986,-1.5613508823178723,1.5259707383688164,986,166.8128662109375,166.7554168701172,288.0,0.34375
987,-1.352916116810933,1.7515542166249154,987,161.13926696777344,161.08346557617188,288.0,0.3402777777777778
988,-1.4651519352410312,1.5424840493188896,988,165.89599609375,165.8389892578125,288.0,0.3854166666666667
989,-1.4721509217123223,1.49158921773709,989,164.2007293701172,164.145263671875,288.0,0.3055555555555556
990,-1.7074234888181525,1.5847042787174779,990,165.31582641601562,165.25936889648438,288.0,0.3819444444444444
991,-1.8967774172973146,1.3050026406956825,991,159.25149536132812,159.1959991455078,288.0,0.3368055555555556
992,-1.7696533137849197,1.3309592986440628,992,167.0,166.94284057617188,288.0,0.3298611111111111
993,-1.1898953007175688,1.6922584236821985,993,168.544921875,168.48707580566406,288.0,0.375
994,-1.563079756106291,1.44848787569643,994,166.0933837890625,166.03732299804688,288.0,0.3611111111111111
995,-1.348953527667824,1.449892272446143,995,160.69921875,160.64407348632812,288.0,0.3333333333333333
996,-1.5686534039629672,1.5963370665988021,996,164.18870544433594,164.1331024169922,288.0,0.2986111111111111
997,-1.900738525880404,1.1613600122370535,997,167.76531982421875,167.70779418945312,288.0,0.2743055555555556
998,-1.8677835546028523,1.3079275762524623,998,165.37237548828125,165.31576538085938,288.0,0.3263888888888889
999,-1.9447290210260855,1.2589547216271473,999,168.4649658203125,168.40736389160156,288.0,0.3784722222222222
1000,-1.4799776128815898,1.5253085179754637,1000,159.6816864013672,159.62620544433594,288.0,0.3472222222222222
1001,-1.5956369161164374,1.3357683100297835,1001,165.20999145507812,165.15330505371094,288.0,0.3020833333333333
1002,-1.7759304775339277,1.4504509817307865,1002,161.31460571289062,161.2596435546875,288.0,0.3472222222222222
1003,-1.8306534573480735,1.3502896227460557,1003,166.282470703125,166.22589111328125,288.0,0.3680555555555556
1004,-2.039205882083002,1.2604797046398837,1004,167.44618225097656,167.388916015625,288.0,0.3611111111111111
1005,-1.3597029842130521,1.5838541319461448,1005,165.98521423339844,165.92767333984375,288.0,0.3854166666666667
1006,-1.7311826591171122,1.3594973777279076,1006,161.82183837890625,161.76644897460938,288.0,0.3472222222222222
1007,-1.8557354506192212,1.3375208921007298,1007,168.65435791015625,168.5966796875,288.0,0.3263888888888889
1008,-2.1440517798434846,1.2585067040579316,1008,159.01300048828125,158.95848083496094,288.0,0.4166666666666667
1009,-1.7177218079905958,1.3220957233610797,1009,165.87881469726562,165.82244873046875,288.0,0.3576388888888889
1010,-1.074847756166504,1.6285798818756279,1010,163.13107299804688,163.0750732421875,288.0,0.3576388888888889
1011,-1.6736230803595342,1.6874334301838123,1011,166.66650390625,166.61038208007812,288.0,0.3854166666666667
1012,-1.6401100854236583,1.3802095078386556,1012,165.25076293945312,165.19461059570312,288.0,0.3680555555555556
1013,-1.6884887223776375,1.496951732524742,1013,166.96524047851562,166.9080352783203,288.0,0.3298611111111111
1014,-1.5213250238347977,1.6508006625393474,1014,166.99008178710938,166.93344116210938,288.0,0.3541666666666667
1015,-1.9189573975809107,1.4253435897259326,1015,163.4859619140625,163.4300994873047,288.0,0.3819444444444444
1016,-1.9219205655863278,1.4213135882015642,1016,165.6278076171875,165.57101440429688,288.0,0.3506944444444444
1017,-1.6275250053956016,1.4361342994917468,1017,165.93597412109375,165.87937927246094,288.0,0.3125
1018,-1.5310516003923795,1.660933589235213,1018,167.34820556640625,167.2910614013672,288.0,0.3680555555555556
1019,-1.8570317691755152,1.4322015369736254,1019,164.47195434570312,164.4168701171875,288.0,0.4166666666666667
1020,-1.9514131638573755,1.370722152690468,1020,165.31625366210938,165.2599639892578,288.0,0.3333333333333333
1021,-1.9498051220798989,1.1992952788233529,1021,163.04791259765625,162.99313354492188,288.0,0.34375
1022,-1.863062092929675,1.304762816566672,1022,164.95175170898438,164.8958282470703,288.0,0.3541666666666667
1023,-1.504681552133838,1.5505823055540795,1023,162.6322479248047,162.57757568359375,288.0,0.3159722222222222
1024,-1.9884960345236982,1.2066757494839517,1024,165.9001007080078,165.84353637695312,288.0,0.3298611111111111
1025,-1.9637838794178526,1.2971093303517178,1025,162.83905029296875,162.78334045410156,288.0,0.3506944444444444
1026,-1.972108162453625,1.3596604363688667,1026,164.73931884765625,164.68405151367188,288.0,0.3333333333333333
1027,-1.5062371448522862,1.6784131027496876,1027,165.51364135742188,165.4579620361328,288.0,0.3333333333333333
1028,-2.112799603940138,1.206346857478098,1028,163.866455078125,163.81082153320312,288.0,0.3819444444444444
1029,-1.4935001241986348,1.6006799162685788,1029,164.91763305664062,164.8609619140625,288.0,0.34375
1030,-1.8127769805416039,1.3089801197169362,1030,164.9417724609375,164.88565063476562,288.0,0.3541666666666667
1031,-1.7100889918420028,1.381792254916992,1031,163.8697509765625,163.81448364257812,288.0,0.3541666666666667
1032,-1.897358781076286,1.279388593455428,1032,164.0355682373047,163.97975158691406,288.0,0.3333333333333333
1033,-1.9158602557469102,1.394564136980526,1033,164.00869750976562,163.952392578125,288.0,0.3645833333333333
1034,-1.9724673493557832,1.335539161630785,1034,168.27560424804688,168.21780395507812,288.0,0.34375
1035,-0.8906823610048151,1.4956988799609225,1035,161.9984130859375,161.94314575195312,288.0,0.3055555555555556
1036,-1.4381350171955352,1.636735685601917,1036,164.8734588623047,164.81625366210938,288.0,0.3506944444444444
1037,-1.4464758074541086,1.4787328787611231,1037,164.382080078125,164.32530212402344,288.0,0.3472222222222222
1038,-1.9001945944115377,1.2258517691859492,1038,162.6431884765625,162.58795166015625,288.0,0.3576388888888889
1039,-1.9444613610261778,1.3352988224625906,1039,163.78387451171875,163.7282257080078,288.0,0.3229166666666667
1040,-1.8856712412729262,1.39795701933419,1040,164.73452758789062,164.67864990234375,288.0,0.3402777777777778
1041,-1.8632368284273382,1.2102554016480835,1041,165.9121856689453,165.855712890625,288.0,0.3159722222222222
1042,-1.8799810541558548,1.338039683313404,1042,166.10879516601562,166.05227661132812,288.0,0.3368055555555556
1043,-1.791906924953353,1.3134108930881512,1043,166.66091918945312,166.60372924804688,288.0,0.3020833333333333
1044,-1.9764776236645913,1.308821266774699,1044,165.99966430664062,165.94357299804688,288.0,0.3576388888888889
1045,-2.0914716104686963,1.1866712666235162,1045,165.769287109375,165.71270751953125,288.0,0.3576388888888889
1046,-1.5230260031853602,1.5204640202302444,1046,165.43434143066406,165.3784637451172,288.0,0.2881944444444444
1047,-1.8414177963217229,1.4031742130202227,1047,166.81124877929688,166.75425720214844,288.0,0.3680555555555556
1048,-1.9624988019830703,1.3612845036548316,1048,163.64041137695312,163.58456420898438,288.0,0.3333333333333333
1049,-1.6975794815317546,1.1778870964997108,1049,166.84207153320312,166.78475952148438,288.0,0.2673611111111111
1050,-1.4043656072687922,1.6584434854255947,1050,163.4578094482422,163.40228271484375,288.0,0.3645833333333333
1051,-1.7108844224180002,1.443488238493823,1051,163.9510498046875,163.89453125,288.0,0.3506944444444444
1052,-1.870720075435905,1.4417533420769197,1052,164.89346313476562,164.83706665039062,288.0,0.3541666666666667
1053,-1.8689419388469548,1.4067073837438058,1053,166.13327026367188,166.07672119140625,288.0,0.3472222222222222
1054,-1.2186001417692147,1.5653860725979907,1054,166.13427734375,166.07749938964844,288.0,0.3090277777777778
1055,-1.9291061497130824,1.2393369853773089,1055,163.51416015625,163.45761108398438,288.0,0.3402777777777778
1056,-1.8520032382238725,1.4073498291363138,1056,166.95513916015625,166.89828491210938,288.0,0.3472222222222222
1057,-1.8907609648315946,1.3643173608884782,1057,167.6548614501953,167.596435546875,288.0,0.3645833333333333
1058,-1.679483956188755,1.569860183321642,1058,166.63455200195312,166.57752990722656,288.0,0.3159722222222222
1059,-2.143456582405745,1.2328222684456889,1059,166.2720947265625,166.21566772460938,288.0,0.3645833333333333
1060,-1.3877293283639256,1.6195681749916897,1060,166.47264099121094,166.4152069091797,288.0,0.3194444444444444
1061,-1.8359342321305507,1.1540847470972073,1061,166.13868713378906,166.08224487304688,288.0,0.28125
1062,-1.4496283799135226,1.497169261924055,1062,165.4388885498047,165.38189697265625,288.0,0.3055555555555556
1063,-1.5144270588557422,1.5111719597698392,1063,165.792724609375,165.7359619140625,288.0,0.3715277777777778
1064,-1.6199716783406324,1.5421674905946823,1064,164.9188232421875,164.86227416992188,288.0,0.3402777777777778
1065,-1.7742806581701238,1.321767474366297,1065,168.40585327148438,168.34860229492188,288.0,0.3472222222222222
1066,-1.636289675333533,1.4821871246646448,1066,164.582763671875,164.5264434814453,288.0,0.3055555555555556
1067,-1.8716869773719433,1.2866932659833619,1067,163.28851318359375,163.2318878173828,288.0,0.3020833333333333
1068,-1.9000302877025506,1.581278304012756,1068,165.4530029296875,165.3970947265625,288.0,0.34375
1069,-1.812488124799331,1.4978440243975675,1069,166.47509765625,166.41888427734375,288.0,0.3680555555555556
1070,-1.0525357919417322,1.5675389897839493,1070,167.783447265625,167.72650146484375,288.0,0.3055555555555556
1071,-1.9195424667485552,1.4002032418616086,1071,167.1580810546875,167.1012725830078,288.0,0.3645833333333333
1072,-1.74561574400905,1.3841066134457802,1072,165.40011596679688,165.34396362304688,288.0,0.3159722222222222
1073,-1.912031274198556,1.2101612605776089,1073,166.70626831054688,166.64950561523438,288.0,0.3472222222222222
1074,-1.6307436967851898,1.4999904597313143,1074,164.34945678710938,164.29388427734375,288.0,0.3090277777777778
1075,-1.787941007151395,1.3235370802417525,1075,164.43052673339844,164.3751678466797,288.0,0.3298611111111111
1076,-1.750036337751041,1.2893192514201566,1076,165.85116577148438,165.79403686523438,288.0,0.3055555555555556
1077,-1.8242175867052335,1.4125765722762915,1077,167.75909423828125,167.70138549804688,288.0,0.3472222222222222
1078,-1.5721866892463852,1.670124243299455,1078,168.03622436523438,167.97882080078125,288.0,0.3194444444444444
1079,-1.8311581214478967,1.3326865401641437,1079,167.50662231445312,167.44920349121094,288.0,0.3472222222222222
1080,-1.251311612204403,1.4151991439933993,1080,164.17686462402344,164.12107849121094,288.0,0.3333333333333333
1081,-1.6280367322940599,1.4372835593098576,1081,165.01365661621094,164.95706176757812,288.0,0.2777777777777778
1082,-1.6246535010452208,1.498285125276808,1082,165.15919494628906,165.10362243652344,288.0,0.3055555555555556
1083,-1.3644327975069213,1.6733844230787054,1083,165.47122192382812,165.41497802734375,288.0,0.3194444444444444
1084,-2.0355502559777765,1.2457224727080813,1084,165.41163635253906,165.356201171875,288.0,0.3125
1085,-1.8698393824976332,1.2580270257869968,1085,166.66407775878906,166.60757446289062,288.0,0.3506944444444444
1086,-1.5591717797192932,1.5028440341872322,1086,165.59727478027344,165.5408172607422,288.0,0.3055555555555556
1087,-2.072428956153298,1.227831622251686,1087,166.24891662597656,166.19229125976562,288.0,0.3402777777777778
1088,-2.1296105516291757,1.1840696271735653,1088,165.20565795898438,165.14959716796875,288.0,0.3402777777777778
1089,-2.0094293403487233,1.249647465758288,1089,165.83145141601562,165.77487182617188,288.0,0.3402777777777778
1090,-1.486247195016629,1.5771738542570002,1090,166.86546325683594,166.80886840820312,288.0,0.3125
1091,-1.9672953540930582,1.2260451278104934,1091,165.89834594726562,165.84185791015625,288.0,0.3159722222222222
1092,-1.8999379785149573,1.3823215200563745,1092,166.72015380859375,166.66439819335938,288.0,0.3194444444444444
1093,-1.8818622001739074,1.4417617569342729,1093,164.64498901367188,164.58900451660156,288.0,0.3333333333333333
1094,-1.8326737379551667,1.4333084298167231,1094,167.05160522460938,166.9947509765625,288.0,0.3645833333333333
1095,-1.192235859737334,1.5460157915023514,1095,169.00448608398438,168.94676208496094,288.0,0.2986111111111111
1096,-1.6288606913069532,1.4912572585735597,1096,166.43972778320312,166.38278198242188,288.0,0.3229166666666667
1097,-1.596837218949682,1.4446575435885722,1097,164.585693359375,164.52877807617188,288.0,0.2743055555555556
1098,-1.457089159286751,1.752708027095458,1098,165.38668823242188,165.3306884765625,288.0,0.3229166666666667
1099,-1.6389331320365235,1.3125365806198581,1099,166.4830322265625,166.4263153076172,288.0,0.3229166666666667
1100,-1.6663435784917198,1.6203530688503458,1100,164.34609985351562,164.28948974609375,288.0,0.3333333333333333
1101,-1.8387863446565156,1.2617539674847027,1101,162.03956604003906,161.98348999023438,288.0,0.3159722222222222
1102,-1.643423202033318,1.5157491768441689,1102,163.55035400390625,163.49493408203125,288.0,0.3090277777777778
1103,-1.4508604353545727,1.4177348159669239,1103,165.17604064941406,165.11949157714844,288.0,0.3194444444444444
1104,-2.017781032878043,1.4014798722372006,1104,168.0120849609375,167.95458984375,288.0,0.3368055555555556
1105,-1.554447001648617,1.4629350083286399,1105,162.95547485351562,162.89999389648438,288.0,0.3472222222222222
1106,-1.888047768609149,1.3060905824350528,1106,165.51580810546875,165.4600830078125,288.0,0.3125
1107,-1.703353380405875,1.6364766997140097,1107,162.90570068359375,162.8494873046875,288.0,0.3333333333333333
1108,-1.4115252191493284,1.4093521850670534,1108,164.8841552734375,164.82806396484375,288.0,0.2881944444444444
1109,-1.8252327514680762,1.3407584618308444,1109,167.8983154296875,167.84088134765625,288.0,0.3368055555555556
1110,-1.6439614320984537,1.4084394778658,1110,165.75433349609375,165.69757080078125,288.0,0.2743055555555556
1111,-1.5648303294204209,1.5584078565356676,1111,168.63095092773438,168.57351684570312,288.0,0.2777777777777778
1112,-1.6058510404713695,1.6213342705951344,1112,163.73431396484375,163.67831420898438,288.0,0.3159722222222222
1113,-1.101946911011626,1.680660794934606,1113,165.49514770507812,165.43893432617188,288.0,0.3194444444444444
1114,-1.8327171992444902,1.1672262912819027,1114,164.51248168945312,164.45530700683594,288.0,0.3020833333333333
1115,-1.7816045026666103,1.35635112055723,1115,162.678955078125,162.62245178222656,288.0,0.3159722222222222
1116,-1.6203816955166592,1.55674592111839,1116,164.91607666015625,164.85995483398438,288.0,0.3645833333333333
1117,-1.4084663026203836,1.559491401449419,1117,167.49337768554688,167.43601989746094,288.0,0.2986111111111111
1118,-1.810904270385218,1.3927392247150203,1118,164.48828125,164.43215942382812,288.0,0.3055555555555556
1119,-1.8303064460050267,1.2591206045773464,1119,166.2288818359375,166.17208862304688,288.0,0.3125
1120,-1.154591982274284,1.569168742271071,1120,166.89486694335938,166.83767700195312,288.0,0.2951388888888889
1121,-1.5420164520277693,1.5896753880697916,1121,165.73585510253906,165.68011474609375,288.0,0.3368055555555556
1122,-1.5969419857466387,1.5110156399608867,1122,163.69778442382812,163.64169311523438,288.0,0.3055555555555556
1123,-1.3653360250167204,1.4943998849350166,1123,164.19297790527344,164.13717651367188,288.0,0.3229166666666667
1124,-1.7264892571612367,1.5824300802062232,1124,166.5796356201172,166.52267456054688,288.0,0.3298611111111111
1125,-2.0687883719678277,1.243563601995965,1125,167.04039001464844,166.98382568359375,288.0,0.3229166666666667
1126,-1.908342541824253,1.3489786464005402,1126,166.81768798828125,166.7609405517578,288.0,0.3229166666666667
1127,-1.5275718929567175,1.644938397407428,1127,164.312744140625,164.2567138671875,288.0,0.3576388888888889
1128,-1.5128227295118104,1.6463248505745325,1128,162.31309509277344,162.25869750976562,288.0,0.3402777777777778
1129,-1.7971513725677224,1.3963582253087983,1129,164.79920959472656,164.74356079101562,288.0,0.3680555555555556
1130,-1.8635412490518222,1.2988451594821189,1130,165.16183471679688,165.10574340820312,288.0,0.28125
1131,-1.7544452102131334,1.5395840387661266,1131,162.5081787109375,162.45262145996094,288.0,0.3333333333333333
1132,-1.5967497983214232,1.6147542476404588,1132,167.3621368408203,167.3057861328125,288.0,0.3020833333333333
1133,-1.8370712243828085,1.36317692778673,1133,164.2723388671875,164.21600341796875,288.0,0.3472222222222222
1134,-1.5165168529430322,1.7306167175247555,1134,166.9132843017578,166.8564453125,288.0,0.3784722222222222
1135,-1.3321544959329492,1.550252124278517,1135,166.04022216796875,165.98367309570312,288.0,0.28125
1136,-1.810470674077257,1.3160220862594345,1136,166.36508178710938,166.3080596923828,288.0,0.2847222222222222
1137,-1.9784993091899865,1.375286894826466,1137,165.77777099609375,165.72085571289062,288.0,0.3125
1138,-1.9730669075590614,1.167053787072886,1138,165.44630432128906,165.39036560058594,288.0,0.2777777777777778
1139,-1.8538896539913285,1.2656791127383784,1139,167.9626007080078,167.90582275390625,288.0,0.2847222222222222
1140,-1.550443818290119,1.5500997857633578,1140,165.98936462402344,165.93231201171875,288.0,0.3194444444444444
1141,-1.6997701665085758,1.3288180047600844,1141,164.33859252929688,164.28314208984375,288.0,0.3125
1142,-1.9856798268171556,1.2648306796550304,1142,163.91073608398438,163.85545349121094,288.0,0.3055555555555556
1143,-1.4558766009701634,1.5461270656067785,1143,165.37118530273438,165.3146514892578,288.0,0.34375
1144,-1.8342790158037436,1.341870739329623,1144,166.95462036132812,166.89810180664062,288.0,0.3263888888888889
1145,-1.7590906223582599,1.3930809190761404,1145,169.5239715576172,169.4661865234375,288.0,0.2569444444444444
1146,-1.3096364738726045,1.6523667214365532,1146,166.3732452392578,166.3162841796875,288.0,0.3263888888888889
1147,-1.3429250994172623,1.493910237758897,1147,169.19989013671875,169.14263916015625,288.0,0.2604166666666667
1148,-1.3995439281471806,1.6288162700491562,1148,167.99273681640625,167.93582153320312,288.0,0.3090277777777778
1149,-1.9265529492400892,1.2639465802225578,1149,167.56736755371094,167.50975036621094,288.0,0.3472222222222222
1150,-1.7804756161414792,1.2988022659620164,1150,165.87591552734375,165.81939697265625,288.0,0.2847222222222222
1151,-1.8717738561010466,1.2200655614520752,1151,167.48861694335938,167.43125915527344,288.0,0.3020833333333333
1152,-1.601534550711755,1.3612835864411323,1152,165.4591064453125,165.40243530273438,288.0,0.3125
1153,-1.7799571640352383,1.411603916379605,1153,161.4206085205078,161.36459350585938,288.0,0.3055555555555556
1154,-1.7405269778125714,1.4562608775356167,1154,168.12637329101562,168.0683135986328,288.0,0.3159722222222222
1155,-1.4205694331571022,1.511729550211974,1155,165.54580688476562,165.4898681640625,288.0,0.2708333333333333
1156,-1.9106237664988488,1.23261826291446,1156,165.87371826171875,165.81695556640625,288.0,0.2916666666666667
1157,-1.7762862742975638,1.215083619392849,1157,163.29666137695312,163.24066162109375,288.0,0.2881944444444444
1158,-1.3216011261040184,1.5504312189695506,1158,167.74185180664062,167.6846160888672,288.0,0.3298611111111111
1159,-1.8019902574703077,1.4619132360170546,1159,167.7659149169922,167.70834350585938,288.0,0.2951388888888889
1160,-1.9776241608869307,1.217383324596373,1160,166.04965209960938,165.99325561523438,288.0,0.3159722222222222
1161,-1.2568113183959262,1.4809478604651454,1161,164.56976318359375,164.51434326171875,288.0,0.2916666666666667
1162,-1.7467187398504747,1.2948093998536871,1162,165.0450439453125,164.9893798828125,288.0,0.2743055555555556
1163,-2.0814698349477916,1.2598663976805515,1163,163.21261596679688,163.15704345703125,288.0,0.34375
1164,-1.6592317258194136,1.564052904007925,1164,165.47897338867188,165.42318725585938,288.0,0.3055555555555556
1165,-1.4625073871016199,1.5113634334016295,1165,166.05581665039062,165.99917602539062,288.0,0.34375
1166,-1.559992254466643,1.5224755825499832,1166,165.20547485351562,165.1490478515625,288.0,0.2743055555555556
1167,-1.556062174580718,1.689633953913219,1167,168.75926208496094,168.70132446289062,288.0,0.2708333333333333
1168,-1.802460920012428,1.223415171083971,1168,168.20172119140625,168.14404296875,288.0,0.2604166666666667
1169,-1.8726489632053065,1.1632459216769158,1169,166.36605834960938,166.30885314941406,288.0,0.28125
1170,-1.6951025386187804,1.63936123640625,1170,166.80828857421875,166.751953125,288.0,0.2986111111111111
1171,-1.249480594206987,1.5673517388323523,1171,160.34434509277344,160.28872680664062,288.0,0.2743055555555556
1172,-1.4546988692318503,1.4270109371038975,1172,165.24392700195312,165.18829345703125,288.0,0.2604166666666667
1173,-1.5148252694752413,1.4410319107900396,1173,166.01283264160156,165.9561004638672,288.0,0.3090277777777778
1174,-1.916026411004515,1.3949446606292857,1174,167.14039611816406,167.08364868164062,288.0,0.3576388888888889
1175,-1.8150728409801233,1.3147476727329444,1175,159.40371704101562,159.35018920898438,288.0,0.2881944444444444
1176,-1.9706211300955896,1.252783932823062,1176,168.36495971679688,168.3077850341797,288.0,0.3020833333333333
1177,-1.7043156823062362,1.1979468677916931,1177,166.95828247070312,166.90200805664062,288.0,0.28125
1178,-1.4999297695657647,1.6240281970418893,1178,159.39846801757812,159.3431396484375,288.0,0.34375
1179,-1.4689630849123105,1.6146124529297108,1179,161.48171997070312,161.42787170410156,288.0,0.3055555555555556
1180,-1.5322573874006042,1.4622050097690003,1180,165.02816772460938,164.97293090820312,288.0,0.2951388888888889
1181,-1.8596507717387385,1.2660074508471546,1181,164.78109741210938,164.72547912597656,288.0,0.2708333333333333
1182,-1.6402278270214086,1.4068557527046632,1182,167.59512329101562,167.53741455078125,288.0,0.2743055555555556
1183,-1.64006619837685,1.4606693113976603,1183,166.53826904296875,166.48092651367188,288.0,0.2951388888888889
1184,-1.344916151776331,1.4241587364599428,1184,163.51431274414062,163.4600830078125,288.0,0.28125
1185,-1.9036763103028878,1.2248903689150585,1185,166.56207275390625,166.50503540039062,288.0,0.2569444444444444
1186,-1.841606054915761,1.254688084673513,1186,161.6508026123047,161.59498596191406,288.0,0.25
1187,-2.106431971711681,1.200369827393935,1187,162.6365203857422,162.58151245117188,288.0,0.3125
1188,-1.8943721055059572,1.2519226258909166,1188,160.14511108398438,160.08969116210938,288.0,0.2638888888888889
1189,-1.669798544020989,1.3580967222080103,1189,165.5205535888672,165.46356201171875,288.0,0.2604166666666667
1190,-1.8850286645186611,1.2054212077283897,1190,166.5609588623047,166.50387573242188,288.0,0.2847222222222222
1191,-1.6416943080081605,1.3604906923948255,1191,164.73300170898438,164.67767333984375,288.0,0.2986111111111111
1192,-1.7384530709050199,1.283789933723603,1192,165.7403564453125,165.68299865722656,288.0,0.2638888888888889
1193,-1.823818266765933,1.2255029481610988,1193,166.58984375,166.53289794921875,288.0,0.2534722222222222
1194,-1.9228972313144352,1.2720880097094727,1194,164.62173461914062,164.56544494628906,288.0,0.3159722222222222
1195,-1.9394201557058015,1.185815599934459,1195,167.55575561523438,167.49810791015625,288.0,0.2673611111111111
1196,-1.9547011124284406,1.3663670954946072,1196,161.2073974609375,161.1513671875,288.0,0.2951388888888889
1197,-1.377203239191848,1.6541008373652855,1197,166.74267578125,166.6852569580078,288.0,0.2638888888888889
1198,-1.7482666930199011,1.3385405775443582,1198,159.63162231445312,159.57611083984375,288.0,0.3090277777777778
1199,-1.7395474756608573,1.3476020997881744,1199,168.76522827148438,168.70712280273438,288.0,0.2777777777777778
1200,-1.8202409564488349,1.3781188053760107,1200,166.29617309570312,166.23924255371094,288.0,0.2951388888888889
1201,-1.830195187369199,1.1815785167435062,1201,165.376953125,165.31930541992188,288.0,0.2569444444444444
1202,-1.3770531837540312,1.6487893682291535,1202,165.17095947265625,165.11474609375,288.0,0.28125
1203,-1.962020290490839,1.2932315928732683,1203,163.67291259765625,163.6179656982422,288.0,0.2534722222222222
1204,-1.8947647527762637,1.2274184072728478,1204,163.57403564453125,163.5189666748047,288.0,0.24305555555555555
1205,-1.2520000068956252,1.344609403497957,1205,166.00564575195312,165.94908142089844,288.0,0.2326388888888889
1206,-1.3390491349928266,1.6943763511855368,1206,163.22335815429688,163.16806030273438,288.0,0.2777777777777778
1207,-2.051480415682647,1.3016479082694041,1207,166.06326293945312,166.00711059570312,288.0,0.3368055555555556
1208,-1.3288250842826848,1.6922534346862035,1208,163.93701171875,163.88137817382812,288.0,0.3125
1209,-1.7513782197368135,1.3163327075533426,1209,160.0711669921875,160.01637268066406,288.0,0.2673611111111111
1210,-1.4247623431336747,1.5926356561660677,1210,164.5428466796875,164.48593139648438,288.0,0.2951388888888889
1211,-2.040526487513552,1.2559946143872915,1211,164.84951782226562,164.79306030273438,288.0,0.3194444444444444
1212,-1.0202145089585555,1.4640261415419056,1212,164.27536010742188,164.2195587158203,288.0,0.2465277777777778
1213,-1.4926468714400265,1.4154420490093755,1213,162.9700927734375,162.91555786132812,288.0,0.2847222222222222
1214,-1.5101306394110665,1.5548289760149436,1214,163.62503051757812,163.56997680664062,288.0,0.2361111111111111
1215,-1.873096012642127,1.263449507894388,1215,164.90548706054688,164.8502197265625,288.0,0.2534722222222222
1216,-1.920913494012321,1.277516846304346,1216,165.0001220703125,164.94223022460938,288.0,0.2986111111111111
1217,-1.5367420045752507,1.3753021672767796,1217,167.0469970703125,166.99020385742188,288.0,0.25
1218,-1.8006541091640136,1.2758724086685276,1218,165.49378967285156,165.43771362304688,288.0,0.2534722222222222
1219,-1.4740168811002807,1.656992122029016,1219,164.70025634765625,164.64425659179688,288.0,0.2986111111111111
1220,-1.4974822948779658,1.639982824517528,1220,167.72499084472656,167.66818237304688,288.0,0.3055555555555556
1221,-1.6285224431807261,1.4508815474934926,1221,167.83580017089844,167.77825927734375,288.0,0.28125
1222,-1.8020272812497826,1.3153355486666427,1222,165.3665008544922,165.3101043701172,288.0,0.3159722222222222
1223,-1.4850996477825196,1.442179373344823,1223,164.82955932617188,164.77432250976562,288.0,0.2777777777777778
1224,-1.2180834333617867,1.4786802954946194,1224,164.22853088378906,164.1729278564453,288.0,0.2326388888888889
1225,-1.6943509161724992,1.2070823203843555,1225,165.71612548828125,165.6593475341797,288.0,0.2361111111111111
1226,-1.5088118219885809,1.4794192780198552,1226,165.89163208007812,165.83541870117188,288.0,0.2743055555555556
1227,-1.8824780225092894,1.1525189554948976,1227,165.3732452392578,165.31655883789062,288.0,0.23958333333333334
1228,-1.3109104540568786,1.540603762284802,1228,160.41476440429688,160.360595703125,288.0,0.2708333333333333
1229,-1.5112860709916132,1.545733481162034,1229,166.8914337158203,166.83497619628906,288.0,0.23958333333333334
1230,-1.3295086955402862,1.6368488362129112,1230,164.6798095703125,164.62379455566406,288.0,0.2673611111111111
1231,-1.9405258831337053,1.3275855391535725,1231,166.11373901367188,166.05682373046875,288.0,0.2916666666666667
1232,-1.8544153858999306,1.327291410835614,1232,164.1322021484375,164.07583618164062,288.0,0.2986111111111111
1233,-1.9118081436778682,1.1280750117388951,1233,166.53500366210938,166.4783935546875,288.0,0.2534722222222222
1234,-1.905082239933495,1.355662431600046,1234,159.13986206054688,159.0852813720703,288.0,0.3159722222222222
1235,-1.5686088111584071,1.588719769370253,1235,163.576171875,163.52047729492188,288.0,0.2916666666666667
1236,-1.9675951225379948,1.2984444575698326,1236,163.02198791503906,162.96803283691406,288.0,0.3333333333333333
1237,-1.9094572460303583,1.2816708192201347,1237,161.9533233642578,161.8979949951172,288.0,0.3020833333333333
1238,-1.366411787590188,1.5640428648314735,1238,158.59445190429688,158.5399169921875,288.0,0.2673611111111111
1239,-1.572534886031268,1.572030412026859,1239,159.9604034423828,159.90574645996094,288.0,0.2708333333333333
1240,-1.90947774450924,1.2573127563359714,1240,168.118896484375,168.0610809326172,288.0,0.2847222222222222
1241,-1.833896392515369,1.3187261169735385,1241,165.42376708984375,165.36740112304688,288.0,0.2673611111111111
1242,-1.3999229483578668,1.4504873683260493,1242,164.5940399169922,164.53717041015625,288.0,0.2916666666666667
1243,-1.2270949381655447,1.4917729411028635,1243,167.00070190429688,166.94345092773438,288.0,0.23958333333333334
1244,-1.4056081120926902,1.60143520674002,1244,166.227294921875,166.17095947265625,288.0,0.2951388888888889
1245,-1.3967011957885112,1.401733451945987,1245,166.13787841796875,166.081787109375,288.0,0.28125
1246,-1.7695402817782198,1.3123661221820218,1246,165.39727783203125,165.3409423828125,288.0,0.28125
1247,-1.6422826062057347,1.328078500973414,1247,165.12844848632812,165.0736083984375,288.0,0.23958333333333334
1248,-1.3567536891763712,1.5616284004872159,1248,166.89141845703125,166.83511352539062,288.0,0.2604166666666667
1249,-1.802146860893806,1.3149554930480394,1249,164.0230712890625,163.96707153320312,288.0,0.2708333333333333
1250,-1.5429486674003232,1.4244911882569988,1250,166.16415405273438,166.10760498046875,288.0,0.2638888888888889
1251,-1.6611986295819419,1.3389082418703437,1251,164.02352905273438,163.96829223632812,288.0,0.28125
1252,-1.9395965522962055,1.1690962097632278,1252,164.87933349609375,164.823486328125,288.0,0.2534722222222222
1253,-1.0550567212627402,1.1662358435396123,1253,165.96719360351562,165.91152954101562,288.0,0.2604166666666667
1254,-1.4643314067032775,1.3617559283194915,1254,165.30271911621094,165.247314453125,288.0,0.2326388888888889
1255,-2.0181198862567737,1.1219698427845257,1255,166.68505859375,166.62924194335938,288.0,0.2534722222222222
1256,-1.848992926233089,1.259974425707016,1256,169.15921020507812,169.10140991210938,288.0,0.20833333333333334
1257,-1.7135550647472442,1.6408991059658784,1257,165.89744567871094,165.8414306640625,288.0,0.2708333333333333
1258,-1.8564784224714552,1.2259354724208082,1258,163.64495849609375,163.5889892578125,288.0,0.25
1259,-2.042154007776898,1.1649302576955596,1259,164.94613647460938,164.88925170898438,288.0,0.2743055555555556
1260,-1.4280589731010613,1.615579547667438,1260,167.64486694335938,167.5880126953125,288.0,0.2881944444444444
1261,-2.0864558564017965,1.115004600437739,1261,165.2734832763672,165.21743774414062,288.0,0.28125
1262,-1.3486935194615375,1.7249603854325735,1262,166.1632080078125,166.10719299316406,288.0,0.2777777777777778
1263,-1.1871734907516713,1.466143648710135,1263,165.0042724609375,164.94857788085938,288.0,0.2638888888888889
1264,-1.706305470145531,1.3692415320563895,1264,168.64791870117188,168.58999633789062,288.0,0.2569444444444444
1265,-1.4090032408999547,1.5769995167755309,1265,165.3447265625,165.28921508789062,288.0,0.2916666666666667
1266,-1.529398716012486,1.4582967743587083,1266,166.74354553222656,166.6874237060547,288.0,0.2881944444444444
1267,-1.5430992202045186,1.3848535848340306,1267,167.8306884765625,167.77325439453125,288.0,0.2673611111111111
1268,-1.8083861366263312,1.3119709933150867,1268,164.8524169921875,164.79574584960938,288.0,0.2604166666666667
1269,-1.6269386499472929,1.7521871750490008,1269,164.8260040283203,164.7703399658203,288.0,0.3229166666666667
1270,-1.2772930943013365,1.5312645650307177,1270,167.17599487304688,167.11895751953125,288.0,0.3020833333333333
1271,-1.5321217173214694,1.4861899088006645,1271,167.27804565429688,167.22161865234375,288.0,0.25
1272,-1.691747653517676,1.573409059326491,1272,164.708251953125,164.65269470214844,288.0,0.2777777777777778
1273,-1.9435792447034652,1.3326860655184354,1273,164.9401397705078,164.88516235351562,288.0,0.3159722222222222
1274,-1.5322259807861422,1.502948150840923,1274,166.52069091796875,166.46438598632812,288.0,0.2777777777777778
1275,-1.6693545171532678,1.487264406820541,1275,166.7657470703125,166.70916748046875,288.0,0.3125
1276,-1.4115761224681165,1.50950310538947,1276,166.5968017578125,166.54031372070312,288.0,0.3090277777777778
1277,-1.3945170672918745,1.6606843978987484,1277,168.4181365966797,168.36056518554688,288.0,0.2777777777777778
1278,-1.5346017996023318,1.6196429660526734,1278,166.23919677734375,166.18267822265625,288.0,0.24305555555555555
1279,-1.846602427256784,1.246250926752034,1279,166.3330535888672,166.2760467529297,288.0,0.2569444444444444
1280,-1.3806142483214978,1.6483520705264896,1280,167.00306701660156,166.9467010498047,288.0,0.28125
1281,-1.5472601676936302,1.379456569093355,1281,162.40699768066406,162.352294921875,288.0,0.23958333333333334
1282,-1.3737810883214698,1.512465306075028,1282,166.39328002929688,166.33717346191406,288.0,0.24305555555555555
1283,-1.8197036319468185,1.2711882073859677,1283,166.46441650390625,166.4083251953125,288.0,0.2708333333333333
1284,-1.778912544785159,1.3953261462049273,1284,163.43679809570312,163.38101196289062,288.0,0.2951388888888889
1285,-1.8731800892377493,1.329626994906212,1285,165.94947814941406,165.89340209960938,288.0,0.2881944444444444
1286,-1.5794927558082579,1.3225381608092917,1286,166.3728790283203,166.31668090820312,288.0,0.2604166666666667
1287,-1.6097663695662756,1.3460926451018904,1287,164.99510192871094,164.93988037109375,288.0,0.2465277777777778
1288,-1.748340407947099,1.3757315003046002,1288,164.76165771484375,164.70555114746094,288.0,0.2638888888888889
1289,-1.2336616084216216,1.4679076038902557,1289,167.68309020996094,167.62518310546875,288.0,0.2534722222222222
1290,-1.6993305329501558,1.2522542086587303,1290,166.8372344970703,166.7806854248047,288.0,0.24305555555555555
1291,-1.7463069911325084,1.2998874863355312,1291,156.92044067382812,156.86732482910156,288.0,0.2534722222222222
1292,-1.5040682831044048,1.449507722667608,1292,164.1448974609375,164.08810424804688,288.0,0.2465277777777778
1293,-1.4972696753980133,1.486677013469029,1293,165.80044555664062,165.74432373046875,288.0,0.2604166666666667
1294,-1.4726089954429509,1.5477360998339136,1294,160.8427734375,160.7889404296875,288.0,0.2743055555555556
1295,-1.798543693332412,1.3342198681674433,1295,168.29837036132812,168.24063110351562,288.0,0.2777777777777778
1296,-1.38160038625858,1.5505116131162082,1296,166.89537048339844,166.8378143310547,288.0,0.2777777777777778
1297,-1.5188922679370245,1.5946563677078498,1297,166.3992919921875,166.343017578125,288.0,0.2881944444444444
1298,-2.001056057147428,1.2453522069953318,1298,164.21493530273438,164.15963745117188,288.0,0.3090277777777778
1299,-1.897279986430836,1.2595487172281894,1299,162.47235107421875,162.416748046875,288.0,0.2673611111111111
1300,-1.7570854207865283,1.2645928665597816,1300,163.975830078125,163.9197998046875,288.0,0.2222222222222222
1301,-1.991016982802522,1.3253597156868357,1301,163.1851806640625,163.1294708251953,288.0,0.2986111111111111
1302,-1.8369281331437597,1.2626637627789616,1302,168.6815185546875,168.6233673095703,288.0,0.2534722222222222
1303,-2.0024368680898164,1.2863726312753878,1303,161.57847595214844,161.5230712890625,288.0,0.2881944444444444
1304,-1.4542670636753514,1.6466848651393438,1304,163.10423278808594,163.0492401123047,288.0,0.2708333333333333
1305,-1.7683331286949047,1.298269550058016,1305,165.9874267578125,165.93038940429688,288.0,0.2638888888888889
1306,-1.9283087124939557,1.302729749930533,1306,164.035888671875,163.97811889648438,288.0,0.2881944444444444
1307,-1.4484269546074073,1.4266368983923832,1307,162.29222106933594,162.236572265625,288.0,0.2916666666666667
1308,-1.3477199023583597,1.3812355813023987,1308,166.25341796875,166.19708251953125,288.0,0.2604166666666667
1309,-1.3301147963854527,1.645242023264361,1309,169.19296264648438,169.13455200195312,288.0,0.2847222222222222
1310,-1.974977069824347,1.2448581834324521,1310,162.25631713867188,162.20164489746094,288.0,0.2152777777777778
1311,-1.2974899700277047,1.506562834516115,1311,165.51327514648438,165.45700073242188,288.0,0.25
1312,-1.297735008164154,1.5549586004083222,1312,165.05526733398438,164.99945068359375,288.0,0.2604166666666667
1313,-1.877058571931073,1.2936456270335748,1313,166.47837829589844,166.42166137695312,288.0,0.20833333333333334
1314,-1.6223715548415862,1.3340403131480387,1314,166.67282104492188,166.6160888671875,288.0,0.2673611111111111
1315,-1.882576678502954,1.2973172064393423,1315,166.54539489746094,166.48910522460938,288.0,0.28125
1316,-1.615134208516018,1.6554631776172748,1316,161.12478637695312,161.0694580078125,288.0,0.25
1317,-1.9479044157864505,1.221877714724951,1317,165.58665466308594,165.5304718017578,288.0,0.2361111111111111
1318,-1.7420706318016117,1.5847983196061968,1318,166.6410675048828,166.58514404296875,288.0,0.2777777777777778
1319,-2.1220113379806347,1.2892168369677177,1319,166.677001953125,166.62046813964844,288.0,0.2986111111111111
1320,-1.6840546504798906,1.4787917495203726,1320,165.83154296875,165.77525329589844,288.0,0.2534722222222222
1321,-1.9295653518977995,1.3342828606810577,1321,164.78213500976562,164.72569274902344,288.0,0.2743055555555556
1322,-1.3060654949179293,1.6544486505127847,1322,168.56182861328125,168.50338745117188,288.0,0.22916666666666666
1323,-1.7803097449046836,1.3168143966274601,1323,168.45547485351562,168.39794921875,288.0,0.2673611111111111
1324,-1.5815345601967756,1.3525875926293511,1324,167.5630340576172,167.50588989257812,288.0,0.2465277777777778
1325,-1.1248056971734262,1.3879242135080612,1325,163.87255859375,163.81729125976562,288.0,0.22569444444444445
1326,-1.6986242755123786,1.267178560280481,1326,165.16192626953125,165.1050567626953,288.0,0.21180555555555555
1327,-1.9319658782455642,1.2178035019549256,1327,164.40011596679688,164.3438262939453,288.0,0.21875
1328,-1.9544958519817257,1.2895459307351091,1328,165.77406311035156,165.71693420410156,288.0,0.2847222222222222
1329,-1.6731259992333127,1.3343927888389848,1329,160.33871459960938,160.2830047607422,288.0,0.2569444444444444
1330,-1.2051372094318613,1.346623469196521,1330,168.0799560546875,168.02252197265625,288.0,0.2534722222222222
1331,-1.6601030422951877,1.5379353692991113,1331,166.18214416503906,166.1256866455078,288.0,0.2743055555555556
1332,-1.7916357433318657,1.2965726341394082,1332,166.50379943847656,166.44668579101562,288.0,0.24305555555555555
1333,-1.928281905023068,1.1996489633166898,1333,167.27944946289062,167.22210693359375,288.0,0.2881944444444444
1334,-1.6997307972793367,1.5520182325245526,1334,164.47784423828125,164.42213439941406,288.0,0.2604166666666667
1335,-0.9665475639452757,1.5146131687774267,1335,157.84779357910156,157.79391479492188,288.0,0.2638888888888889
1336,-1.3936825329745244,1.5385391171115819,1336,165.5438995361328,165.48773193359375,288.0,0.2881944444444444
1337,-1.7984760057067324,1.3141289054197522,1337,165.62576293945312,165.56947326660156,288.0,0.2847222222222222
1338,-1.6044364308447472,1.5529418705744291,1338,165.52593994140625,165.469970703125,288.0,0.2361111111111111
1339,-1.8689603024079544,1.264111288844534,1339,164.98199462890625,164.92605590820312,288.0,0.2986111111111111
1340,-1.3041310321841533,1.465633042163426,1340,164.072265625,164.01638793945312,288.0,0.2361111111111111
1341,-0.9983338204414838,1.2897663776891883,1341,166.99313354492188,166.93626403808594,288.0,0.1909722222222222
1342,-1.7723991450309593,1.4014119653422024,1342,162.47557067871094,162.42149353027344,288.0,0.2465277777777778
1343,-1.776047540348987,1.2602784757270138,1343,165.9813232421875,165.9248046875,288.0,0.2222222222222222
1344,-1.8224891100807623,1.2852004794396477,1344,162.7463836669922,162.6901397705078,288.0,0.2604166666666667
1345,-1.300892555140479,1.6693318132084412,1345,165.5225830078125,165.4672088623047,288.0,0.2465277777777778
1346,-1.852407680607145,1.2806319497795515,1346,166.49195861816406,166.43492126464844,288.0,0.2465277777777778
1347,-1.6225247437567463,1.4328487653342952,1347,167.53457641601562,167.47706604003906,288.0,0.21875
1348,-1.803302859673211,1.2754095845737043,1348,166.21697998046875,166.16091918945312,288.0,0.22569444444444445
1349,-1.586399338232904,1.4117461973551164,1349,167.6961669921875,167.63922119140625,288.0,0.2743055555555556
1350,-1.975035579276019,1.3525500145100684,1350,164.38064575195312,164.32568359375,288.0,0.2604166666666667
1351,-1.1552200176755079,1.420450722097082,1351,166.16236877441406,166.10662841796875,288.0,0.19791666666666666
1352,-1.766126940933554,1.3452366987050912,1352,164.82852172851562,164.77232360839844,288.0,0.25
1353,-1.8836823238255584,1.2200766514379062,1353,166.54360961914062,166.48728942871094,288.0,0.21180555555555555
1354,-1.9903449933930817,1.3114340298784508,1354,164.26942443847656,164.21429443359375,288.0,0.2673611111111111
1355,-1.5396757354081785,1.4861074027898469,1355,160.20382690429688,160.14874267578125,288.0,0.2743055555555556
1356,-1.7821838464394335,1.2413060749561726,1356,165.65676879882812,165.6005859375,288.0,0.2048611111111111
1357,-1.886487128268006,1.1382749880530012,1357,167.08815002441406,167.03147888183594,288.0,0.19791666666666666
1358,-1.861121885519504,1.359565893651355,1358,161.82452392578125,161.76922607421875,288.0,0.25
1359,-2.0585808303389608,1.1659643178711356,1359,166.14364624023438,166.08819580078125,288.0,0.2638888888888889
1360,-1.7732931668985958,1.4497750510305607,1360,166.2342071533203,166.1778564453125,288.0,0.21180555555555555
1361,-1.7040854762787434,1.2757108596568387,1361,167.20828247070312,167.1511688232422,288.0,0.2361111111111111
1362,-1.9793952982057235,1.2232985494706219,1362,164.38372802734375,164.32781982421875,288.0,0.2361111111111111
1363,-1.6462843158783866,1.545680536228744,1363,164.28799438476562,164.2322998046875,288.0,0.24305555555555555
1364,-1.0491338975721942,1.201279291044252,1364,161.10845947265625,161.05218505859375,288.0,0.25
1365,-1.1801427796342532,1.5566345828730168,1365,165.2763671875,165.22006225585938,288.0,0.2152777777777778
1366,-1.7861939587877913,1.2002771273781154,1366,163.6813507080078,163.62527465820312,288.0,0.21180555555555555
1367,-1.5763487155295688,1.4811050121161071,1367,164.478759765625,164.42315673828125,288.0,0.2534722222222222
1368,-1.4857462453327648,1.5431393834538452,1368,169.32510375976562,169.26840209960938,288.0,0.2534722222222222
1369,-1.2560873875786234,1.5031625752692537,1369,167.47825622558594,167.42147827148438,288.0,0.2847222222222222
1370,-1.3348231771220935,1.6579766335264816,1370,166.8335723876953,166.7772216796875,288.0,0.28125
1371,-1.9505012752697075,1.2430125605759392,1371,165.95449829101562,165.89877319335938,288.0,0.2326388888888889
1372,-1.940597259639222,1.257084683914589,1372,162.96804809570312,162.91195678710938,288.0,0.22916666666666666
1373,-1.8591824035897306,1.310106013797776,1373,165.20672607421875,165.15042114257812,288.0,0.22916666666666666
1374,-1.4511600461123426,1.4757363945945183,1374,162.16061401367188,162.10540771484375,288.0,0.2326388888888889
1375,-1.8663703302223367,1.380466258324704,1375,161.77322387695312,161.71710205078125,288.0,0.2361111111111111
1376,-1.9343660937292837,1.1233152838558553,1376,165.61224365234375,165.55616760253906,288.0,0.1840277777777778
1377,-1.6869208959768116,1.259222313586773,1377,162.28228759765625,162.22686767578125,288.0,0.24305555555555555
1378,-1.5725960802088186,1.4224732077932052,1378,167.3979034423828,167.341064453125,288.0,0.20833333333333334
1379,-1.4259838050417115,1.5463673681623924,1379,158.32754516601562,158.2738800048828,288.0,0.2361111111111111
1380,-1.7991253200878328,1.35334604450289,1380,168.58872985839844,168.5297393798828,288.0,0.2048611111111111
1381,-1.4407033253063974,1.4819483162465723,1381,165.48660278320312,165.43087768554688,288.0,0.2361111111111111
1382,-1.7705099110701241,1.385253791738182,1382,164.83511352539062,164.77865600585938,288.0,0.2569444444444444
1383,-1.7845678542330619,1.3350794767568988,1383,165.5885009765625,165.5326385498047,288.0,0.2708333333333333
1384,-1.6648020670124668,1.214326675754944,1384,165.9071044921875,165.8512725830078,288.0,0.25
1385,-1.8407300740691828,1.2174855578319375,1385,161.0233154296875,160.96725463867188,288.0,0.2569444444444444
1386,-1.85983886230517,1.2093554147650316,1386,166.25033569335938,166.19326782226562,288.0,0.2222222222222222
1387,-1.1812855542268395,1.6048012393210116,1387,163.67279052734375,163.6165313720703,288.0,0.23958333333333334
1388,-1.7322908315675316,1.265458536603419,1388,164.9571990966797,164.90126037597656,288.0,0.2326388888888889
1389,-1.5753868671398137,1.4905782686672375,1389,166.17630004882812,166.11947631835938,288.0,0.17708333333333334
1390,-1.7041992440559126,1.2642983467256583,1390,164.31887817382812,164.26271057128906,288.0,0.22916666666666666
1391,-1.5564701789115978,1.6043370298895376,1391,163.72225952148438,163.66583251953125,288.0,0.2361111111111111
1392,-0.9304196974020851,1.2536505719653286,1392,161.9247589111328,161.8690185546875,288.0,0.2152777777777778
1393,-1.7816817641597322,1.239690147459552,1393,161.55685424804688,161.50054931640625,288.0,0.2013888888888889
1394,-1.426343213936674,1.5457053626729704,1394,165.77902221679688,165.72340393066406,288.0,0.2326388888888889
1395,-1.6409144596694092,1.5320501712014696,1395,165.60906982421875,165.55233764648438,288.0,0.2916666666666667
1396,-1.8256395315727032,1.2382596524821126,1396,165.5705108642578,165.51406860351562,288.0,0.2152777777777778
1397,-1.8226150933169478,1.3321696167214643,1397,168.75469970703125,168.69754028320312,288.0,0.28125
1398,-1.8595959127729382,1.3028326208918588,1398,164.7818603515625,164.7262420654297,288.0,0.2569444444444444
1399,-1.6998738426292304,1.392733731977526,1399,162.56031799316406,162.50433349609375,288.0,0.2534722222222222
1400,-1.887824953001777,1.1894352829812247,1400,161.85592651367188,161.79971313476562,288.0,0.22916666666666666
1401,-1.5517717531488806,1.3758024523799084,1401,160.7889404296875,160.7332305908203,288.0,0.23958333333333334
1402,-1.5773943344484007,1.522446543123172,1402,165.84605407714844,165.78890991210938,288.0,0.2777777777777778
1403,-1.983231691747269,1.2270161251230876,1403,165.7040557861328,165.6467742919922,288.0,0.2534722222222222
1404,-1.7074807462812687,1.424369408742363,1404,162.4876708984375,162.4327392578125,288.0,0.24305555555555555
1405,-1.739289936932824,1.4248116847480223,1405,166.09197998046875,166.03558349609375,288.0,0.2604166666666667
1406,-1.7128909280476259,1.354658374272228,1406,165.16787719726562,165.11122131347656,288.0,0.21180555555555555
1407,-1.948025789652964,1.1693329647099306,1407,167.39524841308594,167.33798217773438,288.0,0.24305555555555555
1408,-1.8770421098300762,1.1897702017797105,1408,167.96351623535156,167.90618896484375,288.0,0.22916666666666666
1409,-1.3498314086393652,1.5903479598443906,1409,164.27383422851562,164.21775817871094,288.0,0.22569444444444445
1410,-1.8861277125694147,1.219179071058662,1410,162.8285369873047,162.77195739746094,288.0,0.2465277777777778
1411,-1.6238218279725833,1.1607586716850449,1411,164.86715698242188,164.81027221679688,288.0,0.1701388888888889
1412,-1.4312551459698204,1.6505173502447499,1412,168.01280212402344,167.9556427001953,288.0,0.2638888888888889
1413,-1.606206361413681,1.4594745193891372,1413,163.15634155273438,163.10169982910156,288.0,0.22569444444444445
1414,-1.0954137644372461,1.6086230209515315,1414,167.34307861328125,167.28590393066406,288.0,0.2013888888888889
1415,-1.6941682892495153,1.2123604788923599,1415,166.92568969726562,166.8694610595703,288.0,0.21180555555555555
1416,-1.045075540443446,1.4225376465839574,1416,164.44482421875,164.38980102539062,288.0,0.2222222222222222
1417,-1.4722519441370459,1.478593254753276,1417,160.54457092285156,160.48960876464844,288.0,0.20833333333333334
1418,-1.3892003032765383,1.3605735963438268,1418,167.5861358642578,167.52838134765625,288.0,0.2013888888888889
1419,-1.7214050210207406,1.2360204428017696,1419,160.9540252685547,160.89849853515625,288.0,0.21875
1420,-1.4092227719236996,1.4268273509529747,1420,164.13082885742188,164.07455444335938,288.0,0.22569444444444445
1421,-1.5496674502439378,1.4397381753622331,1421,164.3743896484375,164.31922912597656,288.0,0.23958333333333334
1422,-1.650934446045839,1.3926205743512674,1422,164.886962890625,164.83004760742188,288.0,0.2673611111111111
1423,-1.4218837647041782,1.430868369267305,1423,164.68310546875,164.626953125,288.0,0.2326388888888889
1424,-1.5360300321423566,1.1570477835698079,1424,165.96856689453125,165.91156005859375,288.0,0.22569444444444445
1425,-1.5420058625049637,1.3377766836878915,1425,167.1350860595703,167.0776824951172,288.0,0.2152777777777778
1426,-1.3775535343097463,1.165995199091849,1426,164.28660583496094,164.2310791015625,288.0,0.20833333333333334
1427,-1.740883678714984,1.2739435472118155,1427,165.25514221191406,165.19894409179688,288.0,0.2604166666666667
1428,-1.8128707230750356,1.3050430222448393,1428,162.9972686767578,162.94207763671875,288.0,0.2326388888888889
1429,-1.7059503032649468,1.3693932991982614,1429,164.29193115234375,164.2352294921875,288.0,0.23958333333333334
1430,-1.4210602245079953,1.6250333932988041,1430,166.51333618164062,166.45565795898438,288.0,0.21180555555555555
1431,-1.5583514466507822,1.4887049707588356,1431,165.08071899414062,165.02389526367188,288.0,0.2326388888888889
1432,-1.480886639154893,1.5482165863290447,1432,167.36721801757812,167.30996704101562,288.0,0.21180555555555555
1433,-1.6368567507205771,1.512035064374442,1433,166.72119140625,166.66441345214844,288.0,0.24305555555555555
1434,-1.201004936567985,1.3085029536027972,1434,166.47998046875,166.4229736328125,288.0,0.19791666666666666
1435,-1.7497272167435296,1.31195148182546,1435,162.78164672851562,162.72671508789062,288.0,0.25
1436,-1.61662100989543,1.4208531585605344,1436,166.4613037109375,166.40432739257812,288.0,0.2222222222222222
1437,-1.8237322025329874,1.1947524093407378,1437,166.06005859375,166.00350952148438,288.0,0.2152777777777778
1438,-1.7593241377257405,1.2457688759230874,1438,167.40963745117188,167.3526153564453,288.0,0.2465277777777778
1439,-1.7835629141404057,1.2413372089162598,1439,166.69775390625,166.6412353515625,288.0,0.20833333333333334
1440,-1.616538344349609,1.3940650537587445,1440,166.82412719726562,166.76705932617188,288.0,0.22916666666666666
1441,-1.5574984753719965,1.4802930495490882,1441,163.49520874023438,163.44049072265625,288.0,0.22916666666666666
1442,-1.6368526489953006,1.3402054964664631,1442,163.2051239013672,163.14907836914062,288.0,0.22569444444444445
1443,-1.0605573172748137,1.2510776598550784,1443,166.20095825195312,166.14474487304688,288.0,0.2152777777777778
1444,-1.779244555665461,1.7270897602655002,1444,164.11383056640625,164.0577392578125,288.0,0.2534722222222222
1445,-1.2166216058677481,1.5671652027801164,1445,165.1546630859375,165.09918212890625,288.0,0.2361111111111111
1446,-1.7318834118472497,1.2985005977651685,1446,164.2879638671875,164.23199462890625,288.0,0.2013888888888889
1447,-0.9613930276543375,1.4284004523482565,1447,164.78561401367188,164.73001098632812,288.0,0.14583333333333334
1448,-1.8015346642615246,1.266943388131248,1448,162.59115600585938,162.53482055664062,288.0,0.2326388888888889
1449,-1.6805543255529274,1.307802851292826,1449,164.65232849121094,164.59681701660156,288.0,0.21180555555555555
1450,-1.2595601409566286,1.3610111861702765,1450,164.07427978515625,164.0182342529297,288.0,0.1840277777777778
1451,-1.5004707798857129,1.6794656225259652,1451,165.41481018066406,165.35903930664062,288.0,0.2361111111111111
1452,-1.7310601182558543,1.3014434990127337,1452,165.07638549804688,165.02035522460938,288.0,0.21875
1453,-1.1315696560442259,1.4831633494461685,1453,165.69137573242188,165.6346893310547,288.0,0.1875
1454,-1.2800011883763411,1.4004186911170136,1454,163.48382568359375,163.427978515625,288.0,0.22916666666666666
1455,-1.3932153165209333,1.3395129652796,1455,166.84228515625,166.7852783203125,288.0,0.2152777777777778
1456,-1.6871867019029423,1.28401368386886,1456,163.4920654296875,163.43734741210938,288.0,0.22569444444444445
1457,-1.3132119211237143,1.5655824841239974,1457,161.67440795898438,161.62025451660156,288.0,0.16319444444444445
1458,-1.808799208797377,1.600654038001577,1458,163.59893798828125,163.54367065429688,288.0,0.2604166666666667
1459,-1.7810535972416635,1.2959413448386237,1459,162.82864379882812,162.77346801757812,288.0,0.25
1460,-1.3023682871622277,1.531445768281051,1460,166.81509399414062,166.75946044921875,288.0,0.2048611111111111
1461,-1.680546909428867,1.3154248350107696,1461,166.16375732421875,166.10781860351562,288.0,0.2048611111111111
1462,-1.7273132249830028,1.2708639830596942,1462,166.54237365722656,166.4859619140625,288.0,0.21180555555555555
1463,-1.6194518816413455,1.5263207749083016,1463,162.6143798828125,162.55908203125,288.0,0.22569444444444445
1464,-1.7307542060556484,1.2772484833290114,1464,164.55276489257812,164.49700927734375,288.0,0.22569444444444445
1465,-1.2389132514617245,1.5505697494855897,1465,165.6879119873047,165.6318817138672,288.0,0.2743055555555556
1466,-1.8327867241398128,1.2722267942961059,1466,165.1751251220703,165.11962890625,288.0,0.24305555555555555
1467,-1.9310591265077097,1.305615597981205,1467,166.67835998535156,166.62191772460938,288.0,0.2638888888888889
1468,-1.4265423341372887,1.5021679579741176,1468,163.5258026123047,163.47015380859375,288.0,0.22916666666666666
1469,-1.1181785212095325,1.521975936257189,1469,166.24371337890625,166.1876220703125,288.0,0.21875
1470,-1.5508267063525052,1.546612547476538,1470,162.13677978515625,162.08209228515625,288.0,0.2152777777777778
1471,-1.6771936051500589,1.2271725210670477,1471,164.70738220214844,164.65127563476562,288.0,0.19444444444444445
1472,-1.3665448517835201,1.5880092201103946,1472,165.20538330078125,165.1500244140625,288.0,0.1909722222222222
1473,-1.3128000333793375,1.679016116629277,1473,161.44207763671875,161.3881072998047,288.0,0.2361111111111111
1474,-1.7820672952594923,1.3716935174644183,1474,163.920654296875,163.86521911621094,288.0,0.2048611111111111
1475,-1.8058674078607737,1.2850257343967866,1475,164.62893676757812,164.5732421875,288.0,0.2326388888888889
1476,-1.8273672419236884,1.1082219907148263,1476,161.8065948486328,161.75106811523438,288.0,0.18055555555555555
1477,-1.5917251790905356,1.265306814730899,1477,164.1581268310547,164.10299682617188,288.0,0.1701388888888889
1478,-1.749707773942618,1.2953370635486403,1478,163.31927490234375,163.2640380859375,288.0,0.24305555555555555
1479,-1.5866281560756463,1.39455870511998,1479,162.5392608642578,162.4835205078125,288.0,0.22569444444444445
1480,-1.6925022621070929,1.300719578572374,1480,167.59536743164062,167.5385284423828,288.0,0.22916666666666666
1481,-1.6930647367722809,1.2339384273100804,1481,162.62918090820312,162.57403564453125,288.0,0.1597222222222222
1482,-1.7317661382205778,1.3436610001992022,1482,164.1693572998047,164.1142578125,288.0,0.23958333333333334
1483,-1.5617731448343106,1.4355425048947958,1483,162.25845336914062,162.20269775390625,288.0,0.23958333333333334
1484,-1.7929063204282873,1.363601897690742,1484,167.45960998535156,167.40243530273438,288.0,0.2743055555555556
1485,-1.3048652954183078,1.5721794549665533,1485,160.60845947265625,160.5536651611328,288.0,0.20833333333333334
1486,-1.5896332391887549,1.4973051746796877,1486,164.13088989257812,164.07473754882812,288.0,0.21180555555555555
1487,-1.1715196321235908,1.502598885194557,1487,162.00729370117188,161.95187377929688,288.0,0.22916666666666666
1488,-1.7006269256897586,1.4150002053555422,1488,165.71461486816406,165.65859985351562,288.0,0.2569444444444444
1489,-1.7428948554688621,1.2675790404326106,1489,166.78614807128906,166.72987365722656,288.0,0.16319444444444445
1490,-2.038212464114409,1.139271075339847,1490,165.59365844726562,165.5371551513672,288.0,0.23958333333333334
1491,-1.5978211868681866,1.455449896192066,1491,165.3026123046875,165.2454833984375,288.0,0.24305555555555555
1492,-1.513001498446249,1.3584343988433552,1492,169.09530639648438,169.03729248046875,288.0,0.22569444444444445
1493,-1.0119991926486256,1.3905804814440799,1493,164.75933837890625,164.703125,288.0,0.2013888888888889
1494,-1.5811561009933652,1.4020478290277472,1494,168.5537109375,168.49588012695312,288.0,0.1875
1495,-1.257052056458731,1.6501600586464376,1495,169.0308837890625,168.97247314453125,288.0,0.2048611111111111
1496,-1.2169794865516295,1.7108533130702877,1496,162.02658081054688,161.97052001953125,288.0,0.2152777777777778
1497,-0.8883293420706997,1.4542213618427655,1497,168.5380859375,168.48025512695312,288.0,0.2569444444444444
1498,-1.6725194004099937,1.2327959240221256,1498,166.87567138671875,166.8196563720703,288.0,0.20833333333333334
1499,-1.975888382750195,1.124948076416737,1499,167.10321044921875,167.04629516601562,288.0,0.2222222222222222
1500,-1.5986344530525318,1.5082766020427758,1500,168.51434326171875,168.45687866210938,288.0,0.22569444444444445
1501,-0.8244936671278331,1.4112308883388567,1501,165.08824157714844,165.03204345703125,288.0,0.19791666666666666
1502,-1.8551175318334023,1.3747695120405978,1502,161.55810546875,161.5032501220703,288.0,0.24305555555555555
1503,-1.9143233055255413,1.2134611784992884,1503,163.96482849121094,163.90927124023438,288.0,0.19791666666666666
1504,-1.8950651169874209,1.2304752212124164,1504,164.10118103027344,164.04483032226562,288.0,0.2465277777777778
1505,-1.6677378021777924,1.6275360057008685,1505,165.12631225585938,165.07037353515625,288.0,0.2013888888888889
1506,-1.6586583123220668,1.345615338698254,1506,163.50625610351562,163.45062255859375,288.0,0.25
1507,-1.4570528031291199,1.5960471896967314,1507,166.03955078125,165.98236083984375,288.0,0.21875
1508,-1.2682068272270004,1.3101978368861893,1508,166.9765625,166.919677734375,288.0,0.1527777777777778
1509,-1.6040942164625207,1.421109328653682,1509,160.76577758789062,160.7102508544922,288.0,0.17708333333333334
1510,-1.8759358050440678,1.2180978388381807,1510,165.65692138671875,165.60037231445312,288.0,0.2152777777777778
1511,-0.9137284112378311,1.408665418234737,1511,164.7061004638672,164.64990234375,288.0,0.21875
1512,-1.585921575258798,1.4794976665542732,1512,161.81809997558594,161.76303100585938,288.0,0.1736111111111111
1513,-1.3002199165447665,1.466794625763026,1513,166.64820861816406,166.5907745361328,288.0,0.19444444444444445
1514,-1.2529190046669019,1.563326300307186,1514,161.4281463623047,161.37335205078125,288.0,0.2048611111111111
1515,-1.2586868995952574,1.3173709218534113,1515,161.2307586669922,161.1756591796875,288.0,0.24305555555555555
1516,-1.7898708875203448,1.2584579025970617,1516,166.04598999023438,165.9894256591797,288.0,0.2048611111111111
1517,-1.7636766852619914,1.2028842453586936,1517,163.74853515625,163.6931610107422,288.0,0.19444444444444445
1518,-1.544522629780516,1.448827426399974,1518,170.14794921875,170.08963012695312,288.0,0.2222222222222222
1519,-1.5085057694714572,1.4086950012307522,1519,166.19752502441406,166.14129638671875,288.0,0.20833333333333334
1520,-1.1595331695120106,1.5419009897178801,1520,166.5312042236328,166.47451782226562,288.0,0.2048611111111111
1521,-1.3024587017196987,1.5271699964681271,1521,161.42459106445312,161.36851501464844,288.0,0.18055555555555555
1522,-1.5337888702011604,1.4654572859584714,1522,164.71035766601562,164.65472412109375,288.0,0.2604166666666667
1523,-1.8157624455389012,1.1917207683993447,1523,167.7972412109375,167.73988342285156,288.0,0.2013888888888889
1524,-1.961234169744198,1.1137622317124911,1524,166.98171997070312,166.92446899414062,288.0,0.19791666666666666
1525,-1.466889950001323,1.7392661534671021,1525,158.7508544921875,158.69784545898438,288.0,0.20833333333333334
1526,-1.6719347444292565,1.3042448644410574,1526,165.66302490234375,165.6067352294922,288.0,0.2048611111111111
1527,-1.5110248656299192,1.4429372854652982,1527,166.22329711914062,166.16749572753906,288.0,0.18055555555555555
1528,-1.6618588819857605,1.2717543432980787,1528,166.73806762695312,166.6815643310547,288.0,0.19791666666666666
1529,-1.7433479210257958,1.1693340475035336,1529,161.0174560546875,160.96185302734375,288.0,0.19791666666666666
1530,-0.9808388547208087,1.516119215056091,1530,167.15997314453125,167.1033477783203,288.0,0.2013888888888889
1531,-1.3556960161893121,1.527546881996731,1531,167.61492919921875,167.55812072753906,288.0,0.17708333333333334
1532,-1.2400359235091376,1.3210877464828672,1532,164.52313232421875,164.46768188476562,288.0,0.1840277777777778
1533,-1.765517480407658,1.2557984507625444,1533,164.79701232910156,164.74183654785156,288.0,0.17708333333333334
1534,-1.384256146728953,1.4969778642500375,1534,162.39559936523438,162.33914184570312,288.0,0.20833333333333334
1535,-1.4070292022311301,1.3073671843689392,1535,166.27764892578125,166.22056579589844,288.0,0.2152777777777778
1536,-1.3310943115762792,1.4877775507979871,1536,161.55604553222656,161.50213623046875,288.0,0.2152777777777778
1537,-1.5073535853930673,1.5746694017795686,1537,160.7559814453125,160.7009735107422,288.0,0.2222222222222222
1538,-1.8640814540825557,1.2568326176290698,1538,162.24386596679688,162.19003295898438,288.0,0.2048611111111111
1539,-1.9501848776980113,1.1614078119588196,1539,167.623291015625,167.56607055664062,288.0,0.20833333333333334
1540,-1.4925345298245507,1.5479282183757062,1540,164.02386474609375,163.9680938720703,288.0,0.22569444444444445
1541,-1.7655460865214994,1.308554641197697,1541,165.73849487304688,165.6825714111328,288.0,0.2048611111111111
1542,-1.5441968659575016,1.2297724816462055,1542,167.92587280273438,167.86871337890625,288.0,0.2326388888888889
1543,-1.6984640396139805,1.287852166651145,1543,166.38011169433594,166.32366943359375,288.0,0.19791666666666666
1544,-1.9530684077685345,1.184524608176654,1544,160.72665405273438,160.67178344726562,288.0,0.2569444444444444
1545,-1.4400301537218114,1.7109503114094888,1545,163.5155029296875,163.45993041992188,288.0,0.24305555555555555
1546,-1.5137188839130036,1.507896512091477,1546,166.83419799804688,166.77720642089844,288.0,0.21180555555555555
1547,-1.744438706123762,1.3143516922600595,1547,166.07565307617188,166.01895141601562,288.0,0.22916666666666666
1548,-1.150408496635975,1.5801328053143753,1548,166.4230194091797,166.36593627929688,288.0,0.20833333333333334
1549,-1.061711463250781,1.550690184212236,1549,164.65725708007812,164.60157775878906,288.0,0.2326388888888889
1550,-1.721195026323159,1.2575326275270169,1550,165.67906188964844,165.62266540527344,288.0,0.2048611111111111
1551,-1.4522671689612734,1.4115318345647652,1551,164.85635375976562,164.80126953125,288.0,0.16666666666666666
1552,-1.2818950241346037,1.5218393143808302,1552,160.24359130859375,160.1886749267578,288.0,0.2326388888888889
1553,-1.376712023904794,1.5943550216649418,1553,166.21376037597656,166.15765380859375,288.0,0.19444444444444445
1554,-1.3040732081007391,1.596746703345195,1554,164.87643432617188,164.82022094726562,288.0,0.19791666666666666
1555,-1.7528152090439282,1.251926293242485,1555,167.17111206054688,167.1138916015625,288.0,0.17708333333333334
1556,-1.7441078438488726,1.2974865847998431,1556,165.63050842285156,165.5746612548828,288.0,0.2013888888888889
1557,-1.4618897461328768,1.4637236856396707,1557,166.04510498046875,165.98829650878906,288.0,0.1909722222222222
1558,-1.0165953417567535,1.4719358384076362,1558,166.31861877441406,166.26177978515625,288.0,0.1875
1559,-1.0583852021639448,1.3922519328643848,1559,167.77377319335938,167.71701049804688,288.0,0.18055555555555555
1560,-1.55645440966337,1.4751279246306275,1560,167.2672576904297,167.210205078125,288.0,0.22569444444444445
1561,-1.8347564297139114,1.2178203653857924,1561,165.23202514648438,165.17552185058594,288.0,0.2013888888888889
1562,-1.4271798889371516,1.4364422000636112,1562,166.45761108398438,166.40130615234375,288.0,0.19791666666666666
1563,-1.757593249194063,1.334282055273608,1563,165.14996337890625,165.0943603515625,288.0,0.20833333333333334
1564,-1.7787149530375284,1.1807031604627847,1564,163.4558868408203,163.40077209472656,288.0,0.16666666666666666
1565,-1.1162500952746093,1.5318301227691518,1565,164.60498046875,164.54974365234375,288.0,0.19791666666666666
1566,-1.728489744145321,1.2950644832574343,1566,166.14720153808594,166.09149169921875,288.0,0.17708333333333334
1567,-1.9080539659817548,1.167591625367184,1567,167.48171997070312,167.42495727539062,288.0,0.2326388888888889
1568,-1.4687735056378264,1.3910923421940176,1568,167.25498962402344,167.197021484375,288.0,0.17708333333333334
1569,-1.7359965946655345,1.2302974815876833,1569,165.4976043701172,165.44151306152344,288.0,0.19791666666666666
1570,-1.7624940516396423,1.2134424885067996,1570,166.20953369140625,166.15325927734375,288.0,0.1597222222222222
1571,-1.8331372078116877,1.242092470353202,1571,161.01907348632812,160.96463012695312,288.0,0.2013888888888889
1572,-1.8005412425524616,1.2875013849942354,1572,165.4708709716797,165.414794921875,288.0,0.2013888888888889
1573,-1.638458567556641,1.3154839420003774,1573,163.47128295898438,163.41586303710938,288.0,0.2326388888888889
1574,-0.9409887284237196,1.4611705435436815,1574,164.1994171142578,164.14227294921875,288.0,0.17708333333333334
1575,-1.6445512313406567,1.3796105535754861,1575,164.86416625976562,164.80810546875,288.0,0.21180555555555555
1576,-1.55176417891399,1.3651307157697001,1576,160.50149536132812,160.44631958007812,288.0,0.1875
1577,-1.2479023692925868,1.4321227827135845,1577,164.74575805664062,164.68923950195312,288.0,0.1840277777777778
1578,-1.7374548705195538,1.1756249460429935,1578,164.87222290039062,164.81622314453125,288.0,0.1840277777777778
1579,-1.1989092592803012,1.5414425929447118,1579,165.5810546875,165.524169921875,288.0,0.21180555555555555
1580,-1.884536146454253,1.264667226757425,1580,164.29193115234375,164.23666381835938,288.0,0.2222222222222222
1581,-1.788286290380047,1.2636959639438194,1581,164.8504180908203,164.79403686523438,288.0,0.22569444444444445
1582,-1.6995924198994112,1.4524285872209675,1582,168.10678100585938,168.0498046875,288.0,0.21180555555555555
1583,-1.8418479809966222,1.2153421488320744,1583,167.00112915039062,166.94464111328125,288.0,0.19791666666666666
1584,-1.7750851695095176,1.2113049133233242,1584,169.6429443359375,169.58482360839844,288.0,0.2013888888888889
1585,-1.3444045683076042,1.4427314560736666,1585,164.84701538085938,164.79110717773438,288.0,0.1875
1586,-1.8282801771063204,1.1866181135150322,1586,166.2986602783203,166.24185180664062,288.0,0.1909722222222222
1587,-1.3965942031010732,1.4979924564751415,1587,163.85696411132812,163.8011474609375,288.0,0.1909722222222222
1588,-1.6674076981297772,1.248783813541222,1588,164.4837646484375,164.42831420898438,288.0,0.20833333333333334
1589,-1.4693850323012998,1.2082601332224912,1589,160.90594482421875,160.85043334960938,288.0,0.16319444444444445
1590,-1.1909381260631848,1.581009250361888,1590,162.27352905273438,162.21884155273438,288.0,0.1875
1591,-1.7535193650578376,1.2483888461822632,1591,165.68922424316406,165.63284301757812,288.0,0.22569444444444445
1592,-1.4829615924444548,1.5005553610947553,1592,164.79336547851562,164.73692321777344,288.0,0.20833333333333334
1593,-1.6285296003009886,1.3842035660647902,1593,164.27613830566406,164.21954345703125,288.0,0.18055555555555555
1594,-1.5771464271225564,1.3348143053207273,1594,167.49453735351562,167.437744140625,288.0,0.16319444444444445
1595,-1.7693683196048338,1.2549259727537405,1595,163.0499267578125,162.99447631835938,288.0,0.1909722222222222
1596,-1.7930089946729888,1.1715067847076883,1596,167.09799194335938,167.0407257080078,288.0,0.18055555555555555
1597,-1.851946137576564,1.1921114810363658,1597,162.07492065429688,162.019775390625,288.0,0.1909722222222222
1598,-1.8399977074284675,1.2767077830020392,1598,161.07443237304688,161.01947021484375,288.0,0.20833333333333334
1599,-2.007136772681197,1.2016176483286085,1599,161.84176635742188,161.78738403320312,288.0,0.23958333333333334
1600,-1.1990793156185606,1.5459486199029402,1600,163.89218139648438,163.8359375,288.0,0.1875
1601,-1.7013443397303287,1.1966133859867396,1601,165.24288940429688,165.18710327148438,288.0,0.15625
1602,-1.5585901582633284,1.2921466177576437,1602,162.26376342773438,162.20794677734375,288.0,0.1909722222222222
1603,-0.7611701388875085,1.3346672367593577,1603,164.42420959472656,164.3681640625,288.0,0.1736111111111111
1604,-1.5312062408816896,1.339611733358283,1604,165.9405517578125,165.88345336914062,288.0,0.19791666666666666
1605,-1.4183920281822127,1.6275292986089713,1605,165.56922912597656,165.51217651367188,288.0,0.22569444444444445
1606,-1.7347973985600662,1.373142323779875,1606,167.453857421875,167.39694213867188,288.0,0.20833333333333334
1607,-1.0384671495060904,1.3373424057976322,1607,163.93438720703125,163.87840270996094,288.0,0.1701388888888889
1608,-1.2451006121771282,1.4523548127357797,1608,164.22608947753906,164.1706085205078,288.0,0.1736111111111111
1609,-1.1395833289173352,1.6278128773870018,1609,168.90061950683594,168.84307861328125,288.0,0.19791666666666666
1610,-1.7649013570875987,1.473017790563976,1610,161.1950225830078,161.14035034179688,288.0,0.2152777777777778
1611,-1.3665673267447553,1.5625325329722157,1611,163.55404663085938,163.49891662597656,288.0,0.2569444444444444
1612,-1.7297306335761193,1.16624802844491,1612,165.3930206298828,165.3365936279297,288.0,0.17708333333333334
1613,-1.8050027514813674,1.2685157341242985,1613,164.88958740234375,164.8334197998047,288.0,0.21875
1614,-1.815950970512593,1.2331372269757968,1614,167.06642150878906,167.00942993164062,288.0,0.1736111111111111
1615,-1.5419251294936676,1.2801612259137947,1615,165.65634155273438,165.59881591796875,288.0,0.2013888888888889
1616,-1.631426344733706,1.08436284719849,1616,164.13778686523438,164.08192443847656,288.0,0.1736111111111111
1617,-1.4538507658591258,1.3431801598976785,1617,167.62274169921875,167.56515502929688,288.0,0.1840277777777778
1618,-1.5409721294754557,1.4902990148379422,1618,165.48080444335938,165.42434692382812,288.0,0.1875
1619,-1.818772232683332,1.2354603043875836,1619,163.6986083984375,163.64321899414062,288.0,0.21180555555555555
1620,-1.7467055602090609,1.305432141886127,1620,160.899658203125,160.84400939941406,288.0,0.2013888888888889
1621,-1.6000378372608548,1.4920495990347222,1621,165.1978302001953,165.14210510253906,288.0,0.23958333333333334
1622,-1.7802120608949161,1.2343623059429871,1622,163.79495239257812,163.73934936523438,288.0,0.2048611111111111
1623,-1.6383407864764223,1.4618343488701964,1623,165.19573974609375,165.1385498046875,288.0,0.1701388888888889
1624,-1.8691065648143008,1.1678196036920563,1624,167.95132446289062,167.8936767578125,288.0,0.2152777777777778
1625,-1.5317651202417706,1.512334312590832,1625,162.9359893798828,162.87994384765625,288.0,0.17708333333333334
1626,-1.6790099360885198,1.228611650704779,1626,164.60977172851562,164.55343627929688,288.0,0.16319444444444445
1627,-1.154388726546239,1.3771734537879399,1627,168.85845947265625,168.8009796142578,288.0,0.1909722222222222
1628,-1.5941393412928673,1.3091443851169122,1628,168.507080078125,168.449462890625,288.0,0.18055555555555555
1629,-1.4024725436179115,1.438590748413154,1629,166.7176971435547,166.66110229492188,288.0,0.1423611111111111
1630,-1.5022402886192174,1.453171118162164,1630,166.39540100097656,166.3389892578125,288.0,0.19791666666666666
1631,-1.55370391937328,1.4817631610477575,1631,164.42938232421875,164.37393188476562,288.0,0.2013888888888889
1632,-1.7243510825503467,1.2198063813331599,1632,167.90756225585938,167.85009765625,288.0,0.1597222222222222
1633,-1.573284960068228,1.2560629545544864,1633,164.73846435546875,164.68255615234375,288.0,0.18055555555555555
1634,-1.7400233049157725,1.2947531436984003,1634,164.1595001220703,164.10415649414062,288.0,0.16319444444444445
1635,-1.83590626357035,1.135128946643756,1635,163.99159240722656,163.93594360351562,288.0,0.1875
1636,-1.6398530894121415,1.251993715496572,1636,167.24652099609375,167.19020080566406,288.0,0.1701388888888889
1637,-1.742884873728203,1.3050215537036098,1637,162.5335693359375,162.47911071777344,288.0,0.23958333333333334
1638,-1.5895105198181239,1.298505119259013,1638,166.61880493164062,166.56271362304688,288.0,0.1527777777777778
1639,-1.7974328084811948,1.142830516141627,1639,164.8419189453125,164.78561401367188,288.0,0.1736111111111111
1640,-1.8713352290202938,1.3029348273028416,1640,166.36016845703125,166.3038330078125,288.0,0.1875
1641,-1.406336901975453,1.4428003292884315,1641,162.516357421875,162.46099853515625,288.0,0.21180555555555555
1642,-1.639589069839242,1.3304841944852177,1642,163.95159912109375,163.8961944580078,288.0,0.2222222222222222
1643,-1.5925805028782396,1.1647726611324156,1643,165.85769653320312,165.8009033203125,288.0,0.1527777777777778
1644,-1.607162797733588,1.4160254094645985,1644,159.74473571777344,159.68954467773438,288.0,0.1701388888888889
1645,-1.7143379460703096,1.1234036589887286,1645,162.07215881347656,162.01661682128906,288.0,0.14583333333333334
1646,-1.1215315006403914,1.541895687935135,1646,163.29098510742188,163.23435974121094,288.0,0.22569444444444445
1647,-1.653541358796642,1.2073933955616651,1647,165.64422607421875,165.58749389648438,288.0,0.1736111111111111
1648,-1.3674628295441598,1.3786430392493978,1648,166.84039306640625,166.7841339111328,288.0,0.16319444444444445
1649,-1.2810206156900847,1.4196497312831617,1649,166.07028198242188,166.01370239257812,288.0,0.18055555555555555
1650,-1.839946971828441,1.2038954977655723,1650,167.11668395996094,167.05963134765625,288.0,0.16319444444444445
1651,-1.5479461496803626,1.4874726285724882,1651,167.03048706054688,166.97390747070312,288.0,0.2013888888888889
1652,-1.6389322033636453,1.2913470721974103,1652,167.5991668701172,167.5417022705078,288.0,0.18055555555555555
1653,-1.5003929029212386,1.178747711647767,1653,167.5174560546875,167.46054077148438,288.0,0.1527777777777778
1654,-1.4997046923965232,1.4754615375393303,1654,163.30995178222656,163.25372314453125,288.0,0.21875
1655,-1.5805768316690572,1.2800028745667087,1655,164.4087371826172,164.35313415527344,288.0,0.18055555555555555
1656,-1.584821207961108,1.2329648067579904,1656,165.65826416015625,165.60235595703125,288.0,0.2048611111111111
1657,-1.5068959176753856,1.3586355887225432,1657,165.43014526367188,165.37338256835938,288.0,0.1875
1658,-1.0869629229148192,1.0462049060735568,1658,164.07569885253906,164.0196990966797,288.0,0.14930555555555555
1659,-1.7248172151391812,1.2315666928924147,1659,165.26394653320312,165.20738220214844,288.0,0.1840277777777778
1660,-1.8879341124359188,1.2447264889839678,1660,163.25222778320312,163.1968994140625,288.0,0.1388888888888889
1661,-1.4094164858750327,1.4614459064914476,1661,168.11553955078125,168.0577392578125,288.0,0.13194444444444445
1662,-1.3292085549365087,1.5632957601576525,1662,162.70144653320312,162.6466827392578,288.0,0.21180555555555555
1663,-1.577579161592918,1.277310187735754,1663,158.98175048828125,158.92816162109375,288.0,0.1701388888888889
1664,-1.746202436206654,1.173191943966534,1664,165.05352783203125,164.9979248046875,288.0,0.1909722222222222
1665,-1.7170460089963824,1.2154764967211316,1665,164.03732299804688,163.98219299316406,288.0,0.19444444444444445
1666,-1.7807890439053549,1.2951585005545605,1666,167.43190002441406,167.37451171875,288.0,0.19444444444444445
1667,-1.7988284869937732,1.240935923032504,1667,161.28729248046875,161.232421875,288.0,0.1840277777777778
1668,-1.8182005850683727,1.2400595016620264,1668,165.776123046875,165.71978759765625,288.0,0.2048611111111111
1669,-1.2234091502026072,1.4840337052985362,1669,167.89541625976562,167.83834838867188,288.0,0.2048611111111111
1670,-1.5916743686188128,1.323122820072202,1670,162.1527099609375,162.097900390625,288.0,0.21180555555555555
1671,-1.4277763089192526,1.463595970481542,1671,164.6082763671875,164.55288696289062,288.0,0.16666666666666666
1672,-1.5009501586595482,1.2858824357271303,1672,163.98590087890625,163.93064880371094,288.0,0.14930555555555555
1673,-1.6190838184086076,1.2664139201412568,1673,165.89678955078125,165.83999633789062,288.0,0.1701388888888889
1674,-1.4378758114005596,1.312373011590207,1674,166.08447265625,166.02749633789062,288.0,0.1840277777777778
1675,-1.7588812792023827,1.234838163175534,1675,163.36029052734375,163.3047332763672,288.0,0.16666666666666666
1676,-1.7097595052014496,1.213514803752201,1676,165.82852172851562,165.77235412597656,288.0,0.14583333333333334
1677,-1.7129646462721322,1.3260181759467997,1677,166.4988250732422,166.44210815429688,288.0,0.21180555555555555
1678,-1.60250860067356,1.4780322392175258,1678,165.34686279296875,165.2910614013672,288.0,0.19791666666666666
1679,-1.146607061177654,1.444252086071766,1679,164.77330017089844,164.71771240234375,288.0,0.1909722222222222
1680,-1.811075311012895,1.1698808498331132,1680,166.1476593017578,166.091552734375,288.0,0.1388888888888889
1681,-1.3969278698890553,1.3831602860362655,1681,163.9801483154297,163.92457580566406,288.0,0.1909722222222222
1682,-1.9186068594567105,1.1412090603383704,1682,164.08206176757812,164.02706909179688,288.0,0.17708333333333334
1683,-0.9472788871717172,1.2655037909755171,1683,163.44908142089844,163.39329528808594,288.0,0.15625
1684,-1.5682108781093491,1.213139422574786,1684,164.91595458984375,164.8594512939453,288.0,0.17708333333333334
1685,-1.5499137615503793,1.420689115703267,1685,158.38507080078125,158.33029174804688,288.0,0.1875
1686,-1.8206541512988244,1.2042601982429106,1686,160.5130615234375,160.4576416015625,288.0,0.1875
1687,-1.349308113874602,1.416449321368328,1687,165.50399780273438,165.44754028320312,288.0,0.2048611111111111
1688,-1.7441080051948128,1.2597392577539892,1688,166.11993408203125,166.06358337402344,288.0,0.17708333333333334
1689,-1.8356560431448576,1.141616868578415,1689,164.89401245117188,164.83734130859375,288.0,0.1701388888888889
1690,-1.6548799443518734,1.3391203224868133,1690,164.89663696289062,164.8401641845703,288.0,0.18055555555555555
1691,-1.4546323466316318,1.353062969054751,1691,165.07916259765625,165.0227508544922,288.0,0.16666666666666666
1692,-1.191299937385455,1.446000425257651,1692,166.990234375,166.9330596923828,288.0,0.1701388888888889
1693,-0.9950371872105611,1.427980560011748,1693,161.24319458007812,161.18765258789062,288.0,0.1388888888888889
1694,-1.5895509095121918,1.5035290047964351,1694,168.4554901123047,168.39816284179688,288.0,0.1388888888888889
1695,-1.7098780387447394,1.171530429388827,1695,163.249267578125,163.1937255859375,288.0,0.16666666666666666
1696,-1.7669298059073852,1.2162811632140302,1696,164.25653076171875,164.20059204101562,288.0,0.2152777777777778
1697,-1.7290602377833058,1.245268208278047,1697,164.23800659179688,164.1825408935547,288.0,0.1736111111111111
1698,-1.5832748912661652,1.4860446806709373,1698,165.21856689453125,165.16244506835938,288.0,0.16666666666666666
1699,-1.7839370633713842,1.1483427806183981,1699,163.24026489257812,163.18487548828125,288.0,0.1840277777777778
1700,-1.7673688295492427,1.2746919671472787,1700,167.01361083984375,166.95687866210938,288.0,0.2048611111111111
1701,-1.3115431919402616,1.4120297378735804,1701,161.7257080078125,161.67083740234375,288.0,0.15625
1702,-1.4373414190174638,1.3756187608359023,1702,166.0392608642578,165.98275756835938,288.0,0.18055555555555555
1703,-1.3661335493440179,1.6208777786365256,1703,162.2519989013672,162.19744873046875,288.0,0.1388888888888889
1704,-1.6326500890230269,1.1147149167929467,1704,163.63671875,163.5815887451172,288.0,0.14930555555555555
1705,-1.499735230743515,1.4248770464194147,1705,165.90377807617188,165.84732055664062,288.0,0.15625
1706,-1.746573164911679,1.2048739715723462,1706,164.51119995117188,164.45556640625,288.0,0.1840277777777778
1707,-1.7867127968168823,1.060172060531638,1707,165.93045043945312,165.87432861328125,288.0,0.14583333333333334
1708,-1.574188999241662,1.33937069584472,1708,168.91140747070312,168.85403442382812,288.0,0.14583333333333334
1709,-1.30510038762477,1.3806601692746312,1709,165.58885192871094,165.5332794189453,288.0,0.18055555555555555
1710,-1.1709032317082828,1.4336594498816209,1710,165.4713897705078,165.41488647460938,288.0,0.1597222222222222
1711,-1.6091059411323194,1.2424838791066142,1711,165.30218505859375,165.2462158203125,288.0,0.1423611111111111
1712,-1.698771892593337,1.2129534345508433,1712,165.0338134765625,164.9781494140625,288.0,0.1527777777777778
1713,-0.9605682576842496,1.2746269718401553,1713,166.1534423828125,166.0970458984375,288.0,0.19444444444444445
1714,-1.6700139250883685,1.2451048577407409,1714,163.3405303955078,163.28501892089844,288.0,0.11458333333333333
1715,-1.5492556085025901,1.4468680117249357,1715,161.96104431152344,161.90469360351562,288.0,0.2013888888888889
1716,-1.637106601350345,1.183088963331972,1716,165.5103759765625,165.45458984375,288.0,0.1597222222222222
1717,-2.277505696650531,1.1199697413980678,1717,164.66177368164062,164.6053466796875,288.0,0.16666666666666666
1718,-1.7933388141787918,1.0695609478954242,1718,163.35385131835938,163.29791259765625,288.0,0.1388888888888889
1719,-1.363043078683164,1.4886879564876672,1719,164.82574462890625,164.77017211914062,288.0,0.14930555555555555
1720,-1.4288744866320024,1.433312479760597,1720,164.3944091796875,164.33779907226562,288.0,0.1840277777777778
1721,-1.671730985572479,1.515061258491712,1721,160.15017700195312,160.0961456298828,288.0,0.1736111111111111
1722,-0.9769709607545143,1.3932038562219977,1722,168.05657958984375,167.99887084960938,288.0,0.1423611111111111
1723,-1.4436176338264737,1.511549903798583,1723,166.26760864257812,166.210693359375,288.0,0.14583333333333334
1724,-1.8275100717251063,1.2571789786264311,1724,166.65736389160156,166.6007080078125,288.0,0.20833333333333334
1725,-1.8132779655091613,1.285581134764799,1725,164.0948486328125,164.03916931152344,288.0,0.15625
1726,-1.554967878412882,1.3518742662910705,1726,165.34567260742188,165.289794921875,288.0,0.20833333333333334
1727,-0.8489292838500752,1.3805859591076217,1727,164.572509765625,164.51776123046875,288.0,0.18055555555555555
1728,-1.8655507246534835,1.2244044362492643,1728,165.44387817382812,165.38848876953125,288.0,0.14930555555555555
1729,-1.6863793811600984,1.322048708872278,1729,165.95370483398438,165.89654541015625,288.0,0.16666666666666666
1730,-1.8594497059788064,1.120952690848262,1730,165.24102783203125,165.1846160888672,288.0,0.1840277777777778
1731,-1.0423599833839403,1.337037314616841,1731,165.12777709960938,165.07147216796875,288.0,0.1388888888888889
1732,-1.6106621873995077,1.649912046476852,1732,160.38851928710938,160.333984375,288.0,0.1597222222222222
1733,-1.8537122368256165,1.2395884563634145,1733,163.4378204345703,163.38241577148438,288.0,0.14930555555555555
1734,-1.0170608456033694,1.508392800767246,1734,159.66061401367188,159.60629272460938,288.0,0.15625
1735,-1.0636131804612121,1.289100941773354,1735,158.65419006347656,158.60072326660156,288.0,0.13541666666666666
1736,-1.2344081594914547,1.2959080641238296,1736,166.59567260742188,166.5397186279297,288.0,0.1423611111111111
1737,-0.9442435286625813,1.23301015501575,1737,160.12901306152344,160.07530212402344,288.0,0.1597222222222222
1738,-1.781309568358959,1.4447075074089808,1738,160.70663452148438,160.65306091308594,288.0,0.1909722222222222
1739,-1.78073087439066,1.1318691175238793,1739,163.28561401367188,163.23077392578125,288.0,0.1875
1740,-0.9871353981059051,0.9920926291015703,1740,163.8518829345703,163.7967987060547,288.0,0.1423611111111111
1741,-1.4785509149180724,1.3861248783301698,1741,158.2669677734375,158.21310424804688,288.0,0.1909722222222222
1742,-1.899852760093567,1.3517330524711868,1742,164.39633178710938,164.34046936035156,288.0,0.2013888888888889
1743,-0.986841782750376,1.2583156415352519,1743,162.05429077148438,162.0006103515625,288.0,0.1736111111111111
1744,-1.7772684440172501,1.3435566216418962,1744,166.59976196289062,166.54425048828125,288.0,0.1527777777777778
1745,-1.849520371267292,1.2582253313153038,1745,163.28964233398438,163.23529052734375,288.0,0.1909722222222222
1746,-1.6816165715003413,1.1337521318880746,1746,165.3265380859375,165.27142333984375,288.0,0.1701388888888889
1747,-1.7601623212973636,1.226295957325836,1747,165.53372192382812,165.47824096679688,288.0,0.18055555555555555
1748,-1.7455599427426,1.1450501265715682,1748,162.5568084716797,162.50137329101562,288.0,0.13541666666666666
1749,-1.0100254489906066,1.4751695023444127,1749,165.72116088867188,165.66531372070312,288.0,0.1701388888888889
1750,-1.8050771244653154,1.217217325526548,1750,164.57675170898438,164.52142333984375,288.0,0.1423611111111111
1751,-1.7225703472463896,1.1599750058335396,1751,163.77691650390625,163.72183227539062,288.0,0.17708333333333334
1752,-1.3411641712513753,1.536558430347721,1752,164.8309326171875,164.77537536621094,288.0,0.1909722222222222
1753,-1.802603168810677,1.2207015634105092,1753,165.50067138671875,165.44541931152344,288.0,0.1701388888888889
1754,-1.809574888411309,1.3309847151020424,1754,161.86607360839844,161.81024169921875,288.0,0.19444444444444445
1755,-1.7477165187744894,1.2371937400406616,1755,159.37734985351562,159.32305908203125,288.0,0.14930555555555555
1756,-1.3107330276683493,1.3897014407207369,1756,167.02523803710938,166.96908569335938,288.0,0.17708333333333334
1757,-1.06034982040261,1.4231837948615955,1757,164.99911499023438,164.94342041015625,288.0,0.16666666666666666
1758,-1.7272776810976584,1.519434182935516,1758,167.4189910888672,167.3626251220703,288.0,0.1840277777777778
1759,-1.706533245207328,1.2108164214183543,1759,160.12672424316406,160.0713653564453,288.0,0.15625
1760,-1.7907331724355033,1.1840840984115741,1760,165.3648681640625,165.30966186523438,288.0,0.19444444444444445
1761,-1.839206263692653,1.1981180325131193,1761,156.53570556640625,156.4825897216797,288.0,0.15625
1762,-1.5677955012041391,1.417264922761958,1762,163.3258514404297,163.27047729492188,288.0,0.1909722222222222
1763,-1.6807404159319392,1.2708933439321672,1763,165.5316162109375,165.47531127929688,288.0,0.1840277777777778
1764,-1.7466560894615695,1.224876248212434,1764,163.35888671875,163.3032989501953,288.0,0.18055555555555555
1765,-1.4869801026194285,1.6016862015152775,1765,164.28189086914062,164.22659301757812,288.0,0.1736111111111111
1766,-1.185334060070871,1.1390533592214604,1766,163.26107788085938,163.20651245117188,288.0,0.13541666666666666
1767,-1.8327719900688786,1.1953970204931816,1767,167.21754455566406,167.160888671875,288.0,0.15625
1768,-1.5836084950528178,1.237716451717967,1768,161.5602569580078,161.504638671875,288.0,0.14583333333333334
1769,-1.5245739370441094,1.2412217268014394,1769,166.540771484375,166.4839324951172,288.0,0.17708333333333334
1770,-1.2568875410601745,1.4966015359090181,1770,165.7974395751953,165.74114990234375,288.0,0.1388888888888889
1771,-1.3889000331254253,1.300418304912265,1771,164.0726776123047,164.01686096191406,288.0,0.14930555555555555
1772,-1.7310938544749723,1.2256394059569706,1772,168.85104370117188,168.7940673828125,288.0,0.17708333333333334
1773,-1.3620854021607063,1.2380617400959373,1773,162.9481658935547,162.89390563964844,288.0,0.1423611111111111
1774,-1.8511192065055622,1.1924070215457783,1774,165.43719482421875,165.3810577392578,288.0,0.18055555555555555
1775,-1.262255659544901,1.336215528985296,1775,164.36874389648438,164.31314086914062,288.0,0.14583333333333334
1776,-1.643449621441076,1.2244685121759609,1776,165.5758056640625,165.52008056640625,288.0,0.1736111111111111
1777,-1.5024084520462335,1.2415512467726686,1777,163.84146118164062,163.78526306152344,288.0,0.1388888888888889
1778,-0.9287177980377302,1.3229611258220868,1778,165.59100341796875,165.53472900390625,288.0,0.1875
1779,-1.6704452409556374,1.2108486635180096,1779,163.2880859375,163.2333221435547,288.0,0.1527777777777778
1780,-1.546252673208877,1.5519952235956935,1780,165.66622924804688,165.61019897460938,288.0,0.15625
1781,-1.2989773018886872,1.3754690952110895,1781,164.31100463867188,164.25477600097656,288.0,0.14930555555555555
1782,-1.4460265395319227,1.5419250527155968,1782,164.16336059570312,164.107666015625,288.0,0.1527777777777778
1783,-1.6391698912813344,1.1513068607082846,1783,165.1899871826172,165.13446044921875,288.0,0.125
1784,-1.7205843541519645,1.2399440608472547,1784,163.36663818359375,163.3125457763672,288.0,0.1736111111111111
1785,-1.602071298588875,1.1423412056879139,1785,163.2115478515625,163.15606689453125,288.0,0.16319444444444445
1786,-1.8794065277120258,1.2579345917505758,1786,162.02435302734375,161.97068786621094,288.0,0.19444444444444445
1787,-1.835383940644699,1.2277507317991982,1787,166.10105895996094,166.04571533203125,288.0,0.16666666666666666
1788,-1.7893121222398642,1.1374322615722026,1788,165.0170440673828,164.96124267578125,288.0,0.1527777777777778
1789,-1.5830266022530661,1.3447976682355356,1789,165.84756469726562,165.79129028320312,288.0,0.18055555555555555
1790,-1.707077240472596,1.0570881643460752,1790,166.56326293945312,166.5067901611328,288.0,0.16319444444444445
1791,-1.1208710953613987,1.3031040431031018,1791,166.5261688232422,166.4699249267578,288.0,0.15625
1792,-1.4994348271798235,1.4663647533681015,1792,166.53582763671875,166.4795379638672,288.0,0.1597222222222222
1793,-0.8997919344658725,0.9850070972309901,1793,165.72543334960938,165.6691436767578,288.0,0.14583333333333334
1794,-1.2767045273283335,1.6434809398806898,1794,165.55313110351562,165.49725341796875,288.0,0.1388888888888889
1795,-1.7881160602695287,1.2397356417056482,1795,165.6370849609375,165.58071899414062,288.0,0.16666666666666666
1796,-1.6412604069794174,1.164082737332376,1796,165.00485229492188,164.94964599609375,288.0,0.1388888888888889
1797,-1.435535346090158,1.3031297077868167,1797,166.40878295898438,166.3521270751953,288.0,0.13194444444444445
1798,-1.9126492068624945,1.151474867208607,1798,163.15560913085938,163.1011199951172,288.0,0.14930555555555555
1799,-1.8044072197678542,1.5805596102254311,1799,166.30447387695312,166.24835205078125,288.0,0.1597222222222222
1800,-1.4374665709073773,1.4181198304159606,1800,165.45770263671875,165.4017333984375,288.0,0.14930555555555555
1801,-1.6819786707388076,1.2261550561233032,1801,165.84219360351562,165.78611755371094,288.0,0.1701388888888889
1802,-1.85349514280288,1.1661352583170193,1802,164.64892578125,164.5935821533203,288.0,0.15625
1803,-1.5413682415370462,1.4585335711359584,1803,166.03707885742188,165.98069763183594,288.0,0.15625
1804,-1.6628994430354496,1.2263124414424746,1804,163.4503173828125,163.39549255371094,288.0,0.1527777777777778
1805,-1.4638182262912567,1.4749831401443967,1805,168.40505981445312,168.3466796875,288.0,0.1527777777777778
1806,-1.632817742470988,1.2617093716067795,1806,164.777587890625,164.72210693359375,288.0,0.16666666666666666
1807,-1.7011795351578265,1.2669061104701949,1807,168.57347106933594,168.51614379882812,288.0,0.1701388888888889
1808,-1.7781288578391181,1.291944695954796,1808,163.34271240234375,163.28802490234375,288.0,0.1909722222222222
1809,-1.1510293687249549,1.463934977088516,1809,159.58335876464844,159.52981567382812,288.0,0.15625
1810,-1.712586048260115,1.2246051216048066,1810,162.17398071289062,162.11917114257812,288.0,0.1423611111111111
1811,-1.8144982505371354,1.3264770662446017,1811,166.17388916015625,166.11790466308594,288.0,0.16319444444444445
1812,-1.024846484189294,1.2950062774895457,1812,165.5897216796875,165.53399658203125,288.0,0.15625
1813,-1.5582979101720673,1.233784838834928,1813,162.744384765625,162.69000244140625,288.0,0.09722222222222222
1814,-1.3405159741706163,1.3023658283487975,1814,164.90631103515625,164.8512420654297,288.0,0.1423611111111111
1815,-1.7373319943898875,1.1986885296103564,1815,165.1836395263672,165.12750244140625,288.0,0.16666666666666666
1816,-1.712747191587355,1.2715563729581256,1816,163.60980224609375,163.5547637939453,288.0,0.14583333333333334
1817,-1.7128268396355226,1.1618113678637185,1817,162.75877380371094,162.7041778564453,288.0,0.1111111111111111
1818,-1.5257304364033413,1.1781932770439802,1818,164.62200927734375,164.5666046142578,288.0,0.1527777777777778
1819,-0.9691917032589308,1.4994477975552063,1819,163.15945434570312,163.10430908203125,288.0,0.1111111111111111
1820,-1.382873711613105,1.2594363706459235,1820,165.86624145507812,165.80947875976562,288.0,0.19791666666666666
1821,-1.6785453893804845,1.1740478102894387,1821,164.496826171875,164.44100952148438,288.0,0.16319444444444445
1822,-1.7423524797848122,1.2332488792411558,1822,165.67318725585938,165.61697387695312,288.0,0.19444444444444445
1823,-1.8211063726147998,1.1054813167841278,1823,163.6483154296875,163.59291076660156,288.0,0.18055555555555555
1824,-1.7160432117263131,1.3996022050866415,1824,168.98667907714844,168.9287109375,288.0,0.1701388888888889
1825,-1.238116009860508,1.1872396430407712,1825,161.9564208984375,161.90155029296875,288.0,0.16319444444444445
1826,-1.2333166741353134,1.4704257055698713,1826,164.8841552734375,164.82861328125,288.0,0.1840277777777778
1827,-1.2058725533428167,1.5109197868125863,1827,164.19003295898438,164.1337432861328,288.0,0.1527777777777778
1828,-0.916428468367211,1.5106138607279078,1828,167.32101440429688,167.26364135742188,288.0,0.14930555555555555
1829,-1.4636195742162197,1.4155145431837906,1829,165.51730346679688,165.46078491210938,288.0,0.1597222222222222
1830,-1.3938032938482605,1.2109608196068489,1830,165.2694854736328,165.21334838867188,288.0,0.1736111111111111
1831,-1.7285292306158557,1.0997579511739746,1831,160.46661376953125,160.41221618652344,288.0,0.1527777777777778
1832,-1.9050118903574191,1.1437642635312388,1832,163.7960662841797,163.74107360839844,288.0,0.14930555555555555
1833,-1.2980852340592355,1.2835954378636492,1833,166.77871704101562,166.72161865234375,288.0,0.15625
1834,-1.7341101641307064,1.1994946910455702,1834,165.81211853027344,165.75494384765625,288.0,0.1736111111111111
1835,-1.047332695878933,1.3911119208098899,1835,158.72515869140625,158.67108154296875,288.0,0.15625
1836,-1.571021200716159,1.1682741977990947,1836,161.9022216796875,161.84759521484375,288.0,0.16666666666666666
1837,-1.5661967317520074,1.3523926766816439,1837,164.07681274414062,164.02154541015625,288.0,0.125
1838,-1.0251109125033535,1.4333448658840733,1838,165.19854736328125,165.14312744140625,288.0,0.14930555555555555
1839,-1.7863345342286614,1.3474862943523938,1839,161.9829864501953,161.927001953125,288.0,0.1388888888888889
1840,-1.6730847647078488,1.399233736661677,1840,164.18511962890625,164.1299591064453,288.0,0.1388888888888889
1841,-1.3814088470165728,1.3877028967824507,1841,167.00579833984375,166.94964599609375,288.0,0.15625
1842,-1.6343015277661979,1.5227179437311773,1842,161.59127807617188,161.53713989257812,288.0,0.17708333333333334
1843,-1.8184204323012731,1.2166160758241857,1843,166.94464111328125,166.88729858398438,288.0,0.14583333333333334
1844,-0.9303462706249326,1.2639576315716319,1844,165.32501220703125,165.26913452148438,288.0,0.13194444444444445
1845,-1.5247448012380707,1.4303941674157001,1845,168.31471252441406,168.25765991210938,288.0,0.19791666666666666
1846,-1.6296523317049803,1.3715533965757465,1846,165.4320068359375,165.37538146972656,288.0,0.18055555555555555
1847,-1.6528990610063505,1.4476757968108618,1847,165.30667114257812,165.25033569335938,288.0,0.14930555555555555
1848,-1.461051795329532,1.2118302933749663,1848,164.36788940429688,164.31297302246094,288.0,0.10416666666666667
1849,-1.0977266316179353,1.5058921735280908,1849,164.87472534179688,164.819091796875,288.0,0.1388888888888889
1850,-1.2962639718486573,1.5684357789420502,1850,164.93850708007812,164.88259887695312,288.0,0.16666666666666666
1851,-1.7749089899133121,1.361664376502151,1851,158.84002685546875,158.78651428222656,288.0,0.19791666666666666
1852,-1.385554433757248,1.4154936131839153,1852,166.22967529296875,166.17330932617188,288.0,0.1527777777777778
1853,-1.4357390942757986,1.4198433005161692,1853,165.81756591796875,165.76190185546875,288.0,0.19444444444444445
1854,-1.0053818028805241,1.2005990412285201,1854,159.3006591796875,159.2476348876953,288.0,0.14583333333333334
1855,-1.1966854773153048,1.0383387511369293,1855,165.92373657226562,165.86721801757812,288.0,0.13541666666666666
1856,-1.644821020695296,1.3196227354661116,1856,164.13499450683594,164.08033752441406,288.0,0.1423611111111111
1857,-1.3162029208869852,1.56345489124897,1857,165.86892700195312,165.81362915039062,288.0,0.12152777777777778
1858,-1.684301715219896,1.6109157446881743,1858,165.98342895507812,165.9268798828125,288.0,0.1736111111111111
1859,-1.7866823771448601,1.2353617462093243,1859,164.6367950439453,164.58192443847656,288.0,0.1597222222222222
1860,-1.6826639208664058,1.1651030716118451,1860,166.83901977539062,166.78265380859375,288.0,0.1423611111111111
1861,-1.6779177748674394,1.2800651293073708,1861,164.39456176757812,164.33877563476562,288.0,0.15625
1862,-1.3319063137717588,1.4168826288483607,1862,167.02297973632812,166.96658325195312,288.0,0.13194444444444445
1863,-1.3540991268920943,1.3606705416885403,1863,166.4384765625,166.3824462890625,288.0,0.1388888888888889
1864,-1.5393892381337324,1.268752087230245,1864,166.89895629882812,166.84288024902344,288.0,0.1423611111111111
1865,-1.276326976794766,1.435720340566903,1865,157.092529296875,157.03909301757812,288.0,0.1423611111111111
1866,-1.3757164105169022,1.4776347174326934,1866,166.21359252929688,166.15841674804688,288.0,0.1423611111111111
1867,-1.114931315572498,1.7152299819329389,1867,164.55523681640625,164.50070190429688,288.0,0.15625
1868,-1.7634681909387124,1.1821656451784504,1868,164.26406860351562,164.20913696289062,288.0,0.1597222222222222
1869,-1.1544840583855083,1.4595860995367442,1869,165.76104736328125,165.70529174804688,288.0,0.11458333333333333
1870,-1.489332174737039,1.2019521912422073,1870,167.9779052734375,167.92092895507812,288.0,0.125
1871,-1.7031300755327297,1.189520649573505,1871,160.78662109375,160.73240661621094,288.0,0.1527777777777778
1872,-1.8199779558028277,1.139255664714373,1872,157.68582153320312,157.6329803466797,288.0,0.14583333333333334
1873,-1.6713471652588197,1.2150388590719097,1873,166.01788330078125,165.96240234375,288.0,0.1388888888888889
1874,-1.3811359782886738,1.5349050418499846,1874,161.1318359375,161.0781707763672,288.0,0.13194444444444445
1875,-1.60855614223802,1.162723434686857,1875,164.21673583984375,164.16171264648438,288.0,0.125
1876,-1.778311233719272,1.1162475951249649,1876,165.40847778320312,165.35240173339844,288.0,0.13194444444444445
1877,-1.7152812734908671,1.2200485382556576,1877,165.4779052734375,165.42166137695312,288.0,0.15625
1878,-1.1915890091917094,1.3698864756442939,1878,162.56979370117188,162.5155029296875,288.0,0.125
1879,-1.2851083766318967,1.4801048042384977,1879,167.71514892578125,167.65850830078125,288.0,0.13194444444444445
1880,-1.6583610992557993,1.2333641659345116,1880,161.87643432617188,161.82125854492188,288.0,0.10416666666666667
1881,-1.032340919715387,1.2175984165705116,1881,163.07540893554688,163.0203857421875,288.0,0.11805555555555555
1882,-1.156719204453623,1.3517444581715057,1882,168.07321166992188,168.01528930664062,288.0,0.13541666666666666
1883,-1.6981638582338698,1.19210102760733,1883,163.0355224609375,162.98016357421875,288.0,0.13541666666666666
1884,-1.442992389432281,1.3219929336920033,1884,162.26107788085938,162.2064666748047,288.0,0.1527777777777778
1885,-1.6675033341869785,1.2469087844429214,1885,167.5904541015625,167.53445434570312,288.0,0.1527777777777778
1886,-0.8854109057857811,1.256078721644404,1886,164.82749938964844,164.7720947265625,288.0,0.1388888888888889
1887,-1.6392040211274903,1.3035353139186294,1887,162.92015075683594,162.86480712890625,288.0,0.16666666666666666
1888,-1.7877790825581006,1.2669174941641965,1888,167.05621337890625,167.00006103515625,288.0,0.15625
1889,-1.1612164075425635,1.2885387677909894,1889,166.656982421875,166.60073852539062,288.0,0.18055555555555555
1890,-1.3492976054661423,1.3139019706399666,1890,168.31591796875,168.25830078125,288.0,0.125
1891,-1.0833267025451827,1.2304728241358809,1891,164.53155517578125,164.4757537841797,288.0,0.1423611111111111
1892,-1.6655338325600735,1.2333089333845846,1892,167.67572021484375,167.61834716796875,288.0,0.1423611111111111
1893,-1.7237707891786975,1.1154363037752544,1893,166.30165100097656,166.2451171875,288.0,0.1111111111111111
1894,-1.662667419412563,1.1235584580814326,1894,165.03009033203125,164.9748992919922,288.0,0.10416666666666667
1895,-1.5364446988358458,1.4708247241725743,1895,164.1249542236328,164.06968688964844,288.0,0.1736111111111111
1896,-1.687641960308313,1.2676250060921928,1896,164.40196228027344,164.34689331054688,288.0,0.13541666666666666
1897,-1.5651912459263015,1.1372521395878152,1897,161.8023681640625,161.74716186523438,288.0,0.1111111111111111
1898,-1.8012400369525747,1.282991405525644,1898,158.33045959472656,158.2769775390625,288.0,0.1736111111111111
1899,-1.2227702640966382,1.5098437616086267,1899,163.83106994628906,163.7767333984375,288.0,0.125
1900,-1.4214047184515988,1.240816685732555,1900,163.03265380859375,162.97811889648438,288.0,0.1736111111111111
1901,-1.6919604430988344,1.370667839942438,1901,165.46633911132812,165.4105682373047,288.0,0.15625
1902,-1.718150871038596,1.2102183538290892,1902,162.18092346191406,162.12554931640625,288.0,0.125
1903,-1.4242777881094462,1.425266502725197,1903,165.47561645507812,165.41958618164062,288.0,0.13541666666666666
1904,-1.134017412364902,1.1493364610865717,1904,161.32131958007812,161.26678466796875,288.0,0.16319444444444445
1905,-1.2876619891082959,1.3529698664501075,1905,166.60678100585938,166.55029296875,288.0,0.13194444444444445
1906,-1.437256495010868,1.3183743274658681,1906,165.42178344726562,165.36663818359375,288.0,0.13194444444444445
1907,-1.333670554912765,1.230921104243758,1907,162.36715698242188,162.31307983398438,288.0,0.1527777777777778
1908,-1.6838234748710512,1.1504235088977224,1908,165.89541625976562,165.83901977539062,288.0,0.14583333333333334
1909,-0.7947593890852317,0.8989398673557981,1909,165.19351196289062,165.138427734375,288.0,0.11458333333333333
1910,-1.9661645581628393,1.2455432053478774,1910,164.51776123046875,164.4628143310547,288.0,0.14930555555555555
1911,-1.983119345619159,1.3523858872355015,1911,158.41571044921875,158.36227416992188,288.0,0.14930555555555555
1912,-1.4107887430348311,1.4829822858616546,1912,165.7481689453125,165.69261169433594,288.0,0.12152777777777778
1913,-1.1939904281552325,1.521780641481927,1913,168.06674194335938,168.01121520996094,288.0,0.11458333333333333
1914,-1.82618676284862,1.241120060247144,1914,160.9154052734375,160.86099243164062,288.0,0.1701388888888889
1915,-1.2935202663354128,1.2389103612738173,1915,159.7769012451172,159.7231903076172,288.0,0.1111111111111111
1916,-1.556453412937885,1.2152443388471252,1916,166.65097045898438,166.5950164794922,288.0,0.11458333333333333
1917,-1.208594330245245,1.405342777477101,1917,165.79238891601562,165.73709106445312,288.0,0.1076388888888889
1918,-1.7508157274526448,1.0831403179274415,1918,166.2669219970703,166.21136474609375,288.0,0.11805555555555555
1919,-1.4995486996560077,1.3513418817841585,1919,166.21730041503906,166.161376953125,288.0,0.16666666666666666
1920,-1.8055729240245684,1.1184901719273905,1920,165.92379760742188,165.86903381347656,288.0,0.1597222222222222
1921,-1.4261442772186843,1.3509503860289107,1921,165.26502990722656,165.209716796875,288.0,0.13194444444444445
1922,-1.512202202205267,1.3336260265880588,1922,161.36099243164062,161.3061065673828,288.0,0.1284722222222222
1923,-1.7896518377254698,1.213606198085897,1923,162.80758666992188,162.7530059814453,288.0,0.14583333333333334
1924,-1.7163906815160956,1.1038203391112427,1924,166.37277221679688,166.31617736816406,288.0,0.16666666666666666
1925,-1.6008127846000795,1.2382457738141142,1925,164.36392211914062,164.30819702148438,288.0,0.125
1926,-1.0617192090727983,1.3270756106689245,1926,162.09317016601562,162.03732299804688,288.0,0.1388888888888889
1927,-1.7759748635362698,1.1602375193872452,1927,162.8518829345703,162.7978057861328,288.0,0.125
1928,-1.3663019768570248,1.1132730141357319,1928,166.3228759765625,166.26629638671875,288.0,0.10069444444444445
1929,-1.6980067374293548,1.1292168589289966,1929,167.27059936523438,167.2130889892578,288.0,0.13194444444444445
1930,-1.2656829133297003,1.3145669969150693,1930,166.73733520507812,166.6806640625,288.0,0.1388888888888889
1931,-1.6660986576940051,1.2486828583236405,1931,162.2392578125,162.18319702148438,288.0,0.1701388888888889
1932,-1.6119395697779046,1.1615143852075578,1932,163.3402557373047,163.28414916992188,288.0,0.11805555555555555
1933,-1.1016424674927836,0.9822466286244341,1933,163.53945922851562,163.484619140625,288.0,0.125
1934,-1.7667675924021482,1.1522902468597516,1934,166.08407592773438,166.02764892578125,288.0,0.13541666666666666
1935,-1.727383580833073,1.284267425903314,1935,164.61175537109375,164.55734252929688,288.0,0.1840277777777778
1936,-1.8061889844771923,1.2314194997234342,1936,162.93682861328125,162.88121032714844,288.0,0.16319444444444445
1937,-1.5417087731897041,1.3695374712746304,1937,164.2058868408203,164.150390625,288.0,0.125
1938,-1.6177160052083412,1.2105745732947044,1938,159.8910675048828,159.83583068847656,288.0,0.1423611111111111
1939,-0.7892941273017171,1.1156756055076509,1939,163.33282470703125,163.27804565429688,288.0,0.1388888888888889
1940,-1.3371926765062432,1.2499210207726392,1940,161.5706787109375,161.5157470703125,288.0,0.13194444444444445
1941,-1.4437043431931742,1.4477879705178092,1941,164.43472290039062,164.37933349609375,288.0,0.1284722222222222
1942,-1.5672157286083583,1.2752573989632938,1942,159.8251953125,159.7705841064453,288.0,0.13194444444444445
1943,-1.2206729246947163,1.456148626315181,1943,163.49281311035156,163.43724060058594,288.0,0.11805555555555555
1944,-1.1495135087387527,1.2879202712380013,1944,167.00645446777344,166.94984436035156,288.0,0.13194444444444445
1945,-1.578795941460571,1.2735372041463213,1945,165.19900512695312,165.14337158203125,288.0,0.14583333333333334
1946,-1.907996588681135,1.1014125735818172,1946,163.59716796875,163.54124450683594,288.0,0.13194444444444445
1947,-1.193801026925886,1.5067606198701204,1947,167.14889526367188,167.0921630859375,288.0,0.1423611111111111
1948,-1.7241922958960918,1.3984451823616253,1948,169.45616149902344,169.39822387695312,288.0,0.11805555555555555
1949,-1.5774492000693516,1.156696385220204,1949,164.49029541015625,164.43447875976562,288.0,0.1423611111111111
1950,-1.7168157883370645,1.4079327876380798,1950,165.93429565429688,165.8783416748047,288.0,0.14930555555555555
1951,-1.684760606784903,1.2195991744133847,1951,165.781494140625,165.72535705566406,288.0,0.1076388888888889
1952,-1.7585323152332124,1.2966034496666372,1952,162.85894775390625,162.80409240722656,288.0,0.14930555555555555
1953,-1.7655840546802455,1.219854671779413,1953,162.85110473632812,162.7967987060547,288.0,0.13194444444444445
1954,-1.4390571104797023,1.626599047997716,1954,166.93057250976562,166.8735809326172,288.0,0.12152777777777778
1955,-1.5157307783397354,1.5804656149080272,1955,165.88876342773438,165.83238220214844,288.0,0.15625
1956,-0.8722118722275012,1.2493276181196644,1956,165.8370819091797,165.78079223632812,288.0,0.1076388888888889
1957,-1.4078788336116226,1.5563849388834343,1957,163.5772705078125,163.52212524414062,288.0,0.1527777777777778
1958,-1.3736914917000567,1.3467110803868985,1958,164.03538513183594,163.97967529296875,288.0,0.1597222222222222
1959,-1.5060527487211752,1.146343891113987,1959,163.7892608642578,163.73480224609375,288.0,0.1423611111111111
1960,-1.8147429107298707,1.157220678366661,1960,161.4506072998047,161.39523315429688,288.0,0.1388888888888889
1961,-1.6819805702562247,1.199885492598656,1961,160.16712951660156,160.11276245117188,288.0,0.1284722222222222
1962,-1.7397059425615613,1.2202189672214294,1962,166.51177978515625,166.45545959472656,288.0,0.1076388888888889
1963,-1.6421443164775527,1.1440840836928161,1963,163.7247314453125,163.66952514648438,288.0,0.125
1964,-1.4742312501793735,1.2520920776515652,1964,164.63232421875,164.57725524902344,288.0,0.10416666666666667
1965,-1.5696926766254624,1.2437201482734506,1965,164.37484741210938,164.3189239501953,288.0,0.1111111111111111
1966,-1.6885767878572862,1.140484364998186,1966,165.28729248046875,165.23179626464844,288.0,0.10416666666666667
1967,-1.2392202430627544,1.4030239393776072,1967,167.360595703125,167.30343627929688,288.0,0.15625
1968,-1.819318875021363,1.0656733867454133,1968,167.78964233398438,167.7325897216797,288.0,0.14930555555555555
1969,-1.2587318183158267,1.1624994249398517,1969,166.07183837890625,166.0150146484375,288.0,0.1076388888888889
1970,-1.5733579316859603,1.2247047705610183,1970,164.60467529296875,164.54859924316406,288.0,0.10069444444444445
1971,-1.7220524634098855,1.1494769496009831,1971,163.7000274658203,163.6448516845703,288.0,0.1284722222222222
1972,-1.8872713342132985,1.2060906776309226,1972,165.72650146484375,165.669921875,288.0,0.1388888888888889
1973,-1.6175506049246509,1.1304269991255649,1973,161.58270263671875,161.5272674560547,288.0,0.13194444444444445
1974,-1.6325458300326916,1.2287833855404642,1974,163.97439575195312,163.91835021972656,288.0,0.125
1975,-1.672848383605155,1.1473297957329012,1975,164.96058654785156,164.90460205078125,288.0,0.1736111111111111
1976,-0.8964948514267065,1.3836656420004343,1976,161.90814208984375,161.85313415527344,288.0,0.10416666666666667
1977,-1.4460802889220634,1.458597070132713,1977,165.28201293945312,165.22543334960938,288.0,0.12152777777777778
1978,-1.4902069573465715,1.2864832843748146,1978,167.20870971679688,167.15164184570312,288.0,0.12152777777777778
1979,-1.6925470633689779,1.1693803530009577,1979,164.755126953125,164.6987762451172,288.0,0.11805555555555555
1980,-1.0432560550449717,1.3839828735525783,1980,162.4036865234375,162.34820556640625,288.0,0.13541666666666666
1981,-1.7226289298873816,1.3991943431127687,1981,166.6555633544922,166.59881591796875,288.0,0.1736111111111111
1982,-1.619796505144676,1.2281146607917341,1982,166.9213409423828,166.86468505859375,288.0,0.1284722222222222
1983,-1.4748718327329717,1.0822693418670488,1983,165.72198486328125,165.66610717773438,288.0,0.09027777777777778
1984,-1.020064820221024,1.0051394571957035,1984,165.52474975585938,165.46817016601562,288.0,0.09722222222222222
1985,-1.3115329164560954,1.4587368819563424,1985,165.2349853515625,165.17855834960938,288.0,0.1111111111111111
1986,-1.7852984177326385,1.1267625978089957,1986,162.59877014160156,162.54440307617188,288.0,0.09375
1987,-1.3597278514935214,1.4718295285949925,1987,166.48248291015625,166.42581176757812,288.0,0.1388888888888889
1988,-1.2329432177128656,1.3734939530671997,1988,159.4761505126953,159.42227172851562,288.0,0.16319444444444445
1989,-1.7971473933960427,1.0911128109862311,1989,163.79159545898438,163.73550415039062,288.0,0.13541666666666666
1990,-1.7155749273783423,1.2150508627515073,1990,165.0972900390625,165.0416259765625,288.0,0.1076388888888889
1991,-1.8760302924436754,1.11804256450119,1991,166.2896270751953,166.23318481445312,288.0,0.125
1992,-1.6826091228117823,1.1796990289704194,1992,162.89971923828125,162.8452911376953,288.0,0.1597222222222222
1993,-1.5984674300835455,1.2533698510786497,1993,166.68743896484375,166.63009643554688,288.0,0.11458333333333333
1994,-1.5694383293982566,1.20240950723878,1994,163.94400024414062,163.88861083984375,288.0,0.10069444444444445
1995,-1.9620975804752772,1.176420840736648,1995,164.10020446777344,164.0448455810547,288.0,0.1597222222222222
1996,-1.8553250525409912,1.4090418890467336,1996,164.09866333007812,164.04348754882812,288.0,0.1423611111111111
1997,-1.6705132013454371,1.2177808429134704,1997,155.8213653564453,155.76808166503906,288.0,0.11458333333333333
1998,-1.5261192910959815,1.4784578224206801,1998,167.9971160888672,167.94061279296875,288.0,0.13541666666666666
1999,-1.4489551355941537,1.47410377389599,1999,165.1962127685547,165.1407470703125,288.0,0.1388888888888889
2000,-1.7070818075190197,1.284330199028528,2000,166.00201416015625,165.94570922851562,288.0,0.13194444444444445
2001,-1.793311228263942,1.1107783422156068,2001,163.7386016845703,163.68341064453125,288.0,0.1284722222222222
2002,-0.9764152682213122,1.229907059241599,2002,167.1624298095703,167.10546875,288.0,0.125
2003,-0.701132825205232,1.2448275646292786,2003,159.98162841796875,159.92845153808594,288.0,0.08333333333333333
2004,-0.9312461447862004,1.3426186989896596,2004,163.9527587890625,163.89822387695312,288.0,0.1423611111111111
2005,-1.7072522455285388,1.1552381469180324,2005,167.4141387939453,167.3573760986328,288.0,0.1423611111111111
2006,-1.7489350985858791,1.2812952510605566,2006,163.5236358642578,163.46926879882812,288.0,0.13194444444444445
2007,-1.0849367114188857,1.381750729679257,2007,163.92962646484375,163.8744659423828,288.0,0.13194444444444445
2008,-1.7554540532286067,1.2684704621975886,2008,158.74462890625,158.69119262695312,288.0,0.14583333333333334
2009,-1.0076750181432654,1.4089733471734314,2009,164.9163360595703,164.86126708984375,288.0,0.15625
2010,-1.648787893079305,1.2177604471494545,2010,163.09596252441406,163.04098510742188,288.0,0.1284722222222222
2011,-1.5357268468102505,1.6239509508290126,2011,167.2755889892578,167.21929931640625,288.0,0.1423611111111111
2012,-1.395600415436842,1.1430382149552116,2012,163.31211853027344,163.2569122314453,288.0,0.1111111111111111
2013,-1.578216954520381,1.1597910793732897,2013,166.1035614013672,166.04794311523438,288.0,0.11458333333333333
2014,-1.5025333024690486,1.2134326243126123,2014,164.2420196533203,164.1870880126953,288.0,0.1701388888888889
2015,-1.3116137757110629,1.4962392734863572,2015,166.6186065673828,166.562744140625,288.0,0.13541666666666666
2016,-1.3220072325606311,1.2932882255540696,2016,159.55422973632812,159.50039672851562,288.0,0.10416666666666667
2017,-1.8265617864654646,1.1256920934506165,2017,162.22764587402344,162.17327880859375,288.0,0.125
2018,-1.287801017657609,1.3356835930169748,2018,164.5753173828125,164.52053833007812,288.0,0.09375
2019,-1.1377879104364679,1.1584487981755418,2019,162.1434783935547,162.08969116210938,288.0,0.1076388888888889
2020,-1.1305855230761048,1.544501050390313,2020,163.00155639648438,162.94662475585938,288.0,0.14583333333333334
2021,-1.6678521620814748,1.3154328428348936,2021,165.20216369628906,165.14654541015625,288.0,0.11805555555555555
2022,-1.2887847868994207,1.1095412207647302,2022,160.33413696289062,160.27957153320312,288.0,0.10416666666666667
2023,-1.0329625874393582,1.4309346368528848,2023,165.34072875976562,165.2858123779297,288.0,0.11805555555555555
2024,-1.913205122666803,1.165149393869368,2024,163.71067810058594,163.65615844726562,288.0,0.1527777777777778
2025,-1.4589648432395153,1.3919371246382624,2025,162.87332153320312,162.81930541992188,288.0,0.12152777777777778
2026,-1.8646537185587648,1.2949569216239367,2026,164.34413146972656,164.2884521484375,288.0,0.13541666666666666
2027,-1.7096346409718575,1.2349654072302716,2027,165.16954040527344,165.1138458251953,288.0,0.14583333333333334
2028,-1.687694870695537,1.1213355529585411,2028,159.8602294921875,159.8063507080078,288.0,0.1284722222222222
2029,-1.6824542349097948,1.1342136993389382,2029,165.56948852539062,165.51358032226562,288.0,0.11458333333333333
2030,-1.1313382145311608,1.2492024614641573,2030,168.0757293701172,168.01910400390625,288.0,0.1111111111111111
2031,-1.2853180093706906,1.500492620144672,2031,167.15101623535156,167.09478759765625,288.0,0.14583333333333334
2032,-1.0890767147848552,1.4153309623022479,2032,167.939453125,167.88253784179688,288.0,0.10069444444444445
2033,-1.3881749241917127,1.393792002651628,2033,166.1746826171875,166.1188507080078,288.0,0.11805555555555555
2034,-1.318016325961782,1.4252582367577742,2034,164.95272827148438,164.8963623046875,288.0,0.1423611111111111
2035,-1.253544954443428,1.2887577948044582,2035,164.5579833984375,164.50143432617188,288.0,0.09375
2036,-1.875315497049814,1.603401666425934,2036,162.42361450195312,162.36903381347656,288.0,0.10416666666666667
2037,-1.323844364423996,1.4043795404446386,2037,162.97723388671875,162.92279052734375,288.0,0.1701388888888889
2038,-1.6239432277817873,1.2543147754220232,2038,160.38699340820312,160.33155822753906,288.0,0.1111111111111111
2039,-1.5582257968264766,1.239377324502522,2039,159.3028564453125,159.24838256835938,288.0,0.09722222222222222
2040,-1.3810060679655518,1.3892593270867537,2040,164.8622283935547,164.8063507080078,288.0,0.11458333333333333
2041,-1.3746030672030458,1.3401994761870286,2041,159.29200744628906,159.2373504638672,288.0,0.1111111111111111
2042,-1.5584333178392418,1.0507611366453935,2042,165.96327209472656,165.90704345703125,288.0,0.125
2043,-1.1584165438260792,1.253117416555869,2043,163.53219604492188,163.47747802734375,288.0,0.15625
2044,-1.4856493452907804,1.2296925861242758,2044,166.50308227539062,166.44703674316406,288.0,0.13541666666666666
2045,-0.6875734007879579,1.075443155650805,2045,164.0109100341797,163.95651245117188,288.0,0.13194444444444445
2046,-1.5604382308947693,1.4524066541316014,2046,165.47665405273438,165.42080688476562,288.0,0.1423611111111111
2047,-1.7429101727727458,1.2289634085279129,2047,160.6096954345703,160.55532836914062,288.0,0.125
2048,-1.3742228477458793,1.54292082796154,2048,166.645751953125,166.59005737304688,288.0,0.1423611111111111
2049,-1.244139352848265,1.372709896429447,2049,167.3560028076172,167.299560546875,288.0,0.10069444444444445
2050,-1.5507935817839964,1.4352546005276487,2050,165.46157836914062,165.4059295654297,288.0,0.13194444444444445
2051,-1.5672285529255028,1.2205402622708899,2051,161.70285034179688,161.64686584472656,288.0,0.14583333333333334
2052,-1.4945616688145007,1.4516902498198907,2052,162.2632598876953,162.20855712890625,288.0,0.125
2053,-1.1250339575263406,1.1299336432368157,2053,163.69927978515625,163.6451416015625,288.0,0.09722222222222222
2054,-1.298656206596913,1.3599327492935418,2054,164.50265502929688,164.44793701171875,288.0,0.13541666666666666
2055,-1.276307052498966,1.3769552813645185,2055,159.96017456054688,159.90589904785156,288.0,0.09027777777777778
2056,-1.5406279972911334,1.250303634812349,2056,165.4774169921875,165.42178344726562,288.0,0.12152777777777778
2057,-1.4782391452821908,1.2072976090079939,2057,160.06402587890625,160.00888061523438,288.0,0.125
2058,-1.3253726580158554,1.4863221404293852,2058,166.14395141601562,166.08836364746094,288.0,0.07291666666666667
2059,-1.776502100660763,1.1771919168041278,2059,166.14190673828125,166.08572387695312,288.0,0.125
2060,-1.1660599564930625,1.266697781653796,2060,162.17384338378906,162.11932373046875,288.0,0.11805555555555555
2061,-0.9745768914912875,1.3282018127330644,2061,165.92442321777344,165.8685302734375,288.0,0.13541666666666666
2062,-1.6214300721822212,1.4717470505364103,2062,163.15640258789062,163.0999755859375,288.0,0.1111111111111111
2063,-1.7313653837904386,1.3464759995993154,2063,167.7393035888672,167.68316650390625,288.0,0.1388888888888889
2064,-1.759160922086257,1.1131761941170601,2064,165.7078094482422,165.65158081054688,288.0,0.09375
2065,-1.4773032992874995,1.0244840532664048,2065,166.06744384765625,166.01162719726562,288.0,0.06597222222222222
2066,-1.6885343730119127,1.1352335902914397,2066,159.82342529296875,159.76849365234375,288.0,0.08333333333333333
2067,-1.4448080715781737,1.468828333789832,2067,166.02227783203125,165.96673583984375,288.0,0.1284722222222222
2068,-1.296545250751593,1.492931867995667,2068,163.33900451660156,163.28456115722656,288.0,0.14583333333333334
2069,-1.741874258496615,1.032766170103037,2069,163.09469604492188,163.04034423828125,288.0,0.10069444444444445
2070,-1.5000259057035368,1.3670249321745658,2070,166.33006286621094,166.27352905273438,288.0,0.13541666666666666
2071,-1.6981273512988768,1.2711231078441314,2071,165.67095947265625,165.61529541015625,288.0,0.13194444444444445
2072,-1.7428877217649454,1.2355098761441468,2072,158.56842041015625,158.51473999023438,288.0,0.14583333333333334
2073,-1.6765007317702563,1.1898192060707906,2073,162.9879150390625,162.93296813964844,288.0,0.11805555555555555
2074,-1.4462340500941897,1.603611656506418,2074,166.67466735839844,166.6180419921875,288.0,0.1423611111111111
2075,-1.4992749448060405,1.4711966120319095,2075,165.9127197265625,165.85699462890625,288.0,0.13541666666666666
2076,-1.1885517586988898,1.328555947559929,2076,162.59439086914062,162.53956604003906,288.0,0.1076388888888889
2077,-1.586774575813198,1.1558648585103812,2077,166.59091186523438,166.5340576171875,288.0,0.09722222222222222
2078,-1.7039261526167417,1.20503296383328,2078,166.14251708984375,166.08627319335938,288.0,0.125
2079,-1.5394711639939236,1.1400010024469642,2079,167.8406982421875,167.78428649902344,288.0,0.08333333333333333
2080,-1.5023962044154346,1.3968649903134525,2080,162.52218627929688,162.46737670898438,288.0,0.1388888888888889
2081,-1.4291756307915608,1.2171833681487763,2081,156.39639282226562,156.3428955078125,288.0,0.09375
2082,-1.1816533223148495,1.3450227070438285,2082,164.49342346191406,164.43731689453125,288.0,0.1284722222222222
2083,-1.0315111336313578,1.145030547798365,2083,167.12594604492188,167.06907653808594,288.0,0.13194444444444445
2084,-1.6415137390198593,1.2962799353302301,2084,162.2769317626953,162.222412109375,288.0,0.12152777777777778
2085,-1.797075292282171,1.0954156832238455,2085,164.79714965820312,164.7415008544922,288.0,0.1388888888888889
2086,-1.6415068996708366,1.3203426367742337,2086,165.94143676757812,165.88499450683594,288.0,0.13194444444444445
2087,-0.6580941164699199,1.167582538658643,2087,167.07643127441406,167.01974487304688,288.0,0.14930555555555555
2088,-1.7550867810475452,1.2162439216321572,2088,164.04556274414062,163.99136352539062,288.0,0.09722222222222222
2089,-0.9214253558882715,1.4898699829153106,2089,166.56509399414062,166.50830078125,288.0,0.09375
2090,-1.700768147304163,1.0745081646649206,2090,164.54678344726562,164.49049377441406,288.0,0.09375
2091,-0.6362792693915048,1.0118943251208683,2091,163.41775512695312,163.3628692626953,288.0,0.1111111111111111
2092,-1.4172795356005163,1.4466139761398422,2092,158.4073028564453,158.35360717773438,288.0,0.1111111111111111
2093,-1.5879182065493644,1.2291856081000023,2093,165.81735229492188,165.76171875,288.0,0.125
2094,-1.2241719184741346,1.4101426864899096,2094,163.03524780273438,162.97996520996094,288.0,0.12152777777777778
2095,-1.6751867471005935,1.2170820214375508,2095,168.48397827148438,168.42703247070312,288.0,0.1111111111111111
2096,-1.7250081269931477,1.1889315553488833,2096,161.78494262695312,161.72900390625,288.0,0.11458333333333333
2097,-1.1333624574333534,1.195467061334314,2097,165.04110717773438,164.98626708984375,288.0,0.10069444444444445
2098,-1.5850238075892251,1.2548496406388279,2098,165.78616333007812,165.73040771484375,288.0,0.1423611111111111
2099,-1.5116815904868843,1.24412425313479,2099,165.99293518066406,165.93646240234375,288.0,0.1423611111111111
2100,-1.2669956715156987,1.2390869185762423,2100,162.87130737304688,162.81668090820312,288.0,0.1111111111111111
2101,-1.8367611119299865,1.1930871964126442,2101,163.6546630859375,163.60035705566406,288.0,0.13194444444444445
2102,-1.266055170280826,1.223960237501451,2102,162.83786010742188,162.78375244140625,288.0,0.10416666666666667
2103,-1.8091539308111884,1.4837857256210423,2103,167.5775909423828,167.52108764648438,288.0,0.1111111111111111
2104,-1.379807236572381,1.2183154452439418,2104,166.86962890625,166.81329345703125,288.0,0.12152777777777778
2105,-1.5100920729265401,1.2960355887950223,2105,161.33529663085938,161.28140258789062,288.0,0.12152777777777778
2106,-1.8315462675114473,1.1644913913806463,2106,160.36846923828125,160.3140869140625,288.0,0.1388888888888889
2107,-1.0263404068312907,1.205753983471456,2107,165.71694946289062,165.660400390625,288.0,0.09722222222222222
2108,-1.5193841120513083,1.178043109535985,2108,161.31405639648438,161.2598876953125,288.0,0.09375
2109,-1.5019066337860256,1.3621158063132193,2109,161.61529541015625,161.56069946289062,288.0,0.08680555555555555
2110,-1.4639090829910613,1.641677571623713,2110,163.71066284179688,163.6559295654297,288.0,0.1111111111111111
2111,-1.6627563774430696,1.1767347950620306,2111,167.26254272460938,167.20556640625,288.0,0.13194444444444445
2112,-1.2910630929494629,1.4508360540562801,2112,159.09786987304688,159.0436248779297,288.0,0.12152777777777778
2113,-0.9205115240713884,1.3666537212396996,2113,166.29022216796875,166.23492431640625,288.0,0.16666666666666666
2114,-1.6320658525241316,1.2279205462844467,2114,159.59149169921875,159.5370330810547,288.0,0.1284722222222222
2115,-1.6612245033991022,1.1931139551147383,2115,164.2491455078125,164.19448852539062,288.0,0.08680555555555555
2116,-1.4546385516311906,1.4424003049114846,2116,164.5019073486328,164.44708251953125,288.0,0.12152777777777778
2117,-1.6560096312733537,1.1866147893804255,2117,167.604736328125,167.54818725585938,288.0,0.1111111111111111
2118,-1.4811653643100842,1.3828525328077539,2118,164.64566040039062,164.58969116210938,288.0,0.09722222222222222
2119,-1.6847328691941041,1.2289884999513552,2119,158.46200561523438,158.4076385498047,288.0,0.1597222222222222
2120,-1.5887583063914859,1.1984923158707212,2120,158.5311737060547,158.47630310058594,288.0,0.1076388888888889
2121,-1.1678642002178374,1.3185305401839476,2121,168.33267211914062,168.27572631835938,288.0,0.1423611111111111
2122,-1.0629107605706016,1.2983474119759342,2122,164.20521545410156,164.150146484375,288.0,0.09375
2123,-1.552401975935943,1.4924660350391328,2123,159.18504333496094,159.1302947998047,288.0,0.09722222222222222
2124,-1.4380589338712153,1.4897723770060034,2124,165.80474853515625,165.7483673095703,288.0,0.12152777777777778
2125,-1.6558385049242863,1.2868029860021575,2125,167.8999786376953,167.84317016601562,288.0,0.1284722222222222
2126,-0.6784406354058194,1.0516779838903845,2126,164.25991821289062,164.20501708984375,288.0,0.10416666666666667
2127,-1.5887503854369,1.0373513294622303,2127,166.75096130371094,166.69528198242188,288.0,0.0798611111111111
2128,-1.693145946616156,1.2461605998963563,2128,161.52658081054688,161.47274780273438,288.0,0.1388888888888889
2129,-1.36953569486865,1.213029656808073,2129,163.423828125,163.368896484375,288.0,0.1527777777777778
2130,-1.355449059115178,1.3925660341632202,2130,169.3456268310547,169.28738403320312,288.0,0.125
2131,-1.0612616386537221,1.3313378894987642,2131,166.52012634277344,166.46417236328125,288.0,0.1284722222222222
2132,-1.6965515337268842,1.2580616359231387,2132,160.46705627441406,160.41293334960938,288.0,0.08333333333333333
2133,-1.756786757031245,1.1871233043193306,2133,164.51805114746094,164.46249389648438,288.0,0.1076388888888889
2134,-1.7522964211091643,1.2894127390323913,2134,166.80569458007812,166.74888610839844,288.0,0.1284722222222222
2135,-1.2885763234585947,0.9496207078791709,2135,166.47999572753906,166.42410278320312,288.0,0.07291666666666667
2136,-1.3140625509370003,1.4274968091785427,2136,161.87945556640625,161.82565307617188,288.0,0.11805555555555555
2137,-1.243107019835273,1.2203007958668934,2137,160.8766632080078,160.8223114013672,288.0,0.11805555555555555
2138,-1.6588492704536426,1.2955662644747883,2138,163.22073364257812,163.1663055419922,288.0,0.08333333333333333
2139,-1.6980552616589313,1.2343510688325199,2139,161.19398498535156,161.13906860351562,288.0,0.13541666666666666
2140,-1.828686340858475,1.2578659535266075,2140,159.55752563476562,159.50323486328125,288.0,0.1076388888888889
2141,-0.7603906549588169,1.1212106113789388,2141,160.77798461914062,160.72296142578125,288.0,0.1111111111111111
2142,-1.7805545594438728,1.1876097644931785,2142,161.12124633789062,161.06707763671875,288.0,0.10069444444444445
2143,-1.3826597676628367,1.4859324990472056,2143,166.78549194335938,166.7288818359375,288.0,0.1701388888888889
2144,-1.5076089885892727,1.224520243163577,2144,166.28915405273438,166.232666015625,288.0,0.10069444444444445
2145,-1.339472428878347,1.4491476093392115,2145,164.28707885742188,164.2320556640625,288.0,0.13194444444444445
2146,-1.6198406489743027,1.268613786766041,2146,166.74327087402344,166.68783569335938,288.0,0.13194444444444445
2147,-1.730471800693014,1.0469019129880148,2147,163.63650512695312,163.5815887451172,288.0,0.11458333333333333
2148,-1.7363013213879048,1.107310754019691,2148,166.133056640625,166.07757568359375,288.0,0.08333333333333333
2149,-1.707913095316915,1.2223699277650748,2149,164.69674682617188,164.64019775390625,288.0,0.09722222222222222
2150,-1.7803113918115854,1.220641766690335,2150,164.6571044921875,164.60154724121094,288.0,0.11458333333333333
2151,-1.8823006661232549,1.2814859663582634,2151,167.36610412597656,167.30938720703125,288.0,0.10069444444444445
2152,-1.7103940420385249,1.2038233436526244,2152,164.00904846191406,163.95352172851562,288.0,0.14583333333333334
2153,-1.7418046094611315,1.0923240514265549,2153,166.22592163085938,166.17018127441406,288.0,0.10069444444444445
2154,-1.6685631562562864,1.0414676079749183,2154,166.24501037597656,166.1884307861328,288.0,0.1076388888888889
2155,-1.7723383932963583,1.138017942104415,2155,165.32164001464844,165.26547241210938,288.0,0.1076388888888889
2156,-1.2850187275712015,1.424125893190258,2156,164.5570068359375,164.50120544433594,288.0,0.125
2157,-1.5364171725818871,1.1733757964449931,2157,166.3556671142578,166.3000030517578,288.0,0.12152777777777778
2158,-1.2890043010907979,1.4168238688416375,2158,165.05364990234375,164.99830627441406,288.0,0.1111111111111111
2159,-1.867846475679509,1.106248782179346,2159,164.28643798828125,164.2312469482422,288.0,0.08680555555555555
2160,-1.7031472632918017,1.2374250144196062,2160,167.85824584960938,167.80184936523438,288.0,0.1284722222222222
2161,-1.847631862097751,1.1067742386017,2161,165.66123962402344,165.60580444335938,288.0,0.11458333333333333
2162,-1.2014273086145115,1.2486347369832809,2162,166.55068969726562,166.49392700195312,288.0,0.1284722222222222
2163,-1.73318838366788,1.2434081323184019,2163,167.22805786132812,167.17149353027344,288.0,0.1284722222222222
2164,-0.9498291612413234,1.3663882980689859,2164,160.62196350097656,160.56838989257812,288.0,0.08680555555555555
2165,-1.5523052210339054,1.1280494068427263,2165,166.93458557128906,166.87759399414062,288.0,0.09375
2166,-1.1425354989421452,1.4172805174017737,2166,164.41787719726562,164.36318969726562,288.0,0.11458333333333333
2167,-1.2114344481195234,1.118112972644964,2167,165.2881317138672,165.23336791992188,288.0,0.1076388888888889
2168,-1.5919541995465694,1.172560588958603,2168,166.8831787109375,166.82693481445312,288.0,0.09722222222222222
2169,-1.6206323359479842,1.1801990552638313,2169,163.91001892089844,163.85446166992188,288.0,0.10416666666666667
2170,-0.8755542905896446,1.3379226988142372,2170,167.06578063964844,167.00894165039062,288.0,0.09722222222222222
2171,-1.6425180769317838,1.281669167325693,2171,163.39437866210938,163.33970642089844,288.0,0.06944444444444445
2172,-1.0849611951122118,1.3108199532484466,2172,165.34262084960938,165.28712463378906,288.0,0.1076388888888889
2173,-1.6380558947619452,1.3649034066299102,2173,167.4084014892578,167.35205078125,288.0,0.08333333333333333
2174,-1.400274029181363,1.4089803247772712,2174,164.23326110839844,164.17816162109375,288.0,0.11458333333333333
2175,-1.6623918067169994,1.3090904186324555,2175,164.74346923828125,164.68789672851562,288.0,0.1284722222222222
2176,-1.7073738829299308,1.1863226335164962,2176,164.39895629882812,164.3435821533203,288.0,0.11805555555555555
2177,-1.0509928520723488,0.915855631670768,2177,164.15875244140625,164.10365295410156,288.0,0.1111111111111111
2178,-1.3409520477178067,1.6263329155308734,2178,164.4276123046875,164.37225341796875,288.0,0.1388888888888889
2179,-1.4949787008722717,1.2550609911984396,2179,165.83206176757812,165.77621459960938,288.0,0.1284722222222222
2180,-1.360636871949111,1.1668470770909023,2180,165.60211181640625,165.5457763671875,288.0,0.125
2181,-1.66402768219687,1.1881394530988552,2181,165.62673950195312,165.5707550048828,288.0,0.1111111111111111
2182,-1.5105101204737343,1.1308419935041232,2182,164.23818969726562,164.18309020996094,288.0,0.1076388888888889
2183,-1.6705046962526195,1.1812927733324656,2183,166.28627014160156,166.23023986816406,288.0,0.1111111111111111
2184,-1.4672421648714848,1.459184685619927,2184,163.9605712890625,163.90440368652344,288.0,0.11458333333333333
2185,-1.215254723651438,1.3946763538015132,2185,163.43804931640625,163.3836669921875,288.0,0.11805555555555555
2186,-1.5004750550267454,1.3383431554542076,2186,163.9583740234375,163.90298461914062,288.0,0.13194444444444445
2187,-1.149708930122012,1.3043913025389295,2187,166.09225463867188,166.0362548828125,288.0,0.1076388888888889
2188,-1.034401682058994,1.2131367970035114,2188,164.48239135742188,164.4271240234375,288.0,0.09027777777777778
2189,-1.6566730894183752,1.2290684208245142,2189,165.03268432617188,164.97677612304688,288.0,0.12152777777777778
2190,-1.1693094950059861,1.4003820709809023,2190,165.91073608398438,165.85464477539062,288.0,0.1284722222222222
2191,-1.2446011927488665,1.4764765172790713,2191,163.51136779785156,163.45614624023438,288.0,0.13194444444444445
2192,-1.337510302098535,1.116910035430571,2192,166.11062622070312,166.05455017089844,288.0,0.13541666666666666
2193,-1.7935824302039718,1.0657462242057893,2193,163.86508178710938,163.8099365234375,288.0,0.1284722222222222
2194,-0.8168404678699741,1.1709851031895648,2194,159.63816833496094,159.58392333984375,288.0,0.10416666666666667
2195,-1.5325498695848399,1.3475455261180078,2195,163.62547302246094,163.570556640625,288.0,0.10069444444444445
2196,-1.700978321934049,1.2013235845520944,2196,168.05081176757812,167.9937286376953,288.0,0.12152777777777778
2197,-2.0225428253383058,1.4821324882938458,2197,163.61131286621094,163.5567626953125,288.0,0.11458333333333333
2198,-1.4721537277730279,1.2099680207564398,2198,163.6071319580078,163.55239868164062,288.0,0.0763888888888889
2199,-1.8692636674131948,1.122509680979263,2199,164.07115173339844,164.0162353515625,288.0,0.09027777777777778
2200,-1.3572471385592393,1.417357550592138,2200,166.54318237304688,166.48764038085938,288.0,0.11458333333333333
2201,-1.7422533301864709,1.1856902124898503,2201,166.22213745117188,166.16624450683594,288.0,0.10069444444444445
2202,-1.1626862936916242,1.2250845436809763,2202,165.34762573242188,165.29226684570312,288.0,0.10069444444444445
2203,-1.9468399215887198,1.224371673603154,2203,165.2454071044922,165.19024658203125,288.0,0.14583333333333334
2204,-1.4220193845690323,1.234042840164444,2204,158.7522735595703,158.6986541748047,288.0,0.1111111111111111
2205,-1.6909267405038368,1.2125736592715368,2205,162.23101806640625,162.17623901367188,288.0,0.1423611111111111
2206,-1.650914682619592,1.3153694653979962,2206,167.40850830078125,167.35198974609375,288.0,0.12152777777777778
2207,-1.6754102431775761,1.0223260596305517,2207,164.65638732910156,164.6009521484375,288.0,0.0798611111111111
2208,-1.1489887980932971,1.206673995130452,2208,163.605712890625,163.55126953125,288.0,0.09375
2209,-1.060870189237144,1.1255149199508465,2209,165.23988342285156,165.1848907470703,288.0,0.0798611111111111
2210,-1.566146140865362,1.2352128175553152,2210,167.34213256835938,167.28582763671875,288.0,0.10416666666666667
2211,-1.6242376074216862,1.1261528958464067,2211,164.36988830566406,164.3154296875,288.0,0.08680555555555555
2212,-1.1327028139312243,1.24417814675102,2212,164.67413330078125,164.61843872070312,288.0,0.10069444444444445
2213,-1.4451490500503021,1.174742014697614,2213,163.14907836914062,163.09506225585938,288.0,0.1076388888888889
2214,-1.6596332054833518,1.1759870864782012,2214,157.64442443847656,157.59075927734375,288.0,0.11458333333333333
2215,-1.7996866078653138,1.5369864975530352,2215,166.33135986328125,166.2759552001953,288.0,0.11458333333333333
2216,-1.5316415348309174,1.1926632330898717,2216,164.22401428222656,164.16958618164062,288.0,0.1076388888888889
2217,-1.6995193056146354,1.1552784725022682,2217,164.2591552734375,164.20367431640625,288.0,0.11458333333333333
2218,-1.5851550712949398,1.2577700831276202,2218,165.6031036376953,165.5481414794922,288.0,0.09722222222222222
2219,-1.6624746111382431,1.2634071200957186,2219,166.00677490234375,165.95077514648438,288.0,0.13194444444444445
2220,-1.4725014714121185,1.4133679479000953,2220,164.6556854248047,164.60000610351562,288.0,0.11805555555555555
2221,-1.7154779459344613,1.1357587934516102,2221,160.59457397460938,160.53977966308594,288.0,0.07291666666666667
2222,-1.8316894807757202,1.3821746593641246,2222,165.2991485595703,165.2434539794922,288.0,0.1423611111111111
2223,-1.0508176021805375,1.356691583137584,2223,165.6546630859375,165.59811401367188,288.0,0.10416666666666667
2224,-1.4926452029694712,1.3430963772786506,2224,160.8343505859375,160.77960205078125,288.0,0.13541666666666666
2225,-1.5738581840814732,1.1333173195522956,2225,160.70135498046875,160.6466827392578,288.0,0.08680555555555555
2226,-1.1152409929039304,1.3069633404292291,2226,167.3629150390625,167.3061981201172,288.0,0.13194444444444445
2227,-1.5603598686465783,1.2116445881200772,2227,161.64431762695312,161.59121704101562,288.0,0.08680555555555555
2228,-1.28748681753716,1.4434676849982324,2228,166.06198120117188,166.006103515625,288.0,0.09027777777777778
2229,-1.2681765336129511,1.4752391590545224,2229,164.4300537109375,164.37564086914062,288.0,0.09027777777777778
2230,-1.0708232939301954,1.3735264977339734,2230,162.1302490234375,162.07485961914062,288.0,0.09027777777777778
2231,-1.5194380569478865,1.1664137848498384,2231,160.47662353515625,160.42259216308594,288.0,0.10416666666666667
2232,-1.3477893052797116,1.4154402694584278,2232,164.69236755371094,164.63693237304688,288.0,0.1076388888888889
2233,-1.725339595226985,1.0650962152172665,2233,158.85552978515625,158.801025390625,288.0,0.09375
2234,-1.1171895974618922,1.3345916752401479,2234,157.6685791015625,157.61459350585938,288.0,0.08680555555555555
2235,-1.4468601588428012,1.2488423326941782,2235,165.0661163330078,165.0101776123047,288.0,0.08680555555555555
2236,-1.5564462501579206,1.2035279647576038,2236,165.59869384765625,165.54315185546875,288.0,0.10069444444444445
2237,-1.6136345592162389,1.071388155972224,2237,164.25650024414062,164.20021057128906,288.0,0.10416666666666667
2238,-1.0815841352277966,1.141847428384945,2238,164.047119140625,163.99160766601562,288.0,0.0798611111111111
2239,-1.835217260423774,1.1523395378101637,2239,164.20547485351562,164.15057373046875,288.0,0.14930555555555555
2240,-0.8393872943521485,1.3255546663174904,2240,164.7362060546875,164.6810302734375,288.0,0.10069444444444445
2241,-1.3992588185057895,0.9113984503464624,2241,166.77780151367188,166.72119140625,288.0,0.1111111111111111
2242,-1.1047866466969265,1.1857368600592157,2242,164.85147094726562,164.79583740234375,288.0,0.09375
2243,-1.1577613517363956,1.1552351978192705,2243,157.14932250976562,157.09561157226562,288.0,0.09722222222222222
2244,-1.7451394534696396,1.1289748258596848,2244,166.80303955078125,166.74655151367188,288.0,0.10069444444444445
2245,-1.7768703945398319,1.190582259004602,2245,164.2450408935547,164.1891326904297,288.0,0.10416666666666667
2246,-1.4662256555208057,1.3908454968162565,2246,163.36996459960938,163.31454467773438,288.0,0.11458333333333333
2247,-1.4040440595879906,1.4202318110448142,2247,164.24365234375,164.18905639648438,288.0,0.1076388888888889
2248,-1.6197506596768967,1.149445378857776,2248,157.6566925048828,157.60324096679688,288.0,0.08680555555555555
2249,-1.571560334610651,1.1677907628953534,2249,166.0194549560547,165.96368408203125,288.0,0.08680555555555555
2250,-1.1905143528470363,1.4419683749110495,2250,165.45603942871094,165.4009246826172,288.0,0.06944444444444445
2251,-1.2147572061621053,1.3130274458690392,2251,164.8238525390625,164.76805114746094,288.0,0.10069444444444445
2252,-1.6110775768068164,1.2570813965130267,2252,163.1903076171875,163.13592529296875,288.0,0.0763888888888889
2253,-1.3215917156910233,1.4167653058932026,2253,161.95730590820312,161.90354919433594,288.0,0.09027777777777778
2254,-1.5558587334504768,1.267088313671271,2254,163.15489196777344,163.09877014160156,288.0,0.11458333333333333
2255,-0.9890681258675573,0.9961611495580123,2255,165.44033813476562,165.38412475585938,288.0,0.09375
2256,-1.422929393596966,1.125139237494469,2256,163.6133575439453,163.55909729003906,288.0,0.09027777777777778
2257,-1.6767397508438648,1.5525922248366852,2257,164.5841064453125,164.52853393554688,288.0,0.11805555555555555
2258,-1.122737172661449,1.4602993586062158,2258,158.65623474121094,158.60247802734375,288.0,0.0763888888888889
2259,-1.4831119042108603,1.2237812876289116,2259,162.95968627929688,162.905517578125,288.0,0.1076388888888889
2260,-1.7555596225217336,1.1751001654148852,2260,165.83267211914062,165.77578735351562,288.0,0.11805555555555555
2261,-1.5932201439499734,1.1627831502572499,2261,166.49281311035156,166.43626403808594,288.0,0.0798611111111111
2262,-1.5232089698158757,1.1997294423176037,2262,164.93429565429688,164.87841796875,288.0,0.09722222222222222
2263,-1.1723274688706142,1.3425082457941617,2263,164.93313598632812,164.87716674804688,288.0,0.10416666666666667
2264,-1.7834156716736567,1.2491514258007748,2264,164.77310180664062,164.7180938720703,288.0,0.10416666666666667
2265,-1.7132651078737193,1.0908200940436181,2265,166.0877685546875,166.0316162109375,288.0,0.10069444444444445
2266,-1.0236289595032662,1.3354866026025882,2266,163.86920166015625,163.81454467773438,288.0,0.10069444444444445
2267,-1.5102816341700238,1.5306974418528596,2267,157.0384521484375,156.9847869873047,288.0,0.13541666666666666
2268,-1.2750796390360146,1.2955669393885243,2268,164.3163299560547,164.2616729736328,288.0,0.10069444444444445
2269,-1.071725903370404,1.1769863739587896,2269,162.7082061767578,162.65330505371094,288.0,0.06944444444444445
2270,-1.1435523712543434,1.341840655566478,2270,158.16217041015625,158.10882568359375,288.0,0.0763888888888889
2271,-1.6280637943846743,1.2438316842926722,2271,161.29776000976562,161.24314880371094,288.0,0.1388888888888889
2272,-1.6688716790655431,1.1780899930105933,2272,157.4759521484375,157.42178344726562,288.0,0.08680555555555555
2273,-1.573763788809313,1.459792550828077,2273,166.3184051513672,166.26263427734375,288.0,0.125
2274,-1.12047713967571,1.2816537182019736,2274,162.2613525390625,162.20669555664062,288.0,0.0798611111111111
2275,-1.1400021029322376,1.2566032559494251,2275,163.3625946044922,163.3076171875,288.0,0.10069444444444445
2276,-0.6631506028948222,0.9997965584255705,2276,162.64024353027344,162.584716796875,288.0,0.09375
2277,-1.4618583978628203,1.3487103776181921,2277,161.01052856445312,160.95623779296875,288.0,0.0798611111111111
2278,-1.3854760186188604,1.126663806657274,2278,156.97085571289062,156.91744995117188,288.0,0.0625
2279,-1.197414640371294,1.288322151346989,2279,162.0102996826172,161.9554901123047,288.0,0.10416666666666667
2280,-1.773761142557636,1.1570050356606458,2280,167.18280029296875,167.125244140625,288.0,0.1076388888888889
2281,-0.9149858055150383,1.3321722163787832,2281,167.03125,166.974365234375,288.0,0.09722222222222222
2282,-1.368483315331724,1.6581673713999199,2282,162.05819702148438,162.00482177734375,288.0,0.10416666666666667
2283,-1.6303822384860942,1.2232678427501114,2283,165.60403442382812,165.5481414794922,288.0,0.05555555555555555
2284,-1.170902380402319,1.4346847763232464,2284,164.26077270507812,164.20484924316406,288.0,0.13541666666666666
2285,-1.5910804931002873,1.1807461306792366,2285,163.06915283203125,163.01486206054688,288.0,0.0798611111111111
2286,-1.5085374976903136,1.1877080037306245,2286,161.50503540039062,161.45155334472656,288.0,0.1111111111111111
2287,-1.2780365168528685,1.217536787470071,2287,164.46128845214844,164.40589904785156,288.0,0.10069444444444445
2288,-0.7849344807665266,1.0067187431727034,2288,160.92091369628906,160.86781311035156,288.0,0.0798611111111111
2289,-1.589638098623012,1.4732148194491927,2289,161.9326629638672,161.87783813476562,288.0,0.1076388888888889
2290,-1.493544445062604,1.2079712518756351,2290,165.44989013671875,165.3942413330078,288.0,0.0798611111111111
2291,-1.4635586584635247,1.1370872473346134,2291,160.63333129882812,160.57888793945312,288.0,0.10069444444444445
2292,-1.4587177987402349,1.307894691649134,2292,166.08200073242188,166.02560424804688,288.0,0.0763888888888889
2293,-1.5515036957435617,1.25507693789495,2293,161.86026000976562,161.8056640625,288.0,0.06944444444444445
2294,-1.7326533256162768,1.0649363538251142,2294,162.73428344726562,162.67953491210938,288.0,0.10069444444444445
2295,-1.6591123540035064,1.1814448542643035,2295,163.20199584960938,163.14730834960938,288.0,0.1076388888888889
2296,-1.127217695304927,1.5606343592808536,2296,160.00210571289062,159.947265625,288.0,0.09722222222222222
2297,-1.5172270737497233,1.169591996338836,2297,163.76910400390625,163.71490478515625,288.0,0.09027777777777778
2298,-1.0959130623347895,1.3827177439111527,2298,163.96926879882812,163.91445922851562,288.0,0.1111111111111111
2299,-1.6801458719853006,1.1282109367879756,2299,164.80029296875,164.74462890625,288.0,0.0763888888888889
2300,-1.2485805900764815,1.354698576783988,2300,163.28286743164062,163.22647094726562,288.0,0.10069444444444445
2301,-0.8663598099372827,0.8501091684039077,2301,166.11383056640625,166.05845642089844,288.0,0.10416666666666667
2302,-1.535192339527469,1.3977932183214765,2302,164.427734375,164.37332153320312,288.0,0.0798611111111111
2303,-1.3693987460857409,1.4246833879634724,2303,165.91641235351562,165.86036682128906,288.0,0.11458333333333333
2304,-1.357822456242558,1.4845319707225688,2304,165.67593383789062,165.62033081054688,288.0,0.08680555555555555
2305,-1.2892070240071638,1.062639635051886,2305,160.99990844726562,160.94512939453125,288.0,0.1076388888888889
2306,-0.9342582174321861,1.2599979281413092,2306,165.54830932617188,165.49301147460938,288.0,0.10069444444444445
2307,-1.6387944096527363,1.184398788255713,2307,168.15924072265625,168.10205078125,288.0,0.08333333333333333
2308,-1.267726646440885,1.326355693454046,2308,163.68792724609375,163.6327362060547,288.0,0.08680555555555555
2309,-1.6665966429275072,1.2751194182932901,2309,165.10675048828125,165.05169677734375,288.0,0.08680555555555555
2310,-1.052574708759919,1.5362945834164718,2310,166.61865234375,166.56228637695312,288.0,0.06944444444444445
2311,-1.18133322599173,1.0275671483113737,2311,164.11248779296875,164.05694580078125,288.0,0.0763888888888889
2312,-1.1448798905983597,1.4357032942482097,2312,166.92886352539062,166.87298583984375,288.0,0.09027777777777778
2313,-1.6526503269480173,1.2790623179536347,2313,164.6110382080078,164.55545043945312,288.0,0.10069444444444445
2314,-1.5116043873224676,1.125913005506285,2314,164.85572814941406,164.8001708984375,288.0,0.08680555555555555
2315,-1.4603379469657354,1.2431561150366695,2315,164.8152618408203,164.75979614257812,288.0,0.1076388888888889
2316,-1.5431743871369958,1.5111521732307533,2316,158.876220703125,158.82203674316406,288.0,0.09375
2317,-1.2387676576333204,1.485931607633239,2317,164.0816192626953,164.02618408203125,288.0,0.1076388888888889
2318,-1.517125772509354,1.2281058718121047,2318,166.13656616210938,166.08004760742188,288.0,0.1111111111111111
2319,-1.5919987684010977,1.2624580818328823,2319,163.8892822265625,163.83407592773438,288.0,0.1076388888888889
2320,-1.5571327882468395,1.3027320130002413,2320,164.92547607421875,164.8685302734375,288.0,0.09375
2321,-1.8112319507154444,1.196231646129477,2321,166.8617401123047,166.804931640625,288.0,0.09375
2322,-1.7341787548579302,1.0925346839248464,2322,168.3955078125,168.3385009765625,288.0,0.08333333333333333
2323,-1.2824987011608917,1.247609939346708,2323,165.57907104492188,165.5233612060547,288.0,0.09375
2324,-1.2120733361751765,1.463728503596768,2324,164.13681030273438,164.0819854736328,288.0,0.09375
2325,-1.1756757703021572,1.3333290364289023,2325,162.7994384765625,162.744873046875,288.0,0.1076388888888889
2326,-0.6345352409614161,1.3374699306698257,2326,166.06591796875,166.0094757080078,288.0,0.1111111111111111
2327,-1.3936003545199698,1.3428061840779464,2327,167.94418334960938,167.88742065429688,288.0,0.10416666666666667
2328,-1.682777291401567,1.1905972772202602,2328,162.35693359375,162.30117797851562,288.0,0.08680555555555555
2329,-1.1073147269849706,1.1658736718123177,2329,164.55601501464844,164.50086975097656,288.0,0.07291666666666667
2330,-1.3161236129570233,1.4064543685584792,2330,165.65980529785156,165.60365295410156,288.0,0.09722222222222222
2331,-1.8276652111091432,1.1598778255436375,2331,165.23641967773438,165.18003845214844,288.0,0.11805555555555555
2332,-1.1188405407800448,1.3762471971724164,2332,165.43435668945312,165.37832641601562,288.0,0.08680555555555555
2333,-1.6868392236127843,1.1499772554574237,2333,167.22872924804688,167.1717529296875,288.0,0.08333333333333333
2334,-1.5461528526011732,1.0968227199248788,2334,163.97427368164062,163.9190673828125,288.0,0.0763888888888889
2335,-1.6149208374454131,1.257864176096202,2335,165.39419555664062,165.3389892578125,288.0,0.1076388888888889
2336,-1.4478587110168635,1.3115286170716907,2336,162.721923828125,162.66702270507812,288.0,0.0798611111111111
2337,-0.841138293140816,1.2038167751705782,2337,164.3383026123047,164.28233337402344,288.0,0.10416666666666667
2338,-1.197589993454486,1.3911790653480842,2338,165.232177734375,165.17652893066406,288.0,0.09027777777777778
2339,-1.5470411929576868,1.1675856883189553,2339,163.7064208984375,163.6517791748047,288.0,0.07291666666666667
2340,-1.3794773143557362,1.3050785099582027,2340,162.76014709472656,162.70550537109375,288.0,0.09722222222222222
2341,-1.778121458248355,1.2222195000259186,2341,165.05679321289062,165.00152587890625,288.0,0.09027777777777778
2342,-1.1954957047400343,1.3241896129835267,2342,163.60865783691406,163.55331420898438,288.0,0.08680555555555555
2343,-1.2670987914764933,1.3477520224396626,2343,166.61264038085938,166.55624389648438,288.0,0.0798611111111111
2344,-1.5914328921380885,1.2177275620223171,2344,163.73614501953125,163.6809539794922,288.0,0.07291666666666667
2345,-1.4294353105543685,1.2161114394768264,2345,164.6768798828125,164.62176513671875,288.0,0.08333333333333333
2346,-1.632205904925446,1.2312497008564551,2346,163.81024169921875,163.75534057617188,288.0,0.11458333333333333
2347,-1.7665540046949362,1.1650385010916788,2347,166.03309631347656,165.9763946533203,288.0,0.0763888888888889
2348,-1.4391980136267035,1.406635406432585,2348,165.05812072753906,165.00180053710938,288.0,0.09375
2349,-1.6149697282886601,1.1839237646028349,2349,165.41531372070312,165.36016845703125,288.0,0.08333333333333333
2350,-1.674462904697237,1.0528993182756288,2350,162.2684326171875,162.21409606933594,288.0,0.07291666666666667
2351,-1.6646133711462627,1.2588658127638874,2351,166.0847625732422,166.028564453125,288.0,0.0763888888888889
2352,-1.671210151512278,1.239434465115516,2352,168.47903442382812,168.42147827148438,288.0,0.0763888888888889
2353,-0.9468028189242345,1.2689409321210803,2353,165.90065002441406,165.84463500976562,288.0,0.07291666666666667
2354,-1.4004786123720925,1.373810612464719,2354,161.77926635742188,161.724609375,288.0,0.06597222222222222
2355,-1.8544963989616885,1.0475069240612307,2355,167.10916137695312,167.05264282226562,288.0,0.0625
2356,-1.1315512766334388,1.0632353362578981,2356,165.9431610107422,165.8878631591797,288.0,0.10416666666666667
2357,-1.3126238638215666,1.4691808305354541,2357,164.624267578125,164.5689697265625,288.0,0.09027777777777778
2358,-1.3720222569695502,1.02002524201088,2358,168.38018798828125,168.32302856445312,288.0,0.0798611111111111
2359,-1.6933935503301853,1.1271897763880143,2359,160.82130432128906,160.7676239013672,288.0,0.09722222222222222
2360,-1.7643748798848293,1.2396240536132548,2360,165.39596557617188,165.34039306640625,288.0,0.09722222222222222
2361,-1.1341163486610166,1.225149891445896,2361,164.34085083007812,164.28558349609375,288.0,0.09375
2362,-1.6729776707392459,1.2387950929441314,2362,167.3878173828125,167.3306121826172,288.0,0.1111111111111111
2363,-1.5203286219833732,1.3157765987900745,2363,163.92105102539062,163.86614990234375,288.0,0.0798611111111111
2364,-1.3297362477612302,1.3830199527413027,2364,163.96551513671875,163.90997314453125,288.0,0.1076388888888889
2365,-1.6555869929984794,1.1688452114441177,2365,163.23028564453125,163.17538452148438,288.0,0.11805555555555555
2366,-1.6472419009350552,1.285259266418425,2366,165.36831665039062,165.31275939941406,288.0,0.0798611111111111
2367,-1.5375465956759404,1.410827229341761,2367,164.00022888183594,163.94432067871094,288.0,0.13194444444444445
2368,-1.622643794211305,1.1750916252553827,2368,166.41368103027344,166.35867309570312,288.0,0.09722222222222222
2369,-1.2442730934907746,1.471289987073896,2369,161.67489624023438,161.62188720703125,288.0,0.0763888888888889
2370,-1.586467037805668,1.1350819754341077,2370,165.3970184326172,165.341552734375,288.0,0.04513888888888889
2371,-1.399541593586007,1.144020209929861,2371,165.91287231445312,165.8573455810547,288.0,0.1111111111111111
2372,-1.1796083357444802,1.2791205987867869,2372,165.37579345703125,165.32046508789062,288.0,0.11458333333333333
2373,-1.7063082856439418,1.2656385096035252,2373,166.42279052734375,166.36691284179688,288.0,0.13541666666666666
2374,-1.6190788702031211,1.3213834684852062,2374,164.49447631835938,164.4390106201172,288.0,0.08333333333333333
2375,-1.004161142945596,1.0066438245548104,2375,161.9208984375,161.8664093017578,288.0,0.10416666666666667
2376,-1.6838874288866432,1.2217847513101818,2376,165.97952270507812,165.92352294921875,288.0,0.1111111111111111
2377,-1.3231390927883036,1.3421805842107402,2377,164.51052856445312,164.4549560546875,288.0,0.1111111111111111
2378,-0.7891208150394238,1.0854936215294417,2378,165.4936981201172,165.4375457763672,288.0,0.1076388888888889
2379,-1.7796682291572605,1.0866248515932535,2379,163.1614227294922,163.10586547851562,288.0,0.0798611111111111
2380,-1.7145316311182863,1.4146678315824142,2380,165.56243896484375,165.507080078125,288.0,0.10416666666666667
2381,-1.6208173252854954,1.2217754394512035,2381,161.28341674804688,161.22940063476562,288.0,0.07291666666666667
2382,-1.1853701594757124,1.34803198698825,2382,165.16705322265625,165.11199951171875,288.0,0.059027777777777776
2383,-1.127319459959457,1.4967778730519485,2383,165.8362274169922,165.7811737060547,288.0,0.10416666666666667
2384,-1.7759812584492431,1.4511375175626735,2384,165.4225616455078,165.36712646484375,288.0,0.0763888888888889
2385,-1.609521331143781,1.364856234094128,2385,165.777587890625,165.7220001220703,288.0,0.09027777777777778
2386,-1.6050126003267904,1.2636148380549637,2386,164.99742126464844,164.94268798828125,288.0,0.08333333333333333
2387,-1.6399145126496124,1.0783242393488917,2387,164.9655303955078,164.90908813476562,288.0,0.09722222222222222
2388,-1.0159739241466714,1.1899737949345537,2388,161.1768798828125,161.12225341796875,288.0,0.06597222222222222
2389,-1.423252457640995,1.1864997512270643,2389,165.84103393554688,165.78562927246094,288.0,0.07291666666666667
2390,-1.510772439318394,1.090550362307415,2390,163.66744995117188,163.61264038085938,288.0,0.0798611111111111
2391,-1.4678680121359626,1.2381174578062795,2391,168.5137176513672,168.4564208984375,288.0,0.09375
2392,-1.0098427531287693,1.360144052786164,2392,161.1720428466797,161.11776733398438,288.0,0.09722222222222222
2393,-1.5219380384342334,1.2201544057246927,2393,159.75613403320312,159.70223999023438,288.0,0.10416666666666667
2394,-1.5107427182538145,1.3138755644918776,2394,166.02084350585938,165.96546936035156,288.0,0.06944444444444445
2395,-1.6753505828554869,1.0763892074475991,2395,163.71322631835938,163.65805053710938,288.0,0.09027777777777778
2396,-1.5320630989514592,1.4504459266289342,2396,165.4007110595703,165.3456268310547,288.0,0.11805555555555555
2397,-1.4138529967829379,1.2820268259579088,2397,163.4716796875,163.41741943359375,288.0,0.0798611111111111
2398,-1.372751619383722,1.1417187311579213,2398,165.25045776367188,165.19467163085938,288.0,0.08333333333333333
2399,-1.574688856370143,1.1277229223603018,2399,163.9264678955078,163.871826171875,288.0,0.0763888888888889
2400,-1.314635464347928,1.0926013069948788,2400,165.3092041015625,165.25274658203125,288.0,0.07291666666666667
2401,-1.6521316695263593,1.2418934262208576,2401,161.3150634765625,161.2607421875,288.0,0.07291666666666667
2402,-1.1276682119774304,1.2058197707287976,2402,168.07826232910156,168.02200317382812,288.0,0.09027777777777778
2403,-1.3005652019532783,1.180938434676632,2403,164.148681640625,164.09317016601562,288.0,0.059027777777777776
2404,-1.7503261738892522,1.0807510570301415,2404,163.96327209472656,163.90829467773438,288.0,0.09722222222222222
2405,-1.182538417473837,1.3517556158997095,2405,164.41046142578125,164.35511779785156,288.0,0.09722222222222222
2406,-1.245468303192435,1.4490876726793487,2406,164.9546356201172,164.89947509765625,288.0,0.06597222222222222
2407,-1.7228415462179418,1.0574908215662577,2407,164.279296875,164.22320556640625,288.0,0.08333333333333333
2408,-1.2232235192968837,1.353731271758467,2408,164.706298828125,164.65011596679688,288.0,0.0798611111111111
2409,-1.3143428832791837,1.2384833359536334,2409,165.01580810546875,164.9609832763672,288.0,0.09722222222222222
2410,-1.1251753651462206,1.1479759549552788,2410,158.58778381347656,158.53500366210938,288.0,0.09722222222222222
2411,-1.6804510893214224,1.1281683471242843,2411,163.17955017089844,163.1251220703125,288.0,0.0625
2412,-1.6016572822857649,1.1926336416419163,2412,165.3023681640625,165.2475128173828,288.0,0.09722222222222222
2413,-1.4358374835291299,1.2244149993253068,2413,164.58670043945312,164.53179931640625,288.0,0.0798611111111111
2414,-1.2669185137799444,0.9174627260040226,2414,157.50750732421875,157.45391845703125,288.0,0.041666666666666664
2415,-1.7082298456063572,1.1937264067032,2415,164.94598388671875,164.89041137695312,288.0,0.09375
2416,-1.287112337064365,1.2408388329863698,2416,162.06558227539062,162.01022338867188,288.0,0.08333333333333333
2417,-1.3928860867461468,1.5366792329633294,2417,161.96307373046875,161.90745544433594,288.0,0.09027777777777778
2418,-1.4606019869781808,1.2983409835562334,2418,160.99908447265625,160.94436645507812,288.0,0.07291666666666667
2419,-1.5872746143710468,1.209047525796686,2419,166.15261840820312,166.09629821777344,288.0,0.09375
2420,-1.2071271748597194,1.0895219950707573,2420,163.43197631835938,163.3775177001953,288.0,0.06944444444444445
2421,-1.6728661339672566,1.2722403749296658,2421,164.83900451660156,164.78335571289062,288.0,0.09027777777777778
2422,-1.6619024321732843,1.1296168652391971,2422,165.9303741455078,165.87417602539062,288.0,0.0625
2423,-1.3131289851554557,1.2615983840663965,2423,166.34130859375,166.28504943847656,288.0,0.06597222222222222
2424,-1.6860007089940257,1.18932860682971,2424,160.16976928710938,160.1143798828125,288.0,0.09722222222222222
2425,-1.296559009592747,1.2862553964868604,2425,164.50540161132812,164.44969177246094,288.0,0.10416666666666667
2426,-1.751958429613175,1.0615993920847289,2426,162.43466186523438,162.38031005859375,288.0,0.0625
2427,-1.792017056845501,1.0890588461779631,2427,162.25811767578125,162.20297241210938,288.0,0.0763888888888889
2428,-1.7166550247393468,1.3483496885177324,2428,165.35223388671875,165.2965545654297,288.0,0.0763888888888889
2429,-0.8169416906068999,1.1700735324446336,2429,163.49313354492188,163.4382781982422,288.0,0.1076388888888889
2430,-1.4730690885979847,1.3510159748287094,2430,165.45556640625,165.4005889892578,288.0,0.09027777777777778
2431,-1.6824921819569494,1.1143059751151871,2431,159.84217834472656,159.78750610351562,288.0,0.08333333333333333
2432,-1.6743948255175427,1.2188694078157771,2432,163.13485717773438,163.07958984375,288.0,0.0798611111111111
2433,-1.7941729266014628,1.298866498576125,2433,163.77447509765625,163.71963500976562,288.0,0.09722222222222222
2434,-0.6190742282649219,1.1082270482422776,2434,158.17202758789062,158.1183624267578,288.0,0.09722222222222222
2435,-1.6584091809023906,1.3039263107696806,2435,166.95433044433594,166.8988037109375,288.0,0.09375
2436,-1.4707910508118174,1.1210514790014747,2436,165.7408905029297,165.68502807617188,288.0,0.0798611111111111
2437,-1.364495307414845,1.403646656489727,2437,161.54693603515625,161.49192810058594,288.0,0.10069444444444445
2438,-1.247156578637477,1.3410129634040717,2438,165.43170166015625,165.37661743164062,288.0,0.06597222222222222
2439,-1.2419487482101768,1.5099832944965683,2439,164.7816162109375,164.72593688964844,288.0,0.10416666666666667
2440,-1.8637521787672695,1.1997555118902201,2440,164.33863830566406,164.28363037109375,288.0,0.08333333333333333
2441,-1.4393044165486972,1.4707379980893516,2441,164.99801635742188,164.94253540039062,288.0,0.0625
2442,-1.6540510678248912,1.2291435942566646,2442,161.7822265625,161.72793579101562,288.0,0.0763888888888889
2443,-1.5426141259000232,1.307568583166295,2443,166.05377197265625,165.99794006347656,288.0,0.08333333333333333
2444,-1.7307084998205646,1.168764684624219,2444,163.2272186279297,163.17333984375,288.0,0.10416666666666667
2445,-1.429116632199219,1.1138111922711686,2445,166.3983154296875,166.34197998046875,288.0,0.09375
2446,-1.7255900561770536,1.0698917617625412,2446,162.5875244140625,162.53330993652344,288.0,0.0625
2447,-1.0230658359921314,1.231057012152803,2447,159.5358123779297,159.4822998046875,288.0,0.09375
2448,-1.5805147073141024,1.2776934962836006,2448,164.07638549804688,164.021240234375,288.0,0.07291666666666667
2449,-1.5815542300005152,1.2770992642138395,2449,162.5343780517578,162.4798126220703,288.0,0.0763888888888889
2450,-0.93364094250497,1.2849782931800013,2450,163.2480010986328,163.1942138671875,288.0,0.0625
2451,-1.7405870830414985,1.0748570612971533,2451,163.74014282226562,163.68588256835938,288.0,0.059027777777777776
2452,-1.3412350989021569,1.3885836103726303,2452,166.51419067382812,166.45872497558594,288.0,0.06944444444444445
2453,-1.4659509342075738,1.1615975504999916,2453,159.89334106445312,159.83917236328125,288.0,0.07291666666666667
2454,-1.152239363080232,1.156189249076238,2454,167.509521484375,167.45364379882812,288.0,0.08680555555555555
2455,-1.8812996066081524,1.1918231604933334,2455,163.88229370117188,163.8271484375,288.0,0.0798611111111111
2456,-0.7744721416404515,1.0299993279057478,2456,167.4829559326172,167.42738342285156,288.0,0.07291666666666667
2457,-0.7626031753796119,0.9977795077812394,2457,166.5564422607422,166.5003662109375,288.0,0.0625
2458,-1.3741059457379055,1.600006547165742,2458,166.4420166015625,166.38673400878906,288.0,0.13541666666666666
2459,-1.1676510520577041,1.0724213960070081,2459,165.24655151367188,165.19110107421875,288.0,0.08680555555555555
2460,-1.6364048225853787,1.17894142984831,2460,166.5079345703125,166.4522705078125,288.0,0.11458333333333333
2461,-0.8530759203449683,0.9836961261510241,2461,165.3468780517578,165.29217529296875,288.0,0.06944444444444445
2462,-1.279678538158909,1.4107866661307265,2462,168.0532989501953,167.9972686767578,288.0,0.10416666666666667
2463,-1.7528024190222231,1.300381963699158,2463,164.0769805908203,164.02281188964844,288.0,0.11805555555555555
2464,-1.0744836578037855,1.0484439626885032,2464,166.12078857421875,166.06515502929688,288.0,0.0798611111111111
2465,-1.8380068653396588,1.160169061421462,2465,167.0881805419922,167.0323944091797,288.0,0.1076388888888889
2466,-1.8356362470789007,1.1148434631169624,2466,160.07237243652344,160.01907348632812,288.0,0.0798611111111111
2467,-1.6807887434133089,1.4245441113539035,2467,160.48599243164062,160.4325408935547,288.0,0.0798611111111111
2468,-1.6189732244028423,1.2065566373238084,2468,163.4385986328125,163.38304138183594,288.0,0.1284722222222222
2469,-1.6299095427729022,1.189233602964077,2469,165.58486938476562,165.52926635742188,288.0,0.09027777777777778
2470,-1.5901283725900521,1.010829231120629,2470,160.36448669433594,160.31100463867188,288.0,0.07291666666666667
2471,-1.5452544037510674,1.3593936552050487,2471,163.77786254882812,163.7229461669922,288.0,0.0763888888888889
2472,-1.5181964193435054,1.2604255871200403,2472,167.44241333007812,167.3853759765625,288.0,0.09027777777777778
2473,-1.6503241160172817,1.4652095591611671,2473,164.44369506835938,164.3896484375,288.0,0.06944444444444445
2474,-1.6558821212701729,1.2092168258871956,2474,165.89862060546875,165.84320068359375,288.0,0.0625
2475,-0.96493041367303,0.7992592220184682,2475,164.68870544433594,164.63316345214844,288.0,0.059027777777777776
2476,-1.3023752254860061,1.2708649226319098,2476,163.6578826904297,163.60260009765625,288.0,0.0763888888888889
2477,-1.6446367652600926,1.2392313077606993,2477,165.99168395996094,165.93576049804688,288.0,0.09027777777777778
2478,-1.6860696751976871,1.253381145566922,2478,168.59426879882812,168.53793334960938,288.0,0.09722222222222222
2479,-1.7580462773564614,1.3364574252919441,2479,159.0953369140625,159.0418243408203,288.0,0.07291666666666667
2480,-1.7653286137385575,1.3268794202965881,2480,166.58694458007812,166.5321502685547,288.0,0.10416666666666667
2481,-1.7223835403086984,1.0966196140906108,2481,164.25233459472656,164.1973876953125,288.0,0.06597222222222222
2482,-1.7504922676833854,1.1931047065776321,2482,162.84121704101562,162.78726196289062,288.0,0.08680555555555555
2483,-1.138400502815422,0.996058955208492,2483,160.63040161132812,160.576416015625,288.0,0.04513888888888889
2484,-1.4298464548644194,1.5348331919033824,2484,163.11453247070312,163.06088256835938,288.0,0.034722222222222224
2485,-1.080697143246165,1.0993435991683644,2485,161.864013671875,161.81033325195312,288.0,0.09375
2486,-1.0016669743184585,1.1977737534614996,2486,168.97152709960938,168.91488647460938,288.0,0.0763888888888889
2487,-1.1168265367546237,1.2649479163738324,2487,157.2921142578125,157.23977661132812,288.0,0.07291666666666667
2488,-1.2689310868416683,0.8419357951125747,2488,162.87939453125,162.82542419433594,288.0,0.07291666666666667
2489,-1.5173127378566227,1.2237372479037796,2489,164.88330078125,164.82884216308594,288.0,0.08333333333333333
2490,-1.2470566975740411,0.9686411482610375,2490,166.28863525390625,166.23236083984375,288.0,0.0763888888888889
2491,-1.4108314859212512,1.1940996199166072,2491,158.13027954101562,158.07632446289062,288.0,0.0625
2492,-0.9734197622217378,1.0691768345530575,2492,163.73873901367188,163.68441772460938,288.0,0.034722222222222224
2493,-0.94000565727629,1.0571898418872834,2493,167.2140350341797,167.1583709716797,288.0,0.09375
2494,-1.2673769638738905,1.0689258257005023,2494,164.3958740234375,164.34112548828125,288.0,0.07291666666666667
2495,-1.980087539960551,1.3606390239752362,2495,165.99014282226562,165.93466186523438,288.0,0.0798611111111111
2496,-1.2231846912037914,1.0304800931791958,2496,165.1229248046875,165.06793212890625,288.0,0.0798611111111111
2497,-1.3002765908116283,1.566563409714024,2497,163.20883178710938,163.15396118164062,288.0,0.1076388888888889
2498,-0.8586990195767499,1.2210412503580006,2498,163.3212127685547,163.26663208007812,288.0,0.07291666666666667
2499,-1.6540488073286066,1.2568103197640632,2499,161.4940948486328,161.44085693359375,288.0,0.09375
2500,-1.4209517927203743,1.3209431316681677,2500,166.30450439453125,166.24864196777344,288.0,0.1111111111111111
2501,-1.4085833271704065,1.1132277430461488,2501,161.29949951171875,161.24404907226562,288.0,0.08680555555555555
2502,-1.9223522571877356,1.388162990194017,2502,161.85223388671875,161.7975616455078,288.0,0.0798611111111111
2503,-1.6699667207665838,1.121472855592795,2503,162.3236083984375,162.26913452148438,288.0,0.06597222222222222
2504,-0.924938005610172,0.9478738737767217,2504,165.2349853515625,165.18023681640625,288.0,0.08333333333333333
2505,-1.71821452044744,1.1488092848178737,2505,162.9481658935547,162.89361572265625,288.0,0.059027777777777776
2506,-1.1263113528143238,1.228742201688193,2506,166.18072509765625,166.1258087158203,288.0,0.06597222222222222
2507,-1.5475830300748195,1.4447234568825298,2507,166.69393920898438,166.6386260986328,288.0,0.07291666666666667
2508,-1.2068896779831142,1.4558576782459158,2508,162.6627960205078,162.60926818847656,288.0,0.06597222222222222
2509,-1.4560062920749983,1.104886552041748,2509,165.51467895507812,165.45863342285156,288.0,0.06944444444444445
2510,-1.2566277319313173,1.5218140973401961,2510,162.830810546875,162.77703857421875,288.0,0.09375
2511,-1.662621140896317,1.1781155496411106,2511,164.8345947265625,164.7798309326172,288.0,0.10069444444444445
2512,-1.6690592251637737,1.1024958474181565,2512,164.16506958007812,164.11080932617188,288.0,0.07291666666666667
2513,-1.456678843789236,1.2006158231096236,2513,167.1949462890625,167.1392059326172,288.0,0.0798611111111111
2514,-1.2189402190024705,1.0224785379133532,2514,162.36138916015625,162.30722045898438,288.0,0.0798611111111111
2515,-1.7304760023847698,1.3238172195953284,2515,157.32559204101562,157.27230834960938,288.0,0.052083333333333336
2516,-1.5385844989663313,1.326871464590025,2516,167.7807159423828,167.7239990234375,288.0,0.08680555555555555
2517,-1.6666614543729201,1.054466275902058,2517,161.889892578125,161.836181640625,288.0,0.0625
2518,-1.3373177722452594,1.4003830698978972,2518,165.43655395507812,165.38050842285156,288.0,0.07291666666666667
2519,-1.0803685331497264,1.5403807220385364,2519,165.61407470703125,165.55911254882812,288.0,0.0798611111111111
2520,-1.604997344303336,1.1889308613637875,2520,161.20303344726562,161.14805603027344,288.0,0.07291666666666667
2521,-1.6928784463337982,1.13481781166586,2521,163.2056884765625,163.152099609375,288.0,0.08680555555555555
2522,-0.8618656598470452,0.7997783828865798,2522,164.73385620117188,164.67868041992188,288.0,0.05555555555555555
2523,-1.1553529036175485,1.4473032200705969,2523,157.61004638671875,157.55625915527344,288.0,0.059027777777777776
2524,-1.4819063333225968,1.4002703469674955,2524,163.92562866210938,163.87103271484375,288.0,0.0625
2525,-0.7765817968161977,1.1075023737831906,2525,165.19915771484375,165.143798828125,288.0,0.09027777777777778
2526,-1.8128042614280178,1.130549642735097,2526,162.81480407714844,162.7602996826172,288.0,0.0798611111111111
2527,-1.7525096714384263,1.2583275631080026,2527,165.69711303710938,165.64111328125,288.0,0.09722222222222222
2528,-1.4195107673855245,1.0774103149393528,2528,167.84085083007812,167.78456115722656,288.0,0.0798611111111111
2529,-1.6897380135479405,1.219298525034275,2529,159.28103637695312,159.22715759277344,288.0,0.09722222222222222
2530,-1.3739119460913012,1.4913534333462994,2530,157.5662384033203,157.51255798339844,288.0,0.07291666666666667
2531,-1.1746041702922245,1.367399439264655,2531,164.59393310546875,164.53915405273438,288.0,0.059027777777777776
2532,-0.9267350739919684,1.326214207206736,2532,161.58534240722656,161.53042602539062,288.0,0.06597222222222222
2533,-1.6383683843595394,1.1214723760363339,2533,166.8979034423828,166.841552734375,288.0,0.06944444444444445
2534,-1.5142638285343013,1.0773250063874769,2534,164.88943481445312,164.83416748046875,288.0,0.06597222222222222
2535,-1.1062050033868447,1.4791427657112162,2535,167.9036407470703,167.84730529785156,288.0,0.09027777777777778
2536,-0.9770210195183758,1.1667505546348138,2536,166.7738494873047,166.71762084960938,288.0,0.0798611111111111
2537,-1.6963404082126547,1.0611829880920856,2537,160.3118438720703,160.25704956054688,288.0,0.10069444444444445
2538,-1.5318313648840147,1.3305586115790864,2538,168.1051025390625,168.04867553710938,288.0,0.06597222222222222
2539,-1.7292072729899974,1.0796540408954654,2539,160.93258666992188,160.87831115722656,288.0,0.06944444444444445
2540,-1.0510711988469,1.1708265262169968,2540,165.45631408691406,165.4014129638672,288.0,0.0798611111111111
2541,-1.1802166511020868,1.1770571760882071,2541,165.14483642578125,165.08944702148438,288.0,0.09027777777777778
2542,-1.368831831301539,1.092242518570016,2542,166.2315673828125,166.1759033203125,288.0,0.059027777777777776
2543,-1.7320964205688405,1.2103770605712658,2543,165.73223876953125,165.67660522460938,288.0,0.0798611111111111
2544,-1.522838364773419,1.133277150242127,2544,164.87469482421875,164.81903076171875,288.0,0.0798611111111111
2545,-1.4970788898780087,1.1990340156602577,2545,165.2207489013672,165.16555786132812,288.0,0.08680555555555555
2546,-1.1776968456761583,1.3132636378669562,2546,166.31092834472656,166.25466918945312,288.0,0.0625
2547,-1.0101153812958361,1.002689982246976,2547,161.25848388671875,161.20379638671875,288.0,0.0798611111111111
2548,-1.6857023414555625,1.1357544676933948,2548,165.83572387695312,165.7799835205078,288.0,0.06597222222222222
2549,-1.567761491633539,1.1546923460371843,2549,166.92510986328125,166.8692626953125,288.0,0.06944444444444445
2550,-1.3296827652875878,1.4138638123122844,2550,166.06674194335938,166.01129150390625,288.0,0.11805555555555555
2551,-1.6459383795713063,1.1927792404717807,2551,165.26670837402344,165.21182250976562,288.0,0.08680555555555555
2552,-1.6253227258042346,1.1767885747574205,2552,165.22828674316406,165.1732635498047,288.0,0.0798611111111111
2553,-1.7075629039647344,1.2465351852263877,2553,166.21624755859375,166.16033935546875,288.0,0.06944444444444445
2554,-1.6359182474763732,1.3018950959814068,2554,163.9764862060547,163.92152404785156,288.0,0.04861111111111111
2555,-1.1674416155001879,1.2790530060020788,2555,162.9156951904297,162.86187744140625,288.0,0.08333333333333333
2556,-1.071035889931939,1.4057251378325795,2556,164.44491577148438,164.38955688476562,288.0,0.03819444444444445
2557,-1.2275760986693423,1.3449715329642218,2557,165.46136474609375,165.4054412841797,288.0,0.09375
2558,-1.7587480694516648,1.1299261649621155,2558,167.60731506347656,167.55056762695312,288.0,0.10069444444444445
2559,-1.5035409828695334,1.3173010221807682,2559,161.47647094726562,161.42181396484375,288.0,0.09027777777777778
2560,-0.8706543380160819,0.7652067322042694,2560,157.90383911132812,157.85086059570312,288.0,0.06944444444444445
2561,-1.6098427689057644,1.180609591711273,2561,165.720947265625,165.665771484375,288.0,0.05555555555555555
2562,-1.5772480599479244,1.150673163353336,2562,166.26026916503906,166.2041015625,288.0,0.0763888888888889
2563,-2.0035007247422407,1.311379962515281,2563,159.22854614257812,159.17572021484375,288.0,0.0763888888888889
2564,-1.6769365304308126,1.0833484194454657,2564,158.98715209960938,158.9326629638672,288.0,0.0798611111111111
2565,-1.390351730777129,1.1488913808542607,2565,163.88587951660156,163.8316650390625,288.0,0.06597222222222222
2566,-1.6547282595879125,1.194216228562744,2566,156.88906860351562,156.83645629882812,288.0,0.09722222222222222
2567,-0.7997833453969491,1.0260949372765542,2567,164.45924377441406,164.4033966064453,288.0,0.0763888888888889
2568,-1.5711958078286274,1.2688437803754549,2568,160.5580291748047,160.50384521484375,288.0,0.0798611111111111
2569,-1.6363543189651677,1.13535055123674,2569,167.1202850341797,167.0643768310547,288.0,0.0763888888888889
2570,-1.6081340395999573,1.2473611484898768,2570,164.7767333984375,164.7222442626953,288.0,0.059027777777777776
2571,-1.7934696321214263,1.1468894154033982,2571,169.1350860595703,169.07806396484375,288.0,0.09375
2572,-1.5472038912184403,1.2148906751468858,2572,163.50375366210938,163.4499053955078,288.0,0.0763888888888889
2573,-1.7475293608300635,1.10515474450401,2573,162.5778045654297,162.52203369140625,288.0,0.08680555555555555
2574,-1.5915994927287451,1.2879760601590866,2574,161.42764282226562,161.37405395507812,288.0,0.04861111111111111
2575,-1.2460020207509392,0.9575708939286863,2575,162.09628295898438,162.04141235351562,288.0,0.04861111111111111
2576,-0.7117894814179339,0.9804909996523745,2576,162.12200927734375,162.068115234375,288.0,0.06944444444444445
2577,-0.7797612287839919,0.7986150413263206,2577,166.39996337890625,166.3447265625,288.0,0.07291666666666667
2578,-1.4250416013410399,1.0712584144554653,2578,162.0162353515625,161.96157836914062,288.0,0.08680555555555555
2579,-1.7941065928237796,1.1264657725197522,2579,165.61782836914062,165.56301879882812,288.0,0.059027777777777776
2580,-1.778782569949404,1.1122796987394774,2580,163.49049377441406,163.43634033203125,288.0,0.08680555555555555
2581,-1.143239505077971,1.0139931184440993,2581,163.57742309570312,163.52316284179688,288.0,0.04513888888888889
2582,-0.9212358237199165,0.959382969780426,2582,161.28762817382812,161.23355102539062,288.0,0.052083333333333336
2583,-0.9686286512778801,1.0795633585311943,2583,159.56414794921875,159.51080322265625,288.0,0.0625
2584,-1.0709076914485638,1.0066323665919472,2584,165.2845001220703,165.22955322265625,288.0,0.08333333333333333
2585,-1.821639654987328,1.3270175205542878,2585,164.01004028320312,163.95608520507812,288.0,0.04861111111111111
2586,-1.5907157466389903,1.3549709694815921,2586,167.09622192382812,167.0403594970703,288.0,0.0625
2587,-1.1338910696350017,0.905627629253641,2587,165.3197021484375,165.26487731933594,288.0,0.06597222222222222
2588,-1.546249684677214,1.1913273194614835,2588,163.53627014160156,163.4812469482422,288.0,0.08333333333333333
2589,-2.1766844137258063,1.4537405007002677,2589,159.05804443359375,159.00498962402344,288.0,0.0625
2590,-1.0493089513971006,1.1141205621654175,2590,164.91281127929688,164.8575897216797,288.0,0.07291666666666667
2591,-1.528037331091657,1.1710505082905789,2591,166.64892578125,166.59341430664062,288.0,0.041666666666666664
2592,-1.4687477367071324,1.1291419215502028,2592,159.49612426757812,159.44308471679688,288.0,0.05555555555555555
2593,-1.2219425611301433,1.353832012626909,2593,164.87924194335938,164.82449340820312,288.0,0.06597222222222222
2594,-0.9193252298596298,1.3972065218766299,2594,161.40386962890625,161.35040283203125,288.0,0.059027777777777776
2595,-1.4016238944572532,1.4188241232762406,2595,158.8842315673828,158.83164978027344,288.0,0.0625
2596,-1.2893632962473736,1.3026593239694702,2596,160.71974182128906,160.66629028320312,288.0,0.06597222222222222
2597,-1.314457069346061,1.1152993983629613,2597,163.0176544189453,162.96343994140625,288.0,0.09375
2598,-1.7014101165943605,1.4884404364405242,2598,165.19830322265625,165.14337158203125,288.0,0.08680555555555555
2599,-1.6821723616770794,1.0599188259249925,2599,163.52163696289062,163.46737670898438,288.0,0.05555555555555555
2600,-1.265967248118912,1.1707268744531192,2600,163.1883544921875,163.1343994140625,288.0,0.04861111111111111
2601,-1.4596003114380418,1.358675514932427,2601,161.92767333984375,161.8738555908203,288.0,0.08680555555555555
2602,-1.6448835488600824,1.1616204908860759,2602,166.79324340820312,166.73829650878906,288.0,0.0763888888888889
2603,-1.4539503545583154,1.2201098322308508,2603,164.02894592285156,163.97471618652344,288.0,0.07291666666666667
2604,-1.8462607019981003,1.2094362428764152,2604,167.63795471191406,167.5819091796875,288.0,0.0763888888888889
2605,-1.5438679179698929,1.1967284772391276,2605,164.32713317871094,164.27194213867188,288.0,0.06597222222222222
2606,-1.6698718922954763,1.2067444544812442,2606,161.48446655273438,161.43006896972656,288.0,0.06944444444444445
2607,-1.2831107537417572,1.4881317154261822,2607,163.48245239257812,163.42727661132812,288.0,0.05555555555555555
2608,-1.5466992452551276,1.0749124560215007,2608,163.615966796875,163.5615692138672,288.0,0.08333333333333333
2609,-1.239925293206466,1.4162699448504126,2609,162.94882202148438,162.89442443847656,288.0,0.09375
2610,-1.5970819917213286,1.035697914862413,2610,164.51901245117188,164.46449279785156,288.0,0.052083333333333336
2611,-0.5843285296743261,1.1214922316052822,2611,162.52427673339844,162.47021484375,288.0,0.06944444444444445
2612,-1.5380412653420656,1.2364998240130474,2612,167.19961547851562,167.14328002929688,288.0,0.059027777777777776
2613,-1.6195636651745375,1.2050307807604295,2613,163.85824584960938,163.80386352539062,288.0,0.0763888888888889
2614,-1.2835619812612598,1.5364921707818529,2614,166.2913818359375,166.23570251464844,288.0,0.06944444444444445
2615,-1.35383271807878,1.2977574592006293,2615,163.0813751220703,163.0269012451172,288.0,0.0625
2616,-1.3275616133159163,1.3241458561069008,2616,166.63612365722656,166.57965087890625,288.0,0.0798611111111111
2617,-1.187644151446496,1.21464528019973,2617,164.66094970703125,164.60574340820312,288.0,0.09722222222222222
2618,-1.2858891063376545,1.2979418742308968,2618,164.29632568359375,164.24114990234375,288.0,0.0763888888888889
2619,-1.3207321094480313,1.1758736769096365,2619,163.20733642578125,163.1519775390625,288.0,0.04861111111111111
2620,-1.1264707867889574,1.1560569770252136,2620,165.09713745117188,165.04156494140625,288.0,0.0625
2621,-1.3336590507050954,1.0582773790092692,2621,162.0516815185547,161.99803161621094,288.0,0.0798611111111111
2622,-0.7969287698639054,1.0797207419196009,2622,162.81838989257812,162.7633056640625,288.0,0.052083333333333336
2623,-1.5453619521573119,1.1103530620700275,2623,151.98045349121094,151.92929077148438,288.0,0.0625
2624,-1.1866381893806457,0.8646508325233504,2624,162.35740661621094,162.30227661132812,288.0,0.06597222222222222
2625,-0.9417751149405134,1.1940284269700259,2625,160.85397338867188,160.79925537109375,288.0,0.0625
2626,-1.4161516936628944,1.2054787984875057,2626,166.0289306640625,165.97341918945312,288.0,0.09722222222222222
2627,-1.1833348217028357,0.8615954534291187,2627,165.24937438964844,165.19351196289062,288.0,0.04861111111111111
2628,-1.5966351056836028,1.185831673674971,2628,164.37481689453125,164.31906127929688,288.0,0.10416666666666667
2629,-1.5287573509896988,1.0150005600171859,2629,163.91729736328125,163.86190795898438,288.0,0.06597222222222222
2630,-1.3305424948666607,1.2953717414500063,2630,163.84674072265625,163.79144287109375,288.0,0.07291666666666667
2631,-0.7798243712245476,0.8322976686853135,2631,161.032470703125,160.978515625,288.0,0.04513888888888889
2632,-1.3063914649209727,1.319244970689676,2632,166.30117797851562,166.24575805664062,288.0,0.05555555555555555
2633,-1.760893484016464,1.1820312479311879,2633,163.51499938964844,163.4600830078125,288.0,0.08680555555555555
2634,-0.8866408097177395,0.9849226161142703,2634,166.35958862304688,166.30401611328125,288.0,0.07291666666666667
2635,-1.699914566708144,1.1759281477009071,2635,167.2806854248047,167.2244873046875,288.0,0.06597222222222222
2636,-1.980162155258192,1.6101751431502227,2636,162.07754516601562,162.0232391357422,288.0,0.06597222222222222
2637,-1.5015037897871042,1.1753330243591646,2637,164.36825561523438,164.31289672851562,288.0,0.0763888888888889
2638,-1.1986364290437892,0.9499874582929707,2638,162.16592407226562,162.11276245117188,288.0,0.07291666666666667
2639,-1.7678116145725753,1.1363976048286384,2639,165.88470458984375,165.82876586914062,288.0,0.08680555555555555
2640,-0.8852612576247273,1.084195043771598,2640,162.9329376220703,162.87965393066406,288.0,0.0625
2641,-1.7173566054558258,1.5217866938061133,2641,166.0869140625,166.03091430664062,288.0,0.06597222222222222
2642,-1.9700290117346606,1.2838593030053351,2642,163.90921020507812,163.85433959960938,288.0,0.05555555555555555
2643,-1.4292210410911956,1.1772264588778878,2643,164.67181396484375,164.61729431152344,288.0,0.06944444444444445
2644,-1.6742520737065587,1.3084443904845768,2644,164.9672088623047,164.91200256347656,288.0,0.09722222222222222
2645,-1.646233956225199,1.1995343726349206,2645,162.26712036132812,162.21331787109375,288.0,0.09027777777777778
2646,-1.5800298182666321,1.304223595750828,2646,161.2017364501953,161.14804077148438,288.0,0.08333333333333333
2647,-1.5730925638720252,1.1196720640098459,2647,164.42184448242188,164.36663818359375,288.0,0.034722222222222224
2648,-1.1539472987379227,1.2524271407010534,2648,163.06158447265625,163.00778198242188,288.0,0.07291666666666667
2649,-1.8058879232981622,1.3894795817518575,2649,156.82958984375,156.77719116210938,288.0,0.08333333333333333
2650,-1.0495606246472098,1.1785589066422704,2650,166.17381286621094,166.11866760253906,288.0,0.08680555555555555
2651,-1.4928429667292002,1.101564134288369,2651,163.90777587890625,163.85369873046875,288.0,0.04861111111111111
2652,-1.6557432932009735,1.1050097974954107,2652,164.950439453125,164.89524841308594,288.0,0.05555555555555555
2653,-1.419175746256093,1.039770612711975,2653,158.96090698242188,158.90679931640625,288.0,0.06597222222222222
2654,-1.763507178622981,1.1530163367222512,2654,164.3779754638672,164.32333374023438,288.0,0.04861111111111111
2655,-1.1120284716645172,1.046399625592401,2655,165.32101440429688,165.26638793945312,288.0,0.09027777777777778
2656,-0.8956097970441367,0.8373600864119631,2656,166.2633819580078,166.20761108398438,288.0,0.08333333333333333
2657,-1.5738056860413634,1.4660081125024294,2657,164.5583038330078,164.50416564941406,288.0,0.07291666666666667
2658,-1.437446668261906,1.1499104612802622,2658,167.9635009765625,167.9066162109375,288.0,0.06944444444444445
2659,-1.0326776162660196,1.2585382513479464,2659,162.8919219970703,162.8382110595703,288.0,0.04861111111111111
2660,-1.6325094462982956,1.146787547954311,2660,164.5163116455078,164.46173095703125,288.0,0.07291666666666667
2661,-0.9798770214800459,1.1230481360792106,2661,166.15475463867188,166.09906005859375,288.0,0.05555555555555555
2662,-1.3563500845974295,1.0436335202901896,2662,163.95693969726562,163.90220642089844,288.0,0.059027777777777776
2663,-1.0868137297684761,0.9153224061776493,2663,161.1938934326172,161.14041137695312,288.0,0.0798611111111111
2664,-1.6152510921068581,1.1633813659313363,2664,163.6227264404297,163.56863403320312,288.0,0.06597222222222222
2665,-1.6135023520017155,1.3263978764518427,2665,164.2190399169922,164.16558837890625,288.0,0.06944444444444445
2666,-1.5575002364105568,1.1675042495796033,2666,162.97622680664062,162.92202758789062,288.0,0.04861111111111111
2667,-1.1638931094727119,0.9496686457605087,2667,162.26638793945312,162.21270751953125,288.0,0.06944444444444445
2668,-1.749403761321549,1.031316231898034,2668,163.91769409179688,163.86392211914062,288.0,0.05555555555555555
2669,-1.639798852172444,1.1088096371610505,2669,166.265380859375,166.20947265625,288.0,0.05555555555555555
2670,-1.5303928334684203,1.360994242863467,2670,158.9285888671875,158.87579345703125,288.0,0.09722222222222222
2671,-1.5116660628970058,1.1974764681376953,2671,165.4556427001953,165.399658203125,288.0,0.06597222222222222
2672,-1.627750163231607,1.2290645165532876,2672,166.4584197998047,166.40322875976562,288.0,0.052083333333333336
2673,-1.370699345173018,1.1016984427718963,2673,162.03538513183594,161.98056030273438,288.0,0.05555555555555555
2674,-0.6972453885227643,1.2349218473624226,2674,162.14505004882812,162.08973693847656,288.0,0.09027777777777778
2675,-0.7684948429383923,0.8004156438777751,2675,165.8939208984375,165.838623046875,288.0,0.034722222222222224
2676,-1.3610763049194283,1.2515813378485263,2676,161.40635681152344,161.3527374267578,288.0,0.09027777777777778
2677,-1.472035190476202,1.0734862459416883,2677,166.50140380859375,166.4456787109375,288.0,0.059027777777777776
2678,-1.963933054759542,1.3171273871362414,2678,161.79478454589844,161.74090576171875,288.0,0.052083333333333336
2679,-1.9781075724108967,1.3213725415982989,2679,164.39146423339844,164.33627319335938,288.0,0.04861111111111111
2680,-1.491745871016935,1.1868713971297309,2680,167.15628051757812,167.09947204589844,288.0,0.0625
2681,-0.9227042251606592,1.1794220846338408,2681,155.13800048828125,155.08547973632812,288.0,0.09027777777777778
2682,-0.7228275752592448,1.0421110869101506,2682,162.32579040527344,162.27223205566406,288.0,0.07291666666666667
2683,-1.6335716624514778,1.343031404352117,2683,158.46263122558594,158.40908813476562,288.0,0.06944444444444445
2684,-1.4734709851659304,0.9234408111065608,2684,162.35020446777344,162.29605102539062,288.0,0.03819444444444445
2685,-0.8845656896575571,0.8131261685361859,2685,157.38943481445312,157.3361358642578,288.0,0.052083333333333336
2686,-1.5550383241071453,1.2274242736573657,2686,164.51707458496094,164.4619140625,288.0,0.041666666666666664
2687,-1.2542791017587158,1.201610982922356,2687,165.85345458984375,165.7974395751953,288.0,0.07291666666666667
2688,-1.4063412304621619,1.416246693940159,2688,160.5887451171875,160.5355224609375,288.0,0.09027777777777778
2689,-1.6806645856759432,1.1685035311441379,2689,159.86538696289062,159.81246948242188,288.0,0.07291666666666667
2690,-1.5178183482633332,1.0931090226748288,2690,165.47006225585938,165.4146728515625,288.0,0.05555555555555555
2691,-1.5031807279318592,1.4122490981063915,2691,160.53695678710938,160.482666015625,288.0,0.04513888888888889
2692,-0.990009083008708,1.1783709759287138,2692,165.34376525878906,165.2886199951172,288.0,0.052083333333333336
2693,-1.4507069348766461,1.4264656865749048,2693,164.3232879638672,164.26824951171875,288.0,0.06597222222222222
2694,-1.2899618614748316,0.9862058599947565,2694,162.50344848632812,162.45013427734375,288.0,0.052083333333333336
2695,-1.1333484316934923,1.1808031505108267,2695,161.66636657714844,161.61178588867188,288.0,0.07291666666666667
2696,-1.3385167978855448,1.2005475081055557,2696,165.53915405273438,165.4834442138672,288.0,0.06597222222222222
2697,-1.3750640983112266,1.2998123870539662,2697,155.0791015625,155.02639770507812,288.0,0.09027777777777778
2698,-1.7285507221209504,1.1593400431427439,2698,157.61903381347656,157.56546020507812,288.0,0.1076388888888889
2699,-1.6789843478707627,1.1801194792526282,2699,163.52008056640625,163.46499633789062,288.0,0.07291666666666667
2700,-1.3641032550379932,1.0709912366184358,2700,158.7752685546875,158.72145080566406,288.0,0.07291666666666667
2701,-1.5787774307912699,1.1660542974516164,2701,163.87615966796875,163.82052612304688,288.0,0.03819444444444445
2702,-1.4602580726629983,1.3876274164721356,2702,156.50186157226562,156.4495086669922,288.0,0.059027777777777776
2703,-1.7587743798148026,1.0988799964257498,2703,165.80886840820312,165.7533721923828,288.0,0.06944444444444445
2704,-1.5909302570134642,1.1975150773351841,2704,164.8765869140625,164.8214874267578,288.0,0.05555555555555555
2705,-1.6868773323910626,1.0606863671620888,2705,164.8878173828125,164.83120727539062,288.0,0.09375
2706,-1.5401789631454834,1.092252177562479,2706,162.2987518310547,162.24508666992188,288.0,0.09722222222222222
2707,-1.1234690638422822,1.0697723302574196,2707,167.0528106689453,166.9964599609375,288.0,0.0625
2708,-1.3331616011341614,1.4293504342194718,2708,163.53172302246094,163.4772186279297,288.0,0.07291666666666667
2709,-1.5068638516799366,1.333639482789148,2709,164.50830078125,164.45277404785156,288.0,0.07291666666666667
2710,-1.259483473005556,1.3801349632801545,2710,166.6374969482422,166.58152770996094,288.0,0.06944444444444445
2711,-1.4190239581567627,1.3426850850533936,2711,164.35885620117188,164.3034210205078,288.0,0.08680555555555555
2712,-1.1362229216001087,1.172431434700234,2712,162.31727600097656,162.2621307373047,288.0,0.059027777777777776
2713,-1.5220448287276893,1.0768629366151388,2713,162.81768798828125,162.76292419433594,288.0,0.06597222222222222
2714,-1.5610254909049035,1.1276776461514977,2714,164.35494995117188,164.29942321777344,288.0,0.0798611111111111
2715,-1.2552593867643076,1.469004720826373,2715,165.023193359375,164.96826171875,288.0,0.05555555555555555
2716,-1.6494215724559025,1.31258797326671,2716,167.25929260253906,167.20252990722656,288.0,0.059027777777777776
2717,-1.0869198284847819,1.44640222450149,2717,164.69842529296875,164.64291381835938,288.0,0.06597222222222222
2718,-1.2146986223731493,1.163628991631406,2718,166.45407104492188,166.39776611328125,288.0,0.08333333333333333
2719,-1.8361431699146986,1.5497478864982859,2719,166.06521606445312,166.0086212158203,288.0,0.08680555555555555
2720,-1.2830485716562892,1.0551885056231796,2720,163.56948852539062,163.51434326171875,288.0,0.07291666666666667
2721,-1.62927100511304,1.1397719919558182,2721,166.21417236328125,166.15830993652344,288.0,0.04513888888888889
2722,-1.4445655420709629,1.1265597288295335,2722,167.24722290039062,167.19094848632812,288.0,0.059027777777777776
2723,-0.8579920487745182,1.0628076002116045,2723,162.255615234375,162.2019805908203,288.0,0.04513888888888889
2724,-1.1098577219354715,1.133102176232892,2724,164.01577758789062,163.9605712890625,288.0,0.05555555555555555
2725,-1.4988706275541632,1.3899455038898183,2725,162.88587951660156,162.83143615722656,288.0,0.041666666666666664
2726,-1.0257126762237156,1.4863990134545455,2726,163.22967529296875,163.1748046875,288.0,0.08680555555555555
2727,-1.3913680522981546,1.077112566748558,2727,165.01780700683594,164.96221923828125,288.0,0.07291666666666667
2728,-0.801582566487517,0.9211135453188296,2728,165.50234985351562,165.44708251953125,288.0,0.052083333333333336
2729,-0.8226751283269373,1.243901186735934,2729,166.71820068359375,166.66207885742188,288.0,0.059027777777777776
2730,-0.9274244883422398,1.348649196095415,2730,165.0371856689453,164.98182678222656,288.0,0.03819444444444445
2731,-1.6805227417726003,1.1494359579184663,2731,162.95590209960938,162.90084838867188,288.0,0.06944444444444445
2732,-1.6624087290597027,1.1310317142003692,2732,167.81997680664062,167.76290893554688,288.0,0.06597222222222222
2733,-0.9287796763359933,1.29543997485397,2733,160.7688446044922,160.7144317626953,288.0,0.06597222222222222
2734,-1.562740146538279,1.168645248237139,2734,165.2180938720703,165.16273498535156,288.0,0.052083333333333336
2735,-1.6342839487025178,1.1593689813316765,2735,164.24560546875,164.19093322753906,288.0,0.08333333333333333
2736,-1.0517353510635559,0.719932147201223,2736,161.91555786132812,161.86062622070312,288.0,0.04513888888888889
2737,-1.3212758580052322,1.0403926274185278,2737,159.73968505859375,159.68544006347656,288.0,0.07291666666666667
2738,-1.4054061772001818,1.3652451223689166,2738,167.35296630859375,167.2969970703125,288.0,0.0763888888888889
2739,-1.6704834467299585,1.2332028287211776,2739,167.43603515625,167.37954711914062,288.0,0.09375
2740,-1.0925251907541549,1.2457467616267026,2740,165.2090606689453,165.15283203125,288.0,0.059027777777777776
2741,-1.6846852084966137,1.2823771565806785,2741,164.76470947265625,164.7089385986328,288.0,0.06597222222222222
2742,-1.5833558327730997,1.1750847228512766,2742,162.66326904296875,162.609130859375,288.0,0.0625
2743,-1.164945076830808,1.211237731661786,2743,164.08624267578125,164.0312957763672,288.0,0.06944444444444445
2744,-1.6503749462559965,1.4846372919789985,2744,164.3289794921875,164.27352905273438,288.0,0.0798611111111111
2745,-0.8989329974813154,0.9158138202978491,2745,163.47137451171875,163.41659545898438,288.0,0.06597222222222222
2746,-0.7831598076815207,0.9718072885820958,2746,166.45724487304688,166.40081787109375,288.0,0.041666666666666664
2747,-1.472496018750822,1.233318259064555,2747,162.333251953125,162.278564453125,288.0,0.0625
2748,-1.7320907117528597,1.6688504686609444,2748,164.49667358398438,164.44161987304688,288.0,0.0763888888888889
2749,-1.7618544681409258,1.2531952712199537,2749,165.53750610351562,165.48219299316406,288.0,0.09375
2750,-1.262357224580841,1.3553540174941536,2750,164.88665771484375,164.83111572265625,288.0,0.052083333333333336
2751,-1.1261332479928259,1.1612620227649169,2751,163.47120666503906,163.41604614257812,288.0,0.05555555555555555
2752,-1.8096684227970385,1.1183075123957513,2752,160.1986541748047,160.14561462402344,288.0,0.04861111111111111
2753,-1.0592335467586271,1.4769076074750151,2753,162.63526916503906,162.580322265625,288.0,0.04861111111111111
2754,-1.4878244009951096,1.139007953011425,2754,161.515625,161.46197509765625,288.0,0.052083333333333336
2755,-1.7636584192017157,1.174210079596962,2755,166.22113037109375,166.16552734375,288.0,0.052083333333333336
2756,-1.4811094665451803,1.3430528748923931,2756,163.3834991455078,163.32894897460938,288.0,0.059027777777777776
2757,-0.9642825461970903,1.0418807448574878,2757,162.271484375,162.2176971435547,288.0,0.05555555555555555
2758,-1.6971002839998586,1.152140295442384,2758,161.59567260742188,161.5421142578125,288.0,0.06944444444444445
2759,-1.5234660994571902,1.1736282466287602,2759,164.4832000732422,164.42843627929688,288.0,0.0763888888888889
2760,-1.7364494290407393,1.0795536749508123,2760,160.3268280029297,160.27325439453125,288.0,0.07291666666666667
2761,-0.6388433005107564,1.03687539250263,2761,157.8266143798828,157.77316284179688,288.0,0.06597222222222222
2762,-1.9836620939111347,1.3165782927603533,2762,160.34173583984375,160.28775024414062,288.0,0.06944444444444445
2763,-0.5376643469126239,1.2325312743924357,2763,160.53073120117188,160.47824096679688,288.0,0.0625
2764,-1.6750051315533114,1.1853111839350423,2764,163.19232177734375,163.1380615234375,288.0,0.06597222222222222
2765,-1.0644205336176893,1.2524352148354143,2765,165.02064514160156,164.96536254882812,288.0,0.059027777777777776
2766,-1.2601390718047396,1.3819259625117244,2766,163.46273803710938,163.40887451171875,288.0,0.05555555555555555
2767,-1.5657892308565025,1.2132240318982248,2767,162.55902099609375,162.504638671875,288.0,0.04513888888888889
2768,-1.6299816277916839,1.2271939861761316,2768,165.31942749023438,165.26458740234375,288.0,0.06944444444444445
2769,-1.2863885857519481,1.3811471074580366,2769,164.93618774414062,164.88153076171875,288.0,0.034722222222222224
2770,-1.0863337702310218,1.2084959338874308,2770,164.56427001953125,164.50856018066406,288.0,0.052083333333333336
2771,-1.4787895497063606,1.2329455806479093,2771,162.8979034423828,162.84371948242188,288.0,0.04861111111111111
2772,-1.1336457416184116,1.1332127475157316,2772,163.76559448242188,163.71002197265625,288.0,0.06944444444444445
2773,-1.632096821284678,1.2715041092538197,2773,166.93016052246094,166.8746337890625,288.0,0.06597222222222222
2774,-1.2376779225715409,1.227394729290473,2774,167.98062133789062,167.92401123046875,288.0,0.06597222222222222
2775,-1.3654985315421646,1.3257502087569208,2775,165.86593627929688,165.80987548828125,288.0,0.059027777777777776
2776,-1.3559754795226264,1.1058801252745512,2776,161.36965942382812,161.31594848632812,288.0,0.04861111111111111
2777,-0.824350459736962,0.9717660448304171,2777,167.68704223632812,167.63119506835938,288.0,0.0625
2778,-1.5327504213462093,1.034163252441266,2778,164.62863159179688,164.5735321044922,288.0,0.04861111111111111
2779,-1.6228863667450362,1.1573786386306442,2779,166.3401641845703,166.28439331054688,288.0,0.059027777777777776
2780,-1.1571846094954104,1.3509086241141892,2780,161.83377075195312,161.78070068359375,288.0,0.08333333333333333
2781,-0.6297466622064207,1.031900209630506,2781,162.8994140625,162.84548950195312,288.0,0.06944444444444445
2782,-1.6319518632261127,1.3020248244548773,2782,163.87734985351562,163.82254028320312,288.0,0.052083333333333336
2783,-1.482484333688611,1.2369119652479301,2783,162.4774169921875,162.4237060546875,288.0,0.059027777777777776
2784,-0.9538313666944173,1.2359861209557292,2784,166.4960479736328,166.44058227539062,288.0,0.05555555555555555
2785,-1.7398098310788914,1.1833312033683212,2785,166.41395568847656,166.35906982421875,288.0,0.06944444444444445
2786,-1.50353121425381,1.5187173799071274,2786,163.22915649414062,163.17446899414062,288.0,0.06944444444444445
2787,-1.592707151796446,1.261908163832218,2787,163.83786010742188,163.78353881835938,288.0,0.04513888888888889
2788,-1.3369322696784183,1.3815246155718965,2788,166.6790771484375,166.6241912841797,288.0,0.052083333333333336
2789,-1.4555226616257206,1.2445579492843484,2789,161.79541015625,161.74295043945312,288.0,0.059027777777777776
2790,-1.772145395602327,1.0570163213229817,2790,165.92007446289062,165.86514282226562,288.0,0.06944444444444445
2791,-1.075448306384106,1.1374681686119983,2791,164.3690185546875,164.31515502929688,288.0,0.0763888888888889
2792,-1.6281679047673105,1.1980795095411516,2792,161.085693359375,161.031494140625,288.0,0.0625
2793,-1.5972442730483116,1.0138995645538027,2793,166.00875854492188,165.95379638671875,288.0,0.07291666666666667
2794,-1.320960315855885,1.3191352866950499,2794,163.88311767578125,163.82887268066406,288.0,0.04513888888888889
2795,-1.6294400194207903,1.1961298790450774,2795,163.78001403808594,163.72625732421875,288.0,0.05555555555555555
2796,-1.653981502000313,1.151712879095499,2796,161.05087280273438,160.99642944335938,288.0,0.08333333333333333
2797,-1.676300715385982,1.1822568888043183,2797,164.88938903808594,164.83448791503906,288.0,0.041666666666666664
2798,-1.3399761724019115,1.1667557280298453,2798,164.35951232910156,164.30526733398438,288.0,0.052083333333333336
2799,-1.6853018240496733,1.1461875529056476,2799,166.6057586669922,166.55081176757812,288.0,0.07291666666666667
2800,-1.533184409537006,1.2153400711700508,2800,166.01145935058594,165.9561767578125,288.0,0.04861111111111111
2801,-0.7633381553236966,0.8636891767714778,2801,160.3285369873047,160.2754364013672,288.0,0.059027777777777776
2802,-1.9524316529002794,1.359301767990416,2802,163.46034240722656,163.40625,288.0,0.059027777777777776
2803,-1.4558703897771486,1.0751383681955273,2803,164.2183837890625,164.16378784179688,288.0,0.04861111111111111
2804,-1.745863108364403,1.3028379648442217,2804,161.95028686523438,161.89610290527344,288.0,0.0625
2805,-0.9405742903039962,1.0203640146802129,2805,163.57907104492188,163.52426147460938,288.0,0.034722222222222224
2806,-1.629474424676395,1.168137429400066,2806,164.46865844726562,164.4140625,288.0,0.0625
2807,-1.341322852896785,1.2261022989678885,2807,165.7521514892578,165.69659423828125,288.0,0.07291666666666667
2808,-1.1241870385222947,1.0451480490020266,2808,160.74176025390625,160.68801879882812,288.0,0.05555555555555555
2809,-1.509908436509983,1.515646537756474,2809,162.8649139404297,162.8109130859375,288.0,0.059027777777777776
2810,-0.9075659443756293,0.8613092378540076,2810,158.49549865722656,158.44223022460938,288.0,0.08680555555555555
2811,-1.0478040320458517,1.1694347163749352,2811,160.43894958496094,160.3846435546875,288.0,0.0625
2812,-2.0820023446953786,1.2168632232895642,2812,164.20050048828125,164.1454620361328,288.0,0.0625
2813,-0.6803446471592025,0.9430288048202277,2813,160.943603515625,160.88992309570312,288.0,0.0625
2814,-1.8174977423563463,1.5784594397581682,2814,165.60475158691406,165.55020141601562,288.0,0.09375
2815,-1.1932915280477312,1.2191966428782361,2815,157.76815795898438,157.71524047851562,288.0,0.0763888888888889
2816,-1.5322617595371737,1.1201985690724434,2816,165.03353881835938,164.9788818359375,288.0,0.052083333333333336
2817,-1.6074566958000556,1.0340048061686473,2817,166.85427856445312,166.79864501953125,288.0,0.06597222222222222
2818,-1.4770147466842403,1.0868280374878356,2818,159.65634155273438,159.60317993164062,288.0,0.052083333333333336
2819,-1.6018166070049742,1.0495105191771992,2819,162.7051239013672,162.6509552001953,288.0,0.0763888888888889
2820,-1.341662228117008,1.3734941225532484,2820,166.01089477539062,165.95570373535156,288.0,0.0763888888888889
2821,-1.1630154838865434,1.322878565805791,2821,163.9385528564453,163.884033203125,288.0,0.08333333333333333
2822,-1.740263005520882,1.1037408479258772,2822,165.80397033691406,165.7489471435547,288.0,0.08680555555555555
2823,-1.549079004473483,1.268551713950672,2823,161.52667236328125,161.47299194335938,288.0,0.09375
2824,-1.583775115098076,1.0619319258450293,2824,164.50030517578125,164.4455108642578,288.0,0.059027777777777776
2825,-1.1638203386763992,0.9605805154213282,2825,165.1123046875,165.0572967529297,288.0,0.052083333333333336
2826,-1.60268846252164,1.1776537944894043,2826,159.1138916015625,159.06076049804688,288.0,0.08680555555555555
2827,-1.2550306020398443,1.3284206290340468,2827,160.8018341064453,160.7478485107422,288.0,0.08333333333333333
2828,-0.8748618274995459,1.1281102650921762,2828,157.41976928710938,157.36660766601562,288.0,0.05555555555555555
2829,-1.5783278871737896,1.0537205115852306,2829,161.89080810546875,161.83702087402344,288.0,0.04513888888888889
2830,-0.9698872424612621,0.9857922200991808,2830,164.32534790039062,164.27093505859375,288.0,0.059027777777777776
2831,-1.1067883747477896,1.4567759113594565,2831,165.87791442871094,165.82186889648438,288.0,0.04513888888888889
2832,-0.8751929452595673,1.0804153559931344,2832,156.06427001953125,156.01174926757812,288.0,0.0625
2833,-1.067793869806244,1.1461944491682918,2833,162.5020751953125,162.44796752929688,288.0,0.0625
2834,-1.6052830739526673,1.3658993966828505,2834,163.51365661621094,163.45883178710938,288.0,0.041666666666666664
2835,-1.5686306531384142,1.4476947264101523,2835,164.14654541015625,164.09234619140625,288.0,0.07291666666666667
2836,-0.7443102913048106,1.100893871031997,2836,157.759033203125,157.70596313476562,288.0,0.04861111111111111
2837,-1.4230147613008226,1.336031401872673,2837,160.068603515625,160.01470947265625,288.0,0.06944444444444445
2838,-1.5259980392807964,1.2069751875169097,2838,155.2222900390625,155.16995239257812,288.0,0.05555555555555555
2839,-1.6101454190749191,1.388044474525782,2839,159.6309051513672,159.57742309570312,288.0,0.05555555555555555
2840,-1.5353863870060367,1.1518417360831008,2840,165.29684448242188,165.24111938476562,288.0,0.0625
2841,-1.3274040347634957,1.2074502691366675,2841,155.48187255859375,155.42921447753906,288.0,0.04513888888888889
2842,-1.6795260176950997,1.138969589776851,2842,163.24179077148438,163.18727111816406,288.0,0.0625
2843,-1.7326736256875601,1.1330363596780029,2843,164.91378784179688,164.85890197753906,288.0,0.04513888888888889
2844,-1.338907329964287,1.2320633436376476,2844,166.18727111816406,166.13192749023438,288.0,0.052083333333333336
2845,-1.307195367309147,1.4806866220749502,2845,162.67373657226562,162.61959838867188,288.0,0.09027777777777778
2846,-1.1971474597508396,0.969492597005195,2846,164.22352600097656,164.16812133789062,288.0,0.041666666666666664
2847,-0.9907789003243632,1.031884881428095,2847,166.10446166992188,166.04855346679688,288.0,0.04513888888888889
2848,-1.4714879799244285,1.1797203227521398,2848,163.93807983398438,163.88259887695312,288.0,0.05555555555555555
2849,-1.6726696246942565,1.2038417124693601,2849,165.2654266357422,165.20974731445312,288.0,0.0625
2850,-1.000902491351172,1.085803753156204,2850,158.53175354003906,158.47840881347656,288.0,0.0625
2851,-1.384496571441947,1.1689431908398764,2851,165.68701171875,165.63185119628906,288.0,0.059027777777777776
2852,-0.8496743590949679,1.1789780004247028,2852,165.7724609375,165.71685791015625,288.0,0.04861111111111111
2853,-1.1555835457364776,1.5320215227948417,2853,165.2843475341797,165.22860717773438,288.0,0.041666666666666664
2854,-1.6074215117783486,1.1928509990804286,2854,166.5341796875,166.47817993164062,288.0,0.05555555555555555
2855,-1.5145258640119705,1.258737482651621,2855,161.74951171875,161.69512939453125,288.0,0.05555555555555555
2856,-1.671142768464548,1.202167675611008,2856,163.4629669189453,163.407958984375,288.0,0.059027777777777776
2857,-1.7674376621574703,1.2225844698879529,2857,166.74880981445312,166.69334411621094,288.0,0.04861111111111111
2858,-0.7903265293427868,0.8546765969703881,2858,165.7252197265625,165.67013549804688,288.0,0.041666666666666664
2859,-1.5914832536422117,0.993784751294489,2859,167.17913818359375,167.1234588623047,288.0,0.05555555555555555
2860,-1.2811624681391696,1.2307941369394833,2860,160.88919067382812,160.83633422851562,288.0,0.06944444444444445
2861,-1.5511073105365554,1.067138727606027,2861,167.724609375,167.66754150390625,288.0,0.034722222222222224
2862,-0.8406150042221895,0.9996553485787396,2862,163.29965209960938,163.2459716796875,288.0,0.052083333333333336
2863,-1.327869993668568,1.5180901399881832,2863,165.2397918701172,165.1848907470703,288.0,0.04861111111111111
2864,-1.3059725943778666,1.3199819411658726,2864,165.97816467285156,165.9226837158203,288.0,0.05555555555555555
2865,-1.1452634444722891,0.9115292139952672,2865,166.18789672851562,166.1321258544922,288.0,0.024305555555555556
2866,-1.614213768790023,1.1330285342406898,2866,165.54931640625,165.4937744140625,288.0,0.04861111111111111
2867,-1.5218024545686484,1.2059195225340174,2867,164.76150512695312,164.70620727539062,288.0,0.027777777777777776
2868,-1.564170496401192,1.022749495956002,2868,165.87216186523438,165.81643676757812,288.0,0.0763888888888889
2869,-1.7232392767356464,1.2019673411693215,2869,162.79104614257812,162.7356414794922,288.0,0.04513888888888889
2870,-1.3207550415570095,1.3344404605578601,2870,162.9148712158203,162.8599853515625,288.0,0.059027777777777776
2871,-1.510232438329246,1.092129584236447,2871,166.99606323242188,166.94003295898438,288.0,0.07291666666666667
2872,-1.55220874011909,1.2116886679614864,2872,164.64349365234375,164.58787536621094,288.0,0.0625
2873,-1.753031530117363,1.0782331380633967,2873,161.89210510253906,161.83815002441406,288.0,0.04861111111111111
2874,-1.6451229270329764,1.2736029822221928,2874,164.78659057617188,164.73190307617188,288.0,0.05555555555555555
2875,-1.6028195395586775,1.189069942303445,2875,165.4556121826172,165.39999389648438,288.0,0.03819444444444445
2876,-1.1336267265859188,1.14535067886539,2876,167.1961669921875,167.1394805908203,288.0,0.0625
2877,-1.570580853170304,1.1406517325771548,2877,166.27622985839844,166.21981811523438,288.0,0.0625
2878,-1.2886449843771874,1.1930366662449212,2878,163.79660034179688,163.74224853515625,288.0,0.06944444444444445
2879,-0.8073326763903803,1.416617586869691,2879,167.98117065429688,167.9241943359375,288.0,0.052083333333333336
2880,-1.759571494342669,1.0798579996304138,2880,166.234619140625,166.17860412597656,288.0,0.052083333333333336
2881,-1.4340833135059183,1.4053697185437182,2881,160.7864227294922,160.73245239257812,288.0,0.05555555555555555
2882,-1.6314112275187265,1.1735118751922435,2882,168.05441284179688,167.99813842773438,288.0,0.06597222222222222
2883,-1.4349744523265764,1.1111555262674198,2883,164.30361938476562,164.24844360351562,288.0,0.09027777777777778
2884,-1.3478719857940111,1.3408768296223954,2884,162.96697998046875,162.91204833984375,288.0,0.04513888888888889
2885,-1.4012984101774344,1.337196460872621,2885,166.32275390625,166.26644897460938,288.0,0.06597222222222222
2886,-1.0978631427661687,1.166721567235702,2886,162.616943359375,162.56295776367188,288.0,0.06944444444444445
2887,-0.6536761623331953,1.0854933143220689,2887,161.18153381347656,161.12716674804688,288.0,0.04513888888888889
2888,-1.0409059361093904,0.9988064395620491,2888,158.85757446289062,158.80299377441406,288.0,0.04513888888888889
2889,-1.2025560773627406,1.1314340428879954,2889,165.22503662109375,165.17074584960938,288.0,0.052083333333333336
2890,-1.5626755235138532,1.271179252412721,2890,163.6407928466797,163.58627319335938,288.0,0.06597222222222222
2891,-1.71880707600558,1.0740490434927752,2891,164.09011840820312,164.03591918945312,288.0,0.052083333333333336
2892,-1.8351511706609296,1.133205908234081,2892,163.56100463867188,163.50656127929688,288.0,0.0798611111111111
2893,-1.0126088598853313,1.060828300275206,2893,159.55413818359375,159.50001525878906,288.0,0.03125
2894,-1.2916981071814617,1.0761128697136637,2894,166.46435546875,166.40890502929688,288.0,0.052083333333333336
2895,-1.729899169890975,1.2796516952766186,2895,160.13619995117188,160.0825958251953,288.0,0.0798611111111111
2896,-1.5746279470561253,1.5405948052006828,2896,159.57046508789062,159.51681518554688,288.0,0.041666666666666664
2897,-1.5747862234003727,1.2998867922790918,2897,164.51296997070312,164.45791625976562,288.0,0.07291666666666667
2898,-1.2142472789705485,1.2945582962673452,2898,158.3589324951172,158.30572509765625,288.0,0.04513888888888889
2899,-1.5023072487551916,1.0491938965240277,2899,166.28762817382812,166.23175048828125,288.0,0.024305555555555556
2900,-1.3760283921730416,1.0903719911081133,2900,163.98114013671875,163.92556762695312,288.0,0.03819444444444445
2901,-0.7208553527188065,0.9092383288613566,2901,162.93673706054688,162.8826446533203,288.0,0.05555555555555555
2902,-1.269267913577541,1.5195456226503197,2902,164.23196411132812,164.17767333984375,288.0,0.052083333333333336
2903,-0.6246284691355213,1.1359670173532963,2903,161.63302612304688,161.5791473388672,288.0,0.052083333333333336
2904,-1.0682677015995798,0.8943349172623009,2904,162.1658935546875,162.1113739013672,288.0,0.05555555555555555
2905,-1.4864585076295151,1.2248640720638468,2905,159.81521606445312,159.76171875,288.0,0.059027777777777776
2906,-1.3171736990751899,1.318730842556491,2906,160.49232482910156,160.43850708007812,288.0,0.06597222222222222
2907,-1.361947129888772,1.408382731921724,2907,164.04115295410156,163.98648071289062,288.0,0.08680555555555555
2908,-1.5697237462646767,1.03167811065807,2908,163.614013671875,163.558349609375,288.0,0.03819444444444445
2909,-1.6827036956786035,1.055848674873664,2909,167.91702270507812,167.86070251464844,288.0,0.041666666666666664
2910,-1.7376844059891916,1.4280760847732639,2910,165.064453125,165.0096435546875,288.0,0.03125
2911,-1.672913413730626,1.1310875567134708,2911,165.10711669921875,165.05117797851562,288.0,0.052083333333333336
2912,-1.6127920030311358,1.13867260491494,2912,167.9844512939453,167.928466796875,288.0,0.052083333333333336
2913,-1.4457989400086637,1.263459492823605,2913,156.5204315185547,156.46743774414062,288.0,0.04513888888888889
2914,-1.2433123345312167,0.9752519258160566,2914,164.24794006347656,164.19309997558594,288.0,0.04513888888888889
2915,-1.2999979572891003,1.0626344009068938,2915,165.07501220703125,165.0194854736328,288.0,0.05555555555555555
2916,-2.0167126640040007,1.2920929956723908,2916,157.0079345703125,156.95529174804688,288.0,0.04513888888888889
2917,-1.7201883635012936,1.3805477273626174,2917,167.11962890625,167.06446838378906,288.0,0.0625
2918,-1.4917656363679264,0.9776737566619061,2918,160.71206665039062,160.65826416015625,288.0,0.052083333333333336
2919,-0.7018586768194095,0.9806662775875803,2919,161.6989288330078,161.6446075439453,288.0,0.07291666666666667
2920,-1.6473217160010747,1.0079473951911473,2920,161.1077880859375,161.05361938476562,288.0,0.034722222222222224
2921,-0.8211280707235251,0.7392074207093279,2921,163.24649047851562,163.19219970703125,288.0,0.04861111111111111
2922,-1.4117642026738013,1.3978227689940543,2922,165.33380126953125,165.27926635742188,288.0,0.03819444444444445
2923,-0.6447180327470668,1.0179796054226247,2923,162.3167724609375,162.2627716064453,288.0,0.04861111111111111
2924,-1.0243914399736593,0.977076898689162,2924,165.90435791015625,165.8494110107422,288.0,0.03819444444444445
2925,-1.573425589604999,1.0110344660614032,2925,166.58407592773438,166.52828979492188,288.0,0.03125
2926,-1.6448118948059625,1.1050027806294846,2926,162.37762451171875,162.3238525390625,288.0,0.04513888888888889
2927,-1.751696330853023,1.5416637677337415,2927,163.03182983398438,162.97781372070312,288.0,0.0625
2928,-1.3126385531452394,1.1794185463528113,2928,162.12747192382812,162.0731658935547,288.0,0.06597222222222222
2929,-1.639549575413913,1.1156247763877356,2929,163.87109375,163.81719970703125,288.0,0.059027777777777776
2930,-1.124477964792736,1.0684830612039953,2930,161.56814575195312,161.51446533203125,288.0,0.041666666666666664
2931,-1.4660426490490706,1.4398676361592406,2931,164.21676635742188,164.16207885742188,288.0,0.059027777777777776
2932,-1.4537202370663138,1.104703789389705,2932,167.24029541015625,167.1839599609375,288.0,0.052083333333333336
2933,-1.1857848403107727,1.3179203064388287,2933,164.73419189453125,164.67868041992188,288.0,0.06597222222222222
2934,-0.6238097504999816,1.0668898279243593,2934,165.3686065673828,165.31381225585938,288.0,0.05555555555555555
2935,-1.5413782403030742,1.2074575551803821,2935,164.79527282714844,164.74008178710938,288.0,0.041666666666666664
2936,-1.316418407647253,1.523332382910892,2936,164.49627685546875,164.44140625,288.0,0.05555555555555555
2937,-1.4980757606265978,1.1228882033309453,2937,165.96966552734375,165.91464233398438,288.0,0.04861111111111111
2938,-1.359825468824113,1.1011888068071987,2938,166.7423095703125,166.68641662597656,288.0,0.05555555555555555
2939,-1.557916451993663,1.3223663149248857,2939,162.12559509277344,162.07041931152344,288.0,0.04513888888888889
2940,-1.1032652455758647,1.2548446896165948,2940,159.92288208007812,159.86874389648438,288.0,0.04513888888888889
2941,-1.4269024958291505,1.0978004853683614,2941,164.8967742919922,164.84066772460938,288.0,0.05555555555555555
2942,-1.637389176757979,1.001719165842009,2942,163.87094116210938,163.8158416748047,288.0,0.04513888888888889
2943,-1.6825562181159581,1.1457846692622933,2943,158.92782592773438,158.87515258789062,288.0,0.0798611111111111
2944,-1.71754061435858,1.0780950183273659,2944,165.67758178710938,165.62181091308594,288.0,0.04861111111111111
2945,-1.558044547566193,1.1478865087969266,2945,162.43370056152344,162.37979125976562,288.0,0.05555555555555555
2946,-1.6055240629286844,1.0840219013549883,2946,164.85745239257812,164.80172729492188,288.0,0.06597222222222222
2947,-1.4917867271262897,1.1897558751343866,2947,164.58755493164062,164.53199768066406,288.0,0.0625
2948,-1.6983858480083767,1.286191749982528,2948,162.91537475585938,162.86083984375,288.0,0.04861111111111111
2949,-1.172420274063946,1.2874098456288585,2949,160.17138671875,160.1175537109375,288.0,0.06597222222222222
2950,-1.657608699293126,1.2967047513619936,2950,166.04244995117188,165.98672485351562,288.0,0.052083333333333336
2951,-1.1965864846920817,1.2613558431817196,2951,164.43121337890625,164.3759307861328,288.0,0.052083333333333336
2952,-1.2383284037323539,1.39098678151254,2952,168.27145385742188,168.21502685546875,288.0,0.04513888888888889
2953,-0.8287687379566128,1.1309359902521257,2953,164.6100616455078,164.55581665039062,288.0,0.05555555555555555
2954,-1.2109597750229757,0.9117135485142425,2954,162.96482849121094,162.91085815429688,288.0,0.041666666666666664
2955,-1.316512367736815,0.9351140331656357,2955,165.0308837890625,164.97640991210938,288.0,0.052083333333333336
2956,-1.1371826836203078,1.3363269020961934,2956,162.85955810546875,162.8046875,288.0,0.04861111111111111
2957,-1.502024025787512,1.1115681783318136,2957,166.05511474609375,165.99942016601562,288.0,0.04513888888888889
2958,-1.4365439402591074,1.1984360091094401,2958,164.45172119140625,164.3970489501953,288.0,0.024305555555555556
2959,-1.6418604081596047,1.1135546522854634,2959,166.48365783691406,166.42605590820312,288.0,0.0625
2960,-1.6398335992820678,1.0731474348030499,2960,165.87477111816406,165.8188934326172,288.0,0.04513888888888889
2961,-1.2133850722260493,1.3760540158980084,2961,166.54501342773438,166.48875427246094,288.0,0.04861111111111111
2962,-1.2220653759640991,1.2324022498214924,2962,164.15243530273438,164.09820556640625,288.0,0.03819444444444445
2963,-0.6091986094721314,1.0584775516122116,2963,165.15969848632812,165.104736328125,288.0,0.05555555555555555
2964,-0.9138281293268781,1.2755495031776607,2964,164.7810821533203,164.72604370117188,288.0,0.059027777777777776
2965,-1.5806246244058237,1.1916569181123413,2965,168.07601928710938,168.01950073242188,288.0,0.059027777777777776
2966,-1.5076994559302748,0.9809600008346475,2966,166.45912170410156,166.40333557128906,288.0,0.06944444444444445
2967,-1.332687706495361,1.0938105288501117,2967,165.84632873535156,165.7913055419922,288.0,0.05555555555555555
2968,-1.6880903703553654,1.1355786753363528,2968,166.05831909179688,166.00271606445312,288.0,0.059027777777777776
2969,-1.5707265647695565,1.2593946156905589,2969,164.71331787109375,164.65792846679688,288.0,0.0625
2970,-0.7353801572622918,1.2657554793438766,2970,165.27536010742188,165.2195587158203,288.0,0.0625
2971,-1.6774490464361955,1.3163858636533747,2971,166.96591186523438,166.90953063964844,288.0,0.05555555555555555
2972,-1.6904312544268305,1.1384387249750192,2972,167.61294555664062,167.55694580078125,288.0,0.03819444444444445
2973,-1.5705238320174109,1.2044423212959003,2973,167.9251708984375,167.8692626953125,288.0,0.052083333333333336
2974,-1.0725570027203426,1.0264983853095355,2974,163.95457458496094,163.90020751953125,288.0,0.041666666666666664
2975,-1.53458244417678,1.12293633350531,2975,164.3739776611328,164.31930541992188,288.0,0.05555555555555555
2976,-1.3464996412597476,1.3152272223705996,2976,166.83871459960938,166.782470703125,288.0,0.03125
2977,-1.6211801943495028,1.1996307671564692,2977,165.4327392578125,165.37815856933594,288.0,0.052083333333333336
2978,-0.7097670594595663,1.0179157789512905,2978,163.63291931152344,163.57913208007812,288.0,0.03125
2979,-1.6281299858485336,1.1255196428534948,2979,163.2949676513672,163.24124145507812,288.0,0.06944444444444445
2980,-1.3507331868992258,1.283564654853045,2980,162.61587524414062,162.56277465820312,288.0,0.04861111111111111
2981,-1.9465508465645809,1.3190484208389344,2981,166.17791748046875,166.12269592285156,288.0,0.0625
2982,-1.7793962921688644,1.4109639588414857,2982,161.28457641601562,161.23252868652344,288.0,0.06597222222222222
2983,-1.6202876313729657,1.1416018502520322,2983,164.11793518066406,164.0635986328125,288.0,0.034722222222222224
2984,-0.7935244605958097,1.266850050237222,2984,163.66732788085938,163.61343383789062,288.0,0.059027777777777776
2985,-1.4172404828617138,1.4789730619183985,2985,163.14784240722656,163.0938720703125,288.0,0.07291666666666667
2986,-0.8553858168119418,1.154405411996827,2986,164.0989532470703,164.04443359375,288.0,0.052083333333333336
2987,-1.646039122959887,1.1910239338232045,2987,161.02239990234375,160.96966552734375,288.0,0.059027777777777776
2988,-0.6986096724704567,0.9665364262204366,2988,165.97671508789062,165.92144775390625,288.0,0.04861111111111111
2989,-1.3444437228319324,0.9909565061066901,2989,163.91702270507812,163.86227416992188,288.0,0.04513888888888889
2990,-1.1129023086387448,0.7714277712914845,2990,163.9483642578125,163.89529418945312,288.0,0.041666666666666664
2991,-1.6251546147007767,1.200466711796879,2991,163.62811279296875,163.5744171142578,288.0,0.034722222222222224
2992,-1.6442433036990665,1.1397922992849558,2992,163.91775512695312,163.86370849609375,288.0,0.027777777777777776
2993,-1.57023268466412,1.2111419132515624,2993,165.28106689453125,165.2264862060547,288.0,0.03819444444444445
2994,-1.6253444751595763,1.164750763571009,2994,164.40594482421875,164.35140991210938,288.0,0.0763888888888889
2995,-1.6131845860720135,1.236017643496371,2995,166.09146118164062,166.03663635253906,288.0,0.03819444444444445
2996,-1.5603868140406987,1.2892000678141222,2996,166.31175231933594,166.25653076171875,288.0,0.04861111111111111
2997,-1.620358253199551,1.0311464990124035,2997,162.10494995117188,162.0512237548828,288.0,0.041666666666666664
2998,-1.1345089913610096,1.3291571354968756,2998,166.73980712890625,166.68344116210938,288.0,0.04861111111111111
2999,-1.0359249728055062,1.156999426379524,2999,164.8082275390625,164.75338745117188,288.0,0.027777777777777776
3000,-0.8555171578917965,0.9832415457150113,3000,166.19839477539062,166.14291381835938,288.0,0.041666666666666664
3001,-0.8590408104577141,1.107068078205542,3001,163.8333740234375,163.7799530029297,288.0,0.052083333333333336
3002,-1.4892451772783366,1.1143221872954436,3002,166.321044921875,166.26553344726562,288.0,0.052083333333333336
3003,-1.6577971518514996,1.1790540046285054,3003,166.1597442626953,166.10523986816406,288.0,0.041666666666666664
3004,-1.445519086365977,1.0023813159600312,3004,164.03225708007812,163.97833251953125,288.0,0.027777777777777776
3005,-1.4306729971403347,1.0313291393463244,3005,164.87779235839844,164.8236541748047,288.0,0.059027777777777776
3006,-1.3593422271008262,1.3271587535594156,3006,161.8484344482422,161.79510498046875,288.0,0.0763888888888889
3007,-1.6442349658794333,1.1894331918798762,3007,167.56349182128906,167.50711059570312,288.0,0.06944444444444445
3008,-1.1741568801439533,1.4842433108074162,3008,163.0054931640625,162.95065307617188,288.0,0.027777777777777776
3009,-0.7018506124976788,1.1484165400120958,3009,163.970703125,163.9161376953125,288.0,0.03819444444444445
3010,-1.4577418884165403,1.3018338717851237,3010,161.38592529296875,161.3330078125,288.0,0.034722222222222224
3011,-1.5127684196345181,1.135936150359711,3011,166.80142211914062,166.74571228027344,288.0,0.04513888888888889
3012,-1.0237874372342375,1.156799142558954,3012,160.19615173339844,160.1434326171875,288.0,0.052083333333333336
3013,-1.4932617090775553,1.106630287872527,3013,160.95494079589844,160.90086364746094,288.0,0.04513888888888889
3014,-1.0890307188337782,1.0265388052960227,3014,163.87661743164062,163.821533203125,288.0,0.04513888888888889
3015,-1.35883909836251,1.3843731390731457,3015,166.11544799804688,166.06002807617188,288.0,0.05555555555555555
3016,-1.680098420876233,1.1746471456638472,3016,165.17599487304688,165.1209716796875,288.0,0.03125
3017,-1.5250316667471393,1.1287920063065529,3017,165.9473419189453,165.8927001953125,288.0,0.04861111111111111
3018,-1.471629189967051,1.474792493157173,3018,165.8798370361328,165.82528686523438,288.0,0.06944444444444445
3019,-1.6568932926163837,1.1661045326377193,3019,165.64068603515625,165.5851593017578,288.0,0.09027777777777778
3020,-1.4962233351985483,1.3565952179092042,3020,163.7677001953125,163.71337890625,288.0,0.0625
3021,-1.1649346365973932,1.3424372601736074,3021,165.81533813476562,165.7593994140625,288.0,0.04513888888888889
3022,-1.7307635734339335,1.1529460519574402,3022,167.0407257080078,166.98399353027344,288.0,0.04513888888888889
3023,-1.669029188284479,1.1081685015425817,3023,165.815185546875,165.759033203125,288.0,0.041666666666666664
3024,-0.9865474435488354,0.9544389887834408,3024,165.50106811523438,165.4459228515625,288.0,0.041666666666666664
3025,-1.566372671274612,1.0915971096888,3025,163.75730895996094,163.70265197753906,288.0,0.04513888888888889
3026,-0.9669683259600149,1.1498717528109033,3026,165.97584533691406,165.9199981689453,288.0,0.04861111111111111
3027,-1.172954076606405,0.9513176621390242,3027,165.3302001953125,165.27542114257812,288.0,0.05555555555555555
3028,-1.4533726788022032,0.9978312553376801,3028,167.93817138671875,167.88137817382812,288.0,0.04861111111111111
3029,-1.6085402174124026,1.0475329425097228,3029,165.50665283203125,165.45108032226562,288.0,0.03819444444444445
3030,-1.0718920353112038,0.7653259678119563,3030,165.52699279785156,165.47183227539062,288.0,0.052083333333333336
3031,-0.9616696570749821,0.7218123972109567,3031,165.39981079101562,165.34434509277344,288.0,0.04513888888888889
3032,-0.846389336441549,1.1056864258946548,3032,162.8077392578125,162.75430297851562,288.0,0.03819444444444445
3033,-1.9791475461074062,1.3585966707610266,3033,163.3971710205078,163.3432159423828,288.0,0.07291666666666667
3034,-1.5861582680179156,1.2082920588000605,3034,160.586181640625,160.5328369140625,288.0,0.027777777777777776
3035,-1.4843893005467308,1.3649062755251649,3035,164.6770782470703,164.6217041015625,288.0,0.034722222222222224
3036,-1.1761532015063525,0.9864801217128077,3036,163.7364959716797,163.68154907226562,288.0,0.03125
3037,-1.2737877477802828,1.336566337106616,3037,164.53884887695312,164.4840087890625,288.0,0.03125
3038,-1.0948668954095249,0.9912144240566999,3038,165.2910614013672,165.23582458496094,288.0,0.059027777777777776
3039,-1.505502868633422,1.151873369681706,3039,166.2158203125,166.16049194335938,288.0,0.04861111111111111
3040,-1.0890526062900991,1.1853693811337866,3040,164.7829132080078,164.72744750976562,288.0,0.04861111111111111
3041,-1.3820468579123595,1.1888589109048358,3041,164.03076171875,163.97564697265625,288.0,0.06597222222222222
3042,-1.5204402301696716,1.0318676606630293,3042,164.0869140625,164.032470703125,288.0,0.034722222222222224
3043,-1.439432370413089,1.0146279275512176,3043,161.56887817382812,161.51531982421875,288.0,0.041666666666666664
3044,-1.2715011126240212,1.3585384436190775,3044,163.32424926757812,163.26980590820312,288.0,0.059027777777777776
3045,-1.5558121221797458,1.0945176610869185,3045,166.05908203125,166.00393676757812,288.0,0.03819444444444445
3046,-1.1444965633851696,1.260826307628592,3046,162.078125,162.02395629882812,288.0,0.05555555555555555
3047,-1.0858217295772437,1.1273905177638848,3047,161.34962463378906,161.29576110839844,288.0,0.05555555555555555
3048,-1.284109457639647,1.5392466760140937,3048,164.66510009765625,164.60964965820312,288.0,0.03819444444444445
3049,-0.885711776088708,1.0573258172240854,3049,165.17041015625,165.11544799804688,288.0,0.04513888888888889
3050,-1.6541672601116124,1.055522960481978,3050,163.99546813964844,163.94134521484375,288.0,0.0763888888888889
3051,-0.7418407790641663,1.0118085251700673,3051,165.48391723632812,165.429443359375,288.0,0.03819444444444445
3052,-1.7023188172391626,1.5058882548039891,3052,162.6958770751953,162.6424102783203,288.0,0.0625
3053,-1.7581470666295855,1.1586750162076374,3053,164.61370849609375,164.5597381591797,288.0,0.06597222222222222
3054,-1.3869618862992172,1.2087181421917557,3054,164.68484497070312,164.62986755371094,288.0,0.034722222222222224
3055,-1.5417499244698223,1.0576385012826663,3055,163.21444702148438,163.1610107421875,288.0,0.041666666666666664
3056,-0.8168542866328514,0.7731523957568989,3056,164.58604431152344,164.53115844726562,288.0,0.03819444444444445
3057,-1.8111864255263646,1.532206847387838,3057,167.12835693359375,167.072998046875,288.0,0.034722222222222224
3058,-1.7182305866711307,1.1012272161398051,3058,164.58042907714844,164.52597045898438,288.0,0.04861111111111111
3059,-1.611770335532264,1.314426805885031,3059,165.51681518554688,165.46292114257812,288.0,0.034722222222222224
3060,-1.708649851257118,1.1639085777602574,3060,166.95663452148438,166.90103149414062,288.0,0.04861111111111111
3061,-1.5983786586482591,1.208494360128244,3061,166.11557006835938,166.0601043701172,288.0,0.04513888888888889
3062,-1.7482978039553183,1.2916191439693903,3062,168.27511596679688,168.21900939941406,288.0,0.059027777777777776
3063,-1.556780103519412,1.0006443221606565,3063,164.8643798828125,164.81021118164062,288.0,0.027777777777777776
3064,-1.6456785900012332,1.1751135662045749,3064,166.13328552246094,166.07794189453125,288.0,0.04861111111111111
3065,-1.6210605647745409,1.170564318096422,3065,163.45587158203125,163.4022979736328,288.0,0.059027777777777776
3066,-0.9533540915020509,0.7859070130999488,3066,165.38059997558594,165.326416015625,288.0,0.020833333333333332
3067,-1.0312056871976547,1.2023141936083803,3067,164.93768310546875,164.88275146484375,288.0,0.04861111111111111
3068,-1.6178514793334733,1.016250924485741,3068,167.0203399658203,166.96466064453125,288.0,0.027777777777777776
3069,-0.9225478753629268,0.7903959692549751,3069,166.35809326171875,166.3031005859375,288.0,0.04861111111111111
3070,-0.9634663424258854,1.1116511544369565,3070,167.59986877441406,167.54449462890625,288.0,0.05555555555555555
3071,-1.3684847693314373,1.196321030761073,3071,165.45098876953125,165.39605712890625,288.0,0.041666666666666664
3072,-0.7670734180676041,0.9296901068563679,3072,163.94320678710938,163.89031982421875,288.0,0.059027777777777776
3073,-1.8265843560494837,1.3805703283749262,3073,160.73548889160156,160.6812744140625,288.0,0.04861111111111111
3074,-1.1446053779799168,0.78319742437899,3074,164.5094451904297,164.45477294921875,288.0,0.041666666666666664
3075,-1.5047064799505234,1.2847773822903015,3075,158.66722106933594,158.61419677734375,288.0,0.03125
3076,-1.6740334400723516,1.1689843730554619,3076,164.9117431640625,164.85704040527344,288.0,0.03819444444444445
3077,-1.533571032915307,1.3941241296402311,3077,164.776123046875,164.722412109375,288.0,0.052083333333333336
3078,-1.0982488847271463,1.0983619874337254,3078,166.2808837890625,166.2258758544922,288.0,0.04861111111111111
3079,-1.6073801691112406,1.0588971813693457,3079,164.94842529296875,164.89437866210938,288.0,0.05555555555555555
3080,-1.4207781958480925,1.2485030112605542,3080,165.63023376464844,165.57479858398438,288.0,0.03819444444444445
3081,-1.639980369168337,1.0214685799116254,3081,165.16851806640625,165.11392211914062,288.0,0.06944444444444445
3082,-1.3755686725257528,1.0785778763985425,3082,167.56155395507812,167.5057373046875,288.0,0.04861111111111111
3083,-1.6547959323712793,1.1452719732905303,3083,162.95046997070312,162.89703369140625,288.0,0.052083333333333336
3084,-0.8221338726229221,0.7073372250091464,3084,165.73899841308594,165.68389892578125,288.0,0.04861111111111111
3085,-1.2206185307383295,1.0764601416158674,3085,165.58961486816406,165.53439331054688,288.0,0.059027777777777776
3086,-1.418635854800356,1.3537126996637594,3086,165.64698791503906,165.59201049804688,288.0,0.04861111111111111
3087,-1.5647780456481386,1.4093191890795853,3087,158.96055603027344,158.90731811523438,288.0,0.034722222222222224
3088,-0.9955872531058331,1.0994400342349022,3088,166.58192443847656,166.52703857421875,288.0,0.06597222222222222
3089,-1.743810346344017,1.5403059240725214,3089,166.00460815429688,165.94898986816406,288.0,0.04513888888888889
3090,-1.0872510510838767,1.2273673068264839,3090,159.4013671875,159.34786987304688,288.0,0.04513888888888889
3091,-1.3363303265064053,1.4666712388420315,3091,166.8525848388672,166.79693603515625,288.0,0.03819444444444445
3092,-1.194543885924469,1.072474271671229,3092,165.32862854003906,165.273193359375,288.0,0.013888888888888888
3093,-0.9388104353294777,0.3442269295929396,3093,158.16793823242188,158.11550903320312,288.0,0.024305555555555556
3094,-1.6784109122563902,1.0369168082213163,3094,166.57943725585938,166.52374267578125,288.0,0.041666666666666664
3095,-1.6499116708728923,1.0613601881011832,3095,161.86032104492188,161.80661010742188,288.0,0.024305555555555556
3096,-1.6485772890255592,1.2582518800668325,3096,161.07489013671875,161.02232360839844,288.0,0.05555555555555555
3097,-1.4273080060053998,1.5358781595334257,3097,163.86305236816406,163.80853271484375,288.0,0.05555555555555555
3098,-1.062265548584402,1.015478025047393,3098,166.03121948242188,165.97618103027344,288.0,0.034722222222222224
3099,-1.5145127084012648,1.2598789670793427,3099,162.73504638671875,162.68179321289062,288.0,0.03819444444444445
3100,-1.7785717222497384,1.4435703741412313,3100,166.27671813964844,166.2216796875,288.0,0.024305555555555556
3101,-1.4203098929068132,1.4174891271694101,3101,164.05332946777344,163.99908447265625,288.0,0.03819444444444445
3102,-1.0879091697507906,1.2517094745375852,3102,166.0818328857422,166.0267333984375,288.0,0.059027777777777776
3103,-1.174270608150019,1.356674439550142,3103,165.40670776367188,165.35134887695312,288.0,0.052083333333333336
3104,-1.5051958147226188,1.0108067725870484,3104,164.08529663085938,164.03057861328125,288.0,0.020833333333333332
3105,-1.478570350334161,1.2000304495008172,3105,164.264892578125,164.2103729248047,288.0,0.017361111111111112
3106,-1.5479203336265823,1.0635710072414524,3106,163.822509765625,163.76785278320312,288.0,0.017361111111111112
3107,-1.216991196319487,1.2835673421429983,3107,162.47108459472656,162.4164276123047,288.0,0.052083333333333336
3108,-1.7013185674779772,1.0891808593526213,3108,163.6337432861328,163.57876586914062,288.0,0.05555555555555555
3109,-1.4679585695175648,1.1144524417207065,3109,161.8731689453125,161.81996154785156,288.0,0.06597222222222222
3110,-1.4155961943213795,1.1313484472197857,3110,164.57327270507812,164.51882934570312,288.0,0.034722222222222224
3111,-1.5633176414170409,1.1413913897672572,3111,166.52655029296875,166.4708251953125,288.0,0.04513888888888889
3112,-1.566354350100855,1.091030157710824,3112,166.6445770263672,166.58877563476562,288.0,0.03125
3113,-1.5516953216672347,1.1181810733476392,3113,166.85671997070312,166.8004150390625,288.0,0.034722222222222224
3114,-1.4854173010336171,1.1156658249926772,3114,165.03570556640625,164.98065185546875,288.0,0.041666666666666664
3115,-1.3007499011597028,0.8619120334922706,3115,166.4810333251953,166.42547607421875,288.0,0.034722222222222224
3116,-1.2430540298566815,0.9859970396238766,3116,164.30020141601562,164.24526977539062,288.0,0.03125
3117,-1.5546707475815758,1.1148422966173408,3117,162.56182861328125,162.5077667236328,288.0,0.03819444444444445
3118,-1.6508210539885129,1.1182246695778804,3118,166.3091278076172,166.25250244140625,288.0,0.04861111111111111
3119,-1.3889592057095739,1.3938899154087914,3119,165.28469848632812,165.22906494140625,288.0,0.0625
3120,-1.6351912670928164,1.0819699304146546,3120,162.00015258789062,161.94606018066406,288.0,0.03819444444444445
3121,-1.5307155164388722,1.1772267273246368,3121,161.57107543945312,161.51722717285156,288.0,0.04861111111111111
3122,-1.7115662577701518,1.0330957077205236,3122,160.91241455078125,160.85882568359375,288.0,0.05555555555555555
3123,-1.4874858179435226,1.0751422916383044,3123,164.92922973632812,164.87356567382812,288.0,0.03125
3124,-0.9936913428656157,1.328933047615199,3124,165.14248657226562,165.08685302734375,288.0,0.0625
3125,-0.7725620476874381,0.8019225826409612,3125,163.086669921875,163.03256225585938,288.0,0.041666666666666664
3126,-1.650154441643359,1.1348228543710774,3126,163.41860961914062,163.3636016845703,288.0,0.027777777777777776
3127,-1.9829694068223773,1.4936631415568886,3127,162.8348388671875,162.78048706054688,288.0,0.03819444444444445
3128,-1.683418051216125,1.0364221907806765,3128,162.92056274414062,162.865234375,288.0,0.041666666666666664
3129,-1.221381308766401,1.1835715282181722,3129,164.29855346679688,164.2430877685547,288.0,0.034722222222222224
3130,-0.7555028642220497,1.2468151068675584,3130,162.6202850341797,162.5657501220703,288.0,0.04513888888888889
3131,-1.2771523370079636,1.1219773520874043,3131,165.3226318359375,165.26673889160156,288.0,0.04861111111111111
3132,-1.6651071450556658,1.223936239704561,3132,162.68353271484375,162.6276092529297,288.0,0.05555555555555555
3133,-0.9902399208759144,1.1885151110479937,3133,160.87823486328125,160.8242950439453,288.0,0.07291666666666667
3134,-1.724905450904968,1.058031493994584,3134,159.2667236328125,159.21414184570312,288.0,0.034722222222222224
3135,-1.7411338125704694,1.1709427509131611,3135,163.45501708984375,163.39999389648438,288.0,0.041666666666666664
3136,-0.8071149956762785,0.8004888119219363,3136,163.36277770996094,163.30831909179688,288.0,0.03819444444444445
3137,-1.716744664497072,1.1801908273916335,3137,162.00741577148438,161.9530792236328,288.0,0.052083333333333336
3138,-1.4080323461463702,1.0087672749066876,3138,160.15573120117188,160.10250854492188,288.0,0.04513888888888889
3139,-1.9110806003751069,1.534690223347086,3139,164.427978515625,164.37294006347656,288.0,0.034722222222222224
3140,-1.3320134069577045,0.9802002420587251,3140,164.90061950683594,164.84564208984375,288.0,0.04513888888888889
3141,-1.6929420858686632,1.03502153364911,3141,163.70480346679688,163.64999389648438,288.0,0.034722222222222224
3142,-1.2420025534636079,1.1009841719297924,3142,162.85594177246094,162.8013458251953,288.0,0.059027777777777776
3143,-1.052879820048571,1.0433104811225866,3143,162.52163696289062,162.4679412841797,288.0,0.03125
3144,-1.4539624775168245,1.4125338868214403,3144,163.474609375,163.42086791992188,288.0,0.041666666666666664
3145,-1.6230479092034515,1.2781604081720153,3145,163.38604736328125,163.3308868408203,288.0,0.03125
3146,-1.7339873915085775,1.3565995143853795,3146,160.62770080566406,160.57359313964844,288.0,0.0763888888888889
3147,-1.10938225681989,1.103247485699434,3147,165.27601623535156,165.22125244140625,288.0,0.04513888888888889
3148,-0.8891426623421665,1.3234784228658194,3148,163.9241943359375,163.8701171875,288.0,0.041666666666666664
3149,-1.3269133416629175,1.4097679779115493,3149,163.10546875,163.05133056640625,288.0,0.041666666666666664
3150,-0.8053520876717812,0.7624780825576204,3150,161.9145965576172,161.86122131347656,288.0,0.03819444444444445
3151,-0.9246049456750336,0.9739023210694135,3151,163.52322387695312,163.4693603515625,288.0,0.034722222222222224
3152,-1.4925910037089665,1.2403311904503218,3152,164.5308837890625,164.47659301757812,288.0,0.052083333333333336
3153,-1.5082667987428175,1.3627936573855044,3153,161.9824981689453,161.928466796875,288.0,0.03125
3154,-1.037349449308062,1.0649359098404636,3154,162.6707763671875,162.61752319335938,288.0,0.05555555555555555
3155,-1.2820711572947385,1.0089974076372916,3155,163.69821166992188,163.6441650390625,288.0,0.052083333333333336
3156,-0.957435254034405,1.4300663264134952,3156,164.95904541015625,164.90480041503906,288.0,0.059027777777777776
3157,-1.6970104700662851,1.4387682795493315,3157,164.1734161376953,164.11959838867188,288.0,0.03819444444444445
3158,-0.8271657966248902,1.0245258382936504,3158,162.9048309326172,162.85089111328125,288.0,0.05555555555555555
3159,-1.2163054504024646,1.4527199722256963,3159,163.46685791015625,163.4132537841797,288.0,0.05555555555555555
3160,-0.979576248789098,1.3488434471683537,3160,164.49908447265625,164.44473266601562,288.0,0.03819444444444445
3161,-1.2119456380603486,0.9222621552742306,3161,162.0938262939453,162.04037475585938,288.0,0.034722222222222224
3162,-1.1797209207512687,1.227209959387027,3162,166.54522705078125,166.4902801513672,288.0,0.04861111111111111
3163,-1.4459130746645539,1.2910599465567838,3163,164.5398712158203,164.48544311523438,288.0,0.017361111111111112
3164,-1.34969748293415,1.0272526520411451,3164,164.19577026367188,164.14163208007812,288.0,0.03819444444444445
3165,-0.8683897657342285,0.7118945713587262,3165,163.74888610839844,163.69479370117188,288.0,0.04513888888888889
3166,-1.4461408086253165,1.142485250700981,3166,165.3553009033203,165.30062866210938,288.0,0.024305555555555556
3167,-1.3338821192825552,1.3896014789450186,3167,165.0064697265625,164.95167541503906,288.0,0.024305555555555556
3168,-0.9551374261081631,1.3233446107743674,3168,165.5200653076172,165.46572875976562,288.0,0.041666666666666664
3169,-1.5697604551787316,1.0236870874714796,3169,166.5937042236328,166.53823852539062,288.0,0.03125
3170,-1.0377385523153615,0.8431356066807293,3170,163.5764923095703,163.52197265625,288.0,0.0625
3171,-1.3790830856019936,1.101657922128605,3171,166.44033813476562,166.38522338867188,288.0,0.03125
3172,-0.9053679899417233,1.1526447709113583,3172,163.78912353515625,163.73593139648438,288.0,0.05555555555555555
3173,-1.6439605965495783,1.1639791321458979,3173,161.11007690429688,161.05764770507812,288.0,0.059027777777777776
3174,-1.766263395284007,1.1730774816220229,3174,163.54998779296875,163.49557495117188,288.0,0.03819444444444445
3175,-1.6422070099803545,1.1589963103220344,3175,166.00547790527344,165.9500732421875,288.0,0.03819444444444445
3176,-1.3942151506658067,1.0986023815319133,3176,159.99417114257812,159.94140625,288.0,0.05555555555555555
3177,-1.3904613679029874,1.0349363629048685,3177,163.87916564941406,163.8246307373047,288.0,0.052083333333333336
3178,-1.2640012205939446,1.336389935244526,3178,162.04698181152344,161.99234008789062,288.0,0.04861111111111111
3179,-1.51195848468583,1.6818172702247662,3179,160.2508544921875,160.19747924804688,288.0,0.052083333333333336
3180,-1.3035280299668761,1.508176664721987,3180,163.36546325683594,163.31166076660156,288.0,0.04513888888888889
3181,-1.3657708766197716,1.079026254475924,3181,162.84420776367188,162.79022216796875,288.0,0.034722222222222224
3182,-1.5616676754969478,1.083770049631958,3182,165.3076171875,165.25201416015625,288.0,0.027777777777777776
3183,-1.7822197341249622,1.3862622016959263,3183,161.09542846679688,161.04173278808594,288.0,0.03819444444444445
3184,-1.1339139804952876,1.0671134782712786,3184,163.78948974609375,163.7357177734375,288.0,0.03819444444444445
3185,-1.616469960610903,1.1214739288841282,3185,163.92559814453125,163.87045288085938,288.0,0.05555555555555555
3186,-1.5976305845050223,1.4486826338463001,3186,160.3774871826172,160.32315063476562,288.0,0.027777777777777776
3187,-1.6212228779606515,1.0163622831196428,3187,166.57913208007812,166.52304077148438,288.0,0.027777777777777776
3188,-0.8578333675659066,0.5883119468736234,3188,166.23828125,166.18264770507812,288.0,0.041666666666666664
3189,-0.868614029406083,0.629420751874445,3189,163.83035278320312,163.77548217773438,288.0,0.027777777777777776
3190,-1.0056846137003141,1.15212156645486,3190,164.66488647460938,164.6096954345703,288.0,0.03819444444444445
3191,-1.5652086361988002,1.0200727794811772,3191,166.83319091796875,166.77706909179688,288.0,0.03125
3192,-1.0379960169979334,1.3575215778800769,3192,163.92266845703125,163.8671417236328,288.0,0.020833333333333332
3193,-1.5824777691144993,1.1782779199447733,3193,159.13844299316406,159.08486938476562,288.0,0.017361111111111112
3194,-1.522554182611427,1.2820089310394838,3194,165.17654418945312,165.12210083007812,288.0,0.059027777777777776
3195,-1.680331142110688,1.0922438823446572,3195,162.33935546875,162.28518676757812,288.0,0.052083333333333336
3196,-1.1150585261386894,1.2943596166919038,3196,163.17593383789062,163.12127685546875,288.0,0.05555555555555555
3197,-1.4511433470952357,1.2423079602444458,3197,163.7801055908203,163.72511291503906,288.0,0.05555555555555555
3198,-1.5909104408762311,1.096992873342763,3198,163.55841064453125,163.50350952148438,288.0,0.03819444444444445
3199,-1.446100130371919,1.159011439487324,3199,163.35960388183594,163.30430603027344,288.0,0.059027777777777776
3200,-1.5568395599118192,1.266709717709987,3200,161.95401000976562,161.89979553222656,288.0,0.027777777777777776
3201,-1.38932045002659,1.3692783360578566,3201,164.46603393554688,164.41064453125,288.0,0.027777777777777776
3202,-1.2288389790714573,1.5139475557685065,3202,166.7171630859375,166.66122436523438,288.0,0.04513888888888889
3203,-1.1912591919059023,0.8990152415513948,3203,162.93597412109375,162.88206481933594,288.0,0.041666666666666664
3204,-1.3869456894280157,1.3442441174203907,3204,164.4156494140625,164.36082458496094,288.0,0.041666666666666664
3205,-1.3145331422152615,0.9968458942839286,3205,163.9739990234375,163.91905212402344,288.0,0.027777777777777776
3206,-0.7196659294544006,0.9307164536777917,3206,164.662841796875,164.60769653320312,288.0,0.04861111111111111
3207,-1.5954525998476923,1.1238285945774347,3207,163.17227172851562,163.11769104003906,288.0,0.04513888888888889
3208,-1.5403203351318087,1.0306824916267545,3208,161.55010986328125,161.49514770507812,288.0,0.04513888888888889
3209,-1.4095552187351703,1.1717718684060443,3209,164.5747528076172,164.5201416015625,288.0,0.04861111111111111
3210,-0.9792665048779523,0.9347863333278137,3210,161.65138244628906,161.5969696044922,288.0,0.03125
3211,-1.7947284734313647,1.2498113098039672,3211,163.40927124023438,163.3540802001953,288.0,0.04861111111111111
3212,-0.9417030706105533,0.7955977515508492,3212,167.65216064453125,167.5959014892578,288.0,0.059027777777777776
3213,-0.7683935223362641,0.9162393276927151,3213,164.16690063476562,164.11282348632812,288.0,0.03819444444444445
3214,-1.68808776785748,1.443427361316268,3214,163.57020568847656,163.51522827148438,288.0,0.013888888888888888
3215,-1.0947849176568651,0.813854555863774,3215,163.5782470703125,163.52359008789062,288.0,0.03819444444444445
3216,-0.825283571928867,0.8932563929583107,3216,163.94332885742188,163.88888549804688,288.0,0.03819444444444445
3217,-1.5479977555825508,0.9750004187477925,3217,165.91244506835938,165.8576202392578,288.0,0.024305555555555556
3218,-1.7060630508652115,1.2752531197154962,3218,164.27975463867188,164.22586059570312,288.0,0.03125
3219,-1.7318448067655106,1.6382791283037978,3219,165.90985107421875,165.8550262451172,288.0,0.04861111111111111
3220,-0.904679257738854,1.1368329792560925,3220,166.07034301757812,166.0144805908203,288.0,0.03819444444444445
3221,-1.3292299595170265,0.9670996985444847,3221,163.09115600585938,163.0372314453125,288.0,0.017361111111111112
3222,-1.387923238086097,1.4590911099175061,3222,162.7474365234375,162.693359375,288.0,0.052083333333333336
3223,-1.5863110603473,1.0633956722931037,3223,163.42156982421875,163.368408203125,288.0,0.027777777777777776
3224,-1.4270070700317754,1.0531875927682843,3224,165.93121337890625,165.87583923339844,288.0,0.03125
3225,-0.8569801417199701,0.663883688624473,3225,163.36236572265625,163.30804443359375,288.0,0.027777777777777776
3226,-0.807044329233871,0.7832879646448565,3226,166.19943237304688,166.14434814453125,288.0,0.034722222222222224
3227,-1.2194410464079328,1.3438930245309608,3227,162.33517456054688,162.2812957763672,288.0,0.03125
3228,-1.4413486119541328,1.388331164433671,3228,164.19911193847656,164.14491271972656,288.0,0.05555555555555555
3229,-1.5188026770528518,1.1222236595747506,3229,162.6503448486328,162.59661865234375,288.0,0.034722222222222224
3230,-1.3031336554490747,1.3123183410593624,3230,163.70034790039062,163.646240234375,288.0,0.034722222222222224
3231,-1.6740743311502544,1.5783271409383965,3231,166.62411499023438,166.5680389404297,288.0,0.04861111111111111
3232,-1.0007351588229298,1.0849582150968602,3232,160.46878051757812,160.4156494140625,288.0,0.03125
3233,-1.1629463715454884,0.6743344354802064,3233,160.8606719970703,160.806396484375,288.0,0.024305555555555556
3234,-1.4866628669563215,1.1269083606665238,3234,164.5352783203125,164.48068237304688,288.0,0.034722222222222224
3235,-1.6706882155865952,1.1771632328212431,3235,160.26556396484375,160.2117462158203,288.0,0.03125
3236,-1.4068219239321276,1.4193785466655597,3236,159.4581298828125,159.40573120117188,288.0,0.0625
3237,-1.546819498457275,1.2199753006552605,3237,163.71641540527344,163.66172790527344,288.0,0.041666666666666664
3238,-1.5882004564322412,1.148322038226731,3238,162.39328002929688,162.33999633789062,288.0,0.04513888888888889
3239,-1.6111336282756665,1.2230517776963823,3239,165.24807739257812,165.1932373046875,288.0,0.020833333333333332
3240,-1.7051451139358536,1.6589206245039214,3240,165.23678588867188,165.18222045898438,288.0,0.04861111111111111
3241,-1.2721150103062726,0.9985658879078653,3241,158.77032470703125,158.71759033203125,288.0,0.041666666666666664
3242,-1.0453954297250758,0.929259693657697,3242,163.57186889648438,163.51815795898438,288.0,0.034722222222222224
3243,-0.9030923360061062,0.6414339645113075,3243,165.64846801757812,165.5931396484375,288.0,0.04513888888888889
3244,-1.2260740402923744,0.9173770970009071,3244,164.00103759765625,163.94679260253906,288.0,0.024305555555555556
3245,-1.4731263352192976,1.368073576448943,3245,161.82608032226562,161.772216796875,288.0,0.052083333333333336
3246,-1.3191339818137635,1.0712233139849399,3246,165.80899047851562,165.75442504882812,288.0,0.017361111111111112
3247,-1.533499864571545,1.0773872882065434,3247,163.86700439453125,163.81259155273438,288.0,0.03125
3248,-1.4417542370424348,1.127725666245659,3248,161.62460327148438,161.56988525390625,288.0,0.034722222222222224
3249,-0.9835356276582634,1.0757877356408543,3249,161.02642822265625,160.97171020507812,288.0,0.027777777777777776
3250,-1.3481498860670758,1.0500970989282346,3250,156.61392211914062,156.56124877929688,288.0,0.027777777777777776
3251,-0.744802165245694,0.8712869113901303,3251,165.45309448242188,165.3981170654297,288.0,0.04861111111111111
3252,-1.5006290925953085,1.214697059086994,3252,164.8304443359375,164.77569580078125,288.0,0.034722222222222224
3253,-1.0888058760079864,0.8254500022143259,3253,164.54598999023438,164.49073791503906,288.0,0.024305555555555556
3254,-1.1354335633069483,0.753380939427423,3254,157.9127960205078,157.86068725585938,288.0,0.027777777777777776
3255,-1.5982871735992699,1.2617155754732463,3255,163.56072998046875,163.5059814453125,288.0,0.041666666666666664
3256,-1.3035928613224086,1.5705342096973771,3256,161.1798553466797,161.126708984375,288.0,0.03819444444444445
3257,-1.9391868834820327,1.3338646606370823,3257,163.02024841308594,162.9652099609375,288.0,0.041666666666666664
3258,-1.6862536549384817,1.0501896969771976,3258,165.10232543945312,165.04721069335938,288.0,0.041666666666666664
3259,-1.5250433833651293,1.202156243143608,3259,163.73532104492188,163.68035888671875,288.0,0.020833333333333332
3260,-1.1493470276267617,1.2024553245808896,3260,162.43502807617188,162.38027954101562,288.0,0.034722222222222224
3261,-1.5985303387619634,1.0260903754773298,3261,165.84458923339844,165.78892517089844,288.0,0.034722222222222224
3262,-1.459666573849122,1.1890422284846138,3262,164.620361328125,164.564697265625,288.0,0.027777777777777776
3263,-1.6465998342978683,1.202346616515511,3263,164.2254638671875,164.17066955566406,288.0,0.03125
3264,-1.5383948647458123,1.13098722153953,3264,165.63714599609375,165.58154296875,288.0,0.03125
3265,-1.6230336250356214,1.1649473071162426,3265,161.2921905517578,161.2377166748047,288.0,0.03819444444444445
3266,-1.98158139033463,1.312016503614777,3266,159.30014038085938,159.24676513671875,288.0,0.024305555555555556
3267,-1.4070549048452514,1.2532812731747762,3267,162.47288513183594,162.41734313964844,288.0,0.06597222222222222
3268,-1.2205975966320701,0.9650818173389963,3268,161.63670349121094,161.58251953125,288.0,0.03819444444444445
3269,-1.0338264760211864,1.3403277890644696,3269,161.81158447265625,161.75640869140625,288.0,0.04513888888888889
3270,-1.3868645253180225,1.1086985399225324,3270,162.3345184326172,162.2802734375,288.0,0.041666666666666664
3271,-1.4234130085224332,1.0878938564429466,3271,163.08592224121094,163.0309600830078,288.0,0.020833333333333332
3272,-0.8857008764352527,1.1959968598907922,3272,162.87579345703125,162.82115173339844,288.0,0.041666666666666664
3273,-0.812742235141293,1.1739786431053323,3273,160.8885040283203,160.83468627929688,288.0,0.04861111111111111
3274,-1.4686561072165811,1.0799813102660623,3274,167.03466796875,166.9786376953125,288.0,0.034722222222222224
3275,-1.5319874816539345,1.3674495398036448,3275,164.13681030273438,164.08096313476562,288.0,0.0625
3276,-0.9520623010408108,0.8134013781703529,3276,165.2081756591797,165.15292358398438,288.0,0.041666666666666664
3277,-1.8401898593097614,1.1396717712076165,3277,164.06295776367188,164.0087127685547,288.0,0.04861111111111111
3278,-0.7698179065671189,0.9621745726893909,3278,164.06781005859375,164.01353454589844,288.0,0.034722222222222224
3279,-1.771446039568258,1.4316121773515829,3279,165.21533203125,165.16061401367188,288.0,0.041666666666666664
3280,-1.5534962945416733,1.243006289414706,3280,164.0257568359375,163.97120666503906,288.0,0.04861111111111111
3281,-0.9426002434858449,0.91912387410796,3281,164.3895263671875,164.33465576171875,288.0,0.034722222222222224
3282,-1.4902468739997359,1.123903394154721,3282,166.92416381835938,166.86859130859375,288.0,0.024305555555555556
3283,-1.5708415932718036,1.3034408554581625,3283,164.63955688476562,164.58444213867188,288.0,0.027777777777777776
3284,-1.4717414395370487,1.1472994266680114,3284,165.7198944091797,165.66488647460938,288.0,0.041666666666666664
3285,-1.2967107003482043,1.4313652419208192,3285,162.044921875,161.99267578125,288.0,0.041666666666666664
3286,-1.1256932275802618,1.1723396507852821,3286,166.0910186767578,166.0359344482422,288.0,0.041666666666666664
3287,-1.4826859481651717,1.084098293350683,3287,164.6684112548828,164.61277770996094,288.0,0.020833333333333332
3288,-0.8661219723141951,0.6408630329985369,3288,166.20347595214844,166.14857482910156,288.0,0.013888888888888888
3289,-1.4818635228159236,1.0103645630537281,3289,163.94549560546875,163.89065551757812,288.0,0.03125
3290,-1.1604748725352338,1.018778895555418,3290,164.89622497558594,164.84133911132812,288.0,0.024305555555555556
3291,-1.3208726470674692,1.260266549659123,3291,164.25534057617188,164.20101928710938,288.0,0.020833333333333332
3292,-1.5950354974688716,1.1214177898757798,3292,162.66525268554688,162.61123657226562,288.0,0.034722222222222224
3293,-1.3710195860299175,1.165082188327974,3293,163.83407592773438,163.77984619140625,288.0,0.020833333333333332
3294,-1.1591628025264082,0.9299116377526189,3294,162.39614868164062,162.34234619140625,288.0,0.024305555555555556
3295,-1.548949429022532,1.0052935342176457,3295,164.20037841796875,164.14553833007812,288.0,0.04513888888888889
3296,-1.744896542298917,1.1813891561328347,3296,166.49732971191406,166.44195556640625,288.0,0.03125
3297,-1.5631010585398988,1.0021088207975888,3297,165.8778076171875,165.82252502441406,288.0,0.03819444444444445
3298,-0.9286331317703238,0.9645232897536961,3298,166.18057250976562,166.12535095214844,288.0,0.03819444444444445
3299,-0.8713822356731985,0.7885536595340963,3299,167.40936279296875,167.35397338867188,288.0,0.03125
3300,-1.2779298089770672,0.8893116886480029,3300,163.43519592285156,163.38037109375,288.0,0.04513888888888889
3301,-1.3587272177941065,1.5030365387569815,3301,165.188232421875,165.13339233398438,288.0,0.03125
3302,-1.9200387778343522,1.3531995505172654,3302,165.28640747070312,165.2318878173828,288.0,0.041666666666666664
3303,-1.2420008762903725,1.0126575986669666,3303,165.87283325195312,165.81707763671875,288.0,0.03819444444444445
3304,-1.4955448366555653,1.2277934766717449,3304,165.62733459472656,165.57261657714844,288.0,0.03819444444444445
3305,-0.9938134710256666,1.065580936554441,3305,161.44801330566406,161.39410400390625,288.0,0.027777777777777776
3306,-0.9889791409929529,1.0647131285986464,3306,165.33444213867188,165.27920532226562,288.0,0.027777777777777776
3307,-0.8464033272453245,1.0940727302445512,3307,164.44845581054688,164.39479064941406,288.0,0.013888888888888888
3308,-1.8038722990225695,1.2193758798699548,3308,165.29660034179688,165.24180603027344,288.0,0.03125
3309,-1.666923093554346,1.036736358371962,3309,159.99314880371094,159.93997192382812,288.0,0.04513888888888889
3310,-1.5123826734049333,1.1378761610975916,3310,161.77883911132812,161.72549438476562,288.0,0.03125
3311,-1.7108887753943438,1.1216646538477815,3311,162.52696228027344,162.47335815429688,288.0,0.034722222222222224
3312,-1.0973148338171974,1.086902349563506,3312,162.208251953125,162.1548309326172,288.0,0.027777777777777776
3313,-1.4424900412521757,1.248091727842481,3313,158.380615234375,158.32769775390625,288.0,0.027777777777777776
3314,-1.3709352660117433,1.5215713821977441,3314,163.77772521972656,163.72384643554688,288.0,0.04861111111111111
3315,-1.1165515413981817,1.214679215211715,3315,162.7003936767578,162.64540100097656,288.0,0.041666666666666664
3316,-1.6492275446654188,1.0055808656028737,3316,165.0315704345703,164.9759063720703,288.0,0.03819444444444445
3317,-1.5239869513712567,1.1369511481448102,3317,165.57012939453125,165.5147705078125,288.0,0.027777777777777776
3318,-1.4465095655463898,1.140024729724167,3318,160.0454559326172,159.99200439453125,288.0,0.041666666666666664
3319,-0.8594615265588237,0.9354052649901474,3319,163.92291259765625,163.86856079101562,288.0,0.024305555555555556
3320,-1.558711437202366,1.2196553764151554,3320,163.08975219726562,163.03562927246094,288.0,0.034722222222222224
3321,-1.2162081272517784,1.348181744723349,3321,163.91412353515625,163.85971069335938,288.0,0.034722222222222224
3322,-1.801722403298061,1.4397819963279836,3322,157.65882873535156,157.60650634765625,288.0,0.05555555555555555
3323,-0.8529236479076063,0.7795870060804875,3323,166.63934326171875,166.58375549316406,288.0,0.041666666666666664
3324,-0.9496099060096633,0.8361658845903817,3324,168.21978759765625,168.1636962890625,288.0,0.041666666666666664
3325,-1.2596810882867446,0.9817848963831539,3325,158.42733764648438,158.37454223632812,288.0,0.034722222222222224
3326,-0.9068094733586484,0.5212737274965901,3326,163.92010498046875,163.86541748046875,288.0,0.017361111111111112
3327,-0.9693425070279899,0.9889825997076258,3327,161.62164306640625,161.56832885742188,288.0,0.027777777777777776
3328,-1.282625281886033,1.3097842283643166,3328,164.5299530029297,164.47512817382812,288.0,0.020833333333333332
3329,-1.0648421626504954,1.1704022637364526,3329,163.6906280517578,163.6368865966797,288.0,0.041666666666666664
3330,-1.4434263184513876,1.0804757609002165,3330,159.67666625976562,159.62301635742188,288.0,0.034722222222222224
3331,-1.6887421228258068,1.1625708601373923,3331,166.16603088378906,166.1103057861328,288.0,0.04861111111111111
3332,-1.6086901897418153,1.1065834824349086,3332,165.87332153320312,165.8187255859375,288.0,0.03125
3333,-1.0849042902887307,1.5336075414425447,3333,163.09915161132812,163.04483032226562,288.0,0.03819444444444445
3334,-1.181305883826795,1.2093302070487177,3334,164.49169921875,164.4370574951172,288.0,0.04513888888888889
3335,-1.4640463007867508,0.9761698040963962,3335,163.59414672851562,163.5395965576172,288.0,0.020833333333333332
3336,-0.9380793453162598,1.2543442123152977,3336,165.37203979492188,165.3172607421875,288.0,0.041666666666666664
3337,-1.5777485548305832,1.1543009458085496,3337,164.5541229248047,164.50071716308594,288.0,0.020833333333333332
3338,-1.7010757245316872,1.2707314325790362,3338,159.67874145507812,159.62594604492188,288.0,0.06597222222222222
3339,-1.6839336624974373,1.478052058849311,3339,166.98849487304688,166.932373046875,288.0,0.027777777777777776
3340,-1.633581137976265,1.0684035915794636,3340,165.59909057617188,165.54339599609375,288.0,0.03125
3341,-1.6077237549988186,1.0555200751292864,3341,160.6761932373047,160.6224365234375,288.0,0.034722222222222224
3342,-1.2910876091873074,1.2610147924099762,3342,158.8878936767578,158.83448791503906,288.0,0.03819444444444445
3343,-1.4351830309244333,1.1357247641597812,3343,163.05535888671875,163.00048828125,288.0,0.03125
3344,-1.6314376585957198,1.0306665435785434,3344,164.73568725585938,164.68099975585938,288.0,0.03125
3345,-1.3264069426839005,1.3337042423629797,3345,162.419677734375,162.365478515625,288.0,0.03125
3346,-1.1604691944316732,1.2337956995858075,3346,163.551513671875,163.49710083007812,288.0,0.024305555555555556
3347,-1.5995108771298812,1.1859026051529244,3347,162.9835205078125,162.92889404296875,288.0,0.04861111111111111
3348,-1.4890156734422593,1.1506494458205787,3348,162.62461853027344,162.5699462890625,288.0,0.020833333333333332
3349,-1.6612108999462918,1.0347143234822738,3349,166.37689208984375,166.32130432128906,288.0,0.03125
3350,-0.8109709824867398,1.0792884853510887,3350,163.6354217529297,163.58123779296875,288.0,0.03125
3351,-1.3102415522889126,1.2555345565200424,3351,168.2388916015625,168.1829833984375,288.0,0.041666666666666664
3352,-1.2926254228743694,1.4955022540005876,3352,164.72767639160156,164.67315673828125,288.0,0.04861111111111111
3353,-1.464660952527853,1.152711766358787,3353,164.75946044921875,164.704345703125,288.0,0.027777777777777776
3354,-1.720641487184995,1.1922208062350612,3354,162.27464294433594,162.2203369140625,288.0,0.041666666666666664
3355,-0.763704852395494,0.9073549925954372,3355,164.47991943359375,164.42556762695312,288.0,0.041666666666666664
3356,-1.440211520013736,1.0022556331166836,3356,167.05307006835938,166.99749755859375,288.0,0.027777777777777776
3357,-1.7664980104046606,1.0809158622311439,3357,161.64248657226562,161.5883331298828,288.0,0.04513888888888889
3358,-1.6304348416152372,1.3391688577052185,3358,160.99749755859375,160.94403076171875,288.0,0.013888888888888888
3359,-0.9586132046894819,1.0066059105447023,3359,164.81265258789062,164.75819396972656,288.0,0.041666666666666664
3360,-1.4338940144497727,1.0655541473364962,3360,161.59197998046875,161.537353515625,288.0,0.03819444444444445
3361,-1.196991019452401,0.8397342846199735,3361,166.61135864257812,166.55470275878906,288.0,0.027777777777777776
3362,-1.4467466849505466,1.3913926750655088,3362,165.35848999023438,165.30242919921875,288.0,0.03819444444444445
3363,-1.5447838968121037,1.0915821579161946,3363,162.8114013671875,162.75601196289062,288.0,0.034722222222222224
3364,-1.365676176201056,1.0639533401766044,3364,160.29580688476562,160.23974609375,288.0,0.020833333333333332
3365,-1.5656382944132574,1.136733897818489,3365,168.35531616210938,168.29806518554688,288.0,0.034722222222222224
3366,-1.4462830625194316,0.9282360513606176,3366,164.70767211914062,164.65213012695312,288.0,0.017361111111111112
3367,-1.4705206535396418,1.1431473777929662,3367,164.08090209960938,164.02597045898438,288.0,0.041666666666666664
3368,-1.640884093261066,1.1326357247343177,3368,164.16897583007812,164.11468505859375,288.0,0.041666666666666664
3369,-1.3599405872292332,1.1809046477456204,3369,166.96888732910156,166.91311645507812,288.0,0.04513888888888889
3370,-0.9808196658429063,0.9419050968683044,3370,168.22193908691406,168.16519165039062,288.0,0.017361111111111112
3371,-1.8758580078527598,1.4180220446169807,3371,161.1951904296875,161.14068603515625,288.0,0.027777777777777776
3372,-1.0175248212581072,0.29341607701496764,3372,164.40541076660156,164.35028076171875,288.0,0.027777777777777776
3373,-1.1751441221304444,0.9790602536215949,3373,162.881103515625,162.82696533203125,288.0,0.059027777777777776
3374,-1.448946898543762,1.1114562110808155,3374,155.515380859375,155.46343994140625,288.0,0.052083333333333336
3375,-0.903354527904805,0.6003824818921398,3375,162.0723114013672,162.01846313476562,288.0,0.03125
3376,-1.680705363807537,1.108989442414725,3376,165.49534606933594,165.439697265625,288.0,0.024305555555555556
3377,-1.7185176607498223,1.0819700642053895,3377,161.78211975097656,161.72711181640625,288.0,0.04513888888888889
3378,-1.168422417949731,1.2633734682162092,3378,163.93301391601562,163.87831115722656,288.0,0.03819444444444445
3379,-0.9660008892132095,0.6947650019837724,3379,159.6715850830078,159.6188507080078,288.0,0.013888888888888888
3380,-1.6552101958456695,1.1840858986409961,3380,166.82949829101562,166.77325439453125,288.0,0.04513888888888889
3381,-0.8862978654970379,0.5884214233342709,3381,161.51031494140625,161.4558868408203,288.0,0.017361111111111112
3382,-1.5032532763507933,1.0715317605783126,3382,162.1274871826172,162.073486328125,288.0,0.020833333333333332
3383,-1.6183864632270495,1.0865276117272453,3383,163.60910034179688,163.5552978515625,288.0,0.03819444444444445
3384,-1.7982430295754144,1.2729535958801972,3384,162.26727294921875,162.2136993408203,288.0,0.034722222222222224
3385,-1.4976859798011033,1.200858378971384,3385,161.97528076171875,161.92068481445312,288.0,0.024305555555555556
3386,-1.0960713062473393,0.9761708181486501,3386,165.09817504882812,165.04257202148438,288.0,0.027777777777777776
3387,-1.9857023867419155,1.2577832625100749,3387,164.5138397216797,164.45965576171875,288.0,0.020833333333333332
3388,-0.8159626917703955,1.1455102286408327,3388,167.549560546875,167.49359130859375,288.0,0.024305555555555556
3389,-1.6562552214355317,1.2718482844529004,3389,160.53773498535156,160.48391723632812,288.0,0.052083333333333336
3390,-0.9683605466249376,1.1703541840518064,3390,163.88946533203125,163.83505249023438,288.0,0.03125
3391,-1.314557787697857,1.0619987588021556,3391,164.28631591796875,164.2313232421875,288.0,0.03125
3392,-1.7532760131128653,1.0685818715788489,3392,164.59335327148438,164.53872680664062,288.0,0.013888888888888888
3393,-1.5973041729006354,1.3366822674457908,3393,165.59295654296875,165.53787231445312,288.0,0.03819444444444445
3394,-1.5619988902912396,1.128773716613352,3394,163.02981567382812,162.97552490234375,288.0,0.013888888888888888
3395,-1.5761300560578286,1.196065517662143,3395,160.41134643554688,160.35791015625,288.0,0.027777777777777776
3396,-1.4555959497216082,1.1096587986430402,3396,162.07839965820312,162.0242919921875,288.0,0.017361111111111112
3397,-1.4882486959233883,1.173971254938946,3397,166.71612548828125,166.66090393066406,288.0,0.034722222222222224
3398,-1.4021042900803617,1.1144011119633357,3398,164.2928466796875,164.23876953125,288.0,0.041666666666666664
3399,-1.164914948983489,1.2200245096087672,3399,163.73785400390625,163.6837158203125,288.0,0.027777777777777776
3400,-1.200735273512758,1.0021256159255796,3400,162.97921752929688,162.92520141601562,288.0,0.034722222222222224
3401,-1.6579842968032308,1.1549324155597027,3401,161.78831481933594,161.73565673828125,288.0,0.03125
3402,-1.8614163972084599,1.1277476707971192,3402,163.43283081054688,163.3785858154297,288.0,0.03125
3403,-1.1524095913247157,1.1128158346897281,3403,159.85281372070312,159.7997283935547,288.0,0.041666666666666664
3404,-1.5537552134137098,1.2510333630456654,3404,162.4377899169922,162.3839111328125,288.0,0.03125
3405,-1.5604376356642016,1.0322682384077255,3405,164.68792724609375,164.63258361816406,288.0,0.034722222222222224
3406,-1.5806824220511473,1.2512914339300927,3406,162.3812713623047,162.32748413085938,288.0,0.03819444444444445
3407,-1.2855989146840092,1.0721569593183924,3407,165.3317108154297,165.27627563476562,288.0,0.013888888888888888
3408,-0.7341236978571563,0.933059315017471,3408,165.85400390625,165.79922485351562,288.0,0.020833333333333332
3409,-1.5899169848934094,1.406341819361937,3409,167.91229248046875,167.8566131591797,288.0,0.03125
3410,-1.1821518163790157,1.1087480156344904,3410,162.87130737304688,162.8175048828125,288.0,0.034722222222222224
3411,-0.9960437440771115,1.058007990222573,3411,166.4900665283203,166.43507385253906,288.0,0.03125
3412,-1.655494799408855,1.108718029071912,3412,164.796875,164.74234008789062,288.0,0.034722222222222224
3413,-1.689683228433987,1.0971956494190709,3413,161.202880859375,161.14907836914062,288.0,0.013888888888888888
3414,-0.8892988462416948,0.6419714536318117,3414,163.64413452148438,163.59005737304688,288.0,0.020833333333333332
3415,-1.4627872820365366,1.0329772317327464,3415,160.67910766601562,160.62667846679688,288.0,0.03125
3416,-1.3721353223084618,1.1253085885301795,3416,165.2764892578125,165.22146606445312,288.0,0.03125
3417,-1.521917914636256,1.1542055418013764,3417,164.3813018798828,164.32618713378906,288.0,0.04861111111111111
3418,-1.331462367250155,1.2524107888471316,3418,160.43887329101562,160.38580322265625,288.0,0.041666666666666664
3419,-1.4994142533560426,1.0861878244442065,3419,164.11074829101562,164.05609130859375,288.0,0.027777777777777776
3420,-1.5460032886631938,1.130330979930407,3420,161.17063903808594,161.11630249023438,288.0,0.024305555555555556
3421,-1.2484249303901425,0.9610308024514289,3421,163.37796020507812,163.32305908203125,288.0,0.04861111111111111
3422,-1.9202144656764462,1.3896756493833504,3422,163.5755157470703,163.52178955078125,288.0,0.024305555555555556
3423,-0.9855239865002127,0.6891029980641196,3423,166.32191467285156,166.2662353515625,288.0,0.03819444444444445
3424,-1.7700954326476834,1.314957042363989,3424,161.4497833251953,161.39663696289062,288.0,0.017361111111111112
3425,-1.609284585759197,1.1444666087513076,3425,164.62759399414062,164.5726318359375,288.0,0.034722222222222224
3426,-1.1908443691133104,0.8811387185773991,3426,161.14549255371094,161.09169006347656,288.0,0.041666666666666664
3427,-1.4848916278268363,1.1296029998730495,3427,160.8453826904297,160.79132080078125,288.0,0.041666666666666664
3428,-0.9706115797864133,1.060475195071822,3428,165.7875213623047,165.73178100585938,288.0,0.04513888888888889
3429,-1.8031357631749145,1.3090575324815488,3429,161.46522521972656,161.41168212890625,288.0,0.04513888888888889
3430,-1.673254781248505,1.0450633629063688,3430,162.58050537109375,162.52670288085938,288.0,0.017361111111111112
3431,-0.6564570385055503,1.007366428269031,3431,164.31988525390625,164.26585388183594,288.0,0.017361111111111112
3432,-1.6568691895279462,1.0878470641120372,3432,164.70098876953125,164.64620971679688,288.0,0.020833333333333332
3433,-1.1480936218450057,0.8728609724851902,3433,161.54425048828125,161.4921875,288.0,0.027777777777777776
3434,-1.3891507789641449,1.177688298253533,3434,159.15185546875,159.09898376464844,288.0,0.03125
3435,-0.9472105693338239,1.042594700957377,3435,164.1267547607422,164.0725860595703,288.0,0.020833333333333332
3436,-1.0039933824843974,0.8166074184218609,3436,164.92495727539062,164.87013244628906,288.0,0.034722222222222224
3437,-1.6522566883224483,1.0447846087119466,3437,166.1011505126953,166.0458984375,288.0,0.03819444444444445
3438,-0.8732509228403789,0.5835857993029254,3438,165.9110870361328,165.85597229003906,288.0,0.03125
3439,-1.8809868386403577,1.2187210166369817,3439,164.26858520507812,164.2137451171875,288.0,0.041666666666666664
3440,-1.571111823249692,1.4582998605528084,3440,164.63430786132812,164.5804443359375,288.0,0.03125
3441,-1.6760607312939273,1.0745759462529978,3441,163.76771545410156,163.71258544921875,288.0,0.027777777777777776
3442,-1.8841279606839154,1.342808841202042,3442,160.2332763671875,160.18045043945312,288.0,0.03125
3443,-1.7469684224286124,1.1335996803396315,3443,163.28500366210938,163.23028564453125,288.0,0.027777777777777776
3444,-1.742541050996265,1.1454796901664412,3444,166.21688842773438,166.1612548828125,288.0,0.03819444444444445
3445,-0.8613269452707915,1.0812733615273138,3445,164.13119506835938,164.07640075683594,288.0,0.024305555555555556
3446,-1.0007014633873628,1.3654443027478185,3446,165.34332275390625,165.2882537841797,288.0,0.034722222222222224
3447,-1.337218770964964,1.1972120861789948,3447,167.06472778320312,167.00942993164062,288.0,0.03125
3448,-1.4282583167290062,1.1575179323838953,3448,163.83197021484375,163.77786254882812,288.0,0.041666666666666664
3449,-1.6059189859206728,1.1286121005781458,3449,162.62185668945312,162.5690155029297,288.0,0.027777777777777776
3450,-1.0144067731370758,0.7776960975136413,3450,165.14926147460938,165.09490966796875,288.0,0.013888888888888888
3451,-0.9510440030337597,0.5206912679846406,3451,165.78958129882812,165.73524475097656,288.0,0.03125
3452,-1.443842147044493,1.0422447843166154,3452,163.91297912597656,163.85940551757812,288.0,0.04513888888888889
3453,-1.7448911485921448,1.428563283211653,3453,162.19447326660156,162.14071655273438,288.0,0.041666666666666664
3454,-1.1888612010897677,0.9308407361850145,3454,160.18630981445312,160.13206481933594,288.0,0.03125
3455,-0.9359629162780381,0.46266893952745497,3455,163.39315795898438,163.3404083251953,288.0,0.024305555555555556
3456,-1.3657358695579922,1.1518249660605355,3456,161.26397705078125,161.20997619628906,288.0,0.020833333333333332
3457,-1.170497599227507,0.9274534840771219,3457,166.70150756835938,166.64688110351562,288.0,0.034722222222222224
3458,-1.3996362114347225,1.117652640701858,3458,157.36575317382812,157.3129119873047,288.0,0.034722222222222224
3459,-2.1901959874526193,1.680986798784972,3459,165.38839721679688,165.33355712890625,288.0,0.017361111111111112
3460,-1.524327578768165,1.135461753451535,3460,163.03306579589844,162.97885131835938,288.0,0.03125
3461,-1.5159693237548142,1.1137828163791503,3461,158.74612426757812,158.69271850585938,288.0,0.017361111111111112
3462,-1.8148607135506714,1.5291609110373987,3462,161.0669403076172,161.01315307617188,288.0,0.03819444444444445
3463,-1.120796990117473,0.9595384870481211,3463,162.91595458984375,162.8621063232422,288.0,0.03819444444444445
3464,-0.8815763432337982,1.0996458412192187,3464,161.51055908203125,161.45645141601562,288.0,0.04861111111111111
3465,-1.405724453618952,1.1780171285987617,3465,166.04013061523438,165.98483276367188,288.0,0.013888888888888888
3466,-1.4646598973043972,1.1605032173876095,3466,160.9974365234375,160.9432373046875,288.0,0.04513888888888889
3467,-1.2178557722783268,1.403919648147563,3467,164.91123962402344,164.85569763183594,288.0,0.027777777777777776
3468,-1.3413360496107307,1.146196277364546,3468,166.4120330810547,166.3564453125,288.0,0.027777777777777776
3469,-1.2925164926926702,1.0126569807272618,3469,160.0869598388672,160.03338623046875,288.0,0.034722222222222224
3470,-1.4917480181149658,1.1639970505028758,3470,160.73922729492188,160.68472290039062,288.0,0.027777777777777776
3471,-0.9423810933123826,0.8255810560623588,3471,163.940185546875,163.88568115234375,288.0,0.059027777777777776
3472,-0.8004250776382507,1.0543268118837406,3472,164.60458374023438,164.54879760742188,288.0,0.03819444444444445
3473,-1.2964430171874648,0.8270362944731223,3473,164.66195678710938,164.607177734375,288.0,0.03125
3474,-0.9029513915248933,0.9520811920309007,3474,165.21360778808594,165.1583251953125,288.0,0.04513888888888889
3475,-1.196608476616871,0.9573886063464998,3475,161.78707885742188,161.73388671875,288.0,0.013888888888888888
3476,-1.3153390066156563,1.207669593698012,3476,160.38580322265625,160.33169555664062,288.0,0.024305555555555556
3477,-1.5462781451387064,1.0452999532069642,3477,159.14675903320312,159.09368896484375,288.0,0.027777777777777776
3478,-1.2903821128868778,1.478408403612303,3478,161.5883026123047,161.5334930419922,288.0,0.03125
3479,-1.48406895980712,1.314070199615982,3479,152.18264770507812,152.13087463378906,288.0,0.024305555555555556
3480,-1.175923070142238,1.1833224174183452,3480,164.61962890625,164.56423950195312,288.0,0.027777777777777776
3481,-1.5191356941181384,1.1197167373966965,3481,163.8631134033203,163.80819702148438,288.0,0.027777777777777776
3482,-1.2824591157391358,1.2114190016186885,3482,161.40626525878906,161.35214233398438,288.0,0.034722222222222224
3483,-1.4586403349250159,1.4312259309972708,3483,160.40982055664062,160.3567352294922,288.0,0.020833333333333332
3484,-1.5328507941670837,1.0867585996545923,3484,164.80401611328125,164.74900817871094,288.0,0.04513888888888889
3485,-1.1431785335622133,1.0456962940960544,3485,160.94448852539062,160.89125061035156,288.0,0.013888888888888888
3486,-1.6114494291268744,1.0209098040143056,3486,163.3775634765625,163.3222198486328,288.0,0.03819444444444445
3487,-0.9682092481288768,0.9906219864146325,3487,164.72915649414062,164.67425537109375,288.0,0.020833333333333332
3488,-0.8202894338231658,0.7265754527803643,3488,164.77490234375,164.71971130371094,288.0,0.013888888888888888
3489,-1.8114201560685181,1.4622837968839246,3489,161.90150451660156,161.84861755371094,288.0,0.027777777777777776
3490,-1.5541792480608398,1.1470398586643744,3490,163.260986328125,163.206787109375,288.0,0.020833333333333332
3491,-1.397376839114992,1.028326796227769,3491,161.32736206054688,161.27410888671875,288.0,0.041666666666666664
3492,-1.6153575437451873,1.0389494059037918,3492,158.58908081054688,158.53480529785156,288.0,0.017361111111111112
3493,-1.0723145706935087,0.9777932462787683,3493,161.20298767089844,161.14822387695312,288.0,0.034722222222222224
3494,-1.6863608118529756,1.0453580738477029,3494,161.998291015625,161.94287109375,288.0,0.03125
3495,-1.4995387683304622,1.4269666411267765,3495,157.73049926757812,157.6767578125,288.0,0.03125
3496,-1.5874325916151415,1.2193807064252644,3496,166.60398864746094,166.548583984375,288.0,0.03819444444444445
3497,-1.5797056128640448,1.206242865975066,3497,166.13717651367188,166.080810546875,288.0,0.052083333333333336
3498,-0.8109493528746218,0.7395650591743803,3498,160.1943817138672,160.14053344726562,288.0,0.027777777777777776
3499,-1.5555109048310412,1.2591580479269757,3499,164.42306518554688,164.36740112304688,288.0,0.034722222222222224
3500,-1.6819965963071888,1.1433864740783948,3500,162.78765869140625,162.7322998046875,288.0,0.04861111111111111
3501,-0.9583544919071139,1.262016183096598,3501,162.40423583984375,162.3505096435547,288.0,0.03125
3502,-1.5524819973823973,1.3710228046030424,3502,164.5693359375,164.51406860351562,288.0,0.034722222222222224
3503,-1.3594446589238427,1.2028382311685968,3503,167.83895874023438,167.7825927734375,288.0,0.03819444444444445
3504,-1.4563779973707678,1.158740362233269,3504,163.18515014648438,163.13084411621094,288.0,0.024305555555555556
3505,-1.525591399624096,1.1586602023817094,3505,166.25344848632812,166.19757080078125,288.0,0.04861111111111111
3506,-1.5889119138237497,1.2517599683445255,3506,163.38876342773438,163.3345184326172,288.0,0.027777777777777776
3507,-1.637640425804057,0.9829950694564982,3507,167.63192749023438,167.57553100585938,288.0,0.03125
3508,-1.1420579369873893,1.0424710811852307,3508,167.1769256591797,167.12110900878906,288.0,0.027777777777777776
3509,-1.3359374629415512,1.052877774741461,3509,163.55587768554688,163.50186157226562,288.0,0.03125
3510,-0.8091145118799157,1.1832642409467622,3510,164.2889862060547,164.2342529296875,288.0,0.027777777777777776
3511,-1.4575097014440876,1.0150151780791736,3511,164.92340087890625,164.8686065673828,288.0,0.027777777777777776
3512,-1.347606694713323,1.1582967305903749,3512,160.98800659179688,160.93505859375,288.0,0.017361111111111112
3513,-1.4222749134964714,1.0903287063933835,3513,163.9800567626953,163.92483520507812,288.0,0.059027777777777776
3514,-1.0526719177552857,0.7905749850989809,3514,164.03140258789062,163.97666931152344,288.0,0.024305555555555556
3515,-0.8196536501655705,0.7352880470435866,3515,164.21401977539062,164.1587677001953,288.0,0.03125
3516,-1.6093146341774422,1.3243791766232165,3516,162.55401611328125,162.49957275390625,288.0,0.017361111111111112
3517,-1.4888874075032597,1.1688639769116094,3517,168.1011505126953,168.0447540283203,288.0,0.027777777777777776
3518,-1.693590093156164,1.0503923430203566,3518,158.84921264648438,158.79632568359375,288.0,0.034722222222222224
3519,-1.788754934710673,1.4813586490879604,3519,162.24832153320312,162.1941375732422,288.0,0.024305555555555556
3520,-1.3290850643621228,1.2728568924859753,3520,162.86013793945312,162.80545043945312,288.0,0.034722222222222224
3521,-1.5846443105169095,1.364774661027285,3521,162.119384765625,162.06564331054688,288.0,0.03125
3522,-0.8460449166712369,0.778394195282072,3522,165.41993713378906,165.36459350585938,288.0,0.017361111111111112
3523,-1.5041883274190644,1.1298094383090673,3523,164.91094970703125,164.85568237304688,288.0,0.03819444444444445
3524,-1.4514386428145802,1.0905236653878518,3524,166.54214477539062,166.48675537109375,288.0,0.03125
3525,-1.6146169852689256,1.103685224698543,3525,161.10691833496094,161.05328369140625,288.0,0.04513888888888889
3526,-1.594482271006392,1.423747675842735,3526,162.73568725585938,162.681396484375,288.0,0.017361111111111112
3527,-1.3315050879191745,1.5187262092571598,3527,162.69406127929688,162.64004516601562,288.0,0.020833333333333332
3528,-1.100487351540503,1.3296807779210071,3528,165.1427764892578,165.0883026123047,288.0,0.027777777777777776
3529,-0.932066532288698,1.0289385159906004,3529,165.19244384765625,165.13723754882812,288.0,0.024305555555555556
3530,-1.0545877423598862,0.9251831817880365,3530,160.76211547851562,160.70791625976562,288.0,0.017361111111111112
3531,-1.5961759521178118,1.082168054102372,3531,161.73426818847656,161.68109130859375,288.0,0.024305555555555556
3532,-1.1274216968727961,1.3541173974606024,3532,166.2948760986328,166.24029541015625,288.0,0.034722222222222224
3533,-0.9488442647256983,0.8695220993000233,3533,164.6473388671875,164.59310913085938,288.0,0.020833333333333332
3534,-1.1019737572846497,1.316075918419329,3534,163.36988830566406,163.31582641601562,288.0,0.024305555555555556
3535,-1.017355932084875,1.0844343324528138,3535,166.34774780273438,166.29222106933594,288.0,0.027777777777777776
3536,-1.4687513831576453,1.1207793021057686,3536,167.0128173828125,166.95648193359375,288.0,0.020833333333333332
3537,-0.7318505559681281,1.181048266773722,3537,163.2631378173828,163.20919799804688,288.0,0.041666666666666664
3538,-1.521673737555262,0.9379582948415743,3538,165.1092529296875,165.05421447753906,288.0,0.027777777777777776
3539,-2.021533497773518,1.4447956524562056,3539,164.41390991210938,164.35888671875,288.0,0.03125
3540,-0.8463069586491521,0.9920541070968331,3540,159.65731811523438,159.6028594970703,288.0,0.027777777777777776
3541,-0.7473718055006777,0.8909871437973915,3541,165.69891357421875,165.64317321777344,288.0,0.017361111111111112
3542,-1.5043457838890704,1.1481945389461572,3542,164.35804748535156,164.30386352539062,288.0,0.027777777777777776
3543,-1.5539334426053197,1.2961387644755225,3543,163.3596954345703,163.30593872070312,288.0,0.027777777777777776
3544,-1.155398488450881,0.8896866120371956,3544,163.49945068359375,163.44497680664062,288.0,0.024305555555555556
3545,-1.3557702203055482,1.3390040507612875,3545,159.4111328125,159.3575439453125,288.0,0.041666666666666664
3546,-1.2186332500739563,1.3343231455581315,3546,165.06289672851562,165.0084686279297,288.0,0.03125
3547,-1.3279126928029745,1.04970654556612,3547,165.85118103027344,165.79664611816406,288.0,0.034722222222222224
3548,-1.0552679581308437,1.318887908958094,3548,164.36257934570312,164.3082275390625,288.0,0.04861111111111111
3549,-1.0939150612242716,1.2032809966196516,3549,158.84222412109375,158.78863525390625,288.0,0.024305555555555556
3550,-1.4220417636962557,1.1069147968436552,3550,163.27462768554688,163.2196807861328,288.0,0.03125
3551,-1.1000147239701938,0.9819811160050828,3551,165.4174346923828,165.36221313476562,288.0,0.024305555555555556
3552,-1.5255123615619337,1.1701747492333352,3552,159.66844177246094,159.61569213867188,288.0,0.05555555555555555
3553,-1.5977303289276168,1.448124807788932,3553,158.29580688476562,158.24232482910156,288.0,0.017361111111111112
3554,-0.9237962612709991,0.8169827429918682,3554,165.61477661132812,165.56005859375,288.0,0.027777777777777776
3555,-1.4646919952755522,1.4697881938601136,3555,165.6418914794922,165.58642578125,288.0,0.041666666666666664
3556,-0.9645792048202355,1.0189242566107932,3556,165.5753936767578,165.51995849609375,288.0,0.041666666666666664
3557,-1.5854764161932502,1.118403225138028,3557,165.79736328125,165.7415008544922,288.0,0.017361111111111112
3558,-0.9747431686540173,0.8739377855637525,3558,168.27243041992188,168.21713256835938,288.0,0.013888888888888888
3559,-0.9496070655091169,0.40641390895641977,3559,163.39471435546875,163.3402099609375,288.0,0.010416666666666666
3560,-1.667131416296163,1.52634948349953,3560,164.86737060546875,164.81271362304688,288.0,0.010416666666666666
3561,-1.5418209453039682,1.1882509790872373,3561,161.96287536621094,161.9093017578125,288.0,0.024305555555555556
3562,-1.429564538612203,1.1094218479990394,3562,165.4234619140625,165.36749267578125,288.0,0.024305555555555556
3563,-0.9630002601651237,1.039118668378821,3563,164.157958984375,164.1038818359375,288.0,0.020833333333333332
3564,-1.2948398999774229,0.9656676736903752,3564,162.81707763671875,162.76345825195312,288.0,0.024305555555555556
3565,-0.8631873175394544,0.9172621768879725,3565,162.38641357421875,162.33203125,288.0,0.017361111111111112
3566,-1.7068956447805017,1.263099819070007,3566,157.99172973632812,157.93881225585938,288.0,0.041666666666666664
3567,-1.761071457218406,1.3946942308650447,3567,162.74270629882812,162.68844604492188,288.0,0.034722222222222224
3568,-1.5960536023482719,1.3357740377807528,3568,165.852783203125,165.79684448242188,288.0,0.034722222222222224
3569,-1.6450692434512095,1.035550653494371,3569,158.48199462890625,158.42901611328125,288.0,0.03125
3570,-1.2744227902458347,1.067321898409635,3570,162.51882934570312,162.46514892578125,288.0,0.013888888888888888
3571,-1.5490756943583137,1.3155805463203467,3571,164.91400146484375,164.85861206054688,288.0,0.010416666666666666
3572,-1.5707812142384963,1.2501039177958122,3572,162.9436492919922,162.88931274414062,288.0,0.03819444444444445
3573,-1.6014196519472632,1.03167115323823,3573,165.0311279296875,164.97557067871094,288.0,0.013888888888888888
3574,-1.6513668320609531,1.3685532901586321,3574,161.88311767578125,161.82846069335938,288.0,0.059027777777777776
3575,-1.0307672392478426,1.0049489145842503,3575,163.96768188476562,163.912353515625,288.0,0.034722222222222224
3576,-1.4484263714995802,1.1536636047662407,3576,163.4376220703125,163.3828887939453,288.0,0.03125
3577,-1.4697070527525244,1.2710102225823767,3577,165.3975067138672,165.34161376953125,288.0,0.027777777777777776
3578,-1.901393992294435,1.5325090361889884,3578,160.8653564453125,160.81097412109375,288.0,0.027777777777777776
3579,-0.9139958318737276,0.4736645912777634,3579,165.6311492919922,165.57553100585938,288.0,0.020833333333333332
3580,-1.3114302125782564,1.2870340716743787,3580,163.85523986816406,163.80052185058594,288.0,0.020833333333333332
3581,-1.5723553585315269,1.1345780452587777,3581,163.26568603515625,163.21096801757812,288.0,0.052083333333333336
3582,-1.5723049992034968,1.060602366150783,3582,165.44834899902344,165.39306640625,288.0,0.024305555555555556
3583,-1.5128195120808263,1.0719890969265597,3583,163.72055053710938,163.66647338867188,288.0,0.010416666666666666
3584,-1.3170201882073578,1.057377039075853,3584,165.01788330078125,164.96278381347656,288.0,0.027777777777777776
3585,-1.6081330904127198,1.191291508937785,3585,164.15109252929688,164.0966339111328,288.0,0.027777777777777776
3586,-0.8878283955306275,1.0456147057700458,3586,163.81936645507812,163.76419067382812,288.0,0.034722222222222224
3587,-1.5420720451679921,1.1411082280922014,3587,167.13711547851562,167.08065795898438,288.0,0.027777777777777776
3588,-1.3614866814158055,1.1614615916369895,3588,163.61007690429688,163.55532836914062,288.0,0.020833333333333332
3589,-1.5433200618156324,1.095658233443407,3589,163.8158721923828,163.76171875,288.0,0.03819444444444445
3590,-1.4983981191229763,1.2363408182071518,3590,163.5247802734375,163.47018432617188,288.0,0.041666666666666664
3591,-1.0039536468917674,1.0504596914809214,3591,165.82733154296875,165.77157592773438,288.0,0.017361111111111112
3592,-1.5829620950811156,1.4903660590174055,3592,161.8349609375,161.78109741210938,288.0,0.027777777777777776
3593,-0.8862849445859481,1.122654771332924,3593,162.83984375,162.7857666015625,288.0,0.020833333333333332
3594,-1.2125497639870462,0.9178276674276713,3594,164.3414306640625,164.28640747070312,288.0,0.020833333333333332
3595,-1.1690563099952216,1.1461378049841364,3595,159.60003662109375,159.54592895507812,288.0,0.017361111111111112
3596,-1.4654226609241756,1.0987667203411124,3596,165.40670776367188,165.35076904296875,288.0,0.041666666666666664
3597,-1.038490230967919,1.2274078490686522,3597,162.8658447265625,162.81146240234375,288.0,0.024305555555555556
3598,-1.0008753349323851,1.0752695848294307,3598,165.9595947265625,165.9041748046875,288.0,0.034722222222222224
3599,-0.9529827855745532,0.3469756055884132,3599,166.84991455078125,166.79443359375,288.0,0.013888888888888888
3600,-1.7461110977919945,1.334131781739277,3600,160.22006225585938,160.16624450683594,288.0,0.034722222222222224
3601,-1.1796165264620746,0.9996539964831744,3601,163.70404052734375,163.64910888671875,288.0,0.013888888888888888
3602,-1.4409011073068723,1.0942354805766439,3602,166.28282165527344,166.22705078125,288.0,0.03125
3603,-1.808775069373726,1.4267315011044606,3603,165.0596160888672,165.004150390625,288.0,0.041666666666666664
3604,-1.2353003465654784,1.246233256453754,3604,165.956298828125,165.90081787109375,288.0,0.024305555555555556
3605,-1.0843336106506065,1.153300194996894,3605,161.39662170410156,161.34237670898438,288.0,0.013888888888888888
3606,-1.4109723162455399,1.133491310306452,3606,166.32093811035156,166.2655029296875,288.0,0.03819444444444445
3607,-1.5992832314603664,1.1251574377561595,3607,161.773681640625,161.71923828125,288.0,0.03125
3608,-1.3412283117204258,1.086829337655984,3608,161.46435546875,161.41009521484375,288.0,0.024305555555555556
3609,-1.3279922518680314,1.4539337719959105,3609,163.25302124023438,163.197509765625,288.0,0.034722222222222224
3610,-0.5595246133931747,1.1864854231851756,3610,160.9966278076172,160.94287109375,288.0,0.03819444444444445
3611,-1.4509620662777545,1.1006557539835276,3611,166.6446533203125,166.5886688232422,288.0,0.024305555555555556
3612,-1.2255319525291481,1.1536479541373592,3612,160.0550994873047,160.00259399414062,288.0,0.03819444444444445
3613,-1.649795436465563,1.2249243419098534,3613,162.04417419433594,161.98992919921875,288.0,0.052083333333333336
3614,-1.1205236038401862,1.3126305024959852,3614,161.2401885986328,161.18582153320312,288.0,0.027777777777777776
3615,-1.5626180867833324,1.1113255695521713,3615,165.79843139648438,165.74282836914062,288.0,0.017361111111111112
3616,-1.4494697623742274,1.0951022632922491,3616,164.94415283203125,164.88955688476562,288.0,0.03125
3617,-1.395572942936677,1.3795077773635203,3617,163.55975341796875,163.50509643554688,288.0,0.04513888888888889
3618,-1.5322432766918104,1.1648904705720604,3618,160.169189453125,160.11476135253906,288.0,0.027777777777777776
3619,-0.8746443743051745,0.629040683364702,3619,164.1038055419922,164.04905700683594,288.0,0.013888888888888888
3620,-0.9482704344543902,0.3957425727847635,3620,162.42324829101562,162.36807250976562,288.0,0.020833333333333332
3621,-1.4641440187676622,1.1837651184714497,3621,160.73764038085938,160.68333435058594,288.0,0.04513888888888889
3622,-1.5069311133776537,1.1334624306019687,3622,162.05364990234375,162.00071716308594,288.0,0.017361111111111112
3623,-0.7924086451155105,0.778588797328098,3623,167.36170959472656,167.30667114257812,288.0,0.020833333333333332
3624,-0.8643975104941484,0.629217477502044,3624,165.5482940673828,165.4931182861328,288.0,0.03125
3625,-1.2666344055029408,1.422697519203437,3625,159.54502868652344,159.49314880371094,288.0,0.024305555555555556
3626,-1.837726859949621,1.3593681770874046,3626,160.02618408203125,159.97320556640625,288.0,0.020833333333333332
3627,-1.328104690315414,1.1823060781869332,3627,165.2547149658203,165.1998291015625,288.0,0.020833333333333332
3628,-1.6268154390441192,1.1434462846187081,3628,163.41041564941406,163.35601806640625,288.0,0.020833333333333332
3629,-1.655184877404692,1.1780870416730433,3629,165.1945037841797,165.13955688476562,288.0,0.03125
3630,-0.8718094058764859,1.3709206874899884,3630,163.94815063476562,163.89404296875,288.0,0.027777777777777776
3631,-1.5323290405893493,1.1600856880600443,3631,161.48507690429688,161.43211364746094,288.0,0.020833333333333332
3632,-1.4203776036616533,1.1568416274715339,3632,163.6663360595703,163.61285400390625,288.0,0.024305555555555556
3633,-1.608379706505008,1.111574202594285,3633,164.87994384765625,164.824462890625,288.0,0.027777777777777776
3634,-1.072980776410976,0.7712035518166047,3634,163.26226806640625,163.20782470703125,288.0,0.013888888888888888
3635,-1.6212343019488322,1.1098875495730802,3635,161.9093475341797,161.85569763183594,288.0,0.052083333333333336
3636,-1.6140971098219896,1.4294679699823816,3636,161.60189819335938,161.54830932617188,288.0,0.034722222222222224
3637,-1.4160288113179667,1.0403351535768908,3637,164.3040771484375,164.24932861328125,288.0,0.010416666666666666
3638,-1.1044392872085969,1.2929927225963371,3638,162.60879516601562,162.55474853515625,288.0,0.017361111111111112
3639,-1.358684096362103,0.9078164231837536,3639,161.7259521484375,161.67202758789062,288.0,0.024305555555555556
3640,-1.5552566053198185,1.3745038333171937,3640,165.77981567382812,165.72430419921875,288.0,0.024305555555555556
3641,-1.3887930441849359,0.9087348155371723,3641,158.8519287109375,158.79705810546875,288.0,0.020833333333333332
3642,-1.272918368978459,1.030010921713873,3642,165.6449737548828,165.58978271484375,288.0,0.020833333333333332
3643,-1.1873469369235967,1.2876653971733079,3643,159.81228637695312,159.75897216796875,288.0,0.03125
3644,-1.5608464620345914,1.1084953728388824,3644,164.7806854248047,164.72555541992188,288.0,0.017361111111111112
3645,-1.81081978842845,1.5553403627618394,3645,161.61453247070312,161.5606689453125,288.0,0.020833333333333332
3646,-1.5607278393023387,1.161857594558545,3646,164.79583740234375,164.7417449951172,288.0,0.017361111111111112
3647,-1.1135203871549944,1.0878290297843598,3647,161.86846923828125,161.81500244140625,288.0,0.03819444444444445
3648,-1.2432929063570493,1.0780490599273969,3648,164.0138702392578,163.95867919921875,288.0,0.027777777777777776
3649,-1.4880189393574696,1.3094574945810409,3649,163.3900146484375,163.33460998535156,288.0,0.059027777777777776
3650,-1.3662154688960912,1.1662805544516932,3650,160.12294006347656,160.07015991210938,288.0,0.027777777777777776
3651,-1.6681337851543394,1.522944287093455,3651,158.22622680664062,158.17274475097656,288.0,0.034722222222222224
3652,-1.219228879179721,1.029961434108292,3652,164.77911376953125,164.72337341308594,288.0,0.020833333333333332
3653,-1.0955736870818467,1.2147243862166417,3653,164.7574462890625,164.701904296875,288.0,0.024305555555555556
3654,-1.317082475042508,0.8964864331833274,3654,163.05206298828125,162.99777221679688,288.0,0.027777777777777776
3655,-1.537012964620537,1.0984736656814618,3655,158.0202178955078,157.96737670898438,288.0,0.027777777777777776
3656,-1.0364535869543339,1.1369338646190876,3656,159.09182739257812,159.03807067871094,288.0,0.027777777777777776
3657,-0.7454135929095798,0.9638698186838547,3657,163.99208068847656,163.93711853027344,288.0,0.013888888888888888
3658,-1.4787507224540302,0.917549889902547,3658,164.94720458984375,164.89219665527344,288.0,0.013888888888888888
3659,-0.942458386071544,0.4987773033083842,3659,163.24624633789062,163.19161987304688,288.0,0.013888888888888888
3660,-1.038709269221439,1.0212024293759727,3660,158.58370971679688,158.53085327148438,288.0,0.020833333333333332
3661,-0.9719885226393014,0.9539248025736007,3661,161.69015502929688,161.63600158691406,288.0,0.034722222222222224
3662,-0.864854905196069,0.6448006282371571,3662,161.5269012451172,161.47201538085938,288.0,0.013888888888888888
3663,-0.8885490564342531,1.1121844711941178,3663,162.55029296875,162.49615478515625,288.0,0.034722222222222224
3664,-0.8582601102896569,0.6939553767489892,3664,162.52645874023438,162.47247314453125,288.0,0.024305555555555556
3665,-1.4429325908840238,1.134088956350483,3665,168.84002685546875,168.7836456298828,288.0,0.03125
3666,-1.7749662865936964,1.7027940550081555,3666,164.24310302734375,164.18905639648438,288.0,0.04513888888888889
3667,-1.5631361693297945,1.0314178090032158,3667,163.8126220703125,163.7578125,288.0,0.013888888888888888
3668,-1.3279675789380503,0.9728236033724813,3668,160.21923828125,160.1651611328125,288.0,0.027777777777777776
3669,-1.4669034388735684,1.428291302862554,3669,164.22402954101562,164.1690673828125,288.0,0.027777777777777776
3670,-1.6364959666923662,0.9858497091635064,3670,157.54681396484375,157.49349975585938,288.0,0.017361111111111112
3671,-1.493822915771551,1.1902898878953618,3671,162.566162109375,162.51171875,288.0,0.034722222222222224
3672,-1.605281883707687,1.1696845689347306,3672,161.38999938964844,161.335693359375,288.0,0.03125
3673,-1.3251904613704657,1.2778435587497845,3673,163.84970092773438,163.7950897216797,288.0,0.020833333333333332
3674,-0.9902544521773433,0.9921554320451651,3674,162.2233123779297,162.16867065429688,288.0,0.024305555555555556
3675,-1.4429172196029687,1.155484570066692,3675,165.68289184570312,165.6269073486328,288.0,0.017361111111111112
3676,-1.2766640784094452,1.338031106734659,3676,163.87002563476562,163.81533813476562,288.0,0.020833333333333332
3677,-1.6036357947829478,1.3595761071255035,3677,166.06036376953125,166.00474548339844,288.0,0.020833333333333332
3678,-1.7843352193389066,1.1576657665966013,3678,162.79092407226562,162.73748779296875,288.0,0.017361111111111112
3679,-1.2520549338511056,1.1160459611924538,3679,164.06344604492188,164.00962829589844,288.0,0.017361111111111112
3680,-1.6204707343733002,1.1229300024553532,3680,163.39114379882812,163.33595275878906,288.0,0.03125
3681,-0.8145384237092449,0.7424008864640208,3681,164.60003662109375,164.54600524902344,288.0,0.024305555555555556
3682,-1.6296403437656444,1.1403369701530377,3682,164.84104919433594,164.7861328125,288.0,0.03819444444444445
3683,-1.3421210072995893,1.4363254055433485,3683,163.37342834472656,163.319580078125,288.0,0.03125
3684,-1.2827098109800952,1.3148150945336012,3684,160.21356201171875,160.1604766845703,288.0,0.03125
3685,-1.7475587228636422,1.0745294270534351,3685,164.5660858154297,164.5115966796875,288.0,0.024305555555555556
3686,-1.3088101849871339,1.0393319677187176,3686,162.25180053710938,162.1986083984375,288.0,0.020833333333333332
3687,-1.7089064733010093,1.0455301801717038,3687,162.7212371826172,162.66641235351562,288.0,0.013888888888888888
3688,-1.4977845776243275,1.1978292268343658,3688,164.8671875,164.8125,288.0,0.020833333333333332
3689,-1.625579772435837,1.1462547270902017,3689,166.8696746826172,166.81338500976562,288.0,0.027777777777777776
3690,-0.9736853148497178,1.1057683833058436,3690,163.0283203125,162.9736328125,288.0,0.03819444444444445
3691,-1.443728854912922,1.0423422047900344,3691,163.71878051757812,163.66470336914062,288.0,0.020833333333333332
3692,-0.9243110317697946,0.5681100044993207,3692,164.95547485351562,164.901611328125,288.0,0.017361111111111112
3693,-0.8699752927229768,0.6867544461951706,3693,159.6699981689453,159.6165313720703,288.0,0.027777777777777776
3694,-1.5353126825557926,1.115743537516359,3694,156.09799194335938,156.04617309570312,288.0,0.017361111111111112
3695,-1.1412903945942428,1.193624694638424,3695,166.7767791748047,166.7213897705078,288.0,0.041666666666666664
3696,-1.4135478942391764,1.1149326843614809,3696,165.45584106445312,165.40078735351562,288.0,0.020833333333333332
3697,-0.8266258577365435,0.6965481557077874,3697,164.40878295898438,164.35394287109375,288.0,0.013888888888888888
3698,-1.6459171732040174,1.262210967470719,3698,165.158203125,165.103515625,288.0,0.03125
3699,-1.4621971962750129,1.5699914242361357,3699,162.78598022460938,162.73187255859375,288.0,0.006944444444444444
3700,-0.7253296865996357,0.9003667109991377,3700,164.05784606933594,164.0043487548828,288.0,0.027777777777777776
3701,-1.0065994178553956,0.994383611771392,3701,164.79803466796875,164.7429962158203,288.0,0.017361111111111112
3702,-1.495739929069758,0.9638839352690011,3702,167.4420928955078,167.38619995117188,288.0,0.017361111111111112
3703,-1.1182224013886233,0.7536087084781634,3703,162.46400451660156,162.41015625,288.0,0.017361111111111112
3704,-0.9477635198095611,0.8686033278458566,3704,164.41290283203125,164.35885620117188,288.0,0.03819444444444445
3705,-1.9831776977786006,1.3770693821546884,3705,164.33529663085938,164.2802276611328,288.0,0.020833333333333332
3706,-1.1549595195745754,1.0812779815499778,3706,165.15882873535156,165.10482788085938,288.0,0.024305555555555556
3707,-1.5913127240685336,1.004144211702129,3707,161.01040649414062,160.95779418945312,288.0,0.020833333333333332
3708,-1.392681540122602,1.2695688515596086,3708,163.24169921875,163.1882781982422,288.0,0.013888888888888888
3709,-1.2690938231109348,1.0425547753480704,3709,161.9442138671875,161.89073181152344,288.0,0.024305555555555556
3710,-1.0810094327402398,0.7491394019759946,3710,166.80392456054688,166.7486572265625,288.0,0.017361111111111112
3711,-0.7620293977148538,0.8363187818076546,3711,160.4739227294922,160.4208526611328,288.0,0.041666666666666664
3712,-1.4035990564188365,1.182726903616024,3712,161.63088989257812,161.57833862304688,288.0,0.024305555555555556
3713,-2.0918145256596343,1.5006488786636831,3713,165.4261474609375,165.37106323242188,288.0,0.024305555555555556
3714,-1.6393174912998225,1.0900313245763191,3714,162.99008178710938,162.9361572265625,288.0,0.03125
3715,-0.9962630763697248,0.9879002826221244,3715,159.93511962890625,159.88165283203125,288.0,0.024305555555555556
3716,-1.321600594009254,1.2650160839593223,3716,164.35357666015625,164.29885864257812,288.0,0.013888888888888888
3717,-1.4868096519055016,1.3706802124104678,3717,158.78213500976562,158.72853088378906,288.0,0.020833333333333332
3718,-0.8865289053802007,0.5383400150904561,3718,155.51742553710938,155.4651641845703,288.0,0.027777777777777776
3719,-1.2382097338103824,1.2848314400976242,3719,167.4759979248047,167.420166015625,288.0,0.017361111111111112
3720,-0.7783700740747198,0.7971448655815384,3720,161.7712860107422,161.7178497314453,288.0,0.03125
3721,-0.8081294838365936,0.7900420908718798,3721,162.74334716796875,162.68942260742188,288.0,0.013888888888888888
3722,-1.8333974423811286,1.198502908604811,3722,160.62876892089844,160.57546997070312,288.0,0.017361111111111112
3723,-1.8869420222234616,1.4241976768490243,3723,166.2259063720703,166.17111206054688,288.0,0.027777777777777776
3724,-0.8856889807599946,1.2184901386041516,3724,164.82931518554688,164.775146484375,288.0,0.010416666666666666
3725,-0.6839201436227081,0.9521013327132514,3725,164.79559326171875,164.74139404296875,288.0,0.027777777777777776
3726,-1.720942772474024,1.6964619636147276,3726,164.48104858398438,164.4272918701172,288.0,0.024305555555555556
3727,-1.1681803346376387,1.015485509535439,3727,162.45127868652344,162.3985595703125,288.0,0.03125
3728,-1.530299293007045,1.1219564633839394,3728,163.93736267089844,163.88311767578125,288.0,0.03125
3729,-1.5485696442954116,1.090408953455511,3729,164.01109313964844,163.9581756591797,288.0,0.034722222222222224
3730,-0.9479580374826165,0.399863666707951,3730,163.3810577392578,163.32797241210938,288.0,0.010416666666666666
3731,-1.1818853677633094,1.1445372097685276,3731,166.828125,166.77325439453125,288.0,0.013888888888888888
3732,-1.6263087229766124,1.0332875156943073,3732,161.16159057617188,161.10890197753906,288.0,0.024305555555555556
3733,-0.8142148742577076,0.7704051486044095,3733,165.2576904296875,165.20333862304688,288.0,0.020833333333333332
3734,-1.3445345134253184,1.0456335244626935,3734,160.78472900390625,160.73220825195312,288.0,0.020833333333333332
3735,-1.1538911644099354,1.4480161623575418,3735,164.51544189453125,164.46102905273438,288.0,0.013888888888888888
3736,-1.6310704906134632,1.1693789955898306,3736,164.95101928710938,164.8966064453125,288.0,0.03819444444444445
3737,-0.8726004808140906,0.6637728762557147,3737,164.69020080566406,164.63551330566406,288.0,0.017361111111111112
3738,-1.183122289612812,1.3723957052658664,3738,164.39166259765625,164.33802795410156,288.0,0.03819444444444445
3739,-1.600647151576917,1.045028252000756,3739,162.47988891601562,162.42678833007812,288.0,0.024305555555555556
3740,-1.8849719170046808,1.6176753535973123,3740,164.76953125,164.71444702148438,288.0,0.020833333333333332
3741,-1.3213598632074843,1.148627704782943,3741,163.3741912841797,163.3208465576172,288.0,0.017361111111111112
3742,-1.448641602191437,1.1076696827376118,3742,166.5032958984375,166.44851684570312,288.0,0.013888888888888888
3743,-0.861548673729118,0.7690222185301441,3743,167.14443969726562,167.08932495117188,288.0,0.020833333333333332
3744,-1.495427365056481,1.3014261319927887,3744,166.63401794433594,166.5791015625,288.0,0.020833333333333332
3745,-1.3126558730946494,1.103566720398539,3745,162.99346923828125,162.93992614746094,288.0,0.03125
3746,-1.3729471250988068,0.9938862174984597,3746,159.0661163330078,159.0131378173828,288.0,0.006944444444444444
3747,-1.6235218673145886,1.0209253122516164,3747,166.12152099609375,166.06613159179688,288.0,0.041666666666666664
3748,-1.5038102886960962,0.9569606268749792,3748,167.75953674316406,167.70404052734375,288.0,0.017361111111111112
3749,-1.3829979412604905,1.4639239241416635,3749,164.006591796875,163.95303344726562,288.0,0.006944444444444444
3750,-1.3278798094800817,1.1086566137573584,3750,166.05441284179688,165.99984741210938,288.0,0.03125
3751,-1.451931100481392,1.1078061393580718,3751,165.80148315429688,165.74652099609375,288.0,0.017361111111111112
3752,-1.117672098619024,1.0952466658822715,3752,166.99615478515625,166.94036865234375,288.0,0.017361111111111112
3753,-1.4892773376978377,1.142571825372748,3753,167.09873962402344,167.04373168945312,288.0,0.041666666666666664
3754,-1.6165291235183505,1.1491020659617501,3754,162.4281005859375,162.37420654296875,288.0,0.04513888888888889
3755,-1.2527819025573912,0.9680722172430524,3755,159.69369506835938,159.63934326171875,288.0,0.027777777777777776
3756,-1.2473293545200244,1.2097885391886591,3756,161.64031982421875,161.58645629882812,288.0,0.020833333333333332
3757,-1.523746645937698,1.0802987383639706,3757,163.9822998046875,163.92758178710938,288.0,0.03819444444444445
3758,-1.5665475654012448,1.4337211608885914,3758,164.22561645507812,164.17007446289062,288.0,0.027777777777777776
3759,-1.0400159276188101,0.882625379241514,3759,162.15011596679688,162.09576416015625,288.0,0.020833333333333332
3760,-1.503810540239692,0.9569610201489644,3760,161.9138641357422,161.85928344726562,288.0,0.024305555555555556
3761,-1.4993266695372884,1.0752348511303462,3761,161.01324462890625,160.95838928222656,288.0,0.013888888888888888
3762,-1.1510033470238232,0.9468835572124733,3762,159.62698364257812,159.57354736328125,288.0,0.027777777777777776
3763,-0.8369563658120518,0.7073847082749596,3763,158.81781005859375,158.7648162841797,288.0,0.020833333333333332
3764,-1.5029869565708427,1.0574594681733231,3764,161.04782104492188,160.99392700195312,288.0,0.034722222222222224
3765,-1.2466916015816267,1.2272739015885035,3765,164.44296264648438,164.38771057128906,288.0,0.013888888888888888
3766,-1.1623004249140736,1.0345532160439195,3766,164.19992065429688,164.14498901367188,288.0,0.017361111111111112
3767,-1.200665242346011,0.9164705282679492,3767,167.5250244140625,167.4680633544922,288.0,0.020833333333333332
3768,-1.0833805051154701,0.8768999126313367,3768,161.23886108398438,161.18408203125,288.0,0.013888888888888888
3769,-1.2237245959989174,0.9126755874004767,3769,164.05332946777344,163.9974365234375,288.0,0.024305555555555556
3770,-1.359429687177018,1.4117214788623182,3770,162.44186401367188,162.38702392578125,288.0,0.020833333333333332
3771,-1.0949486308085046,0.9343081540496914,3771,165.09884643554688,165.04336547851562,288.0,0.024305555555555556
3772,-1.5271398163712384,0.9402962231150978,3772,158.70758056640625,158.65354919433594,288.0,0.017361111111111112
3773,-0.9573717335506342,0.3250701333194584,3773,161.29046630859375,161.23553466796875,288.0,0.010416666666666666
3774,-1.6185006711268828,1.122683185104212,3774,158.64193725585938,158.58834838867188,288.0,0.017361111111111112
3775,-0.8542557470293262,1.1085008255287225,3775,166.37701416015625,166.32135009765625,288.0,0.010416666666666666
3776,-1.950271191420659,1.4584085324157627,3776,163.0128173828125,162.95855712890625,288.0,0.024305555555555556
3777,-0.7586029496958836,0.8390982220322502,3777,165.37252807617188,165.31825256347656,288.0,0.017361111111111112
3778,-2.0134825804206518,1.4343800485392102,3778,164.0594940185547,164.0052490234375,288.0,0.027777777777777776
3779,-1.3522279468625742,1.2631474555572466,3779,161.41952514648438,161.36587524414062,288.0,0.024305555555555556
3780,-1.010112513206312,0.20830272322538848,3780,163.11802673339844,163.0640106201172,288.0,0.013888888888888888
3781,-1.4828199479272424,1.3778291843302883,3781,162.1167755126953,162.06341552734375,288.0,0.013888888888888888
3782,-0.8933935798075667,0.5063952019438208,3782,163.73190307617188,163.67669677734375,288.0,0.020833333333333332
3783,-1.8247086139465114,1.5048837946144276,3783,164.97579956054688,164.9217529296875,288.0,0.024305555555555556
3784,-1.290913023038364,1.1791753829355864,3784,163.36178588867188,163.30813598632812,288.0,0.013888888888888888
3785,-1.6675227980869813,1.3014817947164412,3785,164.54739379882812,164.4932861328125,288.0,0.013888888888888888
3786,-1.6090464081724576,1.199228986895845,3786,163.9971923828125,163.94357299804688,288.0,0.020833333333333332
3787,-1.5992159550360536,1.016765646644079,3787,159.73193359375,159.67803955078125,288.0,0.024305555555555556
3788,-1.6975183545695456,1.0763265735336784,3788,163.05148315429688,162.99867248535156,288.0,0.05555555555555555
3789,-1.5048378941791778,1.0988879939309972,3789,163.96836853027344,163.91357421875,288.0,0.017361111111111112
3790,-1.0350931258096623,1.0136684525725643,3790,165.48138427734375,165.42642211914062,288.0,0.020833333333333332
3791,-0.8468943519513531,1.106259865606806,3791,160.82257080078125,160.76832580566406,288.0,0.013888888888888888
3792,-1.7375745888480738,1.1767942316536262,3792,160.20916748046875,160.155517578125,288.0,0.027777777777777776
3793,-1.1858687292842829,1.2729539939221701,3793,161.81922912597656,161.76622009277344,288.0,0.020833333333333332
3794,-1.1808907697556046,1.2941247721829046,3794,165.50576782226562,165.45077514648438,288.0,0.020833333333333332
3795,-1.2138141922310746,1.2585264043558737,3795,163.45101928710938,163.39683532714844,288.0,0.013888888888888888
3796,-1.5828910206542102,1.109013935476115,3796,166.30316162109375,166.24827575683594,288.0,0.034722222222222224
3797,-1.4035849720596225,0.9637706515270554,3797,164.51959228515625,164.465576171875,288.0,0.027777777777777776
3798,-0.9658306303317992,0.9118166893831309,3798,165.01156616210938,164.95753479003906,288.0,0.010416666666666666
3799,-1.1110209153957447,0.9550825466281269,3799,161.937255859375,161.88356018066406,288.0,0.013888888888888888
3800,-1.068723257844293,1.1465386850021346,3800,163.66168212890625,163.60745239257812,288.0,0.034722222222222224
3801,-1.5431913100399075,1.0746473606837346,3801,163.4120330810547,163.35858154296875,288.0,0.013888888888888888
3802,-1.2977605433401809,1.0195655467322566,3802,162.20436096191406,162.15032958984375,288.0,0.027777777777777776
3803,-1.0784650531302884,1.2404942904699108,3803,162.2310028076172,162.1766357421875,288.0,0.013888888888888888
3804,-1.0561462918308056,1.1675038178403134,3804,167.0899658203125,167.03451538085938,288.0,0.027777777777777776
3805,-1.130518474070354,1.07899845982038,3805,160.768798828125,160.7148895263672,288.0,0.010416666666666666
3806,-0.97087056826061,1.0769132693346817,3806,163.66769409179688,163.61343383789062,288.0,0.020833333333333332
3807,-1.3782767127549738,1.3481156767360072,3807,164.10195922851562,164.04763793945312,288.0,0.024305555555555556
3808,-0.9128827810324114,0.5707798935167538,3808,164.15708923339844,164.10247802734375,288.0,0.003472222222222222
3809,-1.5895143213257679,1.0250254170219286,3809,163.98321533203125,163.9290313720703,288.0,0.013888888888888888
3810,-1.533787603373798,1.024878651044223,3810,164.13766479492188,164.0826873779297,288.0,0.017361111111111112
3811,-1.61172964819304,1.0208344387545791,3811,161.04244995117188,160.98892211914062,288.0,0.017361111111111112
3812,-1.5997440237370186,1.121803549893566,3812,164.55877685546875,164.50363159179688,288.0,0.013888888888888888
3813,-0.9483553991229646,0.8965168727069515,3813,161.60079956054688,161.54708862304688,288.0,0.020833333333333332
3814,-1.1282899005832334,0.9930653701873136,3814,160.9666290283203,160.91424560546875,288.0,0.013888888888888888
3815,-0.911775256324815,0.8705277602011567,3815,162.94168090820312,162.88694763183594,288.0,0.024305555555555556
3816,-1.2355571727181673,1.3457241891220364,3816,162.5355224609375,162.4804229736328,288.0,0.017361111111111112
3817,-1.442961635971737,1.2824203279261048,3817,165.0277862548828,164.97286987304688,288.0,0.003472222222222222
3818,-1.3909100228120534,1.3361599955621322,3818,164.39984130859375,164.3449249267578,288.0,0.003472222222222222
3819,-1.4451945784443854,1.2069543875817452,3819,163.4314727783203,163.376708984375,288.0,0.013888888888888888
3820,-1.889111512181634,1.4232427765032953,3820,159.99200439453125,159.93850708007812,288.0,0.020833333333333332
3821,-1.5736300470912143,0.9954783502032515,3821,161.2488555908203,161.19558715820312,288.0,0.03125
3822,-1.916180705778024,1.3941334181107243,3822,164.7585906982422,164.70379638671875,288.0,0.006944444444444444
3823,-1.5582679206818406,1.1524628847799034,3823,161.2476043701172,161.19454956054688,288.0,0.024305555555555556
3824,-1.569759853664726,1.0972463165766508,3824,159.87623596191406,159.82315063476562,288.0,0.027777777777777776
3825,-0.8267032895833211,0.6966455847485397,3825,160.71603393554688,160.66307067871094,288.0,0.024305555555555556
3826,-1.6141066520357947,1.055859568396303,3826,162.84988403320312,162.7955322265625,288.0,0.020833333333333332
3827,-0.7769924099957974,1.0051338751822925,3827,162.14535522460938,162.09158325195312,288.0,0.017361111111111112
3828,-1.631421686720073,1.1733450792671705,3828,163.87860107421875,163.82386779785156,288.0,0.034722222222222224
3829,-1.7571993412812867,1.3078704930389828,3829,164.97219848632812,164.917724609375,288.0,0.010416666666666666
3830,-1.6530863232996365,1.1654962197223955,3830,161.35011291503906,161.29624938964844,288.0,0.03819444444444445
3831,-1.197649664642753,0.9338940843245939,3831,161.21463012695312,161.16098022460938,288.0,0.013888888888888888
3832,-1.2167795540411313,1.127189192653735,3832,163.61859130859375,163.56402587890625,288.0,0.017361111111111112
3833,-1.4268187736958882,1.1724714725023044,3833,163.99533081054688,163.94094848632812,288.0,0.03819444444444445
3834,-1.7190056083660286,1.032099233265426,3834,168.45486450195312,168.39874267578125,288.0,0.03819444444444445
3835,-1.5870245243680141,1.24963309794982,3835,162.49081420898438,162.4375,288.0,0.017361111111111112
3836,-0.8689524950864693,0.6100118119054754,3836,165.0089111328125,164.9542236328125,288.0,0.024305555555555556
3837,-1.6072130117432608,1.2239059624464224,3837,160.49588012695312,160.44296264648438,288.0,0.017361111111111112
3838,-1.585569594268605,1.0892763083789843,3838,163.33474731445312,163.2799530029297,288.0,0.024305555555555556
3839,-1.0240259246130898,1.0484268037185702,3839,159.2506103515625,159.19793701171875,288.0,0.020833333333333332
3840,-1.7995118813080677,1.2639488283646039,3840,163.68777465820312,163.63363647460938,288.0,0.017361111111111112
3841,-1.6459938864587744,1.0926447337414933,3841,162.92230224609375,162.86859130859375,288.0,0.04861111111111111
3842,-1.3863821096372773,1.0399569141353096,3842,163.8895263671875,163.83457946777344,288.0,0.010416666666666666
3843,-1.0973788627770542,1.2973537284462244,3843,161.5503692626953,161.49598693847656,288.0,0.024305555555555556
3844,-1.306332451366003,1.1436266725050501,3844,164.76736450195312,164.7122344970703,288.0,0.027777777777777776
3845,-0.9013966179216304,0.5620289906525866,3845,159.0637969970703,159.01171875,288.0,0.03819444444444445
3846,-1.5525490852223105,1.0976907600913528,3846,163.90040588378906,163.84617614746094,288.0,0.013888888888888888
3847,-1.2266585697579835,0.9806057914826473,3847,161.69073486328125,161.63653564453125,288.0,0.027777777777777776
3848,-1.4593252443197324,1.09381786014961,3848,163.4547119140625,163.39981079101562,288.0,0.013888888888888888
3849,-1.3490706063715234,1.1550645778045423,3849,163.234130859375,163.18017578125,288.0,0.010416666666666666
3850,-0.9146469071933659,1.0076231983530897,3850,162.81875610351562,162.76451110839844,288.0,0.013888888888888888
3851,-1.0194238024274835,0.8614747322508527,3851,165.57391357421875,165.51895141601562,288.0,0.024305555555555556
3852,-1.5470025171073454,1.1781847218276322,3852,158.61672973632812,158.56320190429688,288.0,0.03125
3853,-1.6337026575128706,0.9738594447250388,3853,163.55694580078125,163.50213623046875,288.0,0.024305555555555556
3854,-1.4723683438044637,1.33814650573252,3854,161.57533264160156,161.52163696289062,288.0,0.03125
3855,-0.8899353642692596,0.6677804600477258,3855,164.86270141601562,164.8074951171875,288.0,0.020833333333333332
3856,-1.1523280457085356,0.9603266372178051,3856,163.98582458496094,163.93124389648438,288.0,0.013888888888888888
3857,-1.1706786665406943,1.2226399023062942,3857,165.11941528320312,165.06475830078125,288.0,0.006944444444444444
3858,-2.350785079913282,1.528874919179569,3858,163.98748779296875,163.9326934814453,288.0,0.010416666666666666
3859,-1.4381474549784938,1.0319020731227493,3859,165.46389770507812,165.40908813476562,288.0,0.020833333333333332
3860,-1.577779163200943,1.0167525891942546,3860,164.5986328125,164.54409790039062,288.0,0.006944444444444444
3861,-0.8968845207011066,0.8083887391788537,3861,164.44180297851562,164.3871612548828,288.0,0.013888888888888888
3862,-1.1356730713485892,1.2543835232658482,3862,162.1082000732422,162.05506896972656,288.0,0.027777777777777776
3863,-1.0635820408643641,1.0581445630086903,3863,161.91326904296875,161.86009216308594,288.0,0.013888888888888888
3864,-1.7377475359341157,1.5982341504581836,3864,164.0047607421875,163.95025634765625,288.0,0.034722222222222224
3865,-0.9367503617032225,0.43967591396435296,3865,163.3046417236328,163.25022888183594,288.0,0.017361111111111112
3866,-1.598225049432571,1.0254008682388323,3866,164.62925720214844,164.5746612548828,288.0,0.020833333333333332
3867,-1.5280421492120997,1.4216066523614852,3867,164.2059326171875,164.15138244628906,288.0,0.027777777777777776
3868,-1.1073758960134836,1.275840762319921,3868,164.525390625,164.47103881835938,288.0,0.017361111111111112
3869,-1.4271366404723145,1.4334297743184468,3869,164.7357940673828,164.6804656982422,288.0,0.027777777777777776
3870,-1.323851493112863,1.022968587542688,3870,161.37155151367188,161.318115234375,288.0,0.03125
3871,-0.890370712290153,0.6030322497658817,3871,163.47317504882812,163.4191436767578,288.0,0.020833333333333332
3872,-1.3874305445841553,1.095390681267035,3872,164.30899047851562,164.25390625,288.0,0.020833333333333332
3873,-0.9056160094156165,0.5651484035387764,3873,160.7283477783203,160.67581176757812,288.0,0.013888888888888888
3874,-1.5879367924848682,0.953440116615008,3874,164.6548614501953,164.59967041015625,288.0,0.010416666666666666
3875,-1.3030484723812281,1.6615866767447705,3875,164.0254364013672,163.971435546875,288.0,0.020833333333333332
3876,-1.616612567660135,1.144575026438185,3876,162.55560302734375,162.50137329101562,288.0,0.020833333333333332
3877,-1.3220209318469243,0.9879025724467111,3877,165.3331298828125,165.27841186523438,288.0,0.027777777777777776
3878,-1.4301435688964224,1.421043709065903,3878,158.28814697265625,158.23574829101562,288.0,0.010416666666666666
3879,-0.9210458725874054,0.4527030883414432,3879,163.39407348632812,163.3406982421875,288.0,0.03125
3880,-0.798531201281524,0.7893958179641073,3880,162.59866333007812,162.54454040527344,288.0,0.03819444444444445
3881,-1.9803562966937638,1.228839604876554,3881,164.73020935058594,164.67562866210938,288.0,0.020833333333333332
3882,-1.1603954444314786,0.9890671288720682,3882,163.223388671875,163.16983032226562,288.0,0.017361111111111112
3883,-1.1749926292985338,0.8773423896695479,3883,163.44998168945312,163.39584350585938,288.0,0.017361111111111112
3884,-0.8593410830372319,1.0381280681373293,3884,165.6796112060547,165.62460327148438,288.0,0.017361111111111112
3885,-1.1744764925060052,1.2986247587355366,3885,159.53073120117188,159.47750854492188,288.0,0.020833333333333332
3886,-1.620975970248763,1.025100465940245,3886,163.68165588378906,163.62747192382812,288.0,0.020833333333333332
3887,-0.8783780625432449,0.6815190327189548,3887,159.71572875976562,159.66317749023438,288.0,0.017361111111111112
3888,-0.9171166733957795,0.4455833113790853,3888,166.3870849609375,166.33187866210938,288.0,0.020833333333333332
3889,-1.4467452630720534,1.108027723534509,3889,161.2089385986328,161.1558074951172,288.0,0.03125
3890,-1.5992164458416678,1.0167663227709092,3890,164.89755249023438,164.84298706054688,288.0,0.013888888888888888
3891,-1.4909146904647639,1.340407746816012,3891,164.15550231933594,164.10165405273438,288.0,0.006944444444444444
3892,-1.5185865478049858,1.285987201366785,3892,162.29856872558594,162.24447631835938,288.0,0.027777777777777776
3893,-0.8525713871678857,1.180624849005286,3893,163.79202270507812,163.73748779296875,288.0,0.020833333333333332
3894,-1.718813686230847,1.1607399740911815,3894,167.20794677734375,167.15237426757812,288.0,0.027777777777777776
3895,-1.6058736377166811,1.184812647845163,3895,166.15866088867188,166.10369873046875,288.0,0.020833333333333332
3896,-1.501888825692082,1.093208169044887,3896,163.56442260742188,163.51019287109375,288.0,0.027777777777777776
3897,-1.6166765437985933,1.6160673195109945,3897,161.50543212890625,161.4517822265625,288.0,0.013888888888888888
3898,-1.1692357144637937,0.8157499407357006,3898,163.83203125,163.7774200439453,288.0,0.010416666666666666
3899,-1.2643350519024639,1.1154479091872938,3899,166.9432373046875,166.88800048828125,288.0,0.024305555555555556
3900,-1.0661023650566281,0.5934938731124303,3900,160.88143920898438,160.82855224609375,288.0,0.027777777777777776
3901,-1.6760452243675865,1.157457425389674,3901,163.22044372558594,163.166259765625,288.0,0.03819444444444445
3902,-1.3048657095499197,0.9737657255036662,3902,161.7787322998047,161.72628784179688,288.0,0.006944444444444444
3903,-1.9884838238721103,1.30562345137611,3903,159.53939819335938,159.4849090576172,288.0,0.020833333333333332
3904,-1.6700906262578616,1.0481259879310074,3904,163.24034118652344,163.18565368652344,288.0,0.03819444444444445
3905,-0.9166095320573366,0.5347028604765176,3905,164.738037109375,164.68316650390625,288.0,0.024305555555555556
3906,-1.518807996003072,1.1802597943211282,3906,162.51634216308594,162.46279907226562,288.0,0.034722222222222224
3907,-0.9001848086654604,0.7663301062929838,3907,163.66598510742188,163.61170959472656,288.0,0.024305555555555556
3908,-1.6168579675010573,1.1586703121832174,3908,163.17494201660156,163.1210479736328,288.0,0.024305555555555556
3909,-1.5846398461050721,1.1837010835765074,3909,160.70066833496094,160.6483917236328,288.0,0.024305555555555556
3910,-1.4886149216296307,1.1596183779369984,3910,158.25733947753906,158.20477294921875,288.0,0.027777777777777776
3911,-1.1875898543867711,0.903302111639464,3911,166.28311157226562,166.22824096679688,288.0,0.03125
3912,-1.617702434188731,1.0611454237472544,3912,163.80593872070312,163.7528076171875,288.0,0.006944444444444444
3913,-1.6120647757792415,1.195535688771459,3913,161.3094482421875,161.25466918945312,288.0,0.020833333333333332
3914,-1.3508133789017913,1.2259813389635692,3914,164.52243041992188,164.4681396484375,288.0,0.0
3915,-1.6807844560654703,1.5119814836681766,3915,163.8223876953125,163.767578125,288.0,0.017361111111111112
3916,-1.3422198178965252,1.4537602753464751,3916,162.89390563964844,162.8388214111328,288.0,0.017361111111111112
3917,-1.5209808153841438,1.0648241377302738,3917,164.87423706054688,164.81948852539062,288.0,0.013888888888888888
3918,-1.529151099249173,1.4071197572896377,3918,159.5472412109375,159.49351501464844,288.0,0.03819444444444445
3919,-1.730643263388075,1.1497460415441547,3919,166.176025390625,166.12069702148438,288.0,0.017361111111111112
3920,-0.9842652575813636,0.32753204644261463,3920,162.20907592773438,162.15621948242188,288.0,0.006944444444444444
3921,-1.4918718314776938,1.1252989270008347,3921,162.22750854492188,162.173095703125,288.0,0.010416666666666666
3922,-1.0730422893165787,0.9620303656286955,3922,160.18508911132812,160.13076782226562,288.0,0.010416666666666666
3923,-1.5744837797077564,1.0384590473803932,3923,163.72238159179688,163.6681671142578,288.0,0.020833333333333332
3924,-1.396903541017184,1.0896549579966377,3924,157.93377685546875,157.8810577392578,288.0,0.013888888888888888
3925,-1.4539767817413942,1.1330044511745117,3925,163.22283935546875,163.16860961914062,288.0,0.03125
3926,-1.3054151082027987,1.1685691371880051,3926,165.43423461914062,165.37948608398438,288.0,0.03125
3927,-1.5713384410260245,1.1086766529684886,3927,162.0850067138672,162.03128051757812,288.0,0.020833333333333332
3928,-1.6539929860598208,1.335377104243714,3928,156.28042602539062,156.2279815673828,288.0,0.03125
3929,-1.5680369550224884,1.2372697373070891,3929,161.9749298095703,161.92074584960938,288.0,0.017361111111111112
3930,-1.1331360126725218,1.0421442926424531,3930,165.50387573242188,165.44833374023438,288.0,0.013888888888888888
3931,-1.3968212512461977,1.250159757643028,3931,164.071044921875,164.0166015625,288.0,0.024305555555555556
3932,-1.4645832321688548,1.196972988778846,3932,158.44143676757812,158.3885498046875,288.0,0.027777777777777776
3933,-1.472843742378938,1.1230603566872235,3933,158.51416015625,158.46112060546875,288.0,0.03125
3934,-1.4988900363690683,1.0631330428446728,3934,157.68524169921875,157.63189697265625,288.0,0.034722222222222224
3935,-0.933955051001747,0.7871508241491868,3935,164.25526428222656,164.20046997070312,288.0,0.03819444444444445
3936,-1.5108634224524806,1.2896728750813247,3936,164.38156127929688,164.32640075683594,288.0,0.010416666666666666
3937,-1.3277183965097525,1.1048764776240523,3937,163.35879516601562,163.3052215576172,288.0,0.013888888888888888
3938,-1.4408379336648034,1.2794394948325671,3938,154.60752868652344,154.5556640625,288.0,0.017361111111111112
3939,-1.5982264655149878,1.2310922698355151,3939,163.26123046875,163.20803833007812,288.0,0.017361111111111112
3940,-1.3584633449331984,1.294239205138553,3940,164.02569580078125,163.97113037109375,288.0,0.020833333333333332
3941,-0.7971485771816428,0.8529212903995922,3941,155.80560302734375,155.7540283203125,288.0,0.024305555555555556
3942,-1.4134080572342242,1.056970709156687,3942,161.4599151611328,161.40560913085938,288.0,0.027777777777777776
3943,-1.097071548496344,0.6838462434989075,3943,156.32391357421875,156.27081298828125,288.0,0.010416666666666666
3944,-1.2881349805664248,1.2203099143625467,3944,161.76980590820312,161.71664428710938,288.0,0.03819444444444445
3945,-1.6045542405300928,1.0424373144872445,3945,162.53790283203125,162.4837646484375,288.0,0.010416666666666666
3946,-1.2254513751883165,1.028324600468688,3946,161.10086059570312,161.046875,288.0,0.024305555555555556
3947,-0.8627581149835234,0.6618475603026517,3947,164.27023315429688,164.21588134765625,288.0,0.013888888888888888
3948,-1.5699079460587155,0.9886295570960115,3948,163.758544921875,163.70455932617188,288.0,0.010416666666666666
3949,-1.200975393755042,1.5862142946512545,3949,165.53143310546875,165.47674560546875,288.0,0.034722222222222224
3950,-1.6984173419694348,1.5932744589735124,3950,164.3739013671875,164.31893920898438,288.0,0.013888888888888888
3951,-0.8834064120977685,0.6317172114552921,3951,162.02650451660156,161.9737091064453,288.0,0.017361111111111112
3952,-1.321285897217661,1.2172260016988687,3952,162.8015594482422,162.74673461914062,288.0,0.017361111111111112
3953,-0.9041594822011491,0.5257866449175417,3953,164.36141967773438,164.30615234375,288.0,0.013888888888888888
3954,-0.8717133017421987,0.5942212682856195,3954,161.6149444580078,161.5606689453125,288.0,0.013888888888888888
3955,-1.8666632793396642,1.5100857799097331,3955,162.53201293945312,162.4776153564453,288.0,0.013888888888888888
3956,-1.3209479876878667,1.3134587391720312,3956,158.57302856445312,158.51980590820312,288.0,0.010416666666666666
3957,-0.7101216960683093,0.9067726088059725,3957,168.3145751953125,168.25857543945312,288.0,0.013888888888888888
3958,-1.51294797206179,1.084338847491811,3958,164.68362426757812,164.62989807128906,288.0,0.024305555555555556
3959,-1.133836414761978,1.3865975225978873,3959,162.90101623535156,162.84738159179688,288.0,0.010416666666666666
3960,-1.3125385344852625,1.4181908282174902,3960,163.41217041015625,163.35787963867188,288.0,0.017361111111111112
3961,-1.1836074864435968,0.8755315503870369,3961,162.8002471923828,162.7469482421875,288.0,0.020833333333333332
3962,-1.5937486033431654,1.1297634705420943,3962,165.6947021484375,165.63954162597656,288.0,0.027777777777777776
3963,-1.4869854174782995,1.388591244410107,3963,166.0108184814453,165.95567321777344,288.0,0.013888888888888888
3964,-1.6597255057902334,1.1707061658426237,3964,164.53834533691406,164.48329162597656,288.0,0.03819444444444445
3965,-1.1186040177304792,0.9012312493406227,3965,163.77593994140625,163.721435546875,288.0,0.010416666666666666
3966,-1.570880446427068,1.2804298343753278,3966,155.78988647460938,155.73736572265625,288.0,0.017361111111111112
3967,-1.30768286004833,1.367716123418654,3967,162.39614868164062,162.34339904785156,288.0,0.010416666666666666
3968,-1.5697130053716648,1.0440290222749407,3968,161.28945922851562,161.23684692382812,288.0,0.027777777777777776
3969,-1.3097849489780473,1.2179659605248199,3969,164.0995635986328,164.0445556640625,288.0,0.020833333333333332
3970,-1.5763820824617691,1.0138479868089658,3970,166.5616912841797,166.5071563720703,288.0,0.017361111111111112
3971,-1.549268453970776,1.0579362934021113,3971,163.48919677734375,163.43527221679688,288.0,0.010416666666666666
3972,-1.2305487271812083,0.8978372296790305,3972,163.66592407226562,163.61134338378906,288.0,0.010416666666666666
3973,-1.6336665945028672,1.0227422145469518,3973,162.28924560546875,162.2354736328125,288.0,0.020833333333333332
3974,-1.4097925536199847,1.0347578460407414,3974,164.3594970703125,164.30496215820312,288.0,0.020833333333333332
3975,-1.5923073534674055,1.0831847362557254,3975,162.05685424804688,162.0037841796875,288.0,0.017361111111111112
3976,-1.6588880683851381,1.2148121508941199,3976,160.46041870117188,160.40707397460938,288.0,0.024305555555555556
3977,-0.905558708666811,0.5191264482771448,3977,165.89923095703125,165.84417724609375,288.0,0.017361111111111112
3978,-1.6384212161217322,1.1289877451433201,3978,166.8757781982422,166.8206787109375,288.0,0.013888888888888888
3979,-0.8588794566375613,0.7670318739398863,3979,158.36557006835938,158.31304931640625,288.0,0.013888888888888888
3980,-1.4761956505995266,1.134896744210725,3980,163.1389617919922,163.08523559570312,288.0,0.020833333333333332
3981,-1.0305037636795626,1.0631809900336315,3981,164.671630859375,164.61744689941406,288.0,0.020833333333333332
3982,-1.4415357449195967,1.2168414295975971,3982,164.05422973632812,163.99923706054688,288.0,0.03125
3983,-1.3887200086886828,1.0938344644853475,3983,161.17825317382812,161.1251220703125,288.0,0.017361111111111112
3984,-0.9718184472083402,0.8767990115025592,3984,164.65139770507812,164.59693908691406,288.0,0.017361111111111112
3985,-1.0447557012794653,1.0321569228562324,3985,165.98562622070312,165.93038940429688,288.0,0.020833333333333332
3986,-0.9164108268355453,0.5664319976543873,3986,164.33218383789062,164.27786254882812,288.0,0.013888888888888888
3987,-1.0563370038660382,1.0171376631017104,3987,159.4007110595703,159.34716796875,288.0,0.020833333333333332
3988,-1.2545438674196705,0.9112138831894159,3988,164.95040893554688,164.89552307128906,288.0,0.013888888888888888
3989,-1.7591194755003887,1.5751980515327002,3989,162.4148712158203,162.3617706298828,288.0,0.020833333333333332
3990,-1.1993249393362018,0.6568436687717459,3990,161.97300720214844,161.9188232421875,288.0,0.013888888888888888
3991,-1.7081370146817603,1.0718235492340087,3991,165.7115936279297,165.65635681152344,288.0,0.03125
3992,-1.1231095627010872,0.9743188330887083,3992,165.80279541015625,165.7476806640625,288.0,0.013888888888888888
3993,-1.1894793336563128,0.9770989315525166,3993,153.64707946777344,153.5960693359375,288.0,0.006944444444444444
3994,-1.59059041679704,1.6083928624685453,3994,162.43582153320312,162.38177490234375,288.0,0.03125
3995,-1.493174899784024,0.9311598962982336,3995,159.06893920898438,159.01593017578125,288.0,0.020833333333333332
3996,-1.5182167434071419,1.290889422364509,3996,165.93096923828125,165.87557983398438,288.0,0.003472222222222222
3997,-2.0225764615577257,1.4362683685733135,3997,162.81126403808594,162.75738525390625,288.0,0.020833333333333332
3998,-1.6266462473883119,1.2650443135423686,3998,163.80599975585938,163.752197265625,288.0,0.006944444444444444
3999,-1.0921251077018208,1.109661545770063,3999,166.12844848632812,166.0732879638672,288.0,0.013888888888888888
