#{"t_start": 1749489307.263108, "env_id": "None"}
r,l,t
-721.108269,432,1.332182
-829.224138,432,2.70857
-597.664703,432,4.024164
-345.003345,432,5.328511
-553.873123,432,6.699927
-461.071638,432,8.399519
-594.516129,432,9.762395
-540.88827,432,11.091538
-310.168036,432,12.481344
-536.862,432,14.148186
-742.484901,432,15.476182
-439.335126,432,16.793157
-345.524025,432,18.202017
-215.824708,432,19.810046
-317.863521,432,21.135868
-382.217407,432,22.467049
-412.462789,432,23.889542
-311.695082,432,25.582407
-274.468983,432,26.902971
-361.934605,432,28.209256
-438.755075,432,29.708092
-598.34574,432,31.20751
-274.285003,432,32.518537
-406.18181,432,33.830312
-103.507521,432,35.241686
-333.513104,432,36.846416
-321.049959,432,38.181947
-268.134927,432,39.496537
-473.680663,432,40.916618
-323.476319,432,42.456249
-237.834796,432,43.79494
-144.215398,432,45.107418
-149.570246,432,46.472347
-250.207542,432,48.1259
-64.837557,432,49.455254
-453.914111,432,50.783517
-356.733668,432,52.139358
-236.61848,432,53.751508
-356.146205,432,55.071697
5.029542,432,56.385842
-126.985818,432,57.787726
-335.836715,432,59.445121
-277.052898,432,60.779347
-280.891485,432,62.105163
-190.783484,432,63.500546
-248.079447,432,65.17383
-161.330296,432,66.503678
-111.044666,432,67.81911
-263.320651,432,69.231294
-83.914152,432,70.856861
-316.664561,432,72.198676
-81.105927,432,73.518391
-325.992463,432,74.915892
-52.008325,432,76.538738
-106.071136,432,77.877086
-273.862705,432,79.227065
7.528143,432,80.599822
-68.794862,432,82.224119
83.550994,432,83.536058
-217.789876,432,84.851959
-271.142738,432,86.254651
-107.006,432,87.936135
43.618219,432,89.133267
-382.846416,432,90.423728
18.553636,432,91.823379
93.230262,432,93.512027
64.427739,432,94.711616
-202.094232,432,95.996752
-408.257856,432,97.35718
-165.789176,432,98.99297
-196.4285,432,100.328992
34.450469,432,101.632059
-55.767109,432,103.003344
202.369306,432,104.588143
189.924826,432,105.895504
194.797918,432,107.220598
99.953813,432,108.637959
88.131142,432,110.345097
32.459279,432,111.67823
66.046713,432,112.996742
125.039902,432,114.4448
58.536191,432,115.976975
59.484861,432,117.288429
10.237795,432,118.599363
62.037833,432,120.040053
204.242145,432,121.292698
323.51598,432,121.892527
110.18479,432,122.499445
298.153414,432,123.103059
274.463555,432,123.697647
200.050032,432,125.149523
-217.691384,432,126.51188
98.936685,432,127.840554
138.152877,432,129.318327
232.290655,432,130.863303
-236.311437,432,132.17391
194.409574,432,133.486657
-0.324782,432,134.826737
243.590151,432,136.158816
218.259901,432,137.475751
250.162677,432,138.78792
18.306247,432,140.189643
134.125742,432,141.793457
133.914046,432,143.130367
271.755124,432,144.444654
9.327303,432,145.819943
63.628653,432,147.405622
63.311894,432,148.725004
45.702419,432,150.095105
187.448574,432,151.410127
254.922211,432,153.068297
179.19967,432,154.392499
16.738503,432,155.773625
253.427995,432,157.036895
182.910199,432,158.706919
176.660003,432,160.03593
245.306346,432,161.3668
182.078967,432,162.791516
284.846001,432,164.369599
287.575975,432,165.689034
269.057748,432,167.015487
259.27571,432,168.42162
326.843521,432,170.04627
299.430539,432,171.397493
167.570297,432,172.717536
194.93186,432,174.163107
264.687897,432,175.716693
310.724928,432,177.036574
208.802046,432,178.364751
359.574794,432,179.751285
338.404329,432,181.400577
88.949328,432,182.73242
361.923849,432,184.049326
79.954644,432,185.443584
-184.228546,432,187.055312
294.754628,432,188.396632
350.428397,432,189.723913
325.657137,432,191.147071
349.543982,432,192.805462
256.715662,432,194.134205
167.27198,432,195.461299
116.452347,432,196.896421
366.19979,432,198.465464
357.944219,432,199.81724
311.725994,432,201.143651
360.424266,432,202.559858
338.775085,432,204.160191
342.540027,432,205.482462
184.470548,432,206.827567
294.002214,432,208.239979
338.283591,432,209.925814
252.698498,432,211.274464
389.748593,432,212.596682
352.406317,432,214.107967
375.793271,432,215.5743
421.520426,432,216.882924
381.931762,432,218.244735
-63.495939,432,219.624563
383.377946,432,221.22347
214.782131,432,222.583524
305.285548,432,223.91631
433.478657,432,225.354164
245.019512,432,226.945682
384.212464,432,228.293542
378.84456,432,229.607703
393.973006,432,230.967962
155.34601,432,232.547041
318.245348,432,233.862284
425.722041,432,235.190412
415.220881,432,236.631237
318.069603,432,238.176494
322.9252,432,239.499177
472.432143,432,240.816077
407.2882,432,242.272101
406.626985,432,243.843788
521.193968,432,244.848346
536.629103,432,245.418091
471.56337,432,245.999853
492.698758,432,246.597781
494.927654,432,247.185612
235.924819,432,248.643528
455.683365,432,250.343889
410.054136,432,251.820197
230.795057,432,253.367139
460.232639,432,254.684932
444.571936,432,255.99589
440.772389,432,257.33945
401.943822,432,258.6642
462.297235,432,259.988293
458.190146,432,261.310604
179.701771,432,262.713637
371.44894,432,264.341726
449.398449,432,265.65483
461.033541,432,266.992046
470.466502,432,268.412802
428.532239,432,269.988767
236.222737,432,271.335803
471.538927,432,272.6991
478.244846,432,274.086226
453.987437,432,275.63052
327.774894,432,276.988842
472.318315,432,278.229286
465.630446,432,279.578928
489.709192,432,281.258779
488.717159,432,282.551567
511.063454,432,283.78032
196.469315,432,285.181049
451.651091,432,286.799572
474.520802,432,288.125258
468.492341,432,289.441988
483.152042,432,290.874712
425.722094,432,292.503033
443.964779,432,293.848821
511.4647,432,295.176121
228.34665,432,296.573903
512.915102,432,298.173246
261.885325,432,299.512524
503.388505,432,300.823806
455.351228,432,302.208638
438.079414,432,303.936399
441.907863,432,305.266175
500.739932,432,306.600636
466.341774,432,308.011555
304.034411,432,309.627018
511.747896,432,310.973955
511.735888,432,312.30616
456.795651,432,313.749677
547.287445,432,315.263797
524.412977,432,316.628292
442.504116,432,317.948029
465.132925,432,319.326499
591.04092,432,320.973208
503.917511,432,322.303489
599.239417,432,323.624743
523.020744,432,325.023422
468.380403,432,326.614403
474.250868,432,327.983194
507.250448,432,329.306079
452.617159,432,330.742328
497.713144,432,332.357101
523.061253,432,333.676322
353.815332,432,334.997534
592.038933,432,336.412432
561.184349,432,338.015717
496.703875,432,339.436234
429.139852,432,340.648928
522.222561,432,341.965761
88.580137,432,343.629506
581.911704,432,344.987382
446.07219,432,346.196195
441.237016,432,347.571076
585.528299,432,349.156987
599.177304,432,350.477317
414.622946,432,351.811913
594.907099,432,353.235636
624.345436,432,354.791907
492.53039,432,356.123327
295.863135,432,357.436552
501.498902,432,358.82854
573.51836,432,360.476466
601.491857,432,361.795407
564.23486,432,363.123905
594.406117,432,364.468939
548.073256,432,366.095108
558.927563,432,367.409532
634.367901,432,368.439174
569.548414,432,369.023517
570.658066,432,369.614913
694.598344,432,370.211208
746.086053,432,370.811306
411.401082,432,372.260798
388.044694,432,374.170633
517.266406,432,375.592453
569.770589,432,376.919214
548.037825,432,378.250659
606.041975,432,379.622929
608.830461,432,381.212845
517.26326,432,382.538963
464.590998,432,383.852781
564.784583,432,385.309822
547.36103,432,386.878726
568.000431,432,388.196491
557.196,432,389.512616
601.791572,432,390.898054
587.940372,432,392.526067
486.789762,432,393.84922
610.308434,432,395.165417
633.312421,432,396.513552
615.00192,432,397.843565
575.470334,432,399.181971
573.304601,432,400.510732
664.746626,432,401.944106
557.203827,432,403.5834
549.147796,432,404.882833
252.231426,432,406.201621
449.532917,432,407.713264
605.955396,432,409.253664
634.133313,432,410.544152
583.34376,432,411.839049
500.087621,432,413.216246
562.574283,432,414.826834
637.611845,432,416.161302
589.927935,432,417.480411
283.254832,432,418.911036
542.2711,432,420.525754
528.122364,432,421.838025
528.961929,432,423.151614
602.336673,432,424.542046
192.075439,432,426.186656
593.651071,432,427.539169
504.694002,432,428.871331
573.290394,432,430.234896
559.050648,432,431.925055
549.814198,432,433.284977
464.896766,432,434.62381
642.199967,432,436.05422
448.493623,432,437.673642
626.46211,432,438.994678
620.540536,432,440.308352
533.167204,432,441.662972
550.63957,432,442.979113
586.799462,432,444.297464
136.68167,432,445.615135
525.08404,432,447.058416
636.312092,432,448.729712
608.446015,432,450.058464
553.932379,432,451.36393
495.086674,432,452.762235
406.069781,432,454.302781
428.606805,432,455.633964
579.191509,432,456.940861
367.909821,432,458.348746
555.670756,432,459.940456
569.341083,432,461.272911
577.558721,432,462.610214
577.473104,432,464.029226
568.399373,432,465.735846
440.039915,432,466.936678
516.16096,432,468.202336
507.351795,432,469.613287
554.401409,432,471.263307
564.532778,432,472.479635
540.140751,432,473.769497
595.630624,432,475.139974
439.834739,432,476.774454
549.671953,432,478.132367
249.308186,432,479.464006
524.745734,432,480.811245
633.924247,432,482.131761
600.028103,432,483.448784
623.064716,432,484.763768
615.31815,432,486.377419
433.213581,432,487.940669
564.367157,432,489.273583
560.849167,432,490.617688
635.430907,432,491.639785
499.944618,432,492.239528
620.339546,432,492.813223
638.175377,432,493.409003
619.580622,432,494.00639
588.524184,432,495.528092
630.664057,432,497.136485
545.464752,432,498.47935
555.213608,432,499.792562
628.142159,432,501.165305
492.591377,432,502.783818
595.261468,432,504.141734
501.033422,432,505.467912
673.777999,432,506.889771
514.785743,432,508.505165
365.234568,432,509.836657
242.945273,432,511.151669
576.113144,432,512.556485
627.220044,432,514.14369
476.652004,432,515.452379
607.074717,432,516.769676
569.369445,432,518.129274
559.165072,432,519.51766
651.214376,432,520.859899
653.351466,432,522.180696
602.644209,432,523.585522
671.905139,432,525.203059
419.86737,432,526.54559
354.095784,432,527.90279
659.262235,432,529.244065
589.996032,432,530.465871
576.577954,432,531.765188
486.067288,432,533.089669
565.509989,432,534.483456
551.701819,432,536.030273
656.761646,432,537.366995
598.267749,432,538.673096
550.080801,432,540.033312
681.321699,432,541.357574
534.923757,432,542.667887
583.423986,432,543.982615
661.134489,432,545.391302
643.553363,432,547.01239
499.27898,432,548.350205
546.859522,432,549.685898
624.628322,432,551.062845
611.553734,432,552.644212
491.749141,432,553.981295
522.911684,432,555.284772
602.560229,432,556.744407
633.176065,432,558.269226
620.09223,432,559.590102
519.794802,432,560.926973
630.286414,432,562.371214
538.111937,432,563.92729
643.723247,432,565.241994
606.823526,432,566.551648
483.271527,432,567.975413
663.123432,432,569.547606
548.117821,432,570.86937
644.782919,432,572.180463
633.582801,432,573.592367
647.127274,432,575.215502
518.123726,432,576.541274
505.064653,432,577.863289
697.848087,432,579.216144
550.282545,432,580.525444
505.861298,432,581.841137
601.962154,432,583.151156
499.572631,432,584.542957
577.340464,432,586.193838
559.808758,432,587.525313
305.771051,432,588.861955
274.059103,432,590.259461
580.417346,432,591.943005
381.373089,432,593.139132
660.871863,432,594.411026
595.27787,432,595.907081
661.984187,432,597.553256
619.037774,432,598.760589
675.911848,432,600.064621
668.599346,432,601.465213
541.748358,432,603.101043
386.086827,432,604.418507
646.266441,432,605.734326
489.829347,432,607.149936
563.411379,432,608.755831
633.720983,432,610.11339
587.374281,432,611.439408
589.010672,432,612.803826
736.464847,432,614.086447
707.74446,432,614.69899
626.463881,432,615.288751
699.061992,432,615.893981
634.859645,432,616.489875
613.046011,432,617.95098
488.696875,432,619.631412
672.688699,432,620.965582
296.994938,432,622.370833
545.508938,432,623.937248
639.995975,432,625.272656
559.044899,432,626.580035
661.623348,432,628.162226
560.367947,432,629.723058
588.041277,432,631.050917
544.709111,432,632.38658
588.262882,432,633.798167
660.293701,432,635.428247
628.736896,432,636.749804
544.469825,432,638.079504
618.368205,432,639.539515
456.640066,432,641.134757
632.065157,432,642.455173
673.250486,432,643.769328
601.969757,432,645.17118
703.979409,432,646.77879
686.179775,432,648.109052
620.58059,432,649.42882
587.086292,432,650.871641
672.48419,432,652.486471
579.600811,432,653.85452
671.921833,432,655.156379
630.919013,432,656.393711
485.314181,432,658.108407
542.550716,432,659.48951
589.88643,432,660.768801
690.491793,432,662.054373
639.705933,432,663.772001
647.694103,432,665.105654
652.893513,432,666.43219
359.946145,432,667.838878
576.272535,432,669.490933
395.977215,432,670.807026
676.446309,432,672.120244
737.044131,432,673.466563
521.149446,432,674.808206
586.498206,432,676.122914
724.148586,432,677.43084
570.812012,432,678.843904
629.298179,432,680.461481
492.239816,432,681.812855
521.075429,432,683.135297
693.053115,432,684.590673
685.992601,432,686.189494
671.359934,432,687.542469
564.55446,432,688.868372
449.312542,432,690.266789
608.386488,432,691.8841
683.407432,432,693.210504
627.19409,432,694.537488
439.805574,432,696.008387
576.592062,432,697.566778
660.107797,432,698.911968
561.223284,432,700.271786
573.266121,432,701.81918
396.63833,432,703.500943
587.343708,432,704.845014
609.480784,432,706.169744
736.381155,432,707.615363
570.716693,432,709.17363
634.000688,432,710.505376
448.631732,432,711.81405
142.283423,432,713.204338
659.65113,432,714.522251
719.580604,432,715.837288
718.959931,432,717.219842
435.324527,432,718.517084
647.404988,432,720.152797
551.204822,432,721.474952
515.990906,432,722.841041
590.208324,432,724.094208
569.700884,432,725.374319
517.746779,432,726.680873
552.471438,432,727.993119
559.127549,432,729.404482
628.531276,432,731.06612
458.580987,432,732.392146
553.673809,432,733.70868
686.670359,432,735.060541
515.978935,432,736.38705
762.310729,432,737.403546
700.9527,432,737.97413
615.537626,432,738.554548
787.29641,432,739.153268
696.831069,432,739.765399
702.753418,432,741.210556
603.006596,432,742.848361
546.577969,432,744.340845
523.07172,432,745.883923
593.847795,432,747.232077
528.527981,432,748.550975
543.275239,432,749.935533
522.530585,432,751.569779
708.563739,432,752.911139
551.825015,432,754.225945
703.22261,432,755.569935
522.737521,432,756.897957
681.413076,432,758.232558
546.796311,432,759.561093
582.430239,432,761.001822
517.53916,432,762.571651
651.259452,432,763.905457
579.320805,432,765.216523
443.217001,432,766.560949
557.775672,432,767.881253
671.533598,432,769.19443
629.779144,432,770.506043
598.746527,432,771.881577
537.99738,432,773.529841
640.10058,432,774.84464
695.306572,432,776.160462
199.991524,432,777.610237
670.592132,432,779.182221
575.246818,432,780.560838
675.331006,432,781.77916
589.261648,432,783.211997
425.322009,432,784.777497
541.957437,432,786.149851
647.89875,432,787.370575
689.120203,432,788.758851
709.618326,432,790.390485
726.150886,432,791.723047
476.961828,432,793.038078
691.887874,432,794.411476
696.222333,432,795.742133
663.779315,432,797.118365
683.038825,432,798.500428
544.985616,432,799.943009
705.005469,432,801.583705
703.445241,432,802.908728
588.145229,432,804.247373
717.797593,432,805.627464
589.629178,432,807.186716
527.193095,432,808.523072
417.776842,432,809.894544
613.810035,432,811.456408
737.006561,432,813.068371
590.130109,432,814.406178
616.518033,432,815.754716
760.221191,432,817.169503
473.88969,432,818.753743
654.960702,432,820.122792
447.326763,432,821.447901
759.255149,432,822.805248
681.182145,432,824.139781
508.030372,432,825.458215
668.041263,432,826.774085
479.222647,432,828.16415
521.278674,432,829.816394
558.240242,432,831.133185
262.606664,432,832.438025
527.617196,432,833.851663
544.919079,432,835.547957
526.248616,432,836.888498
709.777456,432,838.200293
574.999364,432,839.54696
394.538849,432,840.870661
517.903751,432,842.191105
728.164248,432,843.562639
586.872125,432,844.939317
752.531223,432,846.62025
540.795256,432,847.954396
568.894758,432,849.312676
636.222348,432,850.573207
591.341677,432,852.310487
376.186174,432,853.620932
710.677428,432,854.933004
766.942157,432,856.331797
649.113614,432,857.962543
630.712861,432,859.366686
574.864496,432,860.355763
669.39929,432,860.926959
627.947988,432,861.515028
738.029991,432,862.11504
735.299397,432,862.72113
654.008304,432,864.282669
714.827239,432,865.866727
601.215019,432,867.364154
366.901393,432,868.742423
575.936505,432,870.058959
462.380495,432,871.492091
583.636334,432,873.132017
498.730824,432,874.464385
531.033961,432,875.781006
672.634355,432,877.111696
722.026445,432,878.440567
637.69551,432,879.768876
641.750515,432,881.087826
749.795759,432,882.531529
536.334864,432,884.127621
630.678241,432,885.454956
641.167018,432,886.798656
629.042932,432,888.164703
594.468434,432,889.478729
672.123188,432,890.804348
704.823352,432,892.122376
365.131718,432,893.594737
438.588032,432,895.24877
620.839402,432,896.596559
691.337177,432,897.916507
673.71805,432,899.266609
754.094018,432,900.597579
693.025196,432,901.914186
511.239133,432,903.228773
424.706235,432,904.658267
624.707694,432,906.361446
553.266828,432,907.628826
673.473564,432,908.90165
280.631038,432,910.304317
351.034065,432,911.953859
738.266647,432,913.176624
570.601253,432,914.457873
611.164301,432,915.823767
748.691975,432,917.433339
430.198254,432,918.75711
757.951774,432,920.07856
440.466632,432,921.522197
668.289289,432,923.125666
640.533526,432,924.457095
691.805851,432,925.781478
601.88398,432,927.226005
595.343814,432,928.818109
648.671457,432,930.182204
602.722897,432,931.54576
601.438253,432,932.960131
603.820245,432,934.504026
687.057737,432,935.848187
441.674365,432,937.172469
529.260921,432,938.627153
697.822882,432,940.257148
639.599021,432,941.597897
675.0193,432,942.93687
616.642368,432,944.348752
233.402491,432,945.948058
591.642393,432,947.296349
659.953497,432,948.630975
549.100359,432,950.163549
644.381287,432,951.721988
720.077836,432,953.051703
258.943288,432,954.38501
679.743149,432,955.801758
148.489094,432,957.416193
589.139497,432,958.752886
697.553851,432,960.083035
670.855363,432,961.515122
740.088016,432,963.115762
588.56902,432,964.451364
637.236372,432,965.786569
690.380706,432,967.162185
749.665296,432,968.931227
285.135907,432,970.249015
372.13493,432,971.474038
447.449337,432,972.833773
595.409736,432,974.511774
592.147991,432,975.786836
304.257089,432,977.010454
577.503291,432,978.415608
630.432033,432,980.226009
585.778456,432,981.559231
562.637566,432,982.878368
746.743274,432,984.009441
402.965248,432,985.000509
705.017392,432,985.591694
617.927679,432,986.195055
719.895106,432,986.824735
698.985993,432,988.423167
699.550723,432,989.955393
572.167786,432,991.287152
493.720691,432,992.613459
716.264102,432,994.061193
597.501914,432,995.621103
483.125333,432,996.941397
606.429877,432,998.271545
700.739422,432,999.675439
631.294367,432,1001.320707
589.933923,432,1002.648608
682.362723,432,1003.967902
539.121532,432,1005.474788
630.907608,432,1007.211169
704.301116,432,1008.578906
477.416492,432,1009.9169
556.957666,432,1011.326616
694.533458,432,1012.914724
576.123429,432,1014.240033
541.568181,432,1015.560129
625.182232,432,1016.943962
764.96872,432,1018.553969
668.20947,432,1019.893776
413.231037,432,1021.207017
556.253918,432,1022.656992
642.849336,432,1024.229903
387.576923,432,1025.606937
148.504427,432,1026.944759
632.678621,432,1028.307153
735.685169,432,1030.02363
646.509905,432,1031.344988
695.159211,432,1032.696656
678.943324,432,1033.928212
661.202842,432,1035.550701
550.506962,432,1036.88976
646.629923,432,1038.205575
577.308543,432,1039.434514
698.369095,432,1041.118016
695.346661,432,1042.442848
640.382517,432,1043.7829
582.864994,432,1045.176752
706.617588,432,1046.809376
701.200963,432,1048.136963
535.711645,432,1049.499346
442.924002,432,1050.969319
591.547766,432,1052.515301
666.019512,432,1053.851307
635.553987,432,1055.188046
666.720073,432,1056.643036
634.455953,432,1058.247446
675.03454,432,1059.569165
692.229412,432,1060.881195
664.386916,432,1062.263762
644.721034,432,1063.879407
642.645347,432,1065.228327
686.924366,432,1066.552379
613.384992,432,1067.911379
496.608704,432,1069.222818
718.523812,432,1070.5303
739.060234,432,1071.85864
352.552481,432,1073.265785
642.633118,432,1074.855325
555.547589,432,1076.173595
619.467443,432,1077.487575
620.760524,432,1078.922251
481.020404,432,1080.519556
597.335731,432,1081.854526
662.690551,432,1083.173278
569.41816,432,1084.598992
108.499073,432,1086.212406
674.528343,432,1087.545347
739.357545,432,1088.86756
531.262147,432,1090.279023
709.949257,432,1091.906417
247.080978,432,1093.242161
710.409145,432,1094.562075
644.629472,432,1096.037543
661.92413,432,1097.533947
549.53619,432,1098.844236
681.209594,432,1100.180209
655.050865,432,1101.606445
449.206688,432,1103.108019
293.095534,432,1104.482692
381.313112,432,1105.802684
713.748557,432,1107.251082
769.565126,432,1108.515399
642.157208,432,1109.143778
699.270397,432,1109.736335
385.042008,432,1110.342488
728.550244,432,1110.938374
710.774289,432,1112.489045
673.107949,432,1114.035882
741.211746,432,1115.378357
570.675966,432,1116.776893
607.464719,432,1118.482151
631.634999,432,1119.820891
308.200706,432,1121.147211
715.352148,432,1122.608959
293.736742,432,1124.195187
759.044966,432,1125.5044
689.973198,432,1126.816811
693.054415,432,1128.234974
615.783553,432,1129.862524
731.372409,432,1131.214375
723.361001,432,1132.545064
612.030262,432,1133.977856
751.556901,432,1135.553109
719.718612,432,1136.885211
545.854489,432,1138.197173
676.017135,432,1139.573663
701.540793,432,1141.221896
662.304094,432,1142.55877
699.204965,432,1143.897197
558.02027,432,1145.318549
698.035709,432,1146.927125
755.115795,432,1148.250816
666.633751,432,1149.573869
639.862428,432,1150.998721
635.256843,432,1152.60857
556.336802,432,1153.946406
606.818671,432,1155.263089
724.115296,432,1156.612988
711.057853,432,1157.991585
711.724316,432,1159.309349
654.489241,432,1160.511376
704.253697,432,1161.916431
591.418074,432,1163.574617
660.809614,432,1164.845217
513.742877,432,1166.092185
614.09892,432,1167.546662
750.719389,432,1169.151963
710.147067,432,1170.484183
713.403753,432,1171.825607
680.938408,432,1173.237396
392.428041,432,1174.820916
606.660381,432,1176.150995
662.66527,432,1177.473892
658.176161,432,1178.90168
682.312655,432,1180.488761
666.293238,432,1181.804977
560.831601,432,1183.111286
602.569959,432,1184.519907
467.437612,432,1186.137829
695.289183,432,1187.46506
519.054656,432,1188.784967
725.779941,432,1190.177489
768.673659,432,1191.804538
730.191846,432,1193.154652
756.265191,432,1194.482243
603.868833,432,1195.884155
626.083722,432,1197.444017
543.239767,432,1198.771475
513.656644,432,1200.11799
577.789944,432,1201.55562
688.632771,432,1203.118423
224.421904,432,1204.435342
583.426453,432,1205.744151
683.400383,432,1207.2175
659.21652,432,1208.8136
687.653279,432,1210.204208
713.553343,432,1211.521904
687.299746,432,1212.865593
661.294362,432,1214.197452
646.764825,432,1215.523475
647.6749,432,1216.846688
727.733908,432,1218.27461
704.438425,432,1219.841395
677.114806,432,1221.250274
673.365602,432,1222.527557
669.863125,432,1223.782704
744.426588,432,1225.464026
446.68133,432,1226.877074
639.812275,432,1228.122539
611.154945,432,1229.457287
641.36657,432,1231.143873
747.950915,432,1232.165214
769.504349,432,1232.741932
792.107135,432,1233.326848
736.636721,432,1233.925469
787.277167,432,1234.52405
624.924923,432,1235.991298
656.007282,432,1237.670489
717.013248,432,1239.141203
636.255049,432,1240.74636
738.757969,432,1242.091702
735.651062,432,1243.415834
580.154674,432,1244.778329
690.585899,432,1246.433307
722.542083,432,1247.769659
470.28223,432,1249.091211
767.18374,432,1250.515437
513.773533,432,1252.115655
711.761336,432,1253.458432
668.879204,432,1254.794616
608.098034,432,1256.229364
655.261264,432,1257.837409
680.267479,432,1259.18033
710.460013,432,1260.510571
626.620821,432,1261.851393
765.850411,432,1263.171741
724.920193,432,1264.499655
757.043824,432,1265.833487
618.398312,432,1267.252535
676.108398,432,1268.878973
708.744558,432,1270.219099
763.211321,432,1271.559018
746.902368,432,1272.963593
700.868361,432,1274.557878
583.765332,432,1275.880263
657.418652,432,1277.198476
707.189813,432,1278.553993
430.010056,432,1279.880171
705.508504,432,1281.201194
618.972464,432,1282.525641
662.059061,432,1283.941823
620.036443,432,1285.61207
701.860688,432,1286.912062
470.662025,432,1288.208485
343.527105,432,1289.695449
312.738775,432,1291.259192
476.845,432,1292.571386
642.821985,432,1293.881438
670.515601,432,1295.313917
689.895622,432,1296.895104
705.153442,432,1298.210275
701.05829,432,1299.545168
617.832629,432,1300.943605
655.714938,432,1302.555373
692.94288,432,1303.871601
766.294131,432,1305.182454
531.278783,432,1306.656272
742.342896,432,1308.236038
779.67267,432,1309.56547
280.212557,432,1310.885619
638.892297,432,1312.303089
692.556383,432,1313.897702
579.948522,432,1315.220092
745.900846,432,1316.540577
648.418642,432,1317.851802
603.367614,432,1319.510665
538.021622,432,1320.848753
642.962486,432,1322.155524
705.795905,432,1323.54745
683.228769,432,1325.321807
578.706473,432,1326.648027
642.7262,432,1327.986374
556.628169,432,1329.387158
742.13197,432,1330.959996
725.155852,432,1332.273292
725.99775,432,1333.587725
720.17248,432,1335.002596
664.598813,432,1336.600827
717.801742,432,1337.918991
708.623747,432,1339.241876
446.858111,432,1340.625164
548.691765,432,1342.221311
588.532271,432,1343.551056
659.220888,432,1344.876938
640.055903,432,1346.277371
615.28296,432,1348.041428
698.192003,432,1349.256612
426.607775,432,1350.545595
654.376776,432,1351.978732
685.871891,432,1353.632207
677.632181,432,1354.835882
779.276668,432,1355.849712
755.749784,432,1356.443932
773.311515,432,1357.047323
734.499792,432,1357.651835
774.638329,432,1358.270241
503.329814,432,1359.827448
707.902576,432,1361.673497
661.45875,432,1363.098436
628.039601,432,1364.43397
621.331506,432,1365.752887
658.789114,432,1367.149003
735.49575,432,1368.759347
741.660717,432,1370.088586
641.156997,432,1371.429839
671.706837,432,1372.835624
658.043721,432,1374.494278
552.937871,432,1375.825697
576.384452,432,1377.155058
243.340749,432,1378.623075
701.197909,432,1380.236297
585.218249,432,1381.565511
698.410432,432,1382.880073
674.099512,432,1384.216161
718.208049,432,1385.54554
650.218861,432,1386.860535
700.560928,432,1388.181156
695.518838,432,1389.575822
654.926955,432,1391.148213
669.522123,432,1392.489223
693.860857,432,1393.810983
742.387813,432,1395.217784
639.220722,432,1396.793325
732.215302,432,1398.129144
747.201845,432,1399.493272
641.236181,432,1400.864031
637.838763,432,1402.198864
720.865477,432,1403.54474
669.053953,432,1404.873214
602.088612,432,1406.305003
753.397027,432,1407.996269
639.085285,432,1409.356976
633.476528,432,1410.725881
724.111987,432,1411.962028
702.88252,432,1413.641332
721.274085,432,1414.964889
630.625428,432,1416.341375
690.294076,432,1417.563514
703.985209,432,1419.274376
676.625032,432,1420.618296
697.528148,432,1421.94692
710.43446,432,1423.342173
572.397722,432,1424.967312
659.861162,432,1426.301005
638.795968,432,1427.640334
566.448972,432,1429.023551
622.149079,432,1430.662858
540.433591,432,1431.995826
658.035544,432,1433.312299
657.012345,432,1434.773892
385.647077,432,1436.33053
610.015391,432,1437.658334
620.138507,432,1438.987018
434.595015,432,1440.421077
708.690565,432,1442.031474
719.253615,432,1443.362974
594.925661,432,1444.68941
722.517696,432,1446.187398
734.098933,432,1447.718113
734.410254,432,1449.059234
630.147449,432,1450.369582
696.852199,432,1451.747044
701.971317,432,1453.388771
705.240653,432,1454.730684
678.348419,432,1456.06721
712.604612,432,1457.477901
669.210817,432,1459.110423
519.815206,432,1460.451961
705.755483,432,1461.772594
736.785866,432,1463.125381
675.549761,432,1464.455426
720.629566,432,1465.774327
721.629199,432,1467.109396
734.195874,432,1468.498032
696.691879,432,1470.143051
727.720188,432,1471.486257
676.074228,432,1472.808335
682.032188,432,1474.271753
644.331493,432,1475.80425
711.505474,432,1477.133721
588.354699,432,1478.498919
361.280519,432,1479.553713
583.550978,432,1480.526271
693.095482,432,1481.137485
742.478751,432,1481.737353
756.477535,432,1482.357265
627.57527,432,1483.956506
608.329941,432,1485.531796
576.749073,432,1486.865587
667.795431,432,1488.188827
672.501176,432,1489.588081
699.580531,432,1491.207448
632.185164,432,1492.555779
624.044056,432,1493.913597
575.499105,432,1495.263663
769.240587,432,1496.606787
694.34634,432,1497.921659
636.304279,432,1499.249665
560.909365,432,1500.641692
570.696019,432,1502.279634
578.066381,432,1503.605277
598.213898,432,1504.913235
715.92109,432,1506.434581
659.211897,432,1507.968381
642.0568,432,1509.29018
682.701828,432,1510.60436
745.161286,432,1512.04777
682.775458,432,1513.658395
497.866529,432,1515.006745
625.809182,432,1516.348984
685.969593,432,1517.82606
618.151681,432,1519.452906
639.714538,432,1520.840911
620.051356,432,1522.182195
729.602762,432,1523.5664
538.582254,432,1525.201539
619.007254,432,1526.60309
702.270193,432,1527.969266
618.83148,432,1529.377648
676.896564,432,1530.976334
673.992909,432,1532.299828
688.29937,432,1533.623508
689.200006,432,1535.06261
762.901282,432,1536.678189
625.757904,432,1537.907073
710.492651,432,1539.21133
332.583076,432,1540.59045
741.286493,432,1542.287056
565.048935,432,1543.49298
736.643467,432,1544.767167
693.17501,432,1546.139303
455.843481,432,1547.762034
461.182768,432,1549.107563
664.425561,432,1550.429636
385.299257,432,1551.785579
642.67058,432,1553.10496
632.245289,432,1554.416973
636.522556,432,1555.746336
541.392251,432,1557.14372
716.732308,432,1558.751004
492.490949,432,1560.088526
696.860808,432,1561.406361
508.709279,432,1562.761436
699.624511,432,1564.115655
741.540348,432,1565.440012
760.287941,432,1566.766431
533.606904,432,1568.187432
636.74066,432,1569.81679
629.719928,432,1571.134565
663.529441,432,1572.45833
752.651483,432,1573.893189
682.312498,432,1575.455625
744.666665,432,1576.801307
615.471134,432,1578.129933
712.40305,432,1579.551755
422.195404,432,1581.131011
656.246307,432,1582.457801
708.069535,432,1583.792958
724.903077,432,1585.183618
730.54955,432,1586.813375
698.599599,432,1588.134163
693.783638,432,1589.45538
618.301465,432,1590.967379
693.240298,432,1592.503434
697.685646,432,1593.833689
637.381417,432,1595.152057
696.805287,432,1596.551154
685.4352,432,1598.213526
614.234181,432,1599.625324
614.935739,432,1600.844247
726.961398,432,1602.113735
689.116657,432,1603.486695
770.288917,432,1604.08042
744.306168,432,1604.784511
668.479839,432,1605.487192
739.753091,432,1606.101917
609.076817,432,1607.666614
636.283032,432,1609.240161
739.871057,432,1610.581529
712.339566,432,1611.949558
598.274212,432,1613.298142
545.534061,432,1614.612619
708.61378,432,1615.924862
491.619873,432,1617.30785
626.556552,432,1618.97566
714.645841,432,1620.329292
683.669458,432,1621.656482
656.847745,432,1623.053955
704.192016,432,1624.638893
591.816122,432,1625.967395
683.411416,432,1627.30481
269.670589,432,1628.67422
663.991959,432,1630.009712
562.043692,432,1631.328786
717.838627,432,1632.638703
595.905839,432,1634.070124
526.306783,432,1635.696941
716.932452,432,1637.037426
583.215276,432,1638.356595
458.218741,432,1639.734397
527.001614,432,1641.412556
749.294803,432,1642.746274
729.173657,432,1644.070892
636.915267,432,1645.489363
773.189846,432,1647.052937
649.065007,432,1648.391047
619.501141,432,1649.707365
573.592012,432,1651.10382
643.677955,432,1652.725629
488.210618,432,1654.061025
618.465274,432,1655.406851
682.263526,432,1656.840838
751.058682,432,1658.434166
733.488208,432,1659.768543
622.469162,432,1661.086684
595.500353,432,1662.632258
319.541572,432,1664.18648
560.317563,432,1665.475165
539.171681,432,1666.772162
727.81746,432,1668.188237
506.481659,432,1669.738183
595.233432,432,1671.060703
463.075815,432,1672.380528
754.029421,432,1673.739019
734.222685,432,1675.070937
577.310301,432,1676.403581
609.238141,432,1677.715783
619.701072,432,1679.112327
664.822523,432,1680.722904
711.812702,432,1682.058808
657.326016,432,1683.391724
524.398726,432,1684.784035
737.210416,432,1686.410177
512.749143,432,1687.745394
650.727169,432,1689.075558
668.847485,432,1690.489926
714.643032,432,1692.116779
707.40026,432,1693.454524
728.879817,432,1694.78507
660.114725,432,1696.223061
602.042726,432,1697.814913
765.82846,432,1699.123516
717.313366,432,1700.448784
763.435584,432,1701.886214
528.213891,432,1703.450428
675.485767,432,1704.788118
757.351575,432,1706.101342
635.273153,432,1707.513694
635.955125,432,1709.186126
670.219232,432,1710.523987
719.751679,432,1711.859713
683.641826,432,1713.220905
721.567399,432,1714.861405
662.250318,432,1716.207269
705.584624,432,1717.542111
676.859008,432,1719.003155
671.205426,432,1720.604752
728.909106,432,1721.926024
770.856348,432,1723.241148
624.209162,432,1724.783991
732.239589,432,1726.416556
655.642536,432,1727.358457
743.144461,432,1727.920593
689.867102,432,1728.511403
772.148245,432,1729.109509
674.512116,432,1729.720283
670.266725,432,1731.412216
619.313514,432,1732.824294
663.088792,432,1734.229314
770.27086,432,1735.818843
744.193002,432,1737.157458
665.621599,432,1738.475865
723.368923,432,1739.90818
696.333178,432,1741.526915
722.146058,432,1742.868482
662.920891,432,1744.193849
601.867261,432,1745.606621
651.689743,432,1747.15643
586.626257,432,1748.49255
637.090581,432,1749.823447
737.656444,432,1751.225212
631.514958,432,1752.812375
661.077383,432,1754.155452
657.155649,432,1755.490939
768.515824,432,1756.919148
585.815374,432,1758.464363
711.012146,432,1759.789389
747.704133,432,1761.109325
584.223485,432,1762.566024
712.949614,432,1764.187028
746.641192,432,1765.531475
748.94497,432,1766.863009
626.421614,432,1768.265676
725.87569,432,1769.916812
590.745522,432,1771.245263
683.736515,432,1772.563539
680.592334,432,1773.954517
604.755292,432,1775.556032
779.45319,432,1776.907278
729.463417,432,1778.240931
618.114346,432,1779.603629
684.64683,432,1781.239104
330.946377,432,1782.568714
596.016077,432,1783.912961
703.096176,432,1785.315553
674.896217,432,1786.964528
661.701043,432,1788.345688
651.012404,432,1789.617426
676.334045,432,1790.948736
638.189006,432,1792.557544
771.361975,432,1793.9303
656.342891,432,1795.165479
538.362327,432,1796.541766
649.004397,432,1798.20013
559.287097,432,1799.527606
577.08974,432,1800.854944
662.596141,432,1802.29748
627.647786,432,1803.872111
694.627575,432,1805.213964
724.098259,432,1806.553775
674.384587,432,1807.995068
683.732668,432,1809.519024
653.574997,432,1810.827084
551.258512,432,1812.169191
629.035936,432,1813.538072
636.919393,432,1815.186653
671.159746,432,1816.517629
652.248388,432,1817.83277
691.955824,432,1819.27132
720.125586,432,1820.839369
607.060589,432,1822.169506
712.633595,432,1823.50263
646.679146,432,1824.928771
717.123047,432,1826.563215
776.318871,432,1827.937809
684.587009,432,1829.26286
614.628377,432,1830.70987
730.383752,432,1832.27964
700.657873,432,1833.624512
681.164511,432,1834.944618
768.899825,432,1836.361084
672.992894,432,1838.018724
633.106728,432,1839.361326
654.938279,432,1840.69909
582.882338,432,1842.121005
688.474514,432,1843.7296
427.097465,432,1845.069621
595.805966,432,1846.405995
757.79188,432,1847.884738
604.726256,432,1849.448982
747.620876,432,1850.771638
759.700433,432,1851.843734
690.128311,432,1852.444902
722.07227,432,1853.024205
695.255541,432,1853.62245
661.610331,432,1854.223555
498.640745,432,1855.80999
591.149075,432,1857.639947
675.375209,432,1858.955112
667.186587,432,1860.284534
682.807311,432,1861.60597
740.366649,432,1863.058522
599.956114,432,1864.618622
771.492396,432,1865.942231
583.981911,432,1867.263487
633.791627,432,1868.677888
748.395686,432,1870.336935
698.162894,432,1871.664477
695.497499,432,1872.983082
666.522412,432,1874.405837
665.568799,432,1876.038089
781.355308,432,1877.379587
704.873447,432,1878.706346
609.256952,432,1880.109123
667.153235,432,1881.708851
575.557332,432,1883.036568
771.731716,432,1884.388739
758.420173,432,1885.853869
643.557801,432,1887.564645
679.867172,432,1888.89295
601.409306,432,1890.213028
691.895594,432,1891.616557
773.590731,432,1893.226081
565.045305,432,1894.571863
621.282368,432,1895.901192
568.637304,432,1897.340754
608.254818,432,1898.979449
598.514673,432,1900.307124
752.76009,432,1901.63176
732.568186,432,1902.940067
735.189265,432,1904.598859
765.380795,432,1905.923306
738.98308,432,1907.239463
757.013328,432,1908.605225
702.224912,432,1910.213468
540.170888,432,1911.540685
708.746899,432,1912.877291
740.256133,432,1914.372362
339.174042,432,1915.971609
751.928716,432,1917.275236
355.896046,432,1918.588557
753.958467,432,1920.027219
725.530003,432,1921.265754
611.629364,432,1922.518877
760.061706,432,1923.822813
611.178634,432,1925.307656
773.337847,432,1926.88655
621.378615,432,1928.222785
698.598388,432,1929.549301
708.451003,432,1930.999131
733.992801,432,1932.561497
726.238455,432,1933.900004
688.757741,432,1935.22243
557.119746,432,1936.611071
689.278755,432,1938.236552
442.916334,432,1939.566513
401.252394,432,1940.910325
591.383803,432,1942.345212
649.957074,432,1943.928488
524.874478,432,1945.269774
679.402517,432,1946.603677
707.529821,432,1948.071638
696.308853,432,1949.620593
761.953489,432,1950.956833
673.928054,432,1952.286086
768.922166,432,1953.624611
732.992985,432,1954.965271
671.570443,432,1956.308426
672.050884,432,1957.633328
759.027529,432,1959.095089
702.968715,432,1960.704006
700.058222,432,1962.042608
397.439874,432,1963.353873
728.326813,432,1964.771052
631.414917,432,1966.363897
526.617998,432,1967.682316
674.024786,432,1969.021916
666.711949,432,1970.428279
740.128814,432,1972.028867
671.45548,432,1973.381807
703.743012,432,1974.722318
674.907188,432,1975.7551
772.464136,432,1976.806592
745.44856,432,1977.490714
648.273318,432,1978.151836
713.724831,432,1978.748713
698.640647,432,1980.387209
749.160434,432,1981.906189
700.357321,432,1983.294625
770.406386,432,1984.530039
696.640124,432,1985.909547
642.247618,432,1987.522124
713.915906,432,1988.85998
713.74336,432,1990.188802
494.545932,432,1991.599717
753.808332,432,1993.230998
392.614361,432,1994.559663
748.540406,432,1995.886266
747.95384,432,1997.247428
656.982941,432,1998.586516
717.071365,432,1999.909184
651.812032,432,2001.287391
727.819069,432,2002.693424
703.097324,432,2004.367468
666.845026,432,2005.772426
502.016435,432,2007.133606
718.997922,432,2008.599397
479.76075,432,2010.288625
639.555542,432,2011.640462
653.846938,432,2012.980339
698.958037,432,2014.422336
619.66731,432,2015.953213
604.147089,432,2017.262771
698.882016,432,2018.578645
606.709174,432,2020.016817
722.939666,432,2021.643829
706.084912,432,2022.96988
655.833349,432,2024.291471
551.656483,432,2025.667156
681.209137,432,2027.281413
612.237395,432,2028.599682
604.283731,432,2029.920655
708.304874,432,2031.291554
695.032134,432,2032.949726
529.644621,432,2034.295508
654.005088,432,2035.627568
560.198602,432,2037.082444
715.423011,432,2038.791006
690.268902,432,2040.230388
631.548015,432,2041.551842
720.180198,432,2042.805183
677.465683,432,2044.415
719.44914,432,2045.796221
647.483601,432,2047.068764
650.353352,432,2048.368318
563.584113,432,2050.020501
700.487296,432,2051.342561
710.977175,432,2052.665858
728.768088,432,2054.052155
441.223105,432,2055.658018
733.431961,432,2056.973732
565.301417,432,2058.285323
582.781209,432,2059.73802
603.951841,432,2061.299165
517.457888,432,2062.653648
585.212718,432,2063.984939
635.812344,432,2065.395499
336.919243,432,2067.013052
766.720253,432,2068.338265
753.724725,432,2069.681808
462.277739,432,2071.147827
740.779475,432,2072.74642
685.213691,432,2074.07345
636.117434,432,2075.392693
639.433019,432,2076.881395
730.866871,432,2078.528407
730.384761,432,2079.92153
718.979847,432,2081.253071
369.660098,432,2082.724986
560.538603,432,2084.43269
713.24671,432,2085.860332
664.857812,432,2087.218675
727.516532,432,2088.656289
612.573237,432,2090.232948
674.870579,432,2091.581747
753.971208,432,2092.906428
630.600457,432,2094.29536
684.52566,432,2095.613066
704.138651,432,2096.937014
684.024028,432,2098.277081
376.370308,432,2099.736529
766.147062,432,2101.064286
731.313313,432,2101.655184
717.153135,432,2102.274856
741.428195,432,2102.873939
628.962633,432,2103.529802
767.337168,432,2104.974075
665.384612,432,2106.283508
664.406729,432,2107.589051
644.025702,432,2109.124244
626.930319,432,2110.66198
738.841671,432,2111.948299
624.95973,432,2113.267095
624.390192,432,2114.6227
718.036616,432,2116.319376
678.501607,432,2117.648327
720.549116,432,2118.97423
445.972685,432,2120.378759
580.242566,432,2121.961735
717.333993,432,2123.300064
683.771884,432,2124.623626
703.379393,432,2126.026855
661.958749,432,2127.689455
766.583987,432,2129.033218
763.192761,432,2130.344315
710.620011,432,2131.712365
692.630386,432,2133.350411
615.73612,432,2134.704365
700.292478,432,2136.033246
712.749304,432,2137.413866
482.910573,432,2139.069197
650.843577,432,2140.418815
771.375252,432,2141.757938
746.678733,432,2143.160756
607.630176,432,2144.765151
730.901474,432,2146.10227
733.53274,432,2147.426595
719.828882,432,2148.796794
688.415999,432,2150.155032
565.626003,432,2151.48689
738.941238,432,2152.806533
714.567737,432,2154.209502
606.859139,432,2155.797586
665.0759,432,2157.123653
616.484891,432,2158.453417
656.308809,432,2159.941173
689.742394,432,2161.563262
695.958791,432,2162.915882
546.699889,432,2164.24494
723.888304,432,2165.626078
706.46339,432,2167.296055
621.043591,432,2168.500787
736.260437,432,2169.819795
721.639239,432,2171.194317
686.353182,432,2172.922234
704.742333,432,2174.204704
732.308795,432,2175.491678
698.719089,432,2176.881
480.990508,432,2178.510138
759.191318,432,2179.843181
673.381403,432,2181.167506
640.22426,432,2182.571274
578.105027,432,2184.185428
767.74205,432,2185.526937
742.775702,432,2186.865127
663.121664,432,2188.342206
750.560938,432,2189.954478
431.257114,432,2191.30832
723.861176,432,2192.632885
686.24985,432,2194.023955
617.609531,432,2195.635785
559.142414,432,2196.96127
692.070219,432,2198.30893
578.236767,432,2199.740507
632.250116,432,2201.330606
660.718167,432,2202.660871
741.418215,432,2203.981109
716.289524,432,2205.429683
714.513682,432,2207.001164
600.708534,432,2208.31422
727.796339,432,2209.623107
702.615857,432,2211.030576
582.707027,432,2212.688716
693.488748,432,2214.038569
732.183641,432,2215.362182
684.124807,432,2216.759376
678.521001,432,2218.383487
691.973614,432,2219.740369
691.06024,432,2221.073993
754.973708,432,2222.469832
697.418381,432,2224.038823
604.213292,432,2225.052406
697.937361,432,2225.632497
781.540757,432,2226.236229
609.595592,432,2226.83285
714.387501,432,2227.428871
746.552258,432,2228.965969
646.648014,432,2230.611362
741.829241,432,2231.839694
621.493915,432,2233.492753
660.76267,432,2234.871492
751.338571,432,2236.111125
667.757961,432,2237.390002
683.614146,432,2239.019364
709.308521,432,2240.33936
655.116288,432,2241.673238
637.888902,432,2243.095997
714.323508,432,2244.679849
731.760839,432,2246.021179
728.430864,432,2247.373052
585.08401,432,2248.828824
762.985671,432,2250.415085
684.955538,432,2251.744681
745.415114,432,2253.063894
651.23034,432,2254.468265
613.521082,432,2256.077022
644.271501,432,2257.410148
544.747883,432,2258.741456
616.610628,432,2260.179242
700.795578,432,2261.749646
726.845294,432,2263.07588
460.083973,432,2264.39011
738.318674,432,2265.816745
734.185925,432,2267.355787
600.183063,432,2268.682755
555.165629,432,2270.014614
683.911585,432,2271.409574
602.748714,432,2272.976869
577.25695,432,2274.28654
718.601072,432,2275.589369
541.121813,432,2277.00289
671.791647,432,2278.642194
718.954996,432,2279.975422
677.819324,432,2281.30097
544.299872,432,2282.775648
564.926494,432,2284.349073
660.701516,432,2285.762351
697.778759,432,2287.157089
709.040111,432,2288.555416
710.275452,432,2290.220395
593.522084,432,2291.586603
659.998022,432,2292.969625
677.315026,432,2294.207842
678.376294,432,2295.517534
620.487757,432,2296.826149
717.492791,432,2298.192185
560.857309,432,2299.465632
747.69399,432,2301.124371
648.73702,432,2302.463775
702.46908,432,2303.809245
761.155334,432,2305.224879
759.112971,432,2306.810087
720.808302,432,2308.143537
668.354759,432,2309.478513
703.104565,432,2310.816674
750.281546,432,2312.165471
701.682932,432,2313.477455
694.216006,432,2314.792953
603.491968,432,2316.202981
711.20812,432,2317.832329
708.317921,432,2319.187606
616.60802,432,2320.513304
755.456116,432,2321.953194
695.29816,432,2323.579794
683.173436,432,2324.904531
705.203992,432,2326.233489
702.373415,432,2327.70507
744.272801,432,2329.276741
714.711087,432,2330.655835
691.736287,432,2331.988171
586.8654,432,2333.418723
703.285238,432,2334.892704
585.602429,432,2336.226443
690.707217,432,2337.539503
383.321143,432,2338.88223
693.210822,432,2340.213199
680.134908,432,2341.537599
677.437105,432,2342.86371
673.537269,432,2344.277208
685.882165,432,2345.9047
728.733064,432,2347.263358
781.732157,432,2348.27961
791.292347,432,2348.867419
677.504805,432,2349.438692
546.173852,432,2350.035217
779.177981,432,2350.641858
667.080845,432,2352.205527
760.446635,432,2354.021659
642.144737,432,2355.534194
662.238918,432,2356.776933
657.318589,432,2358.031311
699.223271,432,2359.425682
696.250376,432,2361.132357
325.335244,432,2362.371805
676.39056,432,2363.650271
645.556817,432,2365.113376
647.025377,432,2366.778964
670.16094,432,2368.127836
710.999975,432,2369.484387
615.540798,432,2370.906529
749.714516,432,2372.500486
718.652666,432,2373.823479
726.907272,432,2375.136683
652.101468,432,2376.560297
675.478438,432,2378.335444
734.871878,432,2379.655756
611.921899,432,2380.978308
666.800189,432,2382.417576
719.919158,432,2384.024165
648.289646,432,2385.354435
745.912556,432,2386.683802
732.109463,432,2388.175853
480.888945,432,2389.728058
628.934896,432,2391.082894
693.654499,432,2392.41417
728.100655,432,2393.772559
684.294311,432,2395.09027
563.868415,432,2396.4062
724.78853,432,2397.739332
623.302064,432,2399.147639
762.757454,432,2400.763711
748.764959,432,2402.101195
640.464924,432,2403.430445
618.147567,432,2404.877124
738.697217,432,2406.441194
680.120749,432,2407.782756
746.509221,432,2409.122393
731.154931,432,2410.562572
711.140615,432,2412.207524
634.998192,432,2413.537969
723.449164,432,2414.85746
704.615347,432,2416.234213
538.692477,432,2417.883859
678.452734,432,2419.255495
626.893691,432,2420.460577
694.93751,432,2421.879224
751.71739,432,2423.479352
777.252044,432,2424.800838
706.669245,432,2426.050518
585.004357,432,2427.541528
541.696783,432,2429.117431
718.812288,432,2430.44025
749.442201,432,2431.762356
715.52112,432,2433.219548
600.607311,432,2434.787823
746.423706,432,2436.145533
363.471709,432,2437.470644
663.377342,432,2438.890453
695.369425,432,2440.504371
702.92996,432,2441.850104
697.816163,432,2443.167978
748.535413,432,2444.596749
734.16947,432,2446.19434
720.1626,432,2447.544405
566.845698,432,2448.876606
756.066546,432,2450.252144
671.551929,432,2451.868704
671.302725,432,2453.208296
717.766552,432,2454.547203
704.394707,432,2455.940166
641.653748,432,2457.524521
719.242433,432,2458.848885
680.110332,432,2460.17611
711.859163,432,2461.602878
671.639911,432,2463.198462
578.420081,432,2464.514107
668.308458,432,2465.83007
665.616988,432,2467.190468
611.032276,432,2468.829694
643.74736,432,2470.169477
419.685574,432,2471.491669
725.669272,432,2472.500167
780.47748,432,2473.428197
698.911313,432,2474.067644
685.227871,432,2474.657873
773.467108,432,2475.255171
712.521413,432,2476.836884
771.09025,432,2478.371335
691.414387,432,2479.705614
543.259113,432,2481.021731
383.583293,432,2482.508046
748.15639,432,2484.032937
761.827372,432,2485.345703
705.563043,432,2486.714396
713.689531,432,2488.154432
731.676474,432,2489.824307
673.888895,432,2491.170171
730.010874,432,2492.486277
754.073234,432,2493.853827
721.72549,432,2495.507521
748.678971,432,2496.857617
559.04635,432,2498.20406
703.386817,432,2499.589823
646.118815,432,2501.184384
697.807107,432,2502.505867
681.438936,432,2503.834075
662.483958,432,2505.287432
780.640018,432,2506.895321
680.23531,432,2508.309117
671.044296,432,2509.651858
720.121051,432,2511.09002
705.882611,432,2512.711437
751.869647,432,2514.059624
608.374197,432,2515.384116
651.823422,432,2516.827611
609.560192,432,2518.40703
739.988217,432,2519.744415
678.088137,432,2521.059575
767.870537,432,2522.470646
766.297462,432,2524.104152
450.267023,432,2525.435246
659.547537,432,2526.767896
633.865148,432,2528.242683
673.300721,432,2529.801259
708.512355,432,2531.127986
671.601,432,2532.456953
714.950813,432,2533.860969
665.19115,432,2535.461742
598.04561,432,2536.781616
600.270547,432,2538.094579
681.771419,432,2539.490815
685.122029,432,2541.087526
676.715779,432,2542.419369
667.82989,432,2543.735604
687.670858,432,2545.223835
577.619099,432,2546.732353
576.915652,432,2548.064391
753.119255,432,2549.375068
755.491372,432,2550.834306
668.171437,432,2552.404095
664.872728,432,2553.724324
729.427515,432,2555.064501
598.843688,432,2556.455229
744.412086,432,2558.077164
688.198491,432,2559.398936
707.501091,432,2560.719905
750.123252,432,2562.210155
714.582923,432,2563.791472
715.716377,432,2565.127488
691.427724,432,2566.457385
683.641758,432,2567.873369
700.896775,432,2569.440252
755.409666,432,2570.755067
678.032165,432,2572.067459
700.300163,432,2573.494756
755.873451,432,2575.244323
602.647439,432,2576.596964
760.346566,432,2577.927423
741.71164,432,2579.27931
745.279538,432,2580.601822
774.844447,432,2581.937937
713.924952,432,2583.277751
641.297477,432,2584.669794
-2.64201,432,2586.304848
455.449189,432,2587.642415
675.17459,432,2588.983488
713.920926,432,2590.412199
746.523805,432,2592.020159
710.123731,432,2593.357919
476.667681,432,2594.682284
721.18542,432,2596.050159
605.316936,432,2597.382789
598.724798,432,2597.978429
743.603454,432,2598.581424
779.251623,432,2599.176713
716.852148,432,2599.773318
610.820447,432,2601.340669
696.89804,432,2602.920976
743.297653,432,2604.281827
18.830932,432,2605.713031
742.574923,432,2607.356321
607.504223,432,2608.67064
665.223104,432,2609.901265
751.935074,432,2611.260853
351.759728,432,2612.923003
730.409566,432,2614.186843
757.282377,432,2615.434008
657.98964,432,2616.829676
742.074617,432,2618.465531
724.76251,432,2619.828119
711.057869,432,2621.16765
705.561211,432,2622.59742
692.081645,432,2624.329048
559.214309,432,2625.675848
713.143176,432,2627.020327
713.885668,432,2628.404255
690.971925,432,2630.030534
579.313781,432,2631.363596
680.359931,432,2632.689868
701.330314,432,2634.20058
664.692889,432,2635.728877
738.668833,432,2637.044716
651.151923,432,2638.361092
697.13833,432,2639.837927
707.809115,432,2641.413205
705.740819,432,2642.751398
648.816908,432,2644.08268
646.115627,432,2645.474019
708.994388,432,2647.066779
761.814094,432,2648.396285
717.222929,432,2649.708792
611.336383,432,2651.161914
568.718184,432,2652.700216
566.367814,432,2654.029724
702.398124,432,2655.348441
686.149349,432,2656.756049
643.479845,432,2658.38926
675.95829,432,2659.725894
658.572713,432,2661.04614
717.929174,432,2662.463978
687.611607,432,2664.109648
749.352276,432,2665.450096
536.142101,432,2666.792464
679.494344,432,2668.220967
717.319891,432,2669.833559
619.766518,432,2671.193396
674.350985,432,2672.400121
709.579053,432,2673.727639
714.64179,432,2675.043436
747.95227,432,2676.403656
642.057665,432,2677.626027
738.431019,432,2679.064351
761.089949,432,2680.659315
770.259967,432,2681.988479
657.132187,432,2683.327646
742.557479,432,2684.680903
676.002038,432,2686.294259
700.92642,432,2687.6328
582.128011,432,2688.962433
680.254494,432,2690.387821
676.832759,432,2691.988178
760.21306,432,2693.308471
745.169236,432,2694.671025
720.04257,432,2696.083599
483.393745,432,2697.7479
762.22849,432,2699.080756
490.640609,432,2700.398234
630.088086,432,2701.756385
530.594825,432,2703.430498
677.113295,432,2704.782398
594.267399,432,2706.11238
686.756511,432,2707.531355
471.372987,432,2709.168976
656.278226,432,2710.501463
592.839867,432,2711.842945
656.979493,432,2713.245296
741.705142,432,2714.84239
636.957603,432,2716.181167
656.698808,432,2717.507122
688.276626,432,2718.934871
749.827541,432,2720.591417
665.147638,432,2721.614457
779.303911,432,2722.185881
712.693685,432,2722.759047
764.234746,432,2723.359471
646.783253,432,2723.962336
705.637449,432,2725.535372
765.194257,432,2727.161494
690.592759,432,2728.588552
640.813082,432,2730.235949
598.309418,432,2731.561259
760.618908,432,2732.876638
756.06217,432,2734.275326
765.809816,432,2735.484233
528.810266,432,2736.788273
618.456241,432,2738.10435
640.568486,432,2739.5405
641.13355,432,2741.105181
194.88669,432,2742.426307
668.291642,432,2743.74934
750.988687,432,2745.154083
679.419305,432,2746.747875
710.83031,432,2748.090011
733.882289,432,2749.402652
680.052594,432,2750.877938
605.89412,432,2752.59646
678.227759,432,2753.946256
747.859066,432,2755.281464
731.587188,432,2756.685516
680.39561,432,2758.308833
749.113846,432,2759.638653
696.520467,432,2760.954927
725.736108,432,2762.351548
632.013437,432,2763.962292
696.49398,432,2765.295241
644.10563,432,2766.625284
571.337709,432,2768.056509
670.173197,432,2769.715291
631.153602,432,2771.061291
676.474531,432,2772.401133
671.817823,432,2773.85011
665.636077,432,2775.409463
699.183106,432,2776.752626
682.443567,432,2778.079202
631.84586,432,2779.444447
741.108244,432,2781.124409
764.143896,432,2782.471969
696.148449,432,2783.814723
775.870735,432,2785.24828
763.541741,432,2786.851377
693.591687,432,2788.186968
447.982477,432,2789.521141
681.973567,432,2790.922449
549.744248,432,2792.534716
627.793027,432,2793.866669
757.766011,432,2795.190593
745.597393,432,2796.661168
741.547162,432,2798.294836
725.749665,432,2799.611925
757.109262,432,2800.917804
733.332532,432,2802.399056
750.984821,432,2803.867678
729.533566,432,2805.198162
671.709595,432,2806.516935
722.000094,432,2807.859813
717.610685,432,2809.181616
700.993055,432,2810.510685
745.979705,432,2811.845253
719.976668,432,2813.258332
664.172765,432,2814.875291
515.061928,432,2816.205856
733.104669,432,2817.546216
731.785117,432,2818.982539
755.276189,432,2820.555799
756.644086,432,2821.883588
685.441874,432,2823.207726
760.27316,432,2824.676961
471.411845,432,2826.29796
755.114872,432,2827.612503
661.904863,432,2828.943747
754.695425,432,2830.302686
712.689978,432,2831.643863
599.535482,432,2832.978232
709.904003,432,2834.303508
660.820191,432,2835.682368
539.302542,432,2837.331243
695.460111,432,2838.663714
746.62417,432,2840.004403
498.204201,432,2841.416503
643.386513,432,2843.066156
645.264756,432,2844.389693
723.260924,432,2845.420717
468.112666,432,2846.006257
756.201667,432,2846.609701
727.934381,432,2847.241851
767.956857,432,2847.846069
690.925991,432,2849.379889
713.520872,432,2851.217
564.532319,432,2852.642304
607.483175,432,2853.960809
619.648959,432,2855.286495
526.869022,432,2856.662578
725.025629,432,2858.305083
662.092184,432,2859.699579
584.255472,432,2860.936346
660.916975,432,2862.259953
728.459421,432,2863.858067
740.135355,432,2865.249793
690.397642,432,2866.473549
581.304367,432,2867.757839
735.678543,432,2869.444433
694.296829,432,2870.774724
722.342677,432,2872.099435
382.650765,432,2873.482286
719.111778,432,2875.082781
602.16309,432,2876.433792
692.413478,432,2877.761637
741.762214,432,2879.192845
751.817885,432,2880.807084
622.834814,432,2882.140794
762.392277,432,2883.47872
698.829635,432,2884.889644
666.770524,432,2886.493931
683.400802,432,2887.808699
375.486715,432,2889.129111
759.963828,432,2890.554502
645.688509,432,2892.112921
751.120271,432,2893.437791
702.616805,432,2894.75937
715.496872,432,2896.177305
713.520849,432,2897.756021
712.245726,432,2899.092235
727.921094,432,2900.406966
589.076526,432,2901.806484
749.397617,432,2903.425092
773.736384,432,2904.831739
624.702261,432,2906.141528
758.537024,432,2907.619011
681.713395,432,2909.236426
703.166265,432,2910.571829
725.073747,432,2911.911826
765.115223,432,2913.332406
621.658432,432,2914.949258
690.209178,432,2916.285629
716.071306,432,2917.616322
672.787498,432,2919.176641
765.578163,432,2920.714108
652.62138,432,2922.035717
704.023667,432,2923.379486
606.925442,432,2924.618101
684.608765,432,2926.294726
597.557981,432,2927.63656
734.079794,432,2928.963621
595.957574,432,2930.216782
745.415961,432,2931.876657
749.571693,432,2933.214082
579.834304,432,2934.532028
702.476476,432,2935.904312
692.381139,432,2937.521398
696.454552,432,2938.855562
704.279648,432,2940.189431
709.273161,432,2941.564893
649.041524,432,2943.306989
557.491031,432,2944.634379
742.235776,432,2945.960465
687.610378,432,2947.378615
639.212217,432,2949.047406
725.879455,432,2950.386246
682.8042,432,2951.696848
645.723592,432,2953.073663
391.335936,432,2954.715132
728.918419,432,2956.034246
633.583988,432,2957.354294
738.944956,432,2958.719501
716.059504,432,2960.327168
689.91282,432,2961.65841
734.156312,432,2962.97259
647.201023,432,2964.375412
713.067667,432,2966.005027
737.178219,432,2967.360602
698.379716,432,2968.713208
765.385064,432,2969.738563
725.427613,432,2970.647393
697.434813,432,2971.321269
708.940268,432,2971.926421
748.059813,432,2972.523837
708.085425,432,2974.037718
730.867713,432,2975.613231
662.269088,432,2976.97511
746.391776,432,2978.301266
724.976353,432,2979.69246
708.703826,432,2981.346343
696.744759,432,2982.680708
745.854721,432,2984.027987
679.400736,432,2985.49018
556.401702,432,2987.17153
664.383342,432,2988.237107
503.961599,432,2989.269892
686.767798,432,2990.335161
629.735253,432,2991.903463
761.8299,432,2993.097261
748.007866,432,2994.366176
702.708088,432,2995.705789
691.758748,432,2997.329939
718.480446,432,2998.655463
713.884108,432,2999.976434
624.508792,432,3001.320962
662.148277,432,3002.680699
727.759329,432,3004.03193
659.258335,432,3005.342121
554.015537,432,3006.737994
698.75379,432,3008.36771
721.777602,432,3009.68979
527.280888,432,3011.01633
697.14515,432,3012.379711
748.143524,432,3014.005168
680.047783,432,3015.335393
708.558038,432,3016.654876
697.842562,432,3018.043303
691.783004,432,3019.615172
643.446263,432,3020.933645
716.465629,432,3022.245389
661.512695,432,3023.585782
708.061897,432,3024.923674
596.910894,432,3026.238636
655.538428,432,3027.573905
521.614261,432,3029.000545
741.630535,432,3030.645141
749.758974,432,3032.010403
774.106314,432,3033.347283
646.582928,432,3034.775205
743.572046,432,3036.396516
680.217893,432,3037.734313
650.407211,432,3039.083431
547.61806,432,3040.485428
764.88419,432,3042.12931
743.894667,432,3043.476211
639.770576,432,3044.804732
661.000323,432,3046.180428
767.964358,432,3047.497424
742.047037,432,3048.850025
648.61278,432,3050.079398
594.174809,432,3051.379488
750.401384,432,3053.165663
679.299839,432,3054.528831
679.641371,432,3055.746467
670.486244,432,3057.088749
728.987335,432,3058.713611
726.693375,432,3060.059893
747.302438,432,3061.379292
575.922406,432,3062.798138
700.95554,432,3064.436476
667.347729,432,3065.760597
656.464607,432,3067.106161
729.658606,432,3068.497343
719.229126,432,3070.101748
606.546203,432,3071.41535
753.177378,432,3072.730345
627.723722,432,3074.140061
707.29949,432,3075.73966
742.570624,432,3077.065826
648.780767,432,3078.394596
758.398218,432,3079.86846
669.520634,432,3081.461506
682.410212,432,3082.780098
684.744444,432,3084.092355
677.735705,432,3085.49755
665.677822,432,3087.099836
618.908788,432,3088.450936
575.143963,432,3089.791088
741.007878,432,3091.194876
688.674182,432,3092.523664
726.474033,432,3093.117695
701.262641,432,3093.715531
727.705057,432,3094.325606
712.537336,432,3094.943733
771.753247,432,3096.44414
637.188542,432,3097.798582
688.230971,432,3099.120759
748.986249,432,3100.492187
732.578438,432,3102.127908
756.908858,432,3103.462166
720.018464,432,3104.775572
719.276733,432,3106.156394
757.799224,432,3107.791576
761.728055,432,3109.122218
525.468199,432,3110.4507
746.811815,432,3111.861975
650.718718,432,3113.1028
691.819132,432,3114.341436
772.184028,432,3115.655906
649.730217,432,3117.199665
723.076982,432,3118.768519
649.356148,432,3120.06568
752.179401,432,3121.367742
693.608995,432,3122.740496
513.099684,432,3124.3603
716.245134,432,3125.728774
661.652109,432,3127.05613
491.925943,432,3128.41451
500.838317,432,3129.741114
697.793737,432,3131.072575
658.929272,432,3132.387214
652.805552,432,3133.788907
609.461153,432,3135.391724
754.693133,432,3136.712561
723.042183,432,3138.042928
615.577297,432,3139.422817
719.181179,432,3141.055143
610.783749,432,3142.388566
604.04428,432,3143.704977
679.707468,432,3145.11133
782.192257,432,3146.76564
688.29724,432,3148.120418
472.107397,432,3149.457508
738.270404,432,3150.881749
724.214322,432,3152.519109
-92.400282,432,3153.848349
753.071683,432,3155.182738
671.656878,432,3156.524645
586.19195,432,3157.85426
758.148362,432,3159.182116
717.77238,432,3160.493633
674.721697,432,3161.931313
764.25294,432,3163.495265
745.564205,432,3164.825724
689.760295,432,3166.163961
605.744234,432,3167.602737
746.012825,432,3169.214484
682.360527,432,3170.558227
689.507344,432,3171.886304
723.698371,432,3173.43845
695.856464,432,3175.116929
410.484329,432,3176.343869
685.304685,432,3177.631618
723.205097,432,3179.053283
702.578957,432,3180.756442
691.552704,432,3181.963378
586.620219,432,3183.256622
634.920915,432,3184.597601
632.383471,432,3186.241173
669.473698,432,3187.592394
697.271796,432,3188.927255
565.555335,432,3190.31495
466.685767,432,3191.927536
717.191293,432,3193.251526
705.968171,432,3194.575215
671.465297,432,3196.019185
763.846419,432,3197.748468
589.858,432,3199.085427
351.878738,432,3200.403878
699.787222,432,3201.885419
688.253146,432,3203.536045
738.955131,432,3204.900267
659.555216,432,3206.236117
777.356184,432,3207.677209
694.546627,432,3209.33424
485.991722,432,3210.649183
700.079522,432,3211.968647
630.39857,432,3213.350822
769.044481,432,3215.016482
743.021002,432,3216.05758
759.197649,432,3216.638917
780.862771,432,3217.214064
770.716312,432,3217.811263
734.020868,432,3218.402492
601.526814,432,3220.011335
655.98226,432,3221.527298
633.949,432,3222.94918
360.472917,432,3224.565872
691.465863,432,3225.88217
767.060165,432,3227.19434
705.862954,432,3228.666317
703.301955,432,3230.208317
703.746064,432,3231.559814
709.767683,432,3232.882142
701.214851,432,3234.267365
528.3804,432,3235.886949
609.246711,432,3237.225298
740.404464,432,3238.572222
671.028526,432,3239.795055
701.569459,432,3241.475744
692.362201,432,3242.819996
519.621742,432,3244.108735
713.297879,432,3245.400639
678.14052,432,3246.868818
600.033113,432,3248.190819
684.636952,432,3249.510337
762.654129,432,3250.872506
730.377326,432,3252.481628
708.400077,432,3253.797777
715.543747,432,3255.116613
670.088391,432,3256.483218
702.379609,432,3258.18197
735.353883,432,3259.525445
677.877038,432,3260.847023
764.228126,432,3262.243531
598.125654,432,3263.819093
704.032394,432,3265.138748
731.373983,432,3266.462098
663.318243,432,3267.887981
751.811315,432,3269.444693
672.280275,432,3270.7558
753.985124,432,3272.066715
760.564557,432,3273.43487
612.786184,432,3274.7673
752.402086,432,3276.098346
693.398793,432,3277.420785
677.53105,432,3278.868731
729.98916,432,3280.515705
655.872177,432,3281.838171
731.79913,432,3283.167388
746.148878,432,3284.559618
692.186693,432,3286.192357
683.05022,432,3287.532426
708.091983,432,3288.850158
688.751547,432,3290.227095
743.855108,432,3291.855003
690.012503,432,3293.226732
579.101234,432,3294.584052
698.256562,432,3296.010324
755.112198,432,3297.64686
744.706217,432,3298.990544
671.071463,432,3300.318171
-220.147562,432,3301.776905
753.311525,432,3303.295253
633.312574,432,3304.598194
637.324976,432,3305.95737
765.138718,432,3307.285756
700.181267,432,3308.975666
731.996085,432,3310.298977
683.915652,432,3311.616638
749.718985,432,3312.973208
661.352401,432,3314.674416
756.26888,432,3316.034649
692.332779,432,3317.378911
764.555744,432,3318.770723
675.884146,432,3320.403614
497.227362,432,3321.744775
687.418222,432,3323.084477
665.444258,432,3324.511404
645.97184,432,3326.155682
716.23388,432,3327.50034
761.419994,432,3328.820689
667.024281,432,3330.276368
743.150503,432,3331.877633
583.956554,432,3333.191913
585.160636,432,3334.513249
754.371193,432,3335.870217
464.384396,432,3337.243644
177.546641,432,3338.557512
699.505024,432,3339.562522
782.336242,432,3340.140352
593.44621,432,3340.728697
735.507735,432,3341.327295
749.855072,432,3341.920305
692.849999,432,3343.469085
625.871769,432,3345.476358
723.119425,432,3346.90382
735.156071,432,3348.242527
716.665845,432,3349.561005
734.431641,432,3350.897273
578.703843,432,3352.242584
674.232202,432,3353.570659
660.47292,432,3354.88877
767.845282,432,3356.27731
736.76041,432,3357.928377
668.352365,432,3359.278151
685.542553,432,3360.607497
706.513167,432,3361.995484
673.074035,432,3363.65832
740.087095,432,3364.902861
605.284084,432,3366.180165
715.990768,432,3367.551833
758.5265,432,3369.19675
621.439725,432,3370.457224
713.210217,432,3371.694421
726.713629,432,3373.114724
608.318159,432,3374.714617
758.611931,432,3376.052816
704.244292,432,3377.365055
693.836248,432,3378.740524
754.480424,432,3380.340955
768.454252,432,3381.66448
704.678973,432,3382.988567
528.378463,432,3384.404206
665.463204,432,3386.010882
622.694911,432,3387.348919
734.162342,432,3388.662098
713.565039,432,3390.027847
761.789419,432,3391.602753
745.001061,432,3392.931344
695.714668,432,3394.252864
731.119182,432,3395.663983
583.311578,432,3397.285895
626.647506,432,3398.640329
697.111786,432,3399.966143
675.264863,432,3401.392495
734.653699,432,3402.982754
622.863292,432,3404.319057
687.594467,432,3405.647992
780.296411,432,3406.992185
653.26006,432,3408.332312
717.961819,432,3409.706908
340.350439,432,3411.045331
721.006908,432,3412.499193
690.140197,432,3414.080289
697.365049,432,3415.423436
646.346446,432,3416.752128
715.892669,432,3418.190707
747.940346,432,3419.731248
670.686493,432,3421.046175
698.520152,432,3422.38685
744.044943,432,3423.790258
744.430607,432,3425.364055
564.958983,432,3426.734247
729.407508,432,3427.970789
686.269423,432,3429.368838
675.4216,432,3430.942333
752.474443,432,3432.323031
772.635897,432,3433.54601
734.008746,432,3434.836537
742.44525,432,3436.155377
732.737214,432,3437.46794
629.899221,432,3438.788142
646.811119,432,3440.165992
585.442165,432,3441.849451
750.170914,432,3443.197879
707.866079,432,3444.530882
736.182001,432,3445.887181
739.924514,432,3447.214724
701.812496,432,3448.534887
757.265949,432,3449.872112
670.814504,432,3451.271233
610.764093,432,3452.889015
532.849145,432,3454.207237
710.774399,432,3455.524703
84.847413,432,3456.952011
661.19773,432,3458.526623
714.617726,432,3459.848225
677.460408,432,3461.167417
662.332367,432,3462.200951
764.190673,432,3463.213608
708.125526,432,3463.835854
731.99376,432,3464.443201
699.34395,432,3465.048594
745.147623,432,3466.594429
651.136783,432,3468.180233
677.144157,432,3469.512676
747.105477,432,3470.830539
684.184763,432,3472.370733
696.553711,432,3473.962761
722.658803,432,3475.295418
770.259151,432,3476.609651
720.819439,432,3478.033243
727.753055,432,3479.634441
706.775317,432,3480.956467
743.61269,432,3482.271712
574.446573,432,3483.665476
701.471984,432,3485.2792
693.202389,432,3486.616806
740.619328,432,3487.928925
618.726184,432,3489.36868
755.21255,432,3491.028323
557.244965,432,3492.310624
643.691121,432,3493.611953
723.089623,432,3495.047855
759.977393,432,3496.683788
738.847455,432,3497.985976
758.90919,432,3499.295069
715.145819,432,3500.731639
759.342963,432,3502.336
707.451906,432,3503.691193
689.52029,432,3505.009956
716.327929,432,3506.448516
763.353992,432,3508.135307
769.247121,432,3509.497431
676.950628,432,3510.825897
678.57808,432,3512.255083
721.114702,432,3513.913324
662.420727,432,3515.251251
768.720691,432,3516.563305
698.262719,432,3518.015581
707.279978,432,3519.670243
742.850258,432,3521.013463
717.013412,432,3522.355942
647.155824,432,3523.770103
699.506266,432,3525.518229
651.421096,432,3526.852032
725.732261,432,3528.169032
645.306866,432,3529.625462
732.795092,432,3531.251291
755.56215,432,3532.58721
757.235448,432,3533.912419
741.300107,432,3535.31536
632.414411,432,3536.933131
696.91463,432,3538.274152
655.948816,432,3539.602153
681.869986,432,3540.97854
702.466371,432,3542.594416
434.427788,432,3543.92359
755.331116,432,3545.232675
724.937501,432,3546.666472
719.021127,432,3548.278654
746.869367,432,3549.626768
406.547318,432,3550.975179
101.240372,432,3552.380088
636.480225,432,3554.004063
682.464382,432,3555.281914
608.429966,432,3556.570053
716.325616,432,3557.961823
552.112571,432,3559.582431
758.847364,432,3560.874002
634.495066,432,3562.174825
710.882431,432,3563.600529
744.468577,432,3565.229105
766.610241,432,3566.569375
725.601083,432,3567.908306
730.750953,432,3569.323159
729.515813,432,3570.966332
737.581579,432,3572.318169
707.286331,432,3573.636019
654.799862,432,3575.100835
697.050529,432,3576.644606
561.431025,432,3577.978128
657.769,432,3579.312677
599.161613,432,3580.735275
753.966676,432,3582.319379
698.939132,432,3583.646684
701.05209,432,3584.970378
694.188017,432,3586.354288
632.824051,432,3587.6866
691.352994,432,3588.285449
777.294412,432,3588.883046
789.123818,432,3589.478473
776.640438,432,3590.069407
435.167122,432,3591.494934
584.878344,432,3592.845171
723.275551,432,3594.19055
748.858575,432,3595.607066
614.933084,432,3597.183019
698.903163,432,3598.498184
719.636548,432,3599.825511
693.05302,432,3601.259408
670.876603,432,3602.836743
678.458145,432,3604.16345
604.530783,432,3605.486495
744.658241,432,3606.860953
593.123132,432,3608.52797
688.65047,432,3609.852339
675.796648,432,3611.159415
679.088981,432,3612.503196
676.032611,432,3613.815756
706.471539,432,3615.157166
751.602556,432,3616.490504
672.101975,432,3617.731761
625.383572,432,3619.472239
657.895528,432,3620.830691
654.848738,432,3622.139111
628.67886,432,3623.404294
728.448518,432,3625.076786
707.144146,432,3626.397097
684.92169,432,3627.746711
658.64645,432,3629.143125
392.465894,432,3630.768963
624.049805,432,3632.100903
743.880645,432,3633.431943
701.385731,432,3634.833758
633.648198,432,3636.449884
737.200818,432,3637.767431
743.470061,432,3639.076063
691.358844,432,3640.469332
698.147094,432,3642.092053
704.996115,432,3643.432897
725.899545,432,3644.752508
701.654546,432,3646.145777
712.883677,432,3647.680361
751.921033,432,3648.992094
720.560137,432,3650.320952
713.928927,432,3651.683846
705.719076,432,3653.326701
652.928049,432,3654.677596
634.280742,432,3656.004216
738.019197,432,3657.559794
626.015484,432,3659.157637
578.474877,432,3660.513716
652.45041,432,3661.836936
694.639427,432,3663.241467
763.47083,432,3664.838314
607.3869,432,3666.171694
505.522019,432,3667.488891
737.007435,432,3668.831467
653.100638,432,3670.15831
712.041877,432,3671.483346
722.606359,432,3672.803937
712.103996,432,3674.207215
656.058259,432,3675.80578
696.384784,432,3677.118795
743.319174,432,3678.454626
631.999138,432,3679.858203
754.630005,432,3681.421872
667.40267,432,3682.736263
677.960138,432,3684.100499
676.443028,432,3685.407264
676.70168,432,3686.699371
725.639292,432,3688.029963
684.42865,432,3689.342007
685.4828,432,3690.722824
632.294575,432,3692.320734
725.764143,432,3693.650842
666.025638,432,3694.976499
665.102923,432,3696.374578
724.213347,432,3698.015925
636.384285,432,3699.360458
720.940912,432,3700.673529
752.347993,432,3702.073713
715.986377,432,3703.672945
615.291774,432,3704.996914
767.518346,432,3706.327111
759.040458,432,3707.699361
743.552293,432,3709.31479
757.874334,432,3710.338055
748.69319,432,3710.92248
604.823031,432,3711.497697
733.6904,432,3712.09553
753.502256,432,3712.690712
651.28869,432,3714.253262
648.517584,432,3715.820049
725.787436,432,3717.267806
709.191048,432,3718.832536
668.990479,432,3720.171028
656.621184,432,3721.512954
693.119522,432,3722.863159
754.90452,432,3724.535157
711.484967,432,3725.850052
524.994672,432,3727.158646
631.229049,432,3728.559655
628.091517,432,3730.218118
536.257791,432,3731.554601
718.992614,432,3732.87045
484.54728,432,3734.296204
697.388911,432,3735.876441
713.05625,432,3737.194432
743.186095,432,3738.517066
678.979228,432,3739.903708
701.161114,432,3741.668914
725.758961,432,3742.922841
678.322982,432,3744.175898
616.800149,432,3745.521244
648.085761,432,3747.226058
762.523192,432,3748.462086
693.041282,432,3749.71623
602.177886,432,3751.091227
598.652595,432,3752.712686
758.459456,432,3754.046021
697.983513,432,3755.37077
733.733192,432,3756.754583
697.032354,432,3758.094842
652.515961,432,3759.425019
660.365484,432,3760.751556
583.760278,432,3762.161997
663.108152,432,3763.760089
738.954934,432,3765.09025
742.15481,432,3766.41156
613.508702,432,3767.836755
564.488303,432,3769.439927
677.716663,432,3770.794504
671.197228,432,3772.117316
550.059623,432,3773.548841
732.237576,432,3775.163901
270.210245,432,3776.497693
640.085524,432,3777.82297
687.394609,432,3779.26799
697.547267,432,3780.856865
642.053443,432,3782.20605
721.253787,432,3783.529342
731.903935,432,3784.938237
741.487145,432,3786.582118
732.625907,432,3787.910106
651.941304,432,3789.261309
717.86859,432,3790.625324
662.553472,432,3791.969038
680.474253,432,3793.298533
698.667236,432,3794.608273
643.127233,432,3795.993655
731.497105,432,3797.595878
684.82321,432,3798.94006
537.842185,432,3800.263741
353.611598,432,3801.675894
722.889579,432,3803.268062
777.086682,432,3804.662023
643.233779,432,3805.960837
567.009452,432,3807.273333
572.300261,432,3809.092127
733.614198,432,3810.477406
686.631059,432,3811.709323
750.783557,432,3813.044398
645.704934,432,3814.697566
666.855276,432,3816.033993
683.934207,432,3817.351879
741.478055,432,3818.768876
649.662285,432,3820.35101
651.408231,432,3821.660346
655.011553,432,3823.006994
695.27088,432,3824.483727
699.492086,432,3826.082483
752.11115,432,3827.413376
741.725648,432,3828.728304
738.452467,432,3830.078412
688.058909,432,3831.770694
685.376699,432,3833.175675
714.876294,432,3834.196329
725.857662,432,3834.767239
700.563239,432,3835.334308
727.196356,432,3835.935331
705.671214,432,3836.532472
600.040714,432,3838.069348
666.384087,432,3839.884596
636.992866,432,3841.350166
752.14689,432,3842.683191
634.378864,432,3844.00508
661.192837,432,3845.426694
735.46416,432,3847.032609
732.154218,432,3848.35662
713.688831,432,3849.70219
717.620757,432,3851.175764
730.510614,432,3852.734855
570.54157,432,3854.079864
666.038426,432,3855.407758
689.327396,432,3856.86031
683.606422,432,3858.451583
646.292358,432,3859.786526
750.74685,432,3861.11161
707.752889,432,3862.452439
687.008244,432,3863.783078
616.062853,432,3865.098175
738.12456,432,3866.409642
482.356456,432,3867.914963
730.559186,432,3869.467585
618.980198,432,3870.798876
511.41331,432,3872.107483
709.983137,432,3873.626731
743.356488,432,3875.120199
671.168902,432,3876.447135
580.055764,432,3877.796728
641.300577,432,3879.219257
607.297686,432,3880.77041
640.69227,432,3882.0894
664.219102,432,3883.411493
569.067335,432,3884.859061
657.717625,432,3886.387383
588.37154,432,3887.71277
565.339854,432,3889.027515
736.377623,432,3890.367718
639.324467,432,3891.706658
697.119939,432,3893.0581
542.899564,432,3894.365407
680.42939,432,3895.811936
673.897082,432,3897.397516
456.124171,432,3898.753664
702.248433,432,3900.078919
750.483744,432,3901.596386
685.028442,432,3903.226799
709.443412,432,3904.562889
762.680704,432,3905.905166
722.225566,432,3907.340826
662.553881,432,3908.942095
355.259742,432,3910.281816
655.788829,432,3911.604227
717.568989,432,3912.96855
727.77211,432,3914.288455
628.121849,432,3915.612662
607.048766,432,3916.937345
589.392917,432,3918.319951
689.478045,432,3919.983739
723.341055,432,3921.321769
677.069315,432,3922.635233
684.174701,432,3924.014202
699.34528,432,3925.659373
750.441386,432,3927.016905
494.845336,432,3928.340588
637.151541,432,3929.774506
656.336299,432,3931.452279
717.704827,432,3932.671148
593.86616,432,3933.981683
621.09529,432,3935.405899
727.871715,432,3937.039059
664.417081,432,3938.248426
665.649088,432,3939.551391
635.538178,432,3940.954028
721.321023,432,3942.564183
684.406628,432,3943.896448
626.971915,432,3945.22544
574.904195,432,3946.598753
657.437156,432,3948.261631
692.422567,432,3949.574433
477.286256,432,3950.886504
707.579707,432,3952.259326
678.116689,432,3953.912382
685.385585,432,3955.250973
696.351743,432,3956.585548
540.994029,432,3957.602096
696.434598,432,3958.48589
701.338207,432,3959.171898
716.379014,432,3959.781127
640.431074,432,3960.386246
667.082189,432,3961.943804
750.693403,432,3963.528643
756.944347,432,3964.855958
653.066166,432,3966.184757
704.814794,432,3967.620168
679.827078,432,3969.208308
622.623149,432,3970.537852
664.686178,432,3971.866203
750.460514,432,3973.237205
723.475226,432,3974.880621
751.480982,432,3976.222503
487.704281,432,3977.568286
629.940799,432,3978.947531
630.258595,432,3980.57467
694.988916,432,3981.892414
672.734878,432,3983.207082
558.86805,432,3984.559759
535.444881,432,3985.902426
620.258278,432,3987.240048
636.251497,432,3988.55426
624.990355,432,3990.010666
655.426979,432,3991.600231
687.172509,432,3992.916641
642.765129,432,3994.259801
670.165768,432,3995.500371
666.991127,432,3997.196027
681.463615,432,3998.537155
714.753439,432,3999.877692
717.959957,432,4001.113108
701.797652,432,4002.759714
592.331727,432,4004.076239
436.98834,432,4005.422732
721.851051,432,4006.836804
540.625161,432,4008.419793
526.076713,432,4009.738555
701.855785,432,4011.057504
716.903035,432,4012.465636
653.604864,432,4014.103218
716.372839,432,4015.430881
722.43109,432,4016.749304
550.987692,432,4018.243095
732.502131,432,4019.815393
670.706197,432,4021.147533
769.484316,432,4022.470443
657.862152,432,4023.88321
702.263412,432,4025.479581
683.151484,432,4026.818157
598.21851,432,4028.128028
752.287864,432,4029.533725
635.41995,432,4031.141303
692.545685,432,4032.478478
699.938131,432,4033.806591
717.590261,432,4035.147923
622.129782,432,4036.459041
716.680734,432,4037.774534
660.154409,432,4039.086873
657.526381,432,4040.511694
688.59624,432,4042.091236
669.308369,432,4043.423091
608.569399,432,4044.748697
528.142947,432,4046.135387
592.143165,432,4047.831353
757.532874,432,4049.156657
692.574742,432,4050.469917
741.135112,432,4051.818751
728.547537,432,4053.459361
663.701076,432,4054.796528
718.007716,432,4056.101182
619.365733,432,4057.556269
746.37436,432,4059.057639
660.945428,432,4060.364462
705.87448,432,4061.682045
671.542705,432,4063.119594
532.953412,432,4064.60938
669.934365,432,4065.922668
694.688425,432,4067.231446
663.105295,432,4068.629735
640.536623,432,4070.220277
654.673957,432,4071.537714
653.333297,432,4072.847551
711.426873,432,4074.249133
722.35781,432,4075.880448
675.314433,432,4077.198561
689.867184,432,4078.516393
627.176993,432,4079.916166
692.137877,432,4081.25985
697.604845,432,4081.862688
729.788317,432,4082.465101
688.664198,432,4083.064885
642.702078,432,4083.661254
674.195309,432,4085.080391
742.375745,432,4086.435755
614.945298,432,4087.76168
598.94737,432,4089.175569
714.784645,432,4090.785231
743.132066,432,4092.112263
716.624714,432,4093.430949
722.847793,432,4094.824855
663.072206,432,4096.413987
675.143488,432,4097.743662
66.38791,432,4099.054162
591.813435,432,4100.566548
737.94586,432,4102.203986
681.96664,432,4103.533503
659.706576,432,4104.874785
615.363832,432,4106.253304
621.946809,432,4107.868937
709.183002,432,4109.222766
677.345905,432,4110.542666
706.495916,432,4112.011099
701.242933,432,4113.567037
712.171604,432,4114.914299
739.392518,432,4116.238666
730.340352,432,4117.600483
751.345639,432,4119.27094
676.570623,432,4120.630498
702.596077,432,4121.823128
641.6064,432,4123.211824
744.971813,432,4124.807382
678.015848,432,4126.162165
674.409542,432,4127.381749
740.901316,432,4128.825973
644.667556,432,4130.413698
684.188088,432,4131.747756
756.128426,432,4133.092586
698.315966,432,4134.441965
701.882482,432,4135.750821
692.14386,432,4137.063291
723.049096,432,4138.379142
688.713811,432,4139.809515
671.539319,432,4141.450519
605.379927,432,4142.790005
595.166187,432,4144.128055
655.783238,432,4145.514988
728.428042,432,4147.254545
619.526449,432,4148.586994
673.328853,432,4149.908693
640.074937,432,4151.301969
610.651394,432,4152.898777
720.102641,432,4154.23566
550.31451,432,4155.54617
599.344506,432,4156.978492
696.544068,432,4158.555911
634.25122,432,4159.876028
587.788981,432,4161.210451
577.986581,432,4162.605949
750.723559,432,4164.353801
742.65186,432,4165.698233
738.706113,432,4167.032565
718.525859,432,4168.470297
662.565985,432,4170.089127
731.171756,432,4171.418939
568.500855,432,4172.74719
578.216873,432,4174.161398
599.992118,432,4175.738541
689.179487,432,4177.071287
733.256806,432,4178.403427
637.801261,432,4179.838129
723.846899,432,4181.42666
738.704993,432,4182.820712
627.711147,432,4184.086433
543.456581,432,4185.380557
693.903166,432,4186.994097
709.351076,432,4188.371743
707.13855,432,4189.6153
690.578757,432,4190.89182
747.081385,432,4192.532187
732.258446,432,4193.860994
741.116992,432,4195.174415
679.021647,432,4196.583681
639.918515,432,4198.252629
672.018247,432,4199.595168
645.724314,432,4200.926582
721.38346,432,4202.332016
638.518982,432,4203.982194
752.307785,432,4204.986909
710.011054,432,4205.564865
757.056536,432,4206.138399
754.005218,432,4206.738655
684.82642,432,4207.355509
711.619624,432,4208.879501
693.049218,432,4210.50372
582.41625,432,4212.00021
725.067647,432,4213.56184
688.848102,432,4214.881403
620.581613,432,4216.192544
757.763683,432,4217.605668
705.554653,432,4219.270456
686.281412,432,4220.600461
569.323724,432,4221.942801
673.831925,432,4223.365024
570.43821,432,4224.982417
698.432936,432,4226.325661
630.470904,432,4227.667031
678.41507,432,4229.087049
650.431913,432,4230.745863
629.659722,432,4232.071316
678.865745,432,4233.397071
611.404517,432,4234.753316
657.576512,432,4236.080685
642.221931,432,4237.392821
585.753962,432,4238.730202
679.610691,432,4240.164093
703.714875,432,4241.753603
638.498115,432,4243.092164
771.879076,432,4244.410179
714.722429,432,4245.835817
704.191138,432,4247.503215
735.850506,432,4248.78571
696.420065,432,4250.07347
738.8046,432,4251.551767
768.847859,432,4253.044167
746.172638,432,4254.366598
767.822427,432,4255.676989
676.539424,432,4257.026516
681.633457,432,4258.344542
649.352972,432,4259.662824
708.042472,432,4260.987729
730.172236,432,4262.419724
671.921747,432,4264.055648
700.205149,432,4265.387813
738.127466,432,4266.711038
635.403192,432,4268.166847
601.30005,432,4269.775791
540.144794,432,4271.106985
532.466445,432,4272.42309
607.73096,432,4273.877475
711.096138,432,4275.463111
612.730888,432,4276.784256
644.35316,432,4278.103721
635.386511,432,4279.578846
469.870142,432,4281.194818
721.633699,432,4282.54539
692.603664,432,4283.872528
669.755487,432,4285.275065
674.695395,432,4286.890412
708.346789,432,4288.267485
702.206225,432,4289.615759
692.670473,432,4290.966846
632.971354,432,4292.289419
751.263706,432,4293.608086
646.047862,432,4294.93098
756.733708,432,4296.357429
676.641499,432,4297.983905
652.365171,432,4299.325905
691.448493,432,4300.647213
690.130743,432,4302.050596
702.383828,432,4303.647461
691.578166,432,4304.961364
643.720987,432,4306.273265
698.604569,432,4307.72865
706.9753,432,4309.347469
698.681129,432,4310.582399
734.080756,432,4311.900289
767.766185,432,4313.395735
636.204859,432,4314.994039
666.878707,432,4316.199064
657.827074,432,4317.513193
760.075388,432,4318.852866
694.865582,432,4320.497034
690.064029,432,4321.823665
563.308169,432,4323.148609
640.428963,432,4324.584097
645.462604,432,4326.171852
624.941078,432,4327.488473
754.324292,432,4328.495716
749.146988,432,4329.084672
722.171028,432,4329.677605
648.857738,432,4330.27429
709.620514,432,4330.879854
627.585831,432,4332.458954
682.905922,432,4334.268211
755.753738,432,4335.730339
577.43415,432,4337.06363
766.786825,432,4338.392994
677.251317,432,4339.78304
722.31368,432,4341.422568
723.252471,432,4342.763135
596.144029,432,4344.078252
390.684642,432,4345.431994
583.428423,432,4346.782544
671.449364,432,4348.103317
755.709297,432,4349.420487
678.781938,432,4350.839628
548.993228,432,4352.446731
683.961644,432,4353.79784
701.112852,432,4355.136935
696.297991,432,4356.584712
732.585054,432,4358.179345
605.648709,432,4359.519716
675.974504,432,4360.864297
683.382503,432,4362.253508
673.586374,432,4363.825589
726.700792,432,4365.140268
739.668264,432,4366.456212
644.348572,432,4367.856284
655.64601,432,4369.468814
611.117596,432,4370.790212
668.011734,432,4372.145607
708.045413,432,4373.423308
639.890305,432,4374.751008
743.403943,432,4376.047506
674.423663,432,4377.401652
771.397902,432,4378.706827
717.821011,432,4380.377355
748.10586,432,4381.725304
634.144497,432,4383.039512
683.94151,432,4384.460512
606.941871,432,4386.134429
772.903245,432,4387.466971
725.956656,432,4388.812645
503.890726,432,4390.274997
740.712537,432,4391.857818
725.87018,432,4393.204408
730.847502,432,4394.534016
590.89655,432,4395.956743
693.110386,432,4397.532046
733.551292,432,4398.857046
707.040849,432,4400.176813
653.559774,432,4401.58833
717.473025,432,4403.200646
639.146859,432,4404.545656
690.421894,432,4405.928646
739.732812,432,4407.365493
696.953779,432,4408.976069
756.100224,432,4410.303718
740.486814,432,4411.619177
679.661814,432,4413.035472
651.89989,432,4414.587036
738.387119,432,4415.907279
661.814581,432,4417.234308
639.56898,432,4418.636923
507.353517,432,4420.278025
639.838893,432,4421.62275
617.3475,432,4422.950244
722.1627,432,4424.438154
710.741611,432,4426.123492
723.646213,432,4427.459141
686.262273,432,4428.771472
764.913491,432,4430.161624
573.776726,432,4431.802641
709.397539,432,4433.14847
685.634824,432,4434.473241
674.711056,432,4435.946422
772.645299,432,4437.460047
575.999912,432,4438.784995
654.443289,432,4440.118108
712.733049,432,4441.51647
722.379082,432,4443.086658
626.841793,432,4444.402174
680.187639,432,4445.745284
712.775022,432,4447.118285
694.011423,432,4448.760906
667.166592,432,4450.095304
686.32358,432,4451.411386
757.380312,432,4452.434209
685.289313,432,4453.456199
760.861139,432,4454.075681
715.843607,432,4454.677011
688.894148,432,4455.274259
511.747363,432,4456.842597
712.189259,432,4458.453883
752.943651,432,4459.796742
791.557169,432,4461.138483
526.542445,432,4462.582697
683.658923,432,4464.194552
680.148214,432,4465.538759
745.351972,432,4466.866356
665.397946,432,4468.325189
616.281108,432,4469.871254
740.235528,432,4471.196753
744.349147,432,4472.512294
697.165029,432,4473.910252
691.296491,432,4475.547299
723.608026,432,4476.887649
747.897839,432,4478.213874
675.489406,432,4479.678914
496.766678,432,4481.278579
757.710583,432,4482.636398
571.191069,432,4483.950953
596.658943,432,4485.359816
690.298062,432,4486.926354
785.377603,432,4488.242644
718.326048,432,4489.561082
677.757798,432,4490.965579
691.152752,432,4492.509577
737.790539,432,4493.86937
700.996382,432,4495.166255
703.155184,432,4496.534551
580.623253,432,4498.236678
563.591617,432,4499.468252
713.73953,432,4500.734423
769.258673,432,4502.101952
679.430494,432,4503.808252
670.346039,432,4505.01768
695.918666,432,4506.307439
646.463368,432,4507.742001
677.13528,432,4509.303945
690.403801,432,4510.651562
602.199077,432,4511.975708
747.948656,432,4513.36377
701.259521,432,4514.913531
645.901201,432,4516.248364
627.946266,432,4517.584125
727.568497,432,4518.934775
82.913906,432,4520.251524
699.850448,432,4521.569617
700.478998,432,4522.884962
672.62275,432,4524.319494
667.516667,432,4525.884292
657.61021,432,4527.231854
745.470779,432,4528.554649
688.043114,432,4529.996714
576.33805,432,4531.598009
742.856047,432,4532.923291
730.2717,432,4534.240958
698.094622,432,4535.618406
707.942855,432,4537.241413
558.708368,432,4539.021818
686.135607,432,4540.484164
515.979867,432,4542.15427
741.496798,432,4543.735126
675.502857,432,4545.054022
678.574428,432,4546.44159
647.188511,432,4547.796505
712.116061,432,4549.120777
695.280131,432,4550.443528
663.541018,432,4551.814
659.595962,432,4553.385249
747.351132,432,4554.941007
676.846839,432,4556.269165
672.869395,432,4557.735725
662.169402,432,4559.265729
624.70033,432,4561.222356
677.595872,432,4562.632052
729.352575,432,4563.907221
665.776163,432,4565.44349
709.192353,432,4566.742694
728.52978,432,4568.065206
643.466785,432,4569.328237
731.468721,432,4570.938888
620.511735,432,4572.565349
681.220589,432,4573.884529
761.49739,432,4575.168052
705.562816,432,4576.656297
676.70051,432,4577.973659
712.453873,432,4578.608583
642.220572,432,4579.246876
751.141787,432,4579.869128
767.099069,432,4580.523402
679.671515,432,4582.236613
669.600936,432,4583.882638
679.993602,432,4585.18991
667.406287,432,4586.517236
756.951954,432,4588.299756
697.186178,432,4589.61483
724.08557,432,4590.995454
623.527558,432,4592.478945
516.691884,432,4594.091695
642.053226,432,4595.362243
525.70013,432,4596.719204
705.133981,432,4598.269792
706.334165,432,4599.850431
730.261355,432,4601.080257
737.445633,432,4602.394621
636.15256,432,4603.914745
695.219723,432,4605.48824
696.643109,432,4606.853867
763.371924,432,4608.19982
713.875647,432,4609.469203
678.522117,432,4611.226588
618.198933,432,4612.519024
772.672581,432,4613.904612
725.808066,432,4615.634477
641.968599,432,4617.1234
691.734805,432,4618.499913
652.985474,432,4619.766608
607.400171,432,4621.266668
538.266732,432,4622.863173
629.554788,432,4624.180125
674.326144,432,4625.419533
662.76382,432,4626.901445
716.266556,432,4628.510604
685.73548,432,4629.862553
694.80468,432,4631.159039
746.056048,432,4632.426125
660.477721,432,4634.087828
754.034965,432,4635.474367
749.355521,432,4636.84902
757.95159,432,4638.185359
724.699041,432,4639.847968
772.486309,432,4641.189735
694.815237,432,4642.42555
726.436188,432,4643.794631
451.586449,432,4645.144544
689.950961,432,4646.428455
733.564343,432,4647.72122
658.916569,432,4649.182617
694.937834,432,4650.875849
735.163304,432,4652.211443
659.082952,432,4653.45352
739.59154,432,4654.932078
642.1318,432,4656.66748
538.216479,432,4657.991978
667.660453,432,4659.229701
755.598344,432,4660.730442
610.320721,432,4662.406404
681.230558,432,4663.73754
660.65536,432,4665.040868
738.426405,432,4666.365477
681.004461,432,4668.102116
618.942022,432,4669.474286
743.132181,432,4670.757654
734.927121,432,4672.033985
470.584963,432,4673.790241
660.962733,432,4675.150176
706.378124,432,4676.503887
596.567771,432,4677.964742
699.630408,432,4679.513081
679.001797,432,4680.661268
716.5588,432,4681.795656
677.040664,432,4683.019961
653.81246,432,4684.689501
682.984651,432,4685.975718
507.230483,432,4687.230626
759.425516,432,4688.672422
744.720415,432,4690.367006
679.848485,432,4691.658731
722.800661,432,4692.867146
708.888639,432,4693.918376
734.044528,432,4695.447963
689.941399,432,4696.616963
35.629958,432,4697.796233
709.958424,432,4699.075784
730.988254,432,4700.770796
634.733693,432,4701.795618
763.355632,432,4702.383166
788.411535,432,4702.977565
750.18832,432,4703.593033
656.166203,432,4704.213562
769.241165,432,4705.831201
722.260554,432,4707.480787
726.518144,432,4709.013597
725.144669,432,4710.592398
642.214043,432,4712.0811
725.599976,432,4713.268713
770.228951,432,4714.490328
736.619198,432,4715.975195
687.326623,432,4717.084276
757.160677,432,4718.283235
687.661164,432,4719.518487
732.491554,432,4721.168664
771.10243,432,4722.570552
658.638307,432,4723.980462
751.153401,432,4725.406149
719.431529,432,4727.094317
680.923338,432,4728.378079
748.406826,432,4729.702355
749.296111,432,4730.945665
714.374806,432,4732.631936
711.121064,432,4733.964694
710.698288,432,4735.288885
636.408522,432,4736.75825
701.03548,432,4738.374628
669.931638,432,4739.726264
713.168948,432,4741.056854
652.418241,432,4742.527781
675.009485,432,4744.166582
752.221802,432,4745.511244
705.475294,432,4746.851823
705.935467,432,4748.276844
725.402035,432,4749.920256
772.63915,432,4751.254236
680.541046,432,4752.580302
731.926332,432,4754.048812
606.557565,432,4755.602336
431.511733,432,4756.937913
685.993705,432,4758.268163
735.283994,432,4759.731657
771.876069,432,4761.284284
529.422965,432,4762.614611
730.048105,432,4763.941164
725.268781,432,4765.326815
687.703691,432,4766.942118
680.555647,432,4768.256545
699.709266,432,4769.575039
667.187121,432,4770.950209
769.621148,432,4772.282279
688.362972,432,4773.612319
580.422469,432,4774.953477
673.899192,432,4776.424823
688.676987,432,4778.032856
726.884486,432,4779.367363
662.96654,432,4780.708443
615.393757,432,4782.156065
740.455672,432,4783.721357
641.642164,432,4785.04131
654.230815,432,4786.370346
694.68239,432,4787.852037
678.345511,432,4789.355399
742.434836,432,4790.67194
666.545009,432,4792.013063
577.896031,432,4793.495883
676.463574,432,4794.998769
663.443369,432,4796.335079
746.530217,432,4797.657978
758.513881,432,4799.025118
656.061016,432,4800.659123
773.190473,432,4801.98517
686.401802,432,4803.320701
655.000871,432,4804.723139
679.600643,432,4806.379475
695.237725,432,4807.710818
685.068095,432,4809.044271
720.234234,432,4810.506819
666.274223,432,4812.08494
551.242188,432,4813.420632
675.04524,432,4814.74818
700.594144,432,4816.256891
743.230165,432,4817.788027
739.466463,432,4819.106892
684.170096,432,4820.426705
559.208513,432,4821.815551
737.161212,432,4823.416154
674.83717,432,4824.752921
775.849588,432,4825.759951
741.216989,432,4826.340215
659.00736,432,4826.958085
679.885869,432,4827.559862
679.758779,432,4828.160582
756.666507,432,4829.721009
719.973515,432,4831.324337
710.132937,432,4833.041631
659.630826,432,4834.383044
743.688046,432,4835.710036
735.472092,432,4837.095693
686.702929,432,4838.437983
714.817381,432,4839.778162
660.341788,432,4841.091398
568.055753,432,4842.558106
754.682646,432,4844.121181
736.705874,432,4845.493188
696.763095,432,4846.835037
581.638369,432,4848.254746
634.320021,432,4849.931194
253.850775,432,4851.205599
766.158006,432,4852.449814
684.721725,432,4853.870961
747.398481,432,4855.546339
694.677377,432,4856.778295
698.037814,432,4858.041132
781.48134,432,4859.51176
764.559071,432,4861.163624
691.637616,432,4862.499132
751.695839,432,4863.826335
696.751936,432,4865.228906
694.024372,432,4866.900388
549.872926,432,4868.260193
635.1879,432,4869.59345
739.232997,432,4870.99531
600.051889,432,4872.63858
737.787064,432,4873.970026
713.500356,432,4875.318757
764.125492,432,4876.736948
681.900309,432,4878.342072
651.406623,432,4879.686266
605.400855,432,4881.016128
773.432368,432,4882.553932
671.83491,432,4884.115077
696.262611,432,4885.456059
748.494053,432,4886.797372
569.32701,432,4888.265831
703.271403,432,4889.94633
644.451565,432,4891.279224
631.63768,432,4892.607746
545.653483,432,4894.069935
699.142929,432,4895.696373
742.670145,432,4897.066922
666.105435,432,4898.404961
729.654603,432,4899.822414
562.738536,432,4901.441245
707.483315,432,4902.772624
692.278039,432,4904.115392
647.415901,432,4905.600074
672.461076,432,4907.203038
483.981736,432,4908.54698
418.639684,432,4909.873932
665.087327,432,4911.293864
691.142908,432,4912.98595
715.46841,432,4914.249893
722.171629,432,4915.506787
761.050505,432,4917.226639
754.040215,432,4919.144902
694.08798,432,4920.965943
666.508937,432,4922.729522
635.913234,432,4924.422459
604.796363,432,4926.140856
660.874607,432,4927.53411
677.78385,432,4928.908817
642.461387,432,4930.458756
683.441103,432,4932.10844
515.228027,432,4933.991676
598.575015,432,4935.561675
728.317829,432,4937.054353
708.765478,432,4938.876548
645.145535,432,4940.117552
632.086652,432,4941.485895
563.096917,432,4943.115489
696.044891,432,4944.514339
701.652603,432,4945.728601
520.937009,432,4947.041679
658.6147,432,4948.719676
679.401157,432,4950.401759
664.941352,432,4951.863919
754.749024,432,4953.307114
685.770301,432,4954.451106
757.339332,432,4955.568398
766.450425,432,4956.315418
565.816263,432,4957.031576
728.52445,432,4957.722648
744.887348,432,4959.450651
760.920205,432,4961.060431
570.497794,432,4962.528843
754.12169,432,4963.971111
525.279249,432,4965.59862
710.032409,432,4967.209414
638.476167,432,4968.507283
571.177529,432,4969.879619
680.472342,432,4971.392865
652.056875,432,4973.142732
698.269791,432,4974.50233
696.260735,432,4975.876568
719.915631,432,4977.359803
608.903122,432,4979.009547
701.093944,432,4980.36711
609.460842,432,4981.801049
533.85097,432,4983.146372
714.421041,432,4984.92876
687.762964,432,4986.343922
566.260383,432,4987.763921
758.291863,432,4989.295843
682.633486,432,4990.966416
739.234501,432,4992.337481
696.951642,432,4993.712766
724.763761,432,4995.276855
655.23596,432,4996.916
593.757607,432,4998.300072
766.361725,432,4999.721642
737.296,432,5001.051245
678.6968,432,5002.86623
633.41554,432,5004.280307
706.865875,432,5005.634347
672.361929,432,5007.24302
711.293564,432,5008.933064
723.220489,432,5010.215497
699.763543,432,5011.601413
682.463235,432,5013.085543
743.014146,432,5014.758691
713.213801,432,5016.155384
721.951837,432,5017.561218
665.110567,432,5019.196123
608.630373,432,5020.902624
719.758781,432,5022.343276
691.252193,432,5023.766695
702.740714,432,5025.221145
565.519345,432,5026.659393
487.078642,432,5028.01127
710.007541,432,5029.411512
679.495323,432,5030.824572
688.4594,432,5032.51678
708.38982,432,5033.921563
736.681709,432,5035.338689
717.482,432,5036.807148
675.596864,432,5038.477664
716.844247,432,5039.853357
650.894347,432,5041.234138
609.51238,432,5042.510709
722.505548,432,5044.397716
669.599687,432,5045.7546
568.934005,432,5047.103957
696.574941,432,5048.708786
660.427613,432,5050.380639
644.220856,432,5051.700231
753.509037,432,5053.052507
623.009991,432,5054.354887
757.856991,432,5056.192463
749.387339,432,5057.586424
711.736982,432,5058.982611
728.472612,432,5060.578079
744.698031,432,5062.23205
765.202039,432,5063.676421
760.630395,432,5065.068865
661.729071,432,5066.494679
700.596565,432,5067.814171
736.607912,432,5069.185323
518.800358,432,5070.5829
528.127654,432,5072.044691
708.448137,432,5073.740937
673.80729,432,5075.182239
723.46513,432,5076.583675
665.552536,432,5077.955983
669.283461,432,5079.359848
672.742631,432,5080.75567
635.964711,432,5082.132662
656.16724,432,5083.639757
739.143253,432,5085.048707
747.238812,432,5085.679908
649.808941,432,5086.306774
625.355886,432,5086.949134
754.985933,432,5087.574881
634.324914,432,5089.309928
631.454747,432,5090.793167
590.099585,432,5092.18696
780.360256,432,5093.686038
668.261215,432,5095.100032
743.946066,432,5096.552511
693.711182,432,5097.997694
630.835169,432,5099.526396
790.906996,432,5101.303093
710.807516,432,5102.812897
616.942378,432,5104.088679
769.68731,432,5105.549449
742.936581,432,5107.337771
669.844077,432,5108.719047
650.435119,432,5110.064054
682.99781,432,5111.591928
642.887558,432,5113.242988
681.101785,432,5114.677252
701.021333,432,5116.115814
695.577324,432,5117.717052
686.251074,432,5119.423317
693.494246,432,5120.895459
676.910901,432,5122.327947
647.508516,432,5124.039378
758.1222,432,5125.69094
745.670022,432,5127.176786
604.836963,432,5128.648937
743.979516,432,5130.021571
461.705537,432,5131.763317
754.96542,432,5133.168454
699.08897,432,5134.541028
657.811694,432,5136.06638
687.689387,432,5137.436406
736.89627,432,5138.876699
729.827331,432,5140.215392
714.05069,432,5141.833618
512.425367,432,5143.334899
733.588852,432,5144.771585
697.977366,432,5146.181598
720.080075,432,5147.802984
694.560738,432,5149.540708
760.025533,432,5150.978226
702.805973,432,5152.382331
717.010395,432,5153.996189
705.80671,432,5155.578515
657.558458,432,5156.99397
733.5646,432,5158.341958
623.123301,432,5160.00202
687.699144,432,5161.738312
772.52352,432,5163.155331
687.37729,432,5164.580213
638.95976,432,5166.199231
532.44008,432,5167.765603
703.825317,432,5169.232208
685.883251,432,5170.734841
755.712514,432,5172.150907
701.257815,432,5173.972698
704.42965,432,5175.394171
732.37383,432,5176.76697
417.954214,432,5178.142513
699.443897,432,5179.88659
683.725273,432,5181.311333
677.779391,432,5182.676362
742.782751,432,5184.131773
695.117301,432,5185.881722
713.668151,432,5187.324593
697.218338,432,5188.755081
699.673698,432,5190.321138
693.113228,432,5191.963175
682.486137,432,5193.339097
739.832686,432,5194.70016
637.275455,432,5196.337472
702.619592,432,5197.827371
723.114599,432,5199.290447
717.043166,432,5200.777575
749.180265,432,5202.099877
601.516367,432,5204.221305
670.548462,432,5205.883419
708.989409,432,5207.097164
729.512028,432,5208.595532
714.766543,432,5210.121469
601.318817,432,5211.35317
721.978663,432,5212.761026
721.508677,432,5214.311754
646.240357,432,5216.189841
742.486066,432,5217.165944
771.434978,432,5217.720236
533.150044,432,5218.298871
771.31768,432,5219.122692
583.878522,432,5219.733082
702.78,432,5221.167648
732.430682,432,5222.940805
720.091274,432,5224.455676
739.08941,432,5226.166392
691.129989,432,5227.720246
734.238364,432,5229.11152
516.664401,432,5231.928459
611.617417,432,5233.823475
726.466038,432,5235.611453
645.80553,432,5236.952429
568.036588,432,5238.462366
449.402201,432,5240.01605
740.369249,432,5241.354458
716.282869,432,5242.516106
605.244225,432,5243.970389
685.66862,432,5245.927907
678.800421,432,5247.48019
758.538562,432,5248.791907
733.736192,432,5250.383748
642.515259,432,5251.724829
616.725446,432,5253.277837
710.458582,432,5254.728386
687.901867,432,5256.488902
706.092566,432,5258.142615
737.475029,432,5259.526897
685.105636,432,5260.858707
682.020047,432,5262.43095
748.912382,432,5264.107961
669.695182,432,5265.613856
744.401103,432,5267.017984
564.207061,432,5268.402824
561.578085,432,5270.041016
608.261687,432,5271.393385
731.648664,432,5272.726483
683.686631,432,5274.130104
709.25928,432,5275.907598
666.578803,432,5277.265543
624.286143,432,5278.589247
725.963521,432,5279.953846
752.709739,432,5281.281542
664.047772,432,5282.608873
766.921929,432,5283.949163
686.02427,432,5285.397994
670.365851,432,5287.011102
697.068844,432,5288.328088
699.394869,432,5289.650155
720.641056,432,5291.138591
695.935775,432,5292.712367
558.197896,432,5294.043981
730.861521,432,5295.362851
694.530556,432,5296.933447
734.765279,432,5298.414151
667.950603,432,5299.857184
677.049137,432,5301.190954
567.614947,432,5302.530031
666.168084,432,5303.931613
544.251399,432,5305.286961
734.471893,432,5306.71084
755.843158,432,5308.275035
722.975455,432,5309.874163
695.532932,432,5311.342566
676.876696,432,5312.633795
667.436642,432,5313.960682
758.274079,432,5315.325893
624.178396,432,5316.559054
568.376292,432,5317.852808
659.361733,432,5319.307779
645.206076,432,5321.014785
749.385433,432,5322.30288
751.695512,432,5323.58844
446.083683,432,5324.94075
691.158255,432,5326.634251
723.1004,432,5327.920076
702.177057,432,5329.282746
737.448927,432,5330.654246
780.738461,432,5332.24989
732.191286,432,5333.526136
748.368085,432,5334.824686
637.367934,432,5336.138595
649.235255,432,5337.403631
633.205886,432,5338.682749
722.619657,432,5340.018168
687.608583,432,5341.493849
634.228419,432,5343.25097
583.358787,432,5344.500506
729.591024,432,5345.548716
725.817352,432,5346.219603
736.048884,432,5346.809672
763.042276,432,5347.410545
745.261267,432,5348.038017
707.036258,432,5349.72663
749.184594,432,5351.340294
772.443761,432,5352.797016
701.070053,432,5353.947075
730.38335,432,5355.202895
510.87739,432,5356.339242
703.264848,432,5358.24756
714.694223,432,5359.657816
603.500123,432,5360.98169
617.00016,432,5362.616366
731.075514,432,5364.308296
603.762448,432,5365.857111
662.493032,432,5367.333809
649.446731,432,5368.698201
728.796816,432,5370.404428
733.869897,432,5371.786612
672.53143,432,5373.12282
747.570174,432,5374.526672
703.704795,432,5376.229829
740.151988,432,5377.644392
657.677541,432,5378.972009
683.764998,432,5380.247847
773.47449,432,5381.931407
695.211257,432,5383.297675
762.935506,432,5384.661594
613.533359,432,5386.136412
738.465976,432,5387.796766
747.92866,432,5389.401813
694.26148,432,5390.988506
716.689339,432,5392.78748
682.509171,432,5394.253184
639.669466,432,5395.583066
749.328204,432,5396.903669
574.075315,432,5398.266575
