,mean_episode_rewards,std_episode_rewards,episodes,Q_values_policy,Q_values_target,steps,action_randomness
0,-2.4965035915374756,2.4204087257385254,0,1.6823937892913818,0.9531192779541016,143.0,0.9790209790209791
1,-2.0279719829559326,2.6150293350219727,1,0.8462590575218201,0.6315743923187256,143.0,0.965034965034965
2,-2.6713287830352783,2.2925121784210205,2,0.3904746472835541,0.40264028310775757,143.0,0.9440559440559441
3,-2.5734264850616455,2.3429393768310547,3,0.5129637122154236,0.28643977642059326,143.0,0.972027972027972
4,-2.307692289352417,2.537083625793457,4,0.3130635917186737,0.22763770818710327,143.0,0.951048951048951
5,-2.3636362552642822,2.5571658611297607,5,0.4331885278224945,0.1398032307624817,143.0,0.9440559440559441
6,-2.153846263885498,2.421661376953125,6,0.18658539652824402,0.042732492089271545,143.0,0.9370629370629371
7,-2.5804195404052734,2.282228708267212,7,0.14438903331756592,-0.03300745040178299,143.0,0.986013986013986
8,-2.6503496170043945,2.645113468170166,8,0.11482354998588562,-0.08567360043525696,143.0,0.958041958041958
9,-1.734265685081482,2.477735996246338,9,-0.016425736248493195,-0.15608397126197815,143.0,0.965034965034965
10,-2.0209789276123047,2.666729688644409,10,0.2023957371711731,-0.18184679746627808,143.0,0.9090909090909091
11,-1.8321678638458252,2.2870447635650635,11,0.07880206406116486,-0.2256714552640915,143.0,0.9300699300699301
12,-1.804195761680603,2.1262879371643066,12,-0.011285636574029922,-0.28575223684310913,143.0,0.9300699300699301
13,-1.7692307233810425,2.5134389400482178,13,0.03748030215501785,-0.2302926927804947,143.0,0.9090909090909091
14,-1.5174825191497803,2.4087634086608887,14,-0.04633193463087082,-0.22149530053138733,143.0,0.9370629370629371
15,-1.6433566808700562,2.6560540199279785,15,-0.004405807703733444,-0.23980480432510376,143.0,0.9370629370629371
16,-1.9370629787445068,2.395265579223633,16,0.1123645007610321,-0.20627827942371368,143.0,0.9370629370629371
17,-1.9860140085220337,2.409149408340454,17,0.10897207260131836,-0.2292124629020691,143.0,0.951048951048951
18,-1.7202796936035156,2.251357316970825,18,0.12257054448127747,-0.14960891008377075,143.0,0.9090909090909091
19,-2.062937021255493,2.4069156646728516,19,0.18039599061012268,-0.14117391407489777,143.0,0.9440559440559441
20,-2.0,2.35636305809021,20,0.0861189067363739,-0.13747408986091614,143.0,0.9300699300699301
21,-2.3496503829956055,2.4301681518554688,21,-0.004408212378621101,-0.12490332126617432,143.0,0.9370629370629371
22,-2.0979020595550537,2.4418113231658936,22,0.11606825888156891,-0.09359289705753326,143.0,0.951048951048951
23,-2.5104894638061523,2.6281614303588867,23,0.18386800587177277,-0.07793082296848297,143.0,0.9230769230769231
24,-2.1748251914978027,2.3926305770874023,24,0.18559187650680542,-0.06078331172466278,143.0,0.9300699300699301
25,-1.7692307233810425,2.2146754264831543,25,0.16923008859157562,-0.03297694772481918,143.0,0.9300699300699301
26,-2.4825174808502197,2.4547746181488037,26,0.18281708657741547,-0.04146326333284378,143.0,0.958041958041958
27,-1.7552447319030762,2.6050429344177246,27,0.2917165160179138,0.05664994195103645,143.0,0.8951048951048951
28,-2.244755268096924,2.4443936347961426,28,0.38010525703430176,0.12568894028663635,143.0,0.951048951048951
29,-1.8741258382797241,2.3618979454040527,29,0.30815792083740234,0.12420042604207993,143.0,0.9020979020979021
30,-2.2797203063964844,2.3397018909454346,30,0.3248739242553711,0.104280486702919,143.0,0.965034965034965
31,-2.314685344696045,2.4335060119628906,31,0.45005351305007935,0.19455227255821228,143.0,0.9230769230769231
32,-2.37062931060791,2.4882333278656006,32,0.4448298215866089,0.18681344389915466,143.0,0.9370629370629371
33,-1.6293705701828003,2.3907699584960938,33,0.4860941767692566,0.250602126121521,143.0,0.9370629370629371
34,-1.8671329021453857,2.489804983139038,34,0.6890116333961487,0.3855572044849396,143.0,0.9440559440559441
35,-2.531468629837036,2.5796520709991455,35,0.47118592262268066,0.2281084507703781,143.0,0.9090909090909091
36,-1.6503496170043945,2.6530330181121826,36,0.5238181352615356,0.29388728737831116,143.0,0.9020979020979021
37,-2.321678400039673,2.513185977935791,37,0.5672497153282166,0.3286046087741852,143.0,0.9090909090909091
38,-2.1818182468414307,2.41683030128479,38,0.6021063327789307,0.3330162465572357,143.0,0.8811188811188811
39,-1.6433566808700562,2.333716630935669,39,0.5342671871185303,0.4082110524177551,143.0,0.8951048951048951
40,-1.9790209531784058,2.312835931777954,40,0.5226339101791382,0.37185776233673096,143.0,0.916083916083916
41,-2.2797203063964844,2.7030301094055176,41,0.6530718207359314,0.4523567259311676,143.0,0.8951048951048951
42,-2.0349650382995605,2.4045777320861816,42,0.6636327505111694,0.43091800808906555,143.0,0.8951048951048951
43,-2.524475574493408,2.310911178588867,43,0.6058497428894043,0.47561758756637573,143.0,0.9020979020979021
44,-1.9650349617004395,2.684877634048462,44,0.6138986349105835,0.5084084272384644,143.0,0.9090909090909091
45,-1.7272727489471436,2.4670748710632324,45,0.739535927772522,0.5642290711402893,143.0,0.9370629370629371
46,-1.8741258382797241,2.4347918033599854,46,0.7257612943649292,0.5710021257400513,143.0,0.8811188811188811
47,-2.293706178665161,2.5932462215423584,47,0.8082309365272522,0.607043981552124,143.0,0.8601398601398601
48,-2.1328670978546143,2.395327091217041,48,0.6989309787750244,0.5936036109924316,143.0,0.951048951048951
49,-1.7832168340682983,2.429825782775879,49,0.9064880609512329,0.6483592987060547,143.0,0.8881118881118881
50,-1.881118893623352,2.3459219932556152,50,0.8641407489776611,0.6473532915115356,143.0,0.8881118881118881
51,-2.006993055343628,2.4651317596435547,51,0.8797821402549744,0.7431330680847168,143.0,0.9020979020979021
52,-2.160839080810547,2.4570446014404297,52,0.9817386269569397,0.7689198851585388,143.0,0.8951048951048951
53,-1.6573426723480225,2.4123947620391846,53,0.9473382234573364,0.7095189690589905,143.0,0.9230769230769231
54,-1.7202796936035156,2.642857074737549,54,0.8642078042030334,0.6665579676628113,143.0,0.8741258741258742
55,-2.139860153198242,2.053826332092285,55,0.8882288932800293,0.7264266014099121,143.0,0.8951048951048951
56,-2.1048951148986816,2.5821151733398438,56,0.8903728127479553,0.7735689878463745,143.0,0.9370629370629371
57,-1.4405593872070312,2.2333216667175293,57,0.8249005079269409,0.6850650906562805,143.0,0.916083916083916
58,-2.1888113021850586,2.466420888900757,58,0.899959921836853,0.8468237519264221,143.0,0.8811188811188811
59,-1.4125874042510986,2.2880921363830566,59,1.178551197052002,0.8654124736785889,143.0,0.8671328671328671
60,-1.7412587404251099,2.5794055461883545,60,1.1745638847351074,0.9706437587738037,143.0,0.8671328671328671
61,-2.14685320854187,2.6257412433624268,61,0.9544018507003784,0.7873010039329529,143.0,0.9090909090909091
62,-1.8601398468017578,2.3729283809661865,62,1.0207270383834839,0.8356789350509644,143.0,0.9370629370629371
63,-1.622377634048462,2.5958659648895264,63,0.9581325650215149,0.8925241231918335,143.0,0.8601398601398601
64,-1.7552447319030762,2.4700069427490234,64,1.0973137617111206,0.9188448190689087,143.0,0.8951048951048951
65,-1.615384578704834,2.5389914512634277,65,1.0074994564056396,0.8772202730178833,143.0,0.8811188811188811
66,-2.5104894638061523,2.3589351177215576,66,1.1140567064285278,1.0042271614074707,143.0,0.9230769230769231
67,-2.4965035915374756,2.533341646194458,67,1.095947027206421,0.9475316405296326,143.0,0.9370629370629371
68,-1.5664335489273071,2.4567859172821045,68,1.1369993686676025,0.9901283979415894,143.0,0.9230769230769231
69,-1.6083916425704956,2.3475472927093506,69,1.2904863357543945,1.0853691101074219,143.0,0.9090909090909091
70,-1.314685344696045,2.4449737071990967,70,1.171863317489624,1.0658154487609863,143.0,0.8601398601398601
71,-1.5594406127929688,2.549159526824951,71,1.1040003299713135,0.9961617588996887,143.0,0.8811188811188811
72,-2.300699234008789,2.3830254077911377,72,1.1683683395385742,1.0269522666931152,143.0,0.8881118881118881
73,-2.2097902297973633,2.347005605697632,73,1.19012451171875,1.0424861907958984,143.0,0.8741258741258742
74,-1.9720280170440674,2.5085701942443848,74,1.3238223791122437,1.1644022464752197,143.0,0.8601398601398601
75,-1.923076868057251,2.4977667331695557,75,1.2926363945007324,1.1163519620895386,143.0,0.9230769230769231
76,-1.7272727489471436,2.621006488800049,76,1.205277442932129,1.1134419441223145,143.0,0.8531468531468531
77,-1.5104894638061523,2.513925075531006,77,1.3416603803634644,1.3034179210662842,143.0,0.8461538461538461
78,-1.930069923400879,2.355325222015381,78,1.373420000076294,1.2436869144439697,143.0,0.8811188811188811
79,-2.3356642723083496,2.347276449203491,79,1.2122269868850708,1.1063177585601807,143.0,0.8671328671328671
80,-1.8881118297576904,2.5532233715057373,80,1.2728482484817505,1.2610130310058594,143.0,0.8391608391608392
81,-1.7132867574691772,2.3492965698242188,81,1.2888643741607666,1.2288107872009277,143.0,0.9020979020979021
82,-2.3286712169647217,2.780491828918457,82,1.3576422929763794,1.293379545211792,143.0,0.8811188811188811
83,-1.8671329021453857,2.74113392829895,83,1.4572687149047852,1.3307244777679443,143.0,0.8321678321678322
84,-2.0419580936431885,2.3351199626922607,84,1.2373552322387695,1.2075146436691284,143.0,0.8671328671328671
85,-1.6363636255264282,2.3962252140045166,85,1.456747055053711,1.3122167587280273,143.0,0.8601398601398601
86,-2.160839080810547,2.568366765975952,86,1.5531437397003174,1.465335726737976,143.0,0.8951048951048951
87,-2.3286712169647217,2.4659249782562256,87,1.361018419265747,1.3090083599090576,143.0,0.8461538461538461
88,-2.321678400039673,2.5818121433258057,88,1.2685883045196533,1.2350906133651733,143.0,0.8531468531468531
89,-1.8671329021453857,2.707766056060791,89,1.3804206848144531,1.2820000648498535,143.0,0.8391608391608392
90,-1.811188817024231,2.4264020919799805,90,1.4437446594238281,1.3500087261199951,143.0,0.8601398601398601
91,-2.0419580936431885,2.70940899848938,91,1.3381130695343018,1.3033050298690796,143.0,0.8601398601398601
92,-2.475524425506592,2.286574363708496,92,1.2320177555084229,1.2259604930877686,143.0,0.9300699300699301
93,-2.1958041191101074,2.3630568981170654,93,1.2689992189407349,1.1500201225280762,143.0,0.8391608391608392
94,-2.37062931060791,2.373154878616333,94,1.396295428276062,1.4176466464996338,143.0,0.8741258741258742
95,-1.6643356084823608,2.5307729244232178,95,1.2329216003417969,1.1449445486068726,143.0,0.8461538461538461
96,-1.6573426723480225,2.429725170135498,96,1.496334433555603,1.4149491786956787,143.0,0.8531468531468531
97,-2.37062931060791,2.479787588119507,97,1.5523128509521484,1.55743408203125,143.0,0.8671328671328671
98,-2.2867133617401123,2.3042144775390625,98,1.3288419246673584,1.3587396144866943,143.0,0.8391608391608392
99,-2.14685320854187,2.628403425216675,99,1.3225057125091553,1.3029460906982422,143.0,0.7902097902097902
100,-1.6083916425704956,2.5004472732543945,100,1.4364452362060547,1.4159975051879883,143.0,0.8881118881118881
101,-1.9720280170440674,2.6495654582977295,101,1.389631748199463,1.292205810546875,143.0,0.8881118881118881
102,-1.7552447319030762,2.489746332168579,102,1.2630164623260498,1.2250325679779053,143.0,0.8671328671328671
103,-1.9790209531784058,2.6980137825012207,103,1.277442216873169,1.2903705835342407,143.0,0.8391608391608392
104,-2.0349650382995605,2.4818572998046875,104,1.4889694452285767,1.4174237251281738,143.0,0.8671328671328671
105,-1.8671329021453857,2.464397430419922,105,1.5024309158325195,1.4785428047180176,143.0,0.8881118881118881
106,-1.5664335489273071,2.4137122631073,106,1.3332629203796387,1.3341319561004639,143.0,0.8531468531468531
107,-1.6083916425704956,2.247095823287964,107,1.4784553050994873,1.4450798034667969,143.0,0.8461538461538461
108,-1.9090908765792847,2.4435131549835205,108,1.6287012100219727,1.6392933130264282,143.0,0.8671328671328671
109,-2.2727272510528564,2.7282052040100098,109,1.3563411235809326,1.406536340713501,143.0,0.9230769230769231
110,-2.069930076599121,2.387761116027832,110,1.5088071823120117,1.4741169214248657,143.0,0.8741258741258742
111,-1.3706294298171997,2.1570451259613037,111,1.3655931949615479,1.3094199895858765,143.0,0.8111888111888111
112,-2.2097902297973633,2.582494020462036,112,1.5739705562591553,1.5054442882537842,143.0,0.9090909090909091
113,-1.5104894638061523,2.271338939666748,113,1.424408197402954,1.3931254148483276,143.0,0.8461538461538461
114,-2.524475574493408,2.4689178466796875,114,1.510634183883667,1.471803069114685,143.0,0.9020979020979021
115,-1.4195804595947266,2.4132866859436035,115,1.3298060894012451,1.3087742328643799,143.0,0.8181818181818182
116,-1.4895105361938477,2.5933403968811035,116,1.453294277191162,1.3551051616668701,143.0,0.8461538461538461
117,-2.2517483234405518,2.288519859313965,117,1.7392261028289795,1.651106834411621,143.0,0.8601398601398601
118,-1.9720280170440674,2.411928415298462,118,1.4408111572265625,1.3961502313613892,143.0,0.8391608391608392
119,-2.1328670978546143,2.303046941757202,119,1.3215070962905884,1.3194940090179443,143.0,0.9020979020979021
120,-2.1048951148986816,2.7346858978271484,120,1.4659565687179565,1.4287327527999878,143.0,0.8461538461538461
121,-2.1818182468414307,2.4824881553649902,121,1.3042190074920654,1.3015682697296143,143.0,0.8811188811188811
122,-1.7482517957687378,2.3901562690734863,122,1.533961534500122,1.4935925006866455,143.0,0.8111888111888111
123,-2.223776340484619,2.663977861404419,123,1.3576693534851074,1.3672454357147217,143.0,0.8531468531468531
124,-2.1958041191101074,2.418630361557007,124,1.5095665454864502,1.449177622795105,143.0,0.8461538461538461
125,-2.314685344696045,2.4846930503845215,125,1.4077926874160767,1.4324465990066528,143.0,0.8531468531468531
126,-1.762237787246704,2.5500802993774414,126,1.4180268049240112,1.3592841625213623,143.0,0.8601398601398601
127,-2.0209789276123047,2.4134485721588135,127,1.574540376663208,1.536632776260376,143.0,0.8811188811188811
128,-1.5244755744934082,2.3824305534362793,128,1.5078272819519043,1.455500602722168,143.0,0.7902097902097902
129,-1.7972028255462646,2.490708351135254,129,1.49625563621521,1.5141311883926392,143.0,0.8181818181818182
130,-2.237762212753296,2.4890191555023193,130,1.4518111944198608,1.3956024646759033,143.0,0.8601398601398601
131,-1.9370629787445068,2.3894195556640625,131,1.5524511337280273,1.5607025623321533,143.0,0.8461538461538461
132,-1.8531469106674194,2.3233628273010254,132,1.544738531112671,1.6058101654052734,143.0,0.7902097902097902
133,-1.734265685081482,2.494612455368042,133,1.539763331413269,1.6567151546478271,143.0,0.8041958041958042
134,-2.216783285140991,2.458437204360962,134,1.5950992107391357,1.6425247192382812,143.0,0.7902097902097902
135,-2.37062931060791,2.5684430599212646,135,1.4204025268554688,1.4340068101882935,143.0,0.8531468531468531
136,-1.4755244255065918,2.2835140228271484,136,1.2503231763839722,1.3244200944900513,143.0,0.8461538461538461
137,-1.5104894638061523,2.641432046890259,137,1.5661323070526123,1.5139951705932617,143.0,0.7972027972027972
138,-2.1048951148986816,2.202075481414795,138,1.3555302619934082,1.384645938873291,143.0,0.8251748251748252
139,-2.076923131942749,2.52006459236145,139,1.3448196649551392,1.3878154754638672,143.0,0.7622377622377622
140,-2.2797203063964844,2.3307178020477295,140,1.428992748260498,1.4731802940368652,143.0,0.7902097902097902
141,-1.9440559148788452,2.706573724746704,141,1.333831548690796,1.4176619052886963,143.0,0.8251748251748252
142,-1.9650349617004395,2.4045774936676025,142,1.4963219165802002,1.5356471538543701,143.0,0.8111888111888111
143,-1.3496503829956055,2.458775520324707,143,1.5221993923187256,1.5039081573486328,143.0,0.8391608391608392
144,-1.545454502105713,2.541205406188965,144,1.4920201301574707,1.417802333831787,143.0,0.8251748251748252
145,-1.7552447319030762,2.5644607543945312,145,1.5646674633026123,1.5289123058319092,143.0,0.7762237762237763
146,-1.7692307233810425,2.6356680393218994,146,1.3592811822891235,1.3665544986724854,143.0,0.8461538461538461
147,-2.069930076599121,2.3671715259552,147,1.458125114440918,1.4683243036270142,143.0,0.7832167832167832
148,-1.7832168340682983,2.6893727779388428,148,1.4221019744873047,1.417403221130371,143.0,0.8601398601398601
149,-2.1958041191101074,2.4786040782928467,149,1.5527353286743164,1.6146248579025269,143.0,0.8321678321678322
150,-1.8391607999801636,2.664583444595337,150,1.6078855991363525,1.5167840719223022,143.0,0.8181818181818182
151,-1.6783217191696167,2.6983585357666016,151,1.6047797203063965,1.582311987876892,143.0,0.8321678321678322
152,-1.5664335489273071,2.4963173866271973,152,1.4009909629821777,1.3770098686218262,143.0,0.8111888111888111
153,-1.4755244255065918,2.499880313873291,153,1.5976415872573853,1.6433310508728027,143.0,0.8251748251748252
154,-2.1328670978546143,2.4982171058654785,154,1.4800947904586792,1.4193379878997803,143.0,0.8181818181818182
155,-1.7062937021255493,2.62540602684021,155,1.5494451522827148,1.533212661743164,143.0,0.8391608391608392
156,-1.1818181276321411,2.3433775901794434,156,1.363893747329712,1.380758285522461,143.0,0.8041958041958042
157,-1.3356643915176392,2.403214931488037,157,1.6803771257400513,1.648282527923584,143.0,0.7972027972027972
158,-2.0279719829559326,2.5335347652435303,158,1.5151643753051758,1.537520408630371,143.0,0.8461538461538461
159,-1.622377634048462,2.4998018741607666,159,1.4861972332000732,1.4487333297729492,143.0,0.7762237762237763
160,-2.2517483234405518,2.640376567840576,160,1.4277297258377075,1.4003527164459229,143.0,0.8111888111888111
161,-1.9580419063568115,2.429060935974121,161,1.3737448453903198,1.4065251350402832,143.0,0.8321678321678322
162,-2.2657341957092285,2.541821002960205,162,1.3978554010391235,1.392152190208435,143.0,0.8111888111888111
163,-2.006993055343628,2.2794198989868164,163,1.5217150449752808,1.506003975868225,143.0,0.8181818181818182
164,-1.3916083574295044,2.4208736419677734,164,1.3591430187225342,1.3822636604309082,143.0,0.8041958041958042
165,-1.573426604270935,2.3459219932556152,165,1.5615555047988892,1.5908887386322021,143.0,0.7832167832167832
166,-1.8531469106674194,2.2777674198150635,166,1.5890886783599854,1.5665886402130127,143.0,0.8461538461538461
167,-1.622377634048462,2.4374818801879883,167,1.5105029344558716,1.4830323457717896,143.0,0.7902097902097902
168,-1.6083916425704956,2.215757131576538,168,1.3901560306549072,1.3838400840759277,143.0,0.8181818181818182
169,-1.6293705701828003,2.6462225914001465,169,1.554282307624817,1.5240709781646729,143.0,0.7552447552447552
170,-1.7272727489471436,2.5314300060272217,170,1.527095079421997,1.497260332107544,143.0,0.8111888111888111
171,-1.7272727489471436,2.6183371543884277,171,1.5799468755722046,1.5807076692581177,143.0,0.8461538461538461
172,-2.1188812255859375,2.4018917083740234,172,1.361897349357605,1.3623149394989014,143.0,0.7902097902097902
173,-1.9020979404449463,2.4158992767333984,173,1.4702389240264893,1.447798490524292,143.0,0.8461538461538461
174,-2.1258740425109863,2.5607776641845703,174,1.3930981159210205,1.4239494800567627,143.0,0.7692307692307693
175,-2.3566434383392334,2.4449336528778076,175,1.459031343460083,1.4616608619689941,143.0,0.8461538461538461
176,-1.993006944656372,2.3931620121002197,176,1.4020233154296875,1.4757072925567627,143.0,0.7972027972027972
177,-1.3496503829956055,2.458775520324707,177,1.3938076496124268,1.4313687086105347,143.0,0.8041958041958042
178,-2.0349650382995605,2.6082510948181152,178,1.3895204067230225,1.393923282623291,143.0,0.8181818181818182
179,-1.3986014127731323,2.371567964553833,179,1.293553352355957,1.333484172821045,143.0,0.8461538461538461
180,-1.9720280170440674,2.426381826400757,180,1.574120044708252,1.5578149557113647,143.0,0.7972027972027972
181,-1.6573426723480225,2.4383442401885986,181,1.6956685781478882,1.6709009408950806,143.0,0.7062937062937062
182,-1.6713286638259888,2.4913170337677,182,1.3180650472640991,1.3383293151855469,143.0,0.8181818181818182
183,-1.881118893623352,2.294686794281006,183,1.366772174835205,1.4217216968536377,143.0,0.7692307692307693
184,-2.1748251914978027,2.436077117919922,184,1.2783390283584595,1.3541020154953003,143.0,0.8041958041958042
185,-2.3636362552642822,2.6139631271362305,185,1.3903441429138184,1.422365427017212,143.0,0.7972027972027972
186,-1.6783217191696167,2.3846871852874756,186,1.2688841819763184,1.2987815141677856,143.0,0.8111888111888111
187,-1.622377634048462,2.5985586643218994,187,1.4579647779464722,1.490382432937622,143.0,0.7972027972027972
188,-1.9860140085220337,2.4608428478240967,188,1.4357266426086426,1.4677854776382446,143.0,0.8041958041958042
189,-1.9160839319229126,2.3843796253204346,189,1.189463496208191,1.221178412437439,143.0,0.8041958041958042
190,-1.7902097702026367,2.3018786907196045,190,1.1193196773529053,1.1788616180419922,143.0,0.7412587412587412
191,-1.4195804595947266,2.4563677310943604,191,1.4969167709350586,1.5248255729675293,143.0,0.7902097902097902
192,-2.1888113021850586,2.5664620399475098,192,1.0561494827270508,1.0910437107086182,143.0,0.7762237762237763
193,-1.3286713361740112,2.373443603515625,193,1.0725048780441284,1.1547727584838867,143.0,0.7622377622377622
194,-1.8531469106674194,2.4032554626464844,194,1.287895679473877,1.2775886058807373,143.0,0.7622377622377622
195,-1.265734314918518,2.2028307914733887,195,1.249525547027588,1.310559868812561,143.0,0.8251748251748252
196,-1.573426604270935,2.3872900009155273,196,1.4921936988830566,1.483402967453003,143.0,0.7902097902097902
197,-1.9510489702224731,2.6080260276794434,197,1.2566580772399902,1.2739169597625732,143.0,0.7482517482517482
198,-1.7902097702026367,2.549792528152466,198,1.3707367181777954,1.3804726600646973,143.0,0.8111888111888111
199,-1.9440559148788452,2.6065444946289062,199,1.3015782833099365,1.312652349472046,143.0,0.8041958041958042
200,-1.9020979404449463,2.4702839851379395,200,1.3752052783966064,1.3230262994766235,143.0,0.7832167832167832
201,-1.1678321361541748,2.308349132537842,201,1.3325996398925781,1.3403873443603516,143.0,0.7552447552447552
202,-1.5944056510925293,2.4954161643981934,202,1.2789934873580933,1.272228479385376,143.0,0.7552447552447552
203,-1.8321678638458252,2.1677420139312744,203,1.4014782905578613,1.4398990869522095,143.0,0.7622377622377622
204,-1.2937062978744507,2.274308204650879,204,1.394817590713501,1.3951454162597656,143.0,0.7482517482517482
205,-1.7902097702026367,2.317018747329712,205,1.5677437782287598,1.5083069801330566,143.0,0.7692307692307693
206,-1.8321678638458252,2.3174195289611816,206,1.1955351829528809,1.1977094411849976,143.0,0.7692307692307693
207,-2.0559439659118652,2.3968985080718994,207,1.3543996810913086,1.3965284824371338,143.0,0.7482517482517482
208,-1.734265685081482,2.3769025802612305,208,1.6001230478286743,1.6217738389968872,143.0,0.7482517482517482
209,-1.265734314918518,2.2154922485351562,209,1.4820445775985718,1.5019372701644897,143.0,0.7552447552447552
210,-1.8461538553237915,2.4042727947235107,210,1.2446166276931763,1.2207138538360596,143.0,0.8111888111888111
211,-1.9650349617004395,2.3575873374938965,211,1.5451096296310425,1.5316245555877686,143.0,0.8321678321678322
212,-1.881118893623352,2.537796974182129,212,1.401248574256897,1.414617657661438,143.0,0.6853146853146853
213,-1.6783217191696167,2.459749937057495,213,1.3295899629592896,1.3868992328643799,143.0,0.7482517482517482
214,-1.8671329021453857,2.187816619873047,214,1.407475471496582,1.407771110534668,143.0,0.7692307692307693
215,-1.8531469106674194,2.2186684608459473,215,1.3269023895263672,1.3573269844055176,143.0,0.8111888111888111
216,-1.615384578704834,2.4002420902252197,216,1.4930400848388672,1.4882538318634033,143.0,0.7622377622377622
217,-1.2447552680969238,2.421398878097534,217,1.2844960689544678,1.293995976448059,143.0,0.7202797202797203
218,-2.0279719829559326,2.1676065921783447,218,1.4882729053497314,1.4832898378372192,143.0,0.8041958041958042
219,-1.573426604270935,2.48207426071167,219,1.3819658756256104,1.3885705471038818,143.0,0.7622377622377622
220,-1.7272727489471436,2.458556652069092,220,1.368215560913086,1.3946250677108765,143.0,0.7412587412587412
221,-1.5244755744934082,2.4057977199554443,221,1.3877203464508057,1.4150655269622803,143.0,0.6923076923076923
222,-1.2307692766189575,2.3995697498321533,222,1.3731800317764282,1.412146806716919,143.0,0.7552447552447552
223,-1.7132867574691772,2.540916681289673,223,1.300209879875183,1.315528154373169,143.0,0.7552447552447552
224,-1.7692307233810425,2.56030011177063,224,1.3406040668487549,1.3382480144500732,143.0,0.7622377622377622
225,-1.188811182975769,2.2312185764312744,225,1.4094629287719727,1.4149808883666992,143.0,0.8111888111888111
226,-1.7692307233810425,2.337568759918213,226,1.3892526626586914,1.4054594039916992,143.0,0.7692307692307693
227,-1.6993006467819214,2.112351179122925,227,1.4936004877090454,1.4850664138793945,143.0,0.7902097902097902
228,-1.622377634048462,2.5053906440734863,228,1.577533483505249,1.5453343391418457,143.0,0.7622377622377622
229,-1.5174825191497803,2.3707220554351807,229,1.4397095441818237,1.460921049118042,143.0,0.7342657342657343
230,-1.9160839319229126,2.5350592136383057,230,1.3854056596755981,1.4092812538146973,143.0,0.8251748251748252
231,-2.300699234008789,2.555769443511963,231,1.3155639171600342,1.3692445755004883,143.0,0.7622377622377622
232,-1.307692289352417,2.441570997238159,232,1.27431058883667,1.2746782302856445,143.0,0.7272727272727273
233,-1.3636363744735718,2.28875470161438,233,1.173337459564209,1.2011027336120605,143.0,0.7412587412587412
234,-1.5104894638061523,2.3883960247039795,234,1.245203971862793,1.2669708728790283,143.0,0.7482517482517482
235,-1.7552447319030762,2.514897584915161,235,1.2864830493927002,1.303260087966919,143.0,0.8111888111888111
236,-1.6643356084823608,2.560987710952759,236,1.182497262954712,1.2101211547851562,143.0,0.7762237762237763
237,-1.6433566808700562,2.5430712699890137,237,1.3564088344573975,1.3911243677139282,143.0,0.7692307692307693
238,-1.0839160680770874,2.3098950386047363,238,1.3046844005584717,1.3295397758483887,143.0,0.6713286713286714
239,-1.9860140085220337,2.670706272125244,239,1.3092734813690186,1.3060641288757324,143.0,0.6923076923076923
240,-1.7692307233810425,2.598257541656494,240,1.1838340759277344,1.2254290580749512,143.0,0.7762237762237763
241,-1.7902097702026367,2.463305950164795,241,1.4517841339111328,1.4965360164642334,143.0,0.7832167832167832
242,-1.4615384340286255,2.6092069149017334,242,1.4724032878875732,1.4694349765777588,143.0,0.7272727272727273
243,-1.5804195404052734,2.354619264602661,243,1.3344736099243164,1.340808629989624,143.0,0.7552447552447552
244,-1.8181818723678589,2.2951343059539795,244,1.3537826538085938,1.3380024433135986,143.0,0.7482517482517482
245,-1.384615421295166,2.388559579849243,245,1.3473618030548096,1.3653061389923096,143.0,0.7202797202797203
246,-1.5174825191497803,2.612110137939453,246,1.257908821105957,1.24361252784729,143.0,0.7202797202797203
247,-2.0559439659118652,2.361628532409668,247,1.268005132675171,1.2640109062194824,143.0,0.7692307692307693
248,-2.0419580936431885,2.376676082611084,248,1.4286938905715942,1.423309326171875,143.0,0.7412587412587412
249,-1.762237787246704,2.39451003074646,249,1.3031115531921387,1.338222861289978,143.0,0.7342657342657343
250,-1.3286713361740112,2.574148654937744,250,1.2586016654968262,1.2798364162445068,143.0,0.7132867132867133
251,-1.9440559148788452,2.358665704727173,251,1.4049873352050781,1.420972466468811,143.0,0.7202797202797203
252,-1.881118893623352,2.236035108566284,252,1.325495958328247,1.345633625984192,143.0,0.7762237762237763
253,-1.6713286638259888,2.307713508605957,253,1.2481975555419922,1.261139154434204,143.0,0.7342657342657343
254,-1.384615421295166,2.305126667022705,254,1.1314462423324585,1.1420363187789917,143.0,0.7412587412587412
255,-2.1818182468414307,2.6461117267608643,255,1.4335002899169922,1.4632686376571655,143.0,0.7622377622377622
256,-1.5384615659713745,2.454535484313965,256,1.3102049827575684,1.331392765045166,143.0,0.7692307692307693
257,-1.8601398468017578,2.4852049350738525,257,1.3322737216949463,1.3618403673171997,143.0,0.7202797202797203
258,-1.8671329021453857,2.3421874046325684,258,1.2868943214416504,1.3124711513519287,143.0,0.7412587412587412
259,-1.7692307233810425,2.5217719078063965,259,1.1188602447509766,1.1685409545898438,143.0,0.6923076923076923
260,-1.006993055343628,2.1401801109313965,260,1.4204871654510498,1.4101659059524536,143.0,0.7062937062937062
261,-1.8531469106674194,2.202852487564087,261,1.2184410095214844,1.2309622764587402,143.0,0.7132867132867133
262,-1.2727272510528564,2.152188301086426,262,1.3523051738739014,1.3592016696929932,143.0,0.6503496503496503
263,-1.6433566808700562,2.3723511695861816,263,1.2011548280715942,1.249725341796875,143.0,0.7202797202797203
264,-1.923076868057251,2.6046674251556396,264,1.4308667182922363,1.4195467233657837,143.0,0.7762237762237763
265,-2.062937021255493,2.517676591873169,265,1.4040168523788452,1.4483013153076172,143.0,0.7412587412587412
266,-1.426573395729065,2.4877023696899414,266,1.2925381660461426,1.339677095413208,143.0,0.7132867132867133
267,-1.9160839319229126,2.2547433376312256,267,1.377315878868103,1.3693594932556152,143.0,0.6993006993006993
268,-1.734265685081482,2.457900285720825,268,1.2673436403274536,1.302006483078003,143.0,0.7622377622377622
269,-1.1608392000198364,2.349379777908325,269,1.2696962356567383,1.2901208400726318,143.0,0.7412587412587412
270,-1.8951048851013184,2.524601459503174,270,1.3424525260925293,1.3519811630249023,143.0,0.7902097902097902
271,-1.1608392000198364,2.160193920135498,271,1.317177414894104,1.3219773769378662,143.0,0.7342657342657343
272,-1.4055943489074707,2.4587156772613525,272,1.3300776481628418,1.3147194385528564,143.0,0.7412587412587412
273,-1.5664335489273071,2.4482316970825195,273,1.3991847038269043,1.4158563613891602,143.0,0.7062937062937062
274,-1.3496503829956055,2.357131004333496,274,1.2710928916931152,1.2585890293121338,143.0,0.6853146853146853
275,-1.5804195404052734,2.53206729888916,275,1.2879557609558105,1.2861061096191406,143.0,0.7342657342657343
276,-1.4125874042510986,2.487250566482544,276,1.2586307525634766,1.2741248607635498,143.0,0.6923076923076923
277,-2.2517483234405518,2.5678718090057373,277,1.350728988647461,1.339372992515564,143.0,0.7202797202797203
278,-1.7482517957687378,2.5922651290893555,278,1.1092748641967773,1.1229346990585327,143.0,0.7132867132867133
279,-1.4195804595947266,2.444953680038452,279,1.3029530048370361,1.2831224203109741,143.0,0.7202797202797203
280,-1.3356643915176392,2.341310501098633,280,1.124948501586914,1.1066949367523193,143.0,0.6713286713286714
281,-2.1048951148986816,2.6856606006622314,281,1.263164758682251,1.253730058670044,143.0,0.7272727272727273
282,-1.9650349617004395,2.484673500061035,282,1.151807188987732,1.16197669506073,143.0,0.7482517482517482
283,-1.4055943489074707,2.4700663089752197,283,1.2722034454345703,1.2515649795532227,143.0,0.6993006993006993
284,-1.5314685106277466,2.5165305137634277,284,1.06955885887146,1.065565824508667,143.0,0.6433566433566433
285,-1.5874125957489014,2.4703235626220703,285,1.2262449264526367,1.1904337406158447,143.0,0.7202797202797203
286,-1.3706294298171997,2.331536293029785,286,1.4302771091461182,1.4131276607513428,143.0,0.7062937062937062
287,-1.384615421295166,2.483295440673828,287,1.4041234254837036,1.3895562887191772,143.0,0.6503496503496503
288,-1.3916083574295044,2.3742058277130127,288,1.3149197101593018,1.284867525100708,143.0,0.6643356643356644
289,-2.2727272510528564,2.6049492359161377,289,1.5062545537948608,1.5230379104614258,143.0,0.7272727272727273
290,-1.6013985872268677,2.2349414825439453,290,1.2887895107269287,1.2732064723968506,143.0,0.6503496503496503
291,-1.8321678638458252,2.1385114192962646,291,1.5412940979003906,1.5637810230255127,143.0,0.6923076923076923
292,-1.188811182975769,2.2991364002227783,292,1.2471522092819214,1.252347469329834,143.0,0.7202797202797203
293,-1.1818181276321411,2.40522837638855,293,1.530859351158142,1.525031328201294,143.0,0.6013986013986014
294,-2.2517483234405518,2.532222032546997,294,1.1311291456222534,1.1281596422195435,143.0,0.7272727272727273
295,-1.8881118297576904,2.486621141433716,295,1.2729949951171875,1.2986478805541992,143.0,0.6713286713286714
296,-1.307692289352417,2.2908475399017334,296,1.3129280805587769,1.3149263858795166,143.0,0.7342657342657343
297,-1.4755244255065918,2.524930715560913,297,1.021454930305481,1.0264439582824707,143.0,0.7342657342657343
298,-1.8601398468017578,2.6033904552459717,298,1.3443608283996582,1.3276134729385376,143.0,0.7132867132867133
299,-1.9370629787445068,2.4981579780578613,299,1.1169233322143555,1.1076745986938477,143.0,0.7342657342657343
300,-1.7132867574691772,2.6592557430267334,300,1.2053922414779663,1.2002240419387817,143.0,0.7272727272727273
301,-2.062937021255493,2.514897584915161,301,1.1333017349243164,1.1185712814331055,143.0,0.7132867132867133
302,-1.454545497894287,2.499586820602417,302,1.2623666524887085,1.2968440055847168,143.0,0.6923076923076923
303,-1.6293705701828003,2.2614998817443848,303,1.3750284910202026,1.3656163215637207,143.0,0.6643356643356644
304,-1.9580419063568115,2.4059195518493652,304,1.1701257228851318,1.2024387121200562,143.0,0.6713286713286714
305,-1.5664335489273071,2.6059627532958984,305,1.049971342086792,1.0534037351608276,143.0,0.7202797202797203
306,-1.3496503829956055,2.4954748153686523,306,1.1329333782196045,1.1294302940368652,143.0,0.7202797202797203
307,-2.0349650382995605,2.5813004970550537,307,1.0319267511367798,1.0276005268096924,143.0,0.6643356643356644
308,-1.8601398468017578,2.445493698120117,308,1.3554551601409912,1.3881142139434814,143.0,0.6993006993006993
309,-1.3216782808303833,2.6087570190429688,309,1.2177326679229736,1.2249116897583008,143.0,0.6783216783216783
310,-1.6363636255264282,2.4709370136260986,310,1.2271811962127686,1.2342292070388794,143.0,0.6993006993006993
311,-1.545454502105713,2.513535976409912,311,1.2378003597259521,1.2370831966400146,143.0,0.7062937062937062
312,-1.6643356084823608,2.460723876953125,312,1.2081252336502075,1.2234959602355957,143.0,0.6153846153846154
313,-1.1398601531982422,2.3192760944366455,313,1.1667476892471313,1.1749706268310547,143.0,0.6853146853146853
314,-1.7062937021255493,2.477400541305542,314,1.2475491762161255,1.232054352760315,143.0,0.6783216783216783
315,-1.811188817024231,2.4861886501312256,315,1.3064333200454712,1.3233894109725952,143.0,0.6993006993006993
316,-1.237762212753296,2.486207962036133,316,1.1479768753051758,1.1398626565933228,143.0,0.6503496503496503
317,-1.692307710647583,2.4011383056640625,317,1.1653518676757812,1.1460601091384888,143.0,0.6713286713286714
318,-2.0979020595550537,2.3334438800811768,318,1.0880149602890015,1.0808367729187012,143.0,0.7202797202797203
319,-1.7132867574691772,2.322352409362793,319,0.9987083673477173,0.989456295967102,143.0,0.6853146853146853
320,-1.685314655303955,2.637596607208252,320,1.1223204135894775,1.1294279098510742,143.0,0.6223776223776224
321,-2.1258740425109863,2.5662333965301514,321,1.077646255493164,1.0819940567016602,143.0,0.7202797202797203
322,-1.5384615659713745,2.4345104694366455,322,1.3610073328018188,1.3449530601501465,143.0,0.7412587412587412
323,-1.5874125957489014,2.5290720462799072,323,1.2975116968154907,1.2812042236328125,143.0,0.6783216783216783
324,-1.9090908765792847,2.5907557010650635,324,1.2051854133605957,1.2173197269439697,143.0,0.6293706293706294
325,-1.6363636255264282,2.4681055545806885,325,1.27763032913208,1.2936123609542847,143.0,0.6713286713286714
326,-1.8251748085021973,2.473113536834717,326,1.3083339929580688,1.3147263526916504,143.0,0.7062937062937062
327,-1.4825174808502197,2.3559272289276123,327,1.2017821073532104,1.1872128248214722,143.0,0.6993006993006993
328,-1.4195804595947266,2.520995855331421,328,1.1670444011688232,1.166756510734558,143.0,0.6993006993006993
329,-1.5384615659713745,2.4828619956970215,329,1.2363245487213135,1.1965358257293701,143.0,0.6853146853146853
330,-1.7692307233810425,2.298349142074585,330,1.2248938083648682,1.225912094116211,143.0,0.6573426573426573
331,-1.8461538553237915,2.5482964515686035,331,1.2821240425109863,1.2756414413452148,143.0,0.7412587412587412
332,-2.0,2.4778740406036377,332,1.2281333208084106,1.229329228401184,143.0,0.6853146853146853
333,-1.8181818723678589,2.4993324279785156,333,1.3909838199615479,1.3837106227874756,143.0,0.7482517482517482
334,-1.0839160680770874,2.36080002784729,334,1.1412614583969116,1.1250460147857666,143.0,0.6433566433566433
335,-1.7902097702026367,2.60675048828125,335,1.1419894695281982,1.1335910558700562,143.0,0.7132867132867133
336,-1.5104894638061523,2.516705274581909,336,1.1569721698760986,1.143540382385254,143.0,0.6993006993006993
337,-1.6783217191696167,2.4964349269866943,337,1.2070928812026978,1.1948330402374268,143.0,0.7202797202797203
338,-1.5104894638061523,2.5027737617492676,338,1.3689708709716797,1.356527328491211,143.0,0.6573426573426573
339,-1.7202796936035156,2.671804666519165,339,1.1686688661575317,1.157210111618042,143.0,0.6783216783216783
340,-1.2447552680969238,2.368844509124756,340,1.2684075832366943,1.251517653465271,143.0,0.6643356643356644
341,-1.4615384340286255,2.4687397480010986,341,1.344132423400879,1.356535792350769,143.0,0.7202797202797203
342,-1.7692307233810425,2.5548317432403564,342,1.1749963760375977,1.1615805625915527,143.0,0.6923076923076923
343,-1.685314655303955,2.7415976524353027,343,1.2260258197784424,1.2309925556182861,143.0,0.7132867132867133
344,-1.5104894638061523,2.15116548538208,344,1.3357305526733398,1.3456557989120483,143.0,0.6853146853146853
345,-1.4405593872070312,2.425454616546631,345,1.3512338399887085,1.351339340209961,143.0,0.7202797202797203
346,-1.5384615659713745,2.565966844558716,346,1.4718608856201172,1.4742934703826904,143.0,0.6643356643356644
347,-1.4405593872070312,2.565566301345825,347,1.3896883726119995,1.3798353672027588,143.0,0.6363636363636364
348,-2.006993055343628,2.507322072982788,348,1.4150652885437012,1.3920669555664062,143.0,0.6713286713286714
349,-1.3216782808303833,2.5270602703094482,349,1.3470828533172607,1.298953652381897,143.0,0.6993006993006993
350,-1.4475524425506592,2.381978750228882,350,1.303109884262085,1.2545198202133179,143.0,0.6643356643356644
351,-1.8251748085021973,2.2911038398742676,351,1.23760986328125,1.2210087776184082,143.0,0.7272727272727273
352,-1.5664335489273071,2.515850305557251,352,1.269343376159668,1.2563260793685913,143.0,0.6503496503496503
353,-1.496503472328186,2.1544363498687744,353,1.3583335876464844,1.3407378196716309,143.0,0.6643356643356644
354,-1.573426604270935,2.467947006225586,354,1.336816430091858,1.331443428993225,143.0,0.6853146853146853
355,-1.0909091234207153,2.3679358959198,355,1.1945606470108032,1.1800252199172974,143.0,0.6713286713286714
356,-1.545454502105713,2.454416036605835,356,1.251065731048584,1.2495845556259155,143.0,0.6153846153846154
357,-1.8531469106674194,2.455073356628418,357,1.370211124420166,1.370199203491211,143.0,0.6853146853146853
358,-1.6713286638259888,2.349754571914673,358,1.1896700859069824,1.1894255876541138,143.0,0.6153846153846154
359,-1.5384615659713745,2.411421537399292,359,1.3261024951934814,1.3114855289459229,143.0,0.6573426573426573
360,-1.496503472328186,2.1834537982940674,360,1.2878341674804688,1.2805206775665283,143.0,0.6993006993006993
361,-2.0279719829559326,2.7095894813537598,361,1.4301897287368774,1.3948581218719482,143.0,0.7552447552447552
362,-1.9020979404449463,2.6399691104888916,362,1.3840532302856445,1.377359390258789,143.0,0.6713286713286714
363,-1.1538461446762085,2.2634451389312744,363,1.4624433517456055,1.450312852859497,143.0,0.6993006993006993
364,-1.615384578704834,2.5609304904937744,364,1.4099488258361816,1.393662929534912,143.0,0.6993006993006993
365,-1.7062937021255493,2.585143566131592,365,1.438579797744751,1.4102022647857666,143.0,0.7132867132867133
366,-1.377622365951538,2.5220820903778076,366,1.281909465789795,1.2743064165115356,143.0,0.6853146853146853
367,-1.5174825191497803,2.5166664123535156,367,1.536646842956543,1.5084824562072754,143.0,0.7272727272727273
368,-1.496503472328186,2.6041228771209717,368,1.2752680778503418,1.2581863403320312,143.0,0.6573426573426573
369,-1.3986014127731323,2.5423405170440674,369,1.3311071395874023,1.3057219982147217,143.0,0.6083916083916084
370,-1.8601398468017578,2.328303813934326,370,1.3747835159301758,1.346017599105835,143.0,0.6783216783216783
371,-1.5944056510925293,2.501014471054077,371,1.4272027015686035,1.4030338525772095,143.0,0.6083916083916084
372,-1.9020979404449463,2.5592687129974365,372,1.3529260158538818,1.3409109115600586,143.0,0.6083916083916084
373,-1.4405593872070312,2.364132881164551,373,1.4637186527252197,1.4456007480621338,143.0,0.6293706293706294
374,-1.188811182975769,2.3739585876464844,374,1.1882431507110596,1.1477925777435303,143.0,0.6643356643356644
375,-1.9790209531784058,2.5868642330169678,375,1.2984795570373535,1.2689075469970703,143.0,0.7062937062937062
376,-1.545454502105713,2.7064473628997803,376,1.5490336418151855,1.5343148708343506,143.0,0.6643356643356644
377,-2.0489511489868164,2.458974599838257,377,1.5234534740447998,1.4978468418121338,143.0,0.6853146853146853
378,-2.0419580936431885,2.577129364013672,378,1.5099472999572754,1.4963382482528687,143.0,0.6573426573426573
379,-1.685314655303955,2.640246629714966,379,1.490030288696289,1.478203296661377,143.0,0.6783216783216783
380,-1.4755244255065918,2.574300527572632,380,1.2600520849227905,1.2547354698181152,143.0,0.6713286713286714
381,-1.2937062978744507,2.4289400577545166,381,1.4469329118728638,1.4265859127044678,143.0,0.6153846153846154
382,-1.3356643915176392,2.5085701942443848,382,1.40394926071167,1.37834632396698,143.0,0.6083916083916084
383,-1.7902097702026367,2.524988889694214,383,1.504056692123413,1.474662184715271,143.0,0.6853146853146853
384,-1.762237787246704,2.3651254177093506,384,1.300339937210083,1.2974989414215088,143.0,0.5874125874125874
385,-2.0559439659118652,2.745055675506592,385,1.725117802619934,1.738150715827942,143.0,0.6363636363636364
386,-1.5874125957489014,2.663738965988159,386,1.3434427976608276,1.3614007234573364,143.0,0.6293706293706294
387,-1.4825174808502197,2.5387985706329346,387,1.3464429378509521,1.3458776473999023,143.0,0.7132867132867133
388,-1.2797203063964844,2.4420716762542725,388,1.4532876014709473,1.4403789043426514,143.0,0.6363636363636364
389,-1.685314655303955,2.459232807159424,389,1.419517993927002,1.414860486984253,143.0,0.6993006993006993
390,-2.083916187286377,2.6720423698425293,390,1.2890598773956299,1.2928720712661743,143.0,0.6573426573426573
391,-1.6993006467819214,2.753345012664795,391,1.3286774158477783,1.3223159313201904,143.0,0.6573426573426573
392,-1.8531469106674194,2.569204330444336,392,1.2437934875488281,1.244274616241455,143.0,0.6783216783216783
393,-1.3916083574295044,2.593792676925659,393,1.3801790475845337,1.381978988647461,143.0,0.6713286713286714
394,-1.6643356084823608,2.628365993499756,394,1.4105043411254883,1.4061267375946045,143.0,0.6993006993006993
395,-1.8391607999801636,2.690699577331543,395,1.5596773624420166,1.5653440952301025,143.0,0.6503496503496503
396,-1.7902097702026367,2.446213483810425,396,1.3675559759140015,1.3709135055541992,143.0,0.6223776223776224
397,-1.6573426723480225,2.5090181827545166,397,1.441314697265625,1.4324922561645508,143.0,0.7132867132867133
398,-1.4405593872070312,2.554640293121338,398,1.1955188512802124,1.2078053951263428,143.0,0.5874125874125874
399,-1.7132867574691772,2.6407840251922607,399,1.5232737064361572,1.5222194194793701,143.0,0.6223776223776224
400,-1.2937062978744507,2.3912198543548584,400,1.3147329092025757,1.306118130683899,143.0,0.6503496503496503
401,-1.4055943489074707,2.472895860671997,401,1.577095866203308,1.5651845932006836,143.0,0.5874125874125874
402,-1.2587412595748901,2.4429526329040527,402,1.2612680196762085,1.244458556175232,143.0,0.6433566433566433
403,-1.5524475574493408,2.33752703666687,403,1.399427056312561,1.3803049325942993,143.0,0.6153846153846154
404,-1.377622365951538,2.385281801223755,404,1.3097679615020752,1.3022122383117676,143.0,0.7202797202797203
405,-1.4895105361938477,2.686061143875122,405,1.275538444519043,1.2590937614440918,143.0,0.6783216783216783
406,-1.5874125957489014,2.774329423904419,406,1.3416125774383545,1.3205970525741577,143.0,0.7202797202797203
407,-1.7272727489471436,2.5968828201293945,407,1.2564477920532227,1.243958830833435,143.0,0.6573426573426573
408,-1.503496527671814,2.5250468254089355,408,1.5949738025665283,1.5711702108383179,143.0,0.6713286713286714
409,-1.4195804595947266,2.312666654586792,409,1.5065548419952393,1.488105297088623,143.0,0.6713286713286714
410,-1.6993006467819214,2.5032424926757812,410,1.2952070236206055,1.2749204635620117,143.0,0.6223776223776224
411,-1.7832168340682983,2.329920530319214,411,1.490472435951233,1.479567289352417,143.0,0.6363636363636364
412,-1.3216782808303833,2.295027732849121,412,1.2671977281570435,1.2689318656921387,143.0,0.5104895104895105
413,-1.4685314893722534,2.5715065002441406,413,1.284642219543457,1.290676236152649,143.0,0.5734265734265734
414,-1.9160839319229126,2.507322072982788,414,1.4672493934631348,1.479607343673706,143.0,0.6223776223776224
415,-1.1818181276321411,2.3314101696014404,415,1.3195796012878418,1.3270056247711182,143.0,0.5944055944055944
416,-1.5384615659713745,2.3997936248779297,416,1.3690669536590576,1.3738031387329102,143.0,0.6293706293706294
417,-1.7762237787246704,2.459233045578003,417,1.6315922737121582,1.6586583852767944,143.0,0.6293706293706294
418,-1.503496527671814,2.6520187854766846,418,1.5720094442367554,1.5828512907028198,143.0,0.5594405594405595
419,-1.4195804595947266,2.333737373352051,419,1.254152536392212,1.2811013460159302,143.0,0.6153846153846154
420,-1.685314655303955,2.498725652694702,420,1.509332299232483,1.5238406658172607,143.0,0.5594405594405595
421,-1.9020979404449463,2.467451810836792,421,1.4503209590911865,1.4804213047027588,143.0,0.6573426573426573
422,-1.692307710647583,2.578096866607666,422,1.5074098110198975,1.5454297065734863,143.0,0.6363636363636364
423,-1.3426573276519775,2.500643253326416,423,1.3481473922729492,1.3746166229248047,143.0,0.6153846153846154
424,-1.5244755744934082,2.5634117126464844,424,1.3042669296264648,1.3198907375335693,143.0,0.6783216783216783
425,-1.4055943489074707,2.4813649654388428,425,1.430600643157959,1.4562993049621582,143.0,0.6643356643356644
426,-1.1398601531982422,2.4767491817474365,426,1.361707091331482,1.3627585172653198,143.0,0.6013986013986014
427,-1.5384615659713745,2.6065256595611572,427,1.3078017234802246,1.3021420240402222,143.0,0.6153846153846154
428,-1.384615421295166,2.486109733581543,428,1.4906373023986816,1.491768717765808,143.0,0.6223776223776224
429,-1.8741258382797241,2.6387832164764404,429,1.4976630210876465,1.504560112953186,143.0,0.5874125874125874
430,-1.8461538553237915,2.542802095413208,430,1.2896466255187988,1.3000105619430542,143.0,0.5594405594405595
431,-1.4615384340286255,2.546818256378174,431,1.4625122547149658,1.4837872982025146,143.0,0.6783216783216783
432,-1.0559440851211548,2.3763880729675293,432,1.4876561164855957,1.486032485961914,143.0,0.5804195804195804
433,-1.6083916425704956,2.533785343170166,433,1.4395806789398193,1.4412827491760254,143.0,0.6223776223776224
434,-1.9720280170440674,2.5335347652435303,434,1.3117790222167969,1.3326127529144287,143.0,0.6223776223776224
435,-1.384615421295166,2.574547290802002,435,1.224223256111145,1.2281049489974976,143.0,0.5944055944055944
436,-1.314685344696045,2.3576080799102783,436,1.4138431549072266,1.436218500137329,143.0,0.6223776223776224
437,-1.314685344696045,2.4335062503814697,437,1.3700087070465088,1.3847849369049072,143.0,0.5734265734265734
438,-1.8181818723678589,2.340391159057617,438,1.2588977813720703,1.304333209991455,143.0,0.6643356643356644
439,-1.8531469106674194,2.483393907546997,439,1.5206397771835327,1.573632001876831,143.0,0.5874125874125874
440,-1.2307692766189575,2.2460293769836426,440,1.3477745056152344,1.3970366716384888,143.0,0.5944055944055944
441,-1.734265685081482,2.5746233463287354,441,1.46652352809906,1.5413471460342407,143.0,0.6293706293706294
442,-1.4755244255065918,2.4375622272491455,442,1.2829899787902832,1.3299109935760498,143.0,0.6433566433566433
443,-1.3286713361740112,2.167065143585205,443,1.412766695022583,1.4527125358581543,143.0,0.6503496503496503
444,-0.9790209531784058,2.3188750743865967,444,1.364213228225708,1.3903918266296387,143.0,0.5874125874125874
445,-1.314685344696045,2.507107734680176,445,1.0675705671310425,1.0860283374786377,143.0,0.6013986013986014
446,-0.9860140085220337,2.3053178787231445,446,1.20888352394104,1.2305828332901,143.0,0.5384615384615384
447,-1.4335664510726929,2.2918508052825928,447,1.365984320640564,1.3836804628372192,143.0,0.5594405594405595
448,-0.8951048851013184,2.202075481414795,448,1.2231898307800293,1.2161719799041748,143.0,0.6503496503496503
449,-1.5104894638061523,2.240339517593384,449,1.2782971858978271,1.2681035995483398,143.0,0.6363636363636364
450,-1.5944056510925293,2.517735004425049,450,1.338566541671753,1.3241270780563354,143.0,0.5944055944055944
451,-1.426573395729065,2.36669659614563,451,1.372827410697937,1.365878939628601,143.0,0.5804195804195804
452,-1.1608392000198364,2.3374433517456055,452,1.3019872903823853,1.3018772602081299,143.0,0.6013986013986014
453,-1.4125874042510986,2.424607753753662,453,1.4503870010375977,1.4518089294433594,143.0,0.5664335664335665
454,-1.8671329021453857,2.404069185256958,454,1.2949860095977783,1.3066744804382324,143.0,0.6363636363636364
455,-1.5104894638061523,2.560777425765991,455,1.3746306896209717,1.3722376823425293,143.0,0.6713286713286714
456,-1.0839160680770874,2.3548684120178223,456,1.3322829008102417,1.3245049715042114,143.0,0.6013986013986014
457,-1.3356643915176392,2.623039484024048,457,1.279671549797058,1.2620189189910889,143.0,0.6223776223776224
458,-1.069930076599121,2.286017894744873,458,1.2307448387145996,1.2195698022842407,143.0,0.5874125874125874
459,-1.454545497894287,2.521868944168091,459,1.2442914247512817,1.230506420135498,143.0,0.5944055944055944
460,-1.5244755744934082,2.4145021438598633,460,1.1861305236816406,1.1719039678573608,143.0,0.5664335664335665
461,-1.1678321361541748,2.3053176403045654,461,1.333195447921753,1.318843126296997,143.0,0.6293706293706294
462,-1.6433566808700562,2.464873790740967,462,1.2284290790557861,1.2193270921707153,143.0,0.6433566433566433
463,-1.2797203063964844,2.229508399963379,463,1.624219536781311,1.6055428981781006,143.0,0.6153846153846154
464,-1.1118881702423096,2.4268455505371094,464,1.249023675918579,1.228528618812561,143.0,0.5734265734265734
465,-1.237762212753296,2.265453338623047,465,1.2491378784179688,1.2371997833251953,143.0,0.5174825174825175
466,-1.4125874042510986,2.407240390777588,466,1.287947416305542,1.2662945985794067,143.0,0.6293706293706294
467,-1.1538461446762085,2.294132709503174,467,1.5402568578720093,1.5023839473724365,143.0,0.6013986013986014
468,-1.7202796936035156,2.481837749481201,468,1.4585015773773193,1.4292746782302856,143.0,0.6643356643356644
469,-1.3356643915176392,2.406122922897339,469,1.309349536895752,1.274526834487915,143.0,0.6293706293706294
470,-1.3566433191299438,2.143148422241211,470,1.2164825201034546,1.1883063316345215,143.0,0.5244755244755245
471,-1.2237762212753296,2.3486924171447754,471,1.3267067670822144,1.3100433349609375,143.0,0.5524475524475524
472,-1.2587412595748901,2.619755983352661,472,1.265905737876892,1.2440252304077148,143.0,0.6083916083916084
473,-1.1678321361541748,2.1055572032928467,473,1.4078001976013184,1.3980443477630615,143.0,0.6223776223776224
474,-1.692307710647583,2.461538553237915,474,1.2216312885284424,1.2129528522491455,143.0,0.5874125874125874
475,-1.692307710647583,2.371835708618164,475,1.2885379791259766,1.283289909362793,143.0,0.6293706293706294
476,-1.1468530893325806,2.1805179119110107,476,1.434967279434204,1.4337849617004395,143.0,0.5454545454545454
477,-1.4335664510726929,2.2642228603363037,477,1.1917383670806885,1.1934278011322021,143.0,0.6153846153846154
478,-1.0839160680770874,2.1499602794647217,478,1.2907941341400146,1.298513650894165,143.0,0.6013986013986014
479,-1.1608392000198364,2.2890753746032715,479,1.319342851638794,1.3233883380889893,143.0,0.6293706293706294
480,-1.8881118297576904,2.4412105083465576,480,1.2741950750350952,1.27839994430542,143.0,0.6223776223776224
481,-1.9790209531784058,2.6057186126708984,481,1.2464313507080078,1.2545428276062012,143.0,0.6363636363636364
482,-1.1398601531982422,2.507614850997925,482,1.3209264278411865,1.3213459253311157,143.0,0.5174825174825175
483,-1.5874125957489014,2.495670795440674,483,1.2461299896240234,1.2408769130706787,143.0,0.5734265734265734
484,-0.8321678042411804,2.1450417041778564,484,1.1891683340072632,1.1790378093719482,143.0,0.6573426573426573
485,-1.545454502105713,2.4025838375091553,485,1.0770318508148193,1.0659468173980713,143.0,0.6503496503496503
486,-1.6433566808700562,2.6162633895874023,486,1.2604615688323975,1.2530841827392578,143.0,0.5734265734265734
487,-1.2797203063964844,2.5265183448791504,487,1.3870041370391846,1.365260124206543,143.0,0.5524475524475524
488,-1.2027971744537354,2.3431477546691895,488,1.2214441299438477,1.198915719985962,143.0,0.5244755244755245
489,-1.4755244255065918,2.310911178588867,489,1.2646079063415527,1.2449710369110107,143.0,0.6573426573426573
490,-1.6293705701828003,2.719209909439087,490,1.3925118446350098,1.3782345056533813,143.0,0.5664335664335665
491,-1.5384615659713745,2.2493796348571777,491,1.2471740245819092,1.2165868282318115,143.0,0.6083916083916084
492,-1.930069923400879,2.614243745803833,492,1.4763829708099365,1.459679365158081,143.0,0.6083916083916084
493,-1.8461538553237915,2.6975972652435303,493,1.190119981765747,1.1647868156433105,143.0,0.6223776223776224
494,-1.1048951148986816,2.264698028564453,494,1.338881254196167,1.3149633407592773,143.0,0.6083916083916084
495,-1.1608392000198364,2.2334091663360596,495,1.3771190643310547,1.3611384630203247,143.0,0.6153846153846154
496,-1.3286713361740112,2.4545555114746094,496,1.3223081827163696,1.296298861503601,143.0,0.6223776223776224
497,-1.6433566808700562,2.6162631511688232,497,1.1966201066970825,1.1830499172210693,143.0,0.5244755244755245
498,-1.811188817024231,2.435032844543457,498,1.2404993772506714,1.220580816268921,143.0,0.5524475524475524
499,-1.454545497894287,2.4855592250823975,499,1.1896518468856812,1.1771175861358643,143.0,0.4755244755244755
500,-1.5874125957489014,2.41304349899292,500,1.3884005546569824,1.3799536228179932,143.0,0.5734265734265734
501,-0.9580419659614563,2.2867026329040527,501,1.1617156267166138,1.152441143989563,143.0,0.5734265734265734
502,-1.1748251914978027,2.5290334224700928,502,1.3415268659591675,1.3394670486450195,143.0,0.5664335664335665
503,-1.2587412595748901,2.370309829711914,503,1.3429906368255615,1.3414866924285889,143.0,0.6083916083916084
504,-1.6433566808700562,2.1883530616760254,504,1.4606621265411377,1.4613053798675537,143.0,0.6363636363636364
505,-1.6083916425704956,2.6099190711975098,505,1.3594801425933838,1.3603897094726562,143.0,0.5874125874125874
506,-1.1328670978546143,2.3806850910186768,506,1.514296531677246,1.5188922882080078,143.0,0.5244755244755245
507,-1.3706294298171997,2.381978750228882,507,1.267054796218872,1.2699787616729736,143.0,0.5944055944055944
508,-1.7062937021255493,2.5221595764160156,508,1.2814805507659912,1.290724277496338,143.0,0.5454545454545454
509,-1.1048951148986816,2.273942708969116,509,1.4646828174591064,1.469496488571167,143.0,0.5594405594405595
510,-1.1328670978546143,2.3777458667755127,510,1.176870346069336,1.1748292446136475,143.0,0.5734265734265734
511,-1.5174825191497803,2.361856460571289,511,1.2168415784835815,1.214622974395752,143.0,0.6083916083916084
512,-0.7762237787246704,2.1103127002716064,512,1.3430835008621216,1.3385192155838013,143.0,0.42657342657342656
513,-1.426573395729065,2.5295166969299316,513,1.351862907409668,1.3411524295806885,143.0,0.5734265734265734
514,-1.7412587404251099,2.675225257873535,514,1.2456469535827637,1.2326250076293945,143.0,0.5944055944055944
515,-1.4125874042510986,2.5783627033233643,515,1.2759002447128296,1.2680659294128418,143.0,0.5244755244755245
516,-1.1118881702423096,2.3388028144836426,516,1.3912031650543213,1.3868095874786377,143.0,0.5594405594405595
517,-1.5104894638061523,2.4887640476226807,517,1.2097628116607666,1.208608865737915,143.0,0.5944055944055944
518,-1.6783217191696167,2.5545830726623535,518,1.3248364925384521,1.3288525342941284,143.0,0.5874125874125874
519,-1.4055943489074707,2.5066006183624268,519,1.501255750656128,1.5044418573379517,143.0,0.6013986013986014
520,-1.6433566808700562,2.342688798904419,520,1.2865948677062988,1.2898457050323486,143.0,0.6363636363636364
521,-1.5314685106277466,2.530386447906494,521,1.3651974201202393,1.3700898885726929,143.0,0.6223776223776224
522,-1.0839160680770874,2.2297933101654053,522,1.363430142402649,1.3732582330703735,143.0,0.5384615384615384
523,-0.9230769276618958,2.3357272148132324,523,1.3476746082305908,1.3487979173660278,143.0,0.5384615384615384
524,-1.5174825191497803,2.5360426902770996,524,1.3021961450576782,1.3013904094696045,143.0,0.48951048951048953
525,-1.4755244255065918,2.502676010131836,525,1.2796036005020142,1.2802014350891113,143.0,0.5734265734265734
526,-1.5874125957489014,2.26041841506958,526,1.4193875789642334,1.4249467849731445,143.0,0.5524475524475524
527,-1.4825174808502197,2.400038242340088,527,1.510749101638794,1.5195469856262207,143.0,0.5594405594405595
528,-1.1118881702423096,2.2254252433776855,528,1.3512392044067383,1.3596439361572266,143.0,0.5174825174825175
529,-1.6433566808700562,2.507068634033203,529,1.2020394802093506,1.2186330556869507,143.0,0.5734265734265734
530,-1.1118881702423096,2.383230686187744,530,1.388086199760437,1.4091815948486328,143.0,0.4825174825174825
531,-1.4895105361938477,2.2774882316589355,531,1.3261172771453857,1.3450642824172974,143.0,0.5454545454545454
532,-1.1748251914978027,2.3364388942718506,532,1.4723548889160156,1.4940705299377441,143.0,0.5104895104895105
533,-1.573426604270935,2.551537275314331,533,1.1298012733459473,1.151634693145752,143.0,0.5874125874125874
534,-1.3706294298171997,2.5575292110443115,534,1.1233960390090942,1.1469862461090088,143.0,0.5104895104895105
535,-1.6293705701828003,2.6881723403930664,535,1.487633228302002,1.5206944942474365,143.0,0.5804195804195804
536,-1.1048951148986816,2.310551404953003,536,1.4352092742919922,1.4658973217010498,143.0,0.5594405594405595
537,-1.4195804595947266,2.4818575382232666,537,1.360562801361084,1.3924190998077393,143.0,0.5874125874125874
538,-1.5944056510925293,2.687026023864746,538,1.330610990524292,1.3681132793426514,143.0,0.5244755244755245
539,-1.5174825191497803,2.5387985706329346,539,1.3094984292984009,1.3365809917449951,143.0,0.5384615384615384
540,-1.2587412595748901,2.2831499576568604,540,1.2880959510803223,1.3239598274230957,143.0,0.5524475524475524
541,-1.7972028255462646,2.499117136001587,541,1.4772651195526123,1.52145516872406,143.0,0.5944055944055944
542,-1.3216782808303833,2.600703001022339,542,1.2899229526519775,1.3256856203079224,143.0,0.4755244755244755
543,-0.9510489702224731,2.3154351711273193,543,1.275268793106079,1.302572250366211,143.0,0.5174825174825175
544,-1.5874125957489014,2.548353672027588,544,1.1661266088485718,1.2002633810043335,143.0,0.5734265734265734
545,-1.0629370212554932,2.383558988571167,545,1.1130826473236084,1.141646146774292,143.0,0.5874125874125874
546,-1.7412587404251099,2.4883317947387695,546,1.128349781036377,1.1530139446258545,143.0,0.5314685314685315
547,-1.006993055343628,2.2609376907348633,547,1.052947998046875,1.0669279098510742,143.0,0.6083916083916084
548,-0.9160839319229126,2.093935489654541,548,1.4528666734695435,1.4676716327667236,143.0,0.5664335664335665
549,-1.685314655303955,2.470580816268921,549,1.3365191221237183,1.34249746799469,143.0,0.5874125874125874
550,-1.2587412595748901,2.402543306350708,550,1.2509151697158813,1.2542438507080078,143.0,0.5664335664335665
551,-1.3636363744735718,2.2424557209014893,551,1.223013997077942,1.2312005758285522,143.0,0.5174825174825175
552,-1.118881106376648,2.3038110733032227,552,1.4549168348312378,1.4645512104034424,143.0,0.5524475524475524
553,-0.9160839319229126,2.1204843521118164,553,1.1915086507797241,1.199958324432373,143.0,0.5454545454545454
554,-1.1678321361541748,2.2747812271118164,554,1.217491626739502,1.2265169620513916,143.0,0.5734265734265734
555,-1.3916083574295044,2.458138942718506,555,1.4147685766220093,1.4233460426330566,143.0,0.5384615384615384
556,-1.3286713361740112,2.488508462905884,556,1.2948273420333862,1.303895354270935,143.0,0.5174825174825175
557,-1.076923131942749,2.1550943851470947,557,1.0291290283203125,1.0350733995437622,143.0,0.5664335664335665
558,-1.6363636255264282,2.4709372520446777,558,1.2734489440917969,1.2804654836654663,143.0,0.5524475524475524
559,-1.6433566808700562,2.5430710315704346,559,1.3553212881088257,1.366353988647461,143.0,0.5874125874125874
560,-1.3006993532180786,2.4892354011535645,560,1.2439162731170654,1.2508132457733154,143.0,0.6083916083916084
561,-1.8461538553237915,2.526247501373291,561,1.2638616561889648,1.2702897787094116,143.0,0.5804195804195804
562,-1.1818181276321411,2.378917694091797,562,1.2191460132598877,1.220732569694519,143.0,0.5524475524475524
563,-0.9230769276618958,2.3146748542785645,563,1.4628210067749023,1.46731698513031,143.0,0.48951048951048953
564,-1.0279719829559326,2.0954296588897705,564,1.159102201461792,1.157961130142212,143.0,0.4755244755244755
565,-1.3916083574295044,2.158201217651367,565,1.2567670345306396,1.2627981901168823,143.0,0.5664335664335665
566,-0.9650349617004395,2.2326648235321045,566,1.2139906883239746,1.2177530527114868,143.0,0.5454545454545454
567,-1.4475524425506592,2.2553069591522217,567,1.088759422302246,1.0906803607940674,143.0,0.5034965034965035
568,-1.2587412595748901,2.405452251434326,568,1.2346872091293335,1.2376234531402588,143.0,0.5594405594405595
569,-1.2797203063964844,2.232642889022827,569,1.2769173383712769,1.2825862169265747,143.0,0.4755244755244755
570,-1.6013985872268677,2.4037845134735107,570,1.2388441562652588,1.240211844444275,143.0,0.6083916083916084
571,-1.314685344696045,2.570460557937622,571,1.3619766235351562,1.3641282320022583,143.0,0.5384615384615384
572,-1.0,2.0989508628845215,572,1.2952585220336914,1.2954509258270264,143.0,0.5314685314685315
573,-1.0279719829559326,2.341310501098633,573,1.1020092964172363,1.107706069946289,143.0,0.5524475524475524
574,-1.1048951148986816,2.2367348670959473,574,1.2172404527664185,1.2199864387512207,143.0,0.6573426573426573
575,-1.0489510297775269,2.35139799118042,575,1.3534572124481201,1.3522751331329346,143.0,0.5804195804195804
576,-1.0279719829559326,2.3142733573913574,576,1.3716707229614258,1.3717560768127441,143.0,0.5174825174825175
577,-0.9650349617004395,2.1787679195404053,577,1.1786408424377441,1.1751796007156372,143.0,0.5664335664335665
578,-1.545454502105713,2.6090943813323975,578,1.3251832723617554,1.319117546081543,143.0,0.5594405594405595
579,-1.3216782808303833,2.6141130924224854,579,1.2961370944976807,1.2878715991973877,143.0,0.5944055944055944
580,-1.2167831659317017,2.5313141345977783,580,1.288609504699707,1.2829301357269287,143.0,0.5174825174825175
581,-1.3916083574295044,2.432400703430176,581,1.2631895542144775,1.2508894205093384,143.0,0.5244755244755245
582,-1.2237762212753296,2.518239736557007,582,1.1022005081176758,1.0900037288665771,143.0,0.5664335664335665
583,-1.0559440851211548,2.425898313522339,583,1.350419282913208,1.3318829536437988,143.0,0.43356643356643354
584,-1.685314655303955,2.562285900115967,584,1.302348256111145,1.2882381677627563,143.0,0.4965034965034965
585,-1.2937062978744507,2.167245626449585,585,1.3552663326263428,1.3445518016815186,143.0,0.5524475524475524
586,-1.4895105361938477,2.2434587478637695,586,1.0797725915908813,1.074157953262329,143.0,0.5524475524475524
587,-1.4685314893722534,2.4998018741607666,587,1.3437764644622803,1.3388649225234985,143.0,0.5244755244755245
588,-1.2447552680969238,2.1781392097473145,588,1.302762746810913,1.2994029521942139,143.0,0.5104895104895105
589,-1.622377634048462,2.373526096343994,589,1.246824860572815,1.239888310432434,143.0,0.5524475524475524
590,-1.3496503829956055,2.263293981552124,590,1.1971302032470703,1.19251549243927,143.0,0.45454545454545453
591,-0.9930070042610168,2.333988666534424,591,1.3148841857910156,1.3116979598999023,143.0,0.5314685314685315
592,-1.1748251914978027,2.369133472442627,592,1.143796682357788,1.144073247909546,143.0,0.5174825174825175
593,-1.0349650382995605,2.369422197341919,593,1.399057149887085,1.3979158401489258,143.0,0.5384615384615384
594,-1.2447552680969238,2.452960968017578,594,1.1278526782989502,1.1244935989379883,143.0,0.6153846153846154
595,-1.307692289352417,2.5232644081115723,595,1.3289366960525513,1.3253982067108154,143.0,0.4755244755244755
596,-0.8321678042411804,2.118800401687622,596,1.3082342147827148,1.2958980798721313,143.0,0.5524475524475524
597,-1.2027971744537354,2.3874950408935547,597,1.0938720703125,1.0901298522949219,143.0,0.5244755244755245
598,-1.0279719829559326,2.3915469646453857,598,1.2596166133880615,1.2520248889923096,143.0,0.4755244755244755
599,-1.2797203063964844,2.194735050201416,599,1.1907291412353516,1.1775274276733398,143.0,0.5594405594405595
600,-1.4195804595947266,2.3811984062194824,600,1.286482334136963,1.2759382724761963,143.0,0.40559440559440557
601,-0.8321678042411804,2.0922300815582275,601,1.2107040882110596,1.1985833644866943,143.0,0.5174825174825175
602,-1.307692289352417,2.2662951946258545,602,0.9998114109039307,0.9906964302062988,143.0,0.5034965034965035
603,-0.9720279574394226,2.3142733573913574,603,1.0488593578338623,1.038650631904602,143.0,0.4755244755244755
604,-1.1048951148986816,2.3673574924468994,604,1.246646523475647,1.2355715036392212,143.0,0.45454545454545453
605,-1.188811182975769,2.0447819232940674,605,1.3595843315124512,1.343796968460083,143.0,0.5314685314685315
606,-1.4895105361938477,2.4146034717559814,606,0.9923819303512573,0.9829400777816772,143.0,0.5384615384615384
607,-0.9300699234008789,2.2271382808685303,607,1.1343551874160767,1.1259822845458984,143.0,0.5244755244755245
608,-1.2027971744537354,2.669589042663574,608,0.9468332529067993,0.9368957281112671,143.0,0.4825174825174825
609,-1.0139859914779663,2.2961995601654053,609,1.2883625030517578,1.2764053344726562,143.0,0.4755244755244755
610,-1.2167831659317017,2.4269464015960693,610,1.1830742359161377,1.1707619428634644,143.0,0.5174825174825175
611,-1.1608392000198364,1.941992163658142,611,1.2677371501922607,1.2605923414230347,143.0,0.5174825174825175
612,-0.8881118893623352,2.4036827087402344,612,1.5262424945831299,1.5114134550094604,143.0,0.4825174825174825
613,-1.1258741617202759,2.3470473289489746,613,1.2903072834014893,1.2829015254974365,143.0,0.4755244755244755
614,-1.1748251914978027,2.5262668132781982,614,1.187330722808838,1.175201416015625,143.0,0.5314685314685315
615,-1.188811182975769,2.243720054626465,615,1.3410911560058594,1.3314568996429443,143.0,0.5034965034965035
616,-1.0209790468215942,2.182154417037964,616,1.341151237487793,1.3332428932189941,143.0,0.42657342657342656
617,-1.496503472328186,2.3200981616973877,617,1.1969499588012695,1.194124460220337,143.0,0.5314685314685315
618,-1.1398601531982422,2.211228132247925,618,1.38681960105896,1.3800475597381592,143.0,0.5664335664335665
619,-1.4825174808502197,2.6094319820404053,619,1.2427281141281128,1.2424676418304443,143.0,0.4825174825174825
620,-1.1468530893325806,2.400344133377075,620,1.216202735900879,1.2131789922714233,143.0,0.44755244755244755
621,-1.1538461446762085,1.990563988685608,621,1.1972687244415283,1.1960914134979248,143.0,0.4755244755244755
622,-0.8181818127632141,2.1922826766967773,622,1.3569337129592896,1.3526889085769653,143.0,0.45454545454545453
623,-1.2867132425308228,2.422569990158081,623,1.0469474792480469,1.044790267944336,143.0,0.6293706293706294
624,-1.3006993532180786,2.383025646209717,624,1.357096552848816,1.3591846227645874,143.0,0.5594405594405595
625,-1.2517482042312622,2.100511074066162,625,1.3893938064575195,1.385632038116455,143.0,0.5314685314685315
626,-1.4405593872070312,2.4541168212890625,626,1.2137300968170166,1.2094526290893555,143.0,0.5874125874125874
627,-1.2517482042312622,2.223424196243286,627,1.1273772716522217,1.1291978359222412,143.0,0.4755244755244755
628,-1.2727272510528564,2.5643653869628906,628,1.1520999670028687,1.1521849632263184,143.0,0.5454545454545454
629,-1.3006993532180786,2.6179451942443848,629,1.194575309753418,1.1939438581466675,143.0,0.5244755244755245
630,-1.0279719829559326,2.231196641921997,630,1.1971417665481567,1.1981821060180664,143.0,0.48951048951048953
631,-1.496503472328186,2.280578374862671,631,1.1944382190704346,1.1974599361419678,143.0,0.5454545454545454
632,-1.3636363744735718,2.022756576538086,632,1.3677664995193481,1.372126817703247,143.0,0.5314685314685315
633,-1.5944056510925293,2.5617895126342773,633,1.022449016571045,1.023620367050171,143.0,0.6083916083916084
634,-1.2307692766189575,2.491081476211548,634,1.1951597929000854,1.196340560913086,143.0,0.5034965034965035
635,-1.2237762212753296,2.4903156757354736,635,1.1555774211883545,1.1576824188232422,143.0,0.48951048951048953
636,-1.2167831659317017,2.380397319793701,636,1.269634485244751,1.2716840505599976,143.0,0.5594405594405595
637,-1.2237762212753296,2.3486926555633545,637,1.1990880966186523,1.202031135559082,143.0,0.4965034965034965
638,-0.9440559148788452,2.286403179168701,638,1.2592642307281494,1.2613050937652588,143.0,0.45454545454545453
639,-0.8951048851013184,2.3135757446289062,639,1.16802978515625,1.1685086488723755,143.0,0.4965034965034965
640,-1.2587412595748901,2.34062123298645,640,1.1178008317947388,1.1166660785675049,143.0,0.45454545454545453
641,-1.195804238319397,1.9798239469528198,641,1.28043794631958,1.2829725742340088,143.0,0.5174825174825175
642,-1.496503472328186,2.355989694595337,642,1.2078969478607178,1.2072429656982422,143.0,0.5874125874125874
643,-1.6293705701828003,2.3405165672302246,643,1.0833711624145508,1.0815765857696533,143.0,0.5804195804195804
644,-1.1608392000198364,2.156954288482666,644,1.3447259664535522,1.345762848854065,143.0,0.42657342657342656
645,-1.0839160680770874,2.001735210418701,645,1.1573528051376343,1.1587542295455933,143.0,0.44755244755244755
646,-1.0559440851211548,2.236931562423706,646,1.2314434051513672,1.234086275100708,143.0,0.42657342657342656
647,-1.0489510297775269,2.2573227882385254,647,1.1858773231506348,1.1906251907348633,143.0,0.5314685314685315
648,-1.6433566808700562,2.38411283493042,648,1.116112232208252,1.122125267982483,143.0,0.5174825174825175
649,-1.4055943489074707,2.3924059867858887,649,1.1423985958099365,1.1511321067810059,143.0,0.4825174825174825
650,-1.454545497894287,2.4343903064727783,650,1.3528907299041748,1.3629661798477173,143.0,0.6083916083916084
651,-1.2797203063964844,2.4677093029022217,651,1.1870014667510986,1.1960299015045166,143.0,0.4195804195804196
652,-0.7832167744636536,2.344879150390625,652,1.332241177558899,1.343788504600525,143.0,0.4965034965034965
653,-1.2587412595748901,2.3673574924468994,653,1.3489491939544678,1.3608026504516602,143.0,0.5384615384615384
654,-1.0139859914779663,2.2250514030456543,654,1.2910544872283936,1.3045761585235596,143.0,0.4755244755244755
655,-1.2727272510528564,2.089540719985962,655,1.1674025058746338,1.1785740852355957,143.0,0.44755244755244755
656,-1.7692307233810425,2.6330134868621826,656,1.1387913227081299,1.150428056716919,143.0,0.4965034965034965
657,-1.265734314918518,2.206002712249756,657,1.2394691705703735,1.2494804859161377,143.0,0.48951048951048953
658,-1.3356643915176392,2.429262161254883,658,1.1042542457580566,1.1197479963302612,143.0,0.4965034965034965
659,-1.5314685106277466,2.6306536197662354,659,1.2107048034667969,1.2233535051345825,143.0,0.48951048951048953
660,-1.6083916425704956,2.5775656700134277,660,0.9761559963226318,0.9888910055160522,143.0,0.5314685314685315
661,-0.9160839319229126,2.38731050491333,661,1.0996726751327515,1.1110775470733643,143.0,0.45454545454545453
662,-0.8321678042411804,2.180607557296753,662,1.2499029636383057,1.256847620010376,143.0,0.4965034965034965
663,-1.1748251914978027,2.281928777694702,663,1.1706311702728271,1.1799366474151611,143.0,0.46853146853146854
664,-1.1468530893325806,2.2186686992645264,664,1.2650765180587769,1.272855520248413,143.0,0.40559440559440557
665,-1.0839160680770874,2.427973508834839,665,1.0842692852020264,1.0941120386123657,143.0,0.46853146853146854
666,-0.9720279574394226,2.382758617401123,666,1.1881587505340576,1.196790337562561,143.0,0.45454545454545453
667,-1.2027971744537354,2.537989377975464,667,1.0776903629302979,1.0831375122070312,143.0,0.45454545454545453
668,-1.1048951148986816,2.2115819454193115,668,1.088590145111084,1.098983883857727,143.0,0.4825174825174825
669,-1.0629370212554932,2.4728362560272217,669,1.1837613582611084,1.1941893100738525,143.0,0.5314685314685315
670,-0.8321678042411804,2.308349132537842,670,1.2844483852386475,1.2930424213409424,143.0,0.48951048951048953
671,-1.006993055343628,2.3960819244384766,671,1.1306052207946777,1.1395704746246338,143.0,0.44755244755244755
672,-0.6993007063865662,2.0244481563568115,672,1.062852144241333,1.0676178932189941,143.0,0.46853146853146854
673,-1.2587412595748901,2.3376317024230957,673,1.1286864280700684,1.132535457611084,143.0,0.4405594405594406
674,-1.076923131942749,2.383148670196533,674,1.113781213760376,1.1222560405731201,143.0,0.44755244755244755
675,-0.7902097702026367,2.1413447856903076,675,1.2946568727493286,1.3007667064666748,143.0,0.4195804195804196
676,-0.9650349617004395,2.1366355419158936,676,1.0985398292541504,1.1034597158432007,143.0,0.5174825174825175
677,-1.069930076599121,2.3671715259552,677,1.148937702178955,1.152573823928833,143.0,0.5104895104895105
678,-1.1538461446762085,2.3779513835906982,678,1.3914508819580078,1.3971822261810303,143.0,0.4965034965034965
679,-1.3636363744735718,2.4850473403930664,679,1.0133183002471924,1.0167094469070435,143.0,0.43356643356643354
680,-1.3426573276519775,2.4611809253692627,680,1.0401813983917236,1.043778657913208,143.0,0.48951048951048953
681,-1.1118881702423096,2.3566746711730957,681,1.081458568572998,1.0841659307479858,143.0,0.46853146853146854
682,-1.7062937021255493,2.6040103435516357,682,1.1608693599700928,1.1624914407730103,143.0,0.5104895104895105
683,-0.6363636255264282,1.860692024230957,683,1.1904301643371582,1.1929495334625244,143.0,0.5174825174825175
684,-1.6433566808700562,2.436338186264038,684,1.209947109222412,1.2132346630096436,143.0,0.6013986013986014
685,-0.7552447319030762,2.028526782989502,685,1.0980610847473145,1.1009691953659058,143.0,0.42657342657342656
686,-1.1608392000198364,2.393611431121826,686,1.186648964881897,1.1889386177062988,143.0,0.38461538461538464
687,-1.069930076599121,2.4768869876861572,687,1.1500928401947021,1.1514743566513062,143.0,0.5314685314685315
688,-1.0909091234207153,2.4549336433410645,688,1.2230372428894043,1.2254877090454102,143.0,0.45454545454545453
689,-1.692307710647583,2.498197317123413,689,1.1068203449249268,1.1082104444503784,143.0,0.5174825174825175
690,-0.9090909361839294,2.2216641902923584,690,1.108001470565796,1.1092802286148071,143.0,0.4405594405594406
691,-1.5104894638061523,2.5027737617492676,691,1.4133429527282715,1.4149270057678223,143.0,0.5104895104895105
692,-1.2307692766189575,2.157090425491333,692,1.3047370910644531,1.3057861328125,143.0,0.4755244755244755
693,-0.9230769276618958,2.350649118423462,693,1.0471794605255127,1.0477794408798218,143.0,0.46153846153846156
694,-1.1468530893325806,2.1120965480804443,694,1.31431245803833,1.3152259588241577,143.0,0.4195804195804196
695,-1.3496503829956055,2.342250347137451,695,1.13517427444458,1.1351121664047241,143.0,0.4825174825174825
696,-1.0839160680770874,2.3548684120178223,696,1.0765129327774048,1.0763006210327148,143.0,0.43356643356643354
697,-1.4335664510726929,2.349109172821045,697,1.177858829498291,1.1781795024871826,143.0,0.40559440559440557
698,-1.3216782808303833,2.3640708923339844,698,0.9879249334335327,0.987929105758667,143.0,0.4405594405594406
699,-1.2447552680969238,2.2754905223846436,699,1.228954792022705,1.230013132095337,143.0,0.46153846153846156
700,-1.454545497894287,2.3496086597442627,700,1.2634735107421875,1.2649142742156982,143.0,0.5454545454545454
701,-1.307692289352417,2.318157911300659,701,0.9257644414901733,0.927289605140686,143.0,0.4965034965034965
702,-1.4475524425506592,2.64357852935791,702,1.175112247467041,1.176393985748291,143.0,0.5174825174825175
703,-1.076923131942749,2.4949655532836914,703,0.9705081582069397,0.9720984101295471,143.0,0.4405594405594406
704,-1.2237762212753296,2.4248697757720947,704,1.2120227813720703,1.2132210731506348,143.0,0.4755244755244755
705,-1.0279719829559326,2.271575689315796,705,1.2700610160827637,1.271834135055542,143.0,0.5034965034965035
706,-0.7342657446861267,2.0921132564544678,706,1.1456873416900635,1.1468892097473145,143.0,0.46153846153846156
707,-1.1468530893325806,2.2777674198150635,707,1.072901725769043,1.0742439031600952,143.0,0.40559440559440557
708,-1.0349650382995605,2.333737373352051,708,1.1818222999572754,1.18247389793396,143.0,0.4825174825174825
709,-1.3216782808303833,2.5463573932647705,709,1.2099153995513916,1.2114262580871582,143.0,0.46153846153846156
710,-1.2237762212753296,2.4219841957092285,710,1.2652919292449951,1.2675820589065552,143.0,0.4405594405594406
711,-1.1048951148986816,2.491140365600586,711,1.1947842836380005,1.1951221227645874,143.0,0.42657342657342656
712,-1.069930076599121,1.998776912689209,712,1.3129864931106567,1.313772201538086,143.0,0.46153846153846156
713,-1.0,1.9251737594604492,713,1.3397786617279053,1.3414661884307861,143.0,0.4405594405594406
714,-0.6293706297874451,2.1276676654815674,714,1.1535112857818604,1.1552908420562744,143.0,0.42657342657342656
715,-1.006993055343628,2.4048218727111816,715,1.0849195718765259,1.0852805376052856,143.0,0.4825174825174825
716,-1.0979020595550537,2.1526196002960205,716,1.2002341747283936,1.200679898262024,143.0,0.4965034965034965
717,-1.4055943489074707,2.5672433376312256,717,1.1390025615692139,1.1387407779693604,143.0,0.48951048951048953
718,-1.1468530893325806,2.1773085594177246,718,1.204599380493164,1.2047975063323975,143.0,0.38461538461538464
719,-0.8531468510627747,2.1220061779022217,719,1.149202585220337,1.148655652999878,143.0,0.5104895104895105
720,-0.5104895234107971,1.8046835660934448,720,1.1308865547180176,1.129729986190796,143.0,0.4195804195804196
721,-1.4055943489074707,2.6131398677825928,721,0.9762295484542847,0.9753913283348083,143.0,0.5244755244755245
722,-1.3006993532180786,2.290249824523926,722,1.1108262538909912,1.1088670492172241,143.0,0.48951048951048953
723,-1.615384578704834,2.6336264610290527,723,1.2378802299499512,1.2358806133270264,143.0,0.5594405594405595
724,-0.9510489702224731,2.318453550338745,724,1.2538708448410034,1.2520642280578613,143.0,0.4755244755244755
725,-1.4405593872070312,2.3133010864257812,725,1.176123857498169,1.1736518144607544,143.0,0.5314685314685315
726,-1.5664335489273071,2.442512273788452,726,1.3365757465362549,1.3345509767532349,143.0,0.46853146853146854
727,-0.9020978808403015,2.345400810241699,727,1.162696361541748,1.1612263917922974,143.0,0.4125874125874126
728,-0.5384615659713745,1.8950403928756714,728,1.2710996866226196,1.268284797668457,143.0,0.4195804195804196
729,-0.6713286638259888,1.9922094345092773,729,1.0992546081542969,1.0961215496063232,143.0,0.48951048951048953
730,-0.8321678042411804,2.3053178787231445,730,1.0586122274398804,1.0566086769104004,143.0,0.4195804195804196
731,-1.006993055343628,2.2108964920043945,731,1.0621368885040283,1.0576627254486084,143.0,0.46853146853146854
732,-1.0629370212554932,2.4242851734161377,732,1.166942834854126,1.1635847091674805,143.0,0.48951048951048953
733,-0.9230769276618958,2.41231369972229,733,1.1818926334381104,1.1785144805908203,143.0,0.46853146853146854
734,-0.9090909361839294,2.292917251586914,734,1.1463954448699951,1.1424338817596436,143.0,0.4195804195804196
735,-1.3426573276519775,2.6074259281158447,735,1.2166874408721924,1.2130401134490967,143.0,0.46153846153846156
736,-1.3566433191299438,2.294431209564209,736,1.1055033206939697,1.101358413696289,143.0,0.5454545454545454
737,-1.1398601531982422,2.211228370666504,737,1.1678588390350342,1.1633625030517578,143.0,0.46853146853146854
738,-1.069930076599121,2.223996162414551,738,1.1136791706085205,1.110607385635376,143.0,0.5454545454545454
739,-1.2727272510528564,2.4783873558044434,739,1.1901483535766602,1.1875455379486084,143.0,0.46853146853146854
740,-1.3986014127731323,2.368617057800293,740,1.2797653675079346,1.2760847806930542,143.0,0.4125874125874126
741,-1.0839160680770874,2.498940944671631,741,1.1521501541137695,1.1488597393035889,143.0,0.4755244755244755
742,-1.3426573276519775,2.228564977645874,742,1.2490943670272827,1.2452481985092163,143.0,0.43356643356643354
743,-0.6503496766090393,2.0662412643432617,743,1.1282751560211182,1.1259794235229492,143.0,0.42657342657342656
744,-1.1678321361541748,2.0138885974884033,744,1.1798832416534424,1.1772428750991821,143.0,0.44755244755244755
745,-1.006993055343628,2.345942735671997,745,1.146031379699707,1.1431314945220947,143.0,0.44755244755244755
746,-1.314685344696045,2.254504680633545,746,1.0847853422164917,1.0830650329589844,143.0,0.48951048951048953
747,-0.8531468510627747,2.1644232273101807,747,1.297098159790039,1.2939486503601074,143.0,0.35664335664335667
748,-0.5454545617103577,1.9059247970581055,748,1.3526582717895508,1.3501582145690918,143.0,0.4125874125874126
749,-1.1398601531982422,2.592623710632324,749,1.123249888420105,1.1212470531463623,143.0,0.4405594405594406
750,-1.2727272510528564,2.3180105686187744,750,0.9738972187042236,0.972549557685852,143.0,0.3986013986013986
751,-1.3006993532180786,2.125552177429199,751,1.2856444120407104,1.2843571901321411,143.0,0.45454545454545453
752,-0.9020978808403015,2.1720240116119385,752,1.2637848854064941,1.2619022130966187,143.0,0.45454545454545453
753,-1.1328670978546143,2.2383739948272705,753,1.1769490242004395,1.1761330366134644,143.0,0.45454545454545453
754,-1.2447552680969238,2.404008150100708,754,1.279135823249817,1.277566909790039,143.0,0.46153846153846156
755,-1.2587412595748901,2.6090567111968994,755,1.1481214761734009,1.1462597846984863,143.0,0.4755244755244755
756,-1.2797203063964844,2.1883530616760254,756,1.2990226745605469,1.2978585958480835,143.0,0.4825174825174825
757,-1.2237762212753296,2.1787898540496826,757,1.3141065835952759,1.3131728172302246,143.0,0.4825174825174825
758,-1.426573395729065,2.0704023838043213,758,1.124721646308899,1.1242291927337646,143.0,0.5174825174825175
759,-0.8321678042411804,2.1933975219726562,759,1.3276087045669556,1.327125906944275,143.0,0.46153846153846156
760,-1.2867132425308228,2.0333666801452637,760,1.1677769422531128,1.1676390171051025,143.0,0.4825174825174825
761,-1.0209790468215942,2.404740333557129,761,1.1208709478378296,1.121321201324463,143.0,0.4195804195804196
762,-1.1468530893325806,2.3592047691345215,762,1.1638555526733398,1.1636549234390259,143.0,0.3916083916083916
763,-1.1048951148986816,2.0711581707000732,763,1.2498338222503662,1.2509765625,143.0,0.4195804195804196
764,-0.9860140085220337,2.148299217224121,764,1.0963934659957886,1.096728801727295,143.0,0.3916083916083916
765,-1.2307692766189575,2.150596857070923,765,1.444704294204712,1.4452258348464966,143.0,0.45454545454545453
766,-1.1468530893325806,2.167651891708374,766,1.4320716857910156,1.4321922063827515,143.0,0.42657342657342656
767,-1.118881106376648,2.3219521045684814,767,1.2138234376907349,1.2152968645095825,143.0,0.42657342657342656
768,-0.9300699234008789,2.267589569091797,768,1.0600117444992065,1.0612562894821167,143.0,0.4195804195804196
769,-0.9440559148788452,2.379328727722168,769,1.335435390472412,1.3362995386123657,143.0,0.44755244755244755
770,-1.0279719829559326,2.2530291080474854,770,1.172792911529541,1.1731044054031372,143.0,0.5104895104895105
771,-1.2727272510528564,2.2130630016326904,771,1.2325465679168701,1.2334846258163452,143.0,0.4125874125874126
772,-1.1048951148986816,2.121199369430542,772,1.2865337133407593,1.2876553535461426,143.0,0.46153846153846156
773,-1.377622365951538,2.3557820320129395,773,1.1854751110076904,1.1862324476242065,143.0,0.45454545454545453
774,-1.265734314918518,2.4607436656951904,774,1.2356846332550049,1.2367329597473145,143.0,0.40559440559440557
775,-1.069930076599121,2.416870594024658,775,1.0717437267303467,1.072946548461914,143.0,0.34965034965034963
776,-1.2447552680969238,2.44153094291687,776,1.0872628688812256,1.0880756378173828,143.0,0.4825174825174825
777,-1.0489510297775269,2.2665975093841553,777,1.118208646774292,1.1194854974746704,143.0,0.4825174825174825
778,-1.314685344696045,2.3987748622894287,778,1.3315620422363281,1.333385705947876,143.0,0.44755244755244755
779,-1.2307692766189575,2.408296585083008,779,1.1313475370407104,1.1325709819793701,143.0,0.4195804195804196
780,-1.1818181276321411,2.5104992389678955,780,1.2022221088409424,1.203913927078247,143.0,0.38461538461538464
781,-1.3006993532180786,2.443873405456543,781,1.300567388534546,1.3018219470977783,143.0,0.43356643356643354
782,-0.6083915829658508,1.9612860679626465,782,1.1853772401809692,1.186469316482544,143.0,0.3916083916083916
783,-0.9440559148788452,2.258708953857422,783,1.2483822107315063,1.2498760223388672,143.0,0.36363636363636365
784,-1.1118881702423096,2.284349203109741,784,1.2263879776000977,1.227146863937378,143.0,0.43356643356643354
785,-1.0979020595550537,2.1493687629699707,785,1.3385683298110962,1.3398447036743164,143.0,0.38461538461538464
786,-1.0139859914779663,2.253159523010254,786,1.0616976022720337,1.0626742839813232,143.0,0.38461538461538464
787,-1.076923131942749,2.2627320289611816,787,1.2110345363616943,1.2119340896606445,143.0,0.40559440559440557
788,-1.1748251914978027,2.312370777130127,788,1.2304775714874268,1.231602430343628,143.0,0.46153846153846156
789,-1.2097902297973633,2.474635362625122,789,1.2641526460647583,1.2652082443237305,143.0,0.4825174825174825
790,-0.6713286638259888,2.1638357639312744,790,1.1386895179748535,1.1397624015808105,143.0,0.3986013986013986
791,-1.0489510297775269,2.1944899559020996,791,1.4972264766693115,1.4990785121917725,143.0,0.44755244755244755
792,-1.3636363744735718,2.251791477203369,792,1.265381097793579,1.2662196159362793,143.0,0.43356643356643354
793,-0.9580419659614563,2.376676082611084,793,1.3073323965072632,1.3093215227127075,143.0,0.4125874125874126
794,-1.1398601531982422,2.264352798461914,794,1.2749814987182617,1.2764086723327637,143.0,0.4195804195804196
795,-0.7342657446861267,2.1579291820526123,795,1.2085344791412354,1.2093898057937622,143.0,0.3986013986013986
796,-1.1818181276321411,2.1340935230255127,796,1.059480905532837,1.06019926071167,143.0,0.3916083916083916
797,-0.440559446811676,1.8871015310287476,797,1.2704484462738037,1.2718745470046997,143.0,0.38461538461538464
798,-0.3356643319129944,1.6212921142578125,798,1.2290675640106201,1.2305142879486084,143.0,0.3916083916083916
799,-1.1258741617202759,2.311016798019409,799,0.974327802658081,0.9757866859436035,143.0,0.42657342657342656
800,-0.7132866978645325,2.1954257488250732,800,1.3101694583892822,1.3113282918930054,143.0,0.38461538461538464
801,-1.0209790468215942,2.342876434326172,801,1.1211535930633545,1.1220769882202148,143.0,0.4195804195804196
802,-0.8181818127632141,2.248966693878174,802,1.000198483467102,1.000869870185852,143.0,0.4755244755244755
803,-0.748251736164093,2.1789472103118896,803,1.2297759056091309,1.2307612895965576,143.0,0.42657342657342656
804,-0.7972028255462646,2.2142558097839355,804,1.3603096008300781,1.3612079620361328,143.0,0.4825174825174825
805,-1.0,2.308391571044922,805,1.0593390464782715,1.0598899126052856,143.0,0.43356643356643354
806,-1.1608392000198364,2.195514678955078,806,1.2053008079528809,1.206421136856079,143.0,0.45454545454545453
807,-1.1398601531982422,2.2797417640686035,807,1.1233958005905151,1.1238584518432617,143.0,0.4125874125874126
808,-0.9230769276618958,2.203230142593384,808,1.2123290300369263,1.212960958480835,143.0,0.48951048951048953
809,-0.8741258978843689,2.160895824432373,809,1.2775273323059082,1.2780249118804932,143.0,0.4195804195804196
810,-1.118881106376648,2.327967643737793,810,1.242021918296814,1.243067741394043,143.0,0.40559440559440557
811,-0.8601398468017578,2.295027732849121,811,1.1237380504608154,1.1242345571517944,143.0,0.46153846153846156
812,-0.7202796936035156,2.2357726097106934,812,1.2752898931503296,1.275567889213562,143.0,0.38461538461538464
813,-1.2447552680969238,2.278561592102051,813,1.0097805261611938,1.010204553604126,143.0,0.4405594405594406
814,-1.3216782808303833,2.331305503845215,814,1.17165207862854,1.172232985496521,143.0,0.46853146853146854
815,-0.8181818127632141,2.1439013481140137,815,1.4062883853912354,1.4066194295883179,143.0,0.35664335664335667
816,-1.069930076599121,2.4655683040618896,816,1.1913667917251587,1.1920559406280518,143.0,0.42657342657342656
817,-1.3286713361740112,2.619924306869507,817,1.0360450744628906,1.0362401008605957,143.0,0.5174825174825175
818,-0.8951048851013184,2.2953686714172363,818,1.191197395324707,1.1915342807769775,143.0,0.38461538461538464
819,-1.069930076599121,2.3374433517456055,819,1.2372604608535767,1.2378859519958496,143.0,0.3916083916083916
820,-0.6083915829658508,2.058701276779175,820,1.2143422365188599,1.2147860527038574,143.0,0.3986013986013986
821,-0.9930070042610168,2.300794839859009,821,1.2971253395080566,1.2976609468460083,143.0,0.4755244755244755
822,-1.2447552680969238,2.318115711212158,822,1.0057449340820312,1.006199836730957,143.0,0.43356643356643354
823,-0.6783216595649719,2.133978843688965,823,1.3058009147644043,1.3057726621627808,143.0,0.3776223776223776
824,-1.237762212753296,2.4636034965515137,824,1.3631082773208618,1.3637604713439941,143.0,0.4195804195804196
825,-0.692307710647583,2.0423171520233154,825,0.8810291290283203,0.8811726570129395,143.0,0.4125874125874126
826,-1.0419580936431885,2.3470680713653564,826,1.0036084651947021,1.0036141872406006,143.0,0.4125874125874126
827,-1.0489510297775269,2.1881072521209717,827,1.2142581939697266,1.2146244049072266,143.0,0.43356643356643354
828,-0.9930070042610168,2.1499600410461426,828,1.1952614784240723,1.1952722072601318,143.0,0.4125874125874126
829,-0.7762237787246704,2.2264134883880615,829,1.0236232280731201,1.0237433910369873,143.0,0.3916083916083916
830,-0.7902097702026367,2.208860397338867,830,1.1470727920532227,1.1471298933029175,143.0,0.40559440559440557
831,-0.7832167744636536,2.0658388137817383,831,1.212889552116394,1.212883710861206,143.0,0.40559440559440557
832,-0.8181818127632141,2.2767796516418457,832,1.0959813594818115,1.0959179401397705,143.0,0.35664335664335667
833,-0.811188817024231,2.1900954246520996,833,1.0832836627960205,1.083012342453003,143.0,0.40559440559440557
834,-1.3216782808303833,2.513185977935791,834,1.1228641271591187,1.1228084564208984,143.0,0.4405594405594406
835,-1.5874125957489014,2.444713592529297,835,1.4716564416885376,1.4716057777404785,143.0,0.4965034965034965
836,-0.9020978808403015,1.9940985441207886,836,1.283869981765747,1.2835946083068848,143.0,0.42657342657342656
837,-1.1608392000198364,2.1923270225524902,837,1.215172290802002,1.214907169342041,143.0,0.42657342657342656
838,-0.6013985872268677,1.9256819486618042,838,0.9898648262023926,0.989635705947876,143.0,0.3916083916083916
839,-1.0349650382995605,2.185177803039551,839,1.2070810794830322,1.206674337387085,143.0,0.45454545454545453
840,-0.8391608595848083,2.0161943435668945,840,1.1929372549057007,1.192570447921753,143.0,0.42657342657342656
841,-0.7552447319030762,1.758960247039795,841,1.112849235534668,1.1124956607818604,143.0,0.3776223776223776
842,-0.9160839319229126,2.3369829654693604,842,1.2745354175567627,1.2745060920715332,143.0,0.44755244755244755
843,-1.006993055343628,2.398998975753784,843,1.0090252161026,1.0082511901855469,143.0,0.4965034965034965
844,-1.3426573276519775,2.4268455505371094,844,1.0755035877227783,1.0751450061798096,143.0,0.4965034965034965
845,-1.0139859914779663,2.4293830394744873,845,1.309422492980957,1.3088711500167847,143.0,0.4405594405594406
846,-1.265734314918518,2.2838780879974365,846,1.1553484201431274,1.1552284955978394,143.0,0.43356643356643354
847,-0.5734265446662903,2.063636302947998,847,1.136377215385437,1.1358370780944824,143.0,0.4125874125874126
848,-0.9930070042610168,2.5706698894500732,848,1.2099709510803223,1.209855556488037,143.0,0.3986013986013986
849,-1.3356643915176392,2.224919319152832,849,1.1325911283493042,1.1325218677520752,143.0,0.46153846153846156
850,-1.0489510297775269,2.1784985065460205,850,1.0903444290161133,1.0900745391845703,143.0,0.43356643356643354
851,-1.0489510297775269,2.028912305831909,851,1.0079225301742554,1.007781744003296,143.0,0.34965034965034963
852,-0.9300699234008789,2.334449529647827,852,1.1828794479370117,1.1825908422470093,143.0,0.3706293706293706
853,-0.6853147149085999,2.210653305053711,853,1.1527462005615234,1.152357578277588,143.0,0.3916083916083916
854,-1.006993055343628,2.291658639907837,854,1.3072173595428467,1.3071396350860596,143.0,0.36363636363636365
855,-0.8601398468017578,2.2048940658569336,855,1.2539739608764648,1.2538409233093262,143.0,0.35664335664335667
856,-0.7062937021255493,2.2987747192382812,856,1.051155686378479,1.0508581399917603,143.0,0.32167832167832167
857,-0.7552447319030762,2.132718086242676,857,1.14829421043396,1.1479060649871826,143.0,0.34265734265734266
858,-1.3706294298171997,2.5050392150878906,858,1.0133156776428223,1.0124918222427368,143.0,0.43356643356643354
859,-1.0,2.075498104095459,859,1.1987519264221191,1.198493480682373,143.0,0.4405594405594406
860,-1.0279719829559326,2.2436983585357666,860,1.0942670106887817,1.093909740447998,143.0,0.46153846153846156
861,-0.8601398468017578,2.192171096801758,861,1.1197589635849,1.119592308998108,143.0,0.46853146853146854
862,-0.8321678042411804,2.187011957168579,862,1.2054436206817627,1.205019235610962,143.0,0.3916083916083916
863,-1.0629370212554932,1.94403076171875,863,1.0554120540618896,1.0551395416259766,143.0,0.3986013986013986
864,-1.0209790468215942,2.4105494022369385,864,1.2217026948928833,1.221653699874878,143.0,0.46853146853146854
865,-0.6783216595649719,2.0021016597747803,865,1.0703696012496948,1.0700886249542236,143.0,0.4195804195804196
866,-1.2797203063964844,2.318685531616211,866,1.08148193359375,1.0814204216003418,143.0,0.42657342657342656
867,-0.8391608595848083,2.230275869369507,867,1.1315298080444336,1.1310640573501587,143.0,0.3916083916083916
868,-0.9510489702224731,2.0116050243377686,868,1.0990514755249023,1.0989946126937866,143.0,0.4755244755244755
869,-0.867132842540741,2.216397285461426,869,1.0511360168457031,1.0513184070587158,143.0,0.36363636363636365
870,-0.7552447319030762,2.129436731338501,870,1.1018736362457275,1.1017670631408691,143.0,0.38461538461538464
871,-1.0419580936431885,2.1770389080047607,871,1.1033788919448853,1.1034190654754639,143.0,0.4405594405594406
872,-0.9580419659614563,2.3200979232788086,872,0.9347644448280334,0.934191882610321,143.0,0.4405594405594406
873,-0.5804196000099182,1.983895182609558,873,0.9825083017349243,0.9820843935012817,143.0,0.40559440559440557
874,-0.748251736164093,2.1725189685821533,874,1.1588503122329712,1.1586662530899048,143.0,0.40559440559440557
875,-0.4335664212703705,1.8456506729125977,875,0.9375178813934326,0.9373509883880615,143.0,0.3916083916083916
876,-1.0349650382995605,2.276092290878296,876,1.0148721933364868,1.0147517919540405,143.0,0.40559440559440557
877,-0.9510489702224731,2.1000454425811768,877,1.026031494140625,1.025780200958252,143.0,0.36363636363636365
878,-1.1678321361541748,2.128678560256958,878,1.0997731685638428,1.0996121168136597,143.0,0.3706293706293706
879,-1.0489510297775269,2.0357940196990967,879,1.1180906295776367,1.1178157329559326,143.0,0.46153846153846156
880,-1.0279719829559326,2.2186243534088135,880,1.1721282005310059,1.1719372272491455,143.0,0.38461538461538464
881,-1.1048951148986816,2.3762028217315674,881,1.1118220090866089,1.1118298768997192,143.0,0.3356643356643357
882,-1.2027971744537354,2.3191492557525635,882,1.2518200874328613,1.2517850399017334,143.0,0.3916083916083916
883,-1.0909091234207153,2.170717716217041,883,1.0072529315948486,1.0069146156311035,143.0,0.4195804195804196
884,-0.8601398468017578,2.226984739303589,884,1.1638720035552979,1.1638261079788208,143.0,0.40559440559440557
885,-1.0279719829559326,2.2123115062713623,885,1.0650179386138916,1.0646454095840454,143.0,0.4405594405594406
886,-0.692307710647583,2.1973624229431152,886,0.8772643208503723,0.8770524859428406,143.0,0.35664335664335667
887,-0.9860140085220337,2.329458713531494,887,1.0756840705871582,1.0755575895309448,143.0,0.3706293706293706
888,-0.9300699234008789,1.9741345643997192,888,1.0934937000274658,1.0931602716445923,143.0,0.36363636363636365
889,-0.6433566212654114,1.7357032299041748,889,1.2178752422332764,1.2177053689956665,143.0,0.32167832167832167
890,-0.7902097702026367,2.2246334552764893,890,1.2082874774932861,1.208621621131897,143.0,0.4405594405594406
891,-1.0279719829559326,2.228060245513916,891,1.2389469146728516,1.238834023475647,143.0,0.40559440559440557
892,-1.2937062978744507,2.255784034729004,892,0.9501925706863403,0.9500271081924438,143.0,0.46153846153846156
893,-0.7412587404251099,2.0979955196380615,893,0.9488513469696045,0.9487968683242798,143.0,0.3986013986013986
894,-1.1398601531982422,2.133979082107544,894,1.1177823543548584,1.1177423000335693,143.0,0.40559440559440557
895,-0.8321678042411804,2.218756675720215,895,1.0279788970947266,1.0275886058807373,143.0,0.34965034965034963
896,-0.867132842540741,2.303046941757202,896,0.877188503742218,0.8769228458404541,143.0,0.45454545454545453
897,-0.6643356680870056,2.138374090194702,897,0.9432233572006226,0.9431746006011963,143.0,0.34265734265734266
898,-1.1328670978546143,2.1910109519958496,898,1.0140336751937866,1.0140504837036133,143.0,0.45454545454545453
899,-0.7972028255462646,2.11739182472229,899,1.1142804622650146,1.1142914295196533,143.0,0.32167832167832167
900,-0.8461538553237915,2.025390148162842,900,1.102864384651184,1.103020429611206,143.0,0.3776223776223776
901,-0.7342657446861267,2.154686212539673,901,1.1683427095413208,1.1683071851730347,143.0,0.4755244755244755
902,-1.0979020595550537,2.3244357109069824,902,1.0912389755249023,1.0911650657653809,143.0,0.3006993006993007
903,-0.6503496766090393,2.025221109390259,903,1.1015063524246216,1.101090669631958,143.0,0.40559440559440557
904,-1.1468530893325806,2.27469539642334,904,1.0604438781738281,1.060234546661377,143.0,0.38461538461538464
905,-0.8181818127632141,2.282914161682129,905,1.1254910230636597,1.1255054473876953,143.0,0.42657342657342656
906,-0.9440559148788452,2.2275333404541016,906,1.2054741382598877,1.205834150314331,143.0,0.42657342657342656
907,-1.118881106376648,2.4905121326446533,907,1.028684139251709,1.0283005237579346,143.0,0.45454545454545453
908,-0.8951048851013184,2.111285924911499,908,1.2545716762542725,1.2540879249572754,143.0,0.35664335664335667
909,-0.6293706297874451,2.0912015438079834,909,1.0245872735977173,1.0246368646621704,143.0,0.4125874125874126
910,-0.6363636255264282,1.955967903137207,910,0.8935610055923462,0.8932660818099976,143.0,0.34265734265734266
911,-1.0839160680770874,2.3369827270507812,911,1.006068229675293,1.005995750427246,143.0,0.4125874125874126
912,-0.9580419659614563,2.1283109188079834,912,1.015599250793457,1.0153063535690308,143.0,0.38461538461538464
913,-1.0979020595550537,2.123180866241455,913,1.0420806407928467,1.042202115058899,143.0,0.3986013986013986
914,-1.0209790468215942,2.04655122756958,914,1.015885591506958,1.0162147283554077,143.0,0.34965034965034963
915,-1.1258741617202759,2.20890474319458,915,1.1686582565307617,1.1685360670089722,143.0,0.42657342657342656
916,-0.8531468510627747,1.880924105644226,916,0.8208767771720886,0.8206019401550293,143.0,0.34265734265734266
917,-0.9440559148788452,2.2431752681732178,917,0.9509481191635132,0.9510941505432129,143.0,0.36363636363636365
918,-1.2027971744537354,2.087456464767456,918,1.1222379207611084,1.1222472190856934,143.0,0.40559440559440557
919,-0.7902097702026367,2.0917856693267822,919,1.0163710117340088,1.0161951780319214,143.0,0.3776223776223776
920,-1.2867132425308228,2.4022786617279053,920,0.9437729120254517,0.9438043236732483,143.0,0.4125874125874126
921,-0.811188817024231,2.2343506813049316,921,1.0221691131591797,1.0222541093826294,143.0,0.40559440559440557
922,-0.8321678042411804,1.816728949546814,922,1.011927843093872,1.011885404586792,143.0,0.3076923076923077
923,-0.3916083872318268,1.8662813901901245,923,1.0380223989486694,1.0378378629684448,143.0,0.32867132867132864
924,-1.0139859914779663,2.161280393600464,924,1.0238096714019775,1.0239014625549316,143.0,0.3356643356643357
925,-0.7762237787246704,2.2074873447418213,925,1.1846630573272705,1.1849079132080078,143.0,0.3706293706293706
926,-1.1398601531982422,2.226984739303589,926,1.0508451461791992,1.0505340099334717,143.0,0.4195804195804196
927,-1.1538461446762085,2.181638717651367,927,0.9652878642082214,0.9653852581977844,143.0,0.40559440559440557
928,-0.7132866978645325,2.064086437225342,928,1.0427141189575195,1.04268217086792,143.0,0.32167832167832167
929,-1.006993055343628,2.3159420490264893,929,1.0895204544067383,1.0894654989242554,143.0,0.3986013986013986
930,-1.118881106376648,2.3902175426483154,930,1.007958173751831,1.0077751874923706,143.0,0.40559440559440557
931,-1.265734314918518,2.2249414920806885,931,1.068838119506836,1.0690181255340576,143.0,0.3916083916083916
932,-1.2237762212753296,2.360572338104248,932,0.9815848469734192,0.9816079139709473,143.0,0.4125874125874126
933,-1.2727272510528564,2.3450047969818115,933,1.1214344501495361,1.1213700771331787,143.0,0.3706293706293706
934,-0.9230769276618958,2.161574602127075,934,1.0542300939559937,1.0543010234832764,143.0,0.36363636363636365
935,-0.5944055914878845,2.0078091621398926,935,1.0566296577453613,1.0566529035568237,143.0,0.4125874125874126
936,-0.881118893623352,2.333967924118042,936,1.012577772140503,1.0126402378082275,143.0,0.4125874125874126
937,-0.9860140085220337,2.115497350692749,937,1.0484973192214966,1.048482894897461,143.0,0.3146853146853147
938,-1.0559440851211548,2.445993423461914,938,0.8918428421020508,0.8917667865753174,143.0,0.3706293706293706
939,-1.0209790468215942,2.235969305038452,939,0.9838257431983948,0.9835149049758911,143.0,0.4195804195804196
940,-1.496503472328186,2.471867322921753,940,0.9592419266700745,0.9592969417572021,143.0,0.5034965034965035
941,-0.9020978808403015,2.2696375846862793,941,0.9139343500137329,0.9136415719985962,143.0,0.3776223776223776
942,-0.7342657446861267,1.9963289499282837,942,1.2251453399658203,1.2251250743865967,143.0,0.34965034965034963
943,-0.9020978808403015,2.042604684829712,943,1.1112799644470215,1.1113635301589966,143.0,0.32167832167832167
944,-0.6083915829658508,2.0071027278900146,944,1.102213978767395,1.1023991107940674,143.0,0.27972027972027974
945,-0.7062937021255493,2.1116795539855957,945,1.1349798440933228,1.1349860429763794,143.0,0.36363636363636365
946,-1.237762212753296,2.2777671813964844,946,1.1303222179412842,1.130295991897583,143.0,0.3986013986013986
947,-0.7762237787246704,1.9733169078826904,947,1.0349671840667725,1.0349863767623901,143.0,0.38461538461538464
948,-0.9230769276618958,2.142075538635254,948,0.9882147312164307,0.9882681965827942,143.0,0.34265734265734266
949,-1.0559440851211548,2.2212460041046143,949,1.085803508758545,1.0858498811721802,143.0,0.3356643356643357
950,-0.9300699234008789,2.2490100860595703,950,1.1554827690124512,1.1552823781967163,143.0,0.4195804195804196
951,-0.9090909361839294,2.2279505729675293,951,1.1687228679656982,1.1688523292541504,143.0,0.3986013986013986
952,-1.076923131942749,2.180898904800415,952,0.95326828956604,0.9531835317611694,143.0,0.3776223776223776
953,-0.6083915829658508,1.9684041738510132,953,0.9509322047233582,0.9511077404022217,143.0,0.43356643356643354
954,-0.5384615659713745,1.808175802230835,954,1.2135288715362549,1.2136561870574951,143.0,0.2517482517482518
955,-1.2517482042312622,2.387228488922119,955,0.9812949895858765,0.9812526702880859,143.0,0.3776223776223776
956,-0.46853145956993103,2.0339913368225098,956,1.1571635007858276,1.1573152542114258,143.0,0.3356643356643357
957,-0.7762237787246704,2.0395376682281494,957,0.9471679925918579,0.9472492933273315,143.0,0.32167832167832167
958,-0.8601398468017578,2.130699396133423,958,1.1392478942871094,1.1394736766815186,143.0,0.43356643356643354
959,-1.1538461446762085,2.20078706741333,959,1.0309394598007202,1.0311933755874634,143.0,0.34965034965034963
960,-0.8741258978843689,2.218381881713867,960,0.9631826877593994,0.9632084369659424,143.0,0.44755244755244755
961,-0.6363636255264282,1.9595398902893066,961,1.0361812114715576,1.0361204147338867,143.0,0.38461538461538464
962,-0.7622377872467041,1.9394975900650024,962,0.9258294105529785,0.9255486726760864,143.0,0.3006993006993007
963,-0.6853147149085999,1.9084633588790894,963,1.1573171615600586,1.1572303771972656,143.0,0.3706293706293706
964,-0.9230769276618958,2.1518471240997314,964,1.1119763851165771,1.112154483795166,143.0,0.32867132867132864
965,-0.8321678042411804,2.177398443222046,965,0.9269715547561646,0.9268307685852051,143.0,0.38461538461538464
966,-0.9020978808403015,2.37797212600708,966,1.1784133911132812,1.1783592700958252,143.0,0.4755244755244755
967,-0.8951048851013184,2.0164127349853516,967,1.0941355228424072,1.0941178798675537,143.0,0.32867132867132864
968,-1.2867132425308228,2.518803358078003,968,1.352704405784607,1.3525006771087646,143.0,0.3986013986013986
969,-1.4055943489074707,2.6104626655578613,969,1.1633977890014648,1.1633498668670654,143.0,0.4195804195804196
970,-1.0,1.9718295335769653,970,0.8638432025909424,0.8636573553085327,143.0,0.32867132867132864
971,-0.8881118893623352,2.383230686187744,971,1.0830209255218506,1.0831407308578491,143.0,0.3916083916083916
972,-0.8741258978843689,1.8656524419784546,972,1.0502711534500122,1.050280213356018,143.0,0.36363636363636365
973,-0.6223776340484619,2.1247928142547607,973,1.0629898309707642,1.0630784034729004,143.0,0.32167832167832167
974,-0.8251748085021973,2.1461129188537598,974,1.0030405521392822,1.0031015872955322,143.0,0.35664335664335667
975,-0.9020978808403015,2.2134828567504883,975,0.9763399362564087,0.9764111042022705,143.0,0.3146853146853147
976,-0.9370629191398621,1.778727412223816,976,1.0846548080444336,1.084603190422058,143.0,0.34265734265734266
977,-0.9580419659614563,2.0376665592193604,977,0.9272395372390747,0.9271581172943115,143.0,0.3916083916083916
978,-1.0209790468215942,2.1981191635131836,978,1.191016435623169,1.1911230087280273,143.0,0.35664335664335667
979,-1.1538461446762085,2.3896853923797607,979,0.9030640721321106,0.9032607078552246,143.0,0.34265734265734266
980,-1.1748251914978027,2.377971887588501,980,1.140397071838379,1.1405181884765625,143.0,0.38461538461538464
981,-0.6643356680870056,1.9998043775558472,981,1.0172326564788818,1.0173683166503906,143.0,0.34965034965034963
982,-0.9860140085220337,2.1385116577148438,982,1.2270451784133911,1.2269223928451538,143.0,0.3356643356643357
983,-1.3356643915176392,2.3621253967285156,983,1.2351632118225098,1.2350201606750488,143.0,0.32867132867132864
984,-0.6013985872268677,1.8478485345840454,984,1.2000794410705566,1.2002208232879639,143.0,0.36363636363636365
985,-0.6503496766090393,2.149186611175537,985,1.0972065925598145,1.0971038341522217,143.0,0.3986013986013986
986,-1.1538461446762085,2.2634451389312744,986,1.0849502086639404,1.085179090499878,143.0,0.42657342657342656
987,-0.748251736164093,2.0904994010925293,987,0.9962290525436401,0.9962641000747681,143.0,0.2727272727272727
988,-1.1398601531982422,2.3699796199798584,988,1.1131019592285156,1.1133942604064941,143.0,0.2937062937062937
989,-1.069930076599121,2.060790538787842,989,0.9631771445274353,0.9633684158325195,143.0,0.32167832167832167
990,-0.7202796936035156,2.0463359355926514,990,1.289813756942749,1.2900817394256592,143.0,0.32167832167832167
991,-1.0979020595550537,2.1099650859832764,991,1.034012794494629,1.0341300964355469,143.0,0.3986013986013986
992,-0.5804196000099182,1.9010950326919556,992,0.8921017646789551,0.8921060562133789,143.0,0.35664335664335667
993,-0.9580419659614563,2.2465951442718506,993,1.0578629970550537,1.0578033924102783,143.0,0.3356643356643357
994,-1.1678321361541748,2.3770053386688232,994,1.1264441013336182,1.1264384984970093,143.0,0.35664335664335667
995,-0.9370629191398621,2.190943717956543,995,0.9842309951782227,0.9843344688415527,143.0,0.32167832167832167
996,-0.9510489702224731,2.278904914855957,996,1.0079575777053833,1.0080091953277588,143.0,0.2867132867132867
997,-0.6783216595649719,2.0194902420043945,997,1.0559325218200684,1.0559531450271606,143.0,0.32867132867132864
998,-0.4965035021305084,2.041095733642578,998,1.0257741212844849,1.025596261024475,143.0,0.2937062937062937
999,-0.9580419659614563,2.1051855087280273,999,0.9457525014877319,0.9459108710289001,143.0,0.32867132867132864
1000,-0.7902097702026367,2.068251848220825,1000,1.1931040287017822,1.1933369636535645,143.0,0.35664335664335667
1001,-1.1328670978546143,2.3511276245117188,1001,1.1710729598999023,1.1712093353271484,143.0,0.32867132867132864
1002,-0.5244755148887634,1.9063096046447754,1002,1.0296988487243652,1.0295811891555786,143.0,0.3916083916083916
1003,-1.615384578704834,2.593491315841675,1003,0.9643964171409607,0.9644229412078857,143.0,0.45454545454545453
1004,-1.7832168340682983,2.580561637878418,1004,0.9764237403869629,0.9762839078903198,143.0,0.3706293706293706
1005,-1.1818181276321411,2.1536645889282227,1005,1.0763914585113525,1.0761423110961914,143.0,0.3356643356643357
1006,-0.881118893623352,2.3038113117218018,1006,1.1372188329696655,1.1373472213745117,143.0,0.3006993006993007
1007,-1.0839160680770874,2.427973508834839,1007,0.9869012236595154,0.9869523048400879,143.0,0.35664335664335667
1008,-1.265734314918518,2.4003236293792725,1008,1.160441279411316,1.1603388786315918,143.0,0.35664335664335667
1009,-1.5384615659713745,2.2431533336639404,1009,1.137360692024231,1.1373637914657593,143.0,0.38461538461538464
1010,-1.4405593872070312,2.4541170597076416,1010,1.0075199604034424,1.0074325799942017,143.0,0.35664335664335667
1011,-1.3636363744735718,2.2979023456573486,1011,1.0780701637268066,1.0781340599060059,143.0,0.34965034965034963
1012,-1.4335664510726929,2.3874950408935547,1012,0.9896623492240906,0.9898296594619751,143.0,0.3916083916083916
1013,-0.8531468510627747,2.249966621398926,1013,1.1005505323410034,1.1005802154541016,143.0,0.3146853146853147
1014,-1.188811182975769,2.491807460784912,1014,1.0574195384979248,1.0573604106903076,143.0,0.3356643356643357
1015,-1.3916083574295044,2.5199482440948486,1015,0.968402624130249,0.9683891534805298,143.0,0.3776223776223776
1016,-0.9440559148788452,2.0713706016540527,1016,1.1033943891525269,1.1034585237503052,143.0,0.3006993006993007
1017,-0.9440559148788452,2.2431752681732178,1017,1.058176040649414,1.0579521656036377,143.0,0.3006993006993007
1018,-1.2517482042312622,2.52945876121521,1018,0.9365280866622925,0.9362791776657104,143.0,0.32167832167832167
1019,-1.1048951148986816,2.061004400253296,1019,0.8955305814743042,0.8957637548446655,143.0,0.3776223776223776
1020,-1.2587412595748901,2.286210775375366,1020,0.8281505107879639,0.8281447887420654,143.0,0.3706293706293706
1021,-0.8531468510627747,1.793375849723816,1021,1.1055742502212524,1.105787754058838,143.0,0.34265734265734266
1022,-1.6013985872268677,2.458437442779541,1022,1.0328142642974854,1.0327457189559937,143.0,0.4195804195804196
1023,-0.748251736164093,1.9377317428588867,1023,1.1822673082351685,1.1825429201126099,143.0,0.32167832167832167
1024,-0.6643356680870056,2.2684953212738037,1024,1.2214411497116089,1.221595048904419,143.0,0.32867132867132864
1025,-0.9090909361839294,2.205869674682617,1025,0.8389419317245483,0.8387608528137207,143.0,0.2867132867132867
1026,-1.1678321361541748,2.5801446437835693,1026,0.8883307576179504,0.8885544538497925,143.0,0.3986013986013986
1027,-1.2097902297973633,2.1315255165100098,1027,1.0408070087432861,1.040851354598999,143.0,0.34265734265734266
1028,-0.7412587404251099,1.7963184118270874,1028,0.895512580871582,0.895424485206604,143.0,0.32867132867132864
1029,-1.1748251914978027,2.4101028442382812,1029,1.2706190347671509,1.2707278728485107,143.0,0.3146853146853147
1030,-1.622377634048462,2.6199989318847656,1030,1.2168998718261719,1.216942548751831,143.0,0.32867132867132864
1031,-0.9650349617004395,2.226391553878784,1031,1.0059878826141357,1.0061160326004028,143.0,0.34265734265734266
1032,-1.8391607999801636,2.59814453125,1032,1.2580127716064453,1.2582601308822632,143.0,0.35664335664335667
1033,-0.9930070042610168,2.214056968688965,1033,1.1025400161743164,1.1026396751403809,143.0,0.3006993006993007
1034,-0.692307710647583,2.0147385597229004,1034,0.8189465403556824,0.818974494934082,143.0,0.3356643356643357
1035,-1.6573426723480225,2.6970713138580322,1035,0.9599472284317017,0.9599080085754395,143.0,0.3076923076923077
1036,-1.6573426723480225,2.642061233520508,1036,0.893372654914856,0.8938708305358887,143.0,0.34265734265734266
1037,-1.6503496170043945,2.6292030811309814,1037,0.7432808876037598,0.7433515787124634,143.0,0.34965034965034963
1038,-2.062937021255493,2.404008388519287,1038,0.853492021560669,0.8535692691802979,143.0,0.42657342657342656
1039,-1.4755244255065918,2.289630651473999,1039,0.8526492118835449,0.8528485298156738,143.0,0.34265734265734266
1040,-1.4055943489074707,2.512173891067505,1040,0.8955968618392944,0.8959184885025024,143.0,0.35664335664335667
1041,-1.7062937021255493,2.4689178466796875,1041,0.9131606221199036,0.9133981466293335,143.0,0.3356643356643357
1042,-0.748251736164093,2.182154417037964,1042,0.8777199983596802,0.8777862191200256,143.0,0.35664335664335667
1043,-2.0209789276123047,2.8097445964813232,1043,0.894571840763092,0.8948327898979187,143.0,0.3356643356643357
1044,-1.9370629787445068,2.531526565551758,1044,0.7891527414321899,0.7892909049987793,143.0,0.3916083916083916
1045,-1.9370629787445068,2.658189058303833,1045,0.8654085397720337,0.8656444549560547,143.0,0.46853146853146854
1046,-0.8251748085021973,2.2417361736297607,1046,0.8028372526168823,0.8029988408088684,143.0,0.3916083916083916
1047,-0.9230769276618958,2.394857406616211,1047,1.0020586252212524,1.002277135848999,143.0,0.40559440559440557
1048,-1.3636363744735718,2.2826356887817383,1048,0.9544605612754822,0.9546197652816772,143.0,0.3146853146853147
1049,-0.6223776340484619,2.1214990615844727,1049,0.8347876071929932,0.8351987600326538,143.0,0.36363636363636365
1050,-2.2097902297973633,2.8575825691223145,1050,0.8741796016693115,0.8743707537651062,143.0,0.27972027972027974
1051,-1.573426604270935,2.5679287910461426,1051,0.8823011517524719,0.88249272108078,143.0,0.36363636363636365
1052,-1.804195761680603,2.6948764324188232,1052,0.9454272389411926,0.9457098841667175,143.0,0.35664335664335667
1053,-0.7902097702026367,2.1640841960906982,1053,0.7896509170532227,0.7897717356681824,143.0,0.34965034965034963
1054,-1.5594406127929688,2.3403494358062744,1054,0.7833493947982788,0.7835132479667664,143.0,0.32167832167832167
1055,-1.8741258382797241,2.709390640258789,1055,0.9884721636772156,0.9888768196105957,143.0,0.3356643356643357
1056,-1.5944056510925293,2.4501683712005615,1056,0.7759305834770203,0.7759244441986084,143.0,0.36363636363636365
1057,-2.1188812255859375,2.624493360519409,1057,0.7008771896362305,0.7008835673332214,143.0,0.3776223776223776
1058,-1.8671329021453857,2.6211559772491455,1058,1.0181965827941895,1.0186656713485718,143.0,0.3706293706293706
1059,-1.8601398468017578,2.6618292331695557,1059,0.7870309352874756,0.7872615456581116,143.0,0.3006993006993007
1060,-1.3636363744735718,2.399141550064087,1060,0.7723721861839294,0.7725658416748047,143.0,0.27972027972027974
1061,-0.6993007063865662,2.1839687824249268,1061,0.926608681678772,0.9265870451927185,143.0,0.3076923076923077
1062,-1.2587412595748901,2.258513927459717,1062,0.7961790561676025,0.7965402603149414,143.0,0.3146853146853147
1063,-0.3776223659515381,1.9025349617004395,1063,0.9602699279785156,0.9604074954986572,143.0,0.2937062937062937
1064,-0.4755244851112366,1.9888930320739746,1064,0.8837316036224365,0.8840135335922241,143.0,0.3076923076923077
1065,-0.811188817024231,2.2280821800231934,1065,0.7379668951034546,0.7381306886672974,143.0,0.40559440559440557
1066,-0.6083915829658508,2.095733165740967,1066,0.8663219809532166,0.8665837049484253,143.0,0.3706293706293706
1067,-1.5524475574493408,2.507829189300537,1067,0.7878342866897583,0.7880927920341492,143.0,0.35664335664335667
1068,-1.6643356084823608,2.286916494369507,1068,0.7666834592819214,0.7669644355773926,143.0,0.3076923076923077
1069,-1.188811182975769,2.271597385406494,1069,0.8773118257522583,0.8775683045387268,143.0,0.3076923076923077
1070,-0.5524475574493408,1.974233865737915,1070,0.8159661889076233,0.8163852691650391,143.0,0.32167832167832167
1071,-1.545454502105713,2.468620538711548,1071,0.9721994400024414,0.9726471900939941,143.0,0.3146853146853147
1072,-1.5104894638061523,2.5277955532073975,1072,0.7793742418289185,0.7793816328048706,143.0,0.3916083916083916
1073,-0.5244755148887634,2.1412765979766846,1073,0.6938528418540955,0.6941560506820679,143.0,0.27972027972027974
1074,-1.5314685106277466,2.4057164192199707,1074,0.930789053440094,0.9312589168548584,143.0,0.2937062937062937
1075,-1.615384578704834,2.4205503463745117,1075,0.8888100385665894,0.8889811038970947,143.0,0.25874125874125875
1076,-1.0839160680770874,2.2794196605682373,1076,0.8330832123756409,0.8334807753562927,143.0,0.35664335664335667
1077,-1.3356643915176392,2.539048910140991,1077,0.8270482420921326,0.8272823095321655,143.0,0.3706293706293706
1078,-1.8741258382797241,2.678239583969116,1078,0.8147997856140137,0.8150556087493896,143.0,0.27972027972027974
1079,-1.7062937021255493,2.5332260131835938,1079,0.8541306257247925,0.854262113571167,143.0,0.34265734265734266
1080,-0.5944055914878845,2.194200277328491,1080,0.699823260307312,0.7000062465667725,143.0,0.27972027972027974
1081,-1.8741258382797241,2.711970567703247,1081,0.989658534526825,0.9897750020027161,143.0,0.32167832167832167
1082,-0.503496527671814,1.9463939666748047,1082,0.984196126461029,0.9846604466438293,143.0,0.32167832167832167
1083,-0.5734265446662903,1.9123797416687012,1083,0.7941381931304932,0.7943403720855713,143.0,0.3146853146853147
1084,-1.1818181276321411,2.5271570682525635,1084,0.8004044890403748,0.8007887601852417,143.0,0.35664335664335667
1085,-1.377622365951538,2.1182003021240234,1085,0.8761467337608337,0.8764629364013672,143.0,0.3146853146853147
1086,-1.0979020595550537,2.025414228439331,1086,0.8171085715293884,0.8175323009490967,143.0,0.3076923076923077
1087,-1.2027971744537354,2.090803861618042,1087,0.9556393623352051,0.9559381604194641,143.0,0.3356643356643357
1088,-1.6993006467819214,2.6099190711975098,1088,0.7525724768638611,0.752781331539154,143.0,0.3356643356643357
1089,-0.1958041936159134,1.578964352607727,1089,0.8359792232513428,0.8360835313796997,143.0,0.3356643356643357
1090,-1.377622365951538,2.6119792461395264,1090,0.7900367379188538,0.7901557683944702,143.0,0.2937062937062937
1091,-1.5594406127929688,2.3313682079315186,1091,0.9488723278045654,0.9491207003593445,143.0,0.3916083916083916
1092,-1.5244755744934082,2.4145021438598633,1092,0.8029369115829468,0.8030956983566284,143.0,0.2937062937062937
1093,-1.9580419063568115,2.732539176940918,1093,0.9459095001220703,0.9461010098457336,143.0,0.2937062937062937
1094,-2.447552442550659,2.737152576446533,1094,0.7795287370681763,0.7798919081687927,143.0,0.3006993006993007
1095,-0.7832167744636536,2.3027493953704834,1095,0.9080820083618164,0.9083781242370605,143.0,0.35664335664335667
1096,-1.8951048851013184,2.8103535175323486,1096,0.8942054510116577,0.8943139314651489,143.0,0.3986013986013986
1097,-1.6783217191696167,2.524291515350342,1097,0.804206132888794,0.804564893245697,143.0,0.34265734265734266
1098,-2.216783285140991,2.7255327701568604,1098,0.9444432258605957,0.9446618556976318,143.0,0.27972027972027974
1099,-1.4475524425506592,2.346484661102295,1099,0.7409734725952148,0.741030216217041,143.0,0.25874125874125875
1100,-1.2237762212753296,2.4277520179748535,1100,0.7886840105056763,0.788918137550354,143.0,0.3006993006993007
1101,-1.4335664510726929,2.5599372386932373,1101,0.806151270866394,0.8065824508666992,143.0,0.3146853146853147
1102,-1.2237762212753296,2.1787900924682617,1102,0.9853797554969788,0.9856022596359253,143.0,0.3146853146853147
1103,-1.7762237787246704,2.6926984786987305,1103,0.9256172180175781,0.9258849620819092,143.0,0.26573426573426573
1104,-1.7832168340682983,2.575136184692383,1104,0.8706335425376892,0.8709750175476074,143.0,0.3076923076923077
1105,-1.2167831659317017,2.525783061981201,1105,1.01888906955719,1.0193367004394531,143.0,0.22377622377622378
1106,-1.0,2.3858556747436523,1106,0.8329838514328003,0.8331321477890015,143.0,0.3076923076923077
1107,-0.8251748085021973,2.3750295639038086,1107,0.8729826211929321,0.8731148838996887,143.0,0.32867132867132864
1108,-1.1468530893325806,2.5141780376434326,1108,0.9165297150611877,0.9167934060096741,143.0,0.32167832167832167
1109,-0.6993007063865662,2.2963483333587646,1109,0.9421048164367676,0.942399799823761,143.0,0.3076923076923077
1110,-2.0559439659118652,2.6332364082336426,1110,0.77928626537323,0.7794932126998901,143.0,0.3146853146853147
1111,-0.6713286638259888,2.2117810249328613,1111,0.6778960227966309,0.6781714558601379,143.0,0.32167832167832167
1112,-0.9230769276618958,2.371382236480713,1112,0.6936547756195068,0.6938974261283875,143.0,0.3076923076923077
1113,-2.608391523361206,2.517171621322632,1113,0.8286451697349548,0.8287863731384277,143.0,0.2937062937062937
1114,-1.1398601531982422,2.2426302433013916,1114,0.959353506565094,0.9597141742706299,143.0,0.25874125874125875
1115,-1.2867132425308228,2.288990020751953,1115,0.8924242258071899,0.8927445411682129,143.0,0.34965034965034963
1116,-1.7762237787246704,2.5486032962799072,1116,0.9721932411193848,0.9725438356399536,143.0,0.3356643356643357
1117,-1.5664335489273071,2.34613037109375,1117,0.8887656927108765,0.8890573978424072,143.0,0.2937062937062937
1118,-0.6643356680870056,2.118661642074585,1118,0.8280085325241089,0.8281471729278564,143.0,0.34965034965034963
1119,-1.7552447319030762,2.6529221534729004,1119,0.8857254385948181,0.8860012292861938,143.0,0.3146853146853147
1120,-0.8531468510627747,2.199676036834717,1120,0.8608686327934265,0.8612207174301147,143.0,0.34265734265734266
1121,-1.9720280170440674,2.780914306640625,1121,0.7805680632591248,0.7808332443237305,143.0,0.25874125874125875
1122,-1.0559440851211548,2.0781118869781494,1122,0.8403648138046265,0.8405869007110596,143.0,0.32167832167832167
1123,-1.384615421295166,2.2467477321624756,1123,1.0651180744171143,1.0654401779174805,143.0,0.3146853146853147
1124,-1.804195761680603,2.6922805309295654,1124,0.8285788297653198,0.8289662599563599,143.0,0.3146853146853147
1125,-0.9720279574394226,2.003298044204712,1125,0.8121448755264282,0.8123606443405151,143.0,0.2937062937062937
1126,-1.5594406127929688,2.7395637035369873,1126,1.0184009075164795,1.0188816785812378,143.0,0.2937062937062937
1127,-0.8251748085021973,2.2039847373962402,1127,0.6790338754653931,0.6792900562286377,143.0,0.3076923076923077
1128,-1.5104894638061523,2.606787919998169,1128,0.7618197798728943,0.7619931697845459,143.0,0.2517482517482518
1129,-0.4755244851112366,1.935434103012085,1129,0.7122883200645447,0.7125027179718018,143.0,0.3146853146853147
1130,-1.734265685081482,2.4635839462280273,1130,0.7497794032096863,0.750130832195282,143.0,0.3706293706293706
1131,-1.7552447319030762,2.5562667846679688,1131,0.8626213669776917,0.8628753423690796,143.0,0.4125874125874126
1132,-1.993006944656372,2.723881959915161,1132,0.7511672973632812,0.751358151435852,143.0,0.34265734265734266
1133,-2.1958041191101074,2.821641445159912,1133,0.7392739653587341,0.7395515441894531,143.0,0.27972027972027974
1134,-1.3216782808303833,2.3611109256744385,1134,0.7723895907402039,0.7727352380752563,143.0,0.35664335664335667
1135,-1.3006993532180786,2.2749319076538086,1135,0.9111100435256958,0.9113495349884033,143.0,0.2937062937062937
1136,-0.4825174808502197,1.9318933486938477,1136,0.7940753698348999,0.7945870161056519,143.0,0.32167832167832167
1137,-1.1468530893325806,2.4692742824554443,1137,0.8922197818756104,0.8925021886825562,143.0,0.2727272727272727
1138,-1.4055943489074707,2.694822311401367,1138,0.8019005656242371,0.802245020866394,143.0,0.2937062937062937
1139,-0.6223776340484619,2.1864306926727295,1139,0.7517285943031311,0.752120852470398,143.0,0.27972027972027974
1140,-1.3286713361740112,2.482882022857666,1140,0.8532794713973999,0.8535767197608948,143.0,0.3076923076923077
1141,-1.6083916425704956,2.593792676925659,1141,0.9998550415039062,1.0002031326293945,143.0,0.3146853146853147
1142,-1.5104894638061523,2.3971636295318604,1142,0.9443033337593079,0.9444175958633423,143.0,0.3356643356643357
1143,-1.5804195404052734,2.548584222793579,1143,0.716447114944458,0.7165048122406006,143.0,0.2727272727272727
1144,-1.0349650382995605,2.0463597774505615,1144,0.8019845485687256,0.8022695779800415,143.0,0.24475524475524477
1145,-0.6083915829658508,2.020991086959839,1145,0.8694061040878296,0.8694563508033752,143.0,0.3356643356643357
1146,-0.440559446811676,1.8534501791000366,1146,0.7171282768249512,0.7173091173171997,143.0,0.27972027972027974
1147,-0.7132866978645325,2.1954257488250732,1147,0.6712006330490112,0.6713868975639343,143.0,0.2867132867132867
1148,-1.6643356084823608,2.638986825942993,1148,0.8050013780593872,0.8051589131355286,143.0,0.34265734265734266
1149,-0.31468531489372253,1.856455683708191,1149,0.7402340173721313,0.7405641674995422,143.0,0.2727272727272727
1150,-1.6993006467819214,2.5116093158721924,1150,0.7799370288848877,0.7800721526145935,143.0,0.32167832167832167
1151,-2.2587411403656006,2.7218704223632812,1151,0.7349238991737366,0.7351634502410889,143.0,0.34965034965034963
1152,-1.1258741617202759,2.13812255859375,1152,0.803534984588623,0.8036666512489319,143.0,0.3076923076923077
1153,-1.1118881702423096,2.058938980102539,1153,0.9717060923576355,0.9718871712684631,143.0,0.2867132867132867
1154,-1.7552447319030762,2.5315263271331787,1154,0.8776496648788452,0.8779324889183044,143.0,0.3356643356643357
1155,-1.692307710647583,2.478525161743164,1155,0.7905855178833008,0.7906951308250427,143.0,0.3916083916083916
1156,-2.37062931060791,2.7294774055480957,1156,0.6502445340156555,0.6504647731781006,143.0,0.22377622377622378
1157,-1.6573426723480225,2.6208014488220215,1157,0.8652976155281067,0.8656867146492004,143.0,0.2937062937062937
1158,-1.6713286638259888,2.355699062347412,1158,0.810331404209137,0.8106209635734558,143.0,0.2867132867132867
1159,-0.6643356680870056,2.1676065921783447,1159,0.7508553266525269,0.7510296106338501,143.0,0.2937062937062937
1160,-0.559440553188324,2.0572993755340576,1160,0.6593339443206787,0.6595921516418457,143.0,0.3006993006993007
1161,-2.153846263885498,2.671548366546631,1161,0.7385729551315308,0.7388864755630493,143.0,0.34965034965034963
1162,-0.7692307829856873,2.153846263885498,1162,0.7738579511642456,0.7742133140563965,143.0,0.34965034965034963
1163,-0.5314685106277466,1.8503608703613281,1163,0.7113619446754456,0.7116416692733765,143.0,0.32867132867132864
1164,-2.006993055343628,2.436598777770996,1164,0.842735767364502,0.8430144786834717,143.0,0.3706293706293706
1165,-2.230769157409668,2.7063567638397217,1165,0.7814931869506836,0.7816197872161865,143.0,0.2517482517482518
1166,-2.0279719829559326,2.5224697589874268,1166,0.8048352599143982,0.8050085306167603,143.0,0.23076923076923078
1167,-1.0279719829559326,2.068559169769287,1167,0.8168172836303711,0.8171594738960266,143.0,0.3146853146853147
1168,-0.7342657446861267,2.2154922485351562,1168,0.7109506130218506,0.7112890481948853,143.0,0.2867132867132867
1169,-0.8741258978843689,2.3380916118621826,1169,0.8255773782730103,0.82569420337677,143.0,0.34265734265734266
1170,-1.0,2.4637227058410645,1170,0.9034879207611084,0.9039034843444824,143.0,0.23776223776223776
1171,-1.314685344696045,2.3157095909118652,1171,0.97004234790802,0.970248281955719,143.0,0.24475524475524477
1172,-0.7622377872467041,2.256174087524414,1172,0.6634600758552551,0.6635122299194336,143.0,0.22377622377622378
1173,-1.4125874042510986,2.3780131340026855,1173,0.770138680934906,0.7704229950904846,143.0,0.27972027972027974
1174,-0.7552447319030762,2.1359946727752686,1174,0.7305833697319031,0.7309305667877197,143.0,0.32867132867132864
1175,-0.6223776340484619,2.2055373191833496,1175,0.5974013209342957,0.5974670648574829,143.0,0.32167832167832167
1176,-0.7692307829856873,2.2335405349731445,1176,0.7788988351821899,0.779141902923584,143.0,0.27972027972027974
1177,-1.1398601531982422,2.1632707118988037,1177,0.7868876457214355,0.7871856689453125,143.0,0.26573426573426573
1178,-1.9790209531784058,2.501659631729126,1178,0.7315982580184937,0.7318865060806274,143.0,0.35664335664335667
1179,-1.0209790468215942,2.282399892807007,1179,0.8162919878959656,0.8164838552474976,143.0,0.32867132867132864
1180,-0.5314685106277466,2.1379168033599854,1180,0.8103423714637756,0.8106069564819336,143.0,0.3006993006993007
1181,-2.0419580936431885,2.6964728832244873,1181,0.7008639574050903,0.7008929252624512,143.0,0.1888111888111888
1182,-1.4195804595947266,2.3456923961639404,1182,1.100447416305542,1.1005547046661377,143.0,0.3006993006993007
1183,-0.8321678042411804,2.3053178787231445,1183,0.661862850189209,0.6620315909385681,143.0,0.3146853146853147
1184,-1.7832168340682983,2.6315460205078125,1184,0.7451236248016357,0.7453938722610474,143.0,0.26573426573426573
1185,-0.9720279574394226,1.9285997152328491,1185,0.8311313390731812,0.8312926292419434,143.0,0.36363636363636365
1186,-2.0279719829559326,2.541801691055298,1186,0.6671854853630066,0.6672581434249878,143.0,0.3146853146853147
1187,-0.5804196000099182,2.0360820293426514,1187,0.8564192652702332,0.8568239808082581,143.0,0.3146853146853147
1188,-1.9790209531784058,2.7006044387817383,1188,0.7759730815887451,0.7762646079063416,143.0,0.23776223776223776
1189,-1.7062937021255493,2.494279146194458,1189,0.7295922040939331,0.7299444675445557,143.0,0.34965034965034963
1190,-0.8881118893623352,2.0246896743774414,1190,0.7363114356994629,0.7365826964378357,143.0,0.25874125874125875
1191,-1.4125874042510986,2.6373560428619385,1191,0.9639341831207275,0.9644230604171753,143.0,0.3146853146853147
1192,-1.7762237787246704,2.741597890853882,1192,0.751541018486023,0.7517595291137695,143.0,0.2727272727272727
1193,-2.1258740425109863,2.714548110961914,1193,0.689319372177124,0.6894475221633911,143.0,0.2517482517482518
1194,-1.5244755744934082,2.5221595764160156,1194,0.7480587959289551,0.7483140826225281,143.0,0.2867132867132867
1195,-1.545454502105713,2.4257571697235107,1195,0.8134803771972656,0.8137751817703247,143.0,0.3006993006993007
1196,-1.7972028255462646,2.656459093093872,1196,0.81228107213974,0.8124860525131226,143.0,0.3076923076923077
1197,-0.4825174808502197,2.128242254257202,1197,0.8422399163246155,0.8424075245857239,143.0,0.24475524475524477
1198,-0.881118893623352,2.2855260372161865,1198,0.737173855304718,0.737411618232727,143.0,0.34965034965034963
1199,-0.6573426723480225,2.0453078746795654,1199,0.656116783618927,0.6564773321151733,143.0,0.34965034965034963
1200,-1.377622365951538,2.2307581901550293,1200,0.7756805419921875,0.776093602180481,143.0,0.26573426573426573
1201,-0.5104895234107971,1.8731341361999512,1201,0.9076598882675171,0.9081766605377197,143.0,0.3006993006993007
1202,-1.1608392000198364,2.2427828311920166,1202,0.9057661294937134,0.9060598611831665,143.0,0.2727272727272727
1203,-0.8741258978843689,1.971358299255371,1203,0.8465893864631653,0.8467772603034973,143.0,0.21678321678321677
1204,-1.8461538553237915,2.490001678466797,1204,0.9541460275650024,0.954250693321228,143.0,0.32167832167832167
1205,-1.426573395729065,2.645723581314087,1205,0.6979183554649353,0.6982301473617554,143.0,0.2727272727272727
1206,-0.37062937021255493,1.8835997581481934,1206,0.705959677696228,0.7061606645584106,143.0,0.3006993006993007
1207,-1.496503472328186,2.670413017272949,1207,0.8365447521209717,0.8366231918334961,143.0,0.2517482517482518
1208,-1.9020979404449463,2.6426167488098145,1208,0.705930769443512,0.7062274217605591,143.0,0.2937062937062937
1209,-1.804195761680603,2.5509047508239746,1209,0.8056761026382446,0.8057252168655396,143.0,0.23776223776223776
1210,-0.30069929361343384,1.820762038230896,1210,0.7543329000473022,0.7543244957923889,143.0,0.1888111888111888
1211,-1.6643356084823608,2.48616886138916,1211,0.9095734357833862,0.9097183346748352,143.0,0.2867132867132867
1212,-1.7412587404251099,2.479886293411255,1212,0.8258445262908936,0.8259086608886719,143.0,0.27972027972027974
1213,-2.139860153198242,2.764918327331543,1213,0.7246073484420776,0.7245908975601196,143.0,0.23076923076923078
1214,-1.7692307233810425,2.6356680393218994,1214,0.8624212741851807,0.8627980947494507,143.0,0.3076923076923077
1215,-1.5874125957489014,2.327484369277954,1215,0.8906233310699463,0.891118586063385,143.0,0.23076923076923078
1216,-1.3356643915176392,2.5472981929779053,1216,0.6795648336410522,0.6798858046531677,143.0,0.34265734265734266
1217,-1.2097902297973633,2.2309117317199707,1217,0.8016688823699951,0.8019991517066956,143.0,0.34265734265734266
1218,-0.5454545617103577,2.2147858142852783,1218,0.9200118780136108,0.9202674627304077,143.0,0.3146853146853147
1219,-1.6013985872268677,2.5063273906707764,1219,0.8477253317832947,0.8480069637298584,143.0,0.3146853146853147
1220,-1.2517482042312622,2.1400885581970215,1220,0.8722254037857056,0.8724688291549683,143.0,0.2727272727272727
1221,-1.4055943489074707,2.5835351943969727,1221,0.8524625301361084,0.8529284000396729,143.0,0.24475524475524477
1222,-0.6993007063865662,2.206268548965454,1222,0.7843982577323914,0.7846522927284241,143.0,0.3076923076923077
1223,-1.6713286638259888,2.5903971195220947,1223,0.8141417503356934,0.8145637512207031,143.0,0.3356643356643357
1224,-1.6643356084823608,2.7429349422454834,1224,0.7845022082328796,0.7847925424575806,143.0,0.2727272727272727
1225,-0.8321678042411804,2.1319613456726074,1225,0.6629404425621033,0.6630852222442627,143.0,0.32167832167832167
1226,-2.2027971744537354,2.557204008102417,1226,0.8410731554031372,0.8412677049636841,143.0,0.32867132867132864
1227,-1.0419580936431885,2.4030113220214844,1227,0.7319493293762207,0.7322170734405518,143.0,0.27972027972027974
1228,-1.9580419063568115,2.711988687515259,1228,0.7535513043403625,0.7541720867156982,143.0,0.3076923076923077
1229,-1.4405593872070312,2.245811700820923,1229,0.9228361248970032,0.9231275320053101,143.0,0.2867132867132867
1230,-2.090909004211426,2.724940538406372,1230,0.7776854634284973,0.7780236601829529,143.0,0.3356643356643357
1231,-1.5804195404052734,2.366469144821167,1231,0.808696448802948,0.8088798522949219,143.0,0.35664335664335667
1232,-0.8531468510627747,2.3263707160949707,1232,0.7789139151573181,0.7788503766059875,143.0,0.3146853146853147
1233,-1.881118893623352,2.57879900932312,1233,0.7620770931243896,0.762421727180481,143.0,0.34265734265734266
1234,-1.4755244255065918,2.440429210662842,1234,0.9224380254745483,0.9226455092430115,143.0,0.2517482517482518
1235,-0.6783216595649719,2.0808866024017334,1235,0.6606595516204834,0.6607702970504761,143.0,0.3356643356643357
1236,-1.8391607999801636,2.5846517086029053,1236,0.8422935009002686,0.8426883816719055,143.0,0.2517482517482518
1237,-1.1538461446762085,2.0664069652557373,1237,0.7192836403846741,0.7196557521820068,143.0,0.24475524475524477
1238,-1.811188817024231,2.552802085876465,1238,0.7430824041366577,0.743177056312561,143.0,0.2867132867132867
1239,-0.503496527671814,1.9210797548294067,1239,0.8536373376846313,0.8539202213287354,143.0,0.3006993006993007
1240,-1.3566433191299438,2.162637710571289,1240,0.8583629727363586,0.8588082790374756,143.0,0.32167832167832167
1241,-0.692307710647583,2.2352256774902344,1241,0.8102768659591675,0.8106374144554138,143.0,0.27972027972027974
1242,-0.6713286638259888,2.2338035106658936,1242,0.9280567169189453,0.9283319115638733,143.0,0.3006993006993007
1243,-0.41258740425109863,1.900786280632019,1243,0.77088862657547,0.7712517380714417,143.0,0.27972027972027974
1244,-0.9580419659614563,2.023892402648926,1244,0.8965107202529907,0.8969473838806152,143.0,0.23776223776223776
1245,-1.2517482042312622,2.4988629817962646,1245,0.8772232532501221,0.8775627613067627,143.0,0.1958041958041958
1246,-0.2937062978744507,1.642240285873413,1246,0.8252655267715454,0.8257291316986084,143.0,0.21678321678321677
1247,-1.5664335489273071,2.6140005588531494,1247,0.8189795017242432,0.8193267583847046,143.0,0.3076923076923077
1248,-1.5524475574493408,2.603597402572632,1248,0.7507538795471191,0.7509164810180664,143.0,0.3076923076923077
1249,-1.4055943489074707,2.492612361907959,1249,0.9603453874588013,0.96068274974823,143.0,0.3076923076923077
1250,-0.5524475574493408,2.186028003692627,1250,0.8927823901176453,0.8930597901344299,143.0,0.2727272727272727
1251,-1.2447552680969238,2.263164520263672,1251,0.7990309000015259,0.7994887232780457,143.0,0.24475524475524477
1252,-0.5664335489273071,1.9949569702148438,1252,0.7458713054656982,0.7458794116973877,143.0,0.23076923076923078
1253,-1.5594406127929688,2.361172914505005,1253,0.6837931871414185,0.6840419769287109,143.0,0.27972027972027974
1254,-1.3916083574295044,2.28413462638855,1254,0.7782924175262451,0.7786303758621216,143.0,0.2097902097902098
1255,-2.4195804595947266,2.6082510948181152,1255,0.9797818660736084,0.9799429774284363,143.0,0.23776223776223776
1256,-0.5944055914878845,1.9762144088745117,1256,0.993450403213501,0.9938035011291504,143.0,0.26573426573426573
1257,-2.083916187286377,2.6057937145233154,1257,0.8540897369384766,0.8542741537094116,143.0,0.2937062937062937
1258,-0.31468531489372253,1.7597663402557373,1258,0.7114880084991455,0.7116047739982605,143.0,0.25874125874125875
1259,-1.503496527671814,2.522275924682617,1259,0.7835186123847961,0.7836951017379761,143.0,0.26573426573426573
1260,-2.0349650382995605,2.661332845687866,1260,0.7967339754104614,0.7969584465026855,143.0,0.2937062937062937
1261,-1.9790209531784058,2.7897627353668213,1261,0.8538517951965332,0.8540304899215698,143.0,0.21678321678321677
1262,-0.5664335489273071,2.019345283508301,1262,0.8476548194885254,0.8478847146034241,143.0,0.24475524475524477
1263,-0.2937062978744507,1.8390944004058838,1263,0.8634580969810486,0.8638073205947876,143.0,0.21678321678321677
1264,-1.426573395729065,2.300773859024048,1264,0.9565992951393127,0.9569603204727173,143.0,0.25874125874125875
1265,-0.7272727489471436,2.2998383045196533,1265,0.7822012901306152,0.7824108004570007,143.0,0.3356643356643357
1266,-0.559440553188324,1.9562431573867798,1266,0.7451943159103394,0.7455713748931885,143.0,0.27972027972027974
1267,-0.748251736164093,1.803138256072998,1267,0.9509198665618896,0.9511663317680359,143.0,0.18181818181818182
1268,-0.7272727489471436,2.076110601425171,1268,0.853890061378479,0.8541643619537354,143.0,0.3076923076923077
1269,-1.615384578704834,2.6362802982330322,1269,0.825133204460144,0.8255032300949097,143.0,0.3146853146853147
1270,-2.0419580936431885,2.6281800270080566,1270,0.9674288630485535,0.9677021503448486,143.0,0.3076923076923077
1271,-2.160839080810547,2.7801759243011475,1271,0.7272671461105347,0.727530300617218,143.0,0.1958041958041958
1272,-1.7132867574691772,2.4683234691619873,1272,0.8273351788520813,0.8276669979095459,143.0,0.27972027972027974
1273,-1.685314655303955,2.5513455867767334,1273,0.8723915815353394,0.8727161884307861,143.0,0.21678321678321677
1274,-0.7692307829856873,2.239793539047241,1274,0.9708968997001648,0.9712220430374146,143.0,0.2517482517482518
1275,-0.8181818127632141,2.2920854091644287,1275,0.8373861908912659,0.8376021981239319,143.0,0.3146853146853147
1276,-1.7482517957687378,2.4820151329040527,1276,0.8435746431350708,0.8437429070472717,143.0,0.26573426573426573
1277,-1.4405593872070312,2.328366756439209,1277,0.7754920721054077,0.7757798433303833,143.0,0.2867132867132867
1278,-0.7062937021255493,2.2151169776916504,1278,0.9581418037414551,0.9584258198738098,143.0,0.21678321678321677
1279,-1.1468530893325806,2.078723669052124,1279,0.9805697202682495,0.9806156754493713,143.0,0.23776223776223776
1280,-1.2937062978744507,2.397061586380005,1280,0.677132248878479,0.677324116230011,143.0,0.2097902097902098
1281,-1.0979020595550537,2.1099650859832764,1281,0.7438731789588928,0.7439759969711304,143.0,0.2867132867132867
1282,-2.167832136154175,2.555635690689087,1282,0.7735965251922607,0.773967981338501,143.0,0.32867132867132864
1283,-0.6293706297874451,2.1892244815826416,1283,0.8193384408950806,0.819469690322876,143.0,0.32867132867132864
1284,-1.8601398468017578,2.3640708923339844,1284,0.7939055562019348,0.7940910458564758,143.0,0.3146853146853147
1285,-1.377622365951538,2.446073293685913,1285,0.7824876308441162,0.7826640605926514,143.0,0.23076923076923078
1286,-0.3636363744735718,1.8111753463745117,1286,0.8768233060836792,0.8770467042922974,143.0,0.22377622377622378
1287,-2.0279719829559326,2.6389870643615723,1287,0.6991983652114868,0.6994394659996033,143.0,0.25874125874125875
1288,-1.734265685081482,2.5473175048828125,1288,0.8642728328704834,0.8647753000259399,143.0,0.3076923076923077
1289,-0.6573426723480225,2.0623323917388916,1289,0.9363548755645752,0.9364364147186279,143.0,0.3076923076923077
1290,-0.5174825191497803,2.0410237312316895,1290,0.8918187022209167,0.8919925689697266,143.0,0.2727272727272727
1291,-1.0909091234207153,2.519598960876465,1291,0.8751630783081055,0.8755000829696655,143.0,0.2727272727272727
1292,-1.3426573276519775,2.3507323265075684,1292,0.6865476369857788,0.6866415739059448,143.0,0.24475524475524477
1293,-1.1048951148986816,2.4429526329040527,1293,0.8678041100502014,0.8683581948280334,143.0,0.24475524475524477
1294,-1.5174825191497803,2.3559272289276123,1294,0.9625058770179749,0.9628183245658875,143.0,0.3146853146853147
1295,-1.1678321361541748,2.290100336074829,1295,0.9184802770614624,0.9189223647117615,143.0,0.27972027972027974
1296,-1.923076868057251,2.6046676635742188,1296,0.7388014793395996,0.7388783097267151,143.0,0.34265734265734266
1297,-1.0559440851211548,2.4545552730560303,1297,0.9328742623329163,0.9333031177520752,143.0,0.2867132867132867
1298,-1.3006993532180786,2.522722005844116,1298,0.9385687112808228,0.9388830661773682,143.0,0.27972027972027974
1299,-1.0,2.3444621562957764,1299,0.9125226736068726,0.9126840829849243,143.0,0.34965034965034963
1300,-1.6433566808700562,2.594791889190674,1300,0.8217458128929138,0.8218357563018799,143.0,0.24475524475524477
1301,-0.6293706297874451,1.9492812156677246,1301,0.8229712843894958,0.8230509757995605,143.0,0.3006993006993007
1302,-1.3916083574295044,2.5060348510742188,1302,0.972590446472168,0.9728325009346008,143.0,0.2727272727272727
1303,-1.7762237787246704,2.354640007019043,1303,0.8418623208999634,0.842048704624176,143.0,0.25874125874125875
1304,-1.1678321361541748,2.187011957168579,1304,0.8864357471466064,0.886717677116394,143.0,0.2937062937062937
1305,-1.6363636255264282,2.6326231956481934,1305,0.8264783620834351,0.826429009437561,143.0,0.23776223776223776
1306,-1.615384578704834,2.5444939136505127,1306,0.7987198829650879,0.798721194267273,143.0,0.27972027972027974
1307,-1.9580419063568115,2.6308393478393555,1307,0.8420244455337524,0.8423507213592529,143.0,0.24475524475524477
1308,-1.5594406127929688,2.384748697280884,1308,0.8994076251983643,0.8997141122817993,143.0,0.32167832167832167
1309,-0.4055944085121155,1.9368988275527954,1309,0.7754820585250854,0.7756580710411072,143.0,0.25874125874125875
1310,-0.4335664212703705,1.9524396657943726,1310,0.7704027891159058,0.770465075969696,143.0,0.25874125874125875
1311,-1.6293705701828003,2.3494629859924316,1311,0.9094122648239136,0.9097738862037659,143.0,0.25874125874125875
1312,-0.5454545617103577,2.0846667289733887,1312,1.0802432298660278,1.0803759098052979,143.0,0.22377622377622378
1313,-1.2727272510528564,2.266144275665283,1313,0.8141968846321106,0.814527153968811,143.0,0.2517482517482518
1314,-1.0,2.4637227058410645,1314,0.7819377183914185,0.7821853160858154,143.0,0.3356643356643357
1315,-0.6083915829658508,2.048485517501831,1315,0.6782961487770081,0.6785637140274048,143.0,0.3006993006993007
1316,-0.3356643319129944,1.684748888015747,1316,0.9603865742683411,0.9609670042991638,143.0,0.23776223776223776
1317,-1.762237787246704,2.4918274879455566,1317,0.8425434827804565,0.8428346514701843,143.0,0.2517482517482518
1318,-1.5594406127929688,2.4312140941619873,1318,0.8536298274993896,0.8540225625038147,143.0,0.26573426573426573
1319,-1.006993055343628,2.3696696758270264,1319,0.8901258707046509,0.8905379176139832,143.0,0.1888111888111888
1320,-0.9160839319229126,2.022587537765503,1320,0.8452038764953613,0.8454546332359314,143.0,0.20279720279720279
1321,-0.32867133617401123,1.7926665544509888,1321,0.7669870853424072,0.7673331499099731,143.0,0.24475524475524477
1322,-1.4335664510726929,2.3757500648498535,1322,0.8399118781089783,0.8401349782943726,143.0,0.2097902097902098
1323,-0.3636363744735718,1.8569297790527344,1323,0.6950926184654236,0.6953527927398682,143.0,0.20279720279720279
1324,-0.6433566212654114,2.106950283050537,1324,0.8141880035400391,0.814370334148407,143.0,0.26573426573426573
1325,-1.1328670978546143,2.25083589553833,1325,0.9733833074569702,0.9738006591796875,143.0,0.22377622377622378
1326,-2.1748251914978027,2.658446788787842,1326,0.7789636254310608,0.7790645956993103,143.0,0.23076923076923078
1327,-0.5664335489273071,2.0228052139282227,1327,0.9584876894950867,0.9587259292602539,143.0,0.20279720279720279
1328,-0.9300699234008789,2.439908027648926,1328,0.8493131995201111,0.8497403264045715,143.0,0.2867132867132867
1329,-0.4825174808502197,1.9642010927200317,1329,0.8365724086761475,0.8368473052978516,143.0,0.22377622377622378
1330,-0.8951048851013184,2.3465888500213623,1330,0.802091658115387,0.8025106191635132,143.0,0.26573426573426573
1331,-1.0419580936431885,2.370784044265747,1331,0.9125742316246033,0.9126953482627869,143.0,0.22377622377622378
1332,-1.9090908765792847,2.5581600666046143,1332,0.7240726947784424,0.7244083881378174,143.0,0.21678321678321677
1333,-0.8741258978843689,2.1898272037506104,1333,0.9207801222801208,0.9211111664772034,143.0,0.27972027972027974
1334,-2.076923131942749,2.704766273498535,1334,0.7160232067108154,0.7162892818450928,143.0,0.2517482517482518
1335,-0.9160839319229126,1.9735896587371826,1335,0.6848646402359009,0.6851397752761841,143.0,0.24475524475524477
1336,-0.7972028255462646,2.223710298538208,1336,0.8313028216362,0.8315438032150269,143.0,0.24475524475524477
1337,-2.2867133617401123,2.701003313064575,1337,0.652277946472168,0.652439296245575,143.0,0.23776223776223776
1338,-1.8461538553237915,2.572875499725342,1338,0.6665610074996948,0.6666335463523865,143.0,0.27972027972027974
1339,-1.0209790468215942,2.0051281452178955,1339,0.841620683670044,0.8417829871177673,143.0,0.1958041958041958
1340,-1.3986014127731323,2.4641196727752686,1340,0.7945297360420227,0.794846773147583,143.0,0.21678321678321677
1341,-1.8181818723678589,2.375976324081421,1341,0.8093252778053284,0.8097492456436157,143.0,0.2867132867132867
1342,-1.4615384340286255,2.319782018661499,1342,0.9237638711929321,0.9241331219673157,143.0,0.24475524475524477
1343,-0.5384615659713745,1.872768521308899,1343,0.8565337657928467,0.8568692803382874,143.0,0.2727272727272727
1344,-0.3496503531932831,1.7945477962493896,1344,0.8642988204956055,0.8648341298103333,143.0,0.21678321678321677
1345,-2.167832136154175,2.7251381874084473,1345,0.6279884576797485,0.6282088756561279,143.0,0.3076923076923077
1346,-0.4055944085121155,1.9655699729919434,1346,0.9152572154998779,0.9155235886573792,143.0,0.21678321678321677
1347,-0.5454545617103577,2.040592670440674,1347,0.8878915905952454,0.8881075382232666,143.0,0.2517482517482518
1348,-1.930069923400879,2.7191379070281982,1348,1.0142704248428345,1.014693021774292,143.0,0.2937062937062937
1349,-1.5244755744934082,2.4028892517089844,1349,0.7732236385345459,0.7734131217002869,143.0,0.23076923076923078
1350,-1.8391607999801636,2.587355852127075,1350,0.7637399435043335,0.763882577419281,143.0,0.2517482517482518
1351,-0.9370629191398621,2.2816286087036133,1351,0.7698276042938232,0.7699154615402222,143.0,0.2937062937062937
1352,-1.0349650382995605,2.4132866859436035,1352,0.8870961666107178,0.8874143362045288,143.0,0.25874125874125875
1353,-1.7272727489471436,2.591491937637329,1353,0.7132917642593384,0.7134386301040649,143.0,0.24475524475524477
1354,-1.6993006467819214,2.438143730163574,1354,0.7421467304229736,0.742477297782898,143.0,0.25874125874125875
1355,-1.069930076599121,2.4541969299316406,1355,0.8417249321937561,0.8419175148010254,143.0,0.2517482517482518
1356,-1.4405593872070312,2.4683234691619873,1356,0.8355234861373901,0.8356302976608276,143.0,0.21678321678321677
1357,-1.3286713361740112,2.2338032722473145,1357,0.7328094244003296,0.7330223321914673,143.0,0.24475524475524477
1358,-2.230769157409668,2.7499325275421143,1358,0.8445145487785339,0.8448919653892517,143.0,0.25874125874125875
1359,-1.9650349617004395,2.7871146202087402,1359,0.7181963920593262,0.7185578346252441,143.0,0.1958041958041958
1360,-0.6713286638259888,2.111494541168213,1360,0.7694985270500183,0.7695437669754028,143.0,0.26573426573426573
1361,-1.377622365951538,2.373525857925415,1361,0.8760714530944824,0.8764742612838745,143.0,0.1958041958041958
1362,-1.923076868057251,2.6630783081054688,1362,0.7414525151252747,0.7418782711029053,143.0,0.34265734265734266
1363,-0.440559446811676,1.9092060327529907,1363,0.7203924655914307,0.7206211090087891,143.0,0.21678321678321677
1364,-1.8251748085021973,2.6663262844085693,1364,0.9100503325462341,0.910266101360321,143.0,0.1958041958041958
1365,-0.4825174808502197,2.1380770206451416,1365,0.7065020799636841,0.7068250775337219,143.0,0.22377622377622378
1366,-1.573426604270935,2.6615350246429443,1366,0.8487725257873535,0.8491601347923279,143.0,0.2937062937062937
1367,-0.7202796936035156,2.1102664470672607,1367,0.8571145534515381,0.8574434518814087,143.0,0.23776223776223776
1368,-2.1048951148986816,2.7828478813171387,1368,0.7315536141395569,0.7315828800201416,143.0,0.21678321678321677
1369,-1.685314655303955,2.4649133682250977,1369,0.8998848795890808,0.9000306129455566,143.0,0.2517482517482518
1370,-1.8741258382797241,2.8206706047058105,1370,0.7398847341537476,0.7398111820220947,143.0,0.23076923076923078
1371,-1.5384615659713745,2.6252384185791016,1371,0.7475873231887817,0.7478541731834412,143.0,0.27972027972027974
1372,-1.6713286638259888,2.722032070159912,1372,0.9361927509307861,0.9366200566291809,143.0,0.3356643356643357
1373,-0.251748263835907,1.674441933631897,1373,0.7187667489051819,0.7189639806747437,143.0,0.1888111888111888
1374,-1.2027971744537354,2.12727689743042,1374,0.6591531038284302,0.6594120264053345,143.0,0.2517482517482518
1375,-1.3006993532180786,2.215757369995117,1375,0.659290075302124,0.6595512628555298,143.0,0.25874125874125875
1376,-1.930069923400879,2.648790121078491,1376,0.7016605138778687,0.7018755078315735,143.0,0.22377622377622378
1377,-2.0979020595550537,2.861156940460205,1377,0.7559807300567627,0.7561918497085571,143.0,0.1958041958041958
1378,-2.244755268096924,2.8584721088409424,1378,0.7624496817588806,0.7625776529312134,143.0,0.1888111888111888
1379,-1.3636363744735718,2.43099308013916,1379,0.9016602635383606,0.9017369151115417,143.0,0.21678321678321677
1380,-0.6783216595649719,2.2828071117401123,1380,0.8352173566818237,0.8352444767951965,143.0,0.1888111888111888
1381,-0.6083915829658508,2.1711230278015137,1381,0.7423824667930603,0.7423751354217529,143.0,0.2727272727272727
1382,-1.8601398468017578,2.5763895511627197,1382,0.7286779880523682,0.7287681102752686,143.0,0.17482517482517482
1383,-2.1048951148986816,2.6673717498779297,1383,0.766961932182312,0.7670533657073975,143.0,0.3006993006993007
1384,-1.496503472328186,2.5443592071533203,1384,0.6626991629600525,0.66280198097229,143.0,0.23776223776223776
1385,-0.2937062978744507,1.8238211870193481,1385,0.7934963703155518,0.7936983108520508,143.0,0.21678321678321677
1386,-1.6713286638259888,2.5984833240509033,1386,0.666854739189148,0.6669920682907104,143.0,0.23776223776223776
1387,-1.6083916425704956,2.5448009967803955,1387,0.7599074840545654,0.7600705623626709,143.0,0.25874125874125875
1388,-1.8741258382797241,2.701636791229248,1388,0.751386821269989,0.7515436410903931,143.0,0.21678321678321677
1389,-1.006993055343628,2.3309905529022217,1389,0.6769945621490479,0.6770706176757812,143.0,0.21678321678321677
1390,-0.7132866978645325,2.2081298828125,1390,0.7623953223228455,0.7626004815101624,143.0,0.26573426573426573
1391,-0.9370629191398621,2.028526544570923,1391,0.6645681858062744,0.6647850275039673,143.0,0.21678321678321677
1392,-0.7832167744636536,2.206601142883301,1392,0.6583675742149353,0.658397912979126,143.0,0.15384615384615385
1393,-1.4685314893722534,2.3289127349853516,1393,0.6459057331085205,0.6461319327354431,143.0,0.23076923076923078
1394,-0.31468531489372253,1.7478041648864746,1394,0.8002047538757324,0.8005926012992859,143.0,0.2727272727272727
1395,-0.9090909361839294,1.9891631603240967,1395,0.6407028436660767,0.6407303214073181,143.0,0.16783216783216784
1396,-1.3496503829956055,2.5454161167144775,1396,0.6522046327590942,0.6523475646972656,143.0,0.26573426573426573
1397,-1.4335664510726929,2.656459331512451,1397,0.6014863848686218,0.6014372706413269,143.0,0.2727272727272727
1398,-0.9790209531784058,2.056776285171509,1398,0.8340249061584473,0.8341795206069946,143.0,0.2097902097902098
1399,-0.7692307829856873,2.2272698879241943,1399,0.683033287525177,0.6830750703811646,143.0,0.2867132867132867
1400,-0.2377622425556183,1.6681216955184937,1400,0.688542366027832,0.6885359883308411,143.0,0.22377622377622378
1401,-1.4685314893722534,2.5823609828948975,1401,0.8069072961807251,0.8073110580444336,143.0,0.2727272727272727
1402,-1.496503472328186,2.579841375350952,1402,0.6879357695579529,0.6879119873046875,143.0,0.27972027972027974
1403,-0.41258740425109863,2.0254626274108887,1403,0.7793287038803101,0.779545247554779,143.0,0.27972027972027974
1404,-1.4125874042510986,2.597278594970703,1404,0.6688498854637146,0.6689309477806091,143.0,0.17482517482517482
1405,-1.622377634048462,2.7425785064697266,1405,0.7107272148132324,0.7107748985290527,143.0,0.23076923076923078
1406,-1.3986014127731323,2.461280107498169,1406,0.7423903346061707,0.7426000833511353,143.0,0.23776223776223776
1407,-1.118881106376648,2.2670936584472656,1407,0.6088176965713501,0.6089951395988464,143.0,0.16783216783216784
1408,-1.454545497894287,2.325676679611206,1408,0.7028759121894836,0.7028977870941162,143.0,0.26573426573426573
1409,-0.4055944085121155,2.0078091621398926,1409,0.6886754035949707,0.6886587738990784,143.0,0.24475524475524477
1410,-1.0489510297775269,2.19767427444458,1410,0.7303574681282043,0.730670690536499,143.0,0.17482517482517482
1411,-1.2587412595748901,2.1797327995300293,1411,0.7845202088356018,0.7847023606300354,143.0,0.25874125874125875
1412,-1.118881106376648,2.1854236125946045,1412,0.8856513500213623,0.8858520984649658,143.0,0.2097902097902098
1413,-1.734265685081482,2.561006546020508,1413,0.6451864838600159,0.6452828049659729,143.0,0.2517482517482518
1414,-1.2797203063964844,2.232642889022827,1414,0.6843458414077759,0.68426913022995,143.0,0.1958041958041958
1415,-1.7972028255462646,2.7495951652526855,1415,0.6174194812774658,0.6176823973655701,143.0,0.21678321678321677
1416,-1.2867132425308228,2.4196815490722656,1416,0.5626978874206543,0.5628296732902527,143.0,0.2867132867132867
1417,-1.2517482042312622,2.2108078002929688,1417,0.760147213935852,0.7603275179862976,143.0,0.2517482517482518
1418,-2.006993055343628,2.548814296722412,1418,0.6832037568092346,0.6834039688110352,143.0,0.2867132867132867
1419,-0.881118893623352,2.3007736206054688,1419,0.6622757315635681,0.6624451875686646,143.0,0.17482517482517482
1420,-0.3916083872318268,1.9648483991622925,1420,0.7783368825912476,0.7786281108856201,143.0,0.25874125874125875
1421,-1.7202796936035156,2.6055498123168945,1421,0.6744810938835144,0.6746073961257935,143.0,0.24475524475524477
1422,-2.090909004211426,2.66263747215271,1422,0.7870146036148071,0.7871480584144592,143.0,0.23776223776223776
1423,-0.3426573574542999,1.7545340061187744,1423,0.5726897716522217,0.5728222727775574,143.0,0.2097902097902098
1424,-0.5454545617103577,1.9885238409042358,1424,0.6281104683876038,0.6282182335853577,143.0,0.25874125874125875
1425,-2.0559439659118652,2.638542413711548,1425,0.6998475790023804,0.7003291249275208,143.0,0.1958041958041958
1426,-0.6293706297874451,2.195603847503662,1426,0.7172127962112427,0.7172402143478394,143.0,0.2727272727272727
1427,-0.38461539149284363,1.9357621669769287,1427,0.6505217552185059,0.6507476568222046,143.0,0.21678321678321677
1428,-1.2097902297973633,2.460465431213379,1428,0.6732628345489502,0.67347252368927,143.0,0.23776223776223776
1429,-1.7762237787246704,2.6481807231903076,1429,0.6473984718322754,0.6474971175193787,143.0,0.23076923076923078
1430,-0.6853147149085999,2.181997537612915,1430,0.7001774311065674,0.700290322303772,143.0,0.21678321678321677
1431,-1.0209790468215942,2.436518430709839,1431,0.5856513381004333,0.5860167145729065,143.0,0.22377622377622378
1432,-0.9720279574394226,2.3856916427612305,1432,0.617651641368866,0.6178866624832153,143.0,0.25874125874125875
1433,-1.7902097702026367,2.6572320461273193,1433,0.6470979452133179,0.6469894647598267,143.0,0.2517482517482518
1434,-1.1468530893325806,2.2186686992645264,1434,0.6954436302185059,0.6957681179046631,143.0,0.20279720279720279
1435,-1.4615384340286255,2.4969050884246826,1435,0.6396734118461609,0.6395514607429504,143.0,0.21678321678321677
1436,-1.3636363744735718,2.3371293544769287,1436,0.7997256517410278,0.7998665571212769,143.0,0.23776223776223776
1437,-1.8181818723678589,2.635519504547119,1437,0.715059757232666,0.7152152061462402,143.0,0.22377622377622378
1438,-1.5944056510925293,2.3806848526000977,1438,0.7734971046447754,0.7736028432846069,143.0,0.22377622377622378
1439,-0.9020978808403015,2.4560892581939697,1439,0.6314570903778076,0.6318512558937073,143.0,0.21678321678321677
1440,-2.1118881702423096,2.8410208225250244,1440,0.7332094311714172,0.7333598136901855,143.0,0.25874125874125875
1441,-1.5944056510925293,2.3894808292388916,1441,0.7929691672325134,0.7932640314102173,143.0,0.23776223776223776
1442,-1.8251748085021973,2.7285454273223877,1442,0.8379210829734802,0.8382055759429932,143.0,0.16083916083916083
1443,-0.2657342553138733,1.7054049968719482,1443,0.6392372250556946,0.6394927501678467,143.0,0.1958041958041958
1444,-0.6153846383094788,2.1900060176849365,1444,0.7296658754348755,0.7298706769943237,143.0,0.2867132867132867
1445,-0.5104895234107971,1.9960349798202515,1445,0.6749423146247864,0.6751560568809509,143.0,0.25874125874125875
1446,-0.9580419659614563,2.1348721981048584,1446,0.7380335330963135,0.7382375001907349,143.0,0.20279720279720279
1447,-1.006993055343628,2.0398013591766357,1447,1.0543482303619385,1.0546091794967651,143.0,0.2517482517482518
1448,-0.9860140085220337,1.9859155416488647,1448,0.6867798566818237,0.6870235204696655,143.0,0.26573426573426573
1449,-1.7202796936035156,2.700441837310791,1449,0.778265655040741,0.7785621881484985,143.0,0.3146853146853147
1450,-0.5734265446662903,2.032909393310547,1450,0.8102829456329346,0.8105207681655884,143.0,0.2517482517482518
1451,-0.2097902148962021,1.586010217666626,1451,0.7208706140518188,0.720992386341095,143.0,0.1888111888111888
1452,-1.4335664510726929,2.3281779289245605,1452,0.6490902900695801,0.6493431925773621,143.0,0.1888111888111888
1453,-1.6643356084823608,2.5362932682037354,1453,0.7139036655426025,0.7143604159355164,143.0,0.18181818181818182
1454,-2.006993055343628,2.7923383712768555,1454,0.7260525226593018,0.72621750831604,143.0,0.26573426573426573
1455,-2.0419580936431885,2.5278148651123047,1455,0.7433102130889893,0.7436441779136658,143.0,0.23076923076923078
1456,-0.4965035021305084,1.9713832139968872,1456,0.6086164712905884,0.6089355945587158,143.0,0.18181818181818182
1457,-0.3076923191547394,1.6439366340637207,1457,0.7238045930862427,0.7238001823425293,143.0,0.14685314685314685
1458,-0.8531468510627747,2.0448057651519775,1458,0.7615875005722046,0.761821985244751,143.0,0.1888111888111888
1459,-1.545454502105713,2.499586820602417,1459,0.837243914604187,0.8373736143112183,143.0,0.23776223776223776
1460,-1.5944056510925293,2.4954161643981934,1460,0.7201753854751587,0.7204838991165161,143.0,0.25874125874125875
1461,-1.1678321361541748,2.154799461364746,1461,0.6769630908966064,0.6773117780685425,143.0,0.22377622377622378
1462,-0.3986014127731323,1.8018630743026733,1462,0.740578293800354,0.7409386038780212,143.0,0.23776223776223776
1463,-1.7902097702026367,2.5716395378112793,1463,0.8753933906555176,0.8757327795028687,143.0,0.23076923076923078
1464,-0.21678321063518524,1.596060872077942,1464,0.7817175388336182,0.782077968120575,143.0,0.22377622377622378
1465,-2.1888113021850586,2.7733776569366455,1465,0.6919694542884827,0.6922129392623901,143.0,0.20279720279720279
1466,-1.0559440851211548,2.337820053100586,1466,0.8159869313240051,0.8161150217056274,143.0,0.27972027972027974
1467,-1.6573426723480225,2.5532233715057373,1467,0.6993181705474854,0.6996281147003174,143.0,0.22377622377622378
1468,-1.573426604270935,2.6667845249176025,1468,0.6600987911224365,0.6603806018829346,143.0,0.23076923076923078
1469,-1.0909091234207153,2.118546485900879,1469,0.8247976303100586,0.8249330520629883,143.0,0.20279720279720279
1470,-1.1678321361541748,2.2375874519348145,1470,0.613101065158844,0.6132983565330505,143.0,0.24475524475524477
1471,-0.8881118893623352,2.017770290374756,1471,0.6654018759727478,0.6656681299209595,143.0,0.18181818181818182
1472,-0.4965035021305084,1.9960596561431885,1472,0.7870314121246338,0.7872386574745178,143.0,0.27972027972027974
1473,-0.6223776340484619,2.016728162765503,1473,0.7539161443710327,0.7543314099311829,143.0,0.16083916083916083
1474,-1.5524475574493408,2.6276590824127197,1474,0.7329630851745605,0.7332989573478699,143.0,0.16783216783216784
1475,-1.6013985872268677,2.458437442779541,1475,0.7111812233924866,0.7111122012138367,143.0,0.25874125874125875
1476,-1.426573395729065,2.3989787101745605,1476,0.6180395483970642,0.6184054613113403,143.0,0.23776223776223776
1477,-1.930069923400879,2.521655559539795,1477,0.7260033488273621,0.7263277769088745,143.0,0.2937062937062937
1478,-1.8321678638458252,2.6231513023376465,1478,0.7811644077301025,0.7816839814186096,143.0,0.21678321678321677
1479,-0.7552447319030762,1.9077198505401611,1479,0.8309043049812317,0.8313323259353638,143.0,0.16783216783216784
1480,-1.3356643915176392,2.228060245513916,1480,0.7332766056060791,0.7337995767593384,143.0,0.22377622377622378
1481,-0.4825174808502197,2.0850892066955566,1481,0.8789843320846558,0.8790234327316284,143.0,0.1958041958041958
1482,-0.9510489702224731,2.0528969764709473,1482,0.7488653063774109,0.7493261098861694,143.0,0.2097902097902098
1483,-2.314685344696045,2.789639949798584,1483,0.7898847460746765,0.7900657057762146,143.0,0.21678321678321677
1484,-1.195804238319397,2.260202169418335,1484,0.6961250305175781,0.6963496804237366,143.0,0.24475524475524477
1485,-0.17482517659664154,1.6271933317184448,1485,0.6831463575363159,0.6833200454711914,143.0,0.1958041958041958
1486,-0.5384615659713745,1.9780941009521484,1486,0.6042892336845398,0.6042501330375671,143.0,0.18181818181818182
1487,-1.615384578704834,2.670541524887085,1487,0.7754442691802979,0.7756941914558411,143.0,0.23076923076923078
1488,-1.9650349617004395,2.6587042808532715,1488,0.7188502550125122,0.7190940976142883,143.0,0.2937062937062937
1489,-1.7902097702026367,2.5443015098571777,1489,0.9262155294418335,0.9263266324996948,143.0,0.1888111888111888
1490,-1.4055943489074707,2.368906259536743,1490,0.6861639618873596,0.6863703727722168,143.0,0.23776223776223776
1491,-0.4055944085121155,1.8061190843582153,1491,0.8721356987953186,0.8723398447036743,143.0,0.1958041958041958
1492,-1.811188817024231,2.582759141921997,1492,0.6367195844650269,0.6368381381034851,143.0,0.16083916083916083
1493,-2.1958041191101074,2.631861686706543,1493,0.6721779108047485,0.6725454330444336,143.0,0.16783216783216784
1494,-1.7972028255462646,2.703428030014038,1494,0.8944000005722046,0.8946959972381592,143.0,0.23776223776223776
1495,-0.6713286638259888,2.2618026733398438,1495,0.6324532628059387,0.6325333714485168,143.0,0.25874125874125875
1496,-1.1678321361541748,2.240710496902466,1496,0.6705455780029297,0.6707377433776855,143.0,0.23076923076923078
1497,-1.2447552680969238,2.290804862976074,1497,0.722011387348175,0.7220255136489868,143.0,0.21678321678321677
1498,-1.7202796936035156,2.637559652328491,1498,0.6082180142402649,0.6083637475967407,143.0,0.24475524475524477
1499,-0.46853145956993103,2.074838161468506,1499,0.7257658839225769,0.7259601354598999,143.0,0.1958041958041958
1500,-0.35664334893226624,1.890001654624939,1500,0.7866063117980957,0.786939799785614,143.0,0.15384615384615385
1501,-0.9230769276618958,2.04179048538208,1501,0.7418994903564453,0.7422175407409668,143.0,0.16783216783216784
1502,-2.0489511489868164,2.8143703937530518,1502,0.7840815782546997,0.7842650413513184,143.0,0.17482517482517482
1503,-1.762237787246704,2.6150667667388916,1503,0.615911066532135,0.6162310242652893,143.0,0.23076923076923078
1504,-1.8391607999801636,2.474062204360962,1504,0.7601636648178101,0.7603756189346313,143.0,0.2517482517482518
1505,-1.573426604270935,2.551537036895752,1505,0.7525271773338318,0.7528550624847412,143.0,0.24475524475524477
1506,-0.9860140085220337,2.3204352855682373,1506,0.8571079969406128,0.8573750257492065,143.0,0.1888111888111888
1507,-0.0279720276594162,1.3059521913528442,1507,0.9122582674026489,0.9125803709030151,143.0,0.13286713286713286
1508,-1.4335664510726929,2.532472848892212,1508,0.8312568664550781,0.83155357837677,143.0,0.24475524475524477
1509,-1.2727272510528564,2.2998383045196533,1509,0.8505343794822693,0.8508075475692749,143.0,0.2097902097902098
1510,-2.293706178665161,2.5221598148345947,1510,0.8034969568252563,0.8037941455841064,143.0,0.23076923076923078
1511,-1.0909091234207153,1.9785884618759155,1511,0.8132054209709167,0.8137127161026001,143.0,0.1888111888111888
1512,-0.4545454680919647,2.0268383026123047,1512,0.713153600692749,0.7132611870765686,143.0,0.2517482517482518
1513,-1.2937062978744507,2.2277090549468994,1513,0.6871289014816284,0.6874152421951294,143.0,0.17482517482517482
1514,-0.5384615659713745,2.1147804260253906,1514,0.7250726819038391,0.7252477407455444,143.0,0.2517482517482518
1515,-0.6013985872268677,2.1746792793273926,1515,0.7109816074371338,0.7111069560050964,143.0,0.21678321678321677
1516,-1.8391607999801636,2.7062485218048096,1516,0.7138370871543884,0.7140021324157715,143.0,0.1888111888111888
1517,-0.251748263835907,1.6951950788497925,1517,0.8895430564880371,0.8900455236434937,143.0,0.1958041958041958
1518,-2.2097902297973633,2.800732135772705,1518,0.6963868141174316,0.6966569423675537,143.0,0.15384615384615385
1519,-1.5944056510925293,2.472895622253418,1519,0.7744916677474976,0.7747026681900024,143.0,0.16783216783216784
1520,-0.9300699234008789,1.8797794580459595,1520,0.7883294224739075,0.7887691259384155,143.0,0.20279720279720279
1521,-1.2027971744537354,2.334177255630493,1521,0.8119374513626099,0.8118073344230652,143.0,0.18181818181818182
1522,-1.7482517957687378,2.6430234909057617,1522,0.8064804077148438,0.8067722320556641,143.0,0.20279720279720279
1523,-0.4755244851112366,1.8804560899734497,1523,0.7544898390769958,0.7548189163208008,143.0,0.24475524475524477
1524,-1.2447552680969238,2.155548334121704,1524,0.6410694122314453,0.6414731740951538,143.0,0.22377622377622378
1525,-1.8251748085021973,2.6426165103912354,1525,0.7705484628677368,0.7707788944244385,143.0,0.17482517482517482
1526,-0.5524475574493408,2.1111702919006348,1526,0.788986086845398,0.7891807556152344,143.0,0.23776223776223776
1527,-0.8391608595848083,1.9166197776794434,1527,0.6520705223083496,0.6523064374923706,143.0,0.18181818181818182
1528,-0.8951048851013184,1.9743576049804688,1528,1.041801929473877,1.042238712310791,143.0,0.16083916083916083
1529,-1.6993006467819214,2.644521713256836,1529,0.8660801649093628,0.8663709163665771,143.0,0.23076923076923078
1530,-1.2237762212753296,2.113623857498169,1530,0.9833858609199524,0.9838114976882935,143.0,0.2097902097902098
1531,-1.9650349617004395,2.613607883453369,1531,0.8527584075927734,0.8529215455055237,143.0,0.14685314685314685
1532,-1.4125874042510986,2.548353672027588,1532,0.7792313098907471,0.7793841361999512,143.0,0.1888111888111888
1533,-1.7202796936035156,2.677034378051758,1533,0.7685171365737915,0.7686684131622314,143.0,0.23776223776223776
1534,-1.4685314893722534,2.6359646320343018,1534,0.7875499129295349,0.787726879119873,143.0,0.23776223776223776
1535,-0.5944055914878845,2.01823091506958,1535,0.765575647354126,0.7658772468566895,143.0,0.21678321678321677
1536,-1.384615421295166,2.4889209270477295,1536,0.8453245162963867,0.8454890251159668,143.0,0.20279720279720279
1537,-1.2167831659317017,2.1552987098693848,1537,0.9473034739494324,0.9478028416633606,143.0,0.25874125874125875
1538,-1.2447552680969238,2.4586563110351562,1538,1.0213158130645752,1.021630048751831,143.0,0.16783216783216784
1539,-0.38461539149284363,1.902971625328064,1539,0.9880302548408508,0.9882696866989136,143.0,0.2517482517482518
1540,-0.279720276594162,1.73972749710083,1540,0.7356888055801392,0.7361553311347961,143.0,0.1888111888111888
1541,-1.4055943489074707,2.4785451889038086,1541,0.6520066261291504,0.6522635221481323,143.0,0.2097902097902098
1542,-0.6083915829658508,2.112351179122925,1542,0.844842255115509,0.8450661897659302,143.0,0.18181818181818182
1543,-1.8461538553237915,2.7156827449798584,1543,0.6620898246765137,0.6622344255447388,143.0,0.22377622377622378
1544,-1.615384578704834,2.5362355709075928,1544,0.8285373449325562,0.8288430571556091,143.0,0.16783216783216784
1545,-1.2097902297973633,2.246530055999756,1545,0.7442995309829712,0.7445759773254395,143.0,0.16783216783216784
1546,-1.6293705701828003,2.5847272872924805,1546,0.6446924805641174,0.6448640823364258,143.0,0.2097902097902098
1547,-0.21678321063518524,1.613491415977478,1547,0.8266777396202087,0.8269872069358826,143.0,0.1958041958041958
1548,-0.881118893623352,1.937807559967041,1548,0.631588339805603,0.631914496421814,143.0,0.16083916083916083
1549,-0.3076923191547394,1.770902156829834,1549,0.9409768581390381,0.9411529302597046,143.0,0.2097902097902098
1550,-0.7622377872467041,2.0954763889312744,1550,0.7138590216636658,0.7142373323440552,143.0,0.2727272727272727
1551,-0.4195804297924042,1.8751693964004517,1551,0.7735627293586731,0.7736376523971558,143.0,0.23076923076923078
1552,-0.9160839319229126,1.9087450504302979,1552,0.7789820432662964,0.7792046666145325,143.0,0.1958041958041958
1553,-1.692307710647583,2.7690365314483643,1553,0.5979725122451782,0.5981126427650452,143.0,0.23776223776223776
1554,-1.006993055343628,2.159695863723755,1554,0.6194199323654175,0.6196368932723999,143.0,0.14685314685314685
1555,-1.4125874042510986,2.2880921363830566,1555,0.8674736022949219,0.8676936626434326,143.0,0.21678321678321677
1556,-0.27272728085517883,1.7267203330993652,1556,0.8959298133850098,0.8961657285690308,143.0,0.22377622377622378
1557,-0.251748263835907,1.7156970500946045,1557,0.6445474028587341,0.6447694301605225,143.0,0.23076923076923078
1558,-1.5524475574493408,2.595526933670044,1558,0.6566503047943115,0.6568922996520996,143.0,0.14685314685314685
1559,-2.2657341957092285,2.8034720420837402,1559,0.8900347352027893,0.8902570009231567,143.0,0.23076923076923078
1560,-0.24475523829460144,1.750990867614746,1560,0.7442594766616821,0.7444345355033875,143.0,0.17482517482517482
1561,-1.5664335489273071,2.570840835571289,1561,0.8988741636276245,0.8990374207496643,143.0,0.16783216783216784
1562,-1.5104894638061523,2.6546361446380615,1562,0.7361966371536255,0.7363177537918091,143.0,0.1958041958041958
1563,-0.41258740425109863,1.9729949235916138,1563,0.8411627411842346,0.841404139995575,143.0,0.24475524475524477
1564,-2.1888113021850586,2.6992645263671875,1564,0.8788968324661255,0.8790891766548157,143.0,0.16083916083916083
1565,-0.7132866978645325,2.1697938442230225,1565,0.6701607704162598,0.6702032089233398,143.0,0.1958041958041958
1566,-0.7342657446861267,2.105441093444824,1566,0.6917158365249634,0.6918243169784546,143.0,0.16783216783216784
1567,-0.8461538553237915,2.3513357639312744,1567,0.6322541236877441,0.6324325799942017,143.0,0.17482517482517482
1568,-0.6293706297874451,2.1078553199768066,1568,0.6660083532333374,0.6662787199020386,143.0,0.1958041958041958
1569,-1.4615384340286255,2.2741148471832275,1569,0.7814598679542542,0.7816717624664307,143.0,0.26573426573426573
1570,-1.7552447319030762,2.694767713546753,1570,0.6617646813392639,0.6621131896972656,143.0,0.21678321678321677
1571,-0.5734265446662903,2.087222099304199,1571,0.7301288843154907,0.7303221225738525,143.0,0.17482517482517482
1572,-0.2377622425556183,1.7419464588165283,1572,0.7721787691116333,0.7723531126976013,143.0,0.20279720279720279
1573,-0.9230769276618958,1.9756450653076172,1573,0.7500746846199036,0.7503604888916016,143.0,0.13986013986013987
1574,-1.923076868057251,2.798793315887451,1574,0.6984593272209167,0.6986967325210571,143.0,0.2097902097902098
1575,-1.6503496170043945,2.3778076171875,1575,0.6643618941307068,0.6647148132324219,143.0,0.2097902097902098
1576,-1.3636363744735718,2.2579941749572754,1576,0.6833400726318359,0.6835819482803345,143.0,0.21678321678321677
1577,-1.5104894638061523,2.4803202152252197,1577,0.9046854376792908,0.904655396938324,143.0,0.1888111888111888
1578,-0.3216783106327057,1.9490052461624146,1578,0.7410937547683716,0.741407036781311,143.0,0.20279720279720279
1579,-0.8741258978843689,1.8731340169906616,1579,0.6927244067192078,0.6929669976234436,143.0,0.16783216783216784
1580,-1.8881118297576904,2.5966758728027344,1580,0.6134768724441528,0.6135258674621582,143.0,0.13986013986013987
1581,-0.18881118297576904,1.5776011943817139,1581,0.6851673126220703,0.6853700876235962,143.0,0.1888111888111888
1582,-0.25874125957489014,1.7044298648834229,1582,0.7499933838844299,0.7500578165054321,143.0,0.17482517482517482
1583,-2.083916187286377,2.7998414039611816,1583,0.6882189512252808,0.6886129379272461,143.0,0.16083916083916083
1584,-1.0419580936431885,2.101861000061035,1584,0.6780222058296204,0.6782006621360779,143.0,0.1958041958041958
1585,-1.930069923400879,2.762511968612671,1585,0.7790703773498535,0.7792378664016724,143.0,0.2517482517482518
1586,-1.5384615659713745,2.5903782844543457,1586,0.7021219730377197,0.7023454904556274,143.0,0.23076923076923078
1587,-1.7762237787246704,2.6796817779541016,1587,0.7694435119628906,0.7695590257644653,143.0,0.16783216783216784
1588,-1.3916083574295044,2.2871944904327393,1588,0.8085311651229858,0.808673083782196,143.0,0.24475524475524477
1589,-1.0559440851211548,2.2925121784210205,1589,0.706227719783783,0.7063137292861938,143.0,0.13286713286713286
1590,-1.6993006467819214,2.5060343742370605,1590,0.760169506072998,0.7605177164077759,143.0,0.1958041958041958
1591,-1.2727272510528564,2.4613993167877197,1591,0.7959438562393188,0.796212375164032,143.0,0.16083916083916083
1592,-0.6783216595649719,2.150301218032837,1592,0.7328673005104065,0.7330700159072876,143.0,0.14685314685314685
1593,-1.4895105361938477,2.4058992862701416,1593,0.7596989870071411,0.7597211599349976,143.0,0.1888111888111888
1594,-1.1748251914978027,2.0630438327789307,1594,0.6870938539505005,0.6870415210723877,143.0,0.16083916083916083
1595,-0.8741258978843689,2.2434587478637695,1595,0.6959918141365051,0.6963542699813843,143.0,0.1888111888111888
1596,-1.8741258382797241,2.7706432342529297,1596,0.7176569700241089,0.7177278399467468,143.0,0.20279720279720279
1597,-2.0979020595550537,2.6346657276153564,1597,0.7502812147140503,0.750507116317749,143.0,0.16783216783216784
1598,-0.1818181872367859,1.6958872079849243,1598,0.8368465900421143,0.8371176719665527,143.0,0.1258741258741259
1599,-1.2237762212753296,2.2853119373321533,1599,0.7792233228683472,0.7794643640518188,143.0,0.20279720279720279
1600,-0.35664334893226624,1.7715924978256226,1600,0.7556593418121338,0.7556594610214233,143.0,0.22377622377622378
1601,-1.6783217191696167,2.6670782566070557,1601,0.6187670230865479,0.6189842224121094,143.0,0.22377622377622378
1602,-0.3356643319129944,1.7012709379196167,1602,0.6726769208908081,0.6729156970977783,143.0,0.1888111888111888
1603,-0.9790209531784058,1.980564832687378,1603,0.6466585993766785,0.6467889547348022,143.0,0.21678321678321677
1604,-1.6783217191696167,2.5627822875976562,1604,0.7223320007324219,0.7224217653274536,143.0,0.2097902097902098
1605,-1.804195761680603,2.751373052597046,1605,0.6917235851287842,0.6917201280593872,143.0,0.20279720279720279
1606,-1.0979020595550537,2.191256046295166,1606,0.7202984094619751,0.7208114862442017,143.0,0.17482517482517482
1607,-0.41258740425109863,1.8447760343551636,1607,0.5550864934921265,0.5554009675979614,143.0,0.15384615384615385
1608,-1.5174825191497803,2.560739278793335,1608,0.7325609922409058,0.7328507900238037,143.0,0.2517482517482518
1609,-1.6293705701828003,2.4342496395111084,1609,0.7386586666107178,0.7388548851013184,143.0,0.26573426573426573
1610,-0.14685314893722534,1.523512840270996,1610,0.682546079158783,0.682698130607605,143.0,0.17482517482517482
1611,-2.083916187286377,2.7006771564483643,1611,0.6917645931243896,0.6922502517700195,143.0,0.1888111888111888
1612,-0.1678321659564972,1.6257801055908203,1612,0.6878941059112549,0.6881452202796936,143.0,0.17482517482517482
1613,-0.16083915531635284,1.4848904609680176,1613,0.6783302426338196,0.6784316301345825,143.0,0.16783216783216784
1614,-1.0839160680770874,2.1693878173828125,1614,0.8351681232452393,0.8353462815284729,143.0,0.17482517482517482
1615,-1.4195804595947266,2.58400821685791,1615,0.8407565355300903,0.8411630988121033,143.0,0.13286713286713286
1616,-1.8881118297576904,2.6866798400878906,1616,0.705384373664856,0.7056357860565186,143.0,0.16783216783216784
1617,-1.0139859914779663,2.1997649669647217,1617,0.8413556814193726,0.841521143913269,143.0,0.18181818181818182
1618,-0.8601398468017578,2.1274149417877197,1618,0.5414340496063232,0.541653037071228,143.0,0.16083916083916083
1619,-0.1678321659564972,1.608482837677002,1619,0.8142339587211609,0.8143121600151062,143.0,0.18181818181818182
1620,-0.440559446811676,1.8534504175186157,1620,0.758813202381134,0.7590460777282715,143.0,0.18181818181818182
1621,-0.9440559148788452,2.030454158782959,1621,0.6279139518737793,0.6280946731567383,143.0,0.16783216783216784
1622,-1.1118881702423096,2.3026435375213623,1622,0.7710704803466797,0.7712408304214478,143.0,0.14685314685314685
1623,-0.21678321063518524,1.6221364736557007,1623,0.7898044586181641,0.7901098132133484,143.0,0.20279720279720279
1624,-0.4195804297924042,1.9193989038467407,1624,0.7856807112693787,0.7856718301773071,143.0,0.21678321678321677
1625,-2.6503496170043945,2.821641683578491,1625,0.610154390335083,0.6102265119552612,143.0,0.22377622377622378
1626,-1.076923131942749,2.2627320289611816,1626,0.7900891900062561,0.7903584241867065,143.0,0.16083916083916083
1627,-1.8671329021453857,2.730910539627075,1627,0.6630060076713562,0.6633588075637817,143.0,0.1958041958041958
1628,-0.867132842540741,2.354099988937378,1628,0.7588399648666382,0.7590445280075073,143.0,0.22377622377622378
1629,-1.1258741617202759,2.3618979454040527,1629,0.7461248636245728,0.7460069060325623,143.0,0.13286713286713286
1630,-1.7832168340682983,2.5423405170440674,1630,0.6868566870689392,0.6869086027145386,143.0,0.17482517482517482
1631,-0.31468531489372253,1.795174479484558,1631,0.676314115524292,0.676375150680542,143.0,0.20279720279720279
1632,-0.1958041936159134,1.6567670106887817,1632,0.8377751111984253,0.8381142616271973,143.0,0.11888111888111888
1633,-2.0279719829559326,2.5390491485595703,1633,0.7932085990905762,0.7932321429252625,143.0,0.15384615384615385
1634,-0.3426573574542999,1.828694462776184,1634,0.6634941697120667,0.6636747121810913,143.0,0.13986013986013987
1635,-0.5244755148887634,1.9747787714004517,1635,0.8737661242485046,0.8740084767341614,143.0,0.20279720279720279
1636,-0.6363636255264282,2.063825845718384,1636,0.7271007299423218,0.7272062301635742,143.0,0.1888111888111888
1637,-1.734265685081482,2.5989537239074707,1637,0.6097971200942993,0.6099433898925781,143.0,0.16083916083916083
1638,0.02097902074456215,1.1971325874328613,1638,0.7087947130203247,0.7088861465454102,143.0,0.11188811188811189
1639,-0.46853145956993103,1.9497324228286743,1639,0.5921722650527954,0.5922744274139404,143.0,0.20279720279720279
1640,-1.8461538553237915,2.7489542961120605,1640,0.679469883441925,0.6797343492507935,143.0,0.1888111888111888
1641,-0.38461539149284363,1.7932392358779907,1641,0.6874610185623169,0.6874005794525146,143.0,0.1958041958041958
1642,-2.0559439659118652,2.6858246326446533,1642,0.6832971572875977,0.6833781003952026,143.0,0.1888111888111888
1643,-0.6153846383094788,2.0309598445892334,1643,0.6926265954971313,0.6927649974822998,143.0,0.16783216783216784
1644,-0.3776223659515381,1.8503608703613281,1644,0.7392705678939819,0.7394591569900513,143.0,0.16083916083916083
1645,-1.9650349617004395,2.7159528732299805,1645,0.6254962682723999,0.6257081031799316,143.0,0.2097902097902098
1646,-1.2237762212753296,2.526556968688965,1646,0.4934433698654175,0.4934315085411072,143.0,0.16083916083916083
1647,-0.24475523829460144,1.681727409362793,1647,0.5669546127319336,0.5670424699783325,143.0,0.18181818181818182
1648,-0.7132866978645325,1.792066216468811,1648,0.6963120698928833,0.6965410709381104,143.0,0.2097902097902098
1649,-2.0979020595550537,2.7565932273864746,1649,0.6665071249008179,0.6666864156723022,143.0,0.18181818181818182
1650,-0.21678321063518524,1.7020756006240845,1650,0.9008892178535461,0.9011075496673584,143.0,0.2097902097902098
1651,-1.3916083574295044,2.4552924633026123,1651,0.5647761225700378,0.564801812171936,143.0,0.20279720279720279
1652,-0.811188817024231,2.2154922485351562,1652,0.604705274105072,0.6048603057861328,143.0,0.1958041958041958
1653,-0.8951048851013184,2.189336061477661,1653,0.6294132471084595,0.6293243169784546,143.0,0.2097902097902098
1654,-1.4405593872070312,2.4739832878112793,1654,0.5664017200469971,0.5663433074951172,143.0,0.17482517482517482
1655,-0.440559446811676,1.9274333715438843,1655,0.8668837547302246,0.867024838924408,143.0,0.13986013986013987
1656,-0.9090909361839294,2.0170915126800537,1656,0.758992075920105,0.7589339017868042,143.0,0.15384615384615385
1657,-0.7762237787246704,2.1169300079345703,1657,0.7535082101821899,0.7534981369972229,143.0,0.2097902097902098
1658,-0.32867133617401123,1.6840521097183228,1658,0.778038501739502,0.7778506278991699,143.0,0.1958041958041958
1659,-1.923076868057251,2.6735610961914062,1659,0.6497952938079834,0.6498391628265381,143.0,0.1888111888111888
1660,-1.5944056510925293,2.626486301422119,1660,0.6383564472198486,0.6384381651878357,143.0,0.20279720279720279
1661,-0.4475524425506592,1.9020723104476929,1661,0.6590782403945923,0.65939861536026,143.0,0.20279720279720279
1662,-0.5454545617103577,2.0813097953796387,1662,0.6996364593505859,0.6996662616729736,143.0,0.21678321678321677
1663,-2.1048951148986816,2.7012386322021484,1663,0.717168390750885,0.7174283862113953,143.0,0.13986013986013987
1664,-1.0349650382995605,2.3456928730010986,1664,0.7065936326980591,0.7067573070526123,143.0,0.1258741258741259
1665,-0.09090909361839294,1.4527963399887085,1665,0.7370460629463196,0.7371683120727539,143.0,0.18181818181818182
1666,-1.2167831659317017,2.4066920280456543,1666,0.6101532578468323,0.6103142499923706,143.0,0.20279720279720279
1667,-1.881118893623352,2.824690341949463,1667,0.670555591583252,0.6705866456031799,143.0,0.18181818181818182
1668,-0.7552447319030762,2.0660994052886963,1668,0.7168112993240356,0.7169736623764038,143.0,0.18181818181818182
1669,-0.867132842540741,2.1749939918518066,1669,0.6670368909835815,0.6668894290924072,143.0,0.1958041958041958
1670,-1.6713286638259888,2.6145803928375244,1670,0.7394940853118896,0.7394505739212036,143.0,0.17482517482517482
1671,-0.7622377872467041,1.854716420173645,1671,0.7343646287918091,0.7343654036521912,143.0,0.23076923076923078
1672,-0.9650349617004395,2.1202077865600586,1672,0.8103156685829163,0.8104680776596069,143.0,0.11888111888111888
1673,-0.3426573574542999,1.8552697896957397,1673,0.6396084427833557,0.6395683288574219,143.0,0.15384615384615385
1674,-0.14685314893722534,1.4482110738754272,1674,0.6926071643829346,0.6926359534263611,143.0,0.1258741258741259
1675,-0.440559446811676,1.6792536973953247,1675,0.851158618927002,0.8511450886726379,143.0,0.13286713286713286
1676,-0.811188817024231,2.024158477783203,1676,0.5513641238212585,0.5514439344406128,143.0,0.1888111888111888
1677,-1.0909091234207153,2.243589401245117,1677,0.5969175696372986,0.597042441368103,143.0,0.16783216783216784
1678,-2.0559439659118652,2.7271652221679688,1678,0.8156193494796753,0.8157309293746948,143.0,0.1888111888111888
1679,-2.223776340484619,2.6926982402801514,1679,0.703710675239563,0.7037937045097351,143.0,0.2517482517482518
1680,-0.9370629191398621,2.2631642818450928,1680,0.9250274896621704,0.9253613352775574,143.0,0.16083916083916083
1681,-0.37062937021255493,1.7961820363998413,1681,0.6909811496734619,0.6910176873207092,143.0,0.14685314685314685
1682,-1.6783217191696167,2.630114793777466,1682,0.7356648445129395,0.7358085513114929,143.0,0.16783216783216784
1683,-1.4335664510726929,2.573559522628784,1683,0.6907104253768921,0.6908650398254395,143.0,0.13286713286713286
1684,-0.10489510744810104,1.4614547491073608,1684,0.7017838954925537,0.70173180103302,143.0,0.1888111888111888
1685,-1.2587412595748901,2.2831499576568604,1685,0.7331646680831909,0.7334546446800232,143.0,0.1888111888111888
1686,-1.6713286638259888,2.5849924087524414,1686,0.7476497292518616,0.7478364706039429,143.0,0.1888111888111888
1687,-1.881118893623352,2.635129928588867,1687,0.6329079866409302,0.6329041719436646,143.0,0.20279720279720279
1688,-0.867132842540741,2.2005650997161865,1688,0.6068441271781921,0.6065998077392578,143.0,0.14685314685314685
1689,-1.0839160680770874,2.38731050491333,1689,0.6109288334846497,0.6111009120941162,143.0,0.18181818181818182
1690,-1.1048951148986816,2.4083573818206787,1690,0.7347145080566406,0.7349989414215088,143.0,0.11888111888111888
1691,-2.552447557449341,2.854706287384033,1691,0.6808030605316162,0.680695116519928,143.0,0.20279720279720279
1692,-1.1118881702423096,2.3596396446228027,1692,0.5885074734687805,0.5884433388710022,143.0,0.21678321678321677
1693,-1.3426573276519775,2.5966761112213135,1693,0.7044583559036255,0.7044068574905396,143.0,0.1888111888111888
1694,-1.0979020595550537,2.4071996212005615,1694,0.857769250869751,0.8579655885696411,143.0,0.16783216783216784
1695,-0.9370629191398621,2.225776433944702,1695,0.5902923941612244,0.5903578996658325,143.0,0.1258741258741259
1696,-0.3776223659515381,1.887775182723999,1696,0.6014255881309509,0.6014149188995361,143.0,0.18181818181818182
1697,-0.4615384638309479,1.761155128479004,1697,0.7723486423492432,0.7725182771682739,143.0,0.13286713286713286
1698,-0.440559446811676,1.3772495985031128,1698,0.6076982021331787,0.6078325510025024,143.0,0.16083916083916083
1699,0.04895104840397835,1.1667219400405884,1699,0.5677207708358765,0.567922830581665,143.0,0.14685314685314685
1700,-0.2657342553138733,1.6596866846084595,1700,0.6117185354232788,0.6118617057800293,143.0,0.15384615384615385
1701,-0.3776223659515381,1.9135299921035767,1701,0.7044318914413452,0.7044588923454285,143.0,0.17482517482517482
1702,-1.6433566808700562,2.5209765434265137,1702,0.719563364982605,0.7197879552841187,143.0,0.16083916083916083
1703,-0.16083915531635284,1.585115909576416,1703,0.7843193411827087,0.7845718860626221,143.0,0.16083916083916083
1704,-0.8601398468017578,2.150301218032837,1704,0.6073415279388428,0.6073718667030334,143.0,0.1258741258741259
1705,-1.4755244255065918,2.4802215099334717,1705,0.6818270087242126,0.6819658279418945,143.0,0.15384615384615385
1706,-0.279720276594162,1.6146427392959595,1706,0.6037348508834839,0.6038055419921875,143.0,0.23776223776223776
1707,-0.8601398468017578,2.1009535789489746,1707,0.49122750759124756,0.4913756847381592,143.0,0.2097902097902098
1708,-1.2937062978744507,2.3765525817871094,1708,0.7225630879402161,0.7226788997650146,143.0,0.13986013986013987
1709,-0.8181818127632141,2.264460563659668,1709,0.6722514629364014,0.6723002195358276,143.0,0.13986013986013987
1710,-0.28671327233314514,1.7244534492492676,1710,0.6817781925201416,0.681546688079834,143.0,0.1888111888111888
1711,-0.1118881106376648,1.5693964958190918,1711,0.641514778137207,0.6417057514190674,143.0,0.15384615384615385
1712,-0.9580419659614563,2.23410964012146,1712,0.6527829766273499,0.6527024507522583,143.0,0.1258741258741259
1713,-0.6013985872268677,1.8173209428787231,1713,0.8224749565124512,0.8223907947540283,143.0,0.13986013986013987
1714,-1.2307692766189575,2.451465368270874,1714,0.7097623348236084,0.7099830508232117,143.0,0.18181818181818182
1715,-0.8601398468017578,2.084244728088379,1715,0.5996232032775879,0.5995858311653137,143.0,0.13986013986013987
1716,-0.42657342553138733,1.9378076791763306,1716,0.6202766299247742,0.6204014420509338,143.0,0.1888111888111888
1717,-1.6783217191696167,2.6221258640289307,1717,0.7838140726089478,0.7837027311325073,143.0,0.2097902097902098
1718,-2.006993055343628,2.682490825653076,1718,0.5808697938919067,0.5809043645858765,143.0,0.18181818181818182
1719,-0.5244755148887634,1.5366486310958862,1719,0.7941206693649292,0.7943353652954102,143.0,0.1258741258741259
1720,-0.5104895234107971,1.884300708770752,1720,0.6763160824775696,0.6766053438186646,143.0,0.15384615384615385
1721,-1.0139859914779663,2.26554012298584,1721,0.5977073907852173,0.597936749458313,143.0,0.20279720279720279
1722,-1.2167831659317017,2.5313141345977783,1722,0.698395311832428,0.6983790397644043,143.0,0.17482517482517482
1723,-0.7342657446861267,1.8957113027572632,1723,0.6778944730758667,0.6778439879417419,143.0,0.16083916083916083
1724,-1.4615384340286255,2.5605103969573975,1724,0.7758679389953613,0.7760276198387146,143.0,0.16083916083916083
1725,-1.6433566808700562,2.5974855422973633,1725,0.5899864435195923,0.5901167988777161,143.0,0.1888111888111888
1726,-0.559440553188324,1.7763891220092773,1726,0.5373031497001648,0.53753662109375,143.0,0.11888111888111888
1727,-1.7692307233810425,2.571202278137207,1727,0.7805545330047607,0.7808378338813782,143.0,0.15384615384615385
1728,-1.2587412595748901,2.505136728286743,1728,0.5601856112480164,0.5602825880050659,143.0,0.23076923076923078
1729,-2.0979020595550537,2.7285454273223877,1729,0.8051197528839111,0.8052341938018799,143.0,0.13286713286713286
1730,-0.23076923191547394,1.732827067375183,1730,0.5542104244232178,0.5544237494468689,143.0,0.15384615384615385
1731,-1.3496503829956055,2.377807378768921,1731,0.7043640613555908,0.7044174671173096,143.0,0.16783216783216784
1732,-1.6503496170043945,2.5591158866882324,1732,0.6779720187187195,0.6781634092330933,143.0,0.16783216783216784
1733,-0.6853147149085999,2.13338303565979,1733,0.7283574938774109,0.7285003066062927,143.0,0.24475524475524477
1734,-1.2237762212753296,2.2106528282165527,1734,0.6920733451843262,0.692136287689209,143.0,0.16783216783216784
1735,-0.3356643319129944,1.6722500324249268,1735,0.5596033334732056,0.5596928596496582,143.0,0.18181818181818182
1736,0.0,1.3169152736663818,1736,0.5981920957565308,0.5983871221542358,143.0,0.1258741258741259
1737,-1.3566433191299438,2.3958170413970947,1737,0.6032750010490417,0.6033813953399658,143.0,0.16083916083916083
1738,-0.25874125957489014,1.6374691724777222,1738,0.7483306527137756,0.7483422756195068,143.0,0.14685314685314685
1739,-1.4895105361938477,2.39424467086792,1739,0.7091702818870544,0.7094399929046631,143.0,0.14685314685314685
1740,-0.8181818127632141,1.872272253036499,1740,0.6330317854881287,0.6331415176391602,143.0,0.20279720279720279
1741,-0.9720279574394226,2.1120502948760986,1741,0.7692722082138062,0.7695801258087158,143.0,0.18181818181818182
1742,-1.8461538553237915,2.6636838912963867,1742,0.6551265716552734,0.6552791595458984,143.0,0.14685314685314685
1743,-0.25874125957489014,1.4757397174835205,1743,0.6481281518936157,0.648261547088623,143.0,0.16083916083916083
1744,-0.6853147149085999,1.9157778024673462,1744,0.7333855628967285,0.733612060546875,143.0,0.16783216783216784
1745,-1.0629370212554932,2.3981833457946777,1745,0.6940922737121582,0.6942644119262695,143.0,0.22377622377622378
1746,-1.3496503829956055,2.398305892944336,1746,0.5573402643203735,0.557425856590271,143.0,0.17482517482517482
1747,-1.4335664510726929,2.419499635696411,1747,0.7469046711921692,0.7471053600311279,143.0,0.15384615384615385
1748,-0.559440553188324,1.9598143100738525,1748,0.6333164572715759,0.6333277225494385,143.0,0.13286713286713286
1749,-0.5174825191497803,1.7172636985778809,1749,0.6692749261856079,0.6694422960281372,143.0,0.11888111888111888
1750,-0.6783216595649719,1.8758732080459595,1750,0.8022137880325317,0.8024582266807556,143.0,0.17482517482517482
1751,-1.9790209531784058,2.7315011024475098,1751,0.5964477062225342,0.5964654088020325,143.0,0.13986013986013987
1752,-1.454545497894287,2.4629485607147217,1752,0.5671257972717285,0.5671593546867371,143.0,0.16083916083916083
1753,-1.3286713361740112,2.502519369125366,1753,0.6353896856307983,0.635459840297699,143.0,0.16083916083916083
1754,-1.1048951148986816,2.230473279953003,1754,0.698632538318634,0.6987729072570801,143.0,0.16083916083916083
1755,-0.4825174808502197,1.9534912109375,1755,0.6212738752365112,0.6214144229888916,143.0,0.14685314685314685
1756,-0.2657342553138733,1.6427464485168457,1756,0.6567910313606262,0.6571542024612427,143.0,0.18181818181818182
1757,-0.1958041936159134,1.5521639585494995,1757,0.58354252576828,0.5836716890335083,143.0,0.16083916083916083
1758,-1.0419580936431885,2.131594181060791,1758,0.57077956199646,0.5708723068237305,143.0,0.1048951048951049
1759,-1.426573395729065,2.523981809616089,1759,0.7091250419616699,0.7092405557632446,143.0,0.16083916083916083
1760,-1.8181818723678589,2.6461117267608643,1760,0.6417664885520935,0.6417312622070312,143.0,0.1888111888111888
1761,-1.7832168340682983,2.577850580215454,1761,0.7059221267700195,0.7059698104858398,143.0,0.1888111888111888
1762,-0.7692307829856873,2.176454782485962,1762,0.6381978988647461,0.6383861303329468,143.0,0.20279720279720279
1763,-1.2517482042312622,2.263942003250122,1763,0.7246207594871521,0.724763035774231,143.0,0.15384615384615385
1764,-0.748251736164093,1.984092354774475,1764,0.6609709858894348,0.6608860492706299,143.0,0.15384615384615385
1765,-2.461538553237915,2.7804744243621826,1765,0.6569104194641113,0.6569796800613403,143.0,0.1258741258741259
1766,-1.7062937021255493,2.5770156383514404,1766,0.742931604385376,0.7432242631912231,143.0,0.20279720279720279
1767,-1.3566433191299438,2.3307180404663086,1767,0.5866010189056396,0.5867502689361572,143.0,0.16083916083916083
1768,-0.37062937021255493,1.7001781463623047,1768,0.5732448697090149,0.5735000967979431,143.0,0.1258741258741259
1769,-0.2377622425556183,1.6512677669525146,1769,0.5857886075973511,0.5859956741333008,143.0,0.2097902097902098
1770,-1.0,2.2188007831573486,1770,0.6953037977218628,0.6955521106719971,143.0,0.21678321678321677
1771,0.07692307978868484,1.044980764389038,1771,0.5501377582550049,0.5501054525375366,143.0,0.1048951048951049
1772,-2.377622365951538,2.7578349113464355,1772,0.5666919350624084,0.5667632818222046,143.0,0.16783216783216784
1773,-0.9160839319229126,1.9378328323364258,1773,0.5769520998001099,0.5769627094268799,143.0,0.15384615384615385
1774,0.02097902074456215,1.2980271577835083,1774,0.7191499471664429,0.7192766666412354,143.0,0.17482517482517482
1775,-1.5874125957489014,2.3809518814086914,1775,0.5780673027038574,0.5784666538238525,143.0,0.1888111888111888
1776,-1.4405593872070312,2.5436673164367676,1776,0.6930531859397888,0.6932039260864258,143.0,0.17482517482517482
1777,-1.069930076599121,2.3344497680664062,1777,0.6314631700515747,0.6314387321472168,143.0,0.1888111888111888
1778,-0.9860140085220337,2.1385116577148438,1778,0.7211523056030273,0.7210816144943237,143.0,0.11888111888111888
1779,-0.5174825191497803,1.7495380640029907,1779,0.7723722457885742,0.7724716663360596,143.0,0.16083916083916083
1780,-1.615384578704834,2.6626741886138916,1780,0.5309207439422607,0.5311127305030823,143.0,0.16783216783216784
1781,-0.30069929361343384,1.7502646446228027,1781,0.5635842084884644,0.5638651251792908,143.0,0.16783216783216784
1782,-0.748251736164093,2.0362741947174072,1782,0.5385124683380127,0.5387900471687317,143.0,0.14685314685314685
1783,-0.9230769276618958,2.287322759628296,1783,0.6222591400146484,0.622382402420044,143.0,0.14685314685314685
1784,-1.930069923400879,2.713989496231079,1784,0.7489317655563354,0.7493584156036377,143.0,0.17482517482517482
1785,-0.1118881106376648,1.4823194742202759,1785,0.6260133981704712,0.6261597871780396,143.0,0.14685314685314685
1786,-0.4475524425506592,1.7883785963058472,1786,0.8610268831253052,0.8613265752792358,143.0,0.23076923076923078
1787,-0.35664334893226624,1.8260186910629272,1787,0.6634365320205688,0.6636985540390015,143.0,0.21678321678321677
1788,-1.2237762212753296,2.436378002166748,1788,0.6021680235862732,0.6022712588310242,143.0,0.14685314685314685
1789,-0.30069929361343384,1.6851260662078857,1789,0.7934842109680176,0.7936033606529236,143.0,0.1258741258741259
1790,-0.8741258978843689,2.15116548538208,1790,0.571800947189331,0.5719995498657227,143.0,0.14685314685314685
1791,-0.8321678042411804,2.128678798675537,1791,0.6678916215896606,0.6681262850761414,143.0,0.13986013986013987
1792,-2.0,2.6628761291503906,1792,0.5633864402770996,0.5636509656906128,143.0,0.1888111888111888
1793,-0.28671327233314514,1.6792539358139038,1793,0.6290645003318787,0.6291449666023254,143.0,0.16783216783216784
1794,-1.8601398468017578,2.6301143169403076,1794,0.6871901750564575,0.6875132322311401,143.0,0.16083916083916083
1795,-0.5524475574493408,1.5984183549880981,1795,0.7326593995094299,0.7329027652740479,143.0,0.11888111888111888
1796,-1.4685314893722534,2.5633351802825928,1796,0.6329987049102783,0.6331983804702759,143.0,0.18181818181818182
1797,-0.5804196000099182,1.893723726272583,1797,0.7622170448303223,0.7625224590301514,143.0,0.17482517482517482
1798,-0.9860140085220337,2.1645138263702393,1798,0.7670079469680786,0.7673459649085999,143.0,0.23076923076923078
1799,-1.8391607999801636,2.598144292831421,1799,0.590998113155365,0.5912133455276489,143.0,0.16783216783216784
1800,0.0139860138297081,1.2117493152618408,1800,0.5896884799003601,0.5895841121673584,143.0,0.13986013986013987
1801,-0.16083915531635284,1.489592432975769,1801,0.636086642742157,0.6363574266433716,143.0,0.22377622377622378
1802,-1.4895105361938477,2.5277955532073975,1802,0.6553424596786499,0.6555755138397217,143.0,0.17482517482517482
1803,-0.4055944085121155,1.7269470691680908,1803,0.5906609892845154,0.5907626748085022,143.0,0.15384615384615385
1804,-1.0979020595550537,2.2880494594573975,1804,0.6008669137954712,0.6010054349899292,143.0,0.17482517482517482
1805,-1.9160839319229126,2.6668033599853516,1805,0.6432458758354187,0.6431559324264526,143.0,0.1258741258741259
1806,-1.5664335489273071,2.428154945373535,1806,0.7126102447509766,0.7126543521881104,143.0,0.16083916083916083
1807,-1.8881118297576904,2.676248550415039,1807,0.5277806520462036,0.5277700424194336,143.0,0.16083916083916083
1808,-1.314685344696045,2.372392416000366,1808,0.6679973602294922,0.6681230068206787,143.0,0.11888111888111888
1809,-0.6153846383094788,1.917614459991455,1809,0.5558149814605713,0.5560247302055359,143.0,0.17482517482517482
1810,-0.3496503531932831,1.3703081607818604,1810,0.5095961689949036,0.5098814964294434,143.0,0.15384615384615385
1811,-1.1258741617202759,2.3883960247039795,1811,0.5777202844619751,0.5779048204421997,143.0,0.15384615384615385
1812,-1.2237762212753296,2.1915907859802246,1812,0.5585054159164429,0.5585312247276306,143.0,0.1958041958041958
1813,-1.1538461446762085,2.149345874786377,1813,0.6786649227142334,0.6787569522857666,143.0,0.1888111888111888
1814,-1.4825174808502197,2.5525338649749756,1814,0.6556740403175354,0.6558194756507874,143.0,0.13986013986013987
1815,-1.6993006467819214,2.4836106300354004,1815,0.7111836671829224,0.7115050554275513,143.0,0.1888111888111888
1816,-1.9650349617004395,2.6587042808532715,1816,0.6792410612106323,0.6794028282165527,143.0,0.16083916083916083
1817,-1.006993055343628,2.1726090908050537,1817,0.5801855325698853,0.5801687836647034,143.0,0.17482517482517482
1818,-1.2167831659317017,2.2783255577087402,1818,0.851498007774353,0.8520649075508118,143.0,0.16083916083916083
1819,-0.6363636255264282,2.1501195430755615,1819,0.6861371994018555,0.6864176988601685,143.0,0.17482517482517482
1820,-0.9230769276618958,2.0690085887908936,1820,0.6583665609359741,0.6585687398910522,143.0,0.13986013986013987
1821,-0.04895104840397835,1.2645165920257568,1821,0.702788233757019,0.7032674551010132,143.0,0.1258741258741259
1822,-1.762237787246704,2.633718967437744,1822,0.7210111618041992,0.7211197018623352,143.0,0.11888111888111888
1823,-1.3426573276519775,2.302643299102783,1823,0.8741557598114014,0.8742832541465759,143.0,0.17482517482517482
1824,-1.7692307233810425,2.54660701751709,1824,0.6996237635612488,0.6997239589691162,143.0,0.13286713286713286
1825,-1.0349650382995605,2.1102898120880127,1825,0.5569788217544556,0.5573568940162659,143.0,0.1958041958041958
1826,-1.069930076599121,2.114387273788452,1826,0.7566530704498291,0.7568119764328003,143.0,0.16083916083916083
1827,-1.4825174808502197,2.636094808578491,1827,0.6473215818405151,0.6476016044616699,143.0,0.14685314685314685
1828,-1.1258741617202759,2.240339517593384,1828,0.6492016911506653,0.6493783593177795,143.0,0.16783216783216784
1829,-0.06293706595897675,1.3127497434616089,1829,0.5624409914016724,0.5625172853469849,143.0,0.16083916083916083
1830,-1.8321678638458252,2.4721837043762207,1830,0.6114988327026367,0.6117184162139893,143.0,0.20279720279720279
1831,-1.2587412595748901,2.2115819454193115,1831,0.9265909194946289,0.9267682433128357,143.0,0.11888111888111888
1832,-1.4405593872070312,2.4109957218170166,1832,0.6350620985031128,0.6354293823242188,143.0,0.16083916083916083
1833,-0.7552447319030762,1.840556263923645,1833,0.6460765600204468,0.6463581323623657,143.0,0.1888111888111888
1834,-0.8321678042411804,1.939598560333252,1834,0.7520694136619568,0.7520688772201538,143.0,0.13286713286713286
1835,-1.076923131942749,2.209568738937378,1835,0.704079270362854,0.7042796611785889,143.0,0.2097902097902098
1836,-1.923076868057251,2.4809114933013916,1836,0.783889651298523,0.784354567527771,143.0,0.14685314685314685
1837,-1.237762212753296,2.0921366214752197,1837,0.8371269702911377,0.8374258279800415,143.0,0.15384615384615385
1838,-0.1258741319179535,1.4283205270767212,1838,0.6071574687957764,0.6073727607727051,143.0,0.1888111888111888
1839,-0.6643356680870056,1.9609618186950684,1839,0.6897755265235901,0.6900330781936646,143.0,0.16783216783216784
1840,0.0279720276594162,1.194064974784851,1840,0.7517297267913818,0.7519404888153076,143.0,0.11888111888111888
1841,-1.1118881702423096,2.0724799633026123,1841,0.7168295979499817,0.7172257304191589,143.0,0.13986013986013987
1842,-1.9650349617004395,2.648162364959717,1842,0.7213277816772461,0.7215895652770996,143.0,0.15384615384615385
1843,-1.5664335489273071,2.3904221057891846,1843,0.8013492822647095,0.8016751408576965,143.0,0.1958041958041958
1844,-1.4195804595947266,2.51544189453125,1844,0.7024606466293335,0.7026190757751465,143.0,0.18181818181818182
1845,-0.10489510744810104,1.412795066833496,1845,0.6634746789932251,0.6636545658111572,143.0,0.11888111888111888
1846,-0.8951048851013184,2.05079984664917,1846,0.6991336941719055,0.6995213627815247,143.0,0.1258741258741259
1847,-0.8181818127632141,2.205004930496216,1847,0.5832246541976929,0.5835425853729248,143.0,0.14685314685314685
1848,-2.3636362552642822,2.672170639038086,1848,0.7040086984634399,0.7042394876480103,143.0,0.13286713286713286
1849,-1.1678321361541748,2.250053644180298,1849,0.6831499934196472,0.6832131743431091,143.0,0.20279720279720279
1850,-0.9160839319229126,1.9771298170089722,1850,0.5531404614448547,0.5529953241348267,143.0,0.13986013986013987
1851,-1.8741258382797241,2.7068088054656982,1851,0.8099837899208069,0.8102082014083862,143.0,0.15384615384615385
1852,-1.7692307233810425,2.638319969177246,1852,0.9236840605735779,0.9240132570266724,143.0,0.14685314685314685
1853,-1.2167831659317017,2.1875038146972656,1853,0.775283932685852,0.7754855155944824,143.0,0.17482517482517482
1854,-0.6853147149085999,2.046383857727051,1854,0.6798334121704102,0.6800448894500732,143.0,0.20279720279720279
1855,-0.9230769276618958,2.092533826828003,1855,0.7928304672241211,0.7932450175285339,143.0,0.06293706293706294
1856,-1.1258741617202759,2.193018674850464,1856,0.7152923345565796,0.7153499126434326,143.0,0.14685314685314685
1857,-0.1678321659564972,1.443509817123413,1857,0.7981113791465759,0.7983243465423584,143.0,0.16083916083916083
1858,-0.9020978808403015,2.011556386947632,1858,0.7324463129043579,0.7325081825256348,143.0,0.1048951048951049
1859,-0.24475523829460144,1.600772500038147,1859,0.584364116191864,0.5842514634132385,143.0,0.13986013986013987
1860,-2.3286712169647217,2.6543965339660645,1860,0.8143073320388794,0.8143820762634277,143.0,0.11888111888111888
1861,-1.0909091234207153,2.041215419769287,1861,0.8466336131095886,0.8467923402786255,143.0,0.11888111888111888
1862,-2.006993055343628,2.589641809463501,1862,0.8387044668197632,0.8389708399772644,143.0,0.15384615384615385
1863,-2.0279719829559326,2.5472981929779053,1863,0.6982623338699341,0.6985503435134888,143.0,0.11888111888111888
1864,0.03496503457427025,1.1307066679000854,1864,0.49074259400367737,0.49094122648239136,143.0,0.14685314685314685
1865,-0.139860138297081,1.3973071575164795,1865,0.727196991443634,0.7273973226547241,143.0,0.16083916083916083
1866,-1.9020979404449463,2.553797960281372,1866,0.793190598487854,0.7934579253196716,143.0,0.15384615384615385
1867,-0.1118881106376648,1.3796974420547485,1867,0.7179300785064697,0.7183005809783936,143.0,0.13286713286713286
1868,-1.5384615659713745,2.4143197536468506,1868,1.000766634941101,1.0009169578552246,143.0,0.16083916083916083
1869,-1.0909091234207153,2.385589122772217,1869,0.6617623567581177,0.6621238589286804,143.0,0.14685314685314685
1870,-1.9650349617004395,2.6109306812286377,1870,0.8771703243255615,0.8774499893188477,143.0,0.18181818181818182
1871,-1.615384578704834,2.606938123703003,1871,0.7337971925735474,0.7341043949127197,143.0,0.06993006993006994
1872,-1.1608392000198364,2.2951769828796387,1872,0.7533057928085327,0.7532047033309937,143.0,0.1888111888111888
1873,-1.0349650382995605,2.333737373352051,1873,0.5945051312446594,0.5947548151016235,143.0,0.16783216783216784
1874,-0.1258741319179535,1.5368077754974365,1874,0.7956815958023071,0.7957782745361328,143.0,0.14685314685314685
1875,-1.3286713361740112,2.5550613403320312,1875,0.7098586559295654,0.7100335359573364,143.0,0.11888111888111888
1876,-0.4195804297924042,1.8714364767074585,1876,0.6508768200874329,0.6511349081993103,143.0,0.16083916083916083
1877,-0.6293706297874451,2.016291618347168,1877,0.82479327917099,0.8250529766082764,143.0,0.17482517482517482
1878,-1.6433566808700562,2.6028642654418945,1878,0.7931438684463501,0.7934033274650574,143.0,0.15384615384615385
1879,-1.0139859914779663,2.1055572032928467,1879,0.7157067060470581,0.7157114744186401,143.0,0.15384615384615385
1880,-2.069930076599121,2.67767333984375,1880,0.8396148085594177,0.8396702408790588,143.0,0.1258741258741259
1881,-1.377622365951538,2.3498377799987793,1881,0.6356691718101501,0.6357308626174927,143.0,0.1888111888111888
1882,-1.615384578704834,2.3591010570526123,1882,0.6906691789627075,0.6908578872680664,143.0,0.15384615384615385
1883,-1.0419580936431885,2.023892641067505,1883,0.7628084421157837,0.7631164193153381,143.0,0.11188811188811189
1884,-1.265734314918518,2.2499451637268066,1884,0.6773390173912048,0.6775995492935181,143.0,0.11888111888111888
1885,-0.0839160829782486,1.2031223773956299,1885,0.6435648798942566,0.6437690258026123,143.0,0.13986013986013987
1886,-1.4335664510726929,2.5462419986724854,1886,0.8959797024726868,0.8960891962051392,143.0,0.18181818181818182
1887,-2.069930076599121,2.701075553894043,1887,0.7858589887619019,0.7863818407058716,143.0,0.14685314685314685
1888,-1.6013985872268677,2.517462968826294,1888,0.6588276624679565,0.6591131091117859,143.0,0.07692307692307693
1889,0.13286712765693665,1.0460567474365234,1889,0.5770093202590942,0.5771267414093018,143.0,0.14685314685314685
1890,-0.5874125957489014,1.9871217012405396,1890,0.8491716384887695,0.8496468663215637,143.0,0.1958041958041958
1891,-2.1048951148986816,2.5411667823791504,1891,0.6629534363746643,0.663193941116333,143.0,0.17482517482517482
1892,-0.7552447319030762,1.6523634195327759,1892,0.8133891820907593,0.8135746717453003,143.0,0.1048951048951049
1893,0.00699300691485405,1.3089070320129395,1893,0.7455686330795288,0.7458836436271667,143.0,0.16083916083916083
1894,-0.38461539149284363,1.8203321695327759,1894,0.6270617842674255,0.6272861957550049,143.0,0.16783216783216784
1895,-2.230769157409668,2.721816062927246,1895,0.7314566969871521,0.7315999269485474,143.0,0.18181818181818182
1896,-0.28671327233314514,1.6750843524932861,1896,0.7305105328559875,0.730649471282959,143.0,0.18181818181818182
1897,-0.692307710647583,1.7065516710281372,1897,0.5582345724105835,0.5583513975143433,143.0,0.11188811188811189
1898,-0.24475523829460144,1.677564024925232,1898,0.7833800315856934,0.783736526966095,143.0,0.13286713286713286
1899,-0.03496503457427025,1.0929691791534424,1899,0.9536064863204956,0.9536088705062866,143.0,0.1048951048951049
1900,-1.4895105361938477,2.563507080078125,1900,0.8323749303817749,0.8324917554855347,143.0,0.11188811188811189
1901,-0.0839160829782486,1.406759262084961,1901,0.7746992111206055,0.77486252784729,143.0,0.14685314685314685
1902,-0.5384615659713745,2.0338714122772217,1902,0.6930695176124573,0.693246066570282,143.0,0.16783216783216784
1903,-1.8951048851013184,2.6304118633270264,1903,0.756312906742096,0.7564781904220581,143.0,0.14685314685314685
1904,-2.1048951148986816,2.6647486686706543,1904,0.5852167010307312,0.5853815078735352,143.0,0.16783216783216784
1905,-0.6503496766090393,1.706666350364685,1905,0.7005528211593628,0.7006518244743347,143.0,0.16783216783216784
1906,-0.7342657446861267,1.8546899557113647,1906,0.7539626955986023,0.7541168928146362,143.0,0.08391608391608392
1907,-0.7062937021255493,1.7772146463394165,1907,0.6309210062026978,0.6310505867004395,143.0,0.16783216783216784
1908,-0.5314685106277466,1.8803520202636719,1908,0.7093126773834229,0.7094172239303589,143.0,0.16083916083916083
1909,-0.7272727489471436,2.1683733463287354,1909,0.7523823976516724,0.7526483535766602,143.0,0.1258741258741259
1910,-1.5874125957489014,2.5345959663391113,1910,0.6382665634155273,0.6382337808609009,143.0,0.15384615384615385
1911,-1.1258741617202759,2.218381881713867,1911,0.5917831659317017,0.5919607877731323,143.0,0.16783216783216784
1912,-1.7412587404251099,2.6036911010742188,1912,0.7458725571632385,0.7460817098617554,143.0,0.18181818181818182
1913,-0.4475524425506592,1.8232314586639404,1913,0.7819420695304871,0.7823102474212646,143.0,0.11888111888111888
1914,-1.195804238319397,2.1262881755828857,1914,0.6810478568077087,0.6813324689865112,143.0,0.1258741258741259
1915,-0.17482517659664154,1.6142492294311523,1915,0.7845677137374878,0.7848854660987854,143.0,0.13286713286713286
1916,-1.426573395729065,2.2670936584472656,1916,0.7271696329116821,0.7274885177612305,143.0,0.11188811188811189
1917,-0.9370629191398621,1.9040509462356567,1917,0.7392016649246216,0.7395034432411194,143.0,0.13986013986013987
1918,-0.7202796936035156,1.6949353218078613,1918,0.6430124044418335,0.6431143879890442,143.0,0.0979020979020979
1919,-0.6083915829658508,1.9541419744491577,1919,0.5837651491165161,0.5838257074356079,143.0,0.16783216783216784
1920,-0.6363636255264282,1.4890999794006348,1920,0.6214797496795654,0.6212352514266968,143.0,0.1048951048951049
1921,-1.195804238319397,2.371917963027954,1921,0.6837001442909241,0.68376225233078,143.0,0.11188811188811189
1922,-0.8531468510627747,1.8772022724151611,1922,0.6119133234024048,0.6120253801345825,143.0,0.1258741258741259
1923,-1.5664335489273071,2.396265745162964,1923,0.7459577918052673,0.7460795044898987,143.0,0.1048951048951049
1924,-1.3006993532180786,2.391813039779663,1924,0.7885530591011047,0.788733959197998,143.0,0.13286713286713286
1925,-1.3216782808303833,2.2363851070404053,1925,0.7585486173629761,0.7589495182037354,143.0,0.15384615384615385
1926,-1.7902097702026367,2.60675048828125,1926,0.6578225493431091,0.6577795743942261,143.0,0.11888111888111888
1927,-1.6643356084823608,2.5773191452026367,1927,0.7611160278320312,0.7611316442489624,143.0,0.16083916083916083
1928,-0.881118893623352,1.8717237710952759,1928,0.646461009979248,0.6467303037643433,143.0,0.1048951048951049
1929,-0.0839160829782486,1.335353136062622,1929,0.6750624775886536,0.6753451824188232,143.0,0.1258741258741259
1930,-0.7832167744636536,1.8018633127212524,1930,0.6085277199745178,0.6084864735603333,143.0,0.13286713286713286
1931,-0.8251748085021973,1.908078670501709,1931,0.893268346786499,0.8932352066040039,143.0,0.1048951048951049
1932,-1.0629370212554932,2.351065158843994,1932,0.66054368019104,0.6607170104980469,143.0,0.1258741258741259
1933,-1.6713286638259888,2.5081021785736084,1933,0.8147237300872803,0.8150728940963745,143.0,0.13286713286713286
1934,-1.6013985872268677,2.6075196266174316,1934,0.7346276044845581,0.7348124980926514,143.0,0.13986013986013987
1935,-1.2867132425308228,2.288990020751953,1935,0.7580527067184448,0.7585373520851135,143.0,0.13286713286713286
1936,-0.251748263835907,1.6951950788497925,1936,0.7664448022842407,0.7666912078857422,143.0,0.0979020979020979
1937,-0.6153846383094788,1.5233522653579712,1937,0.7722194194793701,0.7723842263221741,143.0,0.13286713286713286
1938,-0.0699300691485405,1.3517682552337646,1938,0.5618650913238525,0.561935305595398,143.0,0.1258741258741259
1939,-1.069930076599121,1.9741345643997192,1939,0.7786464095115662,0.7789469361305237,143.0,0.15384615384615385
1940,-0.0839160829782486,1.4604170322418213,1940,0.7222230434417725,0.7222925424575806,143.0,0.1958041958041958
1941,-0.7412587404251099,2.114595413208008,1941,0.766543984413147,0.7667936086654663,143.0,0.1258741258741259
1942,-0.6223776340484619,1.891476035118103,1942,0.8423658609390259,0.8426998257637024,143.0,0.0979020979020979
1943,-0.4335664212703705,1.9089757204055786,1943,0.9512009620666504,0.9511412382125854,143.0,0.13986013986013987
1944,-1.3986014127731323,2.4951419830322266,1944,0.7141631245613098,0.7146900296211243,143.0,0.11888111888111888
1945,-0.8251748085021973,1.844722867012024,1945,0.7688895463943481,0.769052267074585,143.0,0.13986013986013987
1946,-0.9860140085220337,2.128678798675537,1946,0.5833198428153992,0.5834208726882935,143.0,0.1048951048951049
1947,-0.4335664212703705,1.7996095418930054,1947,0.7524436712265015,0.7526587247848511,143.0,0.13286713286713286
1948,-0.7622377872467041,2.0820846557617188,1948,0.7601731419563293,0.7602291107177734,143.0,0.16083916083916083
1949,-2.0979020595550537,2.6373186111450195,1949,0.9139376282691956,0.9141290783882141,143.0,0.15384615384615385
1950,-1.7202796936035156,2.578571081161499,1950,0.7781155109405518,0.7783175110816956,143.0,0.11888111888111888
1951,0.04895104840397835,1.0795536041259766,1951,0.6778340339660645,0.678117036819458,143.0,0.11188811188811189
1952,-0.2097902148962021,1.586010217666626,1952,0.7350873351097107,0.7351428270339966,143.0,0.17482517482517482
1953,-0.9160839319229126,2.18864369392395,1953,0.7272007465362549,0.7272568941116333,143.0,0.08391608391608392
1954,0.09090909361839294,0.9601069092750549,1954,0.6067943572998047,0.6069685220718384,143.0,0.1258741258741259
1955,-0.5804196000099182,1.9768328666687012,1955,0.6992983818054199,0.6992077827453613,143.0,0.11888111888111888
1956,-1.0139859914779663,2.0208218097686768,1956,0.7126727104187012,0.7129894495010376,143.0,0.14685314685314685
1957,-1.6433566808700562,2.410367012023926,1957,0.7670342326164246,0.7672065496444702,143.0,0.17482517482517482
1958,-0.18881118297576904,1.4336175918579102,1958,0.6595213413238525,0.659662127494812,143.0,0.08391608391608392
1959,0.06293706595897675,1.0852912664413452,1959,0.6075488328933716,0.6076189279556274,143.0,0.15384615384615385
1960,-1.734265685081482,2.590869188308716,1960,0.8751480579376221,0.8753342628479004,143.0,0.11188811188811189
1961,-0.5244755148887634,1.4476028680801392,1961,0.5040364861488342,0.5040847063064575,143.0,0.14685314685314685
1962,-1.0349650382995605,2.288348913192749,1962,0.6111384034156799,0.6113282442092896,143.0,0.1258741258741259
1963,-1.573426604270935,2.4933183193206787,1963,0.6250913143157959,0.6254395246505737,143.0,0.1258741258741259
1964,-1.0489510297775269,2.345442295074463,1964,0.6502686738967896,0.6505005359649658,143.0,0.1258741258741259
1965,-1.2937062978744507,2.477400541305542,1965,0.5590555667877197,0.559127926826477,143.0,0.11188811188811189
1966,-1.2097902297973633,2.3795547485351562,1966,0.676491379737854,0.6766083836555481,143.0,0.20279720279720279
1967,-0.0139860138297081,1.2458940744400024,1967,0.7611038684844971,0.7613141536712646,143.0,0.13286713286713286
1968,-0.0139860138297081,1.2346173524856567,1968,0.7815362811088562,0.7818282246589661,143.0,0.1258741258741259
1969,-1.3216782808303833,2.4880170822143555,1969,0.6713120937347412,0.671627402305603,143.0,0.16783216783216784
1970,-1.7272727489471436,2.509232521057129,1970,0.7980291843414307,0.7979780435562134,143.0,0.16783216783216784
1971,-1.188811182975769,2.1481850147247314,1971,0.8192073106765747,0.8193895816802979,143.0,0.13286713286713286
1972,-1.8391607999801636,2.6408579349517822,1972,0.6720637679100037,0.6720112562179565,143.0,0.11188811188811189
1973,0.11888112127780914,0.9497111439704895,1973,0.7869013547897339,0.787111759185791,143.0,0.15384615384615385
1974,-0.6153846383094788,1.9321463108062744,1974,0.7574938535690308,0.7577856779098511,143.0,0.0979020979020979
1975,-1.804195761680603,2.4359164237976074,1975,0.7744424939155579,0.7745294570922852,143.0,0.14685314685314685
1976,-2.090909004211426,2.7069170475006104,1976,0.5717706680297852,0.5716673135757446,143.0,0.0979020979020979
1977,-0.881118893623352,2.0771467685699463,1977,0.8869770169258118,0.8870534896850586,143.0,0.13286713286713286
1978,-0.9440559148788452,2.0646073818206787,1978,0.5841262340545654,0.5842877626419067,143.0,0.17482517482517482
1979,-0.8321678042411804,2.128678560256958,1979,0.8200850486755371,0.8204250335693359,143.0,0.16083916083916083
1980,-1.7062937021255493,2.638690710067749,1980,0.7272248268127441,0.7274471521377563,143.0,0.1258741258741259
1981,-0.3216783106327057,1.7121590375900269,1981,0.742082953453064,0.7420466542243958,143.0,0.17482517482517482
1982,-0.0699300691485405,1.255200982093811,1982,0.7575374841690063,0.7577547430992126,143.0,0.1258741258741259
1983,-1.0279719829559326,2.054992437362671,1983,0.859632134437561,0.8597918748855591,143.0,0.1258741258741259
1984,-1.118881106376648,2.3399524688720703,1984,0.6377694606781006,0.6379320025444031,143.0,0.15384615384615385
1985,-1.496503472328186,2.397184133529663,1985,0.6428662538528442,0.6426855325698853,143.0,0.11888111888111888
1986,-1.6083916425704956,2.550291061401367,1986,0.5724679827690125,0.5725324153900146,143.0,0.16783216783216784
1987,-1.7272727489471436,2.5369489192962646,1987,0.6813057661056519,0.6815602779388428,143.0,0.11188811188811189
1988,-1.3006993532180786,2.449589729309082,1988,0.7445732951164246,0.7448025941848755,143.0,0.16783216783216784
1989,-1.762237787246704,2.639024019241333,1989,0.6620843410491943,0.6620885133743286,143.0,0.11888111888111888
1990,-0.7972028255462646,1.901634931564331,1990,0.7332016229629517,0.7334139347076416,143.0,0.11188811188811189
1991,-1.8951048851013184,2.5521507263183594,1991,0.704479455947876,0.7045444250106812,143.0,0.15384615384615385
1992,-0.1818181872367859,1.5403039455413818,1992,0.6926292181015015,0.6927893161773682,143.0,0.17482517482517482
1993,-1.1538461446762085,2.2849698066711426,1993,0.6162747740745544,0.6164898872375488,143.0,0.11888111888111888
1994,-1.5664335489273071,2.557204008102417,1994,0.7167736291885376,0.7170848846435547,143.0,0.18181818181818182
1995,-1.006993055343628,2.0087101459503174,1995,0.5418480634689331,0.5420127511024475,143.0,0.14685314685314685
1996,0.03496503457427025,1.196805715560913,1996,0.8821557760238647,0.8824785947799683,143.0,0.11188811188811189
1997,-0.18881118297576904,1.4433403015136719,1997,0.6267774701118469,0.6269046068191528,143.0,0.14685314685314685
1998,-1.4685314893722534,2.396980047225952,1998,0.7706655263900757,0.7708007097244263,143.0,0.11188811188811189
1999,-1.6083916425704956,2.536543607711792,1999,0.7392120957374573,0.7393150329589844,143.0,0.13286713286713286
