#{"t_start": 1749448876.9293308, "env_id": "None"}
r,l,t
-176.623678,432,5778.881878
-58.117996,432,5780.118312
-265.938249,432,5781.113602
37.27801,432,5781.992971
-55.338831,432,5782.754851
39.660313,432,5783.531294
109.927275,432,5784.352005
0.487513,432,5785.198086
-113.236815,432,5786.061496
221.016309,432,5786.948489
201.381346,432,5787.801216
158.27181,432,5788.641133
-93.250076,432,5789.460045
73.653128,432,5790.227293
79.149864,432,5790.98033
59.105643,432,5791.851296
30.257713,432,5792.710231
-65.475006,432,5794.041206
-54.838485,432,5794.91241
19.917244,432,5795.76328
-145.100473,432,5796.631644
8.413245,432,5797.492139
168.035665,432,5798.288945
-98.046742,432,5799.030905
108.200614,432,5799.793607
45.260355,432,5800.672674
-186.118628,432,5801.54932
103.478287,432,5802.401222
26.143084,432,5803.266403
24.97897,432,5804.048096
181.910512,432,5804.80742
-69.728379,432,5805.651849
11.663801,432,5806.505722
-6.288411,432,5807.861999
24.514894,432,5808.74237
-9.673875,432,5809.610708
51.431367,432,5810.464376
68.79443,432,5811.323403
17.667079,432,5812.180384
139.025049,432,5813.047532
-90.027122,432,5813.822016
-3.678298,432,5814.59216
60.883346,432,5815.412159
-71.051113,432,5816.291472
-98.819812,432,5817.159329
-3.044539,432,5818.041016
82.786507,432,5818.887263
89.863991,432,5819.680042
87.829276,432,5820.446141
0.929551,432,5821.656705
29.290086,432,5822.539133
106.449881,432,5823.425138
14.778979,432,5824.294608
23.404084,432,5825.16
25.714799,432,5826.01497
86.915909,432,5826.863825
23.49812,432,5827.723982
22.41509,432,5828.608501
194.799641,432,5829.40736
21.351317,432,5830.165001
86.80114,432,5830.994863
37.982897,432,5831.890809
37.263344,432,5832.765942
21.936758,432,5833.63909
-2.184543,432,5834.490483
185.260367,432,5835.756045
-289.931965,432,5836.61196
20.732212,432,5837.47671
100.170861,432,5838.330594
9.316026,432,5839.112074
38.366536,432,5839.864206
-7.242784,432,5840.702236
-31.526846,432,5841.569663
328.114987,432,5842.446841
5.032812,432,5843.30198
220.449109,432,5844.151705
26.248648,432,5845.018214
43.770387,432,5845.873205
79.067082,432,5846.728116
199.906048,432,5847.578388
35.243706,432,5848.451493
234.95281,432,5849.757147
10.486001,432,5850.615356
53.853393,432,5851.475694
16.241681,432,5852.341374
33.442878,432,5853.089543
3.337057,432,5853.543521
39.536189,432,5854.009366
62.080061,432,5854.481746
29.255847,432,5854.964791
234.773021,432,5855.923689
102.848986,432,5856.832009
330.861959,432,5857.707882
248.432397,432,5858.56567
247.386185,432,5859.834422
76.454051,432,5860.708579
376.497455,432,5861.526329
47.581281,432,5862.268281
143.017473,432,5863.082861
374.242516,432,5863.963868
79.690455,432,5864.822973
-93.733311,432,5865.677819
35.086656,432,5866.4998
24.978991,432,5867.267313
30.875567,432,5868.053949
196.771881,432,5868.934715
49.12663,432,5869.793597
72.998138,432,5870.647779
33.876216,432,5871.512981
166.535524,432,5872.369487
184.448669,432,5873.564039
72.84911,432,5874.365055
77.659521,432,5875.226619
26.70407,432,5876.086308
-39.353164,432,5876.965993
6.682751,432,5877.834546
343.715061,432,5878.679226
109.031765,432,5879.547638
253.517868,432,5880.432427
71.451399,432,5881.291111
127.336332,432,5882.044196
214.271945,432,5882.80818
147.247736,432,5883.664171
3.102702,432,5884.555534
92.663464,432,5885.40822
123.132986,432,5886.226629
99.280588,432,5887.433074
68.08294,432,5888.247393
169.478902,432,5889.117155
5.522701,432,5889.963734
266.91264,432,5890.855065
122.249608,432,5891.708702
15.110679,432,5892.528617
129.889718,432,5893.288973
141.135975,432,5894.052183
-25.021868,432,5894.898028
336.36999,432,5895.762394
426.069366,432,5896.63068
-6.43166,432,5897.523589
52.032083,432,5898.419145
-12.715969,432,5899.270058
307.757988,432,5900.030601
72.191774,432,5901.233528
589.416163,432,5902.126539
104.440888,432,5903.010526
279.558977,432,5903.870947
-10.643801,432,5904.736827
-20.540461,432,5905.580715
12.357787,432,5906.443074
-50.051052,432,5907.313263
40.73268,432,5908.177159
-10.465155,432,5909.027183
252.064866,432,5909.858283
-92.664721,432,5910.715736
-89.666365,432,5911.593595
93.155212,432,5912.365874
17.593011,432,5913.125593
334.51584,432,5913.949165
418.181652,432,5915.218171
171.467862,432,5916.095742
185.739735,432,5916.953072
512.249924,432,5917.786485
232.772708,432,5918.599323
230.744728,432,5919.485107
22.191124,432,5920.377936
-157.842224,432,5921.266098
224.93554,432,5922.147185
264.157694,432,5922.996783
280.625293,432,5923.875222
291.129313,432,5924.649506
255.722339,432,5925.800102
171.16588,432,5926.711675
-18.041537,432,5927.59332
-7.73186,432,5928.518271
258.105878,432,5929.442134
3.468868,432,5930.153653
290.291199,432,5930.591875
25.223506,432,5931.026161
34.602841,432,5931.482425
16.703413,432,5931.991006
63.684713,432,5932.963538
84.1638,432,5933.898868
-123.749467,432,5934.757504
11.150545,432,5936.03436
137.835593,432,5936.877776
-88.862405,432,5937.717549
454.724676,432,5938.584409
444.433793,432,5939.453569
349.077468,432,5940.252414
375.733584,432,5941.012986
305.110349,432,5941.786126
553.010366,432,5942.670513
154.112231,432,5943.527221
444.543757,432,5944.389472
497.104929,432,5945.260332
568.162243,432,5946.129396
616.293814,432,5946.989314
104.673302,432,5947.79206
213.598259,432,5948.551332
539.174771,432,5949.868504
259.236325,432,5950.786169
523.0792,432,5951.676757
270.258716,432,5952.533666
449.054289,432,5953.297369
318.949499,432,5954.065158
246.181591,432,5954.907429
175.336448,432,5955.767207
364.070406,432,5956.648858
444.498636,432,5957.535598
259.067778,432,5958.387256
281.142677,432,5959.151662
290.573065,432,5959.93648
365.651183,432,5960.795749
78.425572,432,5961.659981
348.751239,432,5962.513702
299.805852,432,5963.756027
179.778916,432,5964.589039
731.582376,432,5965.35743
99.547814,432,5966.111937
466.970583,432,5966.962163
429.677822,432,5967.816584
441.142472,432,5968.705019
126.508767,432,5969.577216
532.020631,432,5970.447148
260.321759,432,5971.329445
253.624021,432,5972.102053
142.309195,432,5972.865586
611.053569,432,5973.701377
303.361381,432,5974.564886
526.900412,432,5975.453608
537.600916,432,5976.29741
538.262856,432,5977.425453
674.951198,432,5978.258592
753.783903,432,5979.118321
731.087478,432,5979.992045
571.319127,432,5980.85523
275.728873,432,5981.732348
122.039357,432,5982.600119
268.342399,432,5983.460212
218.185973,432,5984.234908
262.657669,432,5984.981231
504.132853,432,5985.804175
258.811967,432,5986.690783
537.834113,432,5987.495244
405.62137,432,5988.263191
456.479197,432,5989.039464
378.423767,432,5989.919852
270.437203,432,5991.208958
697.644768,432,5992.094275
528.118496,432,5992.878039
616.102648,432,5993.643465
359.817291,432,5994.478941
669.974363,432,5995.349189
283.558689,432,5996.2062
134.84302,432,5997.063302
275.218997,432,5997.92975
661.230269,432,5998.796095
624.391401,432,5999.600909
552.667117,432,6000.341776
671.322398,432,6001.129555
511.423853,432,6001.976207
206.433787,432,6002.82077
-383.613223,432,6003.684675
-147.038134,432,6004.940552
486.83077,432,6005.801425
657.907394,432,6006.480605
779.112926,432,6006.902656
697.256976,432,6007.324279
785.82629,432,6007.762907
599.764182,432,6008.228237
555.599996,432,6009.23544
559.856856,432,6010.147645
524.043253,432,6011.017503
185.963729,432,6011.86403
596.815187,432,6012.73204
555.564884,432,6013.612262
408.609857,432,6014.456544
364.927789,432,6015.308867
566.985578,432,6016.163385
303.541703,432,6017.039455
518.614531,432,6018.281693
477.372306,432,6019.157605
380.906997,432,6020.020223
754.875684,432,6020.873251
226.338421,432,6021.701
152.708895,432,6022.448533
470.37104,432,6023.207387
738.315094,432,6024.076723
196.351319,432,6024.95531
558.817512,432,6025.816421
770.805857,432,6026.675258
284.165478,432,6027.532964
533.752331,432,6028.406808
515.762955,432,6029.211845
561.104908,432,6029.976333
458.937959,432,6030.783792
309.700801,432,6032.068769
518.892662,432,6032.941134
291.340162,432,6033.810361
242.914915,432,6034.689482
400.839921,432,6035.541105
507.670736,432,6036.354056
144.623514,432,6037.099434
431.7383,432,6037.853218
251.698516,432,6038.739776
429.449668,432,6039.595806
302.186832,432,6040.459107
194.236189,432,6041.329319
-91.63668,432,6042.185075
117.158908,432,6042.946233
372.113141,432,6043.710663
20.858211,432,6044.541665
-53.060011,432,6045.849807
205.115003,432,6046.715777
150.333333,432,6047.58167
452.893436,432,6048.442885
677.200625,432,6049.240079
-81.142123,432,6050.014781
543.546417,432,6050.84345
460.633753,432,6051.712649
507.8668,432,6052.579775
44.190694,432,6053.456201
591.279134,432,6054.314052
445.713012,432,6055.179102
440.453531,432,6055.974389
589.568465,432,6056.731493
200.317522,432,6057.552556
663.494271,432,6058.410401
52.085429,432,6059.681523
408.07621,432,6060.55326
544.38856,432,6061.417056
626.412576,432,6062.293838
-3.570821,432,6063.16391
-110.807503,432,6063.999311
378.803164,432,6064.856287
423.613302,432,6065.72632
321.805205,432,6066.577818
548.687083,432,6067.429471
168.909302,432,6068.195677
192.038854,432,6068.956698
181.813136,432,6069.803186
488.549696,432,6070.662128
466.84491,432,6071.516186
717.311001,432,6072.382024
708.600437,432,6073.666053
-86.545239,432,6074.52593
584.214219,432,6075.36377
504.24821,432,6076.214782
557.03949,432,6077.092276
611.141166,432,6077.956471
694.364891,432,6078.810809
393.575074,432,6079.669149
296.113998,432,6080.545826
337.381738,432,6081.411285
521.708824,432,6082.26546
747.897252,432,6083.002292
814.551181,432,6083.458392
812.686137,432,6083.925877
822.312099,432,6084.415194
794.097056,432,6084.89432
668.27021,432,6085.827405
353.906899,432,6087.174957
634.125758,432,6088.065585
416.890117,432,6088.935955
675.695966,432,6089.811107
538.406487,432,6090.601223
454.053021,432,6091.362653
787.743009,432,6092.173546
164.383948,432,6093.045462
482.58221,432,6093.903081
667.725842,432,6094.760912
373.431157,432,6095.571079
458.937352,432,6096.339073
667.16317,432,6097.119658
357.092909,432,6097.969502
544.859126,432,6098.827849
302.823541,432,6099.724987
264.23756,432,6101.179919
102.455433,432,6102.108909
692.638258,432,6103.020263
249.409797,432,6103.799941
505.170309,432,6104.558862
453.734484,432,6105.38155
563.088243,432,6106.236058
429.516198,432,6107.077689
434.02428,432,6107.954466
351.714742,432,6108.826771
609.180956,432,6109.679067
278.046794,432,6110.556265
359.373938,432,6111.768873
692.667706,432,6112.660281
529.401003,432,6113.509011
712.662525,432,6114.259724
160.680485,432,6115.031162
560.835434,432,6115.862284
547.389068,432,6116.743068
234.370363,432,6117.622915
80.629608,432,6118.467225
-149.260589,432,6119.227467
763.444306,432,6119.966908
307.540186,432,6120.845767
506.374617,432,6121.711211
387.77465,432,6122.586253
571.271864,432,6123.362131
181.431583,432,6124.115941
445.437592,432,6125.382018
696.838116,432,6126.263028
539.381121,432,6127.152567
351.348104,432,6128.030531
254.387434,432,6128.891756
103.319195,432,6129.755256
443.748139,432,6130.608486
180.193188,432,6131.540176
371.331669,432,6132.410919
590.682676,432,6133.182189
77.550492,432,6133.948004
522.031694,432,6134.75094
143.089876,432,6135.636389
522.409654,432,6136.495955
306.761773,432,6137.377828
545.806248,432,6138.246986
380.485596,432,6139.514941
181.882646,432,6140.381409
723.770575,432,6141.250018
374.564703,432,6142.027489
413.684771,432,6142.807809
560.08179,432,6143.611849
559.101875,432,6144.500111
752.90539,432,6145.351707
692.43718,432,6146.252841
573.043466,432,6147.025686
329.656022,432,6147.781686
649.657434,432,6148.611854
414.659228,432,6149.478579
531.948858,432,6150.334925
564.36947,432,6151.19707
647.704861,432,6152.077969
370.425967,432,6153.373002
534.431266,432,6154.143593
517.958223,432,6154.891417
-38.027392,432,6155.685983
541.438722,432,6156.564169
465.829863,432,6157.451861
273.923252,432,6158.327847
800.718037,432,6159.171406
767.870313,432,6159.926471
734.456921,432,6160.381619
801.814708,432,6160.850981
633.836229,432,6161.331909
735.561255,432,6161.815109
279.663094,432,6162.746322
657.656776,432,6163.691723
771.787284,432,6164.484923
538.21031,432,6165.236912
601.795238,432,6166.421017
452.485553,432,6167.353485
633.100385,432,6168.227355
587.691262,432,6169.084196
355.281707,432,6169.942168
8.644052,432,6170.694679
747.809226,432,6171.457425
632.57192,432,6172.323815
742.113354,432,6173.184578
385.932249,432,6174.025869
570.239358,432,6174.877173
229.385007,432,6175.77401
809.906006,432,6176.577479
783.941325,432,6177.368956
290.015105,432,6178.18083
519.937426,432,6179.065695
595.74651,432,6180.381516
528.893605,432,6181.293242
747.699098,432,6182.076253
402.801096,432,6182.852787
368.132682,432,6183.695508
558.659302,432,6184.584488
555.885423,432,6185.494279
519.170675,432,6186.378686
557.972748,432,6187.352643
697.841067,432,6188.216093
99.608676,432,6188.999045
403.137965,432,6189.790006
465.440675,432,6190.698586
647.354029,432,6191.628831
520.360315,432,6192.51422
489.387755,432,6193.418726
457.833406,432,6194.757582
257.769342,432,6195.656754
623.768412,432,6196.561518
415.123227,432,6197.479535
170.20718,432,6198.394276
535.331308,432,6199.277825
182.827729,432,6200.140068
40.681435,432,6200.998003
746.705789,432,6201.88735
243.2033,432,6202.697231
600.75172,432,6203.490345
761.160898,432,6204.394168
744.768764,432,6205.360083
384.141982,432,6206.233028
278.77366,432,6207.032053
303.521245,432,6207.824488
191.417479,432,6209.198528
631.465937,432,6210.133384
662.093474,432,6211.032045
254.197297,432,6211.923862
282.292544,432,6212.827448
268.043358,432,6213.709351
142.215112,432,6214.597722
590.18927,432,6215.429949
-9.397058,432,6216.248588
504.973872,432,6217.065032
598.964047,432,6217.962345
349.714154,432,6218.865219
720.700041,432,6219.783081
741.400604,432,6220.700718
322.943145,432,6221.600243
636.656141,432,6222.497531
344.050296,432,6223.840801
408.710343,432,6224.758603
549.994404,432,6225.665355
534.59243,432,6226.566518
569.590505,432,6227.460679
258.113375,432,6228.337816
647.613072,432,6229.1955
405.113091,432,6230.045872
706.323367,432,6230.851464
21.771021,432,6231.702566
556.994538,432,6232.594459
269.049581,432,6233.610479
529.058505,432,6234.740547
568.928728,432,6235.765907
313.368978,432,6236.783792
292.492859,432,6237.745101
564.771948,432,6239.147868
828.254204,432,6239.966234
640.012342,432,6240.453244
642.021592,432,6240.932636
760.040725,432,6241.43081
794.248764,432,6241.934948
432.254222,432,6242.892007
472.529505,432,6244.017304
661.093936,432,6245.112907
616.196613,432,6246.231575
763.484046,432,6247.32662
634.252403,432,6248.393499
407.560726,432,6249.507458
479.795379,432,6250.952716
499.521818,432,6252.058907
288.513321,432,6253.144922
505.799909,432,6254.227536
599.097927,432,6255.333369
496.180893,432,6256.431831
169.721597,432,6257.567096
779.618234,432,6258.626812
705.843846,432,6259.62608
663.518803,432,6260.502534
513.712118,432,6261.361778
527.177507,432,6262.235441
417.287553,432,6263.132021
725.097044,432,6263.994839
628.793963,432,6264.895258
343.368391,432,6265.764226
713.860391,432,6267.118743
559.218501,432,6267.919302
610.013142,432,6268.702094
345.742981,432,6269.514583
222.60505,432,6270.398373
540.83567,432,6271.279027
642.667413,432,6272.127696
330.434364,432,6272.994415
446.934827,432,6273.856353
581.21611,432,6274.709514
496.286739,432,6275.466914
791.786104,432,6276.239548
156.430174,432,6277.083338
415.045777,432,6277.956983
292.88551,432,6278.807211
230.933961,432,6279.680446
539.802845,432,6280.95755
437.500846,432,6281.856465
654.839677,432,6282.764746
648.748693,432,6283.701747
115.905376,432,6284.619579
-16.211409,432,6285.470562
622.800201,432,6286.333615
496.707778,432,6287.185616
432.694626,432,6287.950328
159.404394,432,6288.714681
462.925677,432,6289.571607
617.804873,432,6290.426983
742.086628,432,6291.731272
380.172191,432,6292.617547
395.182263,432,6293.501885
420.703489,432,6294.353261
243.471297,432,6295.176151
458.53964,432,6295.937812
706.447903,432,6296.684823
193.004047,432,6297.568829
764.327425,432,6298.452435
730.025548,432,6299.294365
614.932031,432,6300.160109
307.101719,432,6301.011621
640.717321,432,6301.868214
773.807511,432,6302.627102
320.811768,432,6303.382374
54.033671,432,6304.207449
317.974471,432,6305.500373
612.252829,432,6306.386902
372.430989,432,6307.260815
712.530609,432,6308.045951
361.168658,432,6308.813349
663.754478,432,6309.636034
254.922054,432,6310.516678
644.367531,432,6311.408194
625.92317,432,6312.249667
-79.477989,432,6313.098181
511.354941,432,6313.946738
443.51344,432,6314.819096
548.618863,432,6315.583246
188.298686,432,6316.345927
279.494079,432,6317.201164
520.935636,432,6318.078011
594.657747,432,6319.352394
422.426333,432,6320.225135
661.037,432,6320.966739
728.680579,432,6321.420502
570.66449,432,6321.875057
757.668368,432,6322.342817
785.332102,432,6322.818045
460.518891,432,6323.756391
260.450669,432,6324.694757
356.261668,432,6325.561862
385.33061,432,6326.382475
350.185897,432,6327.151495
566.03709,432,6327.916167
32.720982,432,6328.831995
199.083921,432,6329.694143
479.668199,432,6330.5686
279.214495,432,6331.442642
476.960005,432,6332.669767
312.524063,432,6333.54321
766.66061,432,6334.412245
728.933007,432,6335.273768
649.588197,432,6336.112845
511.534535,432,6336.865863
771.152219,432,6337.625738
241.085474,432,6338.490084
291.111936,432,6339.371055
368.448399,432,6340.252634
50.60789,432,6341.117646
723.053151,432,6341.96636
474.674117,432,6342.823438
760.364365,432,6343.658782
663.910915,432,6344.418586
479.288803,432,6345.182602
331.838469,432,6346.448309
426.59305,432,6347.353891
295.307641,432,6348.230614
792.722248,432,6349.109545
626.940021,432,6349.976741
792.201977,432,6350.85639
606.185465,432,6351.662389
469.627194,432,6352.426019
131.007632,432,6353.226184
719.59231,432,6354.086538
355.307902,432,6354.950259
491.811319,432,6355.810642
578.993054,432,6356.702835
420.212961,432,6357.561027
525.443958,432,6358.408587
146.365781,432,6359.271051
622.14771,432,6360.551256
334.948837,432,6361.411505
357.824193,432,6362.274831
438.193949,432,6363.033805
157.284973,432,6363.804164
369.395677,432,6364.645101
462.980304,432,6365.47348
759.400432,432,6366.236744
412.664067,432,6367.016701
648.825943,432,6367.898963
282.29931,432,6368.75854
235.878143,432,6369.618576
780.216103,432,6370.449644
653.755467,432,6371.2133
598.029132,432,6371.97327
760.340954,432,6372.838395
601.191716,432,6374.158149
221.296963,432,6375.041835
593.005624,432,6375.897603
542.088062,432,6376.756095
484.738801,432,6377.650783
720.148134,432,6378.456597
354.360698,432,6379.214079
273.465863,432,6379.991162
320.499599,432,6380.881565
261.411019,432,6381.758403
360.150589,432,6382.619831
315.933952,432,6383.397611
392.367222,432,6384.181571
220.433428,432,6385.03495
768.133964,432,6385.899332
518.606529,432,6386.747621
558.259018,432,6388.067022
377.086888,432,6388.946529
539.495581,432,6389.812092
154.259234,432,6390.576268
741.970541,432,6391.334331
788.533112,432,6392.174288
790.389914,432,6393.052531
384.050679,432,6393.941166
371.35145,432,6394.834956
367.131811,432,6395.702842
352.287853,432,6396.565382
721.131434,432,6397.325004
611.319251,432,6397.785486
642.27102,432,6398.245198
641.100232,432,6398.704447
400.968468,432,6399.180802
613.970861,432,6400.104706
427.024641,432,6401.452966
257.269293,432,6402.325216
226.308653,432,6403.180347
354.53909,432,6403.976847
525.091067,432,6404.75342
633.595845,432,6405.548186
422.724225,432,6406.402992
628.153114,432,6407.274626
680.928671,432,6408.154713
732.453038,432,6409.026128
771.718128,432,6409.819474
386.261218,432,6410.589898
203.405159,432,6411.730532
405.635847,432,6412.66163
160.836754,432,6413.55332
477.723918,432,6414.411939
455.312538,432,6415.263135
286.08542,432,6416.075717
11.329041,432,6416.828146
143.829836,432,6417.626129
642.89678,432,6418.523507
615.918049,432,6419.364671
317.350262,432,6420.230518
508.15487,432,6421.063723
710.091065,432,6421.831362
304.88883,432,6422.598029
231.397923,432,6423.468826
581.494735,432,6424.328403
393.649873,432,6425.557369
470.983591,432,6426.428413
379.801662,432,6427.275877
554.923874,432,6428.151874
556.333471,432,6428.931368
717.225254,432,6429.699235
650.716697,432,6430.53422
458.369683,432,6431.446399
-111.933538,432,6432.31113
629.936239,432,6433.178087
493.620124,432,6434.006892
613.216129,432,6434.774798
567.660257,432,6435.561169
551.520388,432,6436.513757
94.859744,432,6437.664278
655.350425,432,6438.755556
491.509735,432,6440.042506
252.196189,432,6440.892936
442.667246,432,6441.686091
368.799185,432,6442.558969
204.195652,432,6443.477746
503.737169,432,6444.360607
557.918369,432,6445.195056
297.163764,432,6445.967249
150.605154,432,6446.736241
494.748861,432,6447.607148
406.377103,432,6448.467799
190.054353,432,6449.328006
229.549484,432,6450.229489
552.062008,432,6450.999239
492.141723,432,6451.766045
230.062438,432,6452.574439
650.237028,432,6453.827922
642.579307,432,6454.697056
64.688311,432,6455.547547
311.620407,432,6456.408892
501.252528,432,6457.301683
749.896795,432,6458.077536
689.976676,432,6458.841227
274.628921,432,6459.660783
616.221927,432,6460.535275
498.883148,432,6461.40332
540.935657,432,6462.268601
602.807652,432,6463.143408
665.319393,432,6464.460287
599.875524,432,6465.398158
393.150801,432,6466.257899
409.172715,432,6467.178228
467.013432,432,6468.040393
766.775167,432,6468.891578
418.857574,432,6469.667317
488.570502,432,6470.438566
419.602223,432,6471.284057
765.972996,432,6472.157103
419.744053,432,6473.013785
431.871247,432,6473.895776
658.040903,432,6475.106773
751.890795,432,6475.565059
789.34938,432,6476.028161
562.946604,432,6476.509324
734.772065,432,6477.005674
1.794122,432,6477.981651
551.949786,432,6478.901624
611.392616,432,6479.766108
305.610523,432,6480.627964
308.550567,432,6481.395944
403.877308,432,6482.152014
408.277211,432,6483.019798
435.654721,432,6483.907948
604.183414,432,6485.178451
649.655737,432,6486.054036
641.388428,432,6486.918875
548.536519,432,6487.785029
696.310598,432,6488.62359
487.179532,432,6489.388097
329.705333,432,6490.163338
533.40384,432,6491.043709
660.064447,432,6491.908633
471.644921,432,6492.77485
474.689494,432,6493.655362
263.770742,432,6494.510047
386.52483,432,6495.390416
564.323019,432,6496.162644
429.084348,432,6496.938701
47.537044,432,6497.787615
509.293845,432,6499.084201
475.640613,432,6499.976429
581.634019,432,6500.864746
215.946573,432,6501.707129
500.454692,432,6502.495788
431.70967,432,6503.300629
720.177351,432,6504.16811
511.971554,432,6505.031338
565.640339,432,6505.920724
723.381038,432,6506.797924
404.783716,432,6507.637267
647.727432,432,6508.504715
406.534062,432,6509.697355
417.48411,432,6510.4699
665.759937,432,6511.345036
543.493662,432,6512.219441
405.954733,432,6513.116294
720.07674,432,6513.960742
588.753494,432,6514.736334
639.702779,432,6515.501766
719.435594,432,6516.367245
195.740498,432,6517.247438
548.342829,432,6518.127622
589.555632,432,6518.997596
618.887551,432,6519.871233
494.962777,432,6520.624934
663.925363,432,6521.380093
713.008517,432,6522.21676
398.658403,432,6523.531969
498.282957,432,6524.414924
518.90536,432,6525.169092
552.919197,432,6525.934988
451.425367,432,6526.793779
327.971788,432,6527.667947
335.16007,432,6528.547595
659.498555,432,6529.425627
662.179098,432,6530.29187
457.327882,432,6531.138201
227.358767,432,6531.992204
166.488739,432,6532.874234
408.621015,432,6533.736552
361.235905,432,6534.603891
62.62424,432,6535.447553
613.712565,432,6536.320845
746.863935,432,6537.4854
664.877662,432,6538.279425
651.460322,432,6539.152333
758.537149,432,6540.002211
276.169342,432,6540.910119
509.230617,432,6541.762171
545.63395,432,6542.625812
357.851768,432,6543.49259
526.505463,432,6544.374452
439.019806,432,6545.234881
457.067563,432,6546.039762
357.789663,432,6546.802576
627.797058,432,6548.029018
549.820339,432,6548.879044
309.580713,432,6549.790992
86.300686,432,6550.660458
405.051386,432,6551.528793
449.453235,432,6552.262673
690.706526,432,6552.717351
787.212055,432,6553.1674
463.837459,432,6553.651278
639.623715,432,6554.126769
759.355931,432,6555.066066
519.125497,432,6555.99469
613.825376,432,6556.807246
713.906911,432,6557.971445
730.985497,432,6558.830689
656.84328,432,6559.722314
410.561458,432,6560.588923
764.990502,432,6561.441462
661.01547,432,6562.247915
593.209117,432,6562.991525
338.960855,432,6563.801383
349.138544,432,6564.708163
591.040763,432,6565.461151
229.168893,432,6566.219915
497.431291,432,6567.052279
362.077724,432,6568.330702
202.6134,432,6569.204946
346.093932,432,6570.060656
271.37405,432,6570.942817
247.04467,432,6571.793172
578.275996,432,6572.646534
437.194404,432,6573.452488
386.585626,432,6574.212486
238.255993,432,6575.035055
593.460266,432,6575.907738
502.101283,432,6576.799689
694.760139,432,6577.680586
346.963315,432,6578.904179
604.846866,432,6579.768588
386.47649,432,6580.612007
621.038357,432,6581.469224
312.380006,432,6582.327569
635.535501,432,6583.081939
227.72971,432,6583.84576
534.28482,432,6584.694607
427.870474,432,6585.574869
418.131798,432,6586.436341
342.91356,432,6587.316017
528.988663,432,6588.079431
-20.154724,432,6589.174892
486.621826,432,6590.135477
313.612815,432,6591.010527
299.865048,432,6591.873877
441.75135,432,6592.741845
513.276921,432,6593.585521
552.233089,432,6594.456828
648.186149,432,6595.304395
588.394372,432,6596.168206
266.513136,432,6597.026799
246.214787,432,6597.870302
459.440703,432,6598.740619
705.447889,432,6599.990895
158.423346,432,6600.836949
606.440332,432,6601.688371
434.48008,432,6602.546739
587.223197,432,6603.408075
527.574842,432,6604.217713
-292.653705,432,6604.966233
663.165956,432,6605.771111
313.892194,432,6606.644828
684.629492,432,6607.512051
352.311613,432,6608.378078
347.704037,432,6609.243945
545.0678,432,6610.492391
453.555151,432,6611.338051
437.541484,432,6612.112932
668.548074,432,6612.867943
677.609494,432,6613.725693
231.467951,432,6614.588752
327.359128,432,6615.458578
439.501439,432,6616.340708
320.061893,432,6617.217833
523.854288,432,6618.075728
541.499829,432,6618.846317
123.213843,432,6619.598934
620.670933,432,6620.824387
323.194684,432,6621.71901
417.905642,432,6622.605741
238.162024,432,6623.376839
387.352701,432,6624.143826
784.438142,432,6624.967819
374.286043,432,6625.840419
240.010824,432,6626.69549
436.392627,432,6627.588514
690.951322,432,6628.39145
447.270292,432,6629.062522
443.967097,432,6629.486837
503.584587,432,6629.951077
483.94235,432,6630.41165
452.747289,432,6630.900165
163.107197,432,6631.854401
426.706784,432,6632.771249
413.841924,432,6634.012923
535.557058,432,6634.866564
72.846907,432,6635.745823
649.698282,432,6636.513809
557.762202,432,6637.293228
502.310752,432,6638.143125
423.224798,432,6639.008085
436.682424,432,6639.862333
342.573942,432,6640.73538
311.532691,432,6641.596164
202.124109,432,6642.45943
574.473732,432,6643.294821
216.763067,432,6644.462865
617.359654,432,6645.301358
611.116633,432,6646.22715
361.117972,432,6647.196947
203.757291,432,6648.109048
434.776395,432,6649.010905
427.710167,432,6649.846198
555.568836,432,6650.609485
588.872063,432,6651.370422
539.176206,432,6652.252608
529.103998,432,6653.118523
593.43471,432,6653.995408
637.825365,432,6655.260984
445.866176,432,6656.115327
502.984813,432,6656.977482
345.440553,432,6657.747367
215.609952,432,6658.507178
366.177544,432,6659.33166
385.13023,432,6660.21443
578.691213,432,6661.101297
-26.149256,432,6661.992347
547.079521,432,6662.861013
390.403941,432,6663.728831
652.928339,432,6664.52887
616.855495,432,6665.615342
622.382705,432,6666.504387
285.725504,432,6667.376187
637.002192,432,6668.268992
445.981362,432,6669.146162
635.772668,432,6670.004411
691.422063,432,6670.854182
463.047765,432,6671.709072
198.790841,432,6672.578802
151.246685,432,6673.344098
126.3878,432,6674.109293
100.101837,432,6674.957413
603.49937,432,6676.209308
448.064477,432,6677.097176
452.973624,432,6677.947552
708.937529,432,6678.726432
601.560754,432,6679.500952
381.876169,432,6680.361401
568.348674,432,6681.22672
322.18733,432,6682.086837
233.254119,432,6682.981922
589.270837,432,6683.854934
689.447762,432,6684.710503
499.001566,432,6685.511344
257.283586,432,6686.700312
275.475977,432,6687.617349
426.751905,432,6688.492423
229.338713,432,6689.356523
639.777808,432,6690.259173
686.587599,432,6691.030728
416.562592,432,6691.7917
493.88934,432,6692.619796
567.570577,432,6693.499532
227.138446,432,6694.379922
619.085141,432,6695.216802
83.885158,432,6696.088809
447.859044,432,6697.350142
533.381437,432,6698.210331
470.973338,432,6699.084126
606.725113,432,6699.898588
547.13853,432,6700.673919
554.433114,432,6701.437445
635.165309,432,6702.294416
616.035225,432,6703.180209
322.442466,432,6704.067541
302.61335,432,6704.939177
606.486113,432,6705.803856
515.920082,432,6706.536268
695.612177,432,6707.081069
626.062166,432,6707.89322
510.543848,432,6708.360478
460.553132,432,6708.836702
477.578237,432,6709.76442
627.736317,432,6710.730101
562.138135,432,6711.575848
481.431799,432,6712.424065
623.932079,432,6713.196388
527.549758,432,6713.962635
601.887931,432,6714.808142
444.558399,432,6715.7116
504.341305,432,6716.591853
176.003024,432,6717.862615
159.391018,432,6718.71898
583.008541,432,6719.588164
341.805682,432,6720.444005
448.213993,432,6721.31167
462.429318,432,6722.15066
236.388018,432,6722.909812
51.809932,432,6723.676689
267.372575,432,6724.54418
553.854839,432,6725.401857
725.828171,432,6726.266049
400.022972,432,6727.130458
534.073209,432,6728.317952
524.985827,432,6729.085135
645.221028,432,6729.937877
536.744576,432,6730.811495
35.655685,432,6731.683679
655.388448,432,6732.567172
630.007068,432,6733.332654
231.386553,432,6734.094668
577.348042,432,6734.963715
609.981657,432,6735.830488
169.424305,432,6736.694754
579.951217,432,6737.597344
373.84568,432,6738.881889
529.844993,432,6739.781706
652.485729,432,6740.536309
339.876024,432,6741.301893
303.959554,432,6742.144358
639.249134,432,6743.004728
450.372095,432,6743.881237
557.87668,432,6744.760733
519.22189,432,6745.643136
666.301432,432,6746.491194
616.479783,432,6747.336339
418.472858,432,6748.181446
739.637428,432,6749.319945
434.130349,432,6750.157679
481.435546,432,6751.057928
638.682765,432,6751.91113
229.152812,432,6752.786856
492.812403,432,6753.610692
541.162459,432,6754.379354
574.975248,432,6755.158362
440.490826,432,6756.045838
634.094139,432,6756.926903
515.750629,432,6757.768443
299.540016,432,6758.639237
272.715761,432,6759.945321
553.215776,432,6760.811165
485.311774,432,6761.596632
426.739809,432,6762.362386
445.552898,432,6763.192893
497.598726,432,6764.060618
197.740356,432,6764.914454
624.861932,432,6765.783917
433.447554,432,6766.659065
351.137252,432,6767.425766
17.98443,432,6768.187267
458.86064,432,6769.036659
586.702672,432,6770.299648
567.974687,432,6771.163161
405.631516,432,6772.045605
594.537278,432,6772.895956
523.806955,432,6773.667074
433.755495,432,6774.441213
607.184093,432,6775.291257
606.747655,432,6776.167407
514.458641,432,6777.037662
276.171097,432,6777.899917
642.741839,432,6778.758651
564.273266,432,6779.562317
607.031604,432,6780.737327
548.49787,432,6781.600298
433.181738,432,6782.457212
226.152741,432,6783.331263
708.046004,432,6784.094227
777.273084,432,6784.567681
754.774824,432,6785.036608
720.77925,432,6785.51851
611.972149,432,6786.014511
542.700912,432,6786.944593
449.680037,432,6787.912194
386.074099,432,6788.774884
482.025158,432,6789.627167
557.379606,432,6790.919875
525.796276,432,6791.764345
499.38244,432,6792.516848
494.273144,432,6793.27832
601.646122,432,6794.145416
682.566331,432,6795.002947
251.031145,432,6795.878437
657.981204,432,6796.747146
533.339534,432,6797.629713
425.739327,432,6798.514375
283.10722,432,6799.282223
556.508445,432,6800.045319
621.577774,432,6801.219874
473.615748,432,6802.143578
615.541214,432,6803.012508
578.554004,432,6803.900727
516.181408,432,6804.78481
715.057132,432,6805.651147
401.843603,432,6806.516711
460.941213,432,6807.365169
492.301787,432,6808.18044
566.532014,432,6808.944557
690.243917,432,6809.743153
486.519565,432,6810.632816
106.941648,432,6811.904662
316.982792,432,6812.803019
290.588191,432,6813.659023
270.505094,432,6814.484446
674.160951,432,6815.24898
541.685074,432,6816.021271
621.341633,432,6816.925589
568.552276,432,6817.799207
442.532662,432,6818.628429
766.658202,432,6819.383981
674.91676,432,6820.132751
426.3609,432,6821.019883
521.650545,432,6822.253707
295.298636,432,6823.127933
691.001691,432,6823.980949
711.184893,432,6824.842558
183.253866,432,6825.735771
525.485273,432,6826.594063
412.614365,432,6827.388197
-6.829607,432,6828.213924
460.453894,432,6829.118808
463.178507,432,6830.070044
357.716504,432,6830.954471
525.671581,432,6831.825499
260.572449,432,6833.016165
600.25241,432,6833.82161
633.975899,432,6834.692583
83.004519,432,6835.566664
140.088606,432,6836.459058
243.511202,432,6837.348786
562.643652,432,6838.149768
470.669655,432,6838.913901
508.716821,432,6839.697795
475.774739,432,6840.566764
522.280449,432,6841.436662
614.001311,432,6842.312406
390.279817,432,6843.593124
281.502365,432,6844.462269
556.546425,432,6845.225773
222.943301,432,6845.997023
450.225493,432,6846.827324
513.395517,432,6847.702097
594.637604,432,6848.554342
619.801896,432,6849.406132
349.678477,432,6850.282478
470.017182,432,6851.13194
529.971944,432,6851.926035
410.612344,432,6852.696231
518.734756,432,6853.833998
444.186866,432,6854.77618
445.491978,432,6855.649258
632.077612,432,6856.534549
251.633398,432,6857.411225
521.484268,432,6858.180056
362.670543,432,6858.94652
550.683738,432,6859.7776
607.350657,432,6860.687851
568.794612,432,6861.436177
757.307366,432,6861.895784
633.549463,432,6862.344169
763.033114,432,6862.814548
790.866291,432,6863.304807
673.531017,432,6864.228536
531.785563,432,6865.601038
721.570852,432,6866.509765
170.081472,432,6867.385042
611.605325,432,6868.243603
235.95827,432,6869.081309
560.357582,432,6869.849318
367.091048,432,6870.629288
530.880285,432,6871.502141
239.141069,432,6872.356024
498.000393,432,6873.216997
504.503828,432,6874.548665
388.551275,432,6875.338108
191.33487,432,6876.09741
452.707826,432,6876.906007
438.025906,432,6877.802296
606.882721,432,6878.688159
477.729973,432,6879.546015
708.155185,432,6880.311941
479.635468,432,6881.082981
380.242463,432,6881.943693
375.77688,432,6882.798294
542.335896,432,6883.654957
534.015897,432,6884.908694
649.684497,432,6885.761271
319.137326,432,6886.565642
434.170426,432,6887.32511
389.99306,432,6888.132871
603.963977,432,6889.010722
514.705688,432,6889.895028
519.264503,432,6890.774782
194.823806,432,6891.642447
522.236393,432,6892.466084
341.91829,432,6893.23074
544.693189,432,6894.001894
-50.391772,432,6895.231388
724.780837,432,6896.13338
599.696404,432,6897.001983
-29.66735,432,6897.859429
565.819174,432,6898.747914
-87.242223,432,6899.598989
651.466073,432,6900.465359
453.218543,432,6901.319244
517.333148,432,6902.17508
330.567212,432,6903.041712
563.631596,432,6903.851877
509.478508,432,6904.610805
419.31587,432,6905.800874
293.173211,432,6906.722914
653.693005,432,6907.612478
246.547488,432,6908.498795
98.950704,432,6909.362381
505.218704,432,6910.1703
610.963955,432,6910.94251
305.600401,432,6911.730027
455.627331,432,6912.615583
305.618955,432,6913.481954
223.064317,432,6914.35214
198.238142,432,6915.228025
586.526528,432,6916.488514
581.344075,432,6917.327034
137.484876,432,6918.086078
503.356451,432,6918.885254
564.085271,432,6919.763232
344.43542,432,6920.643626
206.9987,432,6921.523147
661.831725,432,6922.381801
697.324253,432,6923.167832
736.698807,432,6923.932751
452.602218,432,6924.76415
367.832178,432,6925.630212
481.97568,432,6926.929209
537.7958,432,6927.815321
433.644098,432,6928.612929
516.889731,432,6929.378319
302.973329,432,6930.195156
653.297511,432,6931.064586
166.486959,432,6931.936784
492.650939,432,6932.806252
175.121771,432,6933.667902
586.243341,432,6934.536731
528.753573,432,6935.381272
577.229508,432,6936.257823
435.264255,432,6937.506105
433.957837,432,6938.341562
749.268264,432,6939.080418
553.885748,432,6939.549432
522.710779,432,6940.029293
757.115936,432,6940.511431
663.570217,432,6940.986084
712.432412,432,6941.920795
507.83426,432,6942.786463
500.246499,432,6943.56085
403.232361,432,6944.382627
576.56749,432,6945.261868
114.124192,432,6946.129905
586.152032,432,6946.994187
72.238465,432,6947.854467
126.303908,432,6948.72794
529.252973,432,6949.57982
537.613608,432,6950.798675
552.761575,432,6951.656097
377.825259,432,6952.51642
749.337422,432,6953.381454
650.56863,432,6954.254024
675.845797,432,6955.118325
670.805716,432,6955.907687
569.725513,432,6956.670276
403.761797,432,6957.49794
700.228967,432,6958.361048
377.201111,432,6959.256747
539.192836,432,6960.13824
361.526632,432,6961.371612
566.064819,432,6962.244486
281.110137,432,6963.097512
298.331151,432,6963.95995
422.610432,432,6964.838085
461.690822,432,6965.696839
544.497674,432,6966.462797
316.372815,432,6967.220242
571.129172,432,6968.068224
296.494952,432,6968.94279
461.685622,432,6969.785444
473.114292,432,6970.645033
124.597783,432,6971.882156
580.522881,432,6972.753815
159.433742,432,6973.60335
392.598731,432,6974.467468
289.426456,432,6975.330217
433.800817,432,6976.178948
420.589207,432,6977.004296
501.888371,432,6977.775344
400.549921,432,6978.585258
708.765358,432,6979.446875
572.739502,432,6980.292462
447.799197,432,6981.192552
209.99673,432,6982.478671
457.667296,432,6983.341875
429.897504,432,6984.209785
604.592867,432,6984.98045
724.490117,432,6985.764725
501.973048,432,6986.594242
356.018134,432,6987.455629
772.798543,432,6988.332223
428.404153,432,6989.21113
729.889819,432,6990.077926
459.559911,432,6990.953814
692.394635,432,6991.80446
285.589941,432,6993.063523
85.841549,432,6993.922822
716.504307,432,6994.776634
508.278865,432,6995.644736
296.741063,432,6996.497571
54.774312,432,6997.265534
398.027365,432,6998.023916
295.815906,432,6998.875697
366.042506,432,6999.755076
557.73468,432,7000.605091
603.405402,432,7001.460097
564.790642,432,7002.326546
739.371764,432,7003.580557
456.643715,432,7004.463417
495.4954,432,7005.320371
89.807103,432,7006.135226
-7.730952,432,7006.908655
511.011221,432,7007.704402
577.633223,432,7008.567923
511.600739,432,7009.478861
652.138026,432,7010.450272
746.816059,432,7011.365666
212.888127,432,7012.313833
614.934171,432,7013.17844
495.502328,432,7014.429044
604.092465,432,7015.315241
552.5652,432,7016.180209
529.406015,432,7016.943861
724.36815,432,7017.416494
559.26568,432,7017.888461
771.123523,432,7018.370158
720.913024,432,7018.851408
416.707971,432,7019.778572
648.705992,432,7020.709496
442.649776,432,7021.558858
662.057607,432,7022.437844
528.768885,432,7023.315221
325.136875,432,7024.595556
546.516583,432,7025.482789
608.63264,432,7026.26356
638.784743,432,7027.034338
659.37706,432,7027.846588
641.745682,432,7028.726223
638.764287,432,7029.58284
665.329355,432,7030.493009
658.473062,432,7031.356883
680.960791,432,7032.213649
192.41169,432,7032.969385
-48.088591,432,7033.759175
351.648722,432,7035.026908
596.873003,432,7035.9367
93.348929,432,7036.804883
660.518501,432,7037.670986
594.303612,432,7038.534872
480.893777,432,7039.384117
-27.903955,432,7040.252704
589.480725,432,7041.114015
240.256803,432,7041.87654
228.299576,432,7042.6332
179.779749,432,7043.470097
160.134684,432,7044.351846
486.534189,432,7045.632539
679.264928,432,7046.496357
472.571903,432,7047.35099
527.609557,432,7048.227175
699.239384,432,7049.110576
493.074992,432,7049.969579
320.527563,432,7050.814055
448.710409,432,7051.618101
686.716304,432,7052.380098
425.253701,432,7053.196624
446.716238,432,7054.081899
495.875213,432,7054.961165
431.086081,432,7056.230525
452.325497,432,7057.083563
420.586261,432,7057.907387
385.844625,432,7058.668473
478.962334,432,7059.479763
508.085534,432,7060.358991
439.349666,432,7061.206452
554.912038,432,7062.100963
491.282513,432,7062.981044
438.243213,432,7063.779817
574.569223,432,7064.547892
451.061844,432,7065.353539
441.378307,432,7066.582918
-0.553658,432,7067.469544
413.596544,432,7068.328757
410.926625,432,7069.183047
285.462622,432,7069.954133
316.922807,432,7070.758931
372.878616,432,7071.636548
774.827396,432,7072.509414
434.44974,432,7073.408967
625.774994,432,7074.267783
637.374996,432,7075.135231
524.211717,432,7075.997582
96.714939,432,7077.235038
457.288499,432,7078.094814
386.197624,432,7078.966618
426.779158,432,7079.833351
563.929329,432,7080.620935
317.479731,432,7081.374727
611.382349,432,7082.204721
609.728576,432,7083.063829
238.500838,432,7083.9507
441.640587,432,7084.827622
539.278647,432,7085.663243
144.618701,432,7086.456069
209.073856,432,7087.526475
376.298862,432,7088.480771
653.350337,432,7089.363736
287.466335,432,7090.229721
689.696079,432,7091.094601
560.913354,432,7091.96227
681.642512,432,7092.834064
486.503796,432,7093.699003
688.023695,432,7094.434762
665.531939,432,7094.889362
722.758651,432,7095.364997
796.315626,432,7095.845351
465.543653,432,7096.318749
565.262069,432,7097.234629
685.571524,432,7098.650123
420.290041,432,7099.523487
737.524291,432,7100.36477
693.813988,432,7101.232719
484.491617,432,7102.086264
489.268263,432,7102.897207
249.925552,432,7103.655876
500.235374,432,7104.436267
441.629157,432,7105.303114
289.497693,432,7106.163294
402.573755,432,7107.068858
271.282156,432,7108.345556
581.571491,432,7109.226764
612.164554,432,7110.092317
319.716395,432,7110.960988
406.763114,432,7111.856705
483.945256,432,7112.721341
318.797221,432,7113.578575
640.328298,432,7114.433985
176.808249,432,7115.312246
637.089143,432,7116.18378
577.949285,432,7117.047451
482.344215,432,7117.92622
461.089542,432,7119.195332
434.800059,432,7120.034481
411.847454,432,7120.902075
533.414309,432,7121.688655
225.217057,432,7122.457985
541.667872,432,7123.277554
336.907817,432,7124.163122
587.463649,432,7125.042117
343.944205,432,7125.937376
655.331808,432,7126.801995
524.529042,432,7127.661932
395.386343,432,7128.543778
507.788364,432,7129.809422
620.831614,432,7130.686347
714.818179,432,7131.546715
449.248414,432,7132.367535
415.169758,432,7133.139771
566.238013,432,7133.952889
457.945471,432,7134.819754
409.19789,432,7135.676769
449.702833,432,7136.565108
432.629031,432,7137.404546
456.361818,432,7138.276164
692.987076,432,7139.093937
557.523536,432,7140.224297
614.376264,432,7141.115464
513.356957,432,7141.981836
521.586568,432,7142.850578
528.526456,432,7143.718794
488.186587,432,7144.561786
421.872256,432,7145.412475
213.709909,432,7146.1684
151.758506,432,7146.943848
662.643303,432,7147.817379
451.695244,432,7148.684362
210.549678,432,7149.579541
522.290037,432,7150.848867
540.173999,432,7151.718392
524.064019,432,7152.579807
706.986876,432,7153.427867
520.077496,432,7154.309883
457.724161,432,7155.165179
338.639499,432,7155.946558
320.617577,432,7156.711633
-15.187463,432,7157.571686
171.46526,432,7158.434048
491.984398,432,7159.29344
742.467965,432,7160.203855
605.307624,432,7161.428831
455.05959,432,7162.286713
583.672173,432,7163.145252
530.251867,432,7164.009211
630.946879,432,7164.887259
715.63742,432,7165.745737
546.389072,432,7166.594554
527.414588,432,7167.459299
114.944589,432,7168.318765
469.888236,432,7169.182349
246.924201,432,7170.030934
411.64556,432,7170.896519
748.845339,432,7172.163267
657.496345,432,7172.930262
698.341196,432,7173.400511
663.90116,432,7173.870811
376.903807,432,7174.35773
506.814725,432,7174.839444
653.841127,432,7175.795778
533.738385,432,7176.725947
182.348089,432,7177.582872
642.49951,432,7178.350322
59.892066,432,7179.122229
313.686703,432,7179.965215
593.724211,432,7180.845961
511.486087,432,7182.110458
160.011556,432,7182.981841
366.572801,432,7183.85232
154.98,432,7184.613614
251.798034,432,7185.38469
300.162034,432,7186.219644
577.73817,432,7187.081877
447.563646,432,7187.956488
492.701678,432,7188.851989
544.517218,432,7189.717202
440.94173,432,7190.593814
547.143248,432,7191.446893
659.598938,432,7192.822101
499.729622,432,7193.765847
760.838513,432,7194.645041
608.946404,432,7195.476981
545.188061,432,7196.257269
390.276794,432,7197.065006
609.035544,432,7197.945145
449.339414,432,7198.821646
198.556852,432,7199.676652
577.108914,432,7200.525572
688.652434,432,7201.382395
767.572921,432,7202.254323
412.959456,432,7203.512475
462.444752,432,7204.36855
560.065675,432,7205.220069
350.041514,432,7206.081575
730.4178,432,7206.963433
642.364223,432,7207.728914
376.201083,432,7208.481684
685.650014,432,7209.312168
671.952886,432,7210.172051
613.976703,432,7211.048006
317.687523,432,7211.896585
330.475234,432,7212.769605
344.884561,432,7214.029213
633.015068,432,7214.813321
402.762036,432,7215.570414
497.334539,432,7216.371119
702.961732,432,7217.268854
718.241485,432,7218.130996
42.861198,432,7219.020939
527.764453,432,7219.904877
301.471354,432,7220.757655
547.909409,432,7221.516304
459.199407,432,7222.265212
717.107443,432,7223.135338
373.665436,432,7224.395473
227.52779,432,7225.256299
632.338161,432,7226.132263
357.884616,432,7226.993082
593.226817,432,7227.763755
590.173316,432,7228.521339
406.188498,432,7229.338848
601.65763,432,7230.197412
566.899711,432,7231.063375
373.078129,432,7231.951948
645.036408,432,7232.814449
621.492241,432,7233.655995
703.353374,432,7234.753941
577.368706,432,7235.596666
187.952398,432,7236.462869
505.869003,432,7237.34443
50.47608,432,7238.229699
660.885665,432,7239.082965
608.066735,432,7239.84719
720.064265,432,7240.621142
620.119561,432,7241.445977
656.6108,432,7242.299998
315.313574,432,7243.181082
711.408413,432,7244.064896
571.59966,432,7245.309146
274.247925,432,7246.160447
373.283925,432,7246.916986
532.170756,432,7247.68672
403.830577,432,7248.579229
530.393038,432,7249.460208
549.420501,432,7250.231986
601.96605,432,7250.68135
658.37611,432,7251.144273
619.650967,432,7251.605127
565.111566,432,7252.087526
254.627942,432,7253.032237
231.182804,432,7253.905597
608.277215,432,7254.676814
382.191884,432,7255.439834
605.693069,432,7256.333482
230.747457,432,7257.208365
766.796519,432,7258.456007
355.101642,432,7259.290201
554.405494,432,7260.047702
344.878648,432,7260.796709
492.253707,432,7261.682527
534.157061,432,7262.533561
477.977236,432,7263.420244
516.282158,432,7264.305097
597.15994,432,7265.185404
491.743082,432,7266.049093
715.981417,432,7266.868973
606.783641,432,7267.630222
170.403426,432,7268.796626
724.257687,432,7269.696633
402.849823,432,7270.564362
481.032691,432,7271.432906
605.569457,432,7272.327251
569.03376,432,7273.192275
534.458598,432,7274.045094
713.729414,432,7274.899728
542.988582,432,7275.746069
467.892707,432,7276.602604
734.497855,432,7277.485101
463.37583,432,7278.261715
679.708515,432,7279.429127
464.634407,432,7280.334131
633.983197,432,7281.22135
627.552015,432,7282.099685
763.885363,432,7282.962008
270.944949,432,7283.82118
384.606083,432,7284.688859
419.532478,432,7285.562087
678.906077,432,7286.378658
412.860449,432,7287.129862
516.125415,432,7287.905546
505.403447,432,7288.768182
690.455363,432,7290.067778
499.193203,432,7290.945953
457.129343,432,7291.795687
551.213734,432,7292.663622
512.801834,432,7293.51352
557.296052,432,7294.371258
-6.766424,432,7295.228585
272.801407,432,7296.096291
556.390481,432,7296.98354
446.540452,432,7297.81951
582.52704,432,7298.580333
620.242312,432,7299.339214
452.022899,432,7300.58978
106.109245,432,7301.492901
546.05825,432,7302.355973
323.351524,432,7303.244519
628.563212,432,7304.083904
654.643036,432,7304.830749
334.952143,432,7305.584614
388.550071,432,7306.445371
558.624125,432,7307.355765
167.325726,432,7308.228523
500.960508,432,7309.076041
695.430269,432,7309.943049
522.573743,432,7311.214971
24.275056,432,7312.101437
567.30012,432,7312.920422
114.279692,432,7313.681419
710.681967,432,7314.465879
552.231167,432,7315.327971
524.515016,432,7316.175003
731.103004,432,7316.941132
601.292914,432,7317.729595
600.040574,432,7318.599634
616.694807,432,7319.459311
559.177623,432,7320.336523
282.173979,432,7321.653464
370.730248,432,7322.504848
422.252719,432,7323.264519
208.665012,432,7324.016099
562.926199,432,7324.839384
612.089021,432,7325.69405
341.02669,432,7326.555846
612.341901,432,7327.310783
772.056512,432,7327.787551
642.584316,432,7328.267429
657.604328,432,7328.745542
785.809098,432,7329.226845
485.432221,432,7330.170905
672.907079,432,7331.605109
21.563735,432,7332.473653
510.16654,432,7333.348317
783.080336,432,7334.199581
536.486238,432,7335.078839
73.588245,432,7335.858364
117.558986,432,7336.625818
404.493267,432,7337.500659
514.55046,432,7338.388123
714.896678,432,7339.283888
329.012401,432,7340.144504
445.684134,432,7340.942455
643.880228,432,7342.138378
665.636579,432,7343.01657
406.758307,432,7343.896766
658.429297,432,7344.786238
516.2693,432,7345.662579
240.516291,432,7346.548285
513.881494,432,7347.286297
589.58382,432,7348.057414
590.238254,432,7348.893745
591.935338,432,7349.752492
601.067623,432,7350.622648
281.263139,432,7351.483733
494.702357,432,7352.734763
757.273732,432,7353.579502
436.689846,432,7354.439286
445.79145,432,7355.313413
480.335777,432,7356.164155
459.055584,432,7356.929789
476.293989,432,7357.680409
301.567657,432,7358.519075
287.959072,432,7359.399518
737.079247,432,7360.248955
206.601811,432,7361.138267
470.875868,432,7361.999968
304.445366,432,7363.154185
369.782632,432,7363.951146
570.424145,432,7364.823827
365.854408,432,7365.70941
583.04217,432,7366.595702
576.290576,432,7367.455468
528.571209,432,7368.31158
611.134618,432,7369.166274
393.07353,432,7370.050986
30.21951,432,7370.923068
374.406153,432,7371.731063
218.316385,432,7372.492936
518.601418,432,7373.684429
740.216886,432,7374.73413
494.128186,432,7375.636935
637.942459,432,7376.577112
566.504812,432,7377.461422
472.430577,432,7378.327233
244.411782,432,7379.200505
549.530911,432,7379.981627
556.865325,432,7380.735422
501.449996,432,7381.585632
683.843108,432,7382.457964
613.044737,432,7383.330963
447.210457,432,7384.66043
216.011319,432,7385.437299
78.285095,432,7386.193008
584.76881,432,7386.99206
556.029782,432,7387.896217
494.843896,432,7388.752336
558.30011,432,7389.616011
433.744878,432,7390.475716
445.296908,432,7391.326857
530.642742,432,7392.197561
419.323397,432,7393.05945
410.516538,432,7393.895425
528.819542,432,7395.154959
495.380527,432,7396.018117
375.153798,432,7396.900914
548.887516,432,7397.78788
430.506275,432,7398.667495
445.227096,432,7399.501523
193.296627,432,7400.256969
33.370411,432,7401.02608
-21.723595,432,7401.878185
595.374254,432,7402.728904
520.935798,432,7403.600178
144.6782,432,7404.45004
726.080638,432,7405.645619
784.002075,432,7406.125928
674.485543,432,7406.612081
735.381196,432,7407.088478
741.166838,432,7407.567482
412.524515,432,7408.486328
530.952807,432,7409.450063
665.324423,432,7410.316229
610.933529,432,7411.195941
480.145808,432,7412.058682
486.066955,432,7412.892362
434.473476,432,7413.764985
628.339443,432,7414.548639
585.827852,432,7415.625475
480.219135,432,7416.555899
516.807304,432,7417.419952
457.011882,432,7418.299016
565.878678,432,7419.164936
354.704957,432,7420.024803
654.394604,432,7420.792234
556.721473,432,7421.553947
450.677066,432,7422.401695
453.25324,432,7423.279353
415.962468,432,7424.164812
543.122032,432,7425.031726
248.947808,432,7426.278769
647.619804,432,7427.130975
632.29899,432,7427.917188
666.609185,432,7428.688209
380.021437,432,7429.505649
519.45604,432,7430.361989
570.354149,432,7431.214655
676.483437,432,7432.069905
593.341108,432,7432.968913
47.104424,432,7433.91842
546.226009,432,7434.761616
673.976901,432,7435.632359
415.789343,432,7436.891384
72.322729,432,7437.772666
420.274209,432,7438.654267
362.85609,432,7439.505391
363.111386,432,7440.364141
456.377728,432,7441.179742
525.011759,432,7441.944039
554.527827,432,7442.747951
566.842774,432,7443.619634
445.60139,432,7444.470275
527.802942,432,7445.333664
630.469173,432,7446.200209
171.217484,432,7447.493083
232.93901,432,7448.296859
256.560923,432,7449.050423
147.089869,432,7449.818317
587.867072,432,7450.682284
461.764616,432,7451.556097
467.616576,432,7452.435415
438.850978,432,7453.314139
638.413612,432,7454.184054
717.467187,432,7455.059823
599.785162,432,7455.900061
491.9022,432,7456.664
599.009728,432,7457.815197
231.070971,432,7458.745769
580.318665,432,7459.651894
577.458977,432,7460.538355
535.128721,432,7461.406578
627.040235,432,7462.197823
217.179061,432,7462.952368
439.402031,432,7463.765113
572.795319,432,7464.643533
317.896688,432,7465.484936
608.843433,432,7466.364947
669.80343,432,7467.234468
340.800953,432,7468.501877
632.695791,432,7469.364121
574.92754,432,7470.232442
570.945294,432,7471.100468
728.989609,432,7471.889048
226.570974,432,7472.655885
487.793666,432,7473.446634
375.330073,432,7474.311004
492.826122,432,7475.181495
483.632393,432,7476.046821
566.572641,432,7476.854082
-53.909298,432,7477.62538
587.567751,432,7478.811833
551.466443,432,7479.746506
297.335877,432,7480.618917
563.003633,432,7481.498065
148.694283,432,7482.362332
618.499987,432,7483.083837
774.953795,432,7483.55417
474.091984,432,7484.037111
770.469707,432,7484.505111
746.429959,432,7484.987514
487.959493,432,7485.887928
359.061684,432,7486.826453
264.393454,432,7487.697212
544.772674,432,7488.940276
641.065068,432,7489.797951
259.869513,432,7490.643904
555.358452,432,7491.471152
356.828137,432,7492.236694
561.037477,432,7492.996173
488.72581,432,7493.866139
424.600276,432,7494.722211
352.200029,432,7495.62136
417.5949,432,7496.480212
435.94036,432,7497.342163
141.26663,432,7498.187011
613.988996,432,7499.446032
493.01168,432,7500.3204
191.119801,432,7501.178776
655.796122,432,7502.043392
746.92745,432,7502.917612
533.294466,432,7503.742905
338.239537,432,7504.491372
536.174792,432,7505.261479
750.178347,432,7506.145496
483.560146,432,7506.990391
454.89233,432,7507.856544
454.880345,432,7508.749955
564.734241,432,7510.027382
583.544687,432,7510.79233
637.892905,432,7511.554937
297.340514,432,7512.36847
513.560215,432,7513.235029
457.852217,432,7514.102729
557.787843,432,7514.961757
360.62119,432,7515.829117
374.670119,432,7516.670839
646.883614,432,7517.465775
501.495918,432,7518.286252
623.732953,432,7519.17835
710.873254,432,7520.451865
331.444702,432,7521.349001
233.159533,432,7522.200554
547.604234,432,7523.062594
603.648687,432,7523.936939
141.296856,432,7524.798149
379.2426,432,7525.598363
364.266983,432,7526.369499
722.779651,432,7527.180577
631.912653,432,7528.053653
560.074994,432,7528.91185
202.267819,432,7529.806056
559.612404,432,7531.051181
579.227521,432,7531.92991
474.483084,432,7532.796298
423.691718,432,7533.598193
281.717227,432,7534.369324
528.427798,432,7535.170966
68.071611,432,7536.042665
508.811415,432,7536.897762
409.751437,432,7537.776094
464.799565,432,7538.584224
-101.079434,432,7539.344295
613.848986,432,7540.101837
526.672518,432,7541.322141
479.343221,432,7542.247574
540.734718,432,7543.12754
342.083261,432,7544.007489
613.327561,432,7544.865201
607.395435,432,7545.714043
442.741353,432,7546.561513
399.022237,432,7547.360472
485.573833,432,7548.143114
502.034311,432,7548.938386
654.3231,432,7549.824532
637.50977,432,7550.680953
481.343383,432,7551.9969
477.947393,432,7552.878452
615.115576,432,7553.751758
-75.825337,432,7554.570194
481.739475,432,7555.385005
411.103869,432,7556.210293
589.068737,432,7557.121797
690.339844,432,7558.0416
567.951835,432,7558.913452
533.563481,432,7559.761534
778.771159,432,7560.495764
768.843825,432,7560.952768
720.30382,432,7561.414414
544.356998,432,7561.875597
736.540197,432,7562.338599
556.844579,432,7563.266036
697.161279,432,7564.179156
532.913686,432,7565.43261
363.183905,432,7566.292814
608.877614,432,7567.15928
493.583313,432,7568.027532
754.325846,432,7568.79852
451.844611,432,7569.559353
610.885692,432,7570.427561
668.349135,432,7571.297718
700.535366,432,7572.159444
463.403143,432,7573.02537
243.247104,432,7573.877627
511.036008,432,7574.63986
580.680976,432,7575.787646
57.727977,432,7576.751322
356.50457,432,7577.656924
664.401745,432,7578.542729
339.694529,432,7579.413544
377.454266,432,7580.269875
470.735637,432,7581.146572
469.071368,432,7581.91342
344.623741,432,7582.68587
405.956374,432,7583.523079
588.448102,432,7584.38666
620.950314,432,7585.281557
287.946058,432,7586.577335
564.936377,432,7587.453389
569.090786,432,7588.31613
419.008003,432,7589.189152
373.081064,432,7590.081085
629.108596,432,7590.942961
553.261318,432,7591.796383
422.680535,432,7592.628614
431.237689,432,7593.402186
454.403093,432,7594.154482
397.585091,432,7595.012916
726.793566,432,7595.87938
538.903376,432,7597.147643
508.333751,432,7598.035581
488.138734,432,7598.884974
488.012261,432,7599.769141
660.150735,432,7600.63752
325.463905,432,7601.495122
390.424589,432,7602.263939
416.623516,432,7603.016908
661.997842,432,7603.856099
384.091115,432,7604.717364
468.537876,432,7605.581691
638.240508,432,7606.450663
556.646609,432,7607.747646
455.294009,432,7608.615084
640.407314,432,7609.481735
543.905689,432,7610.36411
613.123392,432,7611.245296
509.571925,432,7612.101293
147.244042,432,7612.860384
549.771202,432,7613.626768
492.500295,432,7614.893611
546.60221,432,7615.782195
503.860458,432,7616.646323
585.521654,432,7617.512851
399.264816,432,7618.377275
729.678715,432,7619.14511
672.107701,432,7619.901456
444.52812,432,7620.733053
294.28409,432,7621.597448
300.675662,432,7622.467021
405.76025,432,7623.318687
337.094127,432,7624.178267
540.285636,432,7625.411727
474.649583,432,7626.273917
457.011253,432,7627.137448
547.43451,432,7627.99437
33.695489,432,7628.883221
287.428056,432,7629.776115
224.930809,432,7630.627348
755.824071,432,7631.43439
651.15543,432,7632.252509
493.207014,432,7633.059504
104.341802,432,7633.92711
694.485916,432,7634.778034
507.171226,432,7636.06035
662.225296,432,7636.887205
311.39203,432,7637.66629
540.44435,432,7638.348827
791.138985,432,7638.829871
712.406714,432,7639.318014
718.61285,432,7639.799784
362.829635,432,7640.315359
72.880163,432,7641.267254
620.24365,432,7642.17018
527.946632,432,7643.048482
284.463887,432,7643.912528
538.058685,432,7644.763891
188.430604,432,7646.004034
480.696731,432,7646.869193
436.449605,432,7647.635612
245.465198,432,7648.395768
209.098908,432,7649.205046
273.767392,432,7650.082871
140.192861,432,7650.931841
616.113382,432,7651.828086
490.961576,432,7652.658844
452.975891,432,7653.419947
576.319678,432,7654.214364
353.193874,432,7655.082292
349.155009,432,7656.339494
206.153683,432,7657.203456
523.647176,432,7658.054801
427.441099,432,7658.919964
438.376691,432,7659.758818
592.544492,432,7660.519237
389.394057,432,7661.276922
521.148557,432,7662.172609
296.547113,432,7663.03951
330.611375,432,7663.871515
718.143074,432,7664.635696
673.634696,432,7665.395614
453.204644,432,7666.673833
606.934851,432,7667.556659
607.452055,432,7668.429863
193.704407,432,7669.301578
462.757402,432,7670.16276
597.750822,432,7671.012757
466.019226,432,7671.771871
739.310436,432,7672.533864
193.457823,432,7673.427836
1.503362,432,7674.277669
616.245272,432,7675.13676
583.830843,432,7676.018043
698.574858,432,7677.315322
235.911181,432,7678.187474
456.365478,432,7679.067256
628.736391,432,7679.920905
280.564814,432,7680.780771
624.614969,432,7681.538591
612.976146,432,7682.310481
559.032545,432,7683.133268
474.174844,432,7683.994273
286.552518,432,7684.87307
490.784614,432,7685.717204
639.481184,432,7686.574688
544.939494,432,7687.877328
508.473921,432,7688.760699
693.910938,432,7689.589845
291.167055,432,7690.434291
561.181635,432,7691.308809
570.278709,432,7692.062254
473.801074,432,7692.798751
406.688088,432,7693.634481
543.075829,432,7694.526267
593.783726,432,7695.382874
-262.224113,432,7696.233857
679.745652,432,7697.035194
473.318013,432,7698.170347
570.84894,432,7699.081746
17.535021,432,7699.96051
501.083774,432,7700.730126
684.438726,432,7701.496574
398.027853,432,7702.336294
599.583087,432,7703.203125
452.904492,432,7704.121994
202.530711,432,7705.012755
180.033912,432,7705.822736
594.375334,432,7706.595435
501.015275,432,7707.380014
495.381932,432,7708.635045
525.682382,432,7709.530977
48.016549,432,7710.397705
567.32337,432,7711.266797
35.463027,432,7712.133752
648.755649,432,7712.892708
751.969965,432,7713.660538
551.228475,432,7714.497754
666.847579,432,7715.253835
780.769434,432,7715.719694
781.756231,432,7716.184907
769.273639,432,7716.669396
718.510204,432,7717.197893
428.057479,432,7718.143339
674.419914,432,7719.512225
515.846085,432,7720.386895
495.87781,432,7721.250471
601.978579,432,7722.10764
691.74526,432,7722.96914
637.380595,432,7723.862672
445.295541,432,7724.692562
577.694497,432,7725.476583
742.509542,432,7726.237079
408.915069,432,7727.124201
468.919927,432,7727.997687
687.206135,432,7729.263556
629.304962,432,7730.126921
654.97824,432,7730.986926
565.625695,432,7731.87481
582.15099,432,7732.747413
323.38098,432,7733.589878
526.526911,432,7734.459236
649.704099,432,7735.321146
249.40018,432,7736.197258
486.629666,432,7736.99609
412.804094,432,7737.820664
384.041638,432,7738.734618
547.622517,432,7740.134096
578.713595,432,7741.030805
591.504044,432,7741.898665
498.454231,432,7742.753322
483.390924,432,7743.648397
588.165217,432,7744.502231
545.203689,432,7745.293646
562.727616,432,7746.066607
495.199406,432,7746.874955
484.273293,432,7747.743407
418.322935,432,7748.599682
143.091467,432,7749.476098
456.901602,432,7750.72747
512.345001,432,7751.518115
-130.818497,432,7752.277766
645.626355,432,7753.065434
464.668656,432,7753.950866
678.745145,432,7754.843721
483.992322,432,7755.67178
738.002776,432,7756.43825
622.276585,432,7757.240127
560.87019,432,7758.112955
56.040585,432,7758.95629
567.452822,432,7759.801107
676.709358,432,7761.07687
580.721863,432,7761.931667
421.416861,432,7762.736388
605.884491,432,7763.508721
474.472456,432,7764.317347
467.424921,432,7765.186201
549.55026,432,7766.057765
412.253388,432,7766.942866
406.876672,432,7767.806289
578.01311,432,7768.616284
547.726054,432,7769.378586
343.215059,432,7770.15979
569.553358,432,7771.400517
441.317412,432,7772.304062
438.565241,432,7773.15306
614.532563,432,7774.029608
673.615373,432,7774.87005
374.135693,432,7775.684433
411.60466,432,7776.438532
734.331092,432,7777.229782
234.434235,432,7778.101491
446.846798,432,7778.962684
389.346661,432,7779.839963
569.29663,432,7780.697285
682.06215,432,7781.984982
760.774121,432,7782.863815
543.576006,432,7783.705615
394.509292,432,7784.571523
535.902384,432,7785.456823
334.793505,432,7786.302648
595.094074,432,7787.057214
606.561709,432,7787.820242
468.055181,432,7788.6567
423.979441,432,7789.517797
133.685669,432,7790.383241
673.431823,432,7791.265488
479.579435,432,7792.514933
599.774069,432,7793.277053
652.140547,432,7793.731802
722.676388,432,7794.203404
699.500158,432,7794.662458
550.36321,432,7795.14922
172.512255,432,7796.11137
618.487773,432,7797.043722
559.542005,432,7797.883913
586.777912,432,7798.683786
562.311151,432,7799.449784
379.731369,432,7800.260801
596.937665,432,7801.135439
627.271372,432,7802.429551
480.896584,432,7803.317766
674.656451,432,7804.175688
144.375401,432,7805.023368
590.986768,432,7805.887466
646.610061,432,7806.709143
625.844684,432,7807.464377
557.390389,432,7808.229834
402.66758,432,7809.089905
609.549506,432,7809.967761
233.673652,432,7810.829764
403.36323,432,7811.697731
436.267549,432,7812.97565
232.314637,432,7813.817168
587.51823,432,7814.613435
466.405311,432,7815.369808
696.650827,432,7816.187764
452.199329,432,7817.078795
257.770092,432,7817.95582
102.077317,432,7818.766824
498.839251,432,7819.533742
546.569206,432,7820.3504
629.358179,432,7821.239039
199.475565,432,7822.069079
580.886334,432,7823.228282
519.156991,432,7824.067801
488.325313,432,7824.962373
134.897047,432,7825.777081
637.086796,432,7826.532678
562.787528,432,7827.343225
416.076043,432,7828.201658
473.285715,432,7829.097121
478.763676,432,7829.978244
585.060634,432,7830.877877
641.160648,432,7831.638848
586.720441,432,7832.394862
497.754066,432,7833.57817
503.93695,432,7834.517716
666.409612,432,7835.387919
253.940002,432,7836.262998
632.040355,432,7837.129972
223.595507,432,7837.983737
741.725839,432,7838.822989
109.55894,432,7839.63002
192.630359,432,7840.406287
603.695038,432,7841.183831
536.694128,432,7842.063469
376.148639,432,7842.941184
11.430482,432,7844.178389
567.610953,432,7845.049523
609.194038,432,7845.885923
453.473438,432,7846.761829
538.35601,432,7847.630397
491.446324,432,7848.48601
555.610857,432,7849.338226
601.496188,432,7850.195824
607.395788,432,7851.083957
700.690051,432,7851.94649
464.114076,432,7852.759034
580.766872,432,7853.531482
660.758707,432,7854.691497
377.628233,432,7855.643126
552.114928,432,7856.516117
569.918127,432,7857.380217
521.720472,432,7858.261049
742.877558,432,7859.100641
487.34518,432,7859.913971
170.496572,432,7860.685793
606.31675,432,7861.480741
422.524484,432,7862.35747
475.903018,432,7863.223204
712.974105,432,7864.105999
383.294802,432,7865.318243
496.341925,432,7866.079363
725.00656,432,7866.969945
545.416191,432,7867.831776
449.993094,432,7868.707353
492.048108,432,7869.522022
696.885622,432,7870.2011
757.244609,432,7870.633174
594.044897,432,7871.063189
656.424933,432,7871.531063
548.208593,432,7872.05522
260.293942,432,7872.999828
630.728324,432,7873.910475
732.194505,432,7874.78928
574.104616,432,7875.588536
433.074603,432,7876.334246
580.450637,432,7877.126311
302.360942,432,7878.404302
383.75293,432,7879.313566
172.20385,432,7880.182183
609.929222,432,7881.064717
466.939344,432,7881.920763
478.015144,432,7882.761413
627.795085,432,7883.523228
264.237134,432,7884.283926
590.414595,432,7885.1459
352.204241,432,7886.01608
456.741232,432,7886.882303
101.423333,432,7887.75697
519.544245,432,7888.987314
682.838736,432,7889.834225
677.809132,432,7890.602238
481.457942,432,7891.364482
151.610784,432,7892.197166
403.906431,432,7893.0778
537.493479,432,7893.949734
644.400955,432,7894.787066
567.118795,432,7895.648065
647.69703,432,7896.497308
394.295758,432,7897.40995
459.083505,432,7898.300416
421.587616,432,7899.59933
738.795983,432,7900.454118
716.912982,432,7901.312007
553.368648,432,7902.181263
274.993231,432,7902.979378
681.270877,432,7903.745851
15.262471,432,7904.566201
658.392589,432,7905.421894
253.372128,432,7906.286816
619.636151,432,7907.166009
644.651366,432,7908.001835
385.891537,432,7908.872406
590.88952,432,7910.160923
102.62768,432,7911.029906
454.317481,432,7911.833399
419.426574,432,7912.58469
552.511967,432,7913.386379
630.361745,432,7914.256308
698.770854,432,7915.113677
496.929862,432,7915.994268
549.419199,432,7916.873465
475.131319,432,7917.737929
420.349057,432,7918.631366
667.527001,432,7919.532469
470.536036,432,7920.965718
657.657629,432,7921.848735
527.328469,432,7922.701603
433.995384,432,7923.563319
305.67771,432,7924.355563
290.519913,432,7925.128753
388.769767,432,7925.933553
460.290156,432,7926.80215
542.385563,432,7927.684165
637.415052,432,7928.544731
183.168487,432,7929.396405
681.828365,432,7930.231737
642.465241,432,7931.516511
415.362891,432,7932.428722
349.725935,432,7933.279963
107.785557,432,7934.1437
605.02011,432,7935.005223
705.423471,432,7935.874248
621.577382,432,7936.741038
517.760198,432,7937.602806
674.619631,432,7938.460094
487.978465,432,7939.331873
589.714594,432,7940.193778
445.919438,432,7941.063742
422.402296,432,7942.313987
498.217502,432,7943.167625
367.853697,432,7943.952624
549.462756,432,7944.731581
576.26048,432,7945.541858
438.95203,432,7946.423599
482.292077,432,7947.196913
657.198072,432,7947.878794
690.610028,432,7948.310569
454.491651,432,7948.775885
654.227041,432,7949.256788
595.499443,432,7949.786564
595.773193,432,7950.746538
320.153056,432,7952.128022
610.348934,432,7952.968557
729.477821,432,7953.808635
282.810792,432,7954.674021
621.549148,432,7955.540323
583.993716,432,7956.331616
262.999048,432,7957.090275
420.228342,432,7957.888156
636.206821,432,7958.765831
678.455957,432,7959.622676
467.353294,432,7960.505233
628.641223,432,7961.368963
262.603878,432,7962.583535
500.91873,432,7963.461013
479.27179,432,7964.326789
443.062395,432,7965.14922
691.024304,432,7965.923423
482.14422,432,7966.677453
414.227231,432,7967.561241
479.06976,432,7968.448196
418.671752,432,7969.315965
333.779813,432,7970.193669
395.982932,432,7971.034945
444.776929,432,7971.918239
665.706826,432,7973.189509
506.476303,432,7974.061035
421.883878,432,7974.930146
688.913239,432,7975.800426
620.507688,432,7976.689931
472.756467,432,7977.567741
645.238134,432,7978.318139
518.106331,432,7979.081265
633.063879,432,7979.914112
531.310652,432,7980.797681
602.693957,432,7981.691406
397.594184,432,7982.56413
623.441686,432,7983.866389
476.569921,432,7984.73296
526.296421,432,7985.586467
232.505009,432,7986.459922
507.09348,432,7987.323522
651.841883,432,7988.165499
240.530626,432,7988.90645
705.466202,432,7989.674517
107.335786,432,7990.523523
383.978109,432,7991.3868
573.759308,432,7992.266065
115.476733,432,7993.112659
505.70649,432,7994.261639
404.512804,432,7995.102261
654.609871,432,7995.964206
644.062663,432,7996.834352
493.01801,432,7997.738731
545.316118,432,7998.597575
651.414682,432,7999.353665
578.882448,432,8000.102303
473.594239,432,8000.997703
517.77334,432,8001.841437
460.380103,432,8002.712007
490.777773,432,8003.578956
417.299515,432,8004.822109
536.693759,432,8005.675882
444.88901,432,8006.548008
290.310705,432,8007.405507
523.223804,432,8008.196479
290.132452,432,8008.957812
665.704424,432,8009.779517
445.400979,432,8010.63895
558.662037,432,8011.524883
739.415047,432,8012.400201
650.317456,432,8013.276846
329.317086,432,8014.1357
407.107125,432,8015.362611
497.589456,432,8016.121141
335.4069,432,8016.975363
614.20264,432,8017.845736
269.422743,432,8018.743689
573.829467,432,8019.581991
565.451031,432,8020.3339
460.759962,432,8021.101252
475.098243,432,8021.951724
396.796425,432,8022.81674
496.743462,432,8023.68911
498.060509,432,8024.516755
243.393789,432,8025.625673
761.325359,432,8026.1114
674.445484,432,8026.613171
447.649276,432,8027.153584
733.046389,432,8027.690588
580.295507,432,8028.686203
342.751417,432,8029.618507
673.188354,432,8030.4246
625.858185,432,8031.185969
312.110349,432,8031.976926
701.814629,432,8032.862107
660.798715,432,8033.75187
684.442043,432,8034.64392
668.561793,432,8035.933084
466.775517,432,8036.783449
572.657164,432,8037.645756
528.674699,432,8038.510629
483.741097,432,8039.390043
570.983072,432,8040.178297
674.659069,432,8040.923712
683.496082,432,8041.748689
54.894587,432,8042.615066
603.477083,432,8043.506585
543.700306,432,8044.361247
92.25673,432,8045.196376
460.660184,432,8046.433084
469.178629,432,8047.312052
303.466112,432,8048.177294
595.66398,432,8048.98095
66.68055,432,8049.747069
396.364112,432,8050.546116
198.565252,432,8051.418444
581.381212,432,8052.317389
568.387006,432,8053.198903
610.815508,432,8053.997739
460.994214,432,8054.749809
628.170892,432,8055.528114
357.385225,432,8056.829361
594.883492,432,8057.753011
561.628252,432,8058.635559
500.182654,432,8059.488826
646.120445,432,8060.259393
698.374319,432,8061.011143
443.293656,432,8061.881187
225.000369,432,8062.753688
637.083748,432,8063.63659
764.215861,432,8064.49601
757.742835,432,8065.352573
628.927364,432,8066.214494
438.318777,432,8067.455179
645.162115,432,8068.328275
574.233411,432,8069.18372
421.853493,432,8070.023455
495.713788,432,8070.800941
660.189676,432,8071.548249
254.1091,432,8072.454002
574.418488,432,8073.250569
562.881529,432,8074.023404
587.346403,432,8074.81036
440.435436,432,8075.664701
691.372014,432,8076.535847
320.642237,432,8077.816522
539.024206,432,8078.648795
361.590747,432,8079.413615
610.802415,432,8080.180434
347.363472,432,8081.065308
365.764758,432,8081.91105
622.334144,432,8082.774719
458.114783,432,8083.638007
725.988341,432,8084.501907
681.357876,432,8085.273405
453.764661,432,8086.023468
500.633642,432,8086.849766
407.777847,432,8088.120389
658.090134,432,8088.998224
680.716486,432,8089.865527
605.613086,432,8090.711662
45.941126,432,8091.576698
562.209815,432,8092.431632
605.997496,432,8093.196543
625.759155,432,8093.950508
-17.670673,432,8094.76798
650.489728,432,8095.655295
460.410784,432,8096.504041
611.5042,432,8097.364433
396.786323,432,8098.657155
660.253905,432,8099.518229
280.187274,432,8100.419944
739.742968,432,8101.389329
528.969866,432,8102.265874
630.837992,432,8103.020225
748.758714,432,8103.4545
684.691085,432,8103.877123
740.373161,432,8104.335658
633.594994,432,8104.812274
447.292836,432,8105.786794
586.291705,432,8107.156911
518.047726,432,8108.055297
400.932161,432,8108.919371
258.523564,432,8109.765691
127.987219,432,8110.608912
620.120906,432,8111.464156
478.647722,432,8112.230539
747.521559,432,8112.995206
277.457937,432,8113.836731
346.606941,432,8114.714524
604.139773,432,8116.023135
666.608504,432,8116.873821
440.005963,432,8117.766312
368.499795,432,8118.603122
604.572234,432,8119.485154
738.996321,432,8120.356183
587.23352,432,8121.206787
577.783729,432,8122.065443
208.079614,432,8122.932295
605.431591,432,8123.776527
775.932897,432,8124.622095
740.133046,432,8125.464215
-7.583906,432,8126.720867
777.091874,432,8127.57957
472.465787,432,8128.452134
579.944502,432,8129.317666
464.447745,432,8130.183205
659.69857,432,8131.048778
444.859081,432,8131.903374
411.34539,432,8132.775677
721.626576,432,8133.646169
667.134266,432,8134.494047
420.820483,432,8135.338917
393.585413,432,8136.102214
659.349001,432,8137.210175
718.920397,432,8138.169551
432.98414,432,8139.044906
666.44246,432,8139.914986
246.321821,432,8140.769449
782.525625,432,8141.537869
689.169567,432,8142.290858
648.340821,432,8143.179106
418.663046,432,8144.069588
515.460171,432,8144.935555
462.174592,432,8145.802891
457.282006,432,8146.629654
109.432467,432,8147.756022
517.95639,432,8148.620631
133.186195,432,8149.480792
432.184548,432,8150.360229
616.710487,432,8151.246267
671.070811,432,8152.096347
504.316233,432,8152.94719
176.20491,432,8153.798067
608.117062,432,8154.571541
738.282949,432,8155.33177
560.965203,432,8156.186657
566.457416,432,8157.061485
512.85189,432,8158.318719
622.948399,432,8159.202531
231.255885,432,8160.071331
727.930504,432,8160.944065
470.830197,432,8161.733853
421.248091,432,8162.475828
394.690077,432,8163.271467
708.387445,432,8164.14022
344.271498,432,8165.029913
411.195878,432,8165.899217
590.457136,432,8166.687664
398.265507,432,8167.457207
514.431343,432,8168.596701
552.302606,432,8169.548149
280.815255,432,8170.428479
411.21739,432,8171.303289
776.599936,432,8172.194307
619.982206,432,8173.058615
-96.141577,432,8173.905263
543.396219,432,8174.754571
610.2217,432,8175.60733
373.70702,432,8176.366961
698.394805,432,8177.139428
513.209202,432,8178.015016
447.901849,432,8179.254243
575.867456,432,8180.148527
640.211228,432,8180.913274
563.551356,432,8181.372588
760.603525,432,8181.820994
548.959287,432,8182.286925
537.113984,432,8182.776856
655.288343,432,8183.701319
445.396992,432,8184.614995
606.917582,432,8185.475026
500.05404,432,8186.389151
347.467613,432,8187.2572
371.356964,432,8188.127281
673.88018,432,8188.998801
582.90122,432,8189.863374
602.061379,432,8190.714966
470.702172,432,8191.570736
448.696598,432,8192.714603
674.425319,432,8193.498562
653.39654,432,8194.353302
552.931558,432,8195.219812
688.649798,432,8196.095654
453.593511,432,8196.957577
318.850988,432,8197.81469
592.447508,432,8198.587431
557.980413,432,8199.361168
667.351463,432,8200.183709
78.464123,432,8201.05288
603.720212,432,8201.929344
413.493069,432,8203.179306
680.861577,432,8203.98931
424.106718,432,8204.756254
194.540749,432,8205.537384
592.853668,432,8206.418014
374.146524,432,8207.277065
551.299127,432,8208.164031
701.9618,432,8209.030533
282.857024,432,8209.878277
533.446169,432,8210.665745
294.410381,432,8211.407768
485.052721,432,8212.223652
437.063807,432,8213.470761
655.854209,432,8214.351923
246.433312,432,8215.244152
488.647622,432,8216.100094
108.815619,432,8217.00462
257.308322,432,8217.862717
740.209207,432,8218.715413
631.642143,432,8219.47505
675.183409,432,8220.250964
438.089738,432,8221.094302
547.982601,432,8221.956197
218.311645,432,8222.842663
540.150881,432,8224.080986
388.041533,432,8224.93036
702.874562,432,8225.732118
193.808075,432,8226.496533
672.05584,432,8227.305642
129.379283,432,8228.182855
744.028724,432,8229.033623
679.358294,432,8229.908291
441.126384,432,8230.781205
543.60147,432,8231.640658
200.109013,432,8232.518469
586.5462,432,8233.369005
637.976251,432,8234.581378
162.364195,432,8235.396538
586.167876,432,8236.257555
571.166474,432,8237.151439
147.218816,432,8237.951263
690.099301,432,8238.717512
350.532184,432,8239.549536
341.379322,432,8240.396687
459.33468,432,8241.272075
692.391137,432,8242.135924
659.030613,432,8243.023569
643.405147,432,8243.84705
560.89396,432,8244.954351
104.622916,432,8245.800234
590.060429,432,8246.666241
394.553082,432,8247.569827
237.099201,432,8248.457446
500.790953,432,8249.314386
585.297711,432,8250.181312
411.351933,432,8250.982844
672.74287,432,8251.74446
731.115353,432,8252.54052
436.601006,432,8253.396697
698.189083,432,8254.276468
540.058444,432,8255.531217
380.398243,432,8256.41551
710.107116,432,8257.296397
617.494127,432,8258.051531
561.878182,432,8258.525403
421.026219,432,8258.997872
575.779562,432,8259.487176
734.282588,432,8259.969042
613.207136,432,8260.878619
527.62601,432,8261.784899
-73.730699,432,8262.544377
483.48086,432,8263.29846
491.78821,432,8264.166548
662.403946,432,8265.456632
531.165611,432,8266.370664
647.506321,432,8267.164418
498.204046,432,8267.937875
410.741332,432,8268.777206
194.868092,432,8269.63464
498.673861,432,8270.487934
449.891809,432,8271.373551
544.089146,432,8272.231506
754.751371,432,8273.066196
247.214436,432,8273.820319
648.827207,432,8274.586306
675.657011,432,8275.890177
569.500861,432,8276.764977
645.320007,432,8277.631713
571.337746,432,8278.479218
426.748394,432,8279.37723
692.158457,432,8280.241953
612.923128,432,8281.089464
300.500075,432,8281.988304
626.532908,432,8282.931394
202.034893,432,8283.82233
698.110555,432,8284.758466
365.246131,432,8285.57939
408.991719,432,8286.728711
618.808901,432,8287.57419
610.040469,432,8288.465245
355.159141,432,8289.357903
503.200949,432,8290.240549
398.178557,432,8291.099116
-38.822214,432,8291.881749
578.247179,432,8292.654637
495.291697,432,8293.482629
-69.12027,432,8294.35148
561.820668,432,8295.214291
557.933876,432,8296.07888
619.713571,432,8297.36726
509.455286,432,8298.240732
530.55034,432,8299.103772
326.736192,432,8299.982713
505.887199,432,8300.783184
515.864521,432,8301.538189
664.516451,432,8302.34212
562.863299,432,8303.213109
537.171285,432,8304.084662
373.513115,432,8304.950394
776.742174,432,8305.811813
544.490081,432,8306.656278
388.618098,432,8307.885003
567.944304,432,8308.762903
564.223431,432,8309.615272
443.750356,432,8310.448922
305.755048,432,8311.21382
364.803182,432,8311.98085
762.560448,432,8312.839835
390.216378,432,8313.718693
686.811512,432,8314.617357
476.731538,432,8315.488883
512.139342,432,8316.330527
456.920708,432,8317.18715
508.400855,432,8318.424342
152.920677,432,8319.291154
269.034108,432,8320.083017
584.677794,432,8320.844438
147.755309,432,8321.666157
548.222812,432,8322.534224
534.043923,432,8323.422409
462.556279,432,8324.34609
601.568158,432,8325.114042
69.659005,432,8325.872622
418.253587,432,8326.702505
585.8621,432,8327.601339
561.292112,432,8328.884895
468.477846,432,8329.713483
501.052201,432,8330.476732
482.362003,432,8331.238257
623.680639,432,8332.130626
386.810255,432,8332.98927
744.830065,432,8333.838042
688.204761,432,8334.667277
761.37146,432,8335.345587
663.54959,432,8335.772277
724.612708,432,8336.211586
722.327205,432,8336.676657
708.75398,432,8337.157815
529.55991,432,8338.118062
430.401199,432,8339.452848
639.851897,432,8340.300751
198.588575,432,8341.073014
723.910773,432,8341.850988
663.74866,432,8342.707407
484.006878,432,8343.579149
467.032507,432,8344.447833
582.910382,432,8345.313477
602.938896,432,8346.086682
607.20753,432,8346.840098
692.917609,432,8347.674775
691.942007,432,8348.93959
534.020525,432,8349.808128
309.125889,432,8350.669556
756.33694,432,8351.521144
552.369554,432,8352.391094
680.942304,432,8353.238203
624.9231,432,8354.048186
528.846323,432,8354.812835
463.79043,432,8355.617684
490.842164,432,8356.47467
693.367489,432,8357.329393
471.418344,432,8358.178044
641.746288,432,8359.470828
154.55475,432,8360.337928
460.953687,432,8361.130737
531.519432,432,8361.889595
680.297313,432,8362.696109
543.867531,432,8363.576572
507.319033,432,8364.431216
613.570216,432,8365.278183
700.561713,432,8366.153396
735.857478,432,8366.988441
670.753648,432,8367.835523
585.942665,432,8368.700504
666.978195,432,8369.956973
615.391775,432,8370.817629
382.766862,432,8371.681912
583.522286,432,8372.555339
329.743423,432,8373.428856
614.428947,432,8374.280591
388.560774,432,8375.131743
491.187948,432,8375.999446
492.921088,432,8376.817677
467.321276,432,8377.581247
114.040753,432,8378.37765
742.923759,432,8379.231397
544.01554,432,8380.478732
698.267262,432,8381.369841
557.777096,432,8382.220491
680.588046,432,8383.074063
660.850039,432,8383.912807
544.614379,432,8384.673377
566.427251,432,8385.444373
456.58777,432,8386.302162
650.498353,432,8387.194262
556.321249,432,8387.969373
612.878276,432,8388.72889
553.454185,432,8389.59449
600.343859,432,8390.86995
326.39053,432,8391.740305
549.923878,432,8392.561035
724.256515,432,8393.31202
632.495429,432,8394.091783
727.97279,432,8394.987944
663.126883,432,8395.996827
554.658541,432,8396.95178
201.760896,432,8397.786232
628.276335,432,8398.551361
259.256099,432,8399.386154
770.40271,432,8400.280455
190.48734,432,8401.634941
-115.378034,432,8402.510545
622.438741,432,8403.310421
214.180574,432,8404.074755
623.403068,432,8404.888567
469.092754,432,8405.749293
654.86824,432,8406.612374
530.796371,432,8407.487333
452.086179,432,8408.382681
687.177952,432,8409.224356
531.945272,432,8409.980966
749.711134,432,8410.73576
606.885397,432,8412.001354
630.823599,432,8412.779204
787.542398,432,8413.246686
370.14019,432,8413.717852
754.632839,432,8414.21907
781.15137,432,8414.773271
176.405073,432,8415.764119
685.615185,432,8416.698071
792.961937,432,8417.589809
420.719879,432,8418.462722
389.730531,432,8419.304397
619.202889,432,8420.167744
20.337161,432,8421.018594
528.847786,432,8422.275037
524.915612,432,8423.128933
317.995151,432,8423.986951
578.749228,432,8424.851432
591.589697,432,8425.702478
587.129913,432,8426.551314
433.941672,432,8427.313928
625.031821,432,8428.066147
200.445821,432,8428.914428
471.761347,432,8429.779874
456.922026,432,8430.681939
574.602574,432,8431.531911
652.445561,432,8432.680329
573.954276,432,8433.507609
735.859548,432,8434.36867
731.495966,432,8435.223901
192.424892,432,8436.127871
664.299352,432,8436.972777
613.357478,432,8437.841993
624.244446,432,8438.689781
234.021317,432,8439.565821
520.042905,432,8440.424927
638.328388,432,8441.182646
293.190007,432,8441.944132
225.911068,432,8443.118355
657.479054,432,8444.037354
746.401076,432,8444.927972
204.005579,432,8445.785033
578.580421,432,8446.668148
408.723108,432,8447.517617
738.905347,432,8448.380474
516.469696,432,8449.229213
495.115714,432,8450.005841
647.226428,432,8450.769267
656.714346,432,8451.567974
717.294881,432,8452.449916
247.85502,432,8453.724506
452.953699,432,8454.612429
515.038421,432,8455.464543
589.908738,432,8456.224844
529.28489,432,8456.998006
675.735083,432,8457.880671
522.122253,432,8458.761183
355.35675,432,8459.61917
151.981137,432,8460.45839
230.209538,432,8461.228521
764.083948,432,8461.991257
308.166952,432,8462.849948
437.854227,432,8464.194548
632.678497,432,8465.183446
495.717673,432,8466.080514
547.864328,432,8467.014443
711.445252,432,8467.890911
698.381917,432,8468.76389
270.47253,432,8469.562112
670.445762,432,8470.33617
589.467242,432,8471.141277
87.032429,432,8472.006773
423.229888,432,8472.877786
616.943951,432,8473.748801
53.696903,432,8474.987447
598.455444,432,8475.850911
148.024727,432,8476.696209
627.479986,432,8477.567892
681.429591,432,8478.4186
323.16052,432,8479.278736
655.371351,432,8480.046633
568.502416,432,8480.815704
228.998067,432,8481.681034
741.209709,432,8482.550178
403.216376,432,8483.420919
645.479137,432,8484.284805
626.280668,432,8485.556419
272.619383,432,8486.413479
457.908601,432,8487.268128
324.285748,432,8488.086688
452.072266,432,8488.856419
217.191927,432,8489.636524
621.227593,432,8490.388506
693.598165,432,8490.872792
560.377726,432,8491.365404
314.722767,432,8491.863429
442.294966,432,8492.390771
266.326445,432,8493.361577
705.198174,432,8494.28302
124.084559,432,8495.496976
310.866686,432,8496.30406
372.449862,432,8497.063434
625.618028,432,8497.844932
699.179771,432,8498.730009
562.961106,432,8499.607501
542.523395,432,8500.477867
244.89451,432,8501.320932
545.026144,432,8502.160511
599.696899,432,8502.914772
519.46297,432,8503.677184
746.902306,432,8504.557946
368.872275,432,8505.802978
725.420183,432,8506.679065
415.003199,432,8507.544667
621.02186,432,8508.39992
786.619768,432,8509.268096
714.785809,432,8510.104486
491.473143,432,8510.87253
467.189704,432,8511.635725
570.896146,432,8512.487717
247.921692,432,8513.33934
749.754683,432,8514.206209
633.85676,432,8515.092097
675.511094,432,8516.377445
614.489398,432,8517.23075
336.908949,432,8518.063672
374.211029,432,8518.833206
678.3159,432,8519.619607
258.982796,432,8520.483515
652.4197,432,8521.339622
514.4935,432,8522.222201
644.721347,432,8523.106653
483.48125,432,8523.884448
637.933719,432,8524.656408
357.690349,432,8525.471889
745.846333,432,8526.747573
636.726083,432,8527.611619
78.832518,432,8528.484127
628.909632,432,8529.344137
487.231332,432,8530.11547
706.141733,432,8530.870608
659.494975,432,8531.731238
642.87979,432,8532.66125
478.20553,432,8533.52525
525.634815,432,8534.377404
503.611909,432,8535.230636
624.104051,432,8535.995287
104.171561,432,8537.120059
265.579494,432,8538.089592
699.643442,432,8538.980705
669.189572,432,8539.868145
475.686437,432,8540.738786
690.926162,432,8541.618348
473.549098,432,8542.472719
577.750349,432,8543.313571
642.950279,432,8544.178718
607.487077,432,8545.013063
360.253544,432,8545.777095
628.516965,432,8546.538949
392.827028,432,8547.830287
174.450877,432,8548.727944
707.702974,432,8549.613591
482.70828,432,8550.487462
674.424735,432,8551.365247
527.350077,432,8552.117326
566.023132,432,8552.881813
592.574764,432,8553.732258
714.729423,432,8554.625957
699.062643,432,8555.500971
430.415013,432,8556.358
504.380337,432,8557.216774
473.58036,432,8558.349826
52.530458,432,8559.170385
565.060879,432,8560.03103
621.309743,432,8560.911262
560.602033,432,8561.767568
519.042853,432,8562.524094
628.31812,432,8563.29636
462.364646,432,8564.155941
558.144312,432,8565.02922
610.108563,432,8565.884874
548.846272,432,8566.749192
544.237604,432,8567.505375
770.031066,432,8568.055706
535.889872,432,8568.839692
765.98734,432,8569.324592
747.055133,432,8569.81166
13.903596,432,8570.775738
454.454532,432,8571.713727
534.233896,432,8572.531187
559.285685,432,8573.293711
638.687031,432,8574.065327
687.012475,432,8574.945796
190.143607,432,8575.851088
568.224986,432,8576.696656
57.78611,432,8577.469784
587.440012,432,8578.511085
710.879654,432,8579.484869
618.187883,432,8580.36224
684.339357,432,8581.224823
739.08677,432,8582.003601
370.304627,432,8582.76146
497.965096,432,8583.606491
500.224847,432,8584.481985
629.108019,432,8585.363011
521.574602,432,8586.239463
471.394169,432,8587.001922
599.021501,432,8587.765446
643.211262,432,8588.986184
131.73101,432,8589.88193
210.681761,432,8590.766778
270.512156,432,8591.655302
486.91526,432,8592.511135
606.222976,432,8593.268375
697.738716,432,8594.031259
250.271148,432,8594.886092
403.853891,432,8595.768209
582.921519,432,8596.62774
663.577997,432,8597.515786
564.188649,432,8598.375165
410.021437,432,8599.621115
705.420908,432,8600.498592
631.903697,432,8601.346272
570.321279,432,8602.213891
142.65941,432,8603.068522
525.760162,432,8603.841977
210.517187,432,8604.602536
549.591415,432,8605.417578
626.191729,432,8606.303172
516.490995,432,8607.164658
622.666251,432,8608.032969
585.85367,432,8608.897199
259.827331,432,8610.180602
568.878151,432,8611.030374
407.04841,432,8611.869353
463.667357,432,8612.741334
622.974118,432,8613.621932
281.146337,432,8614.491542
528.842426,432,8615.262286
487.110618,432,8616.001985
210.717132,432,8616.830528
430.578559,432,8617.69798
509.960782,432,8618.571493
587.508622,432,8619.437659
663.254527,432,8620.737359
506.316534,432,8621.595577
521.341876,432,8622.464571
536.293825,432,8623.323602
491.364152,432,8624.20007
598.810807,432,8625.051789
277.017937,432,8625.816429
642.455051,432,8626.580296
644.37067,432,8627.441195
554.662253,432,8628.320155
704.37965,432,8629.185359
489.693796,432,8630.055751
692.485112,432,8631.283545
387.414687,432,8632.120351
618.356208,432,8632.98325
276.421843,432,8633.840699
371.238782,432,8634.657038
560.786219,432,8635.411154
201.54742,432,8636.204706
379.750016,432,8637.091974
544.5451,432,8637.968451
216.248065,432,8638.828078
415.12424,432,8639.686304
516.093202,432,8640.532321
385.912873,432,8641.789448
474.263089,432,8642.636073
119.665253,432,8643.487489
721.055425,432,8644.286121
579.622496,432,8644.985089
769.476383,432,8645.425834
670.378517,432,8645.89818
623.199952,432,8646.421881
721.32748,432,8647.005625
616.533247,432,8647.956602
653.696899,432,8649.41449
614.650082,432,8650.248651
774.428251,432,8651.012204
590.386489,432,8651.819366
573.931804,432,8652.687412
481.629766,432,8653.588448
442.617511,432,8654.472023
240.446323,432,8655.341662
488.045715,432,8656.212717
472.624169,432,8657.049394
503.582036,432,8657.821238
400.251011,432,8658.901458
270.881293,432,8659.879195
121.685321,432,8660.782501
649.699093,432,8661.656545
515.533958,432,8662.474376
398.329802,432,8663.235953
665.592485,432,8664.030467
699.748405,432,8664.900159
557.497734,432,8665.769724
599.100726,432,8666.669414
336.9575,432,8667.528349
485.320181,432,8668.432338
629.483432,432,8669.713865
546.365024,432,8670.567301
726.781269,432,8671.412006
264.828485,432,8672.280203
585.656042,432,8673.13164
286.534988,432,8673.918008
574.009704,432,8674.673592
420.897377,432,8675.489146
206.510999,432,8676.382905
502.288784,432,8677.240644
595.516245,432,8678.102032
548.625277,432,8678.951365
461.997154,432,8680.265529
619.101774,432,8681.124281
190.931203,432,8681.96477
692.897886,432,8682.830349
569.976622,432,8683.681584
307.051529,432,8684.446498
355.953676,432,8685.19905
532.147296,432,8686.052253
441.623167,432,8686.933666
670.768499,432,8687.811736
591.54984,432,8688.690165
661.989072,432,8689.58254
169.684027,432,8690.823139
680.391691,432,8691.584688
704.933105,432,8692.453081
220.601288,432,8693.334151
762.678993,432,8694.21617
758.286407,432,8695.085774
197.174465,432,8695.952118
766.542297,432,8696.819465
585.753747,432,8697.688593
395.986998,432,8698.503014
679.405142,432,8699.258533
545.994062,432,8700.03383
485.648534,432,8701.261809
554.979982,432,8702.198744
704.614911,432,8703.078195
371.804656,432,8703.936383
96.158939,432,8704.703073
304.275404,432,8705.458111
656.930641,432,8706.295249
529.764407,432,8707.192219
326.447469,432,8708.054636
468.250286,432,8708.818833
245.764524,432,8709.569519
744.598175,432,8710.451014
288.022788,432,8711.735274
551.667162,432,8712.593575
491.291445,432,8713.360475
278.131891,432,8714.129648
694.547158,432,8715.029942
725.225377,432,8715.896189
221.257057,432,8716.758484
394.188327,432,8717.661924
602.772684,432,8718.537966
179.4587,432,8719.420758
431.382124,432,8720.285587
436.776624,432,8721.132559
284.865495,432,8722.413518
685.028394,432,8723.172769
541.472873,432,8723.638563
667.156083,432,8724.108779
559.731164,432,8724.589684
738.178769,432,8725.073118
481.629758,432,8725.989861
447.032918,432,8726.932581
483.287292,432,8727.806677
626.893816,432,8728.580972
251.401918,432,8729.342021
482.349243,432,8730.178636
513.414832,432,8731.062286
345.369885,432,8732.325028
295.198462,432,8733.199665
556.705051,432,8733.970173
209.125188,432,8734.734563
618.68577,432,8735.578653
786.496005,432,8736.450068
722.484656,432,8737.305715
542.939675,432,8738.174975
360.443132,432,8739.070561
620.644342,432,8739.892966
405.413688,432,8740.741585
644.956581,432,8741.534454
674.901249,432,8742.645872
205.623527,432,8743.594625
519.391571,432,8744.48458
341.366698,432,8745.366828
339.42072,432,8746.231631
184.826714,432,8747.071728
707.379419,432,8747.830837
715.617152,432,8748.591423
161.632942,432,8749.449381
574.073398,432,8750.322937
160.672363,432,8751.1888
575.004138,432,8752.071215
459.515737,432,8753.314472
381.163571,432,8754.107968
501.369305,432,8754.868434
275.653588,432,8755.678021
489.868228,432,8756.551937
231.400528,432,8757.415062
529.211908,432,8758.298293
262.752269,432,8759.165813
591.554553,432,8760.052012
740.211243,432,8760.89147
200.612887,432,8761.741494
631.812014,432,8762.556873
597.936175,432,8763.692265
446.94281,432,8764.563512
738.952311,432,8765.430689
589.582528,432,8766.341476
391.753503,432,8767.230389
589.918721,432,8768.087004
588.659137,432,8768.952085
483.437827,432,8769.803734
618.204931,432,8770.5718
749.954763,432,8771.325393
700.506857,432,8772.144652
592.150731,432,8773.034791
573.758517,432,8774.378607
653.386145,432,8775.263874
483.166547,432,8776.069076
232.702473,432,8776.822803
436.919578,432,8777.661944
470.128421,432,8778.514365
375.13226,432,8779.381995
551.912957,432,8780.267514
627.850888,432,8781.156801
589.53703,432,8782.013711
480.091348,432,8782.86459
559.683765,432,8783.74025
392.620185,432,8784.97492
687.444636,432,8785.818865
290.687661,432,8786.684064
573.844456,432,8787.555787
760.795447,432,8788.38071
522.629623,432,8789.14462
471.699602,432,8789.930682
356.077458,432,8790.794889
508.202625,432,8791.672846
415.033763,432,8792.51728
51.50536,432,8793.387417
602.702709,432,8794.272313
87.559976,432,8795.555779
415.006284,432,8796.414124
620.122033,432,8797.272975
493.574231,432,8798.136332
539.06975,432,8798.90108
658.697148,432,8799.677837
754.87858,432,8800.38922
763.233536,432,8800.872251
412.226309,432,8801.354112
790.96896,432,8801.85729
653.87015,432,8802.391957
614.245329,432,8803.363672
387.407228,432,8804.265719
623.577203,432,8805.127748
538.770395,432,8805.890481
309.359924,432,8806.64455
527.332975,432,8807.528579
511.508922,432,8808.764575
412.139155,432,8809.638274
467.288147,432,8810.495809
407.300062,432,8811.352781
617.714506,432,8812.233846
532.015165,432,8813.002483
739.868647,432,8813.756242
390.57346,432,8814.584057
568.708668,432,8815.461654
707.532251,432,8816.309183
232.83131,432,8817.150757
426.63606,432,8818.004714
527.706479,432,8819.282777
781.247548,432,8820.162333
676.155775,432,8820.9344
621.058639,432,8821.687365
558.568059,432,8822.556169
565.116573,432,8823.42538
732.488367,432,8824.288445
521.132589,432,8825.165619
274.809921,432,8826.024264
118.281644,432,8826.902192
474.59216,432,8827.773682
603.367493,432,8828.755278
591.773325,432,8830.06957
482.855223,432,8830.932206
608.522318,432,8831.819476
340.344227,432,8832.732406
677.355565,432,8833.512378
586.048857,432,8834.270108
398.799312,432,8835.089403
606.441872,432,8835.977351
670.99827,432,8836.849323
689.72275,432,8837.759751
539.782265,432,8838.623303
302.18018,432,8839.406832
651.173912,432,8840.521624
767.678518,432,8841.467093
207.991427,432,8842.348612
609.218667,432,8843.221774
556.266955,432,8844.085335
258.739349,432,8844.956137
402.054386,432,8845.82838
599.72976,432,8846.640753
632.456295,432,8847.401592
481.796707,432,8848.173519
485.885302,432,8849.037894
633.109035,432,8849.922634
85.988169,432,8851.150002
552.510827,432,8852.002853
495.041179,432,8852.863884
627.17649,432,8853.732752
691.596263,432,8854.595693
542.17346,432,8855.445622
287.602285,432,8856.303646
551.024081,432,8857.163828
450.915143,432,8858.028836
307.364151,432,8858.881285
412.632578,432,8859.74039
506.129676,432,8860.595273
740.570102,432,8861.850191
545.096757,432,8862.713517
539.463788,432,8863.497524
530.563395,432,8864.263055
489.005101,432,8865.116656
718.22279,432,8865.970458
462.195579,432,8866.855451
599.081566,432,8867.699807
620.206305,432,8868.468786
420.363852,432,8869.230959
600.834819,432,8870.083117
683.872484,432,8870.958505
485.837733,432,8872.249503
145.132627,432,8873.129421
428.147027,432,8873.991129
670.799312,432,8874.854119
289.626511,432,8875.746931
573.930238,432,8876.581666
497.882531,432,8877.340599
548.600666,432,8878.030905
127.577636,432,8878.485728
708.278121,432,8878.95634
778.700238,432,8879.432668
722.75631,432,8879.957747
444.872114,432,8880.918406
535.194426,432,8882.24765
492.765201,432,8883.116292
532.930943,432,8883.980957
761.717411,432,8884.839266
713.52651,432,8885.713252
508.238417,432,8886.548701
439.607987,432,8887.302597
681.174135,432,8888.073885
346.902473,432,8888.950394
463.642371,432,8889.807901
335.622182,432,8890.688113
586.584881,432,8891.554978
538.900733,432,8892.811893
528.416829,432,8893.646668
413.518992,432,8894.506322
657.618646,432,8895.351062
482.30229,432,8896.216857
-1.940271,432,8897.02235
367.674597,432,8897.780392
584.842213,432,8898.581771
728.713459,432,8899.44899
689.541156,432,8900.318538
311.705392,432,8901.189773
609.378354,432,8902.054188
200.459913,432,8903.173786
694.251757,432,8903.995982
605.316192,432,8904.849671
739.157569,432,8905.721984
310.029252,432,8906.58566
614.152635,432,8907.437846
361.698121,432,8908.224601
711.205017,432,8908.983696
527.512713,432,8910.184599
500.858595,432,8911.105813
658.424348,432,8911.986679
773.965359,432,8912.849335
600.770077,432,8913.700745
340.497453,432,8914.568334
468.948014,432,8915.353553
59.996155,432,8916.123551
746.892496,432,8916.934368
196.63697,432,8917.799572
349.858978,432,8918.652785
235.184215,432,8919.532254
490.888249,432,8920.821442
172.744917,432,8921.687032
756.906379,432,8922.524046
635.674323,432,8923.385707
-42.891514,432,8924.285516
549.185764,432,8925.157058
316.610622,432,8926.016414
694.731803,432,8926.837563
378.280093,432,8927.611088
667.350636,432,8928.396998
555.714921,432,8929.269722
453.425905,432,8930.124715
724.920507,432,8931.402776
454.45901,432,8932.270976
558.954712,432,8933.140949
753.228939,432,8933.999176
572.034807,432,8934.772692
209.027275,432,8935.529021
424.625251,432,8936.352008
692.013059,432,8937.219954
332.899709,432,8938.088312
719.277568,432,8938.975082
83.912795,432,8939.840162
381.150465,432,8940.73109
442.594512,432,8941.942728
323.013718,432,8942.795865
626.294828,432,8943.675493
650.11617,432,8944.551725
556.611605,432,8945.418673
167.887315,432,8946.270083
415.565997,432,8947.128743
552.874298,432,8947.999267
458.982499,432,8948.77865
587.596971,432,8949.540629
484.596938,432,8950.385177
598.034367,432,8951.256364
481.464979,432,8952.535775
651.44482,432,8953.424388
770.487922,432,8954.28598
691.469649,432,8955.154049
706.652039,432,8955.916572
217.729667,432,8956.389974
520.466229,432,8956.858773
735.446599,432,8957.35338
570.555624,432,8957.831011
454.779429,432,8958.72523
645.612245,432,8959.682994
479.655215,432,8960.449757
517.266373,432,8961.222357
345.239939,432,8962.472155
662.63187,432,8963.36676
645.725744,432,8964.249619
685.845257,432,8965.111424
518.013655,432,8965.885484
676.239899,432,8966.636718
345.986312,432,8967.487945
495.735971,432,8968.361878
61.939653,432,8969.248101
563.185858,432,8970.123621
535.341713,432,8970.980163
589.158942,432,8971.859141
562.482001,432,8973.024078
605.011929,432,8973.816688
662.575414,432,8974.689271
661.676924,432,8975.563027
704.882925,432,8976.463974
728.037807,432,8977.331825
476.481879,432,8978.174425
509.473421,432,8979.038787
732.328797,432,8979.831865
596.913953,432,8980.583304
530.733953,432,8981.381774
169.179789,432,8982.242779
571.217213,432,8983.523631
603.105748,432,8984.418823
663.495501,432,8985.282959
720.203076,432,8986.149733
603.098557,432,8987.003857
200.317765,432,8987.828246
176.528749,432,8988.58868
741.310351,432,8989.384321
341.821243,432,8990.269017
746.358151,432,8991.132637
572.437559,432,8991.995392
378.847778,432,8992.865946
615.037282,432,8994.115952
681.05903,432,8994.87969
303.619831,432,8995.635782
642.436014,432,8996.454658
250.534797,432,8997.322989
443.146454,432,8998.182482
565.34055,432,8999.040459
440.19415,432,8999.881569
568.075683,432,9000.66127
765.244075,432,9001.421542
673.307056,432,9002.257695
609.799476,432,9003.134905
340.729403,432,9004.349795
586.058715,432,9005.229485
57.255899,432,9006.086535
676.857122,432,9006.945361
417.935392,432,9007.730997
389.186308,432,9008.483112
626.640793,432,9009.345797
765.521339,432,9010.316144
377.46218,432,9011.236695
319.277224,432,9012.166364
629.933132,432,9013.018238
626.490299,432,9013.825363
373.765667,432,9014.95371
405.226289,432,9015.839008
767.850187,432,9016.723003
431.883835,432,9017.63434
513.729254,432,9018.517391
169.500426,432,9019.382971
657.242603,432,9020.25199
524.254702,432,9021.090024
752.746879,432,9021.86817
565.389461,432,9022.632546
577.585187,432,9023.506754
329.808687,432,9024.368382
526.373028,432,9025.677734
636.577776,432,9026.534137
420.59172,432,9027.400575
597.421797,432,9028.216221
440.044926,432,9028.986249
588.248773,432,9029.784817
310.994084,432,9030.636195
532.015624,432,9031.501864
651.679619,432,9032.39748
568.653446,432,9033.137611
334.489045,432,9033.599641
654.144554,432,9034.05495
757.643809,432,9034.520952
682.993325,432,9034.993015
311.895639,432,9035.900113
205.584217,432,9037.208096
696.674318,432,9038.075505
549.652462,432,9038.948402
348.367551,432,9039.814503
708.713282,432,9040.642263
429.705045,432,9041.415094
690.647032,432,9042.195659
301.405353,432,9043.049882
242.773354,432,9043.919248
272.036159,432,9044.802163
596.185771,432,9046.07566
233.470576,432,9046.941432
519.158614,432,9047.828489
666.906028,432,9048.667471
627.617714,432,9049.435194
89.148405,432,9050.199589
99.543782,432,9051.060102
681.098188,432,9051.933772
216.428644,432,9052.837099
517.277541,432,9053.717547
550.159387,432,9054.571707
420.184055,432,9055.416763
411.187665,432,9056.697877
711.879205,432,9057.55314
556.748829,432,9058.410088
712.914136,432,9059.272688
359.830239,432,9060.144392
493.000618,432,9060.916534
297.295117,432,9061.677406
632.558951,432,9062.51261
286.448531,432,9063.384156
147.437095,432,9064.252203
471.7033,432,9065.128718
425.770474,432,9066.003297
670.524576,432,9067.239408
569.708691,432,9068.115527
699.727103,432,9068.965435
758.28977,432,9069.808993
572.991094,432,9070.681933
581.129978,432,9071.524865
675.801369,432,9072.28399
80.289486,432,9073.048861
503.483314,432,9073.897631
174.970705,432,9074.752088
600.309805,432,9075.619275
98.28543,432,9076.489367
641.153924,432,9077.803129
647.857654,432,9078.665889
443.942347,432,9079.535906
567.034365,432,9080.369314
638.914436,432,9081.147273
563.360741,432,9081.923433
316.996305,432,9082.784373
756.408233,432,9083.666058
535.783161,432,9084.902727
298.653225,432,9085.777335
451.917733,432,9086.641549
510.767389,432,9087.448955
278.548249,432,9088.221571
628.746973,432,9089.009482
460.844635,432,9089.911865
594.416697,432,9090.781698
629.963222,432,9091.681096
602.966012,432,9092.43715
624.730624,432,9093.19113
584.703628,432,9094.043009
28.057333,432,9095.324637
480.494962,432,9096.19929
580.283571,432,9096.989548
472.973073,432,9097.756088
593.516254,432,9098.588685
754.954389,432,9099.453028
482.75455,432,9100.33165
490.185518,432,9101.166064
751.664248,432,9101.918741
81.06256,432,9102.685405
624.733754,432,9103.550195
156.459244,432,9104.414565
410.010424,432,9105.696413
559.378711,432,9106.579616
446.497649,432,9107.440033
680.295029,432,9108.271939
277.398473,432,9109.04709
422.408206,432,9109.80781
635.728249,432,9110.552738
781.052059,432,9111.01315
633.210933,432,9111.472566
682.935593,432,9111.950333
648.249099,432,9112.482182
429.393959,432,9113.447656
743.390875,432,9114.379191
600.188431,432,9115.152289
385.926893,432,9115.906099
428.84302,432,9116.757779
389.369075,432,9117.598954
661.871436,432,9118.881758
565.117137,432,9119.752524
98.671205,432,9120.519685
205.771992,432,9121.299844
755.524666,432,9122.142461
152.043567,432,9122.998203
682.249826,432,9123.861871
646.329085,432,9124.639541
676.464916,432,9125.411484
428.796736,432,9126.245887
471.783593,432,9127.118381
376.32848,432,9127.970946
617.502171,432,9129.140942
484.88099,432,9129.963289
522.258197,432,9130.84542
455.164766,432,9131.699401
461.80082,432,9132.622886
418.128509,432,9133.433158
584.841528,432,9134.191473
542.034939,432,9134.982552
510.563594,432,9135.863072
554.991481,432,9136.728388
377.371934,432,9137.513034
473.488705,432,9138.287468
534.754251,432,9139.503729
497.888661,432,9140.42271
740.082018,432,9141.23529
126.334322,432,9142.002377
