,Unnamed: 0,means,vars,durations,episode_reward
0,0,2.420448064804077,4.590234756469727,38.44303797468354,2.420448064804077
1,1,2.457845687866211,6.208985328674316,60.86,2.457845687866211
2,2,1.9296971559524536,3.183378934860229,32.526881720430104,1.9296971559524536
3,3,1.9862626791000368,4.549651622772217,69.88372093023256,1.9862626791000368
4,4,2.01423454284668,2.9527084827423096,79.13157894736842,2.01423454284668
5,5,1.278716206550598,1.4557950496673584,84.35135135135135,1.278716206550598
6,6,1.976106882095337,3.754403114318848,71.53488372093024,1.976106882095337
7,7,2.056938886642456,2.400179862976074,49.98360655737705,2.056938886642456
8,8,2.4016170501708984,4.169686317443848,83.83333333333333,2.4016170501708984
9,9,1.956030368804932,3.02634334564209,69.02272727272727,1.956030368804932
10,10,1.8958501815795896,4.113448143005371,98.125,1.8958501815795896
11,11,2.000370740890503,2.321115493774414,88.2,2.000370740890503
12,12,2.4295408725738525,7.125839710235596,92.57575757575758,2.4295408725738525
13,13,2.07210111618042,5.6508989334106445,101.03333333333332,2.07210111618042
14,14,2.0612576007843018,4.029888153076172,90.37142857142857,2.0612576007843018
15,15,2.2275490760803223,3.949905395507813,65.25531914893617,2.2275490760803223
16,16,1.981534719467163,2.7341020107269287,104.82758620689656,1.981534719467163
17,17,2.0566256046295166,4.586001396179199,62.54166666666666,2.0566256046295166
18,18,2.18493914604187,3.2066335678100586,101.33333333333331,2.18493914604187
19,19,2.114292860031128,4.370210647583008,81.89473684210526,2.114292860031128
20,20,2.658856153488159,6.631405353546143,73.7560975609756,2.658856153488159
21,21,2.086703300476074,3.681254148483277,65.6304347826087,2.086703300476074
22,22,2.189223051071167,5.673052310943604,112.5,2.189223051071167
23,23,2.172545909881592,4.147851467132568,76.02380952380952,2.172545909881592
24,24,2.298673391342163,5.885560035705566,73.71428571428571,2.298673391342163
25,25,1.973647952079773,4.517350196838379,65.08333333333333,1.973647952079773
26,26,2.639225482940674,6.628427028656006,78.0,2.639225482940674
27,27,2.038936138153076,3.854647636413574,82.8108108108108,2.038936138153076
28,28,2.213923692703247,3.767462491989136,90.31428571428572,2.213923692703247
29,29,2.6897568702697754,7.103458881378174,75.275,2.6897568702697754
30,30,2.2540829181671143,3.960928678512573,93.9090909090909,2.2540829181671143
31,31,2.039060354232788,2.553015947341919,76.90243902439025,2.039060354232788
32,32,1.9793176651000977,4.852406978607178,94.90625,1.9793176651000977
33,33,1.6832351684570312,2.6193408966064453,89.23529411764706,1.6832351684570312
34,34,1.875261068344116,2.9421274662017822,93.9375,1.875261068344116
35,35,1.8314297199249268,2.8133342266082764,102.12903225806453,1.8314297199249268
36,36,2.429237365722656,6.477333068847656,76.925,2.429237365722656
37,37,2.31412124633789,3.7710680961608887,81.51282051282051,2.31412124633789
38,38,2.5341367721557617,5.565703868865967,87.22857142857143,2.5341367721557617
39,39,2.174306869506836,5.314136505126953,65.28260869565217,2.174306869506836
40,40,2.243828296661377,5.683173179626465,74.16666666666667,2.243828296661377
41,41,1.448883295059204,1.534294366836548,80.23076923076923,1.448883295059204
42,42,2.1739213466644287,4.611610412597656,78.325,2.1739213466644287
43,43,2.151997327804565,5.942650318145752,85.19444444444444,2.151997327804565
44,44,2.7807509899139404,8.059043884277344,84.80555555555556,2.7807509899139404
45,45,1.734832763671875,3.8989646434783936,104.75862068965516,1.734832763671875
46,46,2.555900812149048,5.730662345886231,90.31428571428572,2.555900812149048
47,47,2.3822178840637207,6.190702438354492,86.0,2.3822178840637207
48,48,2.325638771057129,5.233855724334717,95.0625,2.325638771057129
49,49,2.365238904953003,5.786971092224121,69.83720930232558,2.365238904953003
50,50,2.454578399658203,7.730599880218506,89.74285714285715,2.454578399658203
51,51,2.5466315746307373,6.7710676193237305,77.2051282051282,2.5466315746307373
52,52,2.197974920272827,4.527537345886231,64.34042553191489,2.197974920272827
53,53,2.2921414375305176,5.692099094390869,97.48387096774194,2.2921414375305176
54,54,2.421673536300659,6.388823986053467,90.74285714285716,2.421673536300659
55,55,2.513557910919189,7.233500480651855,115.25925925925924,2.513557910919189
56,56,2.4299464225769043,4.736171245574951,68.77777777777777,2.4299464225769043
57,57,2.1996641159057617,3.0571508407592773,101.56666666666666,2.1996641159057617
58,58,1.5811549425125122,1.9551491737365725,104.82758620689656,1.5811549425125122
59,59,2.540274381637573,9.031707763671877,85.82857142857142,2.540274381637573
60,60,1.9238451719284055,4.147642612457275,90.17142857142858,1.9238451719284055
61,61,2.337303400039673,5.208039283752441,88.77142857142857,2.337303400039673
62,62,2.4259121417999268,4.175707817077637,90.08571428571427,2.4259121417999268
63,63,3.252337455749512,8.529653549194336,114.8148148148148,3.252337455749512
64,64,1.9391260147094729,4.909499168395996,74.66666666666667,1.9391260147094729
65,65,2.433051347732544,4.3363189697265625,86.13513513513513,2.433051347732544
66,66,2.109654426574707,4.216114521026611,76.36585365853658,2.109654426574707
67,67,2.7780885696411133,6.220656394958496,103.73333333333332,2.7780885696411133
68,68,1.7507145404815674,4.153168678283691,101.73333333333332,1.7507145404815674
69,69,2.541260242462158,6.648374080657959,75.54761904761905,2.541260242462158
70,70,2.8755528926849365,5.678300857543945,113.92592592592592,2.8755528926849365
71,71,2.903704643249512,9.43122100830078,101.93548387096774,2.903704643249512
72,72,2.262558460235596,4.115795612335205,113.35714285714286,2.262558460235596
73,73,2.4504435062408447,6.5810546875,138.5,2.4504435062408447
74,74,2.259805917739868,7.5731916427612305,96.48484848484848,2.259805917739868
75,75,2.6176400184631348,8.773721694946289,85.91666666666667,2.6176400184631348
76,76,2.498293876647949,8.287528038024902,117.29629629629628,2.498293876647949
77,77,1.59575092792511,3.4534032344818115,104.36666666666666,1.59575092792511
78,78,2.2866878509521484,5.463022708892822,79.02631578947368,2.2866878509521484
79,79,2.873617172241211,7.7171220779418945,122.8,2.873617172241211
80,80,2.016833782196045,3.933639764785767,78.075,2.016833782196045
81,81,2.9205784797668457,9.535148620605469,104.55172413793105,2.9205784797668457
82,82,2.2310001850128174,7.099996566772461,113.51851851851852,2.2310001850128174
83,83,1.867408275604248,5.039731979370117,88.29411764705883,1.867408275604248
84,84,3.2029409408569336,9.397723197937012,98.25806451612904,3.2029409408569336
85,85,1.8406147956848145,4.717010974884033,88.61111111111111,1.8406147956848145
86,86,3.242908477783203,10.652379989624023,110.67857142857144,3.242908477783203
87,87,2.8558309078216557,8.761469841003418,97.16129032258064,2.8558309078216557
88,88,2.829294204711914,10.234237670898438,132.54166666666666,2.829294204711914
89,89,2.611443281173706,8.195597648620605,92.67647058823528,2.611443281173706
90,90,3.5141873359680176,9.503301620483398,110.85714285714286,3.5141873359680176
91,91,2.528479814529419,6.513800621032715,92.27272727272728,2.528479814529419
92,92,2.615987777709961,7.192852973937988,90.97142857142858,2.615987777709961
93,93,3.27988600730896,8.623055458068848,85.47222222222223,3.27988600730896
94,94,3.1178653240203857,10.772828102111816,86.85714285714286,3.1178653240203857
95,95,3.775552034378052,12.165366172790527,115.92307692307692,3.775552034378052
96,96,1.88192880153656,3.9520888328552246,78.475,1.88192880153656
97,97,2.137969493865967,6.450394630432129,90.22857142857144,2.137969493865967
98,98,3.277366399765014,8.906610488891602,65.93617021276596,3.277366399765014
99,99,2.683159589767456,8.28061294555664,81.1891891891892,2.683159589767456
100,100,3.079518318176269,8.701417922973633,72.4090909090909,3.079518318176269
101,101,4.006189823150635,13.174006462097168,111.60714285714286,4.006189823150635
102,102,3.015190362930298,9.50581169128418,68.22222222222223,3.015190362930298
103,103,2.880847930908203,9.762103080749512,85.88571428571429,2.880847930908203
104,104,2.9162542819976807,8.08148193359375,73.86046511627907,2.9162542819976807
105,105,3.4731578826904297,12.373762130737305,84.05263157894737,3.4731578826904297
106,106,3.492269992828369,14.248245239257812,80.3076923076923,3.492269992828369
107,107,2.8361494541168213,10.031569480895996,71.0,2.8361494541168213
108,108,2.397337913513184,7.360996723175049,87.55555555555556,2.397337913513184
109,109,3.0605170726776123,10.244335174560549,62.54166666666666,3.0605170726776123
110,110,3.151164054870605,8.96955394744873,72.52272727272727,3.151164054870605
111,111,3.336987972259521,11.27561092376709,63.18,3.336987972259521
112,112,2.2523303031921387,7.284718036651611,75.69047619047619,2.2523303031921387
113,113,2.7280592918396,7.915744781494141,48.903225806451616,2.7280592918396
114,114,3.5952954292297363,10.721719741821287,63.3,3.5952954292297363
115,115,3.290501832962036,10.381366729736328,70.37209302325581,3.290501832962036
116,116,2.600715160369873,9.550755500793455,54.54385964912281,2.600715160369873
117,117,3.5380964279174805,14.197409629821776,83.36111111111111,3.5380964279174805
118,118,2.8772900104522705,10.217918395996094,55.4,2.8772900104522705
119,119,3.48435378074646,9.096429824829102,59.8235294117647,3.48435378074646
120,120,2.9167819023132324,9.211215019226074,58.61111111111112,2.9167819023132324
121,121,3.28187108039856,9.302931785583496,52.75438596491228,3.28187108039856
122,122,3.280425310134888,9.99270725250244,52.49152542372882,3.280425310134888
123,123,3.5657193660736084,11.668368339538574,51.54838709677419,3.5657193660736084
124,124,3.5033929347991943,12.29865837097168,55.10909090909091,3.5033929347991943
125,125,3.252880573272705,12.70511245727539,48.38709677419355,3.252880573272705
126,126,3.860341787338257,10.799606323242188,56.01851851851852,3.860341787338257
127,127,3.4770166873931885,11.646719932556152,43.114285714285714,3.4770166873931885
128,128,3.5666375160217285,10.069690704345703,48.46774193548387,3.5666375160217285
129,129,2.864276885986328,9.59875202178955,39.22077922077922,2.864276885986328
130,130,2.959669351577759,9.953502655029297,37.03703703703704,2.959669351577759
131,131,3.890459299087525,13.001547813415527,56.72222222222222,3.890459299087525
132,132,4.4629807472229,12.676292419433594,53.660714285714285,4.4629807472229
133,133,3.708527088165283,12.176136016845703,44.816901408450704,3.708527088165283
134,134,4.350945949554443,14.02836799621582,58.388888888888886,4.350945949554443
135,135,3.731184244155884,10.78670883178711,47.15625,3.731184244155884
136,136,3.629883527755737,13.24553680419922,53.12280701754386,3.629883527755737
137,137,3.5330066680908203,12.756322860717772,46.72058823529412,3.5330066680908203
138,138,3.2190849781036377,11.687332153320312,49.11111111111112,3.2190849781036377
139,139,4.5598626136779785,15.433303833007812,75.36585365853658,4.5598626136779785
140,140,3.67770266532898,15.4114408493042,64.33333333333333,3.67770266532898
141,141,4.708308696746826,12.319376945495604,71.08888888888889,4.708308696746826
142,142,3.881929874420166,11.176573753356934,59.31372549019608,3.881929874420166
143,143,3.938262939453125,14.494524002075195,65.3695652173913,3.938262939453125
144,144,4.829237461090088,13.28028964996338,88.51428571428572,4.829237461090088
145,145,4.473560333251953,14.357397079467772,77.15384615384616,4.473560333251953
146,146,4.072086811065674,12.988141059875488,68.20454545454545,4.072086811065674
147,147,3.8429324626922607,12.781486511230469,52.03278688524591,3.8429324626922607
148,148,3.870833396911621,11.48003101348877,58.37735849056604,3.870833396911621
149,149,3.3654768466949463,11.53499698638916,51.89655172413793,3.3654768466949463
150,150,3.987230062484741,13.693095207214355,62.224489795918366,3.987230062484741
151,151,4.040427207946777,14.635316848754885,61.96,4.040427207946777
152,152,3.319093942642212,9.438135147094728,45.20289855072464,3.319093942642212
153,153,3.564659357070923,13.95696258544922,52.71666666666667,3.564659357070923
154,154,3.7585489749908447,9.518118858337402,50.11111111111112,3.7585489749908447
155,155,4.159944534301758,11.497690200805664,69.83720930232558,4.159944534301758
156,156,4.7590651512146,12.291043281555176,78.95,4.7590651512146
157,157,4.016689777374268,11.664228439331056,65.26086956521739,4.016689777374268
158,158,4.099327087402344,14.651299476623535,73.09302325581395,4.099327087402344
159,159,4.268448829650879,15.705172538757324,83.52777777777777,4.268448829650879
160,160,4.415440082550049,14.3659029006958,79.12820512820512,4.415440082550049
161,161,3.65962553024292,14.252732276916504,66.1086956521739,3.65962553024292
162,162,4.342752933502197,12.320586204528809,75.4,4.342752933502197
163,163,4.19403886795044,13.785948753356934,67.06521739130434,4.19403886795044
164,164,4.380804538726807,12.573081970214844,62.42,4.380804538726807
165,165,5.501833915710449,13.543407440185549,79.3,5.501833915710449
166,166,5.100005626678467,11.477616310119627,82.94594594594595,5.100005626678467
167,167,5.361656665802002,15.399491310119627,98.25,5.361656665802002
168,168,5.548640251159668,13.09572982788086,111.03571428571428,5.548640251159668
169,169,5.772580623626709,17.02274513244629,111.92592592592592,5.772580623626709
170,170,4.452328681945801,14.27287769317627,82.71052631578948,4.452328681945801
171,171,4.291332721710205,15.326165199279783,77.15384615384616,4.291332721710205
172,172,5.230174541473389,13.75151824951172,89.65714285714286,5.230174541473389
173,173,4.934629917144775,12.242758750915527,82.89189189189189,4.934629917144775
174,174,4.796487808227539,12.77575969696045,103.86206896551724,4.796487808227539
175,175,5.142702579498291,10.896225929260254,91.21212121212122,5.142702579498291
176,176,5.337710380554199,14.286412239074709,97.6774193548387,5.337710380554199
177,177,6.5936384201049805,14.951350212097168,151.05,6.5936384201049805
178,178,4.863637924194336,14.67505168914795,99.41935483870968,4.863637924194336
179,179,5.032430171966553,15.185742378234863,115.74074074074076,5.032430171966553
180,180,5.277163028717041,15.10777473449707,103.6,5.277163028717041
181,181,4.992819786071777,12.09268569946289,132.45833333333334,4.992819786071777
182,182,7.08558988571167,9.399194717407228,168.83333333333334,7.08558988571167
183,183,6.402504920959473,14.024718284606934,149.33333333333334,6.402504920959473
184,184,6.533948421478272,12.217418670654297,131.29166666666666,6.533948421478272
185,185,8.018869400024414,7.78665018081665,151.35,8.018869400024414
186,186,6.148747444152832,13.421818733215332,124.04,6.148747444152832
187,187,7.680240631103516,9.055434226989746,145.57142857142858,7.680240631103516
188,188,8.44015121459961,5.299200057983398,155.95,8.44015121459961
189,189,7.6198883056640625,7.033437252044678,157.89473684210526,7.6198883056640625
190,190,7.017602920532227,13.455456733703612,152.23809523809524,7.017602920532227
191,191,7.996780395507812,10.677700996398926,150.45,7.996780395507812
192,192,7.501741409301758,12.03093433380127,137.0,7.501741409301758
193,193,7.604915142059326,16.025388717651367,143.61904761904762,7.604915142059326
194,194,7.147066116333008,11.74443244934082,168.11111111111111,7.147066116333008
195,195,8.238039016723633,6.31129264831543,151.45,8.238039016723633
196,196,8.252250671386719,8.09052848815918,179.2941176470588,8.252250671386719
197,197,7.2273406982421875,13.47978401184082,151.42857142857142,7.2273406982421875
198,198,7.810537815093994,8.818106651306152,180.94117647058823,7.810537815093994
199,199,7.05686092376709,9.611686706542969,144.52380952380952,7.05686092376709
200,200,7.416360378265381,15.94103717803955,155.9,7.416360378265381
201,201,8.694780349731445,6.885851860046387,188.375,8.694780349731445
202,202,7.7264723777771,8.183695793151855,156.6,7.7264723777771
203,203,7.113450527191162,8.170833587646484,140.3181818181818,7.113450527191162
204,204,8.134285926818848,9.093706130981444,153.35,8.134285926818848
205,205,8.87417221069336,1.9892878532409668,183.94117647058823,8.87417221069336
206,206,6.641373634338379,11.04428005218506,158.75,6.641373634338379
207,207,7.715779781341553,9.72093391418457,151.4,7.715779781341553
208,208,8.742413520812988,5.635807514190674,180.11764705882354,8.742413520812988
209,209,8.62796688079834,7.631675243377685,155.45,8.62796688079834
210,210,8.812507629394531,2.971499443054199,163.47368421052633,8.812507629394531
211,211,8.639039993286133,5.274697780609131,167.11111111111111,8.639039993286133
212,212,8.180198669433594,9.67475414276123,172.0,8.180198669433594
213,213,8.505459785461426,8.692625045776367,168.05555555555554,8.505459785461426
214,214,8.838225364685059,6.639557838439941,155.75,8.838225364685059
215,215,8.626866340637207,9.030401229858398,176.66666666666666,8.626866340637207
216,216,8.320670127868652,10.30589771270752,167.44444444444446,8.320670127868652
217,217,7.0807390213012695,13.756282806396484,143.0909090909091,7.0807390213012695
218,218,9.061918258666992,4.498072147369385,159.05263157894737,9.061918258666992
219,219,9.210332870483398,3.266321420669556,172.33333333333334,9.210332870483398
220,220,7.035690307617188,10.306572914123535,139.4090909090909,7.035690307617188
221,221,8.756507873535156,4.96809196472168,179.64705882352942,8.756507873535156
222,222,8.072200775146484,12.99787712097168,176.83333333333334,8.072200775146484
223,223,8.073776245117188,11.370546340942385,159.1,8.073776245117188
224,224,7.439837455749512,11.801445960998535,154.75,7.439837455749512
225,225,8.317272186279297,6.617048740386963,171.55555555555554,8.317272186279297
226,226,7.750827312469482,8.809406280517578,164.21052631578948,7.750827312469482
227,227,6.896814346313477,9.90544319152832,158.94736842105263,6.896814346313477
228,228,8.817509651184082,5.8001790046691895,170.72222222222223,8.817509651184082
229,229,7.24702787399292,9.148821830749512,161.8421052631579,7.24702787399292
230,230,8.846341133117676,6.399081707000732,188.75,8.846341133117676
231,231,7.831944942474365,6.548686981201172,177.0,7.831944942474365
232,232,8.882207870483398,4.8155035972595215,189.6875,8.882207870483398
233,233,8.52635669708252,7.262208938598633,184.35294117647055,8.52635669708252
234,234,8.796805381774902,5.311170101165772,181.52941176470588,8.796805381774902
235,235,8.74158763885498,6.316111564636231,172.0,8.74158763885498
236,236,8.559333801269531,4.95227575302124,179.1764705882353,8.559333801269531
237,237,7.128871917724609,12.378085136413574,160.42105263157896,7.128871917724609
238,238,8.408806800842285,7.799088001251221,145.0952380952381,8.408806800842285
239,239,9.289229393005373,4.106457233428955,163.94736842105263,9.289229393005373
240,240,8.0486478805542,10.98084545135498,178.76470588235293,8.0486478805542
241,241,7.655059814453125,10.902044296264648,154.95,7.655059814453125
242,242,7.869911193847656,7.198975563049316,170.16666666666666,7.869911193847656
243,243,7.231280326843262,12.653419494628906,149.28571428571428,7.231280326843262
244,244,9.310559272766112,3.65310263633728,190.4375,9.310559272766112
245,245,8.168639183044434,7.877563953399658,178.52941176470588,8.168639183044434
246,246,7.904366970062256,12.756806373596191,150.1,7.904366970062256
247,247,7.832988262176514,8.814810752868652,145.9047619047619,7.832988262176514
248,248,8.572391510009766,6.112764835357666,147.85714285714286,8.572391510009766
249,249,9.360751152038574,3.711095809936523,166.72222222222223,9.360751152038574
250,250,8.408967971801758,4.213245868682861,174.77777777777777,8.408967971801758
251,251,8.753213882446289,7.929361343383789,188.375,8.753213882446289
252,252,8.329452514648438,9.44032096862793,178.52941176470588,8.329452514648438
253,253,9.205187797546388,5.907106399536133,158.5,9.205187797546388
254,254,8.714115142822266,6.053268909454346,185.11764705882356,8.714115142822266
255,255,8.180910110473633,6.770616054534912,158.45,8.180910110473633
256,256,7.227110385894775,10.624855995178224,161.3684210526316,7.227110385894775
257,257,9.57848072052002,2.365753173828125,174.22222222222223,9.57848072052002
258,258,8.53014087677002,10.451377868652344,171.55555555555554,8.53014087677002
259,259,8.834132194519043,6.3771796226501465,182.11764705882356,8.834132194519043
260,260,8.971983909606934,8.729169845581055,167.44444444444446,8.971983909606934
261,261,8.225987434387207,10.317861557006836,151.05,8.225987434387207
262,262,7.989582061767578,6.972524166107178,176.47058823529412,7.989582061767578
263,263,8.02130126953125,11.726165771484377,169.94444444444446,8.02130126953125
264,264,8.70170783996582,6.318023681640625,188.0,8.70170783996582
265,265,9.256939888000488,5.144629955291748,179.41176470588235,9.256939888000488
266,266,8.814048767089844,5.40167236328125,179.41176470588235,8.814048767089844
267,267,9.018699645996094,3.512315511703491,189.625,9.018699645996094
268,268,9.032852172851562,6.082770347595215,172.16666666666666,9.032852172851562
269,269,7.570863246917725,6.889862537384033,143.76190476190476,7.570863246917725
270,270,8.866384506225586,5.291801929473877,157.55,8.866384506225586
271,271,8.228986740112305,8.944790840148926,171.0,8.228986740112305
272,272,8.33476734161377,10.790008544921877,173.72222222222223,8.33476734161377
273,273,8.60888671875,10.320043563842772,167.88888888888889,8.60888671875
274,274,7.454917430877685,10.843441009521484,146.28571428571428,7.454917430877685
275,275,7.877698421478271,9.149425506591797,170.16666666666666,7.877698421478271
276,276,8.853989601135254,6.174920558929443,186.35294117647055,8.853989601135254
277,277,8.033393859863281,10.781736373901367,168.05555555555554,8.033393859863281
278,278,7.69650411605835,8.349701881408691,138.9090909090909,7.69650411605835
279,279,8.088499069213867,9.502174377441406,157.2,8.088499069213867
280,280,8.030794143676758,9.699856758117676,147.52380952380952,8.030794143676758
281,281,9.060656547546388,4.938422203063965,167.21052631578948,9.060656547546388
282,282,9.964401245117188,1.3164160251617432,200.0,9.964401245117188
283,283,8.459715843200684,5.7218756675720215,158.78947368421052,8.459715843200684
284,284,8.594863891601562,1.9171234369277956,166.77777777777777,8.594863891601562
285,285,7.790504455566406,8.892023086547852,158.15,7.790504455566406
286,286,8.346878051757812,7.840763092041016,171.55555555555554,8.346878051757812
287,287,9.704776763916016,2.288172006607056,187.2941176470588,9.704776763916016
288,288,9.007452964782717,6.744943141937256,181.35294117647055,9.007452964782717
289,289,9.056160926818848,7.040579319000244,173.77777777777777,9.056160926818848
290,290,8.881596565246582,6.154101848602295,178.88235294117646,8.881596565246582
291,291,9.129934310913086,7.458042144775391,188.875,9.129934310913086
292,292,8.217674255371094,7.535421848297119,166.89473684210526,8.217674255371094
293,293,7.5945143699646,10.68199348449707,147.38095238095238,7.5945143699646
294,294,8.586811065673828,9.056501388549805,163.21052631578948,8.586811065673828
295,295,9.127745628356934,5.162937641143799,183.64705882352945,9.127745628356934
296,296,8.099629402160645,9.08216381072998,169.94444444444446,8.099629402160645
297,297,8.94660472869873,7.077291965484619,175.11111111111111,8.94660472869873
298,298,8.682280540466309,7.428666591644287,164.68421052631578,8.682280540466309
299,299,8.516871452331543,11.555869102478027,170.44444444444446,8.516871452331543
300,300,9.914846420288086,1.956223726272583,188.875,9.914846420288086
301,301,8.534128189086914,7.413987636566162,170.83333333333334,8.534128189086914
302,302,8.559605598449707,7.030378818511963,171.0,8.559605598449707
303,303,8.197477340698242,7.506906986236572,152.0,8.197477340698242
304,304,7.898214817047119,9.81857204437256,155.05,7.898214817047119
305,305,8.799369812011719,3.904369115829468,176.44444444444446,8.799369812011719
306,306,9.106082916259766,2.8229429721832275,180.4705882352941,9.106082916259766
307,307,7.477723121643066,9.60895824432373,151.4,7.477723121643066
308,308,8.003409385681152,9.45614528656006,170.5,8.003409385681152
309,309,8.029781341552734,10.223669052124023,167.27777777777777,8.029781341552734
310,310,8.0774564743042,9.804699897766112,151.3,8.0774564743042
311,311,8.640865325927734,8.289802551269531,173.77777777777777,8.640865325927734
312,312,8.262892723083496,10.68701457977295,156.75,8.262892723083496
313,313,8.686656951904297,8.065909385681152,176.55555555555554,8.686656951904297
314,314,9.017555236816406,5.90194845199585,180.8823529411765,9.017555236816406
315,315,9.132723808288574,2.2201380729675293,200.0,9.132723808288574
316,316,8.154338836669922,11.282577514648438,169.55555555555554,8.154338836669922
317,317,9.205511093139648,4.058006763458252,182.7058823529412,9.205511093139648
318,318,9.646079063415527,4.8479108810424805,183.05882352941177,9.646079063415527
319,319,8.56049919128418,11.65676498413086,146.61904761904762,8.56049919128418
320,320,8.163077354431152,9.63644313812256,168.94444444444446,8.163077354431152
321,321,8.611087799072266,6.211812496185303,174.05555555555554,8.611087799072266
322,322,8.241599082946777,6.623138427734375,164.68421052631578,8.241599082946777
323,323,8.47635555267334,6.250303745269775,179.05882352941177,8.47635555267334
324,324,8.808915138244629,3.561710834503174,181.7058823529412,8.808915138244629
325,325,8.884529113769531,5.537476062774658,165.26315789473685,8.884529113769531
326,326,9.19642162322998,5.596930980682373,181.8235294117647,9.19642162322998
327,327,7.842288970947266,9.939924240112305,162.10526315789474,7.842288970947266
328,328,8.923622131347656,7.417696952819824,181.2941176470588,8.923622131347656
329,329,8.338099479675293,7.521768093109131,163.6315789473684,8.338099479675293
330,330,8.843687057495117,6.274055004119873,154.05,8.843687057495117
331,331,8.362701416015625,6.105245590209961,166.0,8.362701416015625
332,332,8.243961334228516,5.7018585205078125,166.8421052631579,8.243961334228516
333,333,7.776240348815918,8.872696876525879,141.3181818181818,7.776240348815918
334,334,8.78520679473877,3.792682886123657,179.05882352941177,8.78520679473877
335,335,7.649502754211426,10.84782600402832,149.57142857142858,7.649502754211426
336,336,9.600236892700195,3.913560628890991,188.625,9.600236892700195
337,337,7.783656597137451,13.061659812927246,143.45454545454547,7.783656597137451
338,338,9.234129905700684,7.351733207702637,179.23529411764707,9.234129905700684
339,339,8.1045560836792,11.198692321777344,162.1578947368421,8.1045560836792
340,340,9.185781478881836,8.052717208862305,161.68421052631578,9.185781478881836
341,341,8.118242263793945,11.10948085784912,169.66666666666666,8.118242263793945
342,342,8.38973617553711,9.02933120727539,179.8235294117647,8.38973617553711
343,343,9.319024085998535,4.363186836242676,179.88235294117646,9.319024085998535
344,344,9.146268844604492,6.537083625793457,188.375,9.146268844604492
345,345,8.886789321899414,3.721208333969116,170.94444444444446,8.886789321899414
346,346,8.98331069946289,6.84362268447876,178.88235294117646,8.98331069946289
347,347,8.780011177062988,5.384876728057861,164.1578947368421,8.780011177062988
348,348,9.779699325561523,4.003031253814697,180.35294117647055,9.779699325561523
349,349,8.795689582824707,6.891487121582031,186.11764705882356,8.795689582824707
350,350,8.97358512878418,6.947913646697998,178.64705882352942,8.97358512878418
351,351,9.257670402526855,3.679721117019653,197.9375,9.257670402526855
352,352,8.342127799987793,6.011324405670166,173.77777777777777,8.342127799987793
353,353,8.373570442199707,5.6307878494262695,170.38888888888889,8.373570442199707
354,354,8.89049243927002,5.703331470489502,171.94444444444446,8.89049243927002
355,355,9.632560729980469,2.467005491256714,174.83333333333334,9.632560729980469
356,356,8.889725685119629,4.010067939758301,157.35,8.889725685119629
357,357,9.276165008544922,5.7720561027526855,171.27777777777777,9.276165008544922
358,358,7.543637275695801,11.504133224487305,136.54545454545453,7.543637275695801
359,359,7.836453437805176,6.601081371307373,152.3,7.836453437805176
360,360,6.989824771881104,12.001302719116213,161.31578947368422,6.989824771881104
361,361,9.361411094665527,4.896298885345459,180.8823529411765,9.361411094665527
362,362,8.468989372253418,8.187146186828613,178.2941176470588,8.468989372253418
363,363,9.91481590270996,1.6301432847976685,200.0,9.91481590270996
364,364,9.314457893371582,6.788573265075684,179.35294117647058,9.314457893371582
365,365,7.376535415649414,10.7918701171875,163.26315789473685,7.376535415649414
366,366,8.883410453796387,5.232278823852539,175.05555555555554,8.883410453796387
367,367,8.679692268371582,5.91298770904541,200.0,8.679692268371582
368,368,7.122851848602295,11.671516418457031,160.94736842105263,7.122851848602295
369,369,8.614381790161133,6.539226055145264,171.55555555555554,8.614381790161133
370,370,8.816134452819824,6.199342250823975,179.47058823529412,8.816134452819824
371,371,9.017273902893066,6.07402229309082,188.875,9.017273902893066
372,372,9.224160194396973,4.01369571685791,197.8125,9.224160194396973
373,373,8.19682788848877,7.315579414367676,167.0,8.19682788848877
374,374,9.367985725402832,4.024011611938477,174.33333333333334,9.367985725402832
375,375,9.378500938415527,2.682492733001709,196.3125,9.378500938415527
376,376,8.813011169433594,4.732264041900635,181.52941176470588,8.813011169433594
377,377,9.217334747314451,4.481417655944824,191.125,9.217334747314451
378,378,9.273138046264648,4.177042484283447,188.5,9.273138046264648
379,379,8.944531440734863,7.981886863708496,163.47368421052633,8.944531440734863
380,380,8.73852252960205,5.487174034118652,159.47368421052633,8.73852252960205
381,381,7.941503524780273,9.85886287689209,142.45454545454547,7.941503524780273
382,382,7.845577239990234,8.709833145141602,148.47619047619048,7.845577239990234
383,383,9.019967079162598,5.190542697906494,171.5,9.019967079162598
384,384,8.647435188293457,7.977576732635498,178.35294117647058,8.647435188293457
385,385,9.712388038635254,2.3526744842529297,198.4375,9.712388038635254
386,386,9.094159126281738,6.653447151184082,178.2941176470588,9.094159126281738
387,387,8.399435043334961,9.168585777282717,169.5,8.399435043334961
388,388,8.661285400390625,2.843257427215576,190.25,8.661285400390625
389,389,8.508763313293457,8.141975402832031,151.0,8.508763313293457
390,390,9.066059112548828,5.415863037109375,167.68421052631578,9.066059112548828
391,391,7.914374351501465,10.115399360656738,152.55,7.914374351501465
392,392,7.526302337646484,13.60146427154541,146.52380952380952,7.526302337646484
393,393,8.520933151245117,6.939234256744385,187.76470588235293,8.520933151245117
394,394,9.671957015991213,1.6934822797775269,175.72222222222223,9.671957015991213
395,395,7.947263717651367,12.21293830871582,178.8235294117647,7.947263717651367
396,396,9.162683486938477,6.05864953994751,179.58823529411765,9.162683486938477
397,397,9.28486442565918,3.1549320220947266,190.375,9.28486442565918
398,398,7.879263401031494,11.551231384277344,178.52941176470588,7.879263401031494
399,399,7.829463005065918,10.78908920288086,162.31578947368422,7.829463005065918
400,400,9.354352951049805,5.249419689178467,181.0,9.354352951049805
401,401,9.239776611328123,4.54833984375,179.64705882352942,9.239776611328123
402,402,8.342832565307617,7.048412322998047,170.0,8.342832565307617
403,403,7.817258358001709,9.006603240966797,158.05,7.817258358001709
404,404,8.009714126586914,9.4495267868042,177.22222222222223,8.009714126586914
405,405,8.194657325744629,10.28449249267578,158.6315789473684,8.194657325744629
406,406,8.150293350219727,7.855114459991455,167.89473684210526,8.150293350219727
407,407,8.169962882995605,7.303466796875,147.14285714285714,8.169962882995605
408,408,8.894731521606445,2.421520709991455,191.375,8.894731521606445
409,409,8.74361515045166,6.273882389068604,169.88888888888889,8.74361515045166
410,410,9.51809787750244,3.294132232666016,179.11764705882354,9.51809787750244
411,411,7.632034301757812,9.256620407104492,150.85714285714286,7.632034301757812
412,412,7.641873359680176,12.600994110107422,149.38095238095238,7.641873359680176
413,413,8.384475708007812,6.747824668884277,166.21052631578948,8.384475708007812
414,414,9.522197723388672,5.042826652526856,172.0,9.522197723388672
415,415,8.282695770263672,8.765344619750977,145.0,8.282695770263672
416,416,9.260223388671877,2.961707353591919,191.0,9.260223388671877
417,417,8.338855743408203,7.3789801597595215,178.41176470588235,8.338855743408203
418,418,8.083209037780762,8.685477256774902,155.5,8.083209037780762
419,419,9.205302238464355,3.153676271438598,186.1764705882353,9.205302238464355
420,420,8.949053764343262,7.014495372772217,188.6875,8.949053764343262
421,421,8.966017723083496,5.372307777404785,180.0,8.966017723083496
422,422,9.800140380859377,2.9351089000701904,200.0,9.800140380859377
423,423,8.384511947631836,6.3849968910217285,168.0,8.384511947631836
424,424,8.373147964477539,6.129690170288086,189.1875,8.373147964477539
425,425,9.511063575744627,2.494610071182251,184.76470588235293,9.511063575744627
426,426,8.427190780639648,5.954287052154541,178.76470588235293,8.427190780639648
427,427,8.974884033203125,5.371352195739746,177.11111111111111,8.974884033203125
428,428,9.49236297607422,5.432837009429932,159.78947368421052,9.49236297607422
429,429,8.328448295593262,9.098445892333984,157.55,8.328448295593262
430,430,8.002004623413086,8.306431770324707,161.57894736842104,8.002004623413086
431,431,9.31544017791748,6.15012264251709,188.4375,9.31544017791748
432,432,8.936131477355957,7.197136878967285,193.3125,8.936131477355957
433,433,8.466468811035156,6.324352741241455,178.7058823529412,8.466468811035156
434,434,9.819418907165527,5.253318786621094,188.3125,9.819418907165527
435,435,9.005756378173828,7.274356365203857,188.25,9.005756378173828
436,436,8.853312492370605,5.85373067855835,167.55555555555554,8.853312492370605
437,437,8.775333404541016,6.572797775268555,167.10526315789474,8.775333404541016
438,438,8.005184173583984,10.160592079162598,162.8421052631579,8.005184173583984
439,439,8.371285438537598,5.892131805419922,172.27777777777777,8.371285438537598
440,440,8.213584899902344,9.000818252563477,178.2941176470588,8.213584899902344
441,441,8.301684379577637,8.278234481811523,179.05882352941177,8.301684379577637
442,442,8.008906364440918,10.670875549316406,146.85714285714286,8.008906364440918
443,443,7.765266418457031,9.521368980407717,156.5,7.765266418457031
444,444,8.606154441833496,9.885753631591797,171.38888888888889,8.606154441833496
445,445,8.015535354614258,11.07004451751709,159.55,8.015535354614258
446,446,9.091639518737791,9.326910018920898,178.64705882352942,9.091639518737791
447,447,7.901331424713135,9.587965965270996,178.35294117647058,7.901331424713135
448,448,9.569326400756836,3.914311170578003,177.11111111111111,9.569326400756836
449,449,9.082590103149414,7.069984436035156,178.76470588235293,9.082590103149414
450,450,8.027545928955078,10.138229370117188,170.83333333333334,8.027545928955078
451,451,8.442570686340332,9.62717628479004,165.94736842105263,8.442570686340332
452,452,8.711135864257812,5.3413987159729,180.35294117647055,8.711135864257812
453,453,9.32345199584961,5.115488529205322,188.3125,9.32345199584961
454,454,8.553908348083496,7.293788433074951,166.05263157894737,8.553908348083496
455,455,9.006401062011719,5.899880409240723,188.4375,9.006401062011719
456,456,8.742347717285156,8.66882038116455,178.35294117647058,8.742347717285156
457,457,8.752357482910156,5.351348876953125,179.88235294117646,8.752357482910156
458,458,9.063274383544922,6.509385585784912,173.88888888888889,9.063274383544922
459,459,8.990030288696289,6.067378997802734,180.4705882352941,8.990030288696289
460,460,8.313952445983887,8.17169189453125,169.22222222222223,8.313952445983887
461,461,8.839593887329102,9.731197357177734,169.22222222222223,8.839593887329102
462,462,9.679561614990234,3.4553821086883545,183.7058823529412,9.679561614990234
463,463,8.638014793395996,8.197983741760254,169.72222222222223,8.638014793395996
464,464,8.416240692138672,6.387502193450928,168.88888888888889,8.416240692138672
465,465,9.496644973754885,4.035356521606445,200.0,9.496644973754885
466,466,7.670557022094727,12.236637115478516,150.0,7.670557022094727
467,467,8.533491134643555,8.887007713317871,161.26315789473685,8.533491134643555
468,468,8.109471321105957,9.580514907836914,153.9,8.109471321105957
469,469,9.412548065185549,3.698638439178467,180.64705882352945,9.412548065185549
470,470,8.619185447692871,7.463167667388916,164.10526315789474,8.619185447692871
471,471,9.20512580871582,4.999438285827637,177.44444444444446,9.20512580871582
472,472,9.197261810302734,7.218796253204346,170.88888888888889,9.197261810302734
473,473,9.265867233276367,3.748812675476074,171.16666666666666,9.265867233276367
474,474,8.650914192199707,8.480460166931152,171.33333333333334,8.650914192199707
475,475,8.307328224182129,8.714695930480957,142.95454545454547,8.307328224182129
476,476,9.807524681091309,3.109797239303589,189.9375,9.807524681091309
477,477,9.600167274475098,3.081959009170532,181.58823529411765,9.600167274475098
478,478,9.48854637145996,2.976994037628174,169.22222222222223,9.48854637145996
479,479,8.287003517150879,9.322949409484863,155.9,8.287003517150879
480,480,8.848103523254395,7.195350646972656,177.0,8.848103523254395
481,481,9.293971061706545,6.235472679138184,188.1875,9.293971061706545
482,482,8.671745300292969,8.195377349853516,166.94736842105263,8.671745300292969
483,483,8.742740631103516,6.178110122680664,151.05,8.742740631103516
484,484,8.975261688232422,6.307541370391846,175.16666666666666,8.975261688232422
485,485,8.54638957977295,10.637248039245604,163.26315789473685,8.54638957977295
486,486,8.865896224975586,3.638645648956299,163.10526315789474,8.865896224975586
487,487,9.28034496307373,5.453364372253418,181.35294117647055,9.28034496307373
488,488,9.50669288635254,5.716759204864502,171.83333333333334,9.50669288635254
489,489,9.456952095031738,1.5998151302337646,200.0,9.456952095031738
490,490,8.42399787902832,11.855460166931152,163.1578947368421,8.42399787902832
491,491,8.645689010620117,8.669599533081055,154.95,8.645689010620117
492,492,8.884346008300781,6.129312515258789,188.5625,8.884346008300781
493,493,9.480146408081056,4.487795829772949,188.5,9.480146408081056
494,494,9.58384132385254,4.698936939239502,188.5,9.58384132385254
495,495,9.624211311340332,3.290919542312622,188.625,9.624211311340332
496,496,9.579087257385254,1.5746535062789917,200.0,9.579087257385254
497,497,8.93864917755127,7.315173625946045,178.2941176470588,8.93864917755127
498,498,8.452306747436523,8.55306625366211,179.7058823529412,8.452306747436523
499,499,9.030303955078123,5.469757556915283,176.66666666666666,9.030303955078123
500,500,8.402412414550781,8.377256393432617,159.1,8.402412414550781
501,501,8.87289810180664,6.073050498962402,172.94444444444446,8.87289810180664
502,502,9.49372100830078,4.966105937957764,188.5625,9.49372100830078
503,503,8.55901050567627,9.435779571533203,159.65,8.55901050567627
504,504,9.13433074951172,3.7281746864318848,176.52941176470588,9.13433074951172
505,505,9.361245155334473,4.282953262329102,159.05263157894737,9.361245155334473
506,506,8.17372989654541,9.211952209472656,164.26315789473685,8.17372989654541
507,507,8.510082244873047,10.268933296203612,164.57894736842104,8.510082244873047
508,508,8.574822425842285,11.779415130615234,160.94736842105263,8.574822425842285
509,509,9.341652870178224,2.764832735061645,174.05555555555554,9.341652870178224
510,510,9.822657585144045,2.377270221710205,197.625,9.822657585144045
511,511,9.421698570251465,3.549842834472656,171.83333333333334,9.421698570251465
512,512,9.314451217651367,5.430130958557129,182.94117647058823,9.314451217651367
513,513,10.048462867736816,1.6046680212020874,182.0,10.048462867736816
514,514,8.530108451843262,8.812761306762695,162.47368421052633,8.530108451843262
515,515,9.325538635253906,7.1415534019470215,181.52941176470588,9.325538635253906
516,516,10.194510459899902,0.8790395855903625,189.5625,10.194510459899902
517,517,7.986162662506103,11.925715446472168,167.31578947368422,7.986162662506103
518,518,9.037659645080566,7.734237670898437,170.16666666666666,9.037659645080566
519,519,8.689223289489746,9.80152702331543,169.33333333333334,8.689223289489746
520,520,10.019652366638184,1.908958315849304,179.7058823529412,10.019652366638184
521,521,9.11131191253662,5.947271347045898,164.78947368421052,9.11131191253662
522,522,8.682944297790527,8.344616889953613,167.88888888888889,8.682944297790527
523,523,8.541030883789062,5.870812892913818,193.25,8.541030883789062
524,524,8.98953914642334,6.482733726501465,164.78947368421052,8.98953914642334
525,525,9.103880882263184,6.630653381347656,188.25,9.103880882263184
526,526,8.840124130249023,8.743348121643066,172.88888888888889,8.840124130249023
527,527,9.107688903808594,3.8762094974517822,181.0,9.107688903808594
528,528,8.330784797668457,10.573214530944824,161.0,8.330784797668457
529,529,9.200044631958008,7.241166114807129,185.11764705882356,9.200044631958008
530,530,8.936844825744629,5.3734450340271,175.94444444444446,8.936844825744629
531,531,8.070916175842285,11.472891807556152,161.21052631578948,8.070916175842285
532,532,9.032086372375488,8.979254722595215,170.77777777777777,9.032086372375488
533,533,8.527810096740723,8.318546295166016,169.55555555555554,8.527810096740723
534,534,8.901881217956543,8.348132133483887,169.88888888888889,8.901881217956543
535,535,9.29016399383545,5.631080627441406,179.2941176470588,9.29016399383545
536,536,9.660680770874023,5.157350063323975,188.375,9.660680770874023
537,537,9.80945110321045,1.8020575046539309,190.75,9.80945110321045
538,538,9.515116691589355,4.296427249908447,183.2941176470588,9.515116691589355
539,539,8.670019149780273,8.620856285095215,158.0,8.670019149780273
540,540,8.517350196838379,5.9038519859313965,178.52941176470588,8.517350196838379
541,541,9.33874797821045,3.3873157501220703,200.0,9.33874797821045
542,542,8.215261459350586,11.702984809875488,138.4090909090909,8.215261459350586
543,543,9.553302764892578,5.155731678009033,188.375,9.553302764892578
544,544,9.067989349365234,7.601119518280029,174.38888888888889,9.067989349365234
545,545,8.783097267150879,11.816131591796877,163.10526315789474,8.783097267150879
546,546,9.35191822052002,4.596087455749512,179.41176470588235,9.35191822052002
547,547,9.349357604980469,3.6297390460968018,175.66666666666666,9.349357604980469
548,548,8.579623222351074,7.291505813598633,165.26315789473685,8.579623222351074
549,549,9.19095230102539,5.146649360656738,173.61111111111111,9.19095230102539
550,550,9.394566535949709,5.884715080261231,180.0,9.394566535949709
551,551,9.494192123413086,5.296505928039551,188.625,9.494192123413086
552,552,8.894680976867676,8.224098205566406,167.10526315789474,8.894680976867676
553,553,8.314176559448242,10.131938934326172,163.78947368421052,8.314176559448242
554,554,8.474505424499512,8.913015365600586,172.94444444444446,8.474505424499512
555,555,8.239988327026367,13.57544231414795,161.3684210526316,8.239988327026367
556,556,8.61487102508545,8.079859733581543,158.21052631578948,8.61487102508545
557,557,9.133783340454102,5.466969013214111,188.6875,9.133783340454102
558,558,8.65517807006836,8.17854118347168,168.94444444444446,8.65517807006836
559,559,9.231063842773438,4.991975784301758,181.64705882352945,9.231063842773438
560,560,9.600211143493652,0.9756786823272704,200.0,9.600211143493652
561,561,9.547794342041016,1.5016330480575562,181.64705882352945,9.547794342041016
562,562,9.260167121887209,6.426033973693848,188.4375,9.260167121887209
563,563,9.066676139831545,5.2216572761535645,191.0,9.066676139831545
564,564,8.036539077758789,12.4677152633667,168.94444444444446,8.036539077758789
565,565,9.862833023071287,2.9699900150299072,193.375,9.862833023071287
566,566,8.469513893127441,10.792381286621094,172.72222222222223,8.469513893127441
567,567,9.496746063232422,6.564653396606445,188.1875,9.496746063232422
568,568,9.44053077697754,4.820384979248047,188.5625,9.44053077697754
569,569,9.803372383117676,1.9079396724700928,189.125,9.803372383117676
570,570,9.136999130249023,6.694948673248291,180.2941176470588,9.136999130249023
571,571,9.636625289916992,1.692522406578064,200.0,9.636625289916992
572,572,8.803523063659668,7.572420120239258,180.23529411764707,8.803523063659668
573,573,9.18936824798584,4.230708122253418,163.73684210526315,9.18936824798584
574,574,9.09427261352539,6.473820209503174,171.55555555555554,9.09427261352539
575,575,9.366703033447266,8.377765655517578,171.22222222222223,9.366703033447266
576,576,8.820014953613281,4.258102893829346,178.88235294117646,8.820014953613281
577,577,7.037671089172363,11.524857521057127,151.8,7.037671089172363
578,578,10.076841354370115,1.4939844608306885,193.9375,10.076841354370115
579,579,9.275108337402344,6.282936096191406,177.0,9.275108337402344
580,580,8.809407234191895,8.111555099487305,167.73684210526315,8.809407234191895
581,581,8.847967147827148,10.692252159118652,182.76470588235293,8.847967147827148
582,582,7.893064022064209,12.15025234222412,160.42105263157896,7.893064022064209
583,583,9.742557525634766,1.3473814725875854,189.375,9.742557525634766
584,584,8.609965324401855,5.411279201507568,179.1764705882353,8.609965324401855
585,585,8.587570190429688,8.15925121307373,169.66666666666666,8.587570190429688
586,586,8.601186752319336,6.884672164916992,188.625,8.601186752319336
587,587,8.628843307495117,5.971850872039795,165.21052631578948,8.628843307495117
588,588,9.700533866882324,3.504265546798706,188.05882352941177,9.700533866882324
589,589,8.743806838989258,4.231039047241211,182.76470588235293,8.743806838989258
590,590,8.085383415222168,11.567412376403809,156.45,8.085383415222168
591,591,8.3280029296875,8.21284008026123,172.55555555555554,8.3280029296875
592,592,9.032730102539062,3.556995153427124,198.9375,9.032730102539062
593,593,8.177752494812012,10.38720417022705,154.4,8.177752494812012
594,594,8.639300346374512,7.350306510925293,162.94736842105263,8.639300346374512
595,595,8.417562484741211,8.71449089050293,168.10526315789474,8.417562484741211
596,596,9.31792449951172,6.093979358673096,174.38888888888889,9.31792449951172
597,597,7.900679588317871,10.738443374633787,169.94444444444446,7.900679588317871
598,598,9.136422157287598,6.743607997894287,177.7058823529412,9.136422157287598
599,599,9.268165588378906,3.191725730895996,184.94117647058823,9.268165588378906
600,600,8.710914611816406,5.185366630554199,174.11111111111111,8.710914611816406
601,601,9.458942413330078,4.638424873352051,187.52941176470588,9.458942413330078
602,602,8.326678276062012,8.609816551208496,166.66666666666666,8.326678276062012
603,603,8.821175575256348,7.343510627746582,178.1764705882353,8.821175575256348
604,604,7.642180442810059,12.104527473449709,145.14285714285714,7.642180442810059
605,605,7.700340747833252,11.439836502075195,161.10526315789474,7.700340747833252
606,606,8.009008407592773,9.033584594726562,170.44444444444446,8.009008407592773
607,607,8.359686851501465,8.728650093078613,179.41176470588235,8.359686851501465
608,608,9.024018287658691,7.402403354644775,171.77777777777777,9.024018287658691
609,609,7.2171454429626465,13.327719688415527,150.2,7.2171454429626465
610,610,7.960357666015625,13.415904998779297,161.68421052631578,7.960357666015625
611,611,8.287721633911133,10.778968811035156,159.7,8.287721633911133
612,612,7.6866044998168945,12.847403526306152,159.6,7.6866044998168945
613,613,8.019035339355469,10.296967506408691,151.14285714285714,8.019035339355469
614,614,9.137462615966797,7.894290924072266,182.23529411764707,9.137462615966797
615,615,8.075316429138184,13.746061325073242,153.8,8.075316429138184
616,616,9.310392379760742,6.902769088745117,178.58823529411765,9.310392379760742
617,617,7.745022773742676,14.854920387268066,153.5,7.745022773742676
618,618,8.360852241516113,8.848258018493652,188.375,8.360852241516113
619,619,9.516376495361328,3.712389230728149,187.23529411764707,9.516376495361328
620,620,9.205052375793455,4.884568214416504,181.4705882352941,9.205052375793455
621,621,8.766888618469238,10.087127685546877,172.0,8.766888618469238
622,622,9.123486518859863,6.393694877624512,188.3125,9.123486518859863
623,623,8.321754455566406,8.045400619506836,180.35294117647055,8.321754455566406
624,624,9.4399995803833,3.6358327865600586,200.0,9.4399995803833
625,625,9.13863468170166,5.583510875701904,188.5625,9.13863468170166
626,626,7.909535884857178,7.795534610748291,178.2941176470588,7.909535884857178
627,627,9.106276512145996,5.198188304901123,182.05882352941177,9.106276512145996
628,628,8.78686237335205,10.170880317687988,169.0,8.78686237335205
629,629,10.075161933898926,1.243952751159668,189.375,10.075161933898926
630,630,8.777585983276367,9.112380981445312,172.88888888888889,8.777585983276367
631,631,8.991061210632324,8.523041725158691,179.0,8.991061210632324
632,632,9.84212589263916,2.666557788848877,174.77777777777777,9.84212589263916
633,633,9.893320083618164,2.722288131713867,190.3125,9.893320083618164
634,634,9.675783157348633,2.138300895690918,166.3684210526316,9.675783157348633
635,635,9.979776382446287,2.336801528930664,184.4705882352941,9.979776382446287
636,636,9.268754959106444,4.540767192840576,167.21052631578948,9.268754959106444
637,637,9.847572326660156,2.3546292781829834,181.41176470588235,9.847572326660156
638,638,10.01651382446289,1.9214142560958865,200.0,10.01651382446289
639,639,8.166815757751465,8.282212257385254,176.88235294117646,8.166815757751465
640,640,8.736261367797852,9.26264190673828,178.05882352941177,8.736261367797852
641,641,8.142278671264648,9.547840118408203,169.38888888888889,8.142278671264648
642,642,8.972384452819824,5.965685844421387,171.88888888888889,8.972384452819824
643,643,9.538667678833008,3.8287699222564697,190.6875,9.538667678833008
644,644,9.086522102355955,8.995071411132812,173.83333333333334,9.086522102355955
645,645,9.043049812316896,5.441862106323242,153.35,9.043049812316896
646,646,9.156085014343262,3.16401743888855,180.23529411764707,9.156085014343262
647,647,8.538196563720703,6.0762434005737305,172.16666666666666,8.538196563720703
648,648,10.504156112670898,0.3724932670593261,200.0,10.504156112670898
649,649,9.67007827758789,1.5537914037704468,173.61111111111111,9.67007827758789
650,650,9.26703643798828,5.7873053550720215,180.11764705882354,9.26703643798828
651,651,8.120360374450684,9.690729141235352,169.38888888888889,8.120360374450684
652,652,8.73763656616211,7.789920330047607,169.83333333333334,8.73763656616211
653,653,10.189098358154297,0.749954342842102,189.9375,10.189098358154297
654,654,8.901908874511719,10.951350212097168,178.1764705882353,8.901908874511719
655,655,9.037027359008787,4.215719223022461,189.0625,9.037027359008787
656,656,9.135372161865234,6.22642183303833,168.5,9.135372161865234
657,657,8.758597373962402,6.096310615539551,155.8,8.758597373962402
658,658,9.174201965332031,7.14438009262085,164.94736842105263,9.174201965332031
659,659,9.99716854095459,3.618690252304077,181.76470588235293,9.99716854095459
660,660,8.793129920959473,8.018454551696777,155.45,8.793129920959473
661,661,9.035037994384766,6.442026138305664,170.66666666666666,9.035037994384766
662,662,8.987195014953613,3.4247050285339355,182.23529411764707,8.987195014953613
663,663,9.373126983642578,6.815434455871582,170.27777777777777,9.373126983642578
664,664,8.323092460632324,6.703718185424805,178.64705882352942,8.323092460632324
665,665,8.716676712036133,12.462392807006836,150.47619047619048,8.716676712036133
666,666,8.85622501373291,4.310869216918945,200.0,8.85622501373291
667,667,8.890175819396973,9.897480964660645,161.73684210526315,8.890175819396973
668,668,9.892760276794434,2.1885643005371094,179.2941176470588,9.892760276794434
669,669,9.595317840576172,4.628421306610107,178.8235294117647,9.595317840576172
670,670,8.60750961303711,9.918793678283691,162.3684210526316,8.60750961303711
671,671,9.229211807250977,5.120666027069092,167.94444444444446,9.229211807250977
672,672,7.840879917144775,13.547279357910156,149.76190476190476,7.840879917144775
673,673,8.713164329528809,8.293277740478516,167.73684210526315,8.713164329528809
674,674,9.07005214691162,8.634485244750977,171.55555555555554,9.07005214691162
675,675,9.702950477600098,4.552400588989258,176.27777777777777,9.702950477600098
676,676,9.25779151916504,5.030906677246094,188.3125,9.25779151916504
677,677,9.729724884033203,2.599036931991577,200.0,9.729724884033203
678,678,9.06412410736084,9.343122482299805,177.88235294117646,9.06412410736084
679,679,9.790940284729004,1.0769859552383425,182.05882352941177,9.790940284729004
680,680,7.567061901092529,11.281771659851074,134.3913043478261,7.567061901092529
681,681,9.171621322631836,6.920630931854248,188.1875,9.171621322631836
682,682,8.294404983520508,10.091891288757324,149.9047619047619,8.294404983520508
683,683,6.761913299560547,14.99315071105957,133.7826086956522,6.761913299560547
684,684,9.608190536499023,1.543118238449097,200.0,9.608190536499023
685,685,8.317183494567871,9.5223388671875,163.89473684210526,8.317183494567871
686,686,8.141402244567871,10.400879859924316,177.94117647058823,8.141402244567871
687,687,8.45327377319336,6.8301100730896,159.26315789473685,8.45327377319336
688,688,8.07011890411377,8.939488410949707,144.0,8.07011890411377
689,689,8.56312084197998,7.539947986602783,177.44444444444446,8.56312084197998
690,690,9.390636444091797,4.673903942108154,188.5625,9.390636444091797
691,691,8.443022727966309,11.766209602355955,169.38888888888889,8.443022727966309
692,692,8.524312973022461,6.975766658782959,182.52941176470588,8.524312973022461
693,693,8.279318809509277,10.572967529296877,168.83333333333334,8.279318809509277
694,694,8.410566329956055,9.090389251708984,172.55555555555554,8.410566329956055
695,695,9.080449104309082,8.069883346557617,172.88888888888889,9.080449104309082
696,696,8.766806602478027,4.647006034851074,171.33333333333334,8.766806602478027
697,697,9.775787353515623,0.8607910871505737,200.0,9.775787353515623
698,698,8.222900390625,9.020407676696776,154.65,8.222900390625
699,699,9.288928985595703,2.1973001956939697,200.0,9.288928985595703
700,700,8.321396827697754,10.076292991638184,159.42105263157896,8.321396827697754
701,701,9.012347221374512,4.295592784881592,179.88235294117646,9.012347221374512
702,702,8.641419410705566,11.120508193969728,168.77777777777777,8.641419410705566
703,703,8.497235298156738,8.35315990447998,169.55555555555554,8.497235298156738
704,704,9.588727951049805,2.158592700958252,190.3125,9.588727951049805
705,705,8.267621040344238,8.351900100708008,164.68421052631578,8.267621040344238
706,706,9.930814743041992,2.578772783279419,187.76470588235293,9.930814743041992
707,707,9.632335662841797,3.2826168537139893,193.75,9.632335662841797
708,708,9.210445404052734,4.663936138153076,176.58823529411765,9.210445404052734
709,709,8.827437400817871,10.428229331970217,177.94117647058823,8.827437400817871
710,710,9.378994941711426,4.887555599212647,176.94444444444446,9.378994941711426
711,711,8.671050071716309,8.147560119628906,164.68421052631578,8.671050071716309
712,712,9.362859725952148,4.708800315856934,195.3125,9.362859725952148
713,713,8.484599113464355,7.808538913726807,155.0,8.484599113464355
714,714,9.748411178588867,1.9996123313903809,200.0,9.748411178588867
715,715,9.059453010559082,4.601842880249023,157.5,9.059453010559082
716,716,8.634766578674316,10.627671241760254,177.94117647058823,8.634766578674316
717,717,8.898595809936523,7.843414783477783,162.6315789473684,8.898595809936523
718,718,7.879539489746094,10.081598281860352,155.25,7.879539489746094
719,719,9.686823844909668,1.5141680240631104,200.0,9.686823844909668
720,720,8.461738586425781,10.21912670135498,154.8,8.461738586425781
721,721,8.87633991241455,6.123198986053467,169.83333333333334,8.87633991241455
722,722,9.055925369262695,2.674875259399414,196.625,9.055925369262695
723,723,9.581482887268066,3.2337214946746826,189.875,9.581482887268066
724,724,9.924118995666504,1.0591496229171753,200.0,9.924118995666504
725,725,9.7543363571167,4.056317329406738,188.625,9.7543363571167
726,726,9.07939338684082,5.321634292602539,179.05882352941177,9.07939338684082
727,727,8.65522289276123,7.750592231750488,157.35,8.65522289276123
728,728,9.264741897583008,8.091381072998047,164.8421052631579,9.264741897583008
729,729,8.400835037231445,11.394415855407717,156.9,8.400835037231445
730,730,8.335323333740234,8.056407928466797,140.86363636363637,8.335323333740234
731,731,8.103571891784668,9.580886840820312,143.0909090909091,8.103571891784668
732,732,10.165860176086426,0.8374611139297485,189.875,10.165860176086426
733,733,9.40677261352539,3.77506947517395,171.61111111111111,9.40677261352539
734,734,8.285685539245605,5.806401252746582,170.94444444444446,8.285685539245605
735,735,8.4059476852417,9.870393753051758,177.41176470588235,8.4059476852417
736,736,9.504987716674805,5.968034744262695,170.66666666666666,9.504987716674805
737,737,8.675215721130371,10.11605739593506,156.35,8.675215721130371
738,738,9.129886627197266,6.379496097564697,172.11111111111111,9.129886627197266
739,739,9.154919624328612,8.395346641540527,163.42105263157896,9.154919624328612
740,740,9.078948974609377,6.644503116607666,164.78947368421052,9.078948974609377
741,741,9.109333038330078,5.174493789672852,152.05,9.109333038330078
742,742,9.393741607666016,5.512915134429932,170.5,9.393741607666016
743,743,8.554464340209961,8.098822593688965,149.52380952380952,8.554464340209961
744,744,9.745243072509766,4.072439670562744,188.5625,9.745243072509766
745,745,9.527846336364746,4.33857011795044,166.6315789473684,9.527846336364746
746,746,8.804903030395508,7.172051429748535,162.94736842105263,8.804903030395508
747,747,9.034378051757812,7.514503955841064,169.38888888888889,9.034378051757812
748,748,8.679156303405762,6.687234878540039,168.21052631578948,8.679156303405762
749,749,8.818425178527832,8.379410743713379,149.42857142857142,8.818425178527832
750,750,8.886168479919434,4.178761959075928,144.1904761904762,8.886168479919434
751,751,8.95274829864502,4.075485706329346,170.66666666666666,8.95274829864502
752,752,9.46804428100586,3.4928908348083496,184.8235294117647,9.46804428100586
753,753,8.958219528198242,6.504948139190674,171.94444444444446,8.958219528198242
754,754,9.186159133911133,4.938577175140381,170.66666666666666,9.186159133911133
755,755,8.413300514221191,9.701464653015137,144.5,8.413300514221191
756,756,9.206158638000488,3.434897184371948,164.05263157894737,9.206158638000488
757,757,7.976159572601318,11.7050199508667,158.78947368421052,7.976159572601318
758,758,9.57166576385498,5.72015380859375,180.8823529411765,9.57166576385498
759,759,8.76758861541748,8.052716255187988,180.8823529411765,8.76758861541748
760,760,9.592747688293455,2.606841325759888,187.76470588235293,9.592747688293455
761,761,9.313090324401855,1.4887335300445557,181.8235294117647,9.313090324401855
762,762,9.497724533081056,2.8294425010681152,176.44444444444446,9.497724533081056
763,763,8.016958236694336,9.851476669311523,161.10526315789474,8.016958236694336
764,764,8.239053726196289,9.149139404296877,161.1578947368421,8.239053726196289
765,765,8.406505584716797,10.162483215332031,162.10526315789474,8.406505584716797
766,766,8.686114311218262,9.437223434448242,158.8421052631579,8.686114311218262
767,767,9.41733169555664,6.034387111663818,180.11764705882354,9.41733169555664
768,768,9.957761764526367,2.431995391845703,192.8125,9.957761764526367
769,769,9.207874298095703,3.4940848350524902,161.31578947368422,9.207874298095703
770,770,9.472579002380373,6.614984512329102,180.05882352941177,9.472579002380373
771,771,8.66391372680664,11.26206111907959,151.9,8.66391372680664
772,772,9.264406204223633,4.840885162353516,168.0,9.264406204223633
773,773,9.121158599853516,5.9080491065979,158.31578947368422,9.121158599853516
774,774,8.850784301757812,7.918663024902344,163.05263157894737,8.850784301757812
775,775,9.384156227111816,4.966329097747803,166.83333333333334,9.384156227111816
776,776,9.266487121582031,5.440490245819092,164.10526315789474,9.266487121582031
777,777,9.176615715026855,7.959272861480713,171.27777777777777,9.176615715026855
778,778,8.928163528442383,3.3408758640289307,176.27777777777777,8.928163528442383
779,779,8.760139465332031,9.527729988098145,162.78947368421052,8.760139465332031
780,780,9.126598358154297,9.716748237609863,161.94736842105263,9.126598358154297
781,781,8.268739700317383,8.06350040435791,159.6,8.268739700317383
782,782,10.269780158996582,1.7729767560958862,188.5,10.269780158996582
783,783,9.6215181350708,2.497914552688598,171.83333333333334,9.6215181350708
784,784,9.14269733428955,3.343852996826172,152.25,9.14269733428955
785,785,8.339888572692871,9.344446182250977,162.52631578947367,8.339888572692871
786,786,9.21596336364746,6.420975208282471,150.15,9.21596336364746
787,787,9.860340118408203,1.7468688488006592,189.4375,9.860340118408203
788,788,9.821727752685549,4.465575218200684,185.05882352941177,9.821727752685549
789,789,9.291948318481444,8.08508014678955,158.2,9.291948318481444
790,790,9.805191040039062,2.147604465484619,187.1764705882353,9.805191040039062
791,791,9.8812837600708,1.7899523973464966,200.0,9.8812837600708
792,792,8.787124633789062,9.674906730651855,155.55,8.787124633789062
793,793,8.904723167419434,6.641234397888184,164.31578947368422,8.904723167419434
794,794,8.240086555480957,9.394862174987791,169.44444444444446,8.240086555480957
795,795,10.165544509887695,1.075984239578247,200.0,10.165544509887695
796,796,9.704174995422363,3.265775442123413,189.4375,9.704174995422363
797,797,9.077588081359863,6.26195764541626,179.52941176470588,9.077588081359863
798,798,9.372540473937988,7.922537326812744,178.11764705882354,9.372540473937988
799,799,8.438567161560059,6.945691108703613,173.55555555555554,8.438567161560059
800,800,8.374666213989258,9.941998481750488,167.52631578947367,8.374666213989258
801,801,9.691987991333008,3.1634018421173096,182.76470588235293,9.691987991333008
802,802,9.387971878051758,6.547606945037842,179.7058823529412,9.387971878051758
803,803,9.813488006591797,4.610146045684815,188.4375,9.813488006591797
804,804,10.255024909973145,0.8144629001617432,200.0,10.255024909973145
805,805,9.29120635986328,3.953681468963623,189.5625,9.29120635986328
806,806,9.220474243164062,9.034537315368652,178.0,9.220474243164062
807,807,8.371366500854492,7.88162899017334,157.1,8.371366500854492
808,808,8.730881690979004,8.67039680480957,166.88888888888889,8.730881690979004
809,809,9.52101230621338,2.681732654571533,200.0,9.52101230621338
810,810,9.627728462219238,2.9696948528289795,190.6875,9.627728462219238
811,811,10.091620445251465,1.5074450969696045,200.0,10.091620445251465
812,812,8.980386734008789,5.705197334289551,176.47058823529412,8.980386734008789
813,813,9.42799186706543,2.4627575874328613,190.375,9.42799186706543
814,814,8.611958503723145,7.777545928955078,169.72222222222223,8.611958503723145
815,815,9.029239654541016,8.455558776855469,178.35294117647058,9.029239654541016
816,816,8.355302810668945,9.66331386566162,151.65,8.355302810668945
817,817,9.507153511047363,3.3897545337677,188.5,9.507153511047363
818,818,8.848254203796387,4.993688106536865,166.72222222222223,8.848254203796387
819,819,8.220171928405762,10.140329360961914,158.10526315789474,8.220171928405762
820,820,9.568896293640137,2.2106587886810303,190.6875,9.568896293640137
821,821,9.011563301086426,7.006444454193115,169.94444444444446,9.011563301086426
822,822,8.259653091430664,9.262965202331545,156.95,8.259653091430664
823,823,8.12739372253418,9.9528169631958,149.85714285714286,8.12739372253418
824,824,8.328556060791016,11.20004653930664,161.52631578947367,8.328556060791016
825,825,9.748431205749512,2.329704761505127,190.0625,9.748431205749512
826,826,8.759782791137695,6.894408226013184,169.5,8.759782791137695
827,827,7.340534210205078,13.53317642211914,131.79166666666666,7.340534210205078
828,828,9.461891174316406,2.4614856243133545,189.375,9.461891174316406
829,829,9.595683097839355,3.484803438186645,185.64705882352945,9.595683097839355
830,830,9.516976356506348,5.666688442230225,188.3125,9.516976356506348
831,831,7.585803031921387,10.563529014587402,152.28571428571428,7.585803031921387
832,832,8.341667175292969,11.88343906402588,151.57142857142858,8.341667175292969
833,833,8.562171936035156,9.951573371887209,159.42105263157896,8.562171936035156
834,834,7.152885913848877,16.65268325805664,136.72727272727272,7.152885913848877
835,835,7.790339946746826,8.346704483032227,143.33333333333334,7.790339946746826
836,836,8.045215606689453,11.001139640808104,151.52380952380952,8.045215606689453
837,837,7.837557315826416,13.975460052490234,148.38095238095238,7.837557315826416
838,838,9.231035232543944,6.2614827156066895,188.125,9.231035232543944
839,839,8.824817657470703,10.18157958984375,159.2,8.824817657470703
840,840,9.25819206237793,5.0178985595703125,188.625,9.25819206237793
841,841,8.012351036071777,10.566471099853516,140.54545454545453,8.012351036071777
842,842,7.723088264465332,9.943967819213867,138.04347826086956,7.723088264465332
843,843,8.772358894348145,8.877120971679688,149.47619047619048,8.772358894348145
844,844,9.059590339660645,8.934457778930664,164.47368421052633,9.059590339660645
845,845,8.166780471801758,8.612339973449707,159.75,8.166780471801758
846,846,7.311348915100098,10.055209159851074,131.6086956521739,7.311348915100098
847,847,8.593819618225098,4.416627883911133,173.16666666666666,8.593819618225098
848,848,8.184675216674805,6.711901664733887,154.45,8.184675216674805
849,849,10.178447723388672,0.5345263481140137,200.0,10.178447723388672
850,850,8.564888000488281,5.145538806915283,187.75,8.564888000488281
851,851,8.376959800720215,8.685833930969238,164.8421052631579,8.376959800720215
852,852,8.947650909423828,5.603660106658936,188.6875,8.947650909423828
853,853,8.525254249572754,7.051390647888184,172.61111111111111,8.525254249572754
854,854,7.960383892059326,10.553107261657717,149.66666666666666,7.960383892059326
855,855,9.204346656799316,5.587063789367676,173.38888888888889,9.204346656799316
856,856,8.756415367126465,7.6650309562683105,169.33333333333334,8.756415367126465
857,857,8.208311080932617,10.483220100402832,158.9,8.208311080932617
858,858,8.861912727355957,6.384344577789307,166.31578947368422,8.861912727355957
859,859,7.791620254516602,11.3772554397583,150.76190476190476,7.791620254516602
860,860,9.622214317321776,2.6755564212799072,200.0,9.622214317321776
861,861,7.483391284942627,10.819635391235352,145.0909090909091,7.483391284942627
862,862,8.716100692749023,7.223636150360107,171.16666666666666,8.716100692749023
863,863,8.06704044342041,7.716304779052734,158.4,8.06704044342041
864,864,8.839183807373047,5.326683521270752,161.73684210526315,8.839183807373047
865,865,9.278802871704102,8.892316818237305,156.85,9.278802871704102
866,866,9.641615867614746,1.5502279996871948,186.52941176470588,9.641615867614746
867,867,8.633482933044434,7.620121002197266,166.88888888888889,8.633482933044434
868,868,8.920825958251953,5.174421310424805,180.2941176470588,8.920825958251953
869,869,8.675044059753418,7.729386806488037,166.3684210526316,8.675044059753418
870,870,9.246410369873049,4.90485143661499,174.0,9.246410369873049
871,871,8.764595985412598,7.474217891693115,178.52941176470588,8.764595985412598
872,872,7.879373073577881,10.908563613891602,159.7,7.879373073577881
873,873,8.305516242980957,11.03917407989502,169.0,8.305516242980957
874,874,8.647902488708496,6.921399593353272,165.26315789473685,8.647902488708496
875,875,9.031901359558104,5.25181770324707,160.8421052631579,9.031901359558104
876,876,10.009478569030762,2.1516361236572266,200.0,10.009478569030762
877,877,8.892333984375,8.985493659973145,178.52941176470588,8.892333984375
878,878,9.43167781829834,2.4645884037017822,162.26315789473685,9.43167781829834
879,879,8.734892845153809,6.4567484855651855,158.3684210526316,8.734892845153809
880,880,9.12702465057373,6.529280185699463,180.64705882352945,9.12702465057373
881,881,8.91495132446289,6.731014251708984,174.55555555555554,8.91495132446289
882,882,8.718515396118164,4.778818607330322,182.64705882352945,8.718515396118164
883,883,9.59694766998291,6.541492938995361,176.33333333333334,9.59694766998291
884,884,9.125901222229004,5.63117265701294,180.23529411764707,9.125901222229004
885,885,8.920745849609375,9.165728569030762,150.2,8.920745849609375
886,886,8.857170104980469,3.837267637252808,172.22222222222223,8.857170104980469
887,887,9.571045875549316,5.159687519073486,168.5,9.571045875549316
888,888,9.488968849182127,3.352442502975464,187.58823529411765,9.488968849182127
889,889,7.784719467163086,11.707804679870604,150.61904761904762,7.784719467163086
890,890,8.780562400817871,6.806029796600342,158.31578947368422,8.780562400817871
891,891,8.658066749572754,8.1533203125,156.95,8.658066749572754
892,892,10.368440628051758,1.0459532737731934,200.0,10.368440628051758
893,893,9.037744522094728,4.134174346923828,188.1875,9.037744522094728
894,894,9.054876327514648,8.887138366699219,162.68421052631578,9.054876327514648
895,895,9.288416862487791,6.518202304840088,178.7058823529412,9.288416862487791
896,896,9.192303657531738,7.822126388549805,165.73684210526315,9.192303657531738
897,897,10.154911041259766,0.6402972340583801,172.44444444444446,10.154911041259766
898,898,9.07060718536377,7.385324954986572,174.0,9.07060718536377
899,899,9.610946655273438,4.448638916015625,179.0,9.610946655273438
900,900,9.312726974487305,3.6114463806152335,147.0,9.312726974487305
901,901,9.09351921081543,6.662922859191895,173.66666666666666,9.09351921081543
902,902,9.00550651550293,5.968702793121338,178.23529411764707,9.00550651550293
903,903,9.528438568115234,4.959418296813965,166.42105263157896,9.528438568115234
904,904,9.239182472229004,6.824888706207275,178.47058823529412,9.239182472229004
905,905,9.537784576416016,3.4045422077178955,170.33333333333334,9.537784576416016
906,906,8.530858039855957,7.636142253875732,170.44444444444446,8.530858039855957
907,907,9.690814018249512,6.184889793395996,188.4375,9.690814018249512
908,908,7.73822546005249,13.977540969848633,131.91666666666666,7.73822546005249
909,909,9.321868896484377,5.433598041534424,153.9,9.321868896484377
910,910,8.642047882080078,8.465086936950684,150.7,8.642047882080078
911,911,9.078896522521973,7.278400421142578,164.0,9.078896522521973
912,912,7.396814823150635,15.330568313598633,127.16666666666669,7.396814823150635
913,913,8.265775680541992,8.141965866088867,143.61904761904762,8.265775680541992
914,914,9.506555557250977,4.286737442016602,158.85,9.506555557250977
915,915,9.558996200561523,3.9889943599700928,188.375,9.558996200561523
916,916,8.162141799926758,12.150304794311523,142.0909090909091,8.162141799926758
917,917,7.826774597167969,12.515470504760742,151.75,7.826774597167969
918,918,9.20326805114746,7.180203914642334,171.77777777777777,9.20326805114746
919,919,8.944005012512207,5.443927764892578,159.57894736842104,8.944005012512207
920,920,8.278953552246094,11.838702201843262,144.47619047619048,8.278953552246094
921,921,8.411179542541504,10.9668550491333,161.89473684210526,8.411179542541504
922,922,8.928746223449707,9.384344100952148,154.5,8.928746223449707
923,923,9.69741916656494,2.257761716842652,200.0,9.69741916656494
924,924,8.140575408935547,10.904379844665527,151.05,8.140575408935547
925,925,9.506057739257812,3.881339073181152,180.2941176470588,9.506057739257812
926,926,9.831905364990234,1.5086777210235596,189.375,9.831905364990234
927,927,9.094828605651855,4.679128646850586,179.05882352941177,9.094828605651855
928,928,8.939465522766113,8.169672966003418,178.1764705882353,8.939465522766113
929,929,8.469903945922852,10.077593803405762,137.86363636363637,8.469903945922852
930,930,8.324236869812012,12.275476455688477,145.13636363636363,8.324236869812012
931,931,8.868650436401367,9.92638111114502,158.57894736842104,8.868650436401367
932,932,9.22095775604248,3.826730966567993,188.6875,9.22095775604248
933,933,9.543816566467283,5.556156635284424,171.55555555555554,9.543816566467283
934,934,9.222841262817385,6.722917079925537,188.25,9.222841262817385
935,935,8.972373962402344,8.802687644958496,169.22222222222223,8.972373962402344
936,936,9.593205451965332,5.689152717590332,178.76470588235293,9.593205451965332
937,937,10.1327543258667,0.7499915957450867,200.0,10.1327543258667
938,938,8.852083206176758,9.044137954711914,169.88888888888889,8.852083206176758
939,939,8.348403930664062,6.691128730773926,158.26315789473685,8.348403930664062
940,940,8.423645973205566,9.123092651367188,163.10526315789474,8.423645973205566
941,941,8.116881370544434,12.047248840332031,161.89473684210526,8.116881370544434
942,942,9.459076881408691,6.919768333435059,171.88888888888889,9.459076881408691
943,943,9.06863784790039,10.702502250671388,170.83333333333334,9.06863784790039
944,944,8.50601577758789,9.01865291595459,170.72222222222223,8.50601577758789
945,945,8.484393119812012,9.431649208068848,169.5,8.484393119812012
946,946,8.90812873840332,8.778924942016602,172.27777777777777,8.90812873840332
947,947,9.757257461547852,3.948408842086792,183.11764705882356,9.757257461547852
948,948,8.75781536102295,7.493130207061768,160.26315789473685,8.75781536102295
949,949,9.18720245361328,3.872148752212525,159.6315789473684,9.18720245361328
950,950,9.58733367919922,4.895723819732666,176.52941176470588,9.58733367919922
951,951,8.7735013961792,7.561162948608398,164.89473684210526,8.7735013961792
952,952,9.306760787963867,5.168468952178955,188.375,9.306760787963867
953,953,9.60682201385498,4.395974159240723,181.11764705882356,9.60682201385498
954,954,9.192280769348145,7.830657958984375,164.10526315789474,9.192280769348145
955,955,8.646517753601074,8.278953552246094,155.6,8.646517753601074
956,956,8.568063735961914,8.453104972839355,178.1764705882353,8.568063735961914
957,957,9.467689514160156,4.877956867218018,188.375,9.467689514160156
958,958,8.997987747192383,6.470980167388916,188.25,8.997987747192383
959,959,8.627593994140625,8.348699569702148,177.7058823529412,8.627593994140625
960,960,8.377079010009766,8.267874717712402,170.33333333333334,8.377079010009766
961,961,9.835866928100586,0.9561025500297546,193.75,9.835866928100586
962,962,9.597441673278809,6.923165321350098,178.58823529411765,9.597441673278809
963,963,8.72104549407959,9.742039680480955,158.10526315789474,8.72104549407959
964,964,8.840051651000977,6.801269054412842,155.25,8.840051651000977
965,965,9.563777923583984,2.669271469116211,184.64705882352945,9.563777923583984
966,966,9.39301300048828,6.217081069946289,179.11764705882354,9.39301300048828
967,967,9.79173183441162,4.477596282958984,179.0,9.79173183441162
968,968,9.684715270996094,4.998854637145996,188.5,9.684715270996094
969,969,7.828603744506836,11.78320598602295,145.0952380952381,7.828603744506836
970,970,9.650710105895996,2.6817588806152344,190.0,9.650710105895996
971,971,8.59914779663086,10.16635799407959,168.83333333333334,8.59914779663086
972,972,9.545003890991213,5.8850932121276855,185.58823529411765,9.545003890991213
973,973,9.007652282714844,7.335754871368408,188.3125,9.007652282714844
974,974,8.034814834594727,9.312119483947754,153.7,8.034814834594727
975,975,8.31128978729248,11.517041206359863,154.9,8.31128978729248
976,976,9.670506477355955,2.794207096099853,200.0,9.670506477355955
977,977,9.141807556152344,4.350647926330566,178.2941176470588,9.141807556152344
978,978,7.984182834625244,11.059060096740724,153.75,7.984182834625244
979,979,8.730414390563965,8.534575462341309,169.83333333333334,8.730414390563965
980,980,9.39348030090332,1.6325732469558716,194.5,9.39348030090332
981,981,8.919776916503906,7.409955024719238,159.8421052631579,8.919776916503906
982,982,8.855384826660156,8.543140411376953,158.45,8.855384826660156
983,983,9.070537567138672,9.24026584625244,162.73684210526315,9.070537567138672
984,984,10.214645385742188,0.5410379767417908,200.0,10.214645385742188
985,985,9.678935050964355,2.531752109527588,173.94444444444446,9.678935050964355
986,986,10.040882110595703,2.2529118061065674,183.8823529411765,10.040882110595703
987,987,9.968643188476562,1.9291425943374636,182.11764705882356,9.968643188476562
988,988,8.579657554626465,8.202674865722656,162.94736842105263,8.579657554626465
989,989,8.655609130859375,7.96867561340332,163.6315789473684,8.655609130859375
990,990,8.807987213134766,9.193902015686035,172.88888888888889,8.807987213134766
991,991,8.526034355163574,9.327324867248535,160.68421052631578,8.526034355163574
992,992,8.930962562561035,5.891727447509766,171.38888888888889,8.930962562561035
993,993,8.530823707580566,8.186553001403809,144.0909090909091,8.530823707580566
994,994,9.217555046081545,7.82481575012207,178.23529411764707,9.217555046081545
995,995,8.689275741577148,8.541263580322266,144.77272727272728,8.689275741577148
996,996,9.02849578857422,5.963897228240967,163.57894736842104,9.02849578857422
997,997,9.688523292541504,5.254196166992188,188.25,9.688523292541504
998,998,9.021366119384766,9.12527561187744,170.22222222222223,9.021366119384766
999,999,8.762328147888184,8.345372200012207,169.11111111111111,8.762328147888184
1000,1000,8.570831298828125,11.64633083343506,153.55,8.570831298828125
1001,1001,9.31165599822998,7.236495018005371,184.41176470588235,9.31165599822998
1002,1002,9.24684238433838,6.001661777496338,178.35294117647058,9.24684238433838
1003,1003,9.215044975280762,6.014522552490234,180.2941176470588,9.215044975280762
1004,1004,8.145506858825684,9.7208890914917,157.65,8.145506858825684
1005,1005,9.025362968444824,3.8804683685302734,177.47058823529412,9.025362968444824
1006,1006,8.26119613647461,5.997560501098633,174.38888888888889,8.26119613647461
1007,1007,9.102571487426758,4.320789337158203,182.11764705882356,9.102571487426758
1008,1008,9.477998733520508,3.670332908630371,164.0,9.477998733520508
1009,1009,8.962183952331543,6.717777252197266,185.58823529411765,8.962183952331543
1010,1010,8.905333518981934,6.476178169250488,181.7058823529412,8.905333518981934
1011,1011,8.638554573059082,3.3245861530303955,183.23529411764707,8.638554573059082
1012,1012,9.190415382385254,5.089569568634033,173.16666666666666,9.190415382385254
1013,1013,9.40865421295166,5.538334846496582,170.83333333333334,9.40865421295166
1014,1014,8.837194442749023,7.74818229675293,172.27777777777777,8.837194442749023
1015,1015,8.80495834350586,7.149899005889893,188.375,8.80495834350586
1016,1016,9.11136245727539,5.687686443328857,175.88888888888889,9.11136245727539
1017,1017,8.5724458694458,7.443597316741943,159.1578947368421,8.5724458694458
1018,1018,7.843509197235107,10.71142864227295,144.8181818181818,7.843509197235107
1019,1019,9.585553169250488,3.0156843662261963,191.4375,9.585553169250488
1020,1020,8.630077362060547,8.500406265258789,178.41176470588235,8.630077362060547
1021,1021,8.749303817749023,8.680140495300293,173.27777777777777,8.749303817749023
1022,1022,8.157676696777344,9.863144874572754,179.94117647058823,8.157676696777344
1023,1023,9.041903495788574,3.652476072311402,191.875,9.041903495788574
1024,1024,9.455607414245604,5.681934356689453,188.3125,9.455607414245604
1025,1025,9.300810813903809,4.142723560333252,188.5,9.300810813903809
1026,1026,8.592300415039062,9.389522552490234,168.83333333333334,8.592300415039062
1027,1027,8.23124885559082,3.8860130310058594,175.27777777777777,8.23124885559082
1028,1028,8.681601524353027,8.938660621643066,167.8421052631579,8.681601524353027
1029,1029,9.024359703063965,3.559725522994995,182.35294117647055,9.024359703063965
1030,1030,9.038352966308594,6.134987831115723,184.64705882352945,9.038352966308594
1031,1031,8.657055854797363,8.46562385559082,148.47619047619048,8.657055854797363
1032,1032,8.687373161315918,7.161590576171875,160.57894736842104,8.687373161315918
1033,1033,9.069318771362305,4.351508617401123,162.26315789473685,9.069318771362305
1034,1034,8.118497848510742,10.23821258544922,164.0,8.118497848510742
1035,1035,8.937287330627441,6.659757137298584,162.68421052631578,8.937287330627441
1036,1036,10.009028434753418,0.7303845286369324,200.0,10.009028434753418
1037,1037,7.768660068511963,10.628981590270996,148.42857142857142,7.768660068511963
1038,1038,8.59105396270752,4.424569129943848,173.11111111111111,8.59105396270752
1039,1039,8.683870315551758,8.915356636047363,169.0,8.683870315551758
1040,1040,8.712923049926758,8.972923278808594,161.6315789473684,8.712923049926758
1041,1041,9.230721473693848,6.900008201599121,178.7058823529412,9.230721473693848
1042,1042,8.719767570495605,5.215420246124268,157.85,8.719767570495605
1043,1043,8.49779987335205,7.562699317932129,161.57894736842104,8.49779987335205
1044,1044,8.606407165527344,8.138171195983887,164.42105263157896,8.606407165527344
1045,1045,8.691739082336426,6.791185855865479,164.52631578947367,8.691739082336426
1046,1046,7.875579833984375,11.268831253051758,150.2,7.875579833984375
1047,1047,7.71335506439209,10.89439582824707,143.8095238095238,7.71335506439209
1048,1048,8.412915229797363,8.576674461364746,157.95,8.412915229797363
1049,1049,8.74869155883789,10.456110000610352,168.66666666666666,8.74869155883789
1050,1050,9.531597137451172,4.631743907928467,171.16666666666666,9.531597137451172
1051,1051,7.520224571228027,10.218132019042969,151.5,7.520224571228027
1052,1052,8.772647857666016,3.99912691116333,176.72222222222223,8.772647857666016
1053,1053,7.851806640625,7.345595836639404,176.0,7.851806640625
1054,1054,9.31444263458252,1.4449726343154907,190.875,9.31444263458252
1055,1055,10.166190147399902,0.8884794116020203,200.0,10.166190147399902
1056,1056,8.944814682006836,8.29796028137207,177.94117647058823,8.944814682006836
1057,1057,9.475509643554688,5.651072978973389,188.1875,9.475509643554688
1058,1058,7.879384517669678,11.585232734680176,168.88888888888889,7.879384517669678
1059,1059,8.642708778381348,6.082605838775635,165.57894736842104,8.642708778381348
1060,1060,9.780966758728027,0.8744845390319824,200.0,9.780966758728027
1061,1061,7.685564994812012,9.888463020324709,158.1,7.685564994812012
1062,1062,8.041121482849121,11.49569320678711,152.28571428571428,8.041121482849121
1063,1063,9.174324989318848,5.295022487640381,166.77777777777777,9.174324989318848
1064,1064,9.074456214904783,5.765640735626221,182.35294117647055,9.074456214904783
1065,1065,8.447015762329102,5.049241542816162,182.58823529411765,8.447015762329102
1066,1066,8.04724407196045,10.917640686035156,166.8421052631579,8.04724407196045
1067,1067,9.048229217529297,6.236186981201172,175.77777777777777,9.048229217529297
1068,1068,7.442046165466309,9.209979057312012,171.77777777777777,7.442046165466309
1069,1069,8.925568580627441,5.201404571533203,179.05882352941177,8.925568580627441
1070,1070,8.824064254760742,5.551055431365967,188.75,8.824064254760742
1071,1071,8.8026123046875,5.481234550476074,177.11111111111111,8.8026123046875
1072,1072,8.661527633666992,9.233452796936035,177.88235294117646,8.661527633666992
1073,1073,8.677464485168457,6.195862293243408,173.55555555555554,8.677464485168457
1074,1074,8.3430814743042,10.508090019226074,167.78947368421052,8.3430814743042
1075,1075,8.440958023071289,5.441535472869873,151.71428571428572,8.440958023071289
1076,1076,9.084969520568848,8.680612564086914,177.11111111111111,9.084969520568848
1077,1077,9.460503578186035,2.41152024269104,200.0,9.460503578186035
1078,1078,8.770535469055176,5.039951324462891,176.55555555555554,8.770535469055176
1079,1079,8.954546928405762,5.603081226348877,159.05263157894737,8.954546928405762
1080,1080,9.53337574005127,3.924823522567749,190.375,9.53337574005127
1081,1081,7.840110778808594,10.077746391296388,136.45454545454547,7.840110778808594
1082,1082,8.995100975036621,7.891937732696533,166.31578947368422,8.995100975036621
1083,1083,8.335975646972656,11.654019355773926,151.0,8.335975646972656
1084,1084,9.13412380218506,6.330743789672852,179.76470588235293,9.13412380218506
1085,1085,9.784595489501951,4.921835422515869,188.5625,9.784595489501951
1086,1086,7.315128803253174,9.069295883178713,127.2,7.315128803253174
1087,1087,9.05798625946045,6.232076644897461,164.94736842105263,9.05798625946045
1088,1088,8.233068466186523,7.948602676391602,136.34782608695653,8.233068466186523
1089,1089,8.341522216796875,9.643461227416992,161.6315789473684,8.341522216796875
1090,1090,9.412981986999512,4.880694389343262,177.05882352941177,9.412981986999512
1091,1091,8.306081771850586,10.18315601348877,154.1,8.306081771850586
1092,1092,9.127116203308104,2.653489351272583,175.38888888888889,9.127116203308104
1093,1093,9.310487747192385,5.407361030578613,168.5,9.310487747192385
1094,1094,8.605659484863281,12.708313941955566,159.8421052631579,8.605659484863281
1095,1095,8.881022453308105,8.011252403259277,173.05555555555554,8.881022453308105
1096,1096,9.967700004577637,1.4823598861694336,200.0,9.967700004577637
1097,1097,8.622072219848633,7.998800277709961,157.25,8.622072219848633
1098,1098,8.415410041809082,4.928689002990723,151.76190476190476,8.415410041809082
1099,1099,8.900535583496094,10.229053497314451,170.0,8.900535583496094
1100,1100,9.098416328430176,4.835445404052734,181.05882352941177,9.098416328430176
1101,1101,9.251870155334473,4.073000431060791,175.5,9.251870155334473
1102,1102,8.674176216125488,7.304197788238525,167.27777777777777,8.674176216125488
1103,1103,7.664845943450928,12.455557823181152,144.28571428571428,7.664845943450928
1104,1104,8.957024574279785,5.039928913116455,164.73684210526315,8.957024574279785
1105,1105,9.055034637451172,4.9296183586120605,170.66666666666666,9.055034637451172
1106,1106,8.615604400634766,8.37649154663086,168.66666666666666,8.615604400634766
1107,1107,9.252227783203123,3.728297472000122,143.3181818181818,9.252227783203123
1108,1108,8.997807502746582,6.540857791900635,171.16666666666666,8.997807502746582
1109,1109,8.762102127075195,7.319138526916504,155.45,8.762102127075195
1110,1110,9.666054725646973,4.060180187225342,188.4375,9.666054725646973
1111,1111,8.930450439453125,5.46979570388794,172.16666666666666,8.930450439453125
1112,1112,8.597835540771484,5.576191425323486,174.27777777777777,8.597835540771484
1113,1113,8.81113338470459,6.419435501098633,167.83333333333334,8.81113338470459
1114,1114,8.828076362609863,6.060317039489746,179.47058823529412,8.828076362609863
1115,1115,8.383764266967773,9.55882453918457,155.9,8.383764266967773
1116,1116,8.073927879333496,7.471498012542725,171.66666666666666,8.073927879333496
1117,1117,9.149103164672852,4.750326633453369,180.8823529411765,9.149103164672852
1118,1118,8.274137496948242,7.121127605438232,166.52631578947367,8.274137496948242
1119,1119,9.17923641204834,4.647879600524902,189.25,9.17923641204834
1120,1120,10.03107452392578,0.5643550753593445,176.76470588235293,10.03107452392578
1121,1121,9.072193145751951,3.5173325538635254,174.72222222222223,9.072193145751951
1122,1122,8.495148658752441,6.087093830108643,158.57894736842104,8.495148658752441
1123,1123,8.555042266845703,4.869775772094727,160.57894736842104,8.555042266845703
1124,1124,7.9365692138671875,9.01640510559082,150.9,7.9365692138671875
1125,1125,8.061243057250977,10.563243865966797,168.72222222222223,8.061243057250977
1126,1126,8.230932235717773,7.622637271881103,179.88235294117646,8.230932235717773
1127,1127,8.251787185668945,6.837777614593506,151.6,8.251787185668945
1128,1128,8.580986022949219,5.639947414398193,158.57894736842104,8.580986022949219
1129,1129,7.785686016082764,7.491709232330322,144.3181818181818,7.785686016082764
1130,1130,7.33615255355835,8.52550220489502,164.42105263157896,7.33615255355835
1131,1131,8.245445251464844,5.92626953125,172.33333333333334,8.245445251464844
1132,1132,7.644190311431885,5.878323078155518,143.0952380952381,7.644190311431885
1133,1133,9.26207447052002,4.095585346221924,189.4375,9.26207447052002
1134,1134,7.923954963684082,9.24276065826416,158.0,7.923954963684082
1135,1135,7.576897144317627,13.180120468139648,145.0,7.576897144317627
1136,1136,8.014305114746094,8.805017471313477,158.57894736842104,8.014305114746094
1137,1137,7.1267991065979,10.857867240905762,132.6086956521739,7.1267991065979
1138,1138,7.204719066619873,12.428268432617188,138.13636363636363,7.204719066619873
1139,1139,8.070367813110352,7.508575439453125,159.42105263157896,8.070367813110352
1140,1140,8.308892250061035,6.143630027770996,172.05555555555554,8.308892250061035
1141,1141,9.221939086914062,3.966017007827759,176.47058823529412,9.221939086914062
1142,1142,8.732697486877441,6.407594203948975,177.05882352941177,8.732697486877441
1143,1143,8.308707237243652,7.624212741851807,173.27777777777777,8.308707237243652
1144,1144,7.093318939208984,13.592645645141602,151.6,7.093318939208984
1145,1145,9.162400245666504,5.369678020477295,180.8235294117647,9.162400245666504
1146,1146,8.60524845123291,7.235499382019043,166.3684210526316,8.60524845123291
1147,1147,7.843620777130127,7.995219707489014,159.0,7.843620777130127
1148,1148,8.43020248413086,6.2687578201293945,174.66666666666666,8.43020248413086
1149,1149,7.895020484924316,9.940848350524902,155.75,7.895020484924316
1150,1150,7.739414215087891,11.370904922485352,149.9047619047619,7.739414215087891
1151,1151,7.498610019683838,9.719003677368164,137.5,7.498610019683838
1152,1152,8.653460502624512,6.721591472625732,173.0,8.653460502624512
1153,1153,7.748278617858887,7.9129228591918945,137.8695652173913,7.748278617858887
1154,1154,7.486869812011719,10.35368824005127,157.45,7.486869812011719
1155,1155,10.179563522338867,0.4874734580516815,179.11764705882354,10.179563522338867
1156,1156,8.43305778503418,6.09890604019165,156.15,8.43305778503418
1157,1157,8.817832946777344,4.592804908752441,192.5625,8.817832946777344
1158,1158,9.040117263793944,2.772855520248413,179.23529411764707,9.040117263793944
1159,1159,8.61462116241455,7.73029899597168,167.05555555555554,8.61462116241455
1160,1160,7.148692607879639,11.27471160888672,126.29166666666669,7.148692607879639
1161,1161,8.252594947814941,4.820070266723633,160.21052631578948,8.252594947814941
1162,1162,10.041656494140623,0.5975212454795837,200.0,10.041656494140623
1163,1163,9.358107566833496,3.8208045959472656,167.05263157894737,9.358107566833496
1164,1164,9.293413162231444,5.490183353424072,180.23529411764707,9.293413162231444
1165,1165,9.795700073242188,0.9399132132530212,200.0,9.795700073242188
1166,1166,8.232156753540039,4.66877555847168,163.73684210526315,8.232156753540039
1167,1167,8.581619262695312,9.35604763031006,171.88888888888889,8.581619262695312
1168,1168,8.374772071838379,7.209053039550781,167.52631578947367,8.374772071838379
1169,1169,8.317460060119629,6.302365779876709,171.16666666666666,8.317460060119629
1170,1170,9.011459350585938,8.020979881286621,163.89473684210526,9.011459350585938
1171,1171,7.855626106262207,8.406689643859863,160.94736842105263,7.855626106262207
1172,1172,7.351053714752197,13.351658821105955,129.75,7.351053714752197
1173,1173,8.911738395690918,6.205844402313232,171.5,8.911738395690918
1174,1174,8.814579010009766,7.40266752243042,165.31578947368422,8.814579010009766
1175,1175,9.710960388183594,4.986725807189941,188.3125,9.710960388183594
1176,1176,8.195562362670898,7.150189399719238,147.0,8.195562362670898
1177,1177,8.519217491149902,5.621585845947266,168.22222222222223,8.519217491149902
1178,1178,8.703557968139648,9.488752365112305,143.61904761904762,8.703557968139648
1179,1179,8.390856742858887,7.702066421508789,163.31578947368422,8.390856742858887
1180,1180,8.72052001953125,7.932921409606934,173.0,8.72052001953125
1181,1181,8.901313781738281,6.367617130279541,152.14285714285714,8.901313781738281
1182,1182,8.83644962310791,9.215231895446776,170.77777777777777,8.83644962310791
1183,1183,8.240519523620605,6.505005359649658,149.71428571428572,8.240519523620605
1184,1184,7.92218542098999,12.347119331359863,132.0,7.92218542098999
1185,1185,7.730806827545166,9.463709831237791,157.7,7.730806827545166
1186,1186,8.906272888183594,3.063875198364258,160.78947368421052,8.906272888183594
1187,1187,9.063008308410645,4.037265300750732,175.33333333333334,9.063008308410645
1188,1188,9.042633056640623,5.378041744232178,167.22222222222223,9.042633056640623
1189,1189,9.119495391845703,3.301585912704468,200.0,9.119495391845703
1190,1190,8.23137092590332,9.224252700805664,153.55,8.23137092590332
1191,1191,9.055184364318848,3.37067985534668,168.05555555555554,9.055184364318848
1192,1192,8.475118637084961,7.105930328369141,166.57894736842104,8.475118637084961
1193,1193,8.873449325561523,7.597053050994873,154.4,8.873449325561523
1194,1194,8.58751106262207,6.44096565246582,172.83333333333334,8.58751106262207
1195,1195,9.105034828186035,5.217330932617188,155.85,9.105034828186035
1196,1196,8.741019248962402,4.154065132141113,155.65,8.741019248962402
1197,1197,8.7147798538208,7.777998447418213,168.26315789473685,8.7147798538208
1198,1198,7.957780838012695,9.678059577941896,121.92307692307692,7.957780838012695
1199,1199,8.050561904907227,9.764944076538086,125.125,8.050561904907227
1200,1200,8.631852149963379,6.322347164154053,167.3684210526316,8.631852149963379
1201,1201,9.440399169921877,3.3976480960845947,173.0,9.440399169921877
1202,1202,8.966732025146484,6.187445163726807,166.77777777777777,8.966732025146484
1203,1203,9.308420181274414,5.78041934967041,183.2941176470588,9.308420181274414
1204,1204,8.985820770263672,4.716152191162109,169.55555555555554,8.985820770263672
1205,1205,7.917522430419922,11.738921165466309,148.85714285714286,7.917522430419922
1206,1206,9.068402290344238,3.944158554077149,191.1875,9.068402290344238
1207,1207,9.082639694213867,3.340805053710937,179.23529411764707,9.082639694213867
1208,1208,9.045063018798828,7.713503837585449,166.0,9.045063018798828
1209,1209,9.29084014892578,2.9233736991882324,163.6315789473684,9.29084014892578
1210,1210,8.949896812438965,7.3743791580200195,166.47368421052633,8.949896812438965
1211,1211,9.011402130126951,8.316826820373535,168.0,9.011402130126951
1212,1212,9.434210777282717,4.132856845855713,174.0,9.434210777282717
1213,1213,9.027560234069824,8.511219024658203,170.94444444444446,9.027560234069824
1214,1214,9.461037635803224,4.072824954986572,182.8823529411765,9.461037635803224
1215,1215,9.833739280700684,2.1640467643737797,176.94117647058823,9.833739280700684
1216,1216,8.354087829589844,10.231575012207031,151.85714285714286,8.354087829589844
1217,1217,8.67466926574707,5.223842144012451,158.45,8.67466926574707
1218,1218,8.33098316192627,8.617911338806152,169.72222222222223,8.33098316192627
1219,1219,9.136800765991213,5.348003387451172,169.16666666666666,9.136800765991213
1220,1220,8.689135551452637,10.002728462219238,150.0952380952381,8.689135551452637
1221,1221,9.39676284790039,5.164287567138672,164.57894736842104,9.39676284790039
1222,1222,9.241841316223145,6.17206621170044,180.23529411764707,9.241841316223145
1223,1223,9.385934829711914,5.839902400970459,188.75,9.385934829711914
1224,1224,9.770641326904297,2.2491347789764404,174.0,9.770641326904297
1225,1225,9.542017936706545,2.015381097793579,158.31578947368422,9.542017936706545
1226,1226,7.411211967468262,10.660247802734377,141.86363636363637,7.411211967468262
1227,1227,8.806053161621094,5.012840747833252,166.78947368421052,8.806053161621094
1228,1228,9.340476989746094,5.138175010681152,177.94117647058823,9.340476989746094
1229,1229,8.925468444824219,4.518439769744873,162.42105263157896,8.925468444824219
1230,1230,8.221673965454102,9.95492172241211,154.5,8.221673965454102
1231,1231,8.6976318359375,6.426201820373535,163.57894736842104,8.6976318359375
1232,1232,7.961845874786377,12.126032829284668,136.63636363636363,7.961845874786377
1233,1233,8.899873733520508,7.0757317543029785,156.65,8.899873733520508
1234,1234,7.817626476287842,11.831189155578612,137.30434782608697,7.817626476287842
1235,1235,8.780891418457031,8.932392120361328,147.95238095238096,8.780891418457031
1236,1236,8.168128967285156,11.74624729156494,147.57142857142858,8.168128967285156
1237,1237,7.874996185302734,10.968844413757324,133.7826086956522,7.874996185302734
1238,1238,8.782999038696289,4.593775749206543,156.9,8.782999038696289
1239,1239,9.638463020324709,2.428903579711914,166.68421052631578,9.638463020324709
1240,1240,8.346385955810547,8.683396339416504,143.77272727272728,8.346385955810547
1241,1241,8.981423377990723,5.8680572509765625,158.31578947368422,8.981423377990723
1242,1242,8.263286590576172,9.410743713378906,149.57142857142858,8.263286590576172
1243,1243,9.177184104919434,6.835306167602539,162.1578947368421,9.177184104919434
1244,1244,8.208952903747559,9.759754180908203,150.2,8.208952903747559
1245,1245,9.187979698181152,4.209334850311279,167.22222222222223,9.187979698181152
1246,1246,9.093423843383787,6.018206596374512,153.6,9.093423843383787
1247,1247,8.773096084594727,6.996168613433838,164.47368421052633,8.773096084594727
1248,1248,9.462808609008787,5.0182623863220215,188.5,9.462808609008787
1249,1249,8.227730751037598,9.472089767456056,160.57894736842104,8.227730751037598
1250,1250,9.164393424987791,5.760307312011719,166.26315789473685,9.164393424987791
1251,1251,9.366561889648438,2.564452171325684,166.6315789473684,9.366561889648438
1252,1252,9.214828491210938,7.122665882110596,171.05555555555554,9.214828491210938
1253,1253,9.753822326660156,3.847776174545288,179.94117647058823,9.753822326660156
1254,1254,8.188943862915039,8.26916217803955,150.15,8.188943862915039
1255,1255,9.337166786193848,5.4052815437316895,171.33333333333334,9.337166786193848
1256,1256,8.612686157226562,6.108564376831055,168.3684210526316,8.612686157226562
1257,1257,7.914331912994385,8.558991432189941,151.2,7.914331912994385
1258,1258,7.984953880310059,8.836840629577637,169.22222222222223,7.984953880310059
1259,1259,7.2025017738342285,12.390924453735352,145.57142857142858,7.2025017738342285
1260,1260,7.394874572753906,8.570491790771484,150.4,7.394874572753906
1261,1261,7.952101707458496,6.879607677459717,188.875,7.952101707458496
1262,1262,8.250276565551758,7.886971950531006,183.52941176470588,8.250276565551758
1263,1263,7.918463230133057,10.900583267211914,155.15,7.918463230133057
1264,1264,7.98821496963501,9.792927742004396,179.05882352941177,7.98821496963501
1265,1265,8.080974578857422,8.628877639770508,167.22222222222223,8.080974578857422
1266,1266,8.256248474121094,12.183202743530272,170.0,8.256248474121094
1267,1267,9.248892784118652,4.108748435974121,191.375,9.248892784118652
1268,1268,9.553893089294434,3.5229005813598637,189.9375,9.553893089294434
1269,1269,8.325974464416504,10.590017318725586,162.10526315789474,8.325974464416504
1270,1270,8.580305099487305,8.230956077575684,188.1875,8.580305099487305
1271,1271,8.293583869934082,8.287314414978027,159.57894736842104,8.293583869934082
1272,1272,7.551275730133057,8.286162376403809,154.95,7.551275730133057
1273,1273,7.401546001434326,14.20886516571045,143.52380952380952,7.401546001434326
1274,1274,8.580485343933105,3.761626720428467,177.52941176470588,8.580485343933105
1275,1275,7.260993480682373,11.124820709228516,151.76190476190476,7.260993480682373
1276,1276,6.975305080413818,16.361085891723633,130.7391304347826,6.975305080413818
1277,1277,7.713549613952637,9.479559898376465,158.55,7.713549613952637
1278,1278,7.190269947052002,11.913061141967772,132.2608695652174,7.190269947052002
1279,1279,7.7126617431640625,10.622961044311523,168.38888888888889,7.7126617431640625
1280,1280,6.89106035232544,11.452242851257324,126.92,6.89106035232544
1281,1281,8.899439811706543,7.704562664031982,180.4705882352941,8.899439811706543
1282,1282,8.61463451385498,7.105130195617676,173.16666666666666,8.61463451385498
1283,1283,8.20375919342041,9.595908164978027,167.83333333333334,8.20375919342041
1284,1284,7.999781608581543,9.499128341674805,163.73684210526315,7.999781608581543
1285,1285,8.461769104003906,6.948705196380615,160.52631578947367,8.461769104003906
1286,1286,8.439064979553223,7.565635681152344,179.88235294117646,8.439064979553223
1287,1287,8.642244338989258,6.289450645446777,176.94117647058823,8.642244338989258
1288,1288,9.27497386932373,3.9393727779388423,175.77777777777777,9.27497386932373
1289,1289,7.721836090087891,11.945794105529783,159.7,7.721836090087891
1290,1290,7.740046501159668,9.487150192260742,164.21052631578948,7.740046501159668
1291,1291,6.9959917068481445,14.601553916931152,136.77272727272728,6.9959917068481445
1292,1292,8.637709617614746,9.557821273803713,172.33333333333334,8.637709617614746
1293,1293,7.987524509429932,11.346054077148438,143.77272727272728,7.987524509429932
1294,1294,8.590953826904297,7.539092063903809,178.35294117647058,8.590953826904297
1295,1295,8.62420654296875,6.515869140625,164.94736842105263,8.62420654296875
1296,1296,8.989771842956543,7.431023597717285,173.5,8.989771842956543
1297,1297,9.17674446105957,8.33707046508789,165.89473684210526,9.17674446105957
1298,1298,8.181206703186035,9.771050453186035,156.2,8.181206703186035
1299,1299,8.647941589355469,9.089605331420898,178.05882352941177,8.647941589355469
1300,1300,8.949054718017578,10.068803787231444,164.8421052631579,8.949054718017578
1301,1301,9.115324020385742,4.674695014953613,166.57894736842104,9.115324020385742
1302,1302,9.439988136291504,3.532163143157959,185.2941176470588,9.439988136291504
1303,1303,9.240752220153809,5.905742168426514,155.0,9.240752220153809
1304,1304,9.324487686157228,4.375274658203125,166.10526315789474,9.324487686157228
1305,1305,8.203540802001953,7.929686069488525,161.8421052631579,8.203540802001953
1306,1306,8.600237846374512,9.038763046264648,159.6315789473684,8.600237846374512
1307,1307,9.34671401977539,3.836936473846436,189.875,9.34671401977539
1308,1308,9.20242404937744,6.807637691497803,172.55555555555554,9.20242404937744
1309,1309,9.334779739379885,5.601829528808594,182.4705882352941,9.334779739379885
1310,1310,8.992902755737305,5.512239456176758,167.8421052631579,8.992902755737305
1311,1311,8.367323875427246,9.114689826965332,139.5909090909091,8.367323875427246
1312,1312,8.060778617858887,6.029130458831787,136.30434782608697,8.060778617858887
1313,1313,9.33963394165039,8.511930465698242,171.44444444444446,9.33963394165039
1314,1314,8.741840362548828,5.642664909362793,151.0,8.741840362548828
1315,1315,9.847625732421877,2.1461048126220703,177.11111111111111,9.847625732421877
1316,1316,9.30144500732422,6.463412284851074,181.05882352941177,9.30144500732422
1317,1317,8.139761924743652,9.028700828552246,156.55,8.139761924743652
1318,1318,9.124667167663574,6.366702556610107,177.33333333333334,9.124667167663574
1319,1319,9.204364776611328,2.6029915809631348,173.94444444444446,9.204364776611328
1320,1320,9.738513946533203,1.9039790630340576,190.6875,9.738513946533203
1321,1321,9.832959175109863,4.115870475769043,181.64705882352945,9.832959175109863
1322,1322,8.664740562438965,7.531179904937744,168.55555555555554,8.664740562438965
1323,1323,8.493324279785156,9.573822021484377,148.47619047619048,8.493324279785156
1324,1324,9.339569091796877,4.878685474395752,180.41176470588235,9.339569091796877
1325,1325,9.5874662399292,1.8828670978546145,173.5,9.5874662399292
1326,1326,8.912355422973633,9.488420486450195,172.16666666666666,8.912355422973633
1327,1327,9.024269104003906,4.7755513191223145,160.1578947368421,9.024269104003906
1328,1328,8.73884105682373,7.492380142211914,164.89473684210526,8.73884105682373
1329,1329,8.58950138092041,8.806243896484375,146.66666666666666,8.58950138092041
1330,1330,9.041665077209473,6.144822120666504,177.61111111111111,9.041665077209473
1331,1331,8.567152976989746,8.478727340698242,166.8421052631579,8.567152976989746
1332,1332,8.521489143371582,11.196024894714355,162.8421052631579,8.521489143371582
1333,1333,8.046890258789062,9.490982055664062,163.21052631578948,8.046890258789062
1334,1334,9.581354141235352,2.444730520248413,173.11111111111111,9.581354141235352
1335,1335,8.866036415100098,4.775241851806641,190.875,8.866036415100098
1336,1336,8.760847091674805,5.089982509613037,179.58823529411765,8.760847091674805
1337,1337,8.72797679901123,10.171659469604492,179.76470588235293,8.72797679901123
1338,1338,9.24078369140625,3.786707162857056,177.33333333333334,9.24078369140625
1339,1339,8.665923118591309,6.697046279907227,176.22222222222223,8.665923118591309
1340,1340,10.043445587158203,1.6326746940612793,193.75,10.043445587158203
1341,1341,9.327152252197266,5.039021015167236,176.77777777777777,9.327152252197266
1342,1342,9.073371887207031,8.344210624694824,179.35294117647058,9.073371887207031
1343,1343,9.36563491821289,1.7285374402999878,182.11764705882356,9.36563491821289
1344,1344,7.239022254943848,7.783433437347412,144.0952380952381,7.239022254943848
1345,1345,8.142437934875488,8.535882949829102,164.10526315789474,8.142437934875488
1346,1346,8.47533893585205,8.80472183227539,164.57894736842104,8.47533893585205
1347,1347,8.332053184509277,5.92037296295166,176.88235294117646,8.332053184509277
1348,1348,8.774955749511719,6.357203960418701,181.0,8.774955749511719
1349,1349,9.177456855773926,3.735018491744995,180.1764705882353,9.177456855773926
1350,1350,8.824769973754883,2.971011161804199,189.5,8.824769973754883
1351,1351,9.04617691040039,3.3183224201202397,200.0,9.04617691040039
1352,1352,8.330742835998535,6.4386372566223145,166.05263157894737,8.330742835998535
1353,1353,9.527668952941896,3.295461893081665,198.6875,9.527668952941896
1354,1354,8.415680885314941,4.727904319763184,200.0,8.415680885314941
1355,1355,9.958772659301758,1.2969787120819092,187.23529411764707,9.958772659301758
1356,1356,8.671595573425293,5.710185527801514,171.38888888888889,8.671595573425293
1357,1357,8.156963348388672,6.791724681854248,155.6,8.156963348388672
1358,1358,8.196971893310547,8.165087699890137,172.44444444444446,8.196971893310547
1359,1359,7.777536869049072,6.203772068023682,173.0,7.777536869049072
1360,1360,8.693913459777832,8.565303802490234,181.8823529411765,8.693913459777832
1361,1361,7.722230911254883,8.157220840454102,185.4705882352941,7.722230911254883
1362,1362,8.234338760375977,4.610087394714356,177.58823529411765,8.234338760375977
1363,1363,8.144733428955078,7.643517971038818,165.1578947368421,8.144733428955078
1364,1364,8.61082649230957,4.692533016204834,188.0,8.61082649230957
1365,1365,7.201582908630371,8.676108360290527,170.55555555555554,7.201582908630371
1366,1366,7.133463382720947,9.712310791015623,168.77777777777777,7.133463382720947
1367,1367,7.733593463897705,9.330348014831545,188.25,7.733593463897705
1368,1368,6.605067729949951,10.89573097229004,142.72727272727272,6.605067729949951
1369,1369,6.659237861633301,9.939356803894045,138.6818181818182,6.659237861633301
1370,1370,6.569511413574219,11.765377044677734,142.0909090909091,6.569511413574219
1371,1371,7.450907230377197,9.409295082092283,154.25,7.450907230377197
1372,1372,5.489212512969971,10.968209266662598,105.03448275862068,5.489212512969971
1373,1373,7.778707504272461,5.393964767456055,165.10526315789474,7.778707504272461
1374,1374,6.1564531326293945,9.061525344848633,122.07692307692308,6.1564531326293945
1375,1375,6.97043514251709,11.295817375183104,134.65217391304347,6.97043514251709
1376,1376,6.706320762634277,8.280451774597168,136.91304347826087,6.706320762634277
1377,1377,7.550241947174072,7.078885555267334,174.05555555555554,7.550241947174072
1378,1378,7.84371280670166,7.273338794708252,176.05555555555554,7.84371280670166
1379,1379,7.047873497009277,8.15872573852539,169.0,7.047873497009277
1380,1380,7.814274311065674,5.486298561096191,184.64705882352945,7.814274311065674
1381,1381,6.182919979095459,8.94485092163086,151.15,6.182919979095459
1382,1382,7.906945705413818,5.931291103363037,178.2941176470588,7.906945705413818
1383,1383,7.199751377105713,8.032622337341309,156.15,7.199751377105713
1384,1384,7.880520343780518,4.813043594360352,171.44444444444446,7.880520343780518
1385,1385,6.853219509124756,8.308481216430664,150.55,6.853219509124756
1386,1386,8.41259765625,2.339488983154297,192.9375,8.41259765625
1387,1387,6.715909481048584,12.107412338256836,149.0952380952381,6.715909481048584
1388,1388,7.755245685577393,7.999939918518066,170.72222222222223,7.755245685577393
1389,1389,6.311712741851807,8.28669548034668,144.3181818181818,6.311712741851807
1390,1390,7.243251800537109,6.196499347686768,167.47368421052633,7.243251800537109
1391,1391,6.449519157409668,11.236844062805176,138.5,6.449519157409668
1392,1392,9.390762329101562,1.9096336364746092,190.5,9.390762329101562
1393,1393,7.69664716720581,5.638125419616699,164.0,7.69664716720581
1394,1394,8.49304485321045,4.651618003845215,190.125,8.49304485321045
1395,1395,8.279607772827148,4.028181552886963,177.2941176470588,8.279607772827148
1396,1396,7.835609912872314,4.958136558532715,166.31578947368422,7.835609912872314
1397,1397,7.135008335113525,10.537952423095703,151.52380952380952,7.135008335113525
1398,1398,7.888113021850586,10.227775573730469,169.88888888888889,7.888113021850586
1399,1399,7.783714294433594,6.930818557739258,169.72222222222223,7.783714294433594
1400,1400,7.714528560638428,8.721297264099121,159.0,7.714528560638428
1401,1401,8.494280815124512,4.195865631103516,184.2941176470588,8.494280815124512
1402,1402,7.893918991088867,7.86939525604248,174.33333333333334,7.893918991088867
1403,1403,6.86886739730835,10.645142555236816,158.21052631578948,6.86886739730835
1404,1404,8.235419273376465,2.8052146434783936,191.25,8.235419273376465
1405,1405,7.767661571502685,5.562119960784912,185.76470588235293,7.767661571502685
1406,1406,7.786200523376465,8.146178245544434,170.5,7.786200523376465
1407,1407,7.4706292152404785,5.777472972869873,182.23529411764707,7.4706292152404785
1408,1408,8.441492080688477,5.013416767120361,181.8235294117647,8.441492080688477
1409,1409,7.795929908752441,7.966259956359863,169.22222222222223,7.795929908752441
1410,1410,8.132086753845215,10.959895133972168,165.89473684210526,8.132086753845215
1411,1411,8.220355987548828,9.339648246765137,167.16666666666666,8.220355987548828
1412,1412,8.500873565673828,3.604502439498901,200.0,8.500873565673828
1413,1413,8.171749114990234,3.7148568630218506,170.0,8.171749114990234
1414,1414,7.89136266708374,4.957320690155029,186.0,7.89136266708374
1415,1415,8.579662322998047,5.494363784790039,176.55555555555554,8.579662322998047
1416,1416,8.371363639831543,9.33771514892578,169.11111111111111,8.371363639831543
1417,1417,8.118307113647461,6.1948018074035645,169.11111111111111,8.118307113647461
1418,1418,8.519803047180176,5.719255447387695,177.7058823529412,8.519803047180176
1419,1419,7.681932926177978,7.634859561920166,145.76190476190476,7.681932926177978
1420,1420,7.991170883178711,7.259066104888916,169.38888888888889,7.991170883178711
1421,1421,7.939756870269775,10.38847827911377,159.55,7.939756870269775
1422,1422,8.013580322265625,7.418626308441162,158.8,8.013580322265625
1423,1423,8.81285285949707,4.980375289916992,180.52941176470588,8.81285285949707
1424,1424,7.856012344360352,8.813419342041016,169.44444444444446,7.856012344360352
1425,1425,6.98729419708252,9.92999267578125,157.9,6.98729419708252
1426,1426,7.921874046325684,8.997671127319336,178.0,7.921874046325684
1427,1427,8.096465110778809,7.122706413269043,174.66666666666666,8.096465110778809
1428,1428,8.366584777832031,3.6459827423095694,165.6315789473684,8.366584777832031
1429,1429,9.181553840637209,1.8172972202301023,175.61111111111111,9.181553840637209
1430,1430,8.154276847839355,8.764071464538574,163.0,8.154276847839355
1431,1431,8.237733840942383,8.040077209472656,154.0,8.237733840942383
1432,1432,10.032143592834473,0.608467161655426,190.375,10.032143592834473
1433,1433,9.604884147644045,2.529362201690674,188.5625,9.604884147644045
1434,1434,7.293449401855469,9.647661209106444,155.75,7.293449401855469
1435,1435,8.560511589050293,7.512124061584473,169.66666666666666,8.560511589050293
1436,1436,9.022725105285645,3.095465660095215,186.23529411764707,9.022725105285645
1437,1437,7.986759662628174,9.91658878326416,148.57142857142858,7.986759662628174
1438,1438,8.753087043762207,5.119307994842529,200.0,8.753087043762207
1439,1439,8.845123291015625,6.752621173858643,178.76470588235293,8.845123291015625
1440,1440,8.675419807434082,6.603067874908447,167.47368421052633,8.675419807434082
1441,1441,7.894499778747559,9.71082592010498,170.27777777777777,7.894499778747559
1442,1442,7.638370513916016,4.675565242767334,161.8421052631579,7.638370513916016
1443,1443,8.130373001098633,10.69736099243164,163.8421052631579,8.130373001098633
1444,1444,9.000006675720215,2.1707026958465576,200.0,9.000006675720215
1445,1445,8.406394004821777,7.581429481506348,173.88888888888889,8.406394004821777
1446,1446,7.069361209869385,10.66177463531494,150.1,7.069361209869385
1447,1447,8.949175834655762,6.097220420837402,185.8823529411765,8.949175834655762
1448,1448,9.192092895507812,3.230257511138916,200.0,9.192092895507812
1449,1449,8.376483917236328,4.175445079803467,162.57894736842104,8.376483917236328
1450,1450,9.082212448120115,3.135781764984131,185.4705882352941,9.082212448120115
1451,1451,8.456279754638672,8.601644515991211,188.125,8.456279754638672
1452,1452,7.0006866455078125,13.49417781829834,147.85714285714286,7.0006866455078125
1453,1453,8.148119926452637,6.550462245941162,180.41176470588235,8.148119926452637
1454,1454,7.676262378692627,7.719519138336182,163.1578947368421,7.676262378692627
1455,1455,7.545225620269775,9.57298469543457,158.6,7.545225620269775
1456,1456,8.26741886138916,7.678711414337158,178.1764705882353,8.26741886138916
1457,1457,7.185174465179443,11.475174903869627,154.75,7.185174465179443
1458,1458,7.158032417297363,9.616315841674805,151.9,7.158032417297363
1459,1459,8.250271797180176,9.169052124023438,156.25,8.250271797180176
1460,1460,7.495697021484375,5.300899028778076,174.16666666666666,7.495697021484375
1461,1461,7.12449312210083,13.065861701965332,142.04545454545453,7.12449312210083
1462,1462,6.984785079956055,12.576828956604004,136.8181818181818,6.984785079956055
1463,1463,8.946528434753418,4.321843147277832,183.11764705882356,8.946528434753418
1464,1464,7.993498802185059,9.564997673034668,150.85,7.993498802185059
1465,1465,8.810184478759766,4.7313618659973145,182.58823529411765,8.810184478759766
1466,1466,8.458319664001465,5.637828826904297,200.0,8.458319664001465
1467,1467,8.857841491699219,4.057888031005859,177.38888888888889,8.857841491699219
1468,1468,7.405111789703369,10.146865844726562,177.05882352941177,7.405111789703369
1469,1469,8.11386489868164,6.874601364135742,172.77777777777777,8.11386489868164
1470,1470,7.656983852386475,9.65119457244873,157.35,7.656983852386475
1471,1471,7.394083976745605,6.972393989562988,161.05263157894737,7.394083976745605
1472,1472,7.941970825195312,8.043148040771484,178.88235294117646,7.941970825195312
1473,1473,8.209908485412598,7.005704402923584,171.16666666666666,8.209908485412598
1474,1474,7.533201694488525,12.711468696594238,160.89473684210526,7.533201694488525
1475,1475,7.673973083496094,10.175150871276855,158.0,7.673973083496094
1476,1476,8.835746765136719,4.816802024841309,179.94117647058823,8.835746765136719
1477,1477,8.155061721801758,6.426252841949463,184.2941176470588,8.155061721801758
1478,1478,9.320921897888184,5.121098041534424,188.4375,9.320921897888184
1479,1479,8.407292366027832,10.225164413452148,155.3,8.407292366027832
1480,1480,9.56293773651123,1.6426453590393066,187.5625,9.56293773651123
1481,1481,8.418309211730957,6.259757041931152,154.25,8.418309211730957
1482,1482,8.532977104187012,8.507200241088867,163.52631578947367,8.532977104187012
1483,1483,8.471881866455078,7.552722454071045,153.8,8.471881866455078
1484,1484,8.372526168823242,7.527468204498291,152.9,8.372526168823242
1485,1485,9.185171127319336,4.645891189575195,168.55555555555554,9.185171127319336
1486,1486,7.396080493927002,10.591901779174805,121.12,7.396080493927002
1487,1487,8.202467918395996,10.665125846862791,144.13636363636363,8.202467918395996
1488,1488,9.146893501281738,4.990005016326904,163.1578947368421,9.146893501281738
1489,1489,9.389731407165527,4.252635002136231,184.4705882352941,9.389731407165527
1490,1490,8.922025680541992,6.687139987945557,158.7,8.922025680541992
1491,1491,9.035483360290527,7.42671012878418,170.33333333333334,9.035483360290527
1492,1492,7.49448823928833,11.689196586608888,139.08695652173913,7.49448823928833
1493,1493,10.027878761291504,0.6331061720848083,200.0,10.027878761291504
1494,1494,7.8310866355896,13.56324863433838,138.34782608695653,7.8310866355896
1495,1495,9.416277885437012,3.541039228439331,161.05263157894737,9.416277885437012
1496,1496,9.71767520904541,2.917732715606689,188.875,9.71767520904541
1497,1497,9.498717308044434,2.92096209526062,167.31578947368422,9.498717308044434
1498,1498,9.28285026550293,4.058733940124512,179.05882352941177,9.28285026550293
1499,1499,9.077728271484377,7.168516159057617,165.89473684210526,9.077728271484377
1500,1500,8.898395538330078,6.37900972366333,166.66666666666666,8.898395538330078
1501,1501,8.928714752197266,7.549689292907715,178.1764705882353,8.928714752197266
1502,1502,9.834213256835938,2.6145644187927246,200.0,9.834213256835938
1503,1503,9.525312423706056,4.672330379486084,188.5625,9.525312423706056
1504,1504,9.506477355957031,3.0516061782836914,179.88235294117646,9.506477355957031
1505,1505,8.06350040435791,10.488163948059082,139.0,8.06350040435791
1506,1506,7.962903499603271,8.382538795471191,158.65,7.962903499603271
1507,1507,9.072179794311523,4.654951095581055,175.33333333333334,9.072179794311523
1508,1508,8.434542655944824,6.896544933319092,149.57142857142858,8.434542655944824
1509,1509,9.424569129943848,6.730134010314941,175.94444444444446,9.424569129943848
1510,1510,8.997350692749023,8.709064483642578,171.11111111111111,8.997350692749023
1511,1511,9.481778144836426,3.951528787612915,166.8421052631579,9.481778144836426
1512,1512,9.901192665100098,0.886686384677887,200.0,9.901192665100098
1513,1513,9.274209976196287,6.452460765838623,178.52941176470588,9.274209976196287
1514,1514,9.354034423828123,5.158439159393311,159.8,9.354034423828123
1515,1515,8.60619068145752,9.64352035522461,159.75,8.60619068145752
1516,1516,8.512531280517578,8.172452926635742,163.1578947368421,8.512531280517578
1517,1517,9.43447208404541,2.744821786880493,185.11764705882356,9.43447208404541
1518,1518,8.45771312713623,7.325260162353516,144.8095238095238,8.45771312713623
1519,1519,8.611376762390137,9.35740852355957,162.47368421052633,8.611376762390137
1520,1520,8.576131820678711,10.365009307861328,162.68421052631578,8.576131820678711
1521,1521,8.970800399780273,9.112833976745604,151.57142857142858,8.970800399780273
1522,1522,9.249879837036133,6.456666946411133,150.5,9.249879837036133
1523,1523,9.73387050628662,4.2120513916015625,188.625,9.73387050628662
1524,1524,8.287906646728516,9.802531242370604,138.3181818181818,8.287906646728516
1525,1525,8.561982154846191,7.450098037719727,150.55,8.561982154846191
1526,1526,10.170817375183104,3.4287497997283936,188.5,10.170817375183104
1527,1527,9.800342559814451,5.83734130859375,180.76470588235293,9.800342559814451
1528,1528,8.241738319396973,10.7747163772583,155.1,8.241738319396973
1529,1529,9.4171781539917,6.259732246398926,152.3,9.4171781539917
1530,1530,8.654336929321289,8.696928024291992,150.4,8.654336929321289
1531,1531,8.53679084777832,9.61294651031494,161.8421052631579,8.53679084777832
1532,1532,9.345579147338867,5.3633809089660645,163.52631578947367,9.345579147338867
1533,1533,8.868025779724121,7.899462699890137,156.3,8.868025779724121
1534,1534,9.868351936340332,1.1930721998214722,200.0,9.868351936340332
1535,1535,9.57946491241455,2.0594940185546875,153.35,9.57946491241455
1536,1536,8.925104141235352,7.328041553497314,150.3,8.925104141235352
1537,1537,8.33250904083252,9.755134582519531,152.04761904761904,8.33250904083252
1538,1538,9.114742279052734,6.342698574066162,165.47368421052633,9.114742279052734
1539,1539,9.603187561035156,5.196758270263672,188.375,9.603187561035156
1540,1540,8.410707473754883,9.22336769104004,137.77272727272728,8.410707473754883
1541,1541,8.192008018493652,13.368082046508787,138.72727272727272,8.192008018493652
1542,1542,8.908012390136719,7.720560550689697,153.65,8.908012390136719
1543,1543,10.093027114868164,0.8605183959007263,194.0,10.093027114868164
1544,1544,8.588292121887207,6.43321704864502,158.7,8.588292121887207
1545,1545,9.806109428405762,4.479921340942383,179.05882352941177,9.806109428405762
1546,1546,8.813933372497559,7.732022285461426,151.52380952380952,8.813933372497559
1547,1547,9.864981651306152,4.025416374206543,188.6875,9.864981651306152
1548,1548,7.934592247009277,7.972372531890869,145.04761904761904,7.934592247009277
1549,1549,9.414956092834473,5.735944747924805,166.57894736842104,9.414956092834473
1550,1550,9.67146110534668,5.580147743225098,188.375,9.67146110534668
1551,1551,9.202610969543455,7.052897930145264,170.55555555555554,9.202610969543455
1552,1552,8.807672500610352,8.528578758239746,152.23809523809524,8.807672500610352
1553,1553,9.250234603881836,4.914672374725342,172.77777777777777,9.250234603881836
1554,1554,8.872248649597168,6.673456192016602,166.31578947368422,8.872248649597168
1555,1555,8.678352355957031,6.708037376403809,152.55,8.678352355957031
1556,1556,8.554548263549805,5.934780120849609,150.14285714285714,8.554548263549805
1557,1557,8.626049995422363,6.826393127441406,128.75,8.626049995422363
1558,1558,9.676850318908691,3.0103185176849365,165.05263157894737,9.676850318908691
1559,1559,7.915113925933838,10.022379875183104,137.69565217391303,7.915113925933838
1560,1560,8.606042861938477,11.937689781188965,154.35,8.606042861938477
1561,1561,9.521970748901367,6.572759628295898,182.52941176470588,9.521970748901367
1562,1562,8.792694091796875,8.7496919631958,145.13636363636363,8.792694091796875
1563,1563,8.954139709472656,5.12252950668335,165.94736842105263,8.954139709472656
1564,1564,9.178831100463867,10.034229278564451,163.73684210526315,9.178831100463867
1565,1565,7.934192180633545,12.408873558044434,139.04347826086956,7.934192180633545
1566,1566,7.664886474609375,12.88309097290039,128.83333333333334,7.664886474609375
1567,1567,8.88656997680664,6.810341835021973,146.9047619047619,8.88656997680664
1568,1568,9.592768669128418,4.479308605194092,167.11111111111111,9.592768669128418
1569,1569,9.075188636779783,7.166234016418457,160.1578947368421,9.075188636779783
1570,1570,9.976774215698242,1.9299920797348025,182.35294117647055,9.976774215698242
1571,1571,8.632169723510742,7.560714721679687,157.7,8.632169723510742
1572,1572,8.534021377563477,7.497870922088623,143.0,8.534021377563477
1573,1573,9.7068510055542,7.193042278289795,178.58823529411765,9.7068510055542
1574,1574,9.66237735748291,2.479792594909668,180.64705882352945,9.66237735748291
1575,1575,10.053152084350586,1.5372672080993652,167.52631578947367,10.053152084350586
1576,1576,9.04497528076172,9.255293846130373,156.1,9.04497528076172
1577,1577,9.213412284851074,5.254856109619141,157.55,9.213412284851074
1578,1578,9.17867946624756,4.657644748687744,152.55,9.17867946624756
1579,1579,9.27270221710205,4.587186336517334,159.1578947368421,9.27270221710205
1580,1580,9.039346694946287,5.971490859985352,175.16666666666666,9.039346694946287
1581,1581,9.821709632873535,4.619863033294678,174.83333333333334,9.821709632873535
1582,1582,8.193819999694824,9.643787384033203,135.8695652173913,8.193819999694824
1583,1583,9.5673828125,4.233904838562012,167.33333333333334,9.5673828125
1584,1584,8.652023315429688,7.114222526550293,140.77272727272728,8.652023315429688
1585,1585,9.64096450805664,2.3834340572357178,173.94444444444446,9.64096450805664
1586,1586,8.532761573791504,7.116987705230713,131.2608695652174,8.532761573791504
1587,1587,8.785072326660156,5.220925331115723,127.45833333333331,8.785072326660156
1588,1588,9.185973167419434,4.687614440917969,188.4375,9.185973167419434
1589,1589,7.510715484619141,11.445882797241213,120.76,7.510715484619141
1590,1590,9.752707481384276,1.8502321243286133,184.41176470588235,9.752707481384276
1591,1591,8.81356143951416,10.603790283203123,158.3684210526316,8.81356143951416
1592,1592,9.194025993347168,6.072689533233643,151.55,9.194025993347168
1593,1593,9.47319221496582,2.755673408508301,159.15,9.47319221496582
1594,1594,9.027579307556152,6.85694694519043,168.55555555555554,9.027579307556152
1595,1595,8.935437202453613,4.211437225341797,176.38888888888889,8.935437202453613
1596,1596,7.906383037567139,11.35565185546875,149.0952380952381,7.906383037567139
1597,1597,9.244983673095703,6.830711841583252,159.85,9.244983673095703
1598,1598,8.900067329406738,5.447178840637207,156.7,8.900067329406738
1599,1599,10.061779022216797,1.2274821996688845,200.0,10.061779022216797
1600,1600,9.462974548339844,7.090152263641357,166.05263157894737,9.462974548339844
1601,1601,8.808161735534668,7.989529609680176,145.61904761904762,8.808161735534668
1602,1602,9.186872482299805,4.6673665046691895,156.95,9.186872482299805
1603,1603,8.878499984741211,4.796507835388184,145.13636363636363,8.878499984741211
1604,1604,9.33177661895752,4.313858985900879,158.21052631578948,9.33177661895752
1605,1605,8.475985527038574,7.343648910522461,145.0952380952381,8.475985527038574
1606,1606,8.950887680053711,5.3258795738220215,150.95,8.950887680053711
1607,1607,9.32290267944336,4.765140056610107,171.33333333333334,9.32290267944336
1608,1608,8.768383026123047,4.105523586273193,139.45454545454547,8.768383026123047
1609,1609,9.741183280944824,3.177140951156616,176.0,9.741183280944824
1610,1610,7.986621379852295,10.770637512207031,142.6818181818182,7.986621379852295
1611,1611,7.715542793273926,6.152120590209961,125.12,7.715542793273926
1612,1612,8.943181991577148,6.0262131690979,150.75,8.943181991577148
1613,1613,8.45091724395752,8.738247871398926,156.3,8.45091724395752
1614,1614,8.988027572631836,8.18421745300293,159.55,8.988027572631836
1615,1615,8.95072078704834,8.679546356201172,156.6,8.95072078704834
1616,1616,9.126110076904297,5.453786849975586,159.7,9.126110076904297
1617,1617,9.574847221374512,2.9233288764953613,156.4,9.574847221374512
1618,1618,8.950055122375488,6.772097587585449,158.35,8.950055122375488
1619,1619,8.930926322937012,6.337522983551025,159.35,8.930926322937012
1620,1620,8.336751937866211,8.432068824768066,136.54545454545453,8.336751937866211
1621,1621,8.316147804260254,11.203750610351562,154.2,8.316147804260254
1622,1622,9.807138442993164,3.974854230880737,179.35294117647058,9.807138442993164
1623,1623,10.351723670959473,0.8501154184341431,190.125,10.351723670959473
1624,1624,9.372312545776367,7.530196189880371,157.75,9.372312545776367
1625,1625,9.891562461853027,3.226593494415283,174.11111111111111,9.891562461853027
1626,1626,8.370809555053711,9.722834587097168,143.63636363636363,8.370809555053711
1627,1627,9.788994789123535,1.5102988481521606,172.33333333333334,9.788994789123535
1628,1628,7.132633686065674,15.072728157043455,126.0,7.132633686065674
1629,1629,8.987343788146973,9.263147354125977,159.31578947368422,8.987343788146973
1630,1630,9.411952018737791,5.318963527679443,158.89473684210526,9.411952018737791
1631,1631,9.171175956726074,8.550477027893066,165.94736842105263,9.171175956726074
1632,1632,9.507242202758787,2.8504889011383057,171.61111111111111,9.507242202758787
1633,1633,9.405019760131836,4.765088081359863,173.05555555555554,9.405019760131836
1634,1634,9.384638786315918,8.13269329071045,155.3,9.384638786315918
1635,1635,9.22305965423584,7.1494550704956055,151.38095238095238,9.22305965423584
1636,1636,9.031044006347656,8.41907024383545,152.0952380952381,9.031044006347656
1637,1637,9.32259464263916,4.18861722946167,180.4705882352941,9.32259464263916
1638,1638,9.128965377807615,7.929114818572998,174.72222222222223,9.128965377807615
1639,1639,8.406890869140625,8.394634246826172,146.1904761904762,8.406890869140625
1640,1640,9.014589309692385,6.196091651916504,151.66666666666666,9.014589309692385
1641,1641,8.661538124084473,9.06510066986084,159.55,8.661538124084473
1642,1642,8.10521411895752,11.023319244384766,140.04545454545453,8.10521411895752
1643,1643,9.442584991455078,5.3513264656066895,180.58823529411765,9.442584991455078
1644,1644,9.313602447509766,8.060212135314941,171.61111111111111,9.313602447509766
1645,1645,9.72772216796875,4.120781898498535,180.0,9.72772216796875
1646,1646,8.663310050964355,6.485917568206787,147.1904761904762,8.663310050964355
1647,1647,9.720048904418944,1.6402262449264526,189.5625,9.720048904418944
1648,1648,9.057050704956056,8.278519630432129,151.66666666666666,9.057050704956056
1649,1649,8.956408500671387,4.296388626098633,167.10526315789474,8.956408500671387
1650,1650,8.335936546325684,10.075846672058104,167.42105263157896,8.335936546325684
1651,1651,9.245325088500977,6.1340532302856445,163.42105263157896,9.245325088500977
1652,1652,9.992168426513672,3.7861459255218506,189.125,9.992168426513672
1653,1653,9.252315521240234,7.786913394927978,175.77777777777777,9.252315521240234
1654,1654,8.896703720092773,6.178569316864014,150.66666666666666,8.896703720092773
1655,1655,8.633964538574219,5.34650468826294,182.8235294117647,8.633964538574219
1656,1656,8.582276344299316,5.943296909332275,152.35,8.582276344299316
1657,1657,8.939733505249023,7.360950469970703,162.57894736842104,8.939733505249023
1658,1658,9.059934616088867,5.395817279815674,200.0,9.059934616088867
1659,1659,9.440544128417969,4.192049503326416,180.8235294117647,9.440544128417969
1660,1660,9.069032669067385,5.201123237609863,185.23529411764707,9.069032669067385
1661,1661,9.208602905273438,7.712990283966064,193.8125,9.208602905273438
1662,1662,8.016757011413574,7.964006423950195,167.42105263157896,8.016757011413574
1663,1663,8.046566009521484,11.468267440795898,167.05555555555554,8.046566009521484
1664,1664,9.090725898742676,5.850209712982178,166.47368421052633,9.090725898742676
1665,1665,9.065244674682615,4.496388912200928,190.5625,9.065244674682615
1666,1666,8.54366683959961,6.879680156707764,150.85,8.54366683959961
1667,1667,8.722576141357422,7.311270713806152,175.61111111111111,8.722576141357422
1668,1668,9.93593406677246,1.9074431657791135,200.0,9.93593406677246
1669,1669,9.2012939453125,5.72924280166626,179.47058823529412,9.2012939453125
1670,1670,9.040512084960938,3.0258586406707764,170.33333333333334,9.040512084960938
1671,1671,9.229640007019045,5.19919490814209,176.61111111111111,9.229640007019045
1672,1672,7.388565540313721,11.792726516723633,137.56521739130434,7.388565540313721
1673,1673,9.028654098510742,4.797556400299072,175.83333333333334,9.028654098510742
1674,1674,8.721022605895996,6.848788261413574,173.44444444444446,8.721022605895996
1675,1675,8.332321166992188,7.513678550720215,163.94736842105263,8.332321166992188
1676,1676,8.52857780456543,10.071015357971191,177.05882352941177,8.52857780456543
1677,1677,7.874239444732666,10.929235458374023,165.10526315789474,7.874239444732666
1678,1678,8.213593482971191,9.871294021606444,163.21052631578948,8.213593482971191
1679,1679,9.377781867980955,4.44687032699585,187.8125,9.377781867980955
1680,1680,9.145187377929688,8.584327697753906,165.68421052631578,9.145187377929688
1681,1681,8.861783981323242,5.019603252410889,167.73684210526315,8.861783981323242
1682,1682,9.033405303955078,5.129890441894531,182.11764705882356,9.033405303955078
1683,1683,9.074217796325684,5.750861644744873,153.25,9.074217796325684
1684,1684,9.977959632873535,2.1000025272369385,174.55555555555554,9.977959632873535
1685,1685,8.447686195373535,8.900460243225098,144.0,8.447686195373535
1686,1686,8.350930213928223,8.206366539001465,173.94444444444446,8.350930213928223
1687,1687,9.2549409866333,7.288149356842041,179.11764705882354,9.2549409866333
1688,1688,7.7545166015625,10.737676620483398,160.3684210526316,7.7545166015625
1689,1689,8.688183784484863,6.31760311126709,173.61111111111111,8.688183784484863
1690,1690,8.940361976623535,9.17060089111328,177.11111111111111,8.940361976623535
1691,1691,8.218318939208984,9.779327392578123,144.45454545454547,8.218318939208984
1692,1692,9.577597618103027,3.632864475250244,189.8125,9.577597618103027
1693,1693,8.73989200592041,5.512182235717773,158.57894736842104,8.73989200592041
1694,1694,8.93404483795166,5.599853515625,158.3684210526316,8.93404483795166
1695,1695,9.36186695098877,6.0147318840026855,165.89473684210526,9.36186695098877
1696,1696,8.737786293029785,6.189664363861084,154.6,8.737786293029785
1697,1697,7.6229777336120605,11.897453308105469,132.54166666666666,7.6229777336120605
1698,1698,8.185521125793457,8.582876205444336,140.0909090909091,8.185521125793457
1699,1699,9.175894737243652,8.120099067687988,180.05882352941177,9.175894737243652
1700,1700,9.179369926452637,3.937126874923706,172.66666666666666,9.179369926452637
1701,1701,9.191274642944336,5.97694730758667,172.61111111111111,9.191274642944336
1702,1702,9.24787425994873,3.5004119873046875,169.22222222222223,9.24787425994873
1703,1703,8.883296966552734,7.822584629058838,174.94444444444446,8.883296966552734
1704,1704,9.115276336669922,2.262099504470825,192.625,9.115276336669922
1705,1705,7.189007759094238,15.922832489013672,152.5,7.189007759094238
1706,1706,6.586668968200684,13.461607933044434,148.85714285714286,6.586668968200684
1707,1707,9.668951034545898,3.417809009552002,166.94444444444446,9.668951034545898
1708,1708,7.937053203582764,11.676727294921877,172.16666666666666,7.937053203582764
1709,1709,6.305257320404053,14.398666381835938,135.30434782608697,6.305257320404053
1710,1710,9.493496894836426,5.317365646362305,200.0,9.493496894836426
1711,1711,9.437650680541992,3.020853281021118,179.88235294117646,9.437650680541992
1712,1712,8.821203231811523,7.463244438171387,169.83333333333334,8.821203231811523
1713,1713,8.344376564025879,6.616378307342529,161.52631578947367,8.344376564025879
1714,1714,9.439946174621582,4.382426261901856,180.41176470588235,9.439946174621582
1715,1715,8.622425079345703,5.339737415313721,166.88888888888889,8.622425079345703
1716,1716,8.6373872756958,4.143481731414795,184.4705882352941,8.6373872756958
1717,1717,8.61904239654541,4.428119659423828,159.89473684210526,8.61904239654541
1718,1718,8.8605375289917,4.328032493591309,167.88888888888889,8.8605375289917
1719,1719,8.87162971496582,7.542445659637451,157.95,8.87162971496582
1720,1720,7.471304893493652,11.461864471435549,143.33333333333334,7.471304893493652
1721,1721,8.497011184692383,5.842758655548096,155.7,8.497011184692383
1722,1722,8.525020599365234,8.415528297424316,144.76190476190476,8.525020599365234
1723,1723,8.88071346282959,3.855851888656616,169.83333333333334,8.88071346282959
1724,1724,9.196166038513184,6.577589988708496,186.7058823529412,9.196166038513184
1725,1725,9.27108669281006,6.09204626083374,186.11764705882356,9.27108669281006
1726,1726,7.417452335357666,8.19848346710205,149.0,7.417452335357666
1727,1727,7.835492610931396,13.05308723449707,166.94736842105263,7.835492610931396
1728,1728,7.657655239105225,10.216796875,150.55,7.657655239105225
1729,1729,8.037626266479492,7.614643096923828,189.4375,8.037626266479492
1730,1730,7.088797092437744,13.45888328552246,122.68,7.088797092437744
1731,1731,7.899518013000488,8.46142578125,150.0,7.899518013000488
1732,1732,9.067392349243164,2.7004237174987797,165.52631578947367,9.067392349243164
1733,1733,9.002962112426758,6.82761812210083,158.05263157894737,9.002962112426758
1734,1734,8.105162620544434,7.471439361572266,150.95,8.105162620544434
1735,1735,8.638899803161621,9.46906852722168,155.8,8.638899803161621
1736,1736,8.922499656677246,10.285809516906738,178.64705882352942,8.922499656677246
1737,1737,9.855430603027344,2.743050336837769,177.41176470588235,9.855430603027344
1738,1738,8.022198677062988,10.273385047912598,143.4090909090909,8.022198677062988
1739,1739,8.116260528564453,10.051424980163574,136.2173913043478,8.116260528564453
1740,1740,9.878472328186035,3.588287830352783,170.88888888888889,9.878472328186035
1741,1741,8.974409103393555,10.053165435791016,188.9375,8.974409103393555
1742,1742,7.56472110748291,12.555910110473633,148.42857142857142,7.56472110748291
1743,1743,9.1809720993042,5.775240421295166,188.9375,9.1809720993042
1744,1744,7.836926937103271,15.73340892791748,152.28571428571428,7.836926937103271
1745,1745,8.492602348327637,8.311519622802734,163.10526315789474,8.492602348327637
1746,1746,7.691755771636963,12.94316864013672,166.57894736842104,7.691755771636963
1747,1747,7.486371517181396,15.24280071258545,143.71428571428572,7.486371517181396
1748,1748,9.584999084472656,2.82989239692688,179.2941176470588,9.584999084472656
1749,1749,7.48887300491333,14.934687614440918,142.63636363636363,7.48887300491333
1750,1750,8.343735694885254,7.256870746612549,166.42105263157896,8.343735694885254
1751,1751,8.896222114562988,9.10322380065918,163.94736842105263,8.896222114562988
1752,1752,8.738009452819824,6.95735502243042,164.78947368421052,8.738009452819824
1753,1753,9.21799087524414,4.03372049331665,174.94444444444446,9.21799087524414
1754,1754,7.765096664428711,11.843538284301758,166.73684210526315,7.765096664428711
1755,1755,8.242284774780273,11.20981788635254,157.4,8.242284774780273
1756,1756,8.261869430541992,12.045241355895996,157.4,8.261869430541992
1757,1757,7.882778167724609,13.769708633422852,180.8823529411765,7.882778167724609
1758,1758,6.162045955657959,13.372207641601562,132.33333333333334,6.162045955657959
1759,1759,6.286195278167725,17.206405639648438,132.7391304347826,6.286195278167725
1760,1760,7.55630350112915,16.343889236450195,150.66666666666666,7.55630350112915
1761,1761,7.787156105041504,12.49733543395996,159.31578947368422,7.787156105041504
1762,1762,8.078054428100586,11.2529878616333,182.76470588235293,8.078054428100586
1763,1763,8.41761302947998,11.350157737731934,180.52941176470588,8.41761302947998
1764,1764,7.412176132202148,14.316106796264648,168.72222222222223,7.412176132202148
1765,1765,7.501440048217773,18.12806701660156,151.66666666666666,7.501440048217773
1766,1766,7.7291259765625,14.217308044433594,175.05555555555554,7.7291259765625
1767,1767,7.057061195373535,14.210161209106444,156.95,7.057061195373535
1768,1768,6.329179286956787,18.2491512298584,131.16666666666666,6.329179286956787
1769,1769,9.257381439208984,6.895981788635254,193.25,9.257381439208984
1770,1770,6.797306060791016,13.286406517028809,164.94736842105263,6.797306060791016
1771,1771,7.222599983215332,10.74767780303955,156.8,7.222599983215332
1772,1772,8.08076000213623,13.90581226348877,154.7,8.08076000213623
1773,1773,8.12301254272461,11.386990547180176,156.05,8.12301254272461
1774,1774,6.84473991394043,12.228489875793455,121.96,6.84473991394043
1775,1775,8.204073905944824,10.653124809265137,168.0,8.204073905944824
1776,1776,9.179471969604492,6.667631149291992,159.26315789473685,9.179471969604492
1777,1777,9.162013053894045,8.43848705291748,170.05555555555554,9.162013053894045
1778,1778,8.395357131958008,9.628127098083496,150.35,8.395357131958008
1779,1779,8.42750072479248,5.906497001647949,181.8235294117647,8.42750072479248
1780,1780,8.43201732635498,9.861245155334473,150.9047619047619,8.43201732635498
1781,1781,7.782244205474853,12.22092342376709,152.4,7.782244205474853
1782,1782,8.215950012207031,8.224199295043945,150.55,8.215950012207031
1783,1783,8.524691581726074,8.369819641113281,163.68421052631578,8.524691581726074
1784,1784,8.817026138305664,10.035941123962402,171.05555555555554,8.817026138305664
1785,1785,9.368791580200195,4.905111789703369,173.72222222222223,9.368791580200195
1786,1786,7.963032722473144,10.935331344604492,154.3,7.963032722473144
1787,1787,9.258736610412598,5.609652996063232,181.4705882352941,9.258736610412598
1788,1788,9.182421684265137,7.75449800491333,171.11111111111111,9.182421684265137
1789,1789,7.650033950805664,12.398077964782717,168.22222222222223,7.650033950805664
1790,1790,8.378031730651855,6.796562671661377,180.2941176470588,8.378031730651855
1791,1791,8.533977508544922,10.530191421508787,171.44444444444446,8.533977508544922
1792,1792,8.732601165771484,9.86776065826416,168.05555555555554,8.732601165771484
1793,1793,7.70840311050415,11.007165908813477,149.28571428571428,7.70840311050415
1794,1794,9.122926712036133,5.154932498931885,182.58823529411765,9.122926712036133
1795,1795,8.026958465576172,10.698853492736816,156.2,8.026958465576172
1796,1796,7.390285968780518,12.25521755218506,167.77777777777777,7.390285968780518
1797,1797,7.972304821014404,12.766923904418944,143.04545454545453,7.972304821014404
1798,1798,8.455448150634766,9.826443672180176,188.75,8.455448150634766
1799,1799,8.122735977172852,11.266469955444336,158.65,8.122735977172852
1800,1800,8.562325477600098,8.412003517150879,176.5,8.562325477600098
1801,1801,7.333254814147949,14.77585220336914,149.71428571428572,7.333254814147949
1802,1802,8.331219673156738,12.24307918548584,156.45,8.331219673156738
1803,1803,8.69135856628418,7.367909431457519,188.875,8.69135856628418
1804,1804,7.452632904052734,8.862543106079102,178.88235294117646,7.452632904052734
1805,1805,8.055920600891113,12.10621452331543,160.8421052631579,8.055920600891113
1806,1806,7.426034927368164,14.906399726867676,148.28571428571428,7.426034927368164
1807,1807,7.959023952484131,9.788074493408203,163.47368421052633,7.959023952484131
1808,1808,7.682297706604004,12.389195442199709,162.47368421052633,7.682297706604004
1809,1809,8.505958557128906,7.825696468353271,172.33333333333334,8.505958557128906
1810,1810,7.715376377105713,12.014307975769045,157.94736842105263,7.715376377105713
1811,1811,8.386340141296387,11.67379379272461,164.26315789473685,8.386340141296387
1812,1812,7.097944736480713,11.426645278930664,163.3684210526316,7.097944736480713
1813,1813,7.561868667602539,13.29462432861328,168.1578947368421,7.561868667602539
1814,1814,8.140844345092773,9.04842758178711,184.05882352941177,8.140844345092773
1815,1815,7.179155826568604,10.396587371826172,158.45,7.179155826568604
1816,1816,8.35888385772705,6.519364833831787,140.54545454545453,8.35888385772705
1817,1817,8.255176544189453,9.195652961730955,173.66666666666666,8.255176544189453
1818,1818,8.730203628540039,6.331473350524902,158.05263157894737,8.730203628540039
1819,1819,7.938754081726074,11.39633560180664,142.86363636363637,7.938754081726074
1820,1820,8.757662773132324,6.378153800964356,189.5,8.757662773132324
1821,1821,8.382564544677734,12.288968086242676,178.64705882352942,8.382564544677734
1822,1822,8.62086009979248,11.074759483337402,179.35294117647058,8.62086009979248
1823,1823,8.760064125061035,7.903039932250977,158.42105263157896,8.760064125061035
1824,1824,9.002440452575684,6.565145015716553,187.76470588235293,9.002440452575684
1825,1825,7.41538667678833,11.81342601776123,175.72222222222223,7.41538667678833
1826,1826,8.724736213684082,6.59476900100708,188.8125,8.724736213684082
1827,1827,7.90558385848999,11.452293395996094,151.85714285714286,7.90558385848999
1828,1828,7.612442970275879,11.470519065856934,158.8,7.612442970275879
1829,1829,7.892491817474365,10.255276679992676,176.88888888888889,7.892491817474365
1830,1830,7.490069389343262,9.684163093566896,152.8,7.490069389343262
1831,1831,7.974751949310303,9.958609580993652,157.85,7.974751949310303
1832,1832,7.988584041595459,11.356854438781738,165.94736842105263,7.988584041595459
1833,1833,9.34670352935791,4.354311943054199,171.38888888888889,9.34670352935791
1834,1834,7.973647117614746,9.685138702392578,178.76470588235293,7.973647117614746
1835,1835,8.124154090881348,8.231223106384277,172.33333333333334,8.124154090881348
1836,1836,6.429860591888428,10.591891288757324,125.54166666666669,6.429860591888428
1837,1837,8.64880657196045,6.112868309020996,158.4,8.64880657196045
1838,1838,8.155677795410156,10.201030731201172,164.94736842105263,8.155677795410156
1839,1839,7.870796203613281,11.32888126373291,171.44444444444446,7.870796203613281
1840,1840,9.284586906433104,4.164607524871826,181.7058823529412,9.284586906433104
1841,1841,9.97454071044922,2.237683057785034,183.4705882352941,9.97454071044922
1842,1842,7.86207389831543,9.84371566772461,138.5909090909091,7.86207389831543
1843,1843,8.78731632232666,9.419135093688965,164.89473684210526,8.78731632232666
1844,1844,9.613749504089355,4.273096084594727,200.0,9.613749504089355
1845,1845,7.440848350524902,12.70675277709961,150.85714285714286,7.440848350524902
1846,1846,8.146162986755371,9.84386157989502,188.4375,8.146162986755371
1847,1847,8.725971221923828,5.226964473724365,168.10526315789474,8.725971221923828
1848,1848,8.359331130981445,9.28671646118164,166.3684210526316,8.359331130981445
1849,1849,8.75822925567627,11.193832397460938,156.8,8.75822925567627
1850,1850,9.465988159179688,2.6337664127349854,188.4375,9.465988159179688
1851,1851,7.800791263580322,9.238513946533203,180.1764705882353,7.800791263580322
1852,1852,7.107540130615234,13.6976900100708,151.6,7.107540130615234
1853,1853,6.267632961273193,16.039613723754883,141.1818181818182,6.267632961273193
1854,1854,8.335131645202637,9.306166648864746,176.7058823529412,8.335131645202637
1855,1855,8.552366256713867,9.315197944641112,163.10526315789474,8.552366256713867
1856,1856,8.003325462341309,11.782397270202637,155.95,8.003325462341309
1857,1857,8.636927604675293,11.017648696899414,158.05263157894737,8.636927604675293
1858,1858,8.385411262512207,10.2990083694458,158.47368421052633,8.385411262512207
1859,1859,9.730022430419922,3.855109214782715,190.0625,9.730022430419922
1860,1860,7.037434577941895,7.850485324859619,169.11111111111111,7.037434577941895
1861,1861,7.297403335571289,13.024996757507324,121.52,7.297403335571289
1862,1862,8.524778366088867,6.243265628814697,179.58823529411765,8.524778366088867
1863,1863,6.389728546142578,13.409143447875977,131.04347826086956,6.389728546142578
1864,1864,8.30920124053955,8.017109870910645,159.6315789473684,8.30920124053955
1865,1865,8.647567749023438,6.687375068664551,175.38888888888889,8.647567749023438
1866,1866,8.24849796295166,9.803824424743652,165.1578947368421,8.24849796295166
1867,1867,9.653789520263672,2.2916226387023926,189.3125,9.653789520263672
1868,1868,6.506740570068359,15.61586570739746,125.83333333333331,6.506740570068359
1869,1869,7.224501132965088,14.302641868591309,155.1,7.224501132965088
1870,1870,8.232598304748535,10.688396453857422,161.10526315789474,8.232598304748535
1871,1871,8.590861320495605,10.814290046691896,162.3684210526316,8.590861320495605
1872,1872,8.91943645477295,7.183752536773682,178.88235294117646,8.91943645477295
1873,1873,8.008526802062988,9.524065017700195,170.72222222222223,8.008526802062988
1874,1874,8.926546096801758,8.857901573181152,165.68421052631578,8.926546096801758
1875,1875,9.87491226196289,2.521805763244629,180.35294117647055,9.87491226196289
1876,1876,8.408598899841309,9.439156532287598,155.85,8.408598899841309
1877,1877,8.027210235595703,13.058423042297363,146.52380952380952,8.027210235595703
1878,1878,9.100790977478027,6.368097305297852,188.625,9.100790977478027
1879,1879,7.489061832427978,12.62710189819336,156.8,7.489061832427978
1880,1880,7.338891506195068,15.02251434326172,153.75,7.338891506195068
1881,1881,8.573844909667969,5.821114540100098,179.41176470588235,8.573844909667969
1882,1882,7.729169368743896,15.014440536499023,149.66666666666666,7.729169368743896
1883,1883,8.107284545898438,10.284893035888672,171.83333333333334,8.107284545898438
1884,1884,7.167045593261719,11.968708038330078,145.13636363636363,7.167045593261719
1885,1885,7.285943508148193,11.549027442932127,159.26315789473685,7.285943508148193
1886,1886,8.016397476196289,9.123149871826172,153.0,8.016397476196289
1887,1887,8.817421913146973,5.328885078430176,170.88888888888889,8.817421913146973
1888,1888,8.550877571105957,10.195521354675291,170.55555555555554,8.550877571105957
1889,1889,9.09783172607422,7.704427242279053,179.64705882352942,9.09783172607422
1890,1890,8.511307716369629,10.635894775390623,168.27777777777777,8.511307716369629
1891,1891,8.399627685546875,9.303205490112305,162.47368421052633,8.399627685546875
1892,1892,8.445589065551758,9.834433555603027,158.5,8.445589065551758
1893,1893,8.295816421508789,12.195049285888672,162.78947368421052,8.295816421508789
1894,1894,8.382568359375,8.303890228271484,169.38888888888889,8.382568359375
1895,1895,8.269587516784668,11.313151359558104,157.1,8.269587516784668
1896,1896,9.595168113708496,6.731793880462647,179.1764705882353,9.595168113708496
1897,1897,9.08445930480957,6.948109149932861,188.0,9.08445930480957
1898,1898,6.673154354095459,15.694762229919434,161.31578947368422,6.673154354095459
1899,1899,8.324694633483887,11.971684455871582,165.89473684210526,8.324694633483887
1900,1900,8.491924285888672,12.412302017211914,169.88888888888889,8.491924285888672
1901,1901,8.573793411254883,6.606297016143799,178.8235294117647,8.573793411254883
1902,1902,7.735023498535156,10.055145263671877,157.25,7.735023498535156
1903,1903,7.8248610496521,8.50196647644043,164.68421052631578,7.8248610496521
1904,1904,8.334720611572266,10.521788597106934,170.22222222222223,8.334720611572266
1905,1905,7.983800888061523,15.06105613708496,143.76190476190476,7.983800888061523
1906,1906,8.52724838256836,10.228032112121582,162.26315789473685,8.52724838256836
1907,1907,7.182754039764404,15.85937213897705,144.27272727272728,7.182754039764404
1908,1908,7.413425445556641,15.70738410949707,152.6,7.413425445556641
1909,1909,7.219048500061035,13.077332496643066,147.9047619047619,7.219048500061035
1910,1910,7.998144149780273,11.67491340637207,164.31578947368422,7.998144149780273
1911,1911,8.246742248535156,9.734332084655762,177.94117647058823,8.246742248535156
1912,1912,7.720010280609131,16.61894416809082,138.69565217391303,7.720010280609131
1913,1913,8.466296195983887,9.49050235748291,170.33333333333334,8.466296195983887
1914,1914,7.918225765228271,12.642967224121094,149.23809523809524,7.918225765228271
1915,1915,7.513915061950684,19.093685150146484,144.33333333333334,7.513915061950684
1916,1916,7.092767715454102,13.06398868560791,142.4090909090909,7.092767715454102
1917,1917,6.613664627075195,18.91568374633789,125.4,6.613664627075195
1918,1918,7.3876800537109375,18.364830017089844,131.65217391304347,7.3876800537109375
1919,1919,6.422174453735352,17.262800216674805,144.66666666666666,6.422174453735352
1920,1920,5.917026042938232,17.84392738342285,116.92592592592592,5.917026042938232
1921,1921,7.228878021240234,20.336780548095703,151.5,7.228878021240234
1922,1922,7.068003177642822,17.571298599243164,134.7826086956522,7.068003177642822
1923,1923,7.3922247886657715,12.735589027404783,153.75,7.3922247886657715
1924,1924,4.475857257843018,14.16554069519043,97.6875,4.475857257843018
1925,1925,7.590312480926514,16.29060173034668,144.04545454545453,7.590312480926514
1926,1926,5.079528331756592,18.906946182250977,97.16129032258064,5.079528331756592
1927,1927,5.699991703033447,21.590267181396484,114.44444444444444,5.699991703033447
1928,1928,6.135794162750244,19.48929977416992,113.96296296296296,6.135794162750244
1929,1929,6.019339084625244,20.80460357666016,114.1851851851852,6.019339084625244
1930,1930,5.616565704345703,19.763153076171875,103.89655172413794,5.616565704345703
1931,1931,5.648751735687256,19.5589542388916,114.07407407407408,5.648751735687256
1932,1932,6.532179832458496,18.7506046295166,120.3846153846154,6.532179832458496
1933,1933,6.529239177703857,19.700380325317383,116.66666666666669,6.529239177703857
1934,1934,6.547078609466553,17.48441505432129,120.1153846153846,6.547078609466553
1935,1935,6.676734447479248,17.00063133239746,111.62962962962963,6.676734447479248
1936,1936,6.124282836914063,18.09819602966309,109.35714285714286,6.124282836914063
1937,1937,6.173344135284424,19.44562530517578,122.32,6.173344135284424
1938,1938,6.681628227233887,20.289447784423828,123.36,6.681628227233887
1939,1939,6.6628947257995605,18.820405960083008,119.57692307692308,6.6628947257995605
1940,1940,7.878943920135498,13.59017276763916,148.1904761904762,7.878943920135498
1941,1941,7.089379787445068,17.446788787841797,130.91666666666666,7.089379787445068
1942,1942,6.345277309417725,21.956153869628903,111.53571428571428,6.345277309417725
1943,1943,6.632106304168701,18.48722267150879,121.3846153846154,6.632106304168701
1944,1944,5.3538689613342285,19.23482322692871,101.06451612903226,5.3538689613342285
1945,1945,7.141317844390869,18.523971557617188,131.43478260869566,7.141317844390869
1946,1946,4.195221900939941,17.51542091369629,78.53846153846153,4.195221900939941
1947,1947,5.801989555358887,18.9753532409668,108.3103448275862,5.801989555358887
1948,1948,4.7144293785095215,17.338546752929688,88.77142857142857,4.7144293785095215
1949,1949,5.188783645629883,19.790681838989254,88.79411764705883,5.188783645629883
1950,1950,5.156475067138672,20.533077239990234,78.92307692307692,5.156475067138672
1951,1951,5.207253932952881,17.919498443603516,102.12903225806453,5.207253932952881
1952,1952,5.646401882171631,19.10114288330078,104.86206896551724,5.646401882171631
1953,1953,4.720178127288818,20.950496673583984,85.02777777777777,4.720178127288818
1954,1954,4.698432922363281,17.79916763305664,90.51428571428572,4.698432922363281
1955,1955,5.052896976470947,21.62545585632324,88.8,5.052896976470947
1956,1956,4.385939121246338,17.87986946105957,81.13157894736842,4.385939121246338
1957,1957,4.091392993927002,16.495790481567383,73.38095238095238,4.091392993927002
1958,1958,5.969758987426758,21.918514251708984,119.8076923076923,5.969758987426758
1959,1959,4.871351718902588,21.635910034179688,96.8125,4.871351718902588
1960,1960,4.402873992919922,18.254100799560547,81.91891891891892,4.402873992919922
1961,1961,3.2234206199646,15.494210243225098,58.80769230769231,3.2234206199646
1962,1962,5.05425500869751,16.829843521118164,101.06666666666666,5.05425500869751
1963,1963,4.238458156585693,14.662109375,85.16666666666667,4.238458156585693
1964,1964,3.1239795684814453,13.775551795959473,48.984375,3.1239795684814453
1965,1965,3.639825820922852,16.35377311706543,66.32608695652173,3.639825820922852
1966,1966,3.634576320648194,14.433260917663574,66.41304347826087,3.634576320648194
1967,1967,2.832838296890259,11.945624351501465,42.31944444444444,2.832838296890259
1968,1968,5.874780654907227,19.51714515686035,113.8148148148148,5.874780654907227
1969,1969,6.1533942222595215,16.091054916381836,116.34615384615384,6.1533942222595215
1970,1970,3.768829345703125,15.58690357208252,73.14285714285714,3.768829345703125
1971,1971,6.280667781829834,13.102733612060549,124.28,6.280667781829834
1972,1972,4.813467979431152,16.815874099731445,96.0625,4.813467979431152
1973,1973,6.162526607513428,19.30387306213379,112.5,6.162526607513428
1974,1974,5.68259859085083,21.75372314453125,105.0,5.68259859085083
1975,1975,3.6164183616638175,13.94029712677002,63.56,3.6164183616638175
1976,1976,4.98524284362793,18.405954360961918,98.4375,4.98524284362793
1977,1977,5.523629188537598,19.43387985229492,104.27586206896552,5.523629188537598
1978,1978,4.793719291687012,18.641117095947266,89.08571428571429,4.793719291687012
1979,1979,5.0243239402771,19.674768447875977,104.96666666666668,5.0243239402771
1980,1980,4.517070770263672,18.6485538482666,92.3529411764706,4.517070770263672
1981,1981,4.036410808563232,15.178051948547363,78.125,4.036410808563232
1982,1982,5.474944591522217,19.7233829498291,109.58620689655172,5.474944591522217
1983,1983,4.762281894683838,19.257007598876957,92.45454545454544,4.762281894683838
1984,1984,5.169522285461426,17.373563766479492,111.33333333333331,5.169522285461426
1985,1985,3.19616961479187,12.809979438781738,81.8108108108108,3.19616961479187
1986,1986,3.9453108310699454,16.9433650970459,83.72972972972973,3.9453108310699454
1987,1987,4.310305118560791,13.518148422241213,115.53846153846152,4.310305118560791
1988,1988,4.626136779785156,17.71942710876465,107.71428571428572,4.626136779785156
1989,1989,3.662347316741944,13.946980476379396,83.56756756756756,3.662347316741944
1990,1990,6.395063400268555,20.952821731567383,126.33333333333331,6.395063400268555
1991,1991,3.940356731414795,14.181395530700684,77.14634146341463,3.940356731414795
1992,1992,3.952364206314087,17.686433792114258,73.25581395348837,3.952364206314087
1993,1993,4.084450721740723,11.657670021057127,75.92682926829268,4.084450721740723
1994,1994,5.753493785858154,19.06669807434082,119.07692307692308,5.753493785858154
1995,1995,5.171407222747803,19.57365226745605,98.4375,5.171407222747803
1996,1996,5.278096675872803,17.10860252380371,94.96875,5.278096675872803
1997,1997,4.895630359649658,17.229372024536133,92.3030303030303,4.895630359649658
1998,1998,6.148036479949951,19.957420349121094,125.16,6.148036479949951
1999,1999,6.154832363128662,20.33807373046875,128.08333333333334,6.154832363128662
2000,2000,5.870695114135742,15.799976348876951,127.04166666666669,5.870695114135742
2001,2001,5.776793003082275,17.519346237182617,109.10344827586206,5.776793003082275
2002,2002,4.528367519378662,16.7297420501709,85.88571428571429,4.528367519378662
2003,2003,5.004358768463135,18.03089141845703,104.33333333333331,5.004358768463135
2004,2004,5.802865028381348,19.552644729614254,103.1,5.802865028381348
2005,2005,6.0839457511901855,18.59489631652832,119.53846153846152,6.0839457511901855
2006,2006,6.962924480438232,15.745139122009276,136.04347826086956,6.962924480438232
2007,2007,6.1590118408203125,18.459945678710938,121.3076923076923,6.1590118408203125
2008,2008,5.787599563598633,20.0952262878418,101.1,5.787599563598633
2009,2009,5.361172676086426,15.999415397644045,102.48387096774194,5.361172676086426
2010,2010,4.583742618560791,19.275915145874023,98.2258064516129,4.583742618560791
2011,2011,5.770080089569092,19.09934425354004,120.88,5.770080089569092
2012,2012,4.88243293762207,20.464303970336918,108.27586206896552,4.88243293762207
2013,2013,4.6366496086120605,16.93004035949707,99.7741935483871,4.6366496086120605
2014,2014,5.37901496887207,16.801490783691406,133.43478260869566,5.37901496887207
2015,2015,6.359499931335449,15.282340049743652,132.2608695652174,6.359499931335449
2016,2016,4.487282752990723,18.267932891845703,94.0,4.487282752990723
2017,2017,5.39613151550293,19.63735008239746,120.26923076923076,5.39613151550293
2018,2018,3.6525027751922607,17.021087646484375,79.84210526315789,3.6525027751922607
2019,2019,5.9646077156066895,17.72664451599121,133.0,5.9646077156066895
2020,2020,5.940762996673584,16.827648162841797,131.83333333333334,5.940762996673584
2021,2021,4.811617374420166,16.34611701965332,113.71428571428572,4.811617374420166
2022,2022,4.61311149597168,18.26078414916992,139.6818181818182,4.61311149597168
2023,2023,2.922793388366699,10.189604759216309,93.15151515151516,2.922793388366699
2024,2024,3.2217507362365723,11.671916007995604,79.825,3.2217507362365723
2025,2025,2.652768611907959,8.75910472869873,94.59375,2.652768611907959
2026,2026,4.30871057510376,14.955541610717772,131.75,4.30871057510376
2027,2027,3.498355865478516,15.570002555847168,92.02941176470588,3.498355865478516
2028,2028,3.87143874168396,14.81558895111084,96.03125,3.87143874168396
2029,2029,3.165388345718384,13.913622856140137,83.41666666666667,3.165388345718384
2030,2030,2.7288520336151123,10.040742874145508,81.89189189189189,2.7288520336151123
2031,2031,3.1888246536254883,12.035811424255373,93.06060606060606,3.1888246536254883
2032,2032,3.432780265808105,11.954578399658203,121.42307692307692,3.432780265808105
2033,2033,4.302185535430908,13.370864868164062,107.03448275862068,4.302185535430908
2034,2034,3.63565731048584,16.644866943359375,92.06060606060606,3.63565731048584
2035,2035,4.138621330261231,15.568604469299316,93.20588235294116,4.138621330261231
2036,2036,4.05495548248291,12.381370544433594,121.44,4.05495548248291
2037,2037,2.678269863128662,10.911001205444336,68.52272727272727,2.678269863128662
2038,2038,2.830467700958252,8.129520416259766,85.89189189189189,2.830467700958252
2039,2039,5.387989044189453,18.903594970703125,128.79166666666666,5.387989044189453
2040,2040,3.32952094078064,14.80571174621582,87.27777777777777,3.32952094078064
2041,2041,3.633889675140381,14.206380844116213,74.11904761904762,3.633889675140381
2042,2042,3.6595327854156494,14.885278701782228,87.34285714285714,3.6595327854156494
2043,2043,3.621925830841065,14.741405487060549,81.34210526315789,3.621925830841065
2044,2044,4.146182060241699,15.682215690612791,118.26923076923076,4.146182060241699
2045,2045,3.582670927047729,12.637255668640137,85.8,3.582670927047729
2046,2046,3.9896106719970703,17.600481033325195,91.26470588235294,3.9896106719970703
2047,2047,4.109621524810791,13.474767684936523,112.0,4.109621524810791
2048,2048,5.215090751647949,21.041749954223636,124.88,5.215090751647949
2049,2049,3.724475383758545,13.002676963806152,86.36111111111111,3.724475383758545
2050,2050,5.049404621124268,18.11273765563965,100.5,5.049404621124268
2051,2051,5.790890216827393,16.87607192993164,134.1304347826087,5.790890216827393
2052,2052,5.392788887023926,16.92717742919922,117.8846153846154,5.392788887023926
2053,2053,4.422674655914307,15.677186012268066,89.1470588235294,4.422674655914307
2054,2054,4.979894638061523,19.684852600097656,102.03225806451611,4.979894638061523
2055,2055,4.969476222991943,18.16912651062012,95.375,4.969476222991943
2056,2056,4.7960205078125,19.23543930053711,92.1470588235294,4.7960205078125
2057,2057,4.582032680511475,18.635822296142575,91.27272727272728,4.582032680511475
2058,2058,4.014400005340576,15.453757286071776,93.12121212121212,4.014400005340576
2059,2059,4.466792106628418,15.195938110351562,120.96,4.466792106628418
2060,2060,5.666760444641113,18.953289031982425,126.8,5.666760444641113
2061,2061,5.107830047607422,18.278823852539062,125.92,5.107830047607422
2062,2062,3.6280629634857178,14.44558811187744,98.48387096774194,3.6280629634857178
2063,2063,4.41527271270752,15.190167427062988,109.44827586206895,4.41527271270752
2064,2064,4.923176288604736,13.375287055969238,121.73076923076924,4.923176288604736
2065,2065,5.518321514129639,17.467885971069336,127.41666666666669,5.518321514129639
2066,2066,4.491626739501953,17.166181564331055,94.78125,4.491626739501953
2067,2067,4.566938877105713,16.9962158203125,109.93103448275862,4.566938877105713
2068,2068,5.162939071655273,16.2404842376709,141.86363636363637,5.162939071655273
2069,2069,4.95660400390625,19.12670516967773,122.03846153846152,4.95660400390625
2070,2070,4.717809200286865,15.320783615112305,118.33333333333331,4.717809200286865
2071,2071,4.769865989685059,15.796761512756348,116.07692307692308,4.769865989685059
2072,2072,3.4274649620056152,15.84967041015625,93.55882352941175,3.4274649620056152
2073,2073,3.820466756820679,13.970269203186035,108.24137931034484,3.820466756820679
2074,2074,5.7892680168151855,16.407880783081055,129.5,5.7892680168151855
2075,2075,4.048777580261231,17.657894134521484,110.0,4.048777580261231
2076,2076,4.361912250518799,15.591339111328123,116.65384615384616,4.361912250518799
2077,2077,4.502660274505615,17.934833526611328,105.23333333333332,4.502660274505615
2078,2078,4.09501838684082,16.916589736938477,100.93548387096774,4.09501838684082
2079,2079,3.7858378887176514,15.009589195251465,112.88888888888889,3.7858378887176514
2080,2080,3.939854383468628,11.451437950134276,127.84,3.939854383468628
2081,2081,5.4957709312438965,18.5761775970459,151.1904761904762,5.4957709312438965
2082,2082,5.261659145355225,16.834190368652344,152.33333333333334,5.261659145355225
2083,2083,5.822254180908203,16.645801544189453,143.47619047619048,5.822254180908203
2084,2084,5.975666999816895,15.057126998901367,133.91304347826087,5.975666999816895
2085,2085,4.7334303855896,17.271379470825195,122.56,4.7334303855896
2086,2086,3.84727144241333,12.97746753692627,112.0,3.84727144241333
2087,2087,5.870549201965332,19.84028434753418,125.36,5.870549201965332
2088,2088,4.426509380340576,15.601585388183594,116.37037037037037,4.426509380340576
2089,2089,6.999525547027588,11.752750396728516,180.4705882352941,6.999525547027588
2090,2090,4.661820888519287,16.055805206298828,110.39285714285714,4.661820888519287
2091,2091,6.763998985290527,13.782742500305176,151.8095238095238,6.763998985290527
2092,2092,4.34367561340332,14.963342666625977,121.68,4.34367561340332
2093,2093,4.809171676635742,12.423477172851562,128.41666666666666,4.809171676635742
2094,2094,4.154741287231445,14.144248962402344,83.83333333333333,4.154741287231445
2095,2095,4.868680000305176,16.825605392456055,111.85185185185183,4.868680000305176
2096,2096,5.8344340324401855,14.163256645202637,142.6818181818182,5.8344340324401855
2097,2097,5.2094902992248535,15.998416900634766,128.33333333333334,5.2094902992248535
2098,2098,5.636026859283447,16.580623626708984,146.23809523809524,5.636026859283447
2099,2099,6.239737987518311,19.08987808227539,133.1304347826087,6.239737987518311
2100,2100,7.59613037109375,14.497961044311523,162.73684210526315,7.59613037109375
2101,2101,5.1845383644104,16.174320220947266,109.07142857142856,5.1845383644104
2102,2102,7.816728115081787,14.449987411499023,163.05263157894737,7.816728115081787
2103,2103,6.637659549713135,9.589925765991213,179.7058823529412,6.637659549713135
2104,2104,7.149590015411377,17.80394172668457,144.14285714285714,7.149590015411377
2105,2105,5.538084506988525,18.935379028320312,114.14285714285714,5.538084506988525
2106,2106,6.000364303588867,16.26835823059082,127.41666666666669,6.000364303588867
2107,2107,5.045805931091309,15.846083641052246,147.61904761904762,5.045805931091309
2108,2108,3.594479322433472,14.27275276184082,107.24137931034484,3.594479322433472
2109,2109,4.511229991912842,14.599547386169434,135.69565217391303,4.511229991912842
2110,2110,5.919143199920654,15.838452339172363,122.64,5.919143199920654
2111,2111,5.647018909454346,19.2847843170166,118.73076923076924,5.647018909454346
2112,2112,6.750783920288086,10.63938331604004,167.72222222222223,6.750783920288086
2113,2113,6.8075456619262695,13.703435897827148,161.3684210526316,6.8075456619262695
2114,2114,8.09499740600586,10.962738037109377,172.33333333333334,8.09499740600586
2115,2115,5.86541748046875,17.226459503173828,127.96,5.86541748046875
2116,2116,5.369809627532959,16.32093620300293,125.08333333333331,5.369809627532959
2117,2117,9.239130973815918,4.615416526794434,183.7058823529412,9.239130973815918
2118,2118,7.837803840637207,15.588950157165527,155.7,7.837803840637207
2119,2119,5.591107368469238,12.74868392944336,126.8,5.591107368469238
2120,2120,7.136118412017822,13.03469467163086,168.44444444444446,7.136118412017822
2121,2121,5.671404838562012,15.657072067260742,122.84615384615384,5.671404838562012
2122,2122,5.202290058135986,19.06019592285156,104.43333333333334,5.202290058135986
2123,2123,6.709805488586426,18.59376716613769,136.69565217391303,6.709805488586426
2124,2124,6.504366397857666,14.344188690185549,152.25,6.504366397857666
2125,2125,6.339168548583984,14.552541732788086,151.2,6.339168548583984
2126,2126,7.043704986572266,18.25204086303711,150.95,7.043704986572266
2127,2127,6.433343887329102,16.577516555786133,140.27272727272728,6.433343887329102
2128,2128,5.388384819030762,18.731075286865234,112.67857142857144,5.388384819030762
2129,2129,6.811518669128418,14.59639835357666,136.77272727272728,6.811518669128418
2130,2130,6.901342391967773,15.452022552490234,148.57142857142858,6.901342391967773
2131,2131,5.77880859375,17.30829620361328,127.91666666666669,5.77880859375
2132,2132,6.88075065612793,12.890690803527832,144.22727272727272,6.88075065612793
2133,2133,4.963545799255371,17.25383186340332,106.82758620689656,4.963545799255371
2134,2134,5.907724380493164,18.33125877380371,115.57692307692308,5.907724380493164
2135,2135,6.38794469833374,18.2270622253418,132.95652173913044,6.38794469833374
2136,2136,4.854800701141357,17.100322723388672,110.71428571428572,4.854800701141357
2137,2137,6.528222560882568,12.215630531311035,154.8,6.528222560882568
2138,2138,7.463997840881348,15.627679824829102,148.28571428571428,7.463997840881348
2139,2139,6.241959571838379,19.29585647583008,115.8076923076923,6.241959571838379
2140,2140,5.186249732971191,14.57317066192627,119.92307692307692,5.186249732971191
2141,2141,7.365766525268555,5.950334072113037,170.61111111111111,7.365766525268555
2142,2142,6.248121738433838,15.07957649230957,135.6086956521739,6.248121738433838
2143,2143,6.272879123687744,10.081146240234377,133.7826086956522,6.272879123687744
2144,2144,6.457808017730713,14.226521492004396,130.41666666666666,6.457808017730713
2145,2145,7.518436431884766,13.683512687683104,161.6315789473684,7.518436431884766
2146,2146,6.7362871170043945,12.497912406921388,135.95652173913044,6.7362871170043945
2147,2147,7.658998966217041,11.736963272094728,155.7,7.658998966217041
2148,2148,6.897852897644043,12.03852653503418,145.0909090909091,6.897852897644043
2149,2149,9.247196197509766,3.323283672332764,192.1875,9.247196197509766
2150,2150,6.244326591491699,16.289674758911133,134.91304347826087,6.244326591491699
2151,2151,6.717711448669434,16.089141845703125,145.33333333333334,6.717711448669434
2152,2152,4.922241687774658,17.65878677368164,103.96551724137932,4.922241687774658
2153,2153,9.306415557861328,4.365176200866699,200.0,9.306415557861328
2154,2154,6.847005844116211,15.001953125,143.36363636363637,6.847005844116211
2155,2155,7.275945663452148,15.624375343322754,144.1818181818182,7.275945663452148
2156,2156,7.486557960510254,15.26799201965332,152.25,7.486557960510254
2157,2157,7.41121244430542,10.357582092285156,177.23529411764707,7.41121244430542
2158,2158,9.110404014587402,7.9218430519104,179.47058823529412,9.110404014587402
2159,2159,7.074464321136475,16.44980239868164,136.08695652173913,7.074464321136475
2160,2160,5.83259391784668,15.362314224243164,121.64,5.83259391784668
2161,2161,7.125393867492676,12.664653778076172,140.95454545454547,7.125393867492676
2162,2162,6.282567024230957,18.131988525390625,122.73076923076924,6.282567024230957
2163,2163,7.260307788848877,11.09928035736084,160.94736842105263,7.260307788848877
2164,2164,7.323015689849853,10.010947227478027,161.89473684210526,7.323015689849853
2165,2165,6.509002685546875,14.71287441253662,130.29166666666666,6.509002685546875
2166,2166,7.059047222137451,14.449657440185549,142.8181818181818,7.059047222137451
2167,2167,5.981856822967529,10.33387851715088,130.7826086956522,5.981856822967529
2168,2168,5.089016914367676,12.340304374694824,113.82142857142856,5.089016914367676
2169,2169,6.737518310546875,13.055377960205078,153.5,6.737518310546875
2170,2170,6.495084762573242,12.62364101409912,132.16666666666666,6.495084762573242
2171,2171,8.671331405639648,4.470001697540283,190.25,8.671331405639648
2172,2172,6.023977279663086,19.0408992767334,121.53846153846152,6.023977279663086
2173,2173,4.948308944702148,17.52449607849121,91.0,4.948308944702148
2174,2174,6.540497303009033,19.42559814453125,138.86363636363637,6.540497303009033
2175,2175,5.315086841583252,19.66709327697754,104.46666666666668,5.315086841583252
2176,2176,5.534366607666016,19.749191284179688,103.75862068965516,5.534366607666016
2177,2177,4.919521331787109,18.834693908691406,101.58064516129032,4.919521331787109
2178,2178,4.987154483795166,14.344819068908691,115.3846153846154,4.987154483795166
2179,2179,4.6235456466674805,19.502286911010746,96.12121212121212,4.6235456466674805
2180,2180,5.128410816192627,16.53719711303711,110.89285714285714,5.128410816192627
2181,2181,5.98912525177002,19.12537002563477,111.0,5.98912525177002
2182,2182,5.974518299102783,16.812156677246094,132.2173913043478,5.974518299102783
2183,2183,4.97986364364624,18.191925048828125,96.06060606060606,4.97986364364624
2184,2184,4.662476062774658,16.856313705444336,82.02631578947368,4.662476062774658
2185,2185,5.948869705200195,18.204256057739254,116.07407407407408,5.948869705200195
2186,2186,5.970714092254639,19.821617126464844,114.66666666666669,5.970714092254639
2187,2187,5.56903600692749,17.124574661254883,111.60714285714286,5.56903600692749
2188,2188,4.57421875,17.62234878540039,87.30555555555556,4.57421875
2189,2189,5.514138221740723,21.54405212402344,103.93333333333334,5.514138221740723
2190,2190,4.62333345413208,18.632509231567383,87.88888888888889,4.62333345413208
2191,2191,4.28358268737793,17.044281005859375,83.52777777777777,4.28358268737793
2192,2192,5.130784511566162,20.596784591674805,91.1818181818182,5.130784511566162
2193,2193,3.6164803504943848,14.079456329345703,67.06521739130434,3.6164803504943848
2194,2194,4.55027437210083,19.22058486938477,84.67567567567568,4.55027437210083
2195,2195,6.423389911651611,19.540367126464844,121.03846153846152,6.423389911651611
2196,2196,4.231252670288086,14.028383255004885,87.05714285714286,4.231252670288086
2197,2197,5.012577533721924,17.51956558227539,103.4,5.012577533721924
2198,2198,4.642798900604248,17.691221237182617,81.8157894736842,4.642798900604248
2199,2199,5.975636959075928,20.80080795288086,116.37037037037037,5.975636959075928
2200,2200,6.635004043579102,15.859007835388184,139.45454545454547,6.635004043579102
2201,2201,4.738325595855713,18.049022674560547,86.57142857142857,4.738325595855713
2202,2202,5.075016021728516,19.613264083862305,93.76470588235294,5.075016021728516
2203,2203,5.770487308502197,20.43531608581543,110.89285714285714,5.770487308502197
2204,2204,5.65067720413208,20.773439407348636,117.53846153846152,5.65067720413208
2205,2205,6.697316646575928,17.1063289642334,145.33333333333334,6.697316646575928
2206,2206,6.12744665145874,18.402624130249023,116.66666666666669,6.12744665145874
2207,2207,5.841763496398926,19.623411178588867,108.78571428571428,5.841763496398926
2208,2208,6.010879993438721,19.03437614440918,98.41935483870968,6.010879993438721
2209,2209,5.072304725646973,17.780750274658203,105.93103448275862,5.072304725646973
2210,2210,4.282759189605713,17.897998809814453,83.29729729729729,4.282759189605713
2211,2211,4.7132887840271,18.043081283569336,94.5625,4.7132887840271
2212,2212,6.005478858947754,14.61508083343506,109.48275862068964,6.005478858947754
2213,2213,6.140911102294922,16.251394271850586,132.69565217391303,6.140911102294922
2214,2214,6.600608825683594,18.867053985595703,125.20833333333331,6.600608825683594
2215,2215,4.4084062576293945,16.571945190429688,72.25,4.4084062576293945
2216,2216,6.410784721374512,15.596453666687012,139.54545454545453,6.410784721374512
2217,2217,7.380165100097656,18.22349739074707,130.70833333333334,7.380165100097656
2218,2218,5.929233074188232,21.19496726989746,104.26666666666668,5.929233074188232
2219,2219,4.327420711517334,17.46576690673828,74.51219512195122,4.327420711517334
2220,2220,5.690881252288818,21.12226676940918,112.32142857142856,5.690881252288818
2221,2221,6.219675540924072,15.826505661010742,115.57692307692308,6.219675540924072
2222,2222,6.2922210693359375,14.55547046661377,108.39285714285714,6.2922210693359375
2223,2223,5.355263710021973,15.571650505065918,96.66666666666669,5.355263710021973
2224,2224,6.310945987701416,18.112260818481445,120.65384615384616,6.310945987701416
2225,2225,6.768875598907471,13.818134307861328,140.45454545454547,6.768875598907471
2226,2226,6.800774097442627,20.385822296142575,132.0,6.800774097442627
2227,2227,5.223870754241943,17.821256637573242,90.82857142857142,5.223870754241943
2228,2228,6.412996768951416,18.715229034423828,119.03846153846152,6.412996768951416
2229,2229,7.291565895080566,13.616941452026367,155.85,7.291565895080566
2230,2230,6.802593231201172,13.18565845489502,125.04166666666669,6.802593231201172
2231,2231,6.072665691375732,17.05344009399414,131.6086956521739,6.072665691375732
2232,2232,8.154203414916992,13.1511812210083,153.95,8.154203414916992
2233,2233,7.695239543914795,12.687651634216309,144.22727272727272,7.695239543914795
2234,2234,5.884552001953125,18.87914085388184,115.03703703703704,5.884552001953125
2235,2235,5.684051036834717,18.62105369567871,115.07407407407408,5.684051036834717
2236,2236,5.185585498809815,20.812559127807617,96.06060606060606,5.185585498809815
2237,2237,5.140470504760742,18.855697631835938,107.72413793103448,5.140470504760742
2238,2238,4.865847587585449,16.534961700439453,95.75757575757576,4.865847587585449
2239,2239,4.607269763946533,18.18856430053711,91.82352941176472,4.607269763946533
2240,2240,6.1328840255737305,20.024227142333984,118.6923076923077,6.1328840255737305
2241,2241,5.737719058990479,15.95297145843506,112.32142857142856,5.737719058990479
2242,2242,6.834762573242188,17.5903377532959,136.30434782608697,6.834762573242188
2243,2243,5.4902119636535645,19.32876205444336,107.0,5.4902119636535645
2244,2244,5.690309047698975,17.628238677978516,101.80645161290325,5.690309047698975
2245,2245,6.184628486633301,16.759052276611328,122.08,6.184628486633301
2246,2246,5.034637928009033,17.76051902770996,97.96875,5.034637928009033
2247,2247,4.277483940124512,20.10470199584961,73.85365853658537,4.277483940124512
2248,2248,5.124980926513672,19.76169776916504,92.5,5.124980926513672
2249,2249,5.336551189422607,16.171621322631836,103.55172413793105,5.336551189422607
2250,2250,5.032028198242188,20.280664443969727,87.80555555555556,5.032028198242188
2251,2251,5.894325256347656,17.59292984008789,111.14285714285714,5.894325256347656
2252,2252,5.600786685943604,19.66400718688965,98.65625,5.600786685943604
2253,2253,4.466970920562744,15.928214073181152,71.83333333333333,4.466970920562744
2254,2254,5.592240810394287,16.387563705444336,96.80645161290325,5.592240810394287
2255,2255,5.177095413208008,20.64931297302246,86.05714285714286,5.177095413208008
2256,2256,5.310488700866699,19.847412109375,96.87878787878788,5.310488700866699
2257,2257,5.695667743682861,19.818944931030277,104.16666666666669,5.695667743682861
2258,2258,5.54655647277832,18.08088493347168,96.83870967741936,5.54655647277832
2259,2259,5.926921367645264,21.92083740234375,109.85714285714286,5.926921367645264
2260,2260,3.5252315998077397,16.03662872314453,57.9622641509434,3.5252315998077397
2261,2261,4.976478576660156,17.802349090576172,77.1951219512195,4.976478576660156
2262,2262,3.496213912963867,14.310629844665527,64.95833333333333,3.496213912963867
2263,2263,4.481339454650879,19.247220993041992,82.42105263157895,4.481339454650879
2264,2264,5.781538486480713,19.378494262695312,110.53571428571428,5.781538486480713
2265,2265,5.236801624298096,17.6226806640625,101.16129032258064,5.236801624298096
2266,2266,3.7218964099884033,15.9401273727417,65.08333333333333,3.7218964099884033
2267,2267,3.7511160373687744,14.977008819580078,56.67272727272727,3.7511160373687744
2268,2268,6.209867000579834,18.12957191467285,117.5,6.209867000579834
2269,2269,5.266268730163574,21.1820068359375,97.71875,5.266268730163574
2270,2270,4.77959680557251,18.295942306518555,91.17142857142858,4.77959680557251
2271,2271,5.759922981262207,17.634532928466797,112.0,5.759922981262207
2272,2272,4.860733509063721,18.167205810546875,83.89473684210526,4.860733509063721
2273,2273,4.772242546081543,16.46802520751953,82.97297297297297,4.772242546081543
2274,2274,5.690610885620117,19.64991950988769,114.22222222222224,5.690610885620117
2275,2275,4.95021390914917,19.744096755981445,88.05555555555556,4.95021390914917
2276,2276,4.820734977722168,17.480066299438477,90.31428571428572,4.820734977722168
2277,2277,4.787339210510254,18.18746757507324,78.33333333333333,4.787339210510254
2278,2278,5.3836212158203125,20.751903533935547,95.24242424242424,5.3836212158203125
2279,2279,5.096285343170166,19.92588424682617,86.0,5.096285343170166
2280,2280,5.59372091293335,18.1894588470459,102.09677419354838,5.59372091293335
2281,2281,4.272266864776611,18.38694190979004,71.97727272727273,4.272266864776611
2282,2282,6.883423805236816,18.74717712402344,115.66666666666669,6.883423805236816
2283,2283,5.859930038452148,21.60049819946289,106.23333333333332,5.859930038452148
2284,2284,4.048943042755127,16.816925048828125,82.65789473684211,4.048943042755127
2285,2285,5.446682929992676,19.33188819885254,98.3125,5.446682929992676
2286,2286,4.80068302154541,16.45107078552246,83.75,4.80068302154541
2287,2287,4.4586286544799805,20.32332801818848,77.6829268292683,4.4586286544799805
2288,2288,4.552002906799316,17.56938934326172,76.1219512195122,4.552002906799316
2289,2289,5.81378984451294,19.475431442260746,109.28571428571428,5.81378984451294
2290,2290,5.337856769561768,17.773239135742188,88.71428571428571,5.337856769561768
2291,2291,6.317046165466309,15.425682067871094,121.07692307692308,6.317046165466309
2292,2292,5.183431625366211,18.58502578735352,100.38709677419357,5.183431625366211
2293,2293,5.653088569641113,20.441255569458008,110.89285714285714,5.653088569641113
2294,2294,6.745194911956787,22.20803642272949,127.16666666666669,6.745194911956787
2295,2295,5.386731624603272,19.53816032409668,95.66666666666669,5.386731624603272
2296,2296,6.014821529388428,19.43600082397461,107.55172413793105,6.014821529388428
2297,2297,7.43790864944458,13.306588172912598,141.72727272727272,7.43790864944458
2298,2298,5.926643371582031,18.737529754638672,105.23333333333332,5.926643371582031
2299,2299,4.635808944702148,17.468536376953125,78.15384615384616,4.635808944702148
2300,2300,5.199800491333008,18.788471221923828,88.32352941176471,5.199800491333008
2301,2301,6.541060924530029,16.204469680786133,110.14285714285714,6.541060924530029
2302,2302,6.562766075134277,17.460372924804688,116.33333333333331,6.562766075134277
2303,2303,6.235714435577393,18.353721618652344,112.03571428571428,6.235714435577393
2304,2304,6.016955852508545,19.700517654418945,107.6206896551724,6.016955852508545
2305,2305,5.130076885223389,18.12789535522461,100.80645161290325,5.130076885223389
2306,2306,6.3532233238220215,17.440824508666992,127.83333333333331,6.3532233238220215
2307,2307,7.7903056144714355,15.208443641662598,145.3181818181818,7.7903056144714355
2308,2308,5.640845775604248,16.914213180541992,94.3125,5.640845775604248
2309,2309,5.973434925079346,19.40289878845215,110.92857142857144,5.973434925079346
2310,2310,7.379988193511963,15.347695350646973,145.28571428571428,7.379988193511963
2311,2311,7.66420316696167,14.022701263427734,140.4090909090909,7.66420316696167
2312,2312,6.5140061378479,16.014541625976562,112.75,6.5140061378479
2313,2313,5.455133438110352,18.67131233215332,94.625,5.455133438110352
2314,2314,6.107461452484131,20.30966186523437,104.7,6.107461452484131
2315,2315,5.128891944885254,19.05914878845215,95.72727272727272,5.128891944885254
2316,2316,5.193364143371582,17.2999267578125,99.09375,5.193364143371582
2317,2317,5.922741889953613,15.191675186157228,104.17241379310344,5.922741889953613
2318,2318,6.498382091522217,19.35613250732422,111.33333333333331,6.498382091522217
2319,2319,6.571197032928467,16.935653686523438,128.5,6.571197032928467
2320,2320,5.972434520721436,18.745838165283203,118.6923076923077,5.972434520721436
2321,2321,5.970722675323486,15.688234329223633,109.41379310344828,5.970722675323486
2322,2322,6.696217060089111,16.433717727661133,120.8,6.696217060089111
2323,2323,8.443824768066406,6.660274028778076,178.11764705882354,8.443824768066406
2324,2324,6.318397045135498,16.14446258544922,108.41379310344828,6.318397045135498
2325,2325,8.748086929321289,6.2014031410217285,165.73684210526315,8.748086929321289
2326,2326,7.2777814865112305,11.632794380187988,127.84,7.2777814865112305
2327,2327,6.983436107635498,14.958175659179688,122.8076923076923,6.983436107635498
2328,2328,7.569553375244141,14.016199111938477,153.2,7.569553375244141
2329,2329,6.408188343048096,14.359003067016602,117.55555555555556,6.408188343048096
2330,2330,6.346441745758057,12.405622482299805,107.27586206896552,6.346441745758057
2331,2331,7.7014479637146,15.637847900390623,152.3,7.7014479637146
2332,2332,6.915561676025391,15.548770904541016,126.44,6.915561676025391
2333,2333,8.598278999328613,7.636786937713623,163.68421052631578,8.598278999328613
2334,2334,8.240622520446777,11.866257667541504,161.52631578947367,8.240622520446777
2335,2335,7.522062301635742,14.589740753173828,138.08695652173913,7.522062301635742
2336,2336,5.077596664428711,18.055740356445312,89.52941176470588,5.077596664428711
2337,2337,7.096584796905518,15.376591682434082,121.8076923076923,7.096584796905518
2338,2338,6.924304008483887,13.878146171569824,125.76,6.924304008483887
2339,2339,8.758691787719727,7.736721515655518,169.44444444444446,8.758691787719727
2340,2340,8.058716773986816,12.1532621383667,142.6818181818182,8.058716773986816
2341,2341,8.342605590820312,10.24878215789795,161.05263157894737,8.342605590820312
2342,2342,7.698875904083252,13.217944145202637,142.3181818181818,7.698875904083252
2343,2343,7.549209594726562,16.710054397583008,145.66666666666666,7.549209594726562
2344,2344,7.126889705657959,15.250038146972656,121.42307692307692,7.126889705657959
2345,2345,7.444890022277832,12.330265998840332,123.48,7.444890022277832
2346,2346,8.710197448730469,12.562010765075684,161.52631578947367,8.710197448730469
2347,2347,8.812424659729004,8.202584266662598,155.1,8.812424659729004
2348,2348,8.044144630432129,11.559584617614746,143.5,8.044144630432129
2349,2349,7.223787307739258,15.524889945983888,126.0,7.223787307739258
2350,2350,9.09327793121338,6.167546272277832,169.94444444444446,9.09327793121338
2351,2351,6.979483604431152,13.66813850402832,127.84,6.979483604431152
2352,2352,7.942826271057129,12.446053504943848,146.85714285714286,7.942826271057129
2353,2353,8.342693328857422,13.573251724243164,160.05263157894737,8.342693328857422
2354,2354,8.142038345336914,9.55435562133789,153.75,8.142038345336914
2355,2355,7.15192985534668,14.34632968902588,126.4,7.15192985534668
2356,2356,7.399319648742676,13.560790061950684,135.30434782608697,7.399319648742676
2357,2357,8.612566947937012,7.722408294677734,155.2,8.612566947937012
2358,2358,8.286993980407715,8.906723976135254,144.5909090909091,8.286993980407715
2359,2359,7.651372909545898,13.024383544921877,148.0,7.651372909545898
2360,2360,7.344132900238037,12.911859512329102,141.54545454545453,7.344132900238037
2361,2361,7.497948169708252,11.058088302612305,132.125,7.497948169708252
2362,2362,9.286985397338867,6.065862655639648,188.25,9.286985397338867
2363,2363,8.854192733764648,3.537489891052246,167.94444444444446,8.854192733764648
2364,2364,8.029399871826172,10.727316856384276,158.52631578947367,8.029399871826172
2365,2365,7.410631656646728,11.558478355407717,125.16666666666669,7.410631656646728
2366,2366,8.17786979675293,9.726628303527832,140.5,8.17786979675293
2367,2367,7.949827194213867,12.338994979858398,142.36363636363637,7.949827194213867
2368,2368,7.556478977203369,13.580320358276367,130.7391304347826,7.556478977203369
2369,2369,7.959895610809326,11.808751106262209,141.77272727272728,7.959895610809326
2370,2370,8.868494987487793,8.916034698486328,169.44444444444446,8.868494987487793
2371,2371,8.221903800964355,10.56203842163086,168.5,8.221903800964355
2372,2372,7.472877979278564,12.746317863464355,131.20833333333334,7.472877979278564
2373,2373,7.124820232391357,14.948952674865724,125.95833333333331,7.124820232391357
2374,2374,8.618701934814453,14.503458976745604,167.66666666666666,8.618701934814453
2375,2375,6.425323009490967,19.35207939147949,108.03571428571428,6.425323009490967
2376,2376,5.669498920440674,18.904882431030277,91.03030303030305,5.669498920440674
2377,2377,6.599090099334717,15.819527626037598,109.06896551724138,6.599090099334717
2378,2378,6.488774299621582,18.891380310058597,112.35714285714286,6.488774299621582
2379,2379,6.385361194610596,17.133081436157227,116.96296296296296,6.385361194610596
2380,2380,6.70058012008667,17.54367446899414,113.35714285714286,6.70058012008667
2381,2381,6.73883056640625,16.821258544921875,117.0,6.73883056640625
2382,2382,6.396077156066895,18.358470916748047,119.8076923076923,6.396077156066895
2383,2383,7.0327229499816895,17.7320556640625,120.1923076923077,7.0327229499816895
2384,2384,7.563893795013428,14.527618408203123,129.70833333333334,7.563893795013428
2385,2385,5.9539899826049805,15.652752876281738,105.83333333333331,5.9539899826049805
2386,2386,7.135780334472656,13.65557861328125,129.04166666666666,7.135780334472656
2387,2387,8.31590461730957,13.870671272277832,153.9,8.31590461730957
2388,2388,7.084978103637695,14.510143280029297,134.8695652173913,7.084978103637695
2389,2389,6.676253318786621,13.596732139587402,114.96296296296296,6.676253318786621
2390,2390,6.577139854431152,14.28935432434082,105.75862068965516,6.577139854431152
2391,2391,5.640647888183594,17.45052719116211,89.97058823529412,5.640647888183594
2392,2392,6.937191009521484,17.62250518798828,116.48148148148148,6.937191009521484
2393,2393,7.066300868988037,16.210399627685547,125.45833333333331,7.066300868988037
2394,2394,7.475181579589844,15.048295974731444,130.75,7.475181579589844
2395,2395,6.847311973571777,14.793630599975586,110.3103448275862,6.847311973571777
2396,2396,7.867138385772705,13.489943504333496,141.27272727272728,7.867138385772705
2397,2397,7.125006675720215,14.234163284301758,123.84,7.125006675720215
2398,2398,7.579461097717285,11.897669792175291,130.56521739130434,7.579461097717285
2399,2399,7.9939351081848145,14.142157554626465,142.9090909090909,7.9939351081848145
2400,2400,8.335016250610352,14.753374099731444,153.0,8.335016250610352
2401,2401,6.2341132164001465,18.547748565673828,102.48387096774194,6.2341132164001465
2402,2402,5.05294942855835,15.664624214172363,78.0,5.05294942855835
2403,2403,6.595895767211914,16.955717086791992,115.70370370370372,6.595895767211914
2404,2404,6.346521854400635,19.664464950561523,109.6206896551724,6.346521854400635
2405,2405,6.99533224105835,17.992382049560547,124.56,6.99533224105835
2406,2406,8.417661666870117,11.461438179016112,146.95238095238096,8.417661666870117
2407,2407,6.587887763977051,20.80863380432129,116.6923076923077,6.587887763977051
2408,2408,6.852023601531982,19.32280731201172,119.46153846153848,6.852023601531982
2409,2409,6.664473056793213,17.992691040039062,112.03571428571428,6.664473056793213
2410,2410,7.592728137969971,18.30182647705078,134.30434782608697,7.592728137969971
2411,2411,7.770009517669678,14.214000701904297,130.75,7.770009517669678
2412,2412,6.354498386383057,22.15719223022461,111.46428571428572,6.354498386383057
2413,2413,6.481411457061768,17.534929275512695,102.46666666666668,6.481411457061768
2414,2414,6.85575532913208,17.693565368652344,120.1153846153846,6.85575532913208
2415,2415,6.15194034576416,19.02730178833008,105.26666666666668,6.15194034576416
2416,2416,7.148983001708984,16.79438591003418,117.85185185185183,7.148983001708984
2417,2417,6.999444961547852,19.30691719055176,121.15384615384616,6.999444961547852
2418,2418,6.405299663543701,18.93649101257324,115.51851851851852,6.405299663543701
2419,2419,6.171452522277832,21.14552497863769,104.9,6.171452522277832
2420,2420,7.134013175964356,14.75737190246582,121.1923076923077,7.134013175964356
2421,2421,5.915865898132324,18.5870361328125,104.53333333333332,5.915865898132324
2422,2422,7.204289436340332,18.913795471191406,133.8695652173913,7.204289436340332
2423,2423,5.516390800476074,21.42725372314453,99.0625,5.516390800476074
2424,2424,6.212409496307373,19.913795471191406,94.51515151515152,6.212409496307373
2425,2425,6.1148834228515625,17.97544288635254,97.90322580645162,6.1148834228515625
2426,2426,5.743005275726318,22.64538955688477,106.75862068965516,5.743005275726318
2427,2427,7.647298336029053,18.42403030395508,134.17391304347825,7.647298336029053
2428,2428,6.839936256408691,18.51133728027344,112.25,6.839936256408691
2429,2429,6.847169876098633,19.51456451416016,116.11111111111111,6.847169876098633
2430,2430,6.522516250610352,18.414138793945312,115.33333333333331,6.522516250610352
2431,2431,8.666775703430176,10.2874116897583,160.26315789473685,8.666775703430176
2432,2432,7.743817329406738,13.356624603271484,140.3181818181818,7.743817329406738
2433,2433,5.860540390014648,17.57259178161621,102.5483870967742,5.860540390014648
2434,2434,7.171163558959961,17.326417922973633,128.54166666666666,7.171163558959961
2435,2435,6.146173000335693,18.99462890625,100.13333333333334,6.146173000335693
2436,2436,7.565336227416992,18.7967472076416,134.17391304347825,7.565336227416992
2437,2437,8.401217460632324,12.930556297302246,146.95238095238096,8.401217460632324
2438,2438,6.27938175201416,18.03005790710449,100.8,6.27938175201416
2439,2439,8.135503768920898,14.766157150268556,152.15,8.135503768920898
2440,2440,6.8985795974731445,16.7695255279541,124.04,6.8985795974731445
2441,2441,7.391226768493652,14.909628868103027,127.44,7.391226768493652
2442,2442,8.25357723236084,11.538213729858398,143.6818181818182,8.25357723236084
2443,2443,6.420421600341797,17.725448608398438,108.79310344827586,6.420421600341797
2444,2444,6.90315580368042,21.72918510437012,132.7391304347826,6.90315580368042
2445,2445,9.250682830810549,8.817037582397461,170.66666666666666,9.250682830810549
2446,2446,7.114847183227539,16.48967933654785,122.2,7.114847183227539
2447,2447,7.038442611694336,16.71724510192871,120.76923076923076,7.038442611694336
2448,2448,7.554965496063232,17.612777709960938,134.65217391304347,7.554965496063232
2449,2449,9.58827018737793,5.277684211730957,167.61111111111111,9.58827018737793
2450,2450,8.558488845825195,11.726070404052734,154.0,8.558488845825195
2451,2451,8.517108917236328,15.015544891357422,159.89473684210526,8.517108917236328
2452,2452,6.529307842254639,14.801639556884766,117.37037037037037,6.529307842254639
2453,2453,6.608787059783936,17.765201568603516,104.79310344827586,6.608787059783936
2454,2454,6.852479934692383,18.17193603515625,123.6,6.852479934692383
2455,2455,8.630165100097656,8.594799995422363,160.73684210526315,8.630165100097656
2456,2456,8.328465461730957,12.12269401550293,159.8421052631579,8.328465461730957
2457,2457,7.85274076461792,11.899202346801758,137.2608695652174,7.85274076461792
2458,2458,6.8617048263549805,18.30854034423828,120.46153846153848,6.8617048263549805
2459,2459,6.752734661102295,15.43862533569336,111.4074074074074,6.752734661102295
2460,2460,7.811761856079102,15.951859474182127,139.72727272727272,7.811761856079102
2461,2461,7.047309398651123,17.6746768951416,118.26923076923076,7.047309398651123
2462,2462,6.669671535491943,19.88755798339844,114.21428571428572,6.669671535491943
2463,2463,6.78316593170166,19.602094650268555,121.92307692307692,6.78316593170166
2464,2464,6.939020156860352,16.82149314880371,116.88888888888889,6.939020156860352
2465,2465,6.115819454193115,19.02099609375,107.89285714285714,6.115819454193115
2466,2466,6.089642524719238,20.96047019958496,101.56666666666666,6.089642524719238
2467,2467,6.030881881713867,17.75509262084961,94.05882352941175,6.030881881713867
2468,2468,6.718588829040527,17.741191864013672,112.0,6.718588829040527
2469,2469,6.407535076141357,20.85222816467285,114.85185185185183,6.407535076141357
2470,2470,9.55699348449707,5.6738600730896,187.875,9.55699348449707
2471,2471,6.049540042877197,19.398975372314453,102.09677419354838,6.049540042877197
2472,2472,6.651787281036377,18.934539794921875,109.20689655172414,6.651787281036377
2473,2473,6.995369911193848,14.470568656921388,112.66666666666669,6.995369911193848
2474,2474,6.842220783233643,17.8987979888916,113.07142857142856,6.842220783233643
2475,2475,6.556295871734619,17.569782257080078,108.65517241379312,6.556295871734619
2476,2476,7.117631435394287,14.987196922302246,128.79166666666666,7.117631435394287
2477,2477,6.591925144195557,21.36627960205078,114.85185185185183,6.591925144195557
2478,2478,6.600820541381836,16.040639877319336,115.92592592592592,6.600820541381836
2479,2479,8.081274032592773,13.713461875915527,146.1904761904762,8.081274032592773
2480,2480,7.858455657958984,15.793683052062988,145.47619047619048,7.858455657958984
2481,2481,6.082157135009766,19.981578826904297,101.41935483870968,6.082157135009766
2482,2482,7.711444854736328,14.808934211730955,145.52380952380952,7.711444854736328
2483,2483,6.552160263061523,18.24245834350586,128.375,6.552160263061523
2484,2484,7.036890983581543,16.37663459777832,121.0,7.036890983581543
2485,2485,5.613245487213135,16.40359878540039,93.75,5.613245487213135
2486,2486,6.61240291595459,16.917055130004883,116.55555555555556,6.61240291595459
2487,2487,5.602427005767822,19.679447174072266,101.83870967741936,5.602427005767822
2488,2488,6.818350315093994,15.294443130493164,125.04166666666669,6.818350315093994
2489,2489,6.939988136291504,18.26698112487793,120.8076923076923,6.939988136291504
2490,2490,7.252575397491455,13.318045616149902,121.6923076923077,7.252575397491455
2491,2491,5.827106475830078,14.981182098388672,93.05882352941175,5.827106475830078
2492,2492,6.51825761795044,17.908159255981445,112.14814814814817,6.51825761795044
2493,2493,7.247746467590332,17.121679306030273,126.12,7.247746467590332
2494,2494,8.254528045654297,10.509795188903809,144.27272727272728,8.254528045654297
2495,2495,7.250508785247803,17.850889205932617,128.875,7.250508785247803
2496,2496,6.915466785430908,17.649045944213867,133.65217391304347,6.915466785430908
2497,2497,6.749125003814697,18.737377166748047,119.6923076923077,6.749125003814697
2498,2498,5.426877498626709,18.95597076416016,89.17647058823529,5.426877498626709
2499,2499,6.887321472167969,17.442771911621094,128.79166666666666,6.887321472167969
2500,2500,5.508285999298096,18.865493774414062,96.03030303030305,5.508285999298096
2501,2501,5.961105346679688,21.494123458862305,107.89655172413794,5.961105346679688
2502,2502,6.419248104095459,20.726375579833984,105.33333333333331,6.419248104095459
2503,2503,6.307435989379883,18.183801651000977,104.51724137931036,6.307435989379883
2504,2504,7.491203308105469,15.526119232177734,139.5,7.491203308105469
2505,2505,5.812943458557129,15.054426193237305,93.36363636363636,5.812943458557129
2506,2506,5.758638381958008,19.192811965942383,93.8125,5.758638381958008
2507,2507,6.807497978210449,19.81750869750977,118.8076923076923,6.807497978210449
2508,2508,6.014263153076172,18.23637008666992,97.35483870967742,6.014263153076172
2509,2509,6.152512550354004,17.22435760498047,97.51612903225806,6.152512550354004
2510,2510,7.179489135742188,17.63482093811035,127.12,7.179489135742188
2511,2511,5.9224371910095215,17.960357666015625,97.41935483870968,5.9224371910095215
2512,2512,7.874805927276611,13.878445625305176,131.58333333333334,7.874805927276611
2513,2513,8.048798561096191,14.006518363952637,140.63636363636363,8.048798561096191
2514,2514,8.398961067199707,11.950593948364258,153.0,8.398961067199707
2515,2515,7.44800329208374,16.515527725219727,129.41666666666666,7.44800329208374
2516,2516,6.009848117828369,19.85161018371582,99.53125,6.009848117828369
2517,2517,7.150139331817627,17.90097999572754,128.91666666666666,7.150139331817627
2518,2518,8.001903533935547,13.812419891357422,129.45833333333334,8.001903533935547
2519,2519,6.722643852233887,19.11080741882324,119.34615384615384,6.722643852233887
2520,2520,7.041733741760254,18.930788040161133,119.65384615384616,7.041733741760254
2521,2521,7.04543924331665,16.744857788085938,107.28571428571428,7.04543924331665
2522,2522,6.626969814300537,18.798358917236328,110.24137931034484,6.626969814300537
2523,2523,6.177175045013428,17.526025772094727,107.42857142857144,6.177175045013428
2524,2524,6.060661315917969,20.41913604736328,88.85714285714286,6.060661315917969
2525,2525,6.241424083709717,18.234872817993164,92.06060606060606,6.241424083709717
2526,2526,6.418026447296143,21.511594772338867,101.80645161290325,6.418026447296143
2527,2527,5.775866508483887,18.193662643432617,89.20588235294117,5.775866508483887
2528,2528,5.256705284118652,16.9669246673584,79.63157894736842,5.256705284118652
2529,2529,6.416322231292725,17.803136825561523,102.2258064516129,6.416322231292725
2530,2530,5.948678970336914,18.457550048828125,93.29411764705884,5.948678970336914
2531,2531,6.940932750701904,18.125593185424805,113.35714285714286,6.940932750701904
2532,2532,6.5660400390625,18.716140747070312,108.3793103448276,6.5660400390625
2533,2533,6.84644889831543,20.34183692932129,115.14814814814817,6.84644889831543
2534,2534,7.98176908493042,13.32500171661377,133.125,7.98176908493042
2535,2535,6.618132591247559,15.920413970947266,108.89285714285714,6.618132591247559
2536,2536,6.370218276977539,18.91872978210449,102.25806451612904,6.370218276977539
2537,2537,5.169626712799072,17.475563049316406,75.90243902439025,5.169626712799072
2538,2538,7.74534273147583,17.934782028198242,130.375,7.74534273147583
2539,2539,6.680762767791748,17.718170166015625,108.6896551724138,6.680762767791748
2540,2540,7.82167911529541,13.67909812927246,130.7391304347826,7.82167911529541
2541,2541,6.560163497924805,15.650956153869627,123.96,6.560163497924805
2542,2542,7.188845157623291,17.35820770263672,124.44,7.188845157623291
2543,2543,7.630681037902832,16.102367401123047,111.03571428571428,7.630681037902832
2544,2544,8.71545696258545,13.109511375427246,160.05263157894737,8.71545696258545
2545,2545,8.144593238830566,14.006794929504396,141.4090909090909,8.144593238830566
2546,2546,6.743494033813477,17.499475479125977,105.89655172413794,6.743494033813477
2547,2547,6.372389316558838,16.983779907226562,90.26470588235294,6.372389316558838
2548,2548,6.251138210296631,17.097719192504883,85.74285714285715,6.251138210296631
2549,2549,4.846036911010742,19.483509063720703,74.95121951219512,4.846036911010742
2550,2550,6.875460624694824,18.33148002624512,115.66666666666669,6.875460624694824
2551,2551,5.253586769104004,19.998048782348636,80.6842105263158,5.253586769104004
2552,2552,5.393293380737305,18.07602882385254,76.34146341463415,5.393293380737305
2553,2553,4.9698805809021,19.16747093200684,81.10810810810811,4.9698805809021
2554,2554,5.641961097717285,19.35706901550293,95.72727272727272,5.641961097717285
2555,2555,6.051076889038086,18.843658447265625,93.875,6.051076889038086
2556,2556,4.866744518280029,17.099987030029297,70.63636363636364,4.866744518280029
2557,2557,5.6782331466674805,19.37459373474121,93.3030303030303,5.6782331466674805
2558,2558,6.690838813781738,18.73287010192871,112.25,6.690838813781738
2559,2559,6.765974521636963,18.100038528442383,112.75,6.765974521636963
2560,2560,6.082431316375732,21.90885162353516,110.5,6.082431316375732
2561,2561,7.519294261932373,15.698152542114258,128.95833333333334,7.519294261932373
2562,2562,6.5165534019470215,21.32279586791992,114.92592592592592,6.5165534019470215
2563,2563,7.96678352355957,15.397134780883787,139.8181818181818,7.96678352355957
2564,2564,5.27861213684082,16.263710021972656,85.8,5.27861213684082
2565,2565,6.193592548370361,18.170351028442383,105.93333333333334,6.193592548370361
2566,2566,8.149454116821289,11.842351913452148,152.95,8.149454116821289
2567,2567,8.090100288391113,12.67966079711914,132.83333333333334,8.090100288391113
2568,2568,8.188682556152344,13.89801788330078,136.82608695652175,8.188682556152344
2569,2569,6.91527271270752,17.876815795898438,112.25,6.91527271270752
2570,2570,5.398881912231445,19.56523895263672,86.02857142857142,5.398881912231445
2571,2571,5.285987377166748,18.229305267333984,78.33333333333333,5.285987377166748
2572,2572,7.021945476531982,21.26658821105957,121.76923076923076,7.021945476531982
2573,2573,6.212096214294434,16.528980255126953,92.20588235294116,6.212096214294434
2574,2574,6.307987689971924,19.35320472717285,105.63333333333334,6.307987689971924
2575,2575,5.901774883270264,22.220556259155277,101.09677419354838,5.901774883270264
2576,2576,5.494413375854492,20.695880889892575,88.33333333333333,5.494413375854492
2577,2577,6.975680828094482,18.98723793029785,113.89285714285714,6.975680828094482
2578,2578,8.514738082885742,12.840458869934082,152.95,8.514738082885742
2579,2579,6.000850200653076,18.916879653930664,105.03333333333332,6.000850200653076
2580,2580,9.463438987731934,11.247556686401367,177.11764705882354,9.463438987731934
2581,2581,6.5518999099731445,19.55118179321289,105.13333333333334,6.5518999099731445
2582,2582,5.74608850479126,17.456436157226562,86.63888888888889,5.74608850479126
2583,2583,5.701795101165772,19.4589900970459,92.03030303030305,5.701795101165772
2584,2584,5.015344619750977,17.02115249633789,73.66666666666667,5.015344619750977
2585,2585,6.517202377319336,18.72250747680664,105.3,6.517202377319336
2586,2586,6.088459014892578,18.495630264282227,95.75,6.088459014892578
2587,2587,7.18660306930542,18.290014266967773,109.14285714285714,7.18660306930542
2588,2588,5.355164051055908,20.16786193847656,83.47222222222223,5.355164051055908
2589,2589,5.802342891693115,18.935503005981445,90.9090909090909,5.802342891693115
2590,2590,7.572874546051025,17.291841506958008,124.64,7.572874546051025
2591,2591,8.747235298156738,7.532873630523682,153.95,8.747235298156738
2592,2592,8.541954040527344,12.773592948913574,152.75,8.541954040527344
2593,2593,6.7742133140563965,15.510601997375488,99.51612903225806,6.7742133140563965
2594,2594,9.35682773590088,7.85942268371582,158.95,9.35682773590088
2595,2595,7.344934463500977,15.689558029174805,128.91666666666666,7.344934463500977
2596,2596,8.096996307373047,11.697794914245604,153.35,8.096996307373047
2597,2597,6.936798095703125,15.59331226348877,117.07692307692308,6.936798095703125
2598,2598,6.828126430511475,16.838571548461914,103.79310344827586,6.828126430511475
2599,2599,8.902412414550781,11.477713584899902,160.21052631578948,8.902412414550781
2600,2600,8.389111518859863,10.712157249450684,160.31578947368422,8.389111518859863
2601,2601,6.520082473754883,15.358851432800291,100.4516129032258,6.520082473754883
2602,2602,8.318809509277344,10.779298782348633,160.05263157894737,8.318809509277344
2603,2603,7.42320966720581,13.797125816345217,125.25,7.42320966720581
2604,2604,7.746921539306641,8.64497184753418,132.29166666666666,7.746921539306641
2605,2605,7.0314555168151855,14.087172508239746,109.78571428571428,7.0314555168151855
2606,2606,8.212716102600098,10.004084587097168,136.77272727272728,8.212716102600098
2607,2607,8.409505844116211,7.944936752319336,152.15,8.409505844116211
2608,2608,7.449612617492676,13.24155616760254,142.9090909090909,7.449612617492676
2609,2609,7.640703678131103,14.142257690429688,146.42857142857142,7.640703678131103
2610,2610,8.684335708618164,13.43509578704834,158.2,8.684335708618164
2611,2611,8.308431625366211,8.948199272155762,144.33333333333334,8.308431625366211
2612,2612,7.622113227844238,14.755282402038574,140.3181818181818,7.622113227844238
2613,2613,8.322867393493652,14.713770866394045,143.6818181818182,8.322867393493652
2614,2614,8.364885330200195,8.482616424560547,148.61904761904762,8.364885330200195
2615,2615,7.619698524475098,14.564652442932127,135.04347826086956,7.619698524475098
2616,2616,7.740651130676269,10.085037231445312,122.07692307692308,7.740651130676269
2617,2617,6.654912948608398,16.393524169921875,109.6206896551724,6.654912948608398
2618,2618,7.048733711242676,12.990883827209473,109.35714285714286,7.048733711242676
2619,2619,7.333310127258301,15.588151931762695,126.88,7.333310127258301
2620,2620,6.610605716705322,15.752942085266112,109.10714285714286,6.610605716705322
2621,2621,8.41904354095459,12.118535041809082,136.86363636363637,8.41904354095459
2622,2622,8.378148078918457,9.467500686645508,148.0952380952381,8.378148078918457
2623,2623,7.739217758178711,11.418842315673828,120.34615384615384,7.739217758178711
2624,2624,7.750269412994385,13.605539321899414,134.7826086956522,7.750269412994385
2625,2625,7.776584148406982,11.519893646240234,135.7826086956522,7.776584148406982
2626,2626,7.233837604522705,14.554678916931152,121.5,7.233837604522705
2627,2627,8.012667655944824,11.20295238494873,125.96,8.012667655944824
2628,2628,6.735531330108643,17.722625732421875,104.13793103448276,6.735531330108643
2629,2629,7.428287982940674,15.606353759765623,131.625,7.428287982940674
2630,2630,8.016785621643066,15.42553997039795,132.04166666666666,8.016785621643066
2631,2631,8.774904251098633,9.224128723144531,153.8,8.774904251098633
2632,2632,6.54423713684082,16.73788070678711,103.72413793103448,6.54423713684082
2633,2633,6.632132530212402,13.607295989990234,105.41379310344828,6.632132530212402
2634,2634,7.941064834594727,12.551836967468262,140.1818181818182,7.941064834594727
2635,2635,7.060583114624023,12.994243621826172,111.74074074074076,7.060583114624023
2636,2636,7.468013763427734,15.0538330078125,134.65217391304347,7.468013763427734
2637,2637,8.502023696899414,10.845356941223145,160.26315789473685,8.502023696899414
2638,2638,5.7233710289001465,16.22163200378418,91.36363636363636,5.7233710289001465
2639,2639,7.720401287078857,13.561929702758787,135.43478260869566,7.720401287078857
2640,2640,7.186111927032471,15.200258255004885,122.92307692307692,7.186111927032471
2641,2641,6.866568088531494,15.339197158813477,120.04,6.866568088531494
2642,2642,7.425877094268799,14.549098014831545,123.24,7.425877094268799
2643,2643,7.730786323547363,14.722245216369627,139.95454545454547,7.730786323547363
2644,2644,7.235086441040039,16.216533660888672,120.44,7.235086441040039
2645,2645,8.087933540344238,12.330501556396484,141.95454545454547,8.087933540344238
2646,2646,7.32974910736084,12.916478157043455,120.03846153846152,7.32974910736084
2647,2647,7.993276119232178,8.578609466552734,143.04761904761904,7.993276119232178
2648,2648,6.954180717468262,13.531291961669922,116.0,6.954180717468262
2649,2649,7.750532627105713,14.604436874389648,130.75,7.750532627105713
2650,2650,7.851762294769287,9.73890495300293,132.625,7.851762294769287
2651,2651,8.38824462890625,9.519574165344238,144.04761904761904,8.38824462890625
2652,2652,8.285666465759277,7.64117956161499,143.77272727272728,8.285666465759277
2653,2653,7.961658954620361,14.402393341064451,146.04761904761904,7.961658954620361
2654,2654,6.975399494171143,13.290831565856934,122.84615384615384,6.975399494171143
2655,2655,8.09489917755127,12.67197322845459,160.26315789473685,8.09489917755127
2656,2656,6.561511039733887,15.66425323486328,108.89285714285714,6.561511039733887
2657,2657,9.03617000579834,6.758810043334961,159.5,9.03617000579834
2658,2658,6.0022077560424805,17.4644832611084,100.23333333333332,6.0022077560424805
2659,2659,7.833480358123779,11.989468574523926,131.625,7.833480358123779
2660,2660,8.706422805786133,9.736532211303713,161.31578947368422,8.706422805786133
2661,2661,6.91400957107544,16.926937103271484,130.79166666666666,6.91400957107544
2662,2662,7.497654914855957,15.410969734191896,127.16,7.497654914855957
2663,2663,8.528597831726074,10.79413604736328,160.73684210526315,8.528597831726074
2664,2664,8.907029151916504,8.063996315002441,162.42105263157896,8.907029151916504
2665,2665,7.638397216796875,12.841544151306152,130.875,7.638397216796875
2666,2666,7.971736907958984,11.658991813659668,153.9,7.971736907958984
2667,2667,7.924214839935303,12.249696731567385,144.04761904761904,7.924214839935303
2668,2668,7.260240077972412,11.744384765625,136.47826086956522,7.260240077972412
2669,2669,7.013278961181641,16.557342529296875,131.7391304347826,7.013278961181641
2670,2670,7.620601654052734,9.43909740447998,135.52173913043478,7.620601654052734
2671,2671,8.4955415725708,9.96167278289795,177.52941176470588,8.4955415725708
2672,2672,8.364276885986328,9.975545883178713,156.3,8.364276885986328
2673,2673,7.656365394592285,11.07388401031494,148.38095238095238,7.656365394592285
2674,2674,7.352606773376465,12.369609832763672,136.52173913043478,7.352606773376465
2675,2675,6.829638481140137,15.710586547851562,113.0,6.829638481140137
2676,2676,7.856622695922852,9.29835605621338,162.47368421052633,7.856622695922852
2677,2677,7.721159934997559,8.232832908630371,171.44444444444446,7.721159934997559
2678,2678,8.379753112792969,7.878000259399414,178.0,8.379753112792969
2679,2679,7.568772315979004,17.54303741455078,145.14285714285714,7.568772315979004
2680,2680,7.9195661544799805,14.430052757263184,153.45,7.9195661544799805
2681,2681,6.872655868530273,14.517277717590332,146.47619047619048,6.872655868530273
2682,2682,7.782872200012207,14.075479507446287,159.68421052631578,7.782872200012207
2683,2683,8.025205612182617,10.680150032043455,160.94736842105263,8.025205612182617
2684,2684,7.255731105804443,16.54738998413086,132.04166666666666,7.255731105804443
2685,2685,6.532949924468994,13.49587059020996,109.71428571428572,6.532949924468994
2686,2686,8.1871337890625,7.149622440338135,161.94736842105263,8.1871337890625
2687,2687,7.114933490753174,12.522440910339355,120.07692307692308,7.114933490753174
2688,2688,7.477734565734863,15.07598876953125,141.1818181818182,7.477734565734863
2689,2689,7.087422847747803,17.311954498291016,132.08333333333334,7.087422847747803
2690,2690,7.646681785583496,10.338875770568848,144.85714285714286,7.646681785583496
2691,2691,6.938865184783936,15.65359878540039,133.125,6.938865184783936
2692,2692,7.877811431884766,12.339932441711426,144.23809523809524,7.877811431884766
2693,2693,6.840081214904785,13.142570495605469,117.42307692307692,6.840081214904785
2694,2694,7.814522743225098,10.781052589416504,154.6,7.814522743225098
2695,2695,8.467930793762207,11.980122566223145,155.25,8.467930793762207
2696,2696,7.459042072296143,12.989188194274902,142.13636363636363,7.459042072296143
2697,2697,6.7182393074035645,15.85338306427002,108.28571428571428,6.7182393074035645
2698,2698,4.944237232208252,17.39751625061035,80.6923076923077,4.944237232208252
2699,2699,6.17240047454834,18.031129837036133,102.64516129032258,6.17240047454834
2700,2700,7.5456743240356445,16.639888763427734,139.8181818181818,7.5456743240356445
2701,2701,7.037619113922119,18.46594619750977,126.25,7.037619113922119
2702,2702,6.478561878204346,16.596511840820312,109.3103448275862,6.478561878204346
2703,2703,7.71526575088501,14.63156795501709,152.3,7.71526575088501
2704,2704,5.433825492858887,20.751365661621094,100.61290322580643,5.433825492858887
2705,2705,5.964362621307373,17.440624237060547,108.34482758620688,5.964362621307373
2706,2706,7.167600154876709,14.901799201965332,130.45833333333334,7.167600154876709
2707,2707,6.055795192718506,16.51015853881836,109.82142857142856,6.055795192718506
2708,2708,8.23305892944336,13.009116172790527,167.94444444444446,8.23305892944336
2709,2709,7.947449684143066,13.14267635345459,152.9,7.947449684143066
2710,2710,5.577404499053955,19.48440170288086,101.38709677419357,5.577404499053955
2711,2711,5.772984027862549,20.63592529296875,103.19354838709675,5.772984027862549
2712,2712,6.270637035369873,19.221832275390625,107.71428571428572,6.270637035369873
2713,2713,5.7051191329956055,22.80470848083496,98.0625,5.7051191329956055
2714,2714,5.594880104064941,20.16856002807617,84.80555555555556,5.594880104064941
2715,2715,4.800098896026611,18.78797149658203,66.4375,4.800098896026611
2716,2716,4.86157751083374,18.57499122619629,70.44444444444444,4.86157751083374
2717,2717,5.299863815307617,21.09892463684082,87.25,5.299863815307617
2718,2718,4.154226779937744,19.707910537719727,62.12,4.154226779937744
2719,2719,5.088818550109863,21.14779281616211,89.91176470588235,5.088818550109863
2720,2720,4.728923797607422,18.61666679382324,70.68181818181819,4.728923797607422
2721,2721,5.65286922454834,20.50125503540039,95.36363636363636,5.65286922454834
2722,2722,7.440126419067383,19.68559455871582,119.8076923076923,7.440126419067383
2723,2723,7.46021032333374,15.962632179260254,129.75,7.46021032333374
2724,2724,5.573723316192627,20.01361083984375,89.1470588235294,5.573723316192627
2725,2725,5.079828262329102,20.623802185058597,83.69444444444444,5.079828262329102
2726,2726,6.129115581512451,19.53512191772461,105.93103448275862,6.129115581512451
2727,2727,6.098921298980713,19.951196670532227,105.73333333333332,6.098921298980713
2728,2728,4.635713577270508,19.48600006103516,70.20930232558139,4.635713577270508
2729,2729,5.345186710357666,21.054134368896484,84.11111111111111,5.345186710357666
2730,2730,5.777629375457764,19.739158630371094,83.13513513513513,5.777629375457764
2731,2731,5.608435153961182,21.69633102416992,97.4375,5.608435153961182
2732,2732,6.439784526824951,20.38028717041016,110.85714285714286,6.439784526824951
2733,2733,5.105234146118164,20.666711807250977,83.6842105263158,5.105234146118164
2734,2734,7.292970180511475,19.642074584960938,129.5,7.292970180511475
2735,2735,5.85339879989624,18.844669342041016,93.82352941176472,5.85339879989624
2736,2736,4.372745990753174,17.485286712646484,67.86666666666666,4.372745990753174
2737,2737,5.78192138671875,17.592182159423828,104.3,5.78192138671875
2738,2738,5.174685955047607,17.517074584960938,86.37837837837837,5.174685955047607
2739,2739,6.349558353424072,19.88787269592285,111.07142857142856,6.349558353424072
2740,2740,6.295540809631348,19.99734115600586,111.64285714285714,6.295540809631348
2741,2741,5.0121684074401855,19.041275024414062,79.1842105263158,5.0121684074401855
2742,2742,6.123241424560547,19.863237380981445,102.38709677419357,6.123241424560547
2743,2743,5.970278739929199,18.912996292114254,102.13333333333334,5.970278739929199
2744,2744,5.624876022338867,19.11750221252441,90.65714285714286,5.624876022338867
2745,2745,4.952557563781738,20.206995010375977,81.33333333333333,4.952557563781738
2746,2746,5.102236270904541,20.80887794494629,81.8108108108108,5.102236270904541
2747,2747,4.87706470489502,18.25874710083008,75.9,4.87706470489502
2748,2748,5.7855072021484375,19.819116592407227,103.43333333333334,5.7855072021484375
2749,2749,4.376659870147705,17.04493522644043,65.0,4.376659870147705
2750,2750,5.662143230438232,21.00739860534668,97.75,5.662143230438232
2751,2751,4.857595443725586,19.12851333618164,74.58536585365853,4.857595443725586
2752,2752,4.682511329650879,20.4619083404541,78.02439024390245,4.682511329650879
2753,2753,3.937109231948853,17.23586654663086,59.48076923076923,3.937109231948853
2754,2754,5.377060413360596,21.08382225036621,81.6842105263158,5.377060413360596
2755,2755,5.105152606964111,20.8632926940918,84.05555555555556,5.105152606964111
2756,2756,5.99630880355835,20.42976951599121,101.03333333333332,5.99630880355835
2757,2757,5.352504730224609,21.5439510345459,88.77777777777777,5.352504730224609
2758,2758,3.9519777297973633,14.533137321472168,65.61702127659575,3.9519777297973633
2759,2759,5.499748706817627,17.57299041748047,80.89473684210526,5.499748706817627
2760,2760,4.686288356781006,20.213594436645508,77.575,4.686288356781006
2761,2761,4.081110954284668,17.531042098999023,61.7,4.081110954284668
2762,2762,4.338945388793945,18.938570022583008,74.09302325581395,4.338945388793945
2763,2763,4.838766574859619,20.68891716003418,77.61538461538461,4.838766574859619
2764,2764,4.493038654327393,17.74022674560547,79.425,4.493038654327393
2765,2765,5.637222290039063,22.12948608398437,97.5,5.637222290039063
2766,2766,4.877964019775391,22.873754501342773,84.0,4.877964019775391
2767,2767,4.4886674880981445,21.33990859985352,73.95348837209302,4.4886674880981445
2768,2768,5.02131986618042,17.887983322143555,95.63636363636364,5.02131986618042
2769,2769,3.977765321731568,16.3432559967041,75.3,3.977765321731568
2770,2770,4.48922872543335,17.256608963012695,63.46938775510204,4.48922872543335
2771,2771,4.718757629394531,15.182574272155762,63.285714285714285,4.718757629394531
2772,2772,4.641638278961182,17.142656326293945,66.84444444444445,4.641638278961182
2773,2773,6.01429557800293,17.225749969482422,93.82352941176472,6.01429557800293
2774,2774,3.2574477195739746,13.027946472167969,39.358024691358025,3.2574477195739746
2775,2775,3.3219268321990967,13.598917007446287,46.92307692307692,3.3219268321990967
2776,2776,3.816704511642456,15.794976234436035,50.898305084745765,3.816704511642456
2777,2777,4.165299892425537,15.14874267578125,51.8448275862069,4.165299892425537
2778,2778,3.51028823852539,14.584538459777832,47.65079365079365,3.51028823852539
2779,2779,2.99584436416626,10.791123390197754,30.969072164948454,2.99584436416626
2780,2780,3.389742136001587,14.314322471618652,43.833333333333336,3.389742136001587
2781,2781,4.0993428230285645,15.692054748535156,52.64912280701754,4.0993428230285645
2782,2782,3.919287204742432,15.41475772857666,50.23333333333333,3.919287204742432
2783,2783,3.878044843673706,18.09198760986328,53.14035087719298,3.878044843673706
2784,2784,3.704804420471192,15.72228717803955,51.3728813559322,3.704804420471192
2785,2785,3.4180049896240234,13.867632865905762,40.67567567567568,3.4180049896240234
2786,2786,3.552531480789185,14.86420726776123,47.63492063492063,3.552531480789185
2787,2787,3.0073230266571045,12.795762062072754,36.51764705882353,3.0073230266571045
2788,2788,3.2519898414611816,12.291539192199709,34.89887640449438,3.2519898414611816
2789,2789,4.077023029327393,16.013769149780273,52.39655172413793,4.077023029327393
2790,2790,4.211426734924316,17.315671920776367,52.583333333333336,4.211426734924316
2791,2791,5.119388580322266,18.66518211364746,67.06382978723404,5.119388580322266
2792,2792,3.8375051021575928,15.46403694152832,47.46969696969697,3.8375051021575928
2793,2793,4.213692665100098,14.953902244567873,53.94915254237288,4.213692665100098
2794,2794,5.0743608474731445,19.82342529296875,77.60975609756098,5.0743608474731445
2795,2795,4.706821441650391,17.175003051757812,60.23529411764706,4.706821441650391
2796,2796,3.1825919151306152,13.93768310546875,38.09638554216868,3.1825919151306152
2797,2797,3.701446771621704,15.635082244873049,55.175438596491226,3.701446771621704
2798,2798,3.942703485488892,15.636456489562988,45.18840579710145,3.942703485488892
2799,2799,3.039738416671753,13.019405364990234,36.36046511627907,3.039738416671753
2800,2800,3.186980724334717,14.192628860473633,37.7375,3.186980724334717
2801,2801,3.42785906791687,12.291926383972168,37.03703703703704,3.42785906791687
2802,2802,3.092429876327514,11.658119201660156,34.895348837209305,3.092429876327514
2803,2803,2.7730603218078613,11.08509635925293,30.775510204081638,2.7730603218078613
2804,2804,3.0449464321136475,11.917877197265623,33.5531914893617,3.0449464321136475
2805,2805,2.825369119644165,10.573927879333496,27.89908256880734,2.825369119644165
2806,2806,3.256730079650879,12.844962120056152,33.0,3.256730079650879
2807,2807,4.146085262298584,15.790356636047363,50.1,4.146085262298584
2808,2808,3.367916822433472,12.856919288635254,39.8,3.367916822433472
2809,2809,4.074168682098389,14.843674659729004,50.75,4.074168682098389
2810,2810,3.4062159061431885,13.708925247192385,39.37662337662338,3.4062159061431885
2811,2811,2.8615880012512207,10.11188507080078,27.37272727272727,2.8615880012512207
2812,2812,3.502829074859619,13.304688453674316,40.48717948717949,3.502829074859619
2813,2813,4.323725700378418,21.030122756958008,68.77272727272727,4.323725700378418
2814,2814,3.320619821548462,13.637043952941896,41.68918918918919,3.320619821548462
2815,2815,3.5195517539978027,14.571084976196287,45.7,3.5195517539978027
2816,2816,2.928916931152344,11.404512405395508,34.55172413793103,2.928916931152344
2817,2817,3.456626892089844,14.28659439086914,40.38157894736842,3.456626892089844
2818,2818,3.685682773590088,15.946934700012209,45.75757575757576,3.685682773590088
2819,2819,3.2577688694000244,14.438698768615724,37.160493827160494,3.2577688694000244
2820,2820,3.8019514083862314,14.836861610412598,43.57142857142857,3.8019514083862314
2821,2821,3.7414510250091553,13.421273231506348,39.67105263157895,3.7414510250091553
2822,2822,4.044613361358643,17.085716247558594,58.13207547169812,4.044613361358643
2823,2823,3.1486642360687256,11.515966415405272,38.04761904761905,3.1486642360687256
2824,2824,3.4593422412872314,12.51490592956543,36.963855421686745,3.4593422412872314
2825,2825,2.810776948928833,11.158370971679688,30.927835051546392,2.810776948928833
2826,2826,2.4452602863311768,9.30490779876709,22.24264705882353,2.4452602863311768
2827,2827,2.4245190620422363,8.704258918762207,28.4622641509434,2.4245190620422363
2828,2828,3.244800329208374,14.658273696899414,43.80281690140845,3.244800329208374
2829,2829,3.0112545490264893,12.638250350952148,35.52325581395349,3.0112545490264893
2830,2830,3.0642507076263428,14.321667671203612,46.46969696969697,3.0642507076263428
2831,2831,3.4216713905334477,13.273452758789062,38.575,3.4216713905334477
2832,2832,2.9245309829711914,10.20878791809082,32.29896907216495,2.9245309829711914
2833,2833,2.7723546028137207,11.748462677001951,36.19047619047619,2.7723546028137207
2834,2834,2.9291045665740967,11.137228965759276,40.282051282051285,2.9291045665740967
2835,2835,3.0005383491516118,12.641554832458496,35.73809523809524,3.0005383491516118
2836,2836,2.7917420864105225,9.70837116241455,27.594594594594597,2.7917420864105225
2837,2837,3.025330781936645,13.308213233947754,37.41975308641975,3.025330781936645
2838,2838,3.0939812660217285,14.054121017456056,40.76623376623377,3.0939812660217285
2839,2839,2.6029245853424072,10.227364540100098,31.22772277227723,2.6029245853424072
2840,2840,2.8657209873199463,10.207045555114746,38.57692307692308,2.8657209873199463
2841,2841,2.463134765625,10.070756912231444,29.91346153846154,2.463134765625
2842,2842,1.9006887674331665,7.196098804473877,22.548148148148147,1.9006887674331665
2843,2843,2.2214574813842773,9.86168384552002,31.09278350515464,2.2214574813842773
2844,2844,2.1608328819274902,8.640276908874512,23.294573643410853,2.1608328819274902
2845,2845,1.9853825569152832,9.153882026672363,26.55263157894737,1.9853825569152832
2846,2846,1.7598397731781006,6.948861122131348,19.603896103896105,1.7598397731781006
2847,2847,2.2328734397888184,9.218283653259276,26.785714285714285,2.2328734397888184
2848,2848,1.9434419870376587,7.43064546585083,19.564935064935064,1.9434419870376587
2849,2849,2.648061752319336,11.661539077758787,36.24705882352941,2.648061752319336
2850,2850,2.420972347259521,10.976887702941896,31.103092783505154,2.420972347259521
2851,2851,2.118222713470459,9.19433307647705,26.68695652173913,2.118222713470459
2852,2852,2.802494525909424,13.18920612335205,39.5,2.802494525909424
2853,2853,1.947368860244751,9.386439323425291,26.95614035087719,1.947368860244751
2854,2854,1.8275521993637085,7.779270648956299,21.614285714285717,1.8275521993637085
2855,2855,2.5438733100891118,10.637386322021484,31.57894736842105,2.5438733100891118
2856,2856,1.806445956230164,5.622945308685303,21.874125874125877,1.806445956230164
2857,2857,1.878275275230408,7.487843990325928,22.388059701492537,1.878275275230408
2858,2858,2.1857664585113525,9.570890426635742,31.448979591836736,2.1857664585113525
2859,2859,2.32181167602539,9.413599967956545,28.19626168224299,2.32181167602539
2860,2860,2.284732818603516,9.86972427368164,35.1,2.284732818603516
2861,2861,2.1482551097869877,9.428403854370115,27.310344827586206,2.1482551097869877
2862,2862,2.2375526428222656,8.893354415893555,32.297872340425535,2.2375526428222656
2863,2863,2.0196073055267334,8.312566757202148,27.1981981981982,2.0196073055267334
2864,2864,3.2715723514556885,15.587785720825195,59.01960784313726,3.2715723514556885
2865,2865,1.8447459936141968,8.014301300048828,28.367924528301888,1.8447459936141968
2866,2866,1.9352517127990725,7.906162261962891,38.2962962962963,1.9352517127990725
2867,2867,2.034354448318481,8.108332633972168,33.59782608695652,2.034354448318481
2868,2868,1.7573633193969729,6.114834308624268,25.45762711864407,1.7573633193969729
2869,2869,1.7423336505889893,6.334620952606201,24.47244094488189,1.7423336505889893
2870,2870,2.042736291885376,6.505426406860352,41.15068493150685,2.042736291885376
2871,2871,1.976747274398804,7.993782043457031,34.31460674157304,1.976747274398804
2872,2872,1.89322292804718,7.39159631729126,32.48936170212766,1.89322292804718
2873,2873,1.7950687408447266,5.979618072509766,39.9,1.7950687408447266
2874,2874,2.654514074325561,9.176142692565918,54.17857142857143,2.654514074325561
2875,2875,1.858975172042847,7.646144390106201,42.28767123287671,1.858975172042847
2876,2876,2.1592564582824707,7.818709373474121,49.38095238095238,2.1592564582824707
2877,2877,2.629028081893921,11.765215873718262,65.82978723404256,2.629028081893921
2878,2878,2.2630515098571777,8.3034029006958,40.46666666666667,2.2630515098571777
2879,2879,1.758344292640686,6.849384784698486,33.641304347826086,1.758344292640686
2880,2880,2.002723455429077,7.398898124694824,38.50632911392405,2.002723455429077
2881,2881,2.1741602420806885,7.731626033782959,40.93243243243244,2.1741602420806885
2882,2882,1.9560695886611936,8.29798698425293,32.204081632653065,1.9560695886611936
2883,2883,2.79036545753479,12.045700073242188,49.6031746031746,2.79036545753479
2884,2884,2.540609121322632,10.180851936340332,47.98484848484848,2.540609121322632
2885,2885,2.7351784706115723,10.226313591003418,57.69230769230769,2.7351784706115723
2886,2886,2.629338264465332,10.892816543579102,49.278688524590166,2.629338264465332
2887,2887,1.7026233673095703,6.921841144561768,30.33333333333333,1.7026233673095703
2888,2888,2.239609718322754,10.534422874450684,41.45333333333333,2.239609718322754
2889,2889,2.1358485221862797,7.12386417388916,29.632075471698112,2.1358485221862797
2890,2890,2.2317049503326416,8.931711196899414,32.806451612903224,2.2317049503326416
2891,2891,2.162339210510254,8.768425941467285,30.4,2.162339210510254
2892,2892,2.2357821464538574,9.92845630645752,38.875,2.2357821464538574
2893,2893,2.111297845840454,7.391341209411621,37.95121951219512,2.111297845840454
2894,2894,1.891115665435791,8.009844779968262,29.384615384615383,1.891115665435791
2895,2895,2.477973937988281,9.650749206542969,35.36470588235294,2.477973937988281
2896,2896,2.1624605655670166,8.802582740783691,34.376344086021504,2.1624605655670166
2897,2897,3.3179140090942383,13.216276168823242,53.11666666666667,3.3179140090942383
2898,2898,3.236581563949585,13.558713912963867,59.33962264150944,3.236581563949585
2899,2899,2.7259716987609863,12.79050064086914,50.78333333333333,2.7259716987609863
2900,2900,2.712920665740967,9.960888862609863,55.08620689655172,2.712920665740967
2901,2901,2.757533550262451,12.18740463256836,52.18333333333333,2.757533550262451
2902,2902,2.0565364360809326,8.702898025512695,35.08791208791209,2.0565364360809326
2903,2903,2.22037410736084,9.16049098968506,46.231884057971016,2.22037410736084
2904,2904,2.1810548305511475,8.155074119567871,53.62068965517241,2.1810548305511475
2905,2905,1.644170880317688,5.53863000869751,39.256410256410255,1.644170880317688
2906,2906,1.6378867626190186,5.556873798370361,38.03703703703704,1.6378867626190186
2907,2907,2.867594957351685,14.273602485656738,65.52173913043478,2.867594957351685
2908,2908,1.5086369514465332,5.170989513397217,41.84,1.5086369514465332
2909,2909,1.7871099710464478,6.087855339050293,39.80769230769231,1.7871099710464478
2910,2910,1.9899237155914309,7.011857986450195,55.48214285714285,1.9899237155914309
2911,2911,2.147045373916626,8.55175495147705,38.79012345679013,2.147045373916626
2912,2912,1.5407334566116333,4.467765331268311,19.506493506493506,1.5407334566116333
2913,2913,1.6371188163757324,6.2154035568237305,23.17391304347826,1.6371188163757324
2914,2914,1.7903505563735962,6.284010887145996,26.24347826086957,1.7903505563735962
2915,2915,1.9264261722564695,7.625181674957275,27.80555555555556,1.9264261722564695
2916,2916,1.1684650182724,3.197711706161499,9.736677115987462,1.1684650182724
2917,2917,1.1523224115371704,3.005980491638184,7.672634271099744,1.1523224115371704
2918,2918,1.2241313457489014,3.821261167526245,9.555555555555555,1.2241313457489014
2919,2919,1.5291026830673218,4.924210071563721,21.55,1.5291026830673218
2920,2920,1.7846275568008425,7.237996101379394,29.304761904761904,1.7846275568008425
2921,2921,1.6918628215789795,6.704694271087647,30.893203883495147,1.6918628215789795
2922,2922,1.9091511964797971,7.081888675689697,31.375,1.9091511964797971
2923,2923,1.833919882774353,6.737916946411133,28.82857142857143,1.833919882774353
2924,2924,1.686823844909668,6.334931373596191,24.60655737704918,1.686823844909668
2925,2925,1.5815404653549194,5.174258232116699,30.585858585858585,1.5815404653549194
2926,2926,1.556535005569458,6.417386531829834,35.37931034482759,1.556535005569458
2927,2927,1.998090863227844,6.72202205657959,34.51724137931034,1.998090863227844
2928,2928,1.5309736728668213,7.007402420043945,28.32075471698113,1.5309736728668213
2929,2929,1.9544790983200075,7.8724260330200195,42.4054054054054,1.9544790983200075
2930,2930,1.226108431816101,3.1366126537323,22.87878787878788,1.226108431816101
2931,2931,1.837988257408142,7.520626068115234,34.733333333333334,1.837988257408142
2932,2932,1.6051889657974243,6.208198547363281,31.633663366336634,1.6051889657974243
2933,2933,1.344197154045105,3.83238673210144,27.017241379310345,1.344197154045105
2934,2934,1.9187662601470947,7.649162292480469,37.86904761904762,1.9187662601470947
2935,2935,1.4785959720611572,4.933145523071289,24.5748031496063,1.4785959720611572
2936,2936,1.6267225742340088,6.5686445236206055,27.824074074074076,1.6267225742340088
2937,2937,2.105876207351685,9.971872329711914,39.51898734177215,2.105876207351685
2938,2938,1.651647448539734,5.808257102966309,30.383838383838384,1.651647448539734
2939,2939,2.2768776416778564,10.724783897399902,40.94736842105263,2.2768776416778564
2940,2940,2.277462720870972,10.57936191558838,42.64,2.277462720870972
2941,2941,1.7500988245010376,5.835832595825195,34.125,1.7500988245010376
2942,2942,1.9716988801956177,9.048117637634276,37.03703703703704,1.9716988801956177
2943,2943,1.937949299812317,7.480033874511719,37.01204819277108,1.937949299812317
2944,2944,1.726581335067749,6.070390224456787,42.85714285714285,1.726581335067749
2945,2945,2.469116687774658,10.271512031555176,50.25,2.469116687774658
2946,2946,2.340681314468384,10.589038848876951,46.890625,2.340681314468384
2947,2947,2.536263227462769,11.446110725402832,51.983050847457626,2.536263227462769
2948,2948,2.5253539085388184,11.821410179138184,53.11864406779661,2.5253539085388184
2949,2949,5.0635247230529785,16.755258560180664,105.03333333333332,5.0635247230529785
2950,2950,2.603205442428589,10.99316120147705,62.520833333333336,2.603205442428589
2951,2951,2.904114961624145,13.23873519897461,72.0,2.904114961624145
2952,2952,2.7494242191314697,12.028886795043944,55.280701754385966,2.7494242191314697
2953,2953,2.258759021759033,7.059352397918701,70.88372093023256,2.258759021759033
2954,2954,2.532173156738281,7.714621543884277,71.16279069767442,2.532173156738281
2955,2955,2.378668546676636,9.553460121154783,56.44642857142857,2.378668546676636
2956,2956,3.121766328811645,14.30869483947754,63.08,3.121766328811645
2957,2957,3.620255708694458,15.46377944946289,79.3076923076923,3.620255708694458
2958,2958,3.3904197216033936,15.64836597442627,75.175,3.3904197216033936
2959,2959,3.185170412063598,15.42024040222168,68.31111111111112,3.185170412063598
2960,2960,3.9073989391326895,15.100210189819336,99.21875,3.9073989391326895
2961,2961,3.2126166820526123,16.36665153503418,72.20930232558139,3.2126166820526123
2962,2962,3.460381269454956,12.382942199707031,87.44444444444444,3.460381269454956
2963,2963,3.618408441543579,16.732192993164062,69.97727272727273,3.618408441543579
2964,2964,3.256032466888428,12.018712043762209,77.8048780487805,3.256032466888428
2965,2965,4.381072044372559,14.209664344787598,96.7741935483871,4.381072044372559
2966,2966,2.87349271774292,10.929876327514648,52.310344827586206,2.87349271774292
2967,2967,2.9980926513671875,12.90345859527588,54.21052631578947,2.9980926513671875
2968,2968,3.001288652420044,10.080361366271973,49.39344262295082,3.001288652420044
2969,2969,3.3493146896362305,10.899051666259766,56.47272727272728,3.3493146896362305
2970,2970,2.971766471862793,13.40170955657959,49.70967741935484,2.971766471862793
2971,2971,3.4747958183288574,10.021957397460938,71.45238095238095,3.4747958183288574
2972,2972,4.385265827178955,15.960015296936035,73.2439024390244,4.385265827178955
2973,2973,2.227008104324341,6.795935153961182,35.37647058823529,2.227008104324341
2974,2974,2.980760335922241,12.496587753295898,49.17460317460318,2.980760335922241
2975,2975,2.892932891845703,12.488731384277344,43.785714285714285,2.892932891845703
2976,2976,3.392474889755249,13.47905445098877,48.83076923076923,3.392474889755249
2977,2977,3.591191530227661,16.70106315612793,51.6,3.591191530227661
2978,2978,3.879835367202759,14.704768180847168,60.5,3.879835367202759
2979,2979,2.9759521484375,12.112377166748049,41.342465753424655,2.9759521484375
2980,2980,4.196382522583008,17.272003173828125,69.93181818181819,4.196382522583008
2981,2981,3.3400120735168457,15.094011306762695,46.98461538461538,3.3400120735168457
2982,2982,3.7855279445648193,18.72788619995117,56.735849056603776,3.7855279445648193
2983,2983,4.099137783050537,15.54153537750244,63.12,4.099137783050537
2984,2984,3.5540542602539062,14.558550834655762,43.15068493150685,3.5540542602539062
2985,2985,3.817823648452759,16.357038497924805,57.125,3.817823648452759
2986,2986,3.14975905418396,13.935985565185549,48.323076923076925,3.14975905418396
2987,2987,3.504647254943848,15.09561824798584,51.96610169491525,3.504647254943848
2988,2988,3.4653995037078857,14.527067184448242,47.95454545454545,3.4653995037078857
2989,2989,3.255135297775269,13.784510612487791,51.54237288135593,3.255135297775269
2990,2990,3.83654522895813,17.894451141357422,60.01923076923077,3.83654522895813
2991,2991,3.246468067169189,14.968779563903809,47.63492063492063,3.246468067169189
2992,2992,3.231590747833252,13.691558837890623,46.14705882352941,3.231590747833252
2993,2993,3.4805054664611816,15.019124031066896,48.095238095238095,3.4805054664611816
2994,2994,4.0803303718566895,17.928678512573242,65.69565217391305,4.0803303718566895
2995,2995,3.999138355255127,17.291107177734375,59.16981132075472,3.999138355255127
2996,2996,4.344952583312988,16.117368698120117,68.38636363636364,4.344952583312988
2997,2997,3.676944494247437,14.97415256500244,52.689655172413794,3.676944494247437
2998,2998,3.996201515197754,15.07090187072754,68.27272727272727,3.996201515197754
2999,2999,3.0216729640960693,13.523222923278809,43.91666666666666,3.0216729640960693
3000,3000,4.050622463226318,16.10885238647461,59.549019607843135,4.050622463226318
3001,3001,4.709875583648682,17.900930404663086,65.73913043478261,4.709875583648682
3002,3002,4.028163909912109,16.483366012573242,70.27906976744185,4.028163909912109
3003,3003,4.244651794433594,17.644926071166992,68.38636363636364,4.244651794433594
3004,3004,2.9676437377929688,13.178179740905762,46.072463768115945,2.9676437377929688
3005,3005,3.678899049758911,16.047330856323242,58.264150943396224,3.678899049758911
3006,3006,2.903272151947021,11.92684841156006,47.87692307692308,2.903272151947021
3007,3007,5.050886154174805,14.028005599975586,88.82352941176471,5.050886154174805
3008,3008,3.9108476638793945,12.957066535949709,65.41666666666667,3.9108476638793945
3009,3009,3.333908796310425,13.942748069763184,46.21212121212121,3.333908796310425
3010,3010,3.714070081710816,17.83600616455078,59.16666666666666,3.714070081710816
3011,3011,4.647853374481201,17.677106857299805,68.1086956521739,4.647853374481201
3012,3012,2.8867263793945312,10.779560089111328,43.47826086956522,2.8867263793945312
3013,3013,3.362274646759033,13.511418342590332,50.9344262295082,3.362274646759033
3014,3014,3.317418575286865,12.801118850708008,50.016666666666666,3.317418575286865
3015,3015,4.449256896972656,17.72071075439453,77.225,4.449256896972656
3016,3016,3.498746633529663,15.966577529907228,51.01639344262295,3.498746633529663
3017,3017,2.7156381607055664,9.831015586853027,36.44186046511628,2.7156381607055664
3018,3018,3.48217511177063,14.137091636657717,51.89655172413793,3.48217511177063
3019,3019,2.9643309116363525,12.552732467651367,46.96969696969697,2.9643309116363525
3020,3020,3.875851631164551,14.275232315063477,66.14583333333333,3.875851631164551
3021,3021,3.332409620285034,14.62186050415039,56.07017543859649,3.332409620285034
3022,3022,2.7962212562561035,13.53970432281494,45.82089552238806,2.7962212562561035
3023,3023,3.226205587387085,15.29894733428955,50.31147540983606,3.226205587387085
3024,3024,3.3427157402038574,13.559410095214844,51.516129032258064,3.3427157402038574
3025,3025,4.059054374694824,18.73284721374512,65.54347826086956,4.059054374694824
3026,3026,3.658429384231568,16.11626434326172,59.698113207547166,3.658429384231568
3027,3027,2.955161094665528,12.61169719696045,43.84722222222222,2.955161094665528
3028,3028,2.8830013275146484,10.452324867248535,37.7625,2.8830013275146484
3029,3029,3.9797637462615967,15.236492156982422,54.73684210526316,3.9797637462615967
3030,3030,3.778067350387573,14.526300430297852,57.25925925925926,3.778067350387573
3031,3031,3.0939877033233643,13.576071739196776,51.22033898305085,3.0939877033233643
3032,3032,4.729931354522705,14.85546875,74.35714285714286,4.729931354522705
3033,3033,4.139898777008057,17.4029483795166,67.82608695652173,4.139898777008057
3034,3034,3.2153940200805664,16.566631317138672,52.15,3.2153940200805664
3035,3035,3.595565795898437,13.482625961303713,56.018181818181816,3.595565795898437
3036,3036,2.99088978767395,13.211910247802734,43.11267605633803,2.99088978767395
3037,3037,3.631275177001953,13.50794792175293,66.63829787234043,3.631275177001953
3038,3038,3.965342998504639,14.121057510375977,61.71428571428572,3.965342998504639
3039,3039,3.491528034210205,13.166980743408203,52.23728813559322,3.491528034210205
3040,3040,3.349788188934326,14.593361854553224,48.6875,3.349788188934326
3041,3041,3.888128042221069,13.10232639312744,60.7,3.888128042221069
3042,3042,3.6213436126708975,13.838910102844238,52.82758620689656,3.6213436126708975
3043,3043,4.979981899261475,14.984638214111328,78.02439024390245,4.979981899261475
3044,3044,3.679124593734741,16.35980224609375,57.41509433962264,3.679124593734741
3045,3045,3.893357753753662,15.0653657913208,60.0,3.893357753753662
3046,3046,3.429908037185669,14.175758361816406,57.94545454545455,3.429908037185669
3047,3047,4.091753959655762,14.04612159729004,69.34782608695652,4.091753959655762
3048,3048,3.407675266265869,14.449352264404297,52.1551724137931,3.407675266265869
3049,3049,3.032836675643921,9.420990943908691,45.22058823529412,3.032836675643921
3050,3050,3.1294307708740234,13.251626014709473,49.17460317460318,3.1294307708740234
3051,3051,3.510140180587769,15.830370903015137,63.91666666666666,3.510140180587769
3052,3052,3.5837926864624023,15.383380889892578,63.60416666666666,3.5837926864624023
3053,3053,3.4613399505615234,15.187395095825195,66.3125,3.4613399505615234
3054,3054,3.351222038269043,15.499152183532717,63.458333333333336,3.351222038269043
3055,3055,3.625132560729981,15.264409065246582,80.87179487179488,3.625132560729981
3056,3056,3.2993452548980717,13.11827278137207,54.72727272727273,3.2993452548980717
3057,3057,3.341459989547729,12.551944732666016,51.16949152542373,3.341459989547729
3058,3058,4.418144702911377,15.819727897644045,79.65789473684211,4.418144702911377
3059,3059,4.081644058227539,13.88230037689209,72.45454545454545,4.081644058227539
3060,3060,4.73676061630249,18.49066925048828,77.26829268292683,4.73676061630249
3061,3061,3.4573538303375244,13.700898170471191,52.82758620689656,3.4573538303375244
3062,3062,4.418967247009277,15.246831893920898,70.82222222222222,4.418967247009277
3063,3063,2.7827043533325195,9.649965286254885,37.7037037037037,2.7827043533325195
3064,3064,2.8946712017059326,11.374133110046388,46.36923076923077,2.8946712017059326
3065,3065,4.1258225440979,15.33493995666504,70.0,4.1258225440979
3066,3066,3.713931560516357,12.288856506347656,59.54716981132076,3.713931560516357
3067,3067,3.3042283058166504,14.266802787780762,55.175438596491226,3.3042283058166504
3068,3068,3.647918701171875,15.809106826782228,64.44680851063829,3.647918701171875
3069,3069,3.905816555023194,19.154998779296875,62.96,3.905816555023194
3070,3070,4.860358238220215,16.326915740966797,79.73684210526316,4.860358238220215
3071,3071,3.988578081130981,14.027996063232422,60.04,3.988578081130981
3072,3072,3.973364353179932,13.901762008666992,58.30769230769231,3.973364353179932
3073,3073,3.684412240982056,13.73371124267578,61.52941176470589,3.684412240982056
3074,3074,4.434279918670654,16.762901306152344,71.51162790697674,4.434279918670654
3075,3075,3.86893892288208,12.421857833862305,61.1,3.86893892288208
3076,3076,5.074801445007324,13.183477401733398,76.675,5.074801445007324
3077,3077,4.541176795959473,17.969141006469727,66.58695652173913,4.541176795959473
3078,3078,5.100981712341309,15.14853572845459,73.71428571428571,5.100981712341309
3079,3079,4.791409969329834,11.677202224731444,86.83333333333333,4.791409969329834
3080,3080,4.168996810913086,14.150235176086426,66.34042553191489,4.168996810913086
3081,3081,4.444592475891113,13.454736709594728,68.24444444444444,4.444592475891113
3082,3082,4.090296745300293,11.156383514404297,62.26,4.090296745300293
3083,3083,4.900195121765137,16.471630096435547,70.91111111111111,4.900195121765137
3084,3084,4.397299289703369,16.5445556640625,72.1590909090909,4.397299289703369
3085,3085,3.2626867294311523,11.14193344116211,44.26470588235294,3.2626867294311523
3086,3086,4.011528491973877,12.778910636901855,64.23404255319149,4.011528491973877
3087,3087,3.9613544940948486,13.712390899658203,65.69565217391305,3.9613544940948486
3088,3088,3.518943548202514,14.202847480773926,56.9622641509434,3.518943548202514
3089,3089,4.685005187988281,20.07275390625,89.05882352941177,4.685005187988281
3090,3090,3.7875802516937256,15.241399765014648,60.58,3.7875802516937256
3091,3091,4.285233497619629,14.95443344116211,75.88095238095238,4.285233497619629
3092,3092,2.452502965927124,6.228207111358643,65.67391304347827,2.452502965927124
3093,3093,2.964926719665528,11.31364917755127,70.04651162790698,2.964926719665528
3094,3094,3.428367853164673,12.74806022644043,77.14634146341463,3.428367853164673
3095,3095,3.759756803512573,12.386224746704102,100.0,3.759756803512573
3096,3096,3.222668170928955,12.57547378540039,87.19444444444444,3.222668170928955
3097,3097,2.666617155075073,10.804726600646973,62.97959183673469,2.666617155075073
3098,3098,2.9642422199249268,11.736501693725586,62.36,2.9642422199249268
3099,3099,2.764998435974121,13.478309631347656,67.24444444444444,2.764998435974121
3100,3100,2.8551478385925293,10.000080108642578,52.86666666666667,2.8551478385925293
3101,3101,3.758500814437866,12.83604335784912,82.89189189189189,3.758500814437866
3102,3102,2.850306510925293,10.41285800933838,51.13559322033898,2.850306510925293
3103,3103,3.3980250358581543,12.796716690063477,53.98275862068966,3.3980250358581543
3104,3104,5.104820251464844,15.247355461120604,90.14285714285714,5.104820251464844
3105,3105,3.6911211013793945,12.98940086364746,79.44736842105263,3.6911211013793945
3106,3106,3.609374284744263,11.657279014587402,79.825,3.609374284744263
3107,3107,5.588581562042236,18.11507606506348,102.96774193548389,5.588581562042236
3108,3108,3.6838884353637695,11.6712646484375,72.1590909090909,3.6838884353637695
3109,3109,3.625718832015991,16.078601837158203,85.22222222222223,3.625718832015991
3110,3110,3.922189235687256,15.2344331741333,81.21621621621621,3.922189235687256
3111,3111,4.162294387817383,12.55473518371582,85.62162162162163,4.162294387817383
3112,3112,5.124838829040527,16.628786087036133,98.125,5.124838829040527
3113,3113,3.998087167739868,13.957489967346191,70.11111111111111,3.998087167739868
3114,3114,4.383049964904785,16.140823364257812,77.0,4.383049964904785
3115,3115,3.2905073165893555,14.702880859375,71.06818181818181,3.2905073165893555
3116,3116,3.725700855255127,14.966537475585938,80.36842105263158,3.725700855255127
3117,3117,4.541750907897949,16.173131942749023,123.12,4.541750907897949
3118,3118,3.011425256729126,10.265263557434082,65.77083333333333,3.011425256729126
3119,3119,2.3840315341949463,7.5598530769348145,52.79661016949152,2.3840315341949463
3120,3120,3.210434675216675,13.728528022766112,77.025,3.210434675216675
3121,3121,3.1329474449157715,12.207520484924316,66.84444444444445,3.1329474449157715
3122,3122,3.299954891204834,11.885197639465332,78.2,3.299954891204834
3123,3123,4.183967590332031,14.978854179382324,80.07692307692308,4.183967590332031
3124,3124,3.832888841629028,13.993249893188477,89.17647058823529,3.832888841629028
3125,3125,3.4817512035369877,15.440196990966797,64.82978723404256,3.4817512035369877
3126,3126,3.391868352890014,12.127938270568848,57.72727272727273,3.391868352890014
3127,3127,2.613281726837158,11.316946029663086,51.93333333333333,2.613281726837158
3128,3128,3.5924596786499023,11.603793144226074,67.67391304347827,3.5924596786499023
3129,3129,3.584712505340576,12.781886100769045,75.975,3.584712505340576
3130,3130,3.8830533027648926,15.51150894165039,67.62222222222222,3.8830533027648926
3131,3131,2.3667147159576416,6.773160457611084,53.71186440677966,2.3667147159576416
3132,3132,2.922306537628174,10.971397399902344,60.7,2.922306537628174
3133,3133,4.398989677429199,15.338502883911133,86.29729729729729,4.398989677429199
3134,3134,5.714630603790283,16.79351806640625,130.625,5.714630603790283
3135,3135,3.4830222129821777,10.124228477478027,67.23913043478261,3.4830222129821777
3136,3136,4.043063163757324,14.322626113891602,73.69767441860465,4.043063163757324
3137,3137,4.002026557922363,17.046409606933594,70.35555555555555,4.002026557922363
3138,3138,5.31141471862793,18.38484764099121,100.58064516129032,5.31141471862793
3139,3139,5.265434741973877,15.574198722839355,102.7741935483871,5.265434741973877
3140,3140,4.7792067527771,15.905115127563477,82.39473684210526,4.7792067527771
3141,3141,4.15200662612915,12.02077293395996,65.47826086956522,4.15200662612915
3142,3142,3.41792106628418,14.14059352874756,60.16981132075472,3.41792106628418
3143,3143,3.582580804824829,13.590205192565918,52.61666666666667,3.582580804824829
3144,3144,3.2816579341888428,13.810566902160645,51.24193548387097,3.2816579341888428
3145,3145,2.8112916946411133,10.758909225463867,31.29,2.8112916946411133
3146,3146,3.06522536277771,13.859930992126465,35.03488372093023,3.06522536277771
3147,3147,2.9600143432617188,11.748955726623535,33.09473684210526,2.9600143432617188
3148,3148,2.4549715518951416,9.147727966308594,23.46923076923077,2.4549715518951416
3149,3149,2.653782606124878,11.015989303588867,31.1980198019802,2.653782606124878
3150,3150,2.8433003425598145,10.671760559082031,28.37735849056604,2.8433003425598145
3151,3151,2.542821168899536,9.634681701660156,24.5748031496063,2.542821168899536
3152,3152,2.2410659790039062,7.811182022094727,20.61290322580645,2.2410659790039062
3153,3153,2.2779617309570312,8.075657844543457,18.72670807453416,2.2779617309570312
3154,3154,2.575382947921753,10.127259254455566,24.251908396946565,2.575382947921753
3155,3155,1.7146782875061035,5.798900127410889,14.75813953488372,1.7146782875061035
3156,3156,2.156290292739868,8.156387329101562,20.71034482758621,2.156290292739868
3157,3157,2.044950485229492,9.10475730895996,23.6953125,2.044950485229492
3158,3158,2.202187776565552,8.414152145385742,23.166666666666668,2.202187776565552
3159,3159,1.8938533067703247,7.069732666015625,18.623456790123456,1.8938533067703247
3160,3160,2.029935836791992,8.490946769714355,24.436507936507937,2.029935836791992
3161,3161,2.7062830924987797,13.012048721313477,37.04938271604938,2.7062830924987797
3162,3162,2.3995535373687744,8.81428050994873,32.83505154639175,2.3995535373687744
3163,3163,2.7916650772094727,10.88811206817627,43.61111111111112,2.7916650772094727
3164,3164,3.275104761123657,13.699626922607422,44.77464788732394,3.275104761123657
3165,3165,2.853543281555176,10.637295722961426,46.93939393939394,2.853543281555176
3166,3166,3.214463949203491,15.827120780944824,49.377049180327866,3.214463949203491
3167,3167,2.5107433795928955,9.66533374786377,33.7752808988764,2.5107433795928955
3168,3168,3.3130455017089844,14.398475646972656,68.36363636363636,3.3130455017089844
3169,3169,2.487456083297729,9.359460830688477,43.114285714285714,2.487456083297729
3170,3170,3.315373182296753,15.047015190124512,56.66037735849056,3.315373182296753
3171,3171,2.6405060291290283,11.781576156616213,39.47368421052632,2.6405060291290283
3172,3172,2.11017107963562,7.911017417907715,24.84,2.11017107963562
3173,3173,2.2702014446258545,10.454148292541504,32.052083333333336,2.2702014446258545
3174,3174,1.8612114191055296,6.399783134460449,26.97345132743363,1.8612114191055296
3175,3175,2.3670408725738525,10.268585205078123,40.0,2.3670408725738525
3176,3176,2.4328160285949707,10.85551643371582,33.53260869565217,2.4328160285949707
3177,3177,1.7906020879745483,7.731831073760986,23.77519379844961,1.7906020879745483
3178,3178,2.122431993484497,9.277034759521484,27.616071428571427,2.122431993484497
3179,3179,2.736303329467773,12.502248764038086,36.54022988505747,2.736303329467773
3180,3180,2.4209775924682617,9.285832405090332,25.694214876033055,2.4209775924682617
3181,3181,2.104566097259521,9.52003002166748,25.289256198347108,2.104566097259521
3182,3182,2.1415491104125977,8.886917114257812,25.64957264957265,2.1415491104125977
3183,3183,1.841943860054016,7.363086700439453,21.13605442176871,1.841943860054016
3184,3184,1.8327808380126955,7.90168571472168,23.138461538461534,1.8327808380126955
3185,3185,1.48041570186615,4.769638538360596,16.05235602094241,1.48041570186615
3186,3186,1.854289174079895,6.484079360961914,17.045454545454547,1.854289174079895
3187,3187,2.501447916030884,9.816784858703612,29.027272727272727,2.501447916030884
3188,3188,1.7857871055603027,6.086507797241211,19.361290322580643,1.7857871055603027
3189,3189,2.0087215900421143,7.709818363189697,22.22962962962963,2.0087215900421143
3190,3190,1.9141082763671875,6.894352436065674,21.920289855072465,1.9141082763671875
3191,3191,2.0389392375946045,7.685587406158447,23.5625,2.0389392375946045
3192,3192,2.600809097290039,10.918580055236816,27.916666666666668,2.600809097290039
3193,3193,2.2301645278930664,8.253982543945312,25.032,2.2301645278930664
3194,3194,1.972490906715393,7.113881587982178,15.686868686868689,1.972490906715393
3195,3195,2.197604179382324,9.364197731018066,21.390070921985817,2.197604179382324
3196,3196,2.1835880279541016,9.053474426269531,23.37313432835821,2.1835880279541016
3197,3197,1.6091058254241943,6.128675937652588,12.813559322033898,1.6091058254241943
3198,3198,1.8430471420288088,5.8639326095581055,13.852534562211982,1.8430471420288088
3199,3199,1.7973425388336182,5.743880748748779,12.395061728395062,1.7973425388336182
3200,3200,1.7136907577514648,5.264233112335205,12.791489361702128,1.7136907577514648
3201,3201,1.8641667366027832,6.543123245239258,15.802030456852792,1.8641667366027832
3202,3202,1.986613750457764,7.891051769256592,19.493827160493822,1.986613750457764
3203,3203,2.2884445190429688,10.207544326782228,25.45378151260504,2.2884445190429688
3204,3204,2.0525052547454834,6.974713325500488,23.61481481481481,2.0525052547454834
3205,3205,2.0197885036468506,7.029738903045654,27.83333333333333,2.0197885036468506
3206,3206,2.52565598487854,9.013333320617676,44.11764705882353,2.52565598487854
3207,3207,2.4472525119781494,8.45602798461914,47.296875,2.4472525119781494
3208,3208,3.0133304595947266,11.13868236541748,64.6938775510204,3.0133304595947266
3209,3209,2.0273590087890625,8.293634414672852,41.19178082191781,2.0273590087890625
3210,3210,2.8230037689208984,13.194323539733888,55.535714285714285,2.8230037689208984
3211,3211,3.388629674911499,14.286615371704102,77.3076923076923,3.388629674911499
3212,3212,3.708610773086548,14.08012866973877,116.0,3.708610773086548
3213,3213,2.6062722206115723,12.234283447265623,57.075471698113205,2.6062722206115723
3214,3214,3.502270460128784,14.967199325561523,80.92307692307692,3.502270460128784
3215,3215,3.643691301345825,15.043094635009766,70.6,3.643691301345825
3216,3216,5.644190788269043,18.542207717895508,121.72,5.644190788269043
3217,3217,3.3883633613586426,11.970505714416504,75.26190476190476,3.3883633613586426
3218,3218,4.650043487548828,18.155345916748047,96.7741935483871,4.650043487548828
3219,3219,3.3694159984588623,16.25204086303711,63.5625,3.3694159984588623
3220,3220,3.958726406097412,14.22016143798828,73.4186046511628,3.958726406097412
3221,3221,4.259058952331543,15.866436958312988,84.0,4.259058952331543
3222,3222,4.8437700271606445,20.290307998657227,96.42424242424242,4.8437700271606445
3223,3223,5.982017993927002,18.77012062072754,115.53846153846152,5.982017993927002
3224,3224,4.458217620849609,18.53115463256836,75.48780487804878,4.458217620849609
3225,3225,3.8997561931610103,16.657215118408203,72.02380952380952,3.8997561931610103
3226,3226,4.926999568939209,17.924015045166016,108.0,4.926999568939209
3227,3227,3.3295154571533203,14.462173461914062,61.92,3.3295154571533203
3228,3228,4.282596588134766,17.114748001098633,88.91176470588235,4.282596588134766
3229,3229,5.068305492401123,17.811784744262695,102.03225806451611,5.068305492401123
3230,3230,4.407649993896484,17.647632598876953,83.10526315789474,4.407649993896484
3231,3231,4.045570373535156,15.47211742401123,81.27027027027027,4.045570373535156
3232,3232,5.335829257965088,16.235204696655273,108.17241379310344,5.335829257965088
3233,3233,4.365292072296143,18.572694778442383,79.2,4.365292072296143
3234,3234,4.620657444000244,17.910144805908203,85.74285714285715,4.620657444000244
3235,3235,4.640878677368164,16.0456600189209,102.87096774193547,4.640878677368164
3236,3236,3.719079971313477,15.649078369140623,62.27450980392157,3.719079971313477
3237,3237,5.21992301940918,17.263477325439453,100.5,5.21992301940918
3238,3238,4.055224418640137,13.983061790466309,91.33333333333331,4.055224418640137
3239,3239,4.405622005462647,15.177775382995604,89.11428571428571,4.405622005462647
3240,3240,3.6499056816101074,16.956453323364258,64.65306122448979,3.6499056816101074
3241,3241,4.152988433837891,18.448171615600582,78.07692307692308,4.152988433837891
3242,3242,4.261209964752197,16.9379940032959,76.275,4.261209964752197
3243,3243,4.708737850189209,17.75937271118164,85.30555555555556,4.708737850189209
3244,3244,4.476096630096436,18.013769149780273,78.53846153846153,4.476096630096436
3245,3245,5.162552356719971,18.730802536010746,113.77777777777776,5.162552356719971
3246,3246,3.5036251544952397,13.805113792419434,76.35,3.5036251544952397
3247,3247,4.55947208404541,19.326175689697266,94.96969696969695,4.55947208404541
3248,3248,4.522500991821289,17.72179412841797,96.15151515151516,4.522500991821289
3249,3249,3.3847007751464844,15.83360481262207,76.675,3.3847007751464844
3250,3250,4.664519786834717,19.44613647460937,102.6,4.664519786834717
3251,3251,3.400117874145508,13.13321018218994,87.38888888888889,3.400117874145508
3252,3252,4.352837085723877,20.01904296875,92.26470588235294,4.352837085723877
3253,3253,2.828559875488281,11.292271614074709,73.25581395348837,2.828559875488281
3254,3254,3.1851625442504883,12.090587615966797,87.45714285714286,3.1851625442504883
3255,3255,5.341596603393555,19.874771118164062,126.54166666666669,5.341596603393555
3256,3256,4.135398864746094,15.191784858703612,102.8,4.135398864746094
3257,3257,3.721156120300293,16.64505958557129,80.6842105263158,3.721156120300293
3258,3258,2.2823877334594727,9.060955047607422,67.22222222222223,2.2823877334594727
3259,3259,3.147802829742432,14.777875900268556,79.7948717948718,3.147802829742432
3260,3260,2.574903726577759,12.762989044189451,66.66666666666667,2.574903726577759
3261,3261,2.812497138977051,9.948511123657228,86.62857142857143,2.812497138977051
3262,3262,3.0525543689727783,15.37765407562256,79.7,3.0525543689727783
3263,3263,2.4992101192474365,13.354541778564451,76.70731707317073,2.4992101192474365
3264,3264,2.8595261573791504,12.550335884094238,82.07894736842105,2.8595261573791504
3265,3265,2.1094810962677,6.673198699951172,74.6829268292683,2.1094810962677
3266,3266,2.171175241470337,8.830856323242188,72.25,2.171175241470337
3267,3267,2.0902655124664307,10.08210563659668,68.08888888888889,2.0902655124664307
3268,3268,1.7517846822738647,5.778662204742432,75.48780487804878,1.7517846822738647
3269,3269,1.6975197792053225,7.037839412689209,52.672413793103445,1.6975197792053225
3270,3270,1.3178752660751345,4.195413112640381,55.30909090909091,1.3178752660751345
3271,3271,2.1039962768554688,6.90362024307251,89.02857142857142,2.1039962768554688
3272,3272,1.768822193145752,4.828717231750488,91.63636363636364,1.768822193145752
3273,3273,2.115324020385742,7.856487274169922,90.91176470588236,2.115324020385742
3274,3274,1.6973576545715332,7.083024978637695,54.75862068965517,1.6973576545715332
3275,3275,2.7572450637817383,11.290772438049316,85.8,2.7572450637817383
3276,3276,2.8814175128936768,14.692560195922852,85.16216216216216,2.8814175128936768
3277,3277,3.111863851547241,12.555668830871582,108.67857142857144,3.111863851547241
3278,3278,2.9095118045806885,10.647491455078123,97.7741935483871,2.9095118045806885
3279,3279,3.623933076858521,15.013009071350098,81.61538461538461,3.623933076858521
3280,3280,3.28826904296875,14.933643341064451,78.175,3.28826904296875
3281,3281,3.5429673194885254,13.400415420532228,92.8529411764706,3.5429673194885254
3282,3282,3.4056947231292725,14.059196472167969,73.51219512195122,3.4056947231292725
3283,3283,4.138865947723389,19.090988159179688,90.94117647058825,4.138865947723389
3284,3284,3.010706186294556,11.015600204467772,88.02857142857142,3.010706186294556
3285,3285,2.406239748001098,9.844808578491213,81.35135135135135,2.406239748001098
3286,3286,3.6077399253845215,13.862088203430176,104.46666666666668,3.6077399253845215
3287,3287,2.906381845474243,13.745758056640623,112.48148148148148,2.906381845474243
3288,3288,3.1296281814575195,13.222102165222168,105.03448275862068,3.1296281814575195
3289,3289,5.104576587677002,17.066362380981445,143.0,5.104576587677002
3290,3290,2.5924649238586426,11.326382637023926,94.8125,2.5924649238586426
3291,3291,3.4854085445404053,15.568314552307127,88.97142857142858,3.4854085445404053
3292,3292,2.8404436111450195,11.45465850830078,79.92105263157895,2.8404436111450195
3293,3293,1.7995651960372925,8.265953063964844,60.21153846153846,1.7995651960372925
3294,3294,4.31364631652832,18.46605682373047,123.72,4.31364631652832
3295,3295,1.9601789712905884,9.124938011169434,75.28571428571429,1.9601789712905884
3296,3296,3.8163466453552246,17.99393081665039,93.76470588235294,3.8163466453552246
3297,3297,3.000361919403076,12.833640098571776,158.57894736842104,3.000361919403076
3298,3298,3.2604024410247803,14.933677673339844,116.6923076923077,3.2604024410247803
3299,3299,3.753066539764404,16.280921936035156,99.1875,3.753066539764404
3300,3300,3.383552312850952,14.608487129211426,92.8181818181818,3.383552312850952
3301,3301,3.629050254821777,13.355775833129885,102.1,3.629050254821777
3302,3302,3.7370736598968506,14.44764518737793,105.03448275862068,3.7370736598968506
3303,3303,3.287487745285034,12.918448448181152,91.27272727272728,3.287487745285034
3304,3304,2.2943310737609863,7.301584243774414,78.825,2.2943310737609863
3305,3305,2.4606001377105717,9.03154754638672,80.39473684210526,2.4606001377105717
3306,3306,5.171075820922852,21.54520797729492,136.4090909090909,5.171075820922852
3307,3307,2.3852009773254395,8.160177230834961,42.67605633802817,2.3852009773254395
3308,3308,2.9039173126220703,11.320417404174805,50.774193548387096,2.9039173126220703
3309,3309,3.2296833992004395,15.236472129821776,55.24561403508772,3.2296833992004395
3310,3310,3.159088611602783,13.059420585632324,46.36923076923077,3.159088611602783
3311,3311,4.220175743103027,17.005643844604492,78.425,4.220175743103027
3312,3312,4.403649806976318,15.317931175231934,67.6,4.403649806976318
3313,3313,4.257164478302002,17.83650016784668,78.84615384615384,4.257164478302002
3314,3314,5.191671371459961,19.23479461669922,99.46875,5.191671371459961
3315,3315,3.88474440574646,16.243114471435547,71.9090909090909,3.88474440574646
3316,3316,4.649087905883789,19.51270294189453,99.09375,4.649087905883789
3317,3317,3.8119282722473145,17.67292022705078,82.26315789473684,3.8119282722473145
3318,3318,4.194425106048584,19.29863739013672,98.0,4.194425106048584
3319,3319,3.408641576766968,15.468573570251465,117.07692307692308,3.408641576766968
3320,3320,4.7571001052856445,18.372787475585938,121.44,4.7571001052856445
3321,3321,3.8949203491210938,17.29400062561035,91.52941176470588,3.8949203491210938
3322,3322,5.720911979675293,21.87845993041992,120.26923076923076,5.720911979675293
3323,3323,5.70772123336792,19.74595260620117,128.91666666666666,5.70772123336792
3324,3324,6.073379039764404,21.36490821838379,120.08,6.073379039764404
3325,3325,6.969051361083984,16.743162155151367,154.9,6.969051361083984
3326,3326,3.509143114089966,15.90350341796875,76.94871794871794,3.509143114089966
3327,3327,5.942933559417725,19.239097595214844,120.12,5.942933559417725
3328,3328,4.36702299118042,16.21326446533203,92.73529411764706,4.36702299118042
3329,3329,5.326136112213135,17.90736198425293,98.03125,5.326136112213135
3330,3330,5.442882061004639,15.786211013793944,101.4,5.442882061004639
3331,3331,5.294663429260254,19.991783142089844,115.14814814814817,5.294663429260254
3332,3332,6.4332661628723145,20.53917121887207,122.0,6.4332661628723145
3333,3333,5.94103479385376,18.306495666503903,120.34615384615384,5.94103479385376
3334,3334,5.931647300720215,19.922107696533203,114.1851851851852,5.931647300720215
3335,3335,5.691824913024902,19.51190185546875,115.84615384615384,5.691824913024902
3336,3336,5.0289306640625,17.940370559692383,91.5,5.0289306640625
3337,3337,5.654894828796387,18.44213104248047,111.29629629629628,5.654894828796387
3338,3338,4.714874744415283,20.04215812683105,96.9090909090909,4.714874744415283
3339,3339,5.08154296875,19.3405818939209,92.03030303030305,5.08154296875
3340,3340,4.563083648681641,16.898496627807617,101.4516129032258,4.563083648681641
3341,3341,4.746703147888184,19.1306095123291,80.6923076923077,4.746703147888184
3342,3342,5.15112829208374,19.453584671020508,99.80645161290325,5.15112829208374
3343,3343,3.982963562011719,18.065391540527344,63.1875,3.982963562011719
3344,3344,4.342075824737549,17.762693405151367,82.23684210526316,4.342075824737549
3345,3345,5.492347240447998,21.04722023010254,100.83333333333331,5.492347240447998
3346,3346,4.713167190551758,17.99529266357422,95.6060606060606,4.713167190551758
3347,3347,4.370291233062744,20.496965408325195,80.60526315789474,4.370291233062744
3348,3348,3.813756227493286,19.179946899414062,71.73809523809524,3.813756227493286
3349,3349,5.284860610961914,21.09221649169922,98.625,5.284860610961914
3350,3350,6.826623916625977,18.61147117614746,130.75,6.826623916625977
3351,3351,7.29066801071167,19.50638008117676,135.30434782608697,7.29066801071167
3352,3352,5.364292621612549,19.6119327545166,101.48387096774194,5.364292621612549
3353,3353,5.690346717834473,21.805084228515625,111.44444444444444,5.690346717834473
3354,3354,4.858199119567871,17.239221572875977,88.0,4.858199119567871
3355,3355,5.05915117263794,20.01300430297852,88.41666666666667,5.05915117263794
3356,3356,6.015329837799072,19.817785263061523,117.14814814814817,6.015329837799072
3357,3357,4.955711364746094,18.001220703125,94.96875,4.955711364746094
3358,3358,5.932544231414795,15.599531173706056,118.73076923076924,5.932544231414795
3359,3359,5.629582405090332,20.15055274963379,109.85714285714286,5.629582405090332
3360,3360,5.2678985595703125,19.86414337158203,97.35483870967742,5.2678985595703125
3361,3361,4.833705425262451,19.46278953552246,93.8125,4.833705425262451
3362,3362,5.614381790161133,18.155750274658203,101.38709677419357,5.614381790161133
3363,3363,5.984280109405518,19.37628173828125,116.5925925925926,5.984280109405518
3364,3364,6.475772857666016,20.186389923095703,127.08333333333331,6.475772857666016
3365,3365,6.222135066986084,19.16839027404785,125.12,6.222135066986084
3366,3366,6.074138164520264,20.481359481811523,110.0,6.074138164520264
3367,3367,7.198459625244141,17.468521118164062,150.85,7.198459625244141
3368,3368,5.750558376312256,20.0235538482666,107.24137931034484,5.750558376312256
3369,3369,6.62653398513794,16.80762481689453,135.3913043478261,6.62653398513794
3370,3370,7.123029708862305,16.418842315673828,132.08695652173913,7.123029708862305
3371,3371,5.835753440856934,20.800498962402344,102.93333333333334,5.835753440856934
3372,3372,4.817793846130371,15.390572547912598,97.64516129032258,4.817793846130371
3373,3373,6.886118412017822,18.627159118652344,127.66666666666669,6.886118412017822
3374,3374,6.012189865112305,20.498952865600582,106.26666666666668,6.012189865112305
3375,3375,4.592241764068604,20.34562873840332,83.38888888888889,4.592241764068604
3376,3376,6.571691513061523,18.402448654174805,115.65384615384616,6.571691513061523
3377,3377,6.861742973327637,18.95159912109375,125.2,6.861742973327637
3378,3378,6.842226505279541,18.722278594970703,121.96153846153848,6.842226505279541
3379,3379,6.2827019691467285,17.535375595092773,111.51851851851852,6.2827019691467285
3380,3380,7.1674485206604,15.779500961303713,132.79166666666666,7.1674485206604
3381,3381,7.333841800689697,17.030006408691406,128.45833333333334,7.333841800689697
3382,3382,8.581603050231934,10.274070739746094,159.3,8.581603050231934
3383,3383,6.392534732818604,22.67917823791504,111.70370370370372,6.392534732818604
3384,3384,7.081652641296387,18.671215057373047,126.16,7.081652641296387
3385,3385,7.247088432312012,16.746397018432617,148.8095238095238,7.247088432312012
3386,3386,5.83585262298584,18.01656150817871,96.65625,5.83585262298584
3387,3387,7.756763935089111,16.945240020751953,147.28571428571428,7.756763935089111
3388,3388,6.302903175354004,17.907169342041016,116.92307692307692,6.302903175354004
3389,3389,5.159884929656982,19.169790267944336,92.91176470588236,5.159884929656982
3390,3390,6.315389633178711,20.46460723876953,119.6923076923077,6.315389633178711
3391,3391,5.464212417602539,19.991361618041992,99.09677419354838,5.464212417602539
3392,3392,5.871952533721924,21.717485427856445,114.17857142857144,5.871952533721924
3393,3393,6.0108137130737305,20.61939811706543,106.33333333333331,6.0108137130737305
3394,3394,7.5133376121521,18.257518768310547,142.36363636363637,7.5133376121521
3395,3395,7.157797813415527,17.195131301879883,125.32,7.157797813415527
3396,3396,4.732096195220947,18.41807746887207,78.0,4.732096195220947
3397,3397,4.813052654266357,19.58219337463379,83.69444444444444,4.813052654266357
3398,3398,6.252272605895996,22.932350158691406,111.96428571428572,6.252272605895996
3399,3399,6.7388224601745605,15.288177490234377,131.43478260869566,6.7388224601745605
3400,3400,6.464458465576172,18.097095489501957,125.6,6.464458465576172
3401,3401,7.235784530639648,16.351186752319336,149.28571428571428,7.235784530639648
3402,3402,5.130748748779297,20.77104377746582,92.0,5.130748748779297
3403,3403,6.388552188873291,18.212617874145508,121.52,6.388552188873291
3404,3404,4.827061653137207,15.300944328308104,104.72413793103448,4.827061653137207
3405,3405,5.804993152618408,20.2639102935791,114.03571428571428,5.804993152618408
3406,3406,5.442721843719482,18.28443145751953,103.2,5.442721843719482
3407,3407,6.647682189941406,18.494035720825195,130.45833333333334,6.647682189941406
3408,3408,5.483479499816895,17.59988021850586,108.57142857142856,5.483479499816895
3409,3409,6.047090530395508,19.500940322875977,115.76923076923076,6.047090530395508
3410,3410,5.392408847808838,19.39135360717773,95.65625,5.392408847808838
3411,3411,4.954736709594727,20.117334365844727,84.1842105263158,4.954736709594727
3412,3412,6.448513031005859,20.678903579711918,124.64,6.448513031005859
3413,3413,6.988400459289551,17.30890464782715,121.92,6.988400459289551
3414,3414,6.48184061050415,21.156471252441406,123.8,6.48184061050415
3415,3415,6.503305912017822,15.713895797729492,123.0,6.503305912017822
3416,3416,6.240841865539551,20.33788681030273,113.85185185185183,6.240841865539551
3417,3417,6.349642753601074,16.28076171875,121.48,6.349642753601074
3418,3418,6.3008317947387695,17.818845748901367,118.42307692307692,6.3008317947387695
3419,3419,7.055798053741455,15.932928085327148,126.29166666666669,7.055798053741455
3420,3420,7.050676345825195,16.302804946899414,132.3913043478261,7.050676345825195
3421,3421,6.3333516120910645,20.80837821960449,116.3846153846154,6.3333516120910645
3422,3422,5.668999671936035,20.294551849365234,93.66666666666669,5.668999671936035
3423,3423,7.337467193603516,16.30608367919922,130.75,7.337467193603516
3424,3424,5.066776752471924,15.794590950012209,103.56666666666666,5.066776752471924
3425,3425,7.361621856689453,16.18877410888672,132.375,7.361621856689453
3426,3426,5.853728771209717,20.290645599365234,115.42307692307692,5.853728771209717
3427,3427,7.409132480621338,17.35602378845215,135.43478260869566,7.409132480621338
3428,3428,7.604134559631348,15.19791316986084,127.44,7.604134559631348
3429,3429,6.66087532043457,17.517656326293945,123.96,6.66087532043457
3430,3430,6.42982816696167,18.7016544342041,135.04347826086956,6.42982816696167
3431,3431,6.434269905090332,20.32445335388184,112.85714285714286,6.434269905090332
3432,3432,6.234432697296143,20.59416961669922,115.37037037037037,6.234432697296143
3433,3433,5.415529251098633,21.94100379943848,104.82758620689656,5.415529251098633
3434,3434,6.855639457702637,16.637493133544922,118.0,6.855639457702637
3435,3435,6.918185710906982,15.178094863891602,143.86363636363637,6.918185710906982
3436,3436,6.124658107757568,19.01010131835937,117.22222222222224,6.124658107757568
3437,3437,5.694220542907715,21.908897399902344,105.89655172413794,5.694220542907715
3438,3438,6.559027194976807,17.179813385009766,130.58333333333334,6.559027194976807
3439,3439,7.403123378753662,18.02215003967285,145.1904761904762,7.403123378753662
3440,3440,6.102830410003662,20.541725158691406,113.92857142857144,6.102830410003662
3441,3441,5.7974114418029785,19.62752342224121,95.875,5.7974114418029785
3442,3442,6.686954021453857,20.17291831970215,130.58333333333334,6.686954021453857
3443,3443,5.047867774963379,19.176488876342773,93.54545454545456,5.047867774963379
3444,3444,6.060847759246826,18.3485107421875,110.10714285714286,6.060847759246826
3445,3445,7.02926778793335,17.639225006103516,130.70833333333334,7.02926778793335
3446,3446,6.973080635070801,20.809473037719727,136.8181818181818,6.973080635070801
3447,3447,6.976315021514893,16.75325584411621,144.4090909090909,6.976315021514893
3448,3448,7.166719913482666,12.68179702758789,158.89473684210526,7.166719913482666
3449,3449,7.410071849822998,18.31141662597656,141.4090909090909,7.410071849822998
3450,3450,6.709673881530762,20.268463134765625,136.8695652173913,6.709673881530762
3451,3451,6.509073257446289,18.59432601928711,132.66666666666666,6.509073257446289
3452,3452,7.409703254699707,15.048377990722656,140.63636363636363,7.409703254699707
3453,3453,7.300069808959961,15.323156356811523,137.3181818181818,7.300069808959961
3454,3454,7.173989295959473,16.68682861328125,126.56,7.173989295959473
3455,3455,5.9027099609375,21.47865295410156,115.11111111111111,5.9027099609375
3456,3456,9.031471252441406,8.016075134277344,177.58823529411765,9.031471252441406
3457,3457,8.13133430480957,11.855799674987791,155.3,8.13133430480957
3458,3458,7.642265796661377,17.629146575927734,160.57894736842104,7.642265796661377
3459,3459,6.30468225479126,19.43977165222168,137.0,6.30468225479126
3460,3460,8.583244323730469,11.137781143188477,176.52941176470588,8.583244323730469
3461,3461,8.752741813659668,11.21617603302002,163.6315789473684,8.752741813659668
3462,3462,7.4677228927612305,17.987258911132812,131.34782608695653,7.4677228927612305
3463,3463,7.721697330474853,17.115137100219727,150.7,7.721697330474853
3464,3464,9.34641456604004,10.25293254852295,178.0,9.34641456604004
3465,3465,7.402706146240234,15.460234642028809,130.52173913043478,7.402706146240234
3466,3466,7.746135234832764,12.950075149536133,144.45454545454547,7.746135234832764
3467,3467,8.219806671142578,15.04653263092041,138.27272727272728,8.219806671142578
3468,3468,7.996394634246826,14.613073348999023,147.0952380952381,7.996394634246826
3469,3469,8.371513366699219,9.888960838317873,150.14285714285714,8.371513366699219
3470,3470,8.155132293701172,14.31296443939209,146.8095238095238,8.155132293701172
3471,3471,8.222384452819824,9.357364654541016,137.04545454545453,8.222384452819824
3472,3472,7.59159517288208,13.596497535705566,125.54166666666669,7.59159517288208
3473,3473,7.028587818145752,15.334181785583496,135.30434782608697,7.028587818145752
3474,3474,8.389537811279297,12.85414981842041,150.95238095238096,8.389537811279297
3475,3475,8.843390464782715,8.142330169677734,155.65,8.843390464782715
3476,3476,8.597237586975098,6.043759822845459,138.5909090909091,8.597237586975098
3477,3477,8.109297752380371,10.909172058105469,142.0909090909091,8.109297752380371
3478,3478,8.458288192749023,8.3334379196167,142.6818181818182,8.458288192749023
3479,3479,8.203376770019531,8.082919120788574,131.0,8.203376770019531
3480,3480,9.218729972839355,4.342007637023926,150.85714285714286,9.218729972839355
3481,3481,9.213220596313477,4.899198532104492,178.41176470588235,9.213220596313477
3482,3482,7.931882381439209,9.097190856933594,125.08333333333331,7.931882381439209
3483,3483,7.833242893218994,8.680562019348145,126.0,7.833242893218994
3484,3484,9.109402656555176,4.45457649230957,167.26315789473685,9.109402656555176
3485,3485,8.77564811706543,8.587994575500488,154.0,8.77564811706543
3486,3486,8.246047973632812,9.948623657226562,154.05,8.246047973632812
3487,3487,8.768872261047363,5.494058609008789,144.45454545454547,8.768872261047363
3488,3488,9.30396842956543,4.114835739135742,170.27777777777777,9.30396842956543
3489,3489,7.554141998291016,11.78996467590332,122.16,7.554141998291016
3490,3490,7.809563636779785,10.056180000305176,135.8695652173913,7.809563636779785
3491,3491,8.011510848999023,11.017672538757324,141.4090909090909,8.011510848999023
3492,3492,7.262006759643555,12.623653411865234,122.07692307692308,7.262006759643555
3493,3493,8.585935592651367,8.657828330993652,157.05,8.585935592651367
3494,3494,7.803637504577637,10.598556518554688,131.17391304347825,7.803637504577637
3495,3495,8.630804061889648,2.557316780090332,166.89473684210526,8.630804061889648
3496,3496,8.31601619720459,4.065938472747803,183.94117647058823,8.31601619720459
3497,3497,7.815196990966797,5.413506984710693,158.4,7.815196990966797
3498,3498,8.43197250366211,4.414770126342773,180.7058823529412,8.43197250366211
3499,3499,6.915673732757568,10.21041202545166,154.7,6.915673732757568
3500,3500,6.697972297668457,7.338497638702393,152.95,6.697972297668457
3501,3501,6.711071968078613,8.654519081115723,157.15,6.711071968078613
3502,3502,7.050304889678955,6.703362941741943,169.88888888888889,7.050304889678955
3503,3503,7.327919006347656,8.28708553314209,141.86363636363637,7.327919006347656
3504,3504,7.624167919158935,7.489848613739014,145.14285714285714,7.624167919158935
3505,3505,7.586658000946045,5.833005428314209,173.38888888888889,7.586658000946045
3506,3506,7.578634262084961,7.488857269287109,167.68421052631578,7.578634262084961
3507,3507,7.611658573150635,6.950162410736084,179.64705882352942,7.611658573150635
3508,3508,7.129368782043457,5.601582050323486,166.1578947368421,7.129368782043457
3509,3509,7.133867740631104,8.002099990844727,162.68421052631578,7.133867740631104
3510,3510,7.675871849060059,6.073894500732422,173.11111111111111,7.675871849060059
3511,3511,7.154446601867676,4.131271362304688,199.6875,7.154446601867676
3512,3512,6.530459880828857,7.25223970413208,139.22727272727272,6.530459880828857
3513,3513,7.407458782196045,9.097338676452637,144.5909090909091,7.407458782196045
3514,3514,7.323556423187256,7.510997772216797,158.05,7.323556423187256
3515,3515,7.353493690490723,7.516894340515137,150.25,7.353493690490723
3516,3516,6.964662075042725,7.33839225769043,161.26315789473685,6.964662075042725
3517,3517,7.294410228729248,4.6263957023620605,161.1578947368421,7.294410228729248
3518,3518,7.403995513916016,8.922539710998535,167.94736842105263,7.403995513916016
3519,3519,6.874250888824463,10.413512229919434,151.35,6.874250888824463
3520,3520,8.350687026977539,4.422136306762695,200.0,8.350687026977539
3521,3521,7.675144672393799,6.396828651428223,170.0,7.675144672393799
3522,3522,7.631704807281494,6.03103494644165,180.11764705882354,7.631704807281494
3523,3523,6.494181156158447,9.508155822753906,150.28571428571428,6.494181156158447
3524,3524,6.04946231842041,10.123605728149414,134.04347826086956,6.04946231842041
3525,3525,7.167906761169434,8.48373031616211,162.0,7.167906761169434
3526,3526,7.567453384399414,6.49633264541626,159.3684210526316,7.567453384399414
3527,3527,7.708789825439453,5.868144512176514,163.94736842105263,7.708789825439453
3528,3528,8.017728805541992,6.61807918548584,179.76470588235293,8.017728805541992
3529,3529,8.142126083374023,5.454070091247559,180.4705882352941,8.142126083374023
3530,3530,7.320437908172607,6.724916458129883,176.77777777777777,7.320437908172607
3531,3531,7.239623069763184,7.634442806243896,180.94117647058823,7.239623069763184
3532,3532,7.1276397705078125,9.168163299560549,156.75,7.1276397705078125
3533,3533,8.730303764343262,6.811988830566406,181.58823529411765,8.730303764343262
3534,3534,7.928397178649902,11.51624584197998,156.15,7.928397178649902
3535,3535,8.69445514678955,5.074048042297363,188.1875,8.69445514678955
3536,3536,7.579695224761963,8.373896598815918,156.55,7.579695224761963
3537,3537,8.642805099487305,4.215482234954834,188.4375,8.642805099487305
3538,3538,7.6110520362854,6.670530796051025,168.26315789473685,7.6110520362854
3539,3539,7.004456996917725,9.298917770385742,156.45,7.004456996917725
3540,3540,5.980091094970703,12.439715385437012,127.88,5.980091094970703
3541,3541,7.05854082107544,11.24318504333496,150.61904761904762,7.05854082107544
3542,3542,5.907766819000244,11.357780456542969,146.9047619047619,5.907766819000244
3543,3543,3.9434895515441895,12.093795776367188,102.53333333333332,3.9434895515441895
3544,3544,4.962395191192627,10.932238578796388,130.91666666666666,4.962395191192627
3545,3545,4.9281392097473145,14.4602689743042,130.41666666666666,4.9281392097473145
3546,3546,4.339629650115967,10.747690200805664,122.24,4.339629650115967
3547,3547,3.9165518283844,10.203365325927734,113.78571428571428,3.9165518283844
3548,3548,4.580042839050293,13.809045791625977,122.16,4.580042839050293
3549,3549,4.624181270599365,12.480700492858888,140.0,4.624181270599365
3550,3550,4.126972675323486,11.228941917419434,124.6,4.126972675323486
3551,3551,4.4782562255859375,10.53575325012207,126.56,4.4782562255859375
3552,3552,5.179775238037109,10.857651710510254,137.1304347826087,5.179775238037109
3553,3553,3.897010803222656,10.151322364807127,103.13333333333334,3.897010803222656
3554,3554,4.477318286895752,13.106193542480469,110.96428571428572,4.477318286895752
3555,3555,5.69162654876709,12.05807399749756,138.52173913043478,5.69162654876709
3556,3556,3.612410306930542,8.554361343383789,92.41176470588236,3.612410306930542
3557,3557,3.989843606948853,11.097196578979492,125.95833333333331,3.989843606948853
3558,3558,3.621952772140503,9.104860305786133,91.29411764705884,3.621952772140503
3559,3559,3.473065137863159,10.24148654937744,88.08333333333333,3.473065137863159
3560,3560,4.297199726104736,14.43151569366455,113.66666666666669,4.297199726104736
3561,3561,4.777258396148682,8.845422744750977,132.08695652173913,4.777258396148682
3562,3562,4.744381427764893,13.090147018432615,104.3103448275862,4.744381427764893
3563,3563,4.275328636169434,9.349926948547363,93.61764705882354,4.275328636169434
3564,3564,4.983486652374268,10.716106414794922,119.73076923076924,4.983486652374268
3565,3565,4.764878273010254,11.531513214111328,113.17857142857144,4.764878273010254
3566,3566,5.015384197235107,11.152947425842283,117.03846153846152,5.015384197235107
3567,3567,4.525492191314697,11.772388458251951,113.35714285714286,4.525492191314697
3568,3568,5.679553985595703,12.336040496826172,121.2,5.679553985595703
3569,3569,6.056285858154297,8.98791790008545,149.76190476190476,6.056285858154297
3570,3570,6.239773750305176,12.062212944030762,143.0909090909091,6.239773750305176
3571,3571,4.807642936706543,13.766008377075195,96.40625,4.807642936706543
3572,3572,5.255970478057861,10.586756706237791,128.41666666666666,5.255970478057861
3573,3573,5.459420204162598,13.178030014038086,122.84,5.459420204162598
3574,3574,5.755784511566162,12.1658296585083,135.1304347826087,5.755784511566162
3575,3575,4.914754390716553,12.07025909423828,98.375,4.914754390716553
3576,3576,4.732881546020508,9.6492919921875,124.48,4.732881546020508
3577,3577,6.535350322723389,11.278456687927246,177.1764705882353,6.535350322723389
3578,3578,6.785518646240234,10.521920204162598,164.21052631578948,6.785518646240234
3579,3579,4.691038131713867,13.33340072631836,101.51612903225806,4.691038131713867
3580,3580,7.272893905639648,9.402505874633787,177.23529411764707,7.272893905639648
3581,3581,5.59718656539917,13.783241271972656,125.33333333333331,5.59718656539917
3582,3582,7.421504020690918,10.242399215698242,164.89473684210526,7.421504020690918
3583,3583,5.069107532501221,9.730740547180176,132.25,5.069107532501221
3584,3584,5.431222915649414,8.979146957397461,153.9,5.431222915649414
3585,3585,6.62204122543335,8.519704818725586,159.52631578947367,6.62204122543335
3586,3586,5.579637050628662,11.225337982177734,144.04545454545453,5.579637050628662
3587,3587,5.019659042358398,11.779483795166016,113.44444444444444,5.019659042358398
3588,3588,5.378030300140381,9.662683486938477,132.25,5.378030300140381
3589,3589,5.977100849151611,8.175338745117188,144.61904761904762,5.977100849151611
3590,3590,5.75327205657959,11.021178245544434,133.2608695652174,5.75327205657959
3591,3591,6.167534828186035,10.870657920837402,168.44444444444446,6.167534828186035
3592,3592,7.087292194366455,11.57350730895996,159.68421052631578,7.087292194366455
3593,3593,5.945944309234619,12.702234268188477,125.125,5.945944309234619
3594,3594,5.618131637573242,14.029033660888672,127.91666666666669,5.618131637573242
3595,3595,6.164419174194336,11.188713073730469,141.95454545454547,6.164419174194336
3596,3596,5.816512584686279,12.948122024536133,126.64,5.816512584686279
3597,3597,7.162023544311523,8.543988227844238,160.10526315789474,7.162023544311523
3598,3598,7.033751487731934,8.099209785461426,167.55555555555554,7.033751487731934
3599,3599,6.01953649520874,12.340324401855469,136.8695652173913,6.01953649520874
3600,3600,5.703209400177002,11.707555770874023,131.08333333333334,5.703209400177002
3601,3601,7.155951023101807,12.111004829406738,159.78947368421052,7.155951023101807
3602,3602,7.1189374923706055,8.690564155578613,166.21052631578948,7.1189374923706055
3603,3603,5.881594181060791,12.675302505493164,121.15384615384616,5.881594181060791
3604,3604,6.799851417541504,13.822258949279783,148.57142857142858,6.799851417541504
3605,3605,6.403520584106445,14.775567054748535,123.8,6.403520584106445
3606,3606,7.15847635269165,13.619536399841309,150.5,7.15847635269165
3607,3607,7.187160491943359,15.494949340820312,137.56521739130434,7.187160491943359
3608,3608,6.694312572479248,12.12097454071045,137.7826086956522,6.694312572479248
3609,3609,6.360291004180908,11.359368324279783,130.6086956521739,6.360291004180908
3610,3610,5.890172958374023,11.78693962097168,125.64,5.890172958374023
3611,3611,5.984690189361572,12.341849327087402,108.79310344827586,5.984690189361572
3612,3612,6.469372272491455,11.372194290161133,142.9090909090909,6.469372272491455
3613,3613,6.494592189788818,13.544493675231934,134.82608695652175,6.494592189788818
3614,3614,5.908150672912598,12.3003511428833,119.57692307692308,5.908150672912598
3615,3615,6.89608907699585,8.281055450439453,170.94444444444446,6.89608907699585
3616,3616,6.917712211608887,11.65744972229004,149.38095238095238,6.917712211608887
3617,3617,8.31026840209961,8.533732414245605,169.83333333333334,8.31026840209961
3618,3618,7.826852321624756,10.891169548034668,156.45,7.826852321624756
3619,3619,6.9323039054870605,11.484457015991213,127.91666666666669,6.9323039054870605
3620,3620,6.438032150268555,11.123490333557127,127.5,6.438032150268555
3621,3621,8.081734657287598,8.574604988098145,170.77777777777777,8.081734657287598
3622,3622,8.037575721740723,6.751739025115967,180.4705882352941,8.037575721740723
3623,3623,7.047676086425781,13.81420612335205,137.04545454545453,7.047676086425781
3624,3624,7.926560401916504,7.441153049468994,159.68421052631578,7.926560401916504
3625,3625,6.247892379760742,10.899577140808104,122.4,6.247892379760742
3626,3626,7.414154052734375,11.357282638549805,157.1,7.414154052734375
3627,3627,7.664695262908935,10.16350269317627,158.05263157894737,7.664695262908935
3628,3628,6.016738414764404,11.782804489135742,109.79310344827586,6.016738414764404
3629,3629,8.078130722045898,6.785457134246826,184.05882352941177,8.078130722045898
3630,3630,6.416542530059815,14.95747184753418,132.91666666666666,6.416542530059815
3631,3631,6.170183181762695,9.47071933746338,138.77272727272728,6.170183181762695
3632,3632,7.447650909423828,9.836078643798828,163.1578947368421,7.447650909423828
3633,3633,6.256594181060791,12.594200134277344,158.42105263157896,6.256594181060791
3634,3634,7.056397438049316,9.731361389160156,177.8235294117647,7.056397438049316
3635,3635,5.642833232879639,13.480561256408691,122.3846153846154,5.642833232879639
3636,3636,4.700272560119629,12.422281265258787,98.4375,4.700272560119629
3637,3637,5.955668449401856,10.090429306030272,135.52173913043478,5.955668449401856
3638,3638,5.344859600067139,12.927437782287598,109.0,5.344859600067139
3639,3639,4.242586135864258,8.306976318359375,109.75862068965516,4.242586135864258
3640,3640,5.997487545013428,14.931718826293944,135.2173913043478,5.997487545013428
3641,3641,7.252485752105713,9.080342292785645,150.05,7.252485752105713
3642,3642,5.041121006011963,8.615190505981445,136.0,5.041121006011963
3643,3643,4.721384048461914,10.93260669708252,117.0,4.721384048461914
3644,3644,5.026094913482666,8.987893104553223,120.32,5.026094913482666
3645,3645,4.510310649871826,12.1636323928833,122.34615384615384,4.510310649871826
3646,3646,5.360467433929443,11.019327163696287,129.91666666666666,5.360467433929443
3647,3647,4.320019721984863,10.484249114990234,94.96875,4.320019721984863
3648,3648,5.398508548736572,13.667020797729492,142.95238095238096,5.398508548736572
3649,3649,4.359832763671875,11.423990249633787,102.29032258064515,4.359832763671875
3650,3650,5.042354583740234,7.729633808135986,140.8181818181818,5.042354583740234
3651,3651,5.664199352264404,13.581600189208984,121.6,5.664199352264404
3652,3652,5.283196926116943,10.682022094726562,142.9090909090909,5.283196926116943
3653,3653,6.241559028625488,8.220297813415527,159.35,6.241559028625488
3654,3654,5.410069942474365,15.143779754638672,121.5,5.410069942474365
3655,3655,6.780414581298828,11.550980567932127,155.2,6.780414581298828
3656,3656,5.9526848793029785,9.421873092651367,159.5,5.9526848793029785
3657,3657,5.550833225250244,8.382192611694336,159.8421052631579,5.550833225250244
3658,3658,6.785409927368164,9.253634452819824,200.0,6.785409927368164
3659,3659,6.529666423797607,12.194212913513184,165.21052631578948,6.529666423797607
3660,3660,5.414902210235596,14.979721069335938,130.45833333333334,5.414902210235596
3661,3661,5.670403003692627,10.847216606140137,134.91304347826087,5.670403003692627
3662,3662,5.252053737640381,8.204690933227539,125.16666666666669,5.252053737640381
3663,3663,5.837668895721436,11.928755760192873,151.25,5.837668895721436
3664,3664,3.834408044815064,9.825721740722656,114.5925925925926,3.834408044815064
3665,3665,4.402866363525391,10.097491264343262,118.0,4.402866363525391
3666,3666,4.413480758666992,8.706558227539062,105.58620689655172,4.413480758666992
3667,3667,4.210197925567627,12.06301498413086,106.63333333333334,4.210197925567627
3668,3668,6.467143535614014,14.262476921081545,145.04761904761904,6.467143535614014
3669,3669,4.660155773162842,16.153667449951172,139.0,4.660155773162842
3670,3670,4.523975849151611,6.575603008270264,188.5625,4.523975849151611
3671,3671,6.286722183227539,10.059041976928713,150.35,6.286722183227539
3672,3672,5.533117294311523,10.386116981506348,159.85,5.533117294311523
3673,3673,5.874270439147949,15.629246711730955,157.45,5.874270439147949
3674,3674,6.988620758056641,10.75592041015625,175.0,6.988620758056641
3675,3675,5.031103134155273,13.128923416137695,143.52380952380952,5.031103134155273
3676,3676,3.974783420562744,10.112424850463867,125.88,3.974783420562744
3677,3677,5.802157402038574,12.09609603881836,133.65217391304347,5.802157402038574
3678,3678,4.03047513961792,9.970993995666504,93.08823529411764,4.03047513961792
3679,3679,4.723748207092285,9.728140830993652,95.625,4.723748207092285
3680,3680,4.492104530334473,10.747550010681152,84.15789473684211,4.492104530334473
3681,3681,5.909755229949951,11.760608673095703,113.5,5.909755229949951
3682,3682,4.619582653045654,10.272631645202637,93.3529411764706,4.619582653045654
3683,3683,4.448111534118652,12.98105812072754,91.32352941176472,4.448111534118652
3684,3684,4.457543849945068,11.5745849609375,92.47058823529412,4.457543849945068
3685,3685,4.943566799163818,12.036433219909668,87.28571428571429,4.943566799163818
3686,3686,4.810311794281006,10.604939460754396,102.4,4.810311794281006
3687,3687,5.55418062210083,11.383437156677246,111.74074074074076,5.55418062210083
3688,3688,5.795773029327393,10.029404640197754,116.03846153846152,5.795773029327393
3689,3689,5.128175735473633,10.905219078063965,95.8125,5.128175735473633
3690,3690,5.09439754486084,10.546905517578123,100.16129032258064,5.09439754486084
3691,3691,4.201141834259033,10.400630950927734,95.59375,4.201141834259033
3692,3692,3.859052181243897,9.02157211303711,69.86046511627907,3.859052181243897
3693,3693,5.665306091308594,13.983784675598145,110.60714285714286,5.665306091308594
3694,3694,4.680342674255371,11.258101463317873,83.83783783783784,4.680342674255371
3695,3695,3.474442481994629,8.086233139038086,68.13333333333334,3.474442481994629
3696,3696,4.163453578948975,9.559945106506348,79.36842105263158,4.163453578948975
3697,3697,4.201715469360352,8.778658866882324,85.33333333333333,4.201715469360352
3698,3698,5.330099105834961,12.41111183166504,101.7,5.330099105834961
3699,3699,5.3522047996521,11.87116813659668,111.75,5.3522047996521
3700,3700,4.4781107902526855,11.065594673156738,83.64864864864865,4.4781107902526855
3701,3701,5.236822128295898,12.936156272888184,96.75757575757576,5.236822128295898
3702,3702,5.295755863189697,10.465447425842283,97.46875,5.295755863189697
3703,3703,4.687389373779297,8.998229026794434,95.5625,4.687389373779297
3704,3704,4.328315734863281,11.574618339538574,91.3030303030303,4.328315734863281
3705,3705,4.694922924041748,8.754053115844727,94.25,4.694922924041748
3706,3706,4.966110229492188,7.021477222442627,102.80645161290325,4.966110229492188
3707,3707,3.3283395767211914,8.040914535522461,69.62222222222222,3.3283395767211914
3708,3708,3.890480995178223,9.78355884552002,84.36111111111111,3.890480995178223
3709,3709,3.767792224884033,6.614262580871582,84.1842105263158,3.767792224884033
3710,3710,4.289337158203125,9.710840225219728,81.35135135135135,4.289337158203125
3711,3711,4.983059883117676,11.062360763549805,88.38235294117646,4.983059883117676
3712,3712,4.208844661712647,11.46357250213623,79.4,4.208844661712647
3713,3713,3.717206239700317,8.720789909362793,75.275,3.717206239700317
3714,3714,4.395387172698975,8.808954238891602,80.94871794871794,4.395387172698975
3715,3715,5.099018573760986,11.50885009765625,115.51851851851852,5.099018573760986
3716,3716,4.062767505645752,11.742111206054688,75.325,4.062767505645752
3717,3717,4.536534786224365,11.724949836730955,85.35135135135135,4.536534786224365
3718,3718,6.062892436981201,10.30002498626709,144.8095238095238,6.062892436981201
3719,3719,4.680093288421631,11.078282356262209,94.3030303030303,4.680093288421631
3720,3720,5.367968559265137,9.432385444641112,103.9,5.367968559265137
3721,3721,5.1031270027160645,14.15123176574707,114.92592592592592,5.1031270027160645
3722,3722,5.088983058929443,11.742754936218262,97.3225806451613,5.088983058929443
3723,3723,4.692413330078125,10.955930709838867,99.78125,4.692413330078125
3724,3724,4.314053535461426,8.434839248657227,97.70967741935485,4.314053535461426
3725,3725,4.505248546600342,9.094685554504396,81.44736842105263,4.505248546600342
3726,3726,4.129846096038818,7.850647449493408,92.8529411764706,4.129846096038818
3727,3727,3.892590045928955,9.666986465454102,84.47222222222223,3.892590045928955
3728,3728,3.646125078201294,8.929985046386719,71.57142857142857,3.646125078201294
3729,3729,3.365789890289306,5.674215316772461,71.11363636363636,3.365789890289306
3730,3730,3.11771559715271,6.863406181335449,70.55813953488372,3.11771559715271
3731,3731,3.890730619430542,7.883263111114502,65.9375,3.890730619430542
3732,3732,2.7722983360290527,5.132768154144287,54.61818181818182,2.7722983360290527
3733,3733,3.43133807182312,8.639626502990723,81.07692307692308,3.43133807182312
3734,3734,2.601550340652466,5.055962085723877,66.8913043478261,2.601550340652466
3735,3735,3.100752592086792,5.246538162231445,71.69047619047619,3.100752592086792
3736,3736,4.468499660491943,7.244336128234863,102.16666666666669,4.468499660491943
3737,3737,3.212493896484375,6.158929824829102,68.43181818181819,3.212493896484375
3738,3738,2.987784147262573,6.472938060760498,75.71428571428571,2.987784147262573
3739,3739,2.922283411026001,4.243120670318604,61.74509803921568,2.922283411026001
3740,3740,3.020930767059326,4.470072746276856,68.57777777777778,3.020930767059326
3741,3741,3.1288106441497803,6.310870170593262,57.56363636363636,3.1288106441497803
3742,3742,2.674638032913208,4.545480728149414,48.07936507936508,2.674638032913208
3743,3743,3.04483962059021,7.402024269104004,76.375,3.04483962059021
3744,3744,2.945381164550781,8.424649238586426,68.61363636363636,2.945381164550781
3745,3745,3.434865951538086,7.346545219421387,70.84444444444445,3.434865951538086
3746,3746,2.965689420700073,6.218944072723389,67.13333333333334,2.965689420700073
3747,3747,3.418985366821289,7.0721540451049805,81.1891891891892,3.418985366821289
3748,3748,3.421945571899414,8.552703857421875,66.75555555555556,3.421945571899414
3749,3749,3.1908934116363525,6.581371784210205,62.5,3.1908934116363525
3750,3750,3.201192140579224,6.375466823577881,65.3695652173913,3.201192140579224
3751,3751,4.214252948760986,6.224234580993652,93.06060606060606,4.214252948760986
3752,3752,3.829831123352051,11.209485054016112,91.87878787878788,3.829831123352051
3753,3753,4.319886207580566,7.811121940612793,113.92857142857144,4.319886207580566
3754,3754,4.333704948425293,8.772235870361328,92.06060606060606,4.333704948425293
3755,3755,4.654497623443604,9.400435447692873,128.875,4.654497623443604
3756,3756,4.146059036254883,9.58193588256836,92.47058823529412,4.146059036254883
3757,3757,4.437536239624023,9.370942115783691,94.75,4.437536239624023
3758,3758,3.787997484207153,7.939342498779297,121.28,3.787997484207153
3759,3759,3.838067054748535,8.241432189941406,93.29411764705884,3.838067054748535
3760,3760,4.651388168334961,9.46497631072998,118.92307692307692,4.651388168334961
3761,3761,4.157088756561279,9.480276107788086,111.62962962962963,4.157088756561279
3762,3762,3.9614436626434326,8.52546215057373,88.6,3.9614436626434326
3763,3763,4.16901445388794,10.14963150024414,113.64285714285714,4.16901445388794
3764,3764,4.460614204406738,10.267151832580566,119.73076923076924,4.460614204406738
3765,3765,3.5630784034729004,7.482213973999023,111.07142857142856,3.5630784034729004
3766,3766,5.91633939743042,11.466724395751951,137.3913043478261,5.91633939743042
3767,3767,3.3471922874450684,8.409560203552246,77.9,3.3471922874450684
3768,3768,4.185049533843994,11.41064453125,113.17857142857144,4.185049533843994
3769,3769,2.9473466873168945,6.421618938446045,75.225,2.9473466873168945
3770,3770,4.279260635375977,9.435120582580566,94.5625,4.279260635375977
3771,3771,4.814010620117188,10.99655532836914,131.0,4.814010620117188
3772,3772,4.58119535446167,8.685208320617676,117.73076923076924,4.58119535446167
3773,3773,3.6543142795562735,6.635540008544922,117.0,3.6543142795562735
3774,3774,5.086533069610596,10.038719177246094,126.0,5.086533069610596
3775,3775,4.784224033355713,9.38797378540039,109.20689655172414,4.784224033355713
3776,3776,4.428061008453369,7.930304050445557,133.17391304347825,4.428061008453369
3777,3777,3.3110713958740234,5.899289608001709,92.84848484848484,3.3110713958740234
3778,3778,4.238191604614258,12.99252986907959,124.88,4.238191604614258
3779,3779,5.367345333099365,9.51241970062256,133.2608695652174,5.367345333099365
3780,3780,4.12251615524292,9.414982795715332,95.75,4.12251615524292
3781,3781,4.766185283660889,11.354293823242188,100.09677419354838,4.766185283660889
3782,3782,5.206996440887451,10.940990447998049,108.14285714285714,5.206996440887451
3783,3783,5.260308742523193,9.618829727172852,137.22727272727272,5.260308742523193
3784,3784,3.8856799602508554,9.697114944458008,94.0625,3.8856799602508554
3785,3785,5.358167171478272,9.673432350158691,135.43478260869566,5.358167171478272
3786,3786,4.833930492401123,12.62990951538086,122.48,4.833930492401123
3787,3787,5.7511820793151855,11.704353332519531,151.47619047619048,5.7511820793151855
3788,3788,3.7580583095550537,5.02586555480957,107.75,3.7580583095550537
3789,3789,4.6228928565979,8.310613632202148,131.04166666666666,4.6228928565979
3790,3790,4.491744518280029,11.194405555725098,123.76,4.491744518280029
3791,3791,4.860599517822266,7.406126499176025,127.41666666666669,4.860599517822266
3792,3792,4.425262928009033,6.056216716766357,115.25925925925924,4.425262928009033
3793,3793,3.0758090019226074,4.364846229553223,115.4074074074074,3.0758090019226074
3794,3794,3.406833410263061,7.644157886505127,120.12,3.406833410263061
3795,3795,4.0065531730651855,6.938837051391602,116.11111111111111,4.0065531730651855
3796,3796,3.322164297103882,6.202899932861328,108.03571428571428,3.322164297103882
3797,3797,3.930726766586304,8.792885780334473,118.0,3.930726766586304
3798,3798,6.357008457183838,7.093406677246094,159.73684210526315,6.357008457183838
3799,3799,3.341966152191162,6.699233531951904,83.33333333333333,3.341966152191162
3800,3800,3.946823835372925,9.588644981384276,105.83333333333331,3.946823835372925
3801,3801,4.5929460525512695,7.80715799331665,137.4090909090909,4.5929460525512695
3802,3802,4.027397632598877,7.748105049133301,112.32142857142856,4.027397632598877
3803,3803,4.882031440734863,10.907209396362305,146.9047619047619,4.882031440734863
3804,3804,4.4950151443481445,9.236374855041504,143.77272727272728,4.4950151443481445
3805,3805,5.190784454345703,9.026204109191896,143.86363636363637,5.190784454345703
3806,3806,4.958394527435303,9.280447006225586,147.33333333333334,4.958394527435303
3807,3807,4.676351070404053,12.431622505187988,102.56666666666666,4.676351070404053
3808,3808,3.6853549480438232,7.444565773010254,92.05882352941175,3.6853549480438232
3809,3809,5.539018630981445,10.853571891784668,144.36363636363637,5.539018630981445
3810,3810,3.685975790023804,7.576458930969238,107.3103448275862,3.685975790023804
3811,3811,4.143425464630127,10.217161178588867,93.90625,4.143425464630127
3812,3812,4.267591953277588,9.283947944641112,95.46875,4.267591953277588
3813,3813,4.376240253448486,9.512369155883787,100.8,4.376240253448486
3814,3814,3.935708522796631,8.307110786437988,117.5,3.935708522796631
3815,3815,3.4571712017059326,8.6106595993042,96.0,3.4571712017059326
3816,3816,3.9141688346862793,9.128446578979492,118.5,3.9141688346862793
3817,3817,4.9396748542785645,9.452391624450684,114.44444444444444,4.9396748542785645
3818,3818,4.530150890350342,12.299121856689451,116.92307692307692,4.530150890350342
3819,3819,4.649282932281494,10.547186851501465,84.15789473684211,4.649282932281494
3820,3820,6.221290111541748,9.30154037475586,115.8076923076923,6.221290111541748
3821,3821,5.34511137008667,11.39417839050293,100.83333333333331,5.34511137008667
3822,3822,5.270139694213867,12.946513175964355,104.24137931034484,5.270139694213867
3823,3823,4.751293182373047,10.180825233459473,107.96428571428572,4.751293182373047
3824,3824,5.228921890258789,12.487554550170898,137.45454545454547,5.228921890258789
3825,3825,4.767934799194336,8.659517288208008,115.65384615384616,4.767934799194336
3826,3826,5.173460483551025,10.7374267578125,96.96774193548389,5.173460483551025
3827,3827,4.44362735748291,10.394577026367188,103.58620689655172,4.44362735748291
3828,3828,5.771065711975098,9.999972343444824,114.8148148148148,5.771065711975098
3829,3829,5.077610015869141,12.892839431762695,100.74193548387096,5.077610015869141
3830,3830,5.013930320739746,11.52545166015625,102.06666666666666,5.013930320739746
3831,3831,5.951897621154785,9.232793807983398,115.57692307692308,5.951897621154785
3832,3832,6.121952533721924,7.617341041564941,111.21428571428572,6.121952533721924
3833,3833,6.053992748260498,10.971610069274902,110.46428571428572,6.053992748260498
3834,3834,6.144947528839111,11.638110160827637,133.20833333333334,6.144947528839111
3835,3835,5.947163105010986,9.810111045837402,117.3846153846154,5.947163105010986
3836,3836,7.275514602661133,10.04672908782959,141.5,7.275514602661133
3837,3837,6.524568557739258,10.188459396362305,127.5,6.524568557739258
3838,3838,4.798758506774902,12.02271842956543,91.17647058823528,4.798758506774902
3839,3839,5.10129976272583,9.513874053955078,97.53125,5.10129976272583
3840,3840,5.533801078796387,10.97890281677246,108.67857142857144,5.533801078796387
3841,3841,5.147917747497559,10.878393173217772,96.90322580645162,5.147917747497559
3842,3842,5.711622714996338,10.347003936767578,109.75,5.711622714996338
3843,3843,5.2536234855651855,10.082133293151855,97.4516129032258,5.2536234855651855
3844,3844,4.3236918449401855,7.329230785369873,111.71428571428572,4.3236918449401855
3845,3845,4.511254787445068,9.419906616210938,107.89285714285714,4.511254787445068
3846,3846,3.6737701892852783,4.317005157470703,110.60714285714286,3.6737701892852783
3847,3847,4.287050247192383,8.715594291687012,131.75,4.287050247192383
3848,3848,5.262444972991943,11.515819549560549,129.29166666666666,5.262444972991943
3849,3849,3.934882879257202,8.500921249389648,118.11111111111111,3.934882879257202
3850,3850,4.724546432495117,10.879807472229004,125.91666666666669,4.724546432495117
3851,3851,4.715001583099365,7.794143199920654,125.16666666666669,4.715001583099365
3852,3852,5.331646919250488,12.075215339660645,145.0,5.331646919250488
3853,3853,4.1742119789123535,8.234088897705078,102.0,4.1742119789123535
3854,3854,4.242464065551758,9.03691864013672,90.94117647058825,4.242464065551758
3855,3855,3.631018877029419,7.349159240722656,82.97368421052632,3.631018877029419
3856,3856,4.4672393798828125,8.889862060546875,106.06666666666666,4.4672393798828125
3857,3857,4.320706844329834,11.416250228881836,94.0625,4.320706844329834
3858,3858,4.93302583694458,9.569771766662598,111.92857142857144,4.93302583694458
3859,3859,4.690812587738037,9.031908988952637,120.53846153846152,4.690812587738037
3860,3860,4.565004825592041,9.11987018585205,111.48148148148148,4.565004825592041
3861,3861,4.669461250305176,10.565421104431152,122.84,4.669461250305176
3862,3862,3.865104913711548,6.714534282684326,94.48484848484848,3.865104913711548
3863,3863,4.10500431060791,10.40604019165039,88.80555555555556,4.10500431060791
3864,3864,3.9793078899383545,8.877978324890137,95.375,3.9793078899383545
3865,3865,4.557862281799316,8.141496658325195,108.5,4.557862281799316
3866,3866,3.4609062671661377,5.816224098205566,90.20588235294116,3.4609062671661377
3867,3867,2.878990888595581,6.657783508300781,66.2127659574468,2.878990888595581
3868,3868,3.948530673980713,8.506178855895996,96.8181818181818,3.948530673980713
3869,3869,4.340071678161621,10.08615016937256,106.03448275862068,4.340071678161621
3870,3870,4.368644237518311,8.907942771911621,112.85185185185183,4.368644237518311
3871,3871,4.059647083282471,8.134772300720215,88.76470588235294,4.059647083282471
3872,3872,4.20523738861084,8.888039588928223,96.66666666666669,4.20523738861084
3873,3873,4.919804096221924,10.82819652557373,138.77272727272728,4.919804096221924
3874,3874,4.192241668701172,9.95898151397705,109.28571428571428,4.192241668701172
3875,3875,3.745852708816528,7.726682186126709,85.97142857142858,3.745852708816528
3876,3876,4.238912582397461,8.817529678344727,127.16,4.238912582397461
3877,3877,4.405478477478027,10.148843765258787,107.60714285714286,4.405478477478027
3878,3878,4.915533065795898,10.289955139160156,107.3103448275862,4.915533065795898
3879,3879,4.00124979019165,10.194238662719728,95.84375,4.00124979019165
3880,3880,5.627986431121826,6.719895362854004,137.72727272727272,5.627986431121826
3881,3881,4.398672103881836,10.37770175933838,113.53571428571428,4.398672103881836
3882,3882,4.778369903564453,12.075721740722656,126.56,4.778369903564453
3883,3883,4.385283946990967,11.606036186218262,114.85185185185183,4.385283946990967
3884,3884,4.846860885620117,12.667187690734863,141.63636363636363,4.846860885620117
3885,3885,5.322032928466797,10.085773468017578,138.54545454545453,5.322032928466797
3886,3886,3.329896211624145,10.025214195251465,78.475,3.329896211624145
3887,3887,3.649724721908569,9.581254005432127,106.16666666666669,3.649724721908569
3888,3888,4.326801300048828,8.469733238220215,107.35714285714286,4.326801300048828
3889,3889,4.342133522033691,9.794760704040527,103.96551724137932,4.342133522033691
3890,3890,5.82761287689209,10.165534019470217,134.0,5.82761287689209
3891,3891,3.8691728115081783,12.31546401977539,85.72222222222223,3.8691728115081783
3892,3892,5.285807132720947,14.92357349395752,113.37037037037037,5.285807132720947
3893,3893,5.583180904388428,15.401437759399414,107.25,5.583180904388428
3894,3894,5.017794132232666,12.880362510681152,108.0,5.017794132232666
3895,3895,5.588291168212891,12.696619987487791,132.66666666666666,5.588291168212891
3896,3896,5.027783393859863,13.74841022491455,125.68,5.027783393859863
3897,3897,6.050241470336914,12.272257804870604,141.8181818181818,6.050241470336914
3898,3898,4.578398704528809,13.913259506225586,104.36666666666666,4.578398704528809
3899,3899,5.883216381072998,13.41838836669922,130.625,5.883216381072998
3900,3900,4.497054576873779,10.810968399047852,107.20689655172414,4.497054576873779
3901,3901,5.980528354644775,11.188206672668455,163.42105263157896,5.980528354644775
3902,3902,4.840266704559326,15.01101779937744,110.0,4.840266704559326
3903,3903,4.936312198638916,13.404257774353027,118.6923076923077,4.936312198638916
3904,3904,5.520370006561279,12.049933433532717,118.22222222222224,5.520370006561279
3905,3905,5.688891887664795,16.167139053344727,116.26923076923076,5.688891887664795
3906,3906,6.001301288604736,12.235262870788574,117.3076923076923,6.001301288604736
3907,3907,5.228521347045898,14.041671752929688,98.96774193548389,5.228521347045898
3908,3908,5.629629135131836,11.95067310333252,131.83333333333334,5.629629135131836
3909,3909,5.609857559204102,11.41763973236084,125.875,5.609857559204102
3910,3910,4.3142828941345215,10.773441314697266,94.4375,4.3142828941345215
3911,3911,5.730107307434082,10.72799587249756,103.93333333333334,5.730107307434082
3912,3912,6.080819606781006,10.920595169067385,132.29166666666666,6.080819606781006
3913,3913,5.8930344581604,10.1605806350708,121.92,5.8930344581604
3914,3914,5.119284629821777,11.87267017364502,104.27586206896552,5.119284629821777
3915,3915,4.647252559661865,10.596367835998535,108.71428571428572,4.647252559661865
3916,3916,3.942523241043091,10.059196472167969,85.91428571428571,3.942523241043091
3917,3917,4.987213134765625,15.69122314453125,108.42857142857144,4.987213134765625
3918,3918,4.381989479064941,9.07411003112793,108.96428571428572,4.381989479064941
3919,3919,4.946652412414551,8.762386322021484,96.93939393939394,4.946652412414551
3920,3920,4.629981994628906,10.636775970458984,85.85714285714286,4.629981994628906
3921,3921,5.062557220458984,9.63757610321045,99.09677419354838,5.062557220458984
3922,3922,4.027331829071045,12.10373306274414,86.68571428571428,4.027331829071045
3923,3923,4.168827056884766,11.991969108581545,73.58536585365853,4.168827056884766
3924,3924,5.047578811645508,11.99594783782959,109.10344827586206,5.047578811645508
3925,3925,4.478791236877441,9.579508781433104,93.11764705882354,4.478791236877441
3926,3926,3.875766515731812,9.505093574523926,81.76315789473684,3.875766515731812
3927,3927,6.287981986999512,11.58584976196289,122.1153846153846,6.287981986999512
3928,3928,5.242871284484863,10.726211547851562,116.70370370370372,5.242871284484863
3929,3929,4.307412624359131,10.67881679534912,74.32558139534883,4.307412624359131
3930,3930,3.4974093437194824,7.018722057342529,74.04761904761905,3.4974093437194824
3931,3931,4.321140289306641,10.869325637817385,95.09375,4.321140289306641
3932,3932,4.860336780548096,13.525957107543944,105.06666666666666,4.860336780548096
3933,3933,4.315623283386231,9.846831321716309,85.27027027027027,4.315623283386231
3934,3934,4.546058654785156,9.794641494750977,126.375,4.546058654785156
3935,3935,3.8470804691314697,8.78032112121582,69.29545454545455,3.8470804691314697
3936,3936,3.565897226333618,7.042069911956787,112.32142857142856,3.565897226333618
3937,3937,4.614150047302246,10.955430030822754,95.66666666666669,4.614150047302246
3938,3938,5.230843544006348,13.034266471862791,101.83333333333331,5.230843544006348
3939,3939,3.754261016845703,8.052772521972656,95.84375,3.754261016845703
3940,3940,4.468216419219971,7.441827774047852,97.25,4.468216419219971
3941,3941,5.050777435302734,8.334867477416992,114.17857142857144,5.050777435302734
3942,3942,4.5201592445373535,7.942750453948975,96.03030303030305,4.5201592445373535
3943,3943,5.2811150550842285,12.908472061157228,107.46428571428572,5.2811150550842285
3944,3944,5.43273401260376,13.03329086303711,112.60714285714286,5.43273401260376
3945,3945,4.050134181976318,11.001858711242676,85.91891891891892,4.050134181976318
3946,3946,4.724757194519043,9.494237899780272,78.25641025641026,4.724757194519043
3947,3947,4.381958961486816,9.611786842346191,74.42857142857143,4.381958961486816
3948,3948,4.696179866790772,10.67907428741455,91.12121212121212,4.696179866790772
3949,3949,5.386744499206543,10.968024253845217,106.34482758620688,5.386744499206543
3950,3950,4.298783302307129,8.303773880004883,116.07692307692308,4.298783302307129
3951,3951,5.330434799194336,7.361905574798584,90.94285714285714,5.330434799194336
3952,3952,5.561937808990479,13.697882652282717,117.6923076923077,5.561937808990479
3953,3953,6.258852005004883,10.658367156982422,124.52,6.258852005004883
3954,3954,4.626404285430908,11.557266235351562,106.63333333333334,4.626404285430908
3955,3955,4.626412868499756,10.438722610473633,122.92,4.626412868499756
3956,3956,4.801252365112305,9.926199913024902,96.0,4.801252365112305
3957,3957,5.751801013946533,11.392642974853516,115.65384615384616,5.751801013946533
3958,3958,3.0767359733581543,8.324027061462402,79.71794871794872,3.0767359733581543
3959,3959,3.461204767227173,8.989482879638672,69.32608695652173,3.461204767227173
3960,3960,4.0097503662109375,9.18662166595459,104.46666666666668,4.0097503662109375
3961,3961,3.372403860092163,7.90250825881958,74.26829268292683,3.372403860092163
3962,3962,4.056107997894287,8.500408172607422,94.4375,4.056107997894287
3963,3963,4.942708969116211,11.30164623260498,135.2173913043478,4.942708969116211
3964,3964,4.1804280281066895,7.982495307922363,110.71428571428572,4.1804280281066895
3965,3965,5.61524772644043,9.163671493530272,113.44444444444444,5.61524772644043
3966,3966,4.540407180786133,8.41300106048584,120.0,4.540407180786133
3967,3967,3.720587968826294,8.894362449645996,74.38095238095238,3.720587968826294
3968,3968,4.59037971496582,9.730807304382324,124.72,4.59037971496582
3969,3969,3.6050636768341056,7.077657699584961,80.10526315789474,3.6050636768341056
3970,3970,4.3938889503479,10.269330024719238,92.96969696969695,4.3938889503479
3971,3971,5.161036014556885,11.823671340942385,112.70370370370372,5.161036014556885
3972,3972,4.022266864776611,9.228798866271973,97.375,4.022266864776611
3973,3973,3.6642699241638175,7.907747745513916,111.44444444444444,3.6642699241638175
3974,3974,3.693494081497192,10.459990501403809,89.02857142857142,3.693494081497192
3975,3975,4.507185935974121,7.818709850311279,116.0,4.507185935974121
3976,3976,4.725889205932617,11.84061050415039,105.96666666666668,4.725889205932617
3977,3977,4.67131233215332,9.660650253295898,85.94444444444444,4.67131233215332
3978,3978,3.500843048095703,8.48840618133545,70.72093023255815,3.500843048095703
3979,3979,4.36248779296875,11.836254119873049,86.91428571428571,4.36248779296875
3980,3980,3.6573269367218018,10.05374240875244,69.82222222222222,3.6573269367218018
3981,3981,4.185039043426514,9.22166633605957,79.23076923076923,4.185039043426514
3982,3982,4.002442836761475,9.518603324890137,105.2,4.002442836761475
3983,3983,4.036234855651856,10.433690071105955,134.2173913043478,4.036234855651856
3984,3984,3.7148287296295166,10.53335952758789,68.5,3.7148287296295166
3985,3985,3.724728584289551,9.362401962280272,115.46153846153848,3.724728584289551
3986,3986,2.9552865028381348,6.024012565612793,71.67441860465117,2.9552865028381348
3987,3987,4.116503715515137,10.874470710754396,79.05128205128206,4.116503715515137
3988,3988,4.182309627532959,11.37901782989502,76.95,4.182309627532959
3989,3989,3.848707675933838,8.60853385925293,58.735849056603776,3.848707675933838
3990,3990,4.231171607971191,8.73829174041748,85.69444444444444,4.231171607971191
3991,3991,3.825605630874634,9.384824752807615,84.32432432432432,3.825605630874634
3992,3992,6.052949905395508,9.17842960357666,127.4,6.052949905395508
3993,3993,3.767646551132202,8.971837997436523,76.26829268292683,3.767646551132202
3994,3994,4.251841068267822,10.110466957092283,86.11111111111111,4.251841068267822
3995,3995,4.906722545623779,8.321383476257324,117.34615384615384,4.906722545623779
3996,3996,4.620538711547852,11.198400497436523,82.91891891891892,4.620538711547852
3997,3997,4.65252161026001,9.20340347290039,92.23529411764706,4.65252161026001
3998,3998,3.9716451168060303,8.484864234924316,68.15217391304348,3.9716451168060303
3999,3999,4.11257791519165,11.78268051147461,85.44444444444444,4.11257791519165
