,mean_episode_rewards,std_episode_rewards,episodes,Q_values_policy,Q_values_target,steps,action_randomness
0,-1.0853631497496599,1.9479607580429141,0,0.0,0.0,288.0,0.9618055555555556
1,-0.47471675622645265,2.0516695506904714,1,1.408247709274292,0.29812532663345337,288.0,0.9444444444444444
2,-1.8070152486373858,1.6361474446717927,2,1.3380346298217773,0.30316317081451416,288.0,0.9305555555555556
3,0.04804026755120397,1.8015143389610657,3,1.6760482788085938,0.4315873980522156,288.0,0.9548611111111112
4,0.978900563312535,1.3852127860208738,4,2.0392417907714844,0.5688728094100952,288.0,0.9375
5,-0.32413936489123574,1.96765705981624,5,2.1858649253845215,0.7865091562271118,288.0,0.9444444444444444
6,0.36412274075964773,1.951206580639189,6,2.622253656387329,1.0436692237854004,288.0,0.9444444444444444
7,-1.5366619304279112,1.747729494880862,7,2.5822324752807617,1.3112874031066895,288.0,0.9548611111111112
8,-0.39959335156857495,2.195729731469275,8,3.020719051361084,1.6107271909713745,288.0,0.9479166666666666
9,1.3683417063923926,1.0811999516138477,9,3.3886876106262207,1.942909598350525,288.0,0.9618055555555556
10,-1.7652319618967973,1.6324494764546476,10,3.6854891777038574,2.2222015857696533,288.0,0.9375
11,-1.086681294310284,1.937836101761174,11,3.893357515335083,2.5240373611450195,288.0,0.9513888888888888
12,-0.9994595067129401,1.9282827989046483,12,4.229199409484863,2.831840991973877,288.0,0.9131944444444444
13,-1.0559318741625172,1.892340727697994,13,4.406442642211914,3.1454949378967285,288.0,0.9375
14,-0.3783249947243506,1.9454775649485143,14,4.740653038024902,3.4447665214538574,288.0,0.9236111111111112
15,0.9992379490303573,1.351550303172454,15,5.273857116699219,3.7911837100982666,288.0,0.9270833333333334
16,-1.6202930315121993,1.6844239113844783,16,5.40909481048584,4.080456256866455,288.0,0.9340277777777778
17,-1.684772741187144,1.7122207591277703,17,5.6831374168396,4.463754653930664,288.0,0.9444444444444444
18,1.1770700646110948,1.255650336715551,18,6.155397415161133,4.776257514953613,288.0,0.9618055555555556
19,-0.031319371146922945,1.9952405642200115,19,6.724184036254883,5.283059120178223,288.0,0.9236111111111112
20,-1.289677794390094,1.8777720343478075,20,7.065890312194824,5.629897117614746,288.0,0.9444444444444444
21,-1.5599642504848086,1.7562325499944513,21,7.322954177856445,5.930693626403809,288.0,0.9305555555555556
22,-0.9360204614076105,2.0093300412711,22,7.389877796173096,6.173388481140137,288.0,0.9340277777777778
23,-0.8296722548731535,1.9405088413982237,23,7.866366386413574,6.576967239379883,288.0,0.9097222222222222
24,1.3836246784107749,1.0323180744808802,24,8.435049057006836,6.948513507843018,288.0,0.9583333333333334
25,0.5612241181564048,1.6591397734641282,25,8.506503105163574,7.191481590270996,288.0,0.9166666666666666
26,-0.834624286758805,1.9590693580502674,26,9.099571228027344,7.756406784057617,288.0,0.9131944444444444
27,-0.1536482437026735,2.08223703770012,27,9.327922821044922,7.980534553527832,288.0,0.9305555555555556
28,-0.1496847169290515,1.9112534203560927,28,10.01926326751709,8.542813301086426,288.0,0.9479166666666666
29,-0.7897896637098978,1.9235343262207465,29,10.1087646484375,8.763238906860352,288.0,0.9236111111111112
30,-0.8691118951642524,1.9528079810394683,30,10.389057159423828,9.0228271484375,288.0,0.9444444444444444
31,-0.7963416653975598,1.9707011569217598,31,10.683450698852539,9.34871768951416,288.0,0.9409722222222222
32,1.2128873059068672,1.23913402692425,32,11.383749008178711,9.906644821166992,288.0,0.9131944444444444
33,-1.022947633119043,1.9460461713971915,33,11.501198768615723,10.123177528381348,288.0,0.9131944444444444
34,-1.1791632402709444,1.9075979389430942,34,11.798566818237305,10.493213653564453,288.0,0.9409722222222222
35,1.008372760687581,1.382391650191556,35,12.35812759399414,10.961470603942871,288.0,0.9166666666666666
36,1.15287010051707,1.3283431824502485,36,12.808649063110352,11.391077041625977,288.0,0.8923611111111112
37,0.5977703318526678,1.6578743730887993,37,13.391681671142578,11.90484619140625,288.0,0.90625
38,0.3685895141596246,1.7160688741024361,38,13.921222686767578,12.403757095336914,288.0,0.90625
39,-0.7319059200266747,1.962611043205603,39,13.985374450683594,12.61033821105957,288.0,0.8923611111111112
40,-0.7840480923533081,1.939379312589226,40,14.069740295410156,12.669692039489746,288.0,0.8923611111111112
41,0.8767317382139252,1.4418382870104294,41,14.958993911743164,13.529983520507812,288.0,0.9027777777777778
42,-0.8632871911853814,1.965591322770362,42,15.371528625488281,13.942246437072754,288.0,0.9305555555555556
43,1.645054907677515,0.7728451878332978,43,15.69565200805664,14.297607421875,288.0,0.9236111111111112
44,-0.745391535980952,1.9698738312394295,44,15.752787590026855,14.33958625793457,288.0,0.9270833333333334
45,-1.4731489363280823,1.8161145620688819,45,16.109329223632812,14.65849494934082,288.0,0.9305555555555556
46,0.7740634096120783,1.5973018579651916,46,16.79622459411621,15.331871032714844,288.0,0.9027777777777778
47,-0.31137914990670607,1.909961359651192,47,17.06356430053711,15.602715492248535,288.0,0.8784722222222222
48,-1.5643441471151074,1.7754267407738076,48,17.410934448242188,16.0013427734375,288.0,0.8958333333333334
49,-1.0478406260704487,2.0155027322351695,49,17.809680938720703,16.434694290161133,288.0,0.9236111111111112
50,-0.8443568691765441,1.9688800717624557,50,18.495559692382812,17.151439666748047,288.0,0.8819444444444444
51,-0.242661544938708,1.8949472133905756,51,18.561023712158203,17.282527923583984,288.0,0.9027777777777778
52,-1.6750255976337671,1.633499251575432,52,18.626605987548828,17.35207748413086,288.0,0.875
53,0.08655029407618765,1.8232877679826227,53,19.581722259521484,18.182025909423828,288.0,0.8888888888888888
54,0.29811921360905586,1.8735670201349968,54,19.742496490478516,18.333459854125977,288.0,0.90625
55,1.1052167540985425,1.339125130091027,55,20.404052734375,18.946407318115234,288.0,0.9166666666666666
56,1.3097641777439704,1.1613053441478964,56,21.050352096557617,19.500640869140625,288.0,0.8715277777777778
57,0.6851399093583951,1.5459401558194092,57,21.330615997314453,19.81012725830078,288.0,0.8819444444444444
58,-0.6914897872034936,2.08028925343764,58,22.020633697509766,20.425952911376953,288.0,0.9131944444444444
59,-0.3542689386776357,2.0710117937902677,59,22.0433349609375,20.654647827148438,288.0,0.90625
60,-0.30523346037334104,2.122132513008357,60,22.210689544677734,20.770294189453125,288.0,0.8854166666666666
61,0.15441210504058056,1.8431046518186176,61,22.878826141357422,21.320453643798828,288.0,0.9444444444444444
62,0.15377456818694357,1.8574508611921041,62,22.469186782836914,21.08605194091797,288.0,0.8784722222222222
63,-1.0950777428355067,1.8997858815335897,63,23.54897689819336,22.099817276000977,288.0,0.8993055555555556
64,-0.5275461049836166,2.0184285289642934,64,23.808591842651367,22.41878318786621,288.0,0.9270833333333334
65,1.038133428774365,1.3640639392476066,65,23.997501373291016,22.57833480834961,288.0,0.8958333333333334
66,1.6381982908671515,0.7835433244576234,66,25.204559326171875,23.723434448242188,288.0,0.8680555555555556
67,-1.5689656042106739,1.7085505256582625,67,25.345638275146484,23.97496795654297,288.0,0.8888888888888888
68,0.7606630152944466,1.5511964099639886,68,26.105792999267578,24.5579833984375,288.0,0.9027777777777778
69,-0.34721055526800976,1.8862619053743075,69,25.539682388305664,24.040931701660156,288.0,0.9027777777777778
70,0.898966708181385,1.443393780719882,70,26.073453903198242,24.698589324951172,288.0,0.9131944444444444
71,-0.6846058062703414,1.8864447309210093,71,26.17735481262207,24.89629364013672,288.0,0.8854166666666666
72,0.7909063653809283,1.508190864971586,72,27.365297317504883,25.93733024597168,288.0,0.8541666666666666
73,-1.4470850781445206,1.8169386768390967,73,27.153894424438477,25.73451805114746,288.0,0.8888888888888888
74,-1.4377897273798286,1.7464965367049294,74,27.909149169921875,26.593795776367188,288.0,0.8854166666666666
75,-0.16470371633852698,1.8994899250813555,75,27.953052520751953,26.66196060180664,288.0,0.8888888888888888
76,1.2309579105536328,1.2134460957014623,76,28.795162200927734,27.39263916015625,288.0,0.8576388888888888
77,-0.18499745734275297,1.851896662970867,77,29.173938751220703,27.724002838134766,288.0,0.8159722222222222
78,-0.7437448291170996,1.9800220722297326,78,29.223709106445312,27.917335510253906,288.0,0.9166666666666666
79,-0.1648828723247456,1.8923431139445692,79,29.550086975097656,28.246212005615234,288.0,0.8645833333333334
80,-1.0662112785706346,1.8931728404651018,80,29.753904342651367,28.40774917602539,288.0,0.8819444444444444
81,-1.536104299800774,1.72635193241681,81,30.505521774291992,29.274765014648438,288.0,0.8819444444444444
82,-0.9622886298308538,1.860931401333278,82,30.317276000976562,29.011436462402344,288.0,0.90625
83,-0.41967030196270216,1.9625819287615325,83,30.655826568603516,29.380172729492188,288.0,0.8993055555555556
84,-1.1210842459577828,1.93076446452046,84,31.469758987426758,30.16161346435547,288.0,0.9131944444444444
85,-0.21293152782768898,1.911568747525424,85,32.076759338378906,30.832244873046875,288.0,0.8715277777777778
86,1.0469220984015395,1.3771351799676492,86,32.17657470703125,30.829763412475586,288.0,0.8680555555555556
87,1.072531346580641,1.3156658394543057,87,32.297813415527344,30.934844970703125,288.0,0.8888888888888888
88,-0.8034754163477715,1.9545561290698905,88,32.729068756103516,31.413362503051758,288.0,0.8993055555555556
89,-0.3252802008546158,1.9551282988071736,89,32.73238754272461,31.379650115966797,288.0,0.8888888888888888
90,1.0503506366653947,1.3692277453561874,90,33.2075080871582,31.879127502441406,288.0,0.8541666666666666
91,-0.7568589291770041,1.9539238580611396,91,34.19660949707031,33.039371490478516,288.0,0.8888888888888888
92,-1.3637457733081026,1.808590817173948,92,34.46832275390625,33.271507263183594,288.0,0.8541666666666666
93,0.8456900357189387,1.5221122504383737,93,33.98826599121094,32.783782958984375,288.0,0.8576388888888888
94,-0.866644186211713,1.8981192560369298,94,34.90306091308594,33.641998291015625,288.0,0.8645833333333334
95,0.9376640894334572,1.4690587134653608,95,35.233604431152344,33.991085052490234,288.0,0.8368055555555556
96,-1.2954645282741046,1.791098994158351,96,35.59123229980469,34.34839630126953,288.0,0.8680555555555556
97,1.3809566152454953,1.0906750159340395,97,35.55986404418945,34.28656768798828,288.0,0.8680555555555556
98,1.0334762553727117,1.4071525848994708,98,36.09947967529297,34.84684753417969,288.0,0.8819444444444444
99,1.5328951985541837,0.8586898825123923,99,36.5915641784668,35.22975540161133,288.0,0.8958333333333334
100,-0.9447324523446272,1.9207299940525353,100,37.54601287841797,36.28345489501953,288.0,0.8854166666666666
101,1.4345408325551938,1.0393888997913088,101,37.28797149658203,36.00267028808594,288.0,0.8611111111111112
102,-0.2953774121413718,2.1441909674954713,102,38.1369743347168,36.83916473388672,288.0,0.90625
103,0.6027624562781938,1.5800159298813452,103,37.68549346923828,36.43778991699219,288.0,0.90625
104,-1.5068237373754212,1.7934341155510936,104,38.090396881103516,36.95922088623047,288.0,0.8854166666666666
105,-1.5049581436042598,1.7580604720168067,105,38.483924865722656,37.418182373046875,288.0,0.8333333333333334
106,-0.8193607074535549,1.910911829041405,106,39.016258239746094,37.86899948120117,288.0,0.8090277777777778
107,-0.5663535643085726,1.9341499471249202,107,39.708351135253906,38.6012077331543,288.0,0.875
108,-1.3303791539465948,1.7545220517095226,108,39.926631927490234,38.83085632324219,288.0,0.8611111111111112
109,-1.1271299435064914,1.9146669839161559,109,39.827728271484375,38.79222869873047,288.0,0.8680555555555556
110,1.4872478711657295,0.9542450431253866,110,39.47261428833008,38.40434265136719,288.0,0.8472222222222222
111,0.031329972765520915,1.832062553851401,111,39.799400329589844,38.74967575073242,288.0,0.8263888888888888
112,-0.7900171539959219,1.9082147881777076,112,40.109718322753906,39.060401916503906,288.0,0.8506944444444444
113,1.0273387313859734,1.4149099796179716,113,40.277286529541016,39.208335876464844,288.0,0.8715277777777778
114,-0.11084963470231528,1.8884619365513453,114,41.69334030151367,40.56999206542969,288.0,0.84375
115,-0.8789703731391536,1.8740423077221209,115,42.093711853027344,41.06604766845703,288.0,0.8159722222222222
116,1.0996225650334952,1.3304003740519055,116,41.29844284057617,40.19989776611328,288.0,0.8715277777777778
117,0.22969290548506482,1.7787993563641702,117,42.066741943359375,40.88431930541992,288.0,0.8368055555555556
118,0.4601528603401193,1.738322429716674,118,41.74444580078125,40.60820770263672,288.0,0.8541666666666666
119,-0.5354486244906734,1.9141917261803083,119,42.713809967041016,41.48754119873047,288.0,0.8263888888888888
120,0.45970783942858223,1.9050643263482583,120,42.214378356933594,41.058563232421875,288.0,0.8680555555555556
121,-0.8207430517894099,1.8759690393865365,121,43.5543212890625,42.46746063232422,288.0,0.8229166666666666
122,0.6138903130855228,1.6190332444239657,122,43.655311584472656,42.54999923706055,288.0,0.875
123,1.1485502340187284,1.3127114183890838,123,44.19113540649414,43.02272033691406,288.0,0.8159722222222222
124,-0.3749037641945038,2.0881278231976648,124,44.728294372558594,43.632720947265625,288.0,0.8472222222222222
125,1.34418169360435,1.1158691861029715,125,45.50257110595703,44.35389709472656,288.0,0.8506944444444444
126,0.9629329767238115,1.4400338103968864,126,45.17000961303711,43.88679504394531,288.0,0.8229166666666666
127,1.0849103732109822,1.3082413509706603,127,45.98338317871094,44.75489807128906,288.0,0.8472222222222222
128,-0.6420604562647184,1.9163440066189041,128,46.66713333129883,45.46024703979492,288.0,0.8541666666666666
129,-1.4796190804467786,1.8101256041841847,129,45.95849609375,44.8144416809082,288.0,0.8680555555555556
130,-0.029146890937667338,2.0052491081995645,130,46.80796813964844,45.6470947265625,288.0,0.8541666666666666
131,0.953298397008931,1.415685240614295,131,47.316551208496094,46.09212112426758,288.0,0.8194444444444444
132,-1.1251576606111062,1.8673642342766972,132,46.42525100708008,45.321022033691406,288.0,0.84375
133,0.6225122858176857,1.6049943765500805,133,47.20128631591797,46.08029556274414,288.0,0.8368055555555556
134,1.0720447193185736,1.3886782005843683,134,48.02458572387695,46.86944580078125,288.0,0.8229166666666666
135,-0.6386066661865523,1.9082544699543733,135,48.66609191894531,47.565467834472656,288.0,0.8506944444444444
136,1.0275317435242164,1.3729643257666428,136,48.93326950073242,47.829368591308594,288.0,0.8472222222222222
137,-1.058394859028082,1.865518517912115,137,49.06277847290039,48.022117614746094,288.0,0.8194444444444444
138,-0.9116009846119805,1.9086083342293432,138,49.17414855957031,48.16911697387695,288.0,0.8298611111111112
139,-0.7808952019935931,1.8967003573012304,139,49.89432144165039,48.82588577270508,288.0,0.8298611111111112
140,1.2656777290526615,1.1784196095880624,140,49.58202362060547,48.474647521972656,288.0,0.8298611111111112
141,1.5083816380911896,0.9600762511681552,141,50.378021240234375,49.20256042480469,288.0,0.8229166666666666
142,-0.1359527205028825,1.8295310094306731,142,50.64516067504883,49.49506378173828,288.0,0.8159722222222222
143,-0.2354111587479892,2.0793594291103976,143,51.13764953613281,49.93872833251953,288.0,0.8784722222222222
144,-1.3295284102348017,1.7611975235855446,144,51.54133605957031,50.40259552001953,288.0,0.8298611111111112
145,1.4109439097474643,1.0464314347125137,145,52.4301643371582,51.278350830078125,288.0,0.8229166666666666
146,0.7748087218053309,1.4869970390694447,146,51.799312591552734,50.641448974609375,288.0,0.7951388888888888
147,-1.5039152682609198,1.6445953932723236,147,52.581363677978516,51.448097229003906,288.0,0.8298611111111112
148,-0.5515662340294232,1.9222899143560777,148,52.57188034057617,51.46881103515625,288.0,0.8125
149,1.0681805293668543,1.3027331449847293,149,52.15092849731445,50.98150634765625,288.0,0.8368055555555556
150,1.1440414599979407,1.2875926876609298,150,54.446285247802734,53.20033264160156,288.0,0.7361111111111112
151,-0.7519156699983838,1.9382816272431498,151,53.60825729370117,52.48473358154297,288.0,0.7847222222222222
152,-0.9093614440033877,1.8994808162374968,152,53.60370635986328,52.58387756347656,288.0,0.8125
153,1.331073851987778,1.1243191737621456,153,54.51962661743164,53.36387252807617,288.0,0.8298611111111112
154,-0.43629720553131335,1.9469912052053888,154,55.24176788330078,54.11313247680664,288.0,0.7916666666666666
155,-0.13459479229833862,2.073248321971505,155,55.364776611328125,54.2503662109375,288.0,0.8159722222222222
156,1.0202513460353444,1.3723746564845063,156,54.6025276184082,53.493675231933594,288.0,0.8055555555555556
157,-0.7657919610761467,1.9013175984263815,157,55.366416931152344,54.27114486694336,288.0,0.8194444444444444
158,-0.16967041661105378,2.004524615149164,158,55.52435302734375,54.4743537902832,288.0,0.8333333333333334
159,-1.2135628973252384,1.7957722731241117,159,55.92011642456055,54.95439147949219,288.0,0.8263888888888888
160,-0.5412459424095208,1.8730474649605662,160,54.977874755859375,54.06428527832031,288.0,0.7881944444444444
161,-0.42251817732547603,1.9505325894462426,161,55.84698486328125,54.94939422607422,288.0,0.8368055555555556
162,0.461327436105897,1.736393560085081,162,57.150516510009766,56.229225158691406,288.0,0.8090277777777778
163,-0.7639407939988586,1.8473339664563024,163,55.97182083129883,55.01835250854492,288.0,0.7986111111111112
164,0.04376413077571787,1.8491379018428735,164,56.507057189941406,55.551368713378906,288.0,0.7986111111111112
165,-1.077826050366248,1.7934983186514135,165,56.87012481689453,55.957847595214844,288.0,0.7708333333333334
166,-0.8597466277759008,1.85587435185545,166,57.584598541259766,56.718292236328125,288.0,0.8020833333333334
167,-1.4668058262067047,1.6886002058977134,167,57.36237335205078,56.555938720703125,288.0,0.7986111111111112
168,-0.13474695396027903,1.8556149667198083,168,57.3380241394043,56.55134582519531,288.0,0.8055555555555556
169,-0.13642382707753442,1.8814678290670506,169,58.32453155517578,57.506839752197266,288.0,0.8229166666666666
170,-0.5535605284156063,2.039799430924089,170,58.312965393066406,57.53214645385742,288.0,0.8055555555555556
171,-0.27105060394429575,2.0120335524964092,171,58.419010162353516,57.60889434814453,288.0,0.7881944444444444
172,1.247086248256718,1.2256416812049833,172,58.54248046875,57.70309829711914,288.0,0.7881944444444444
173,-0.9480669434351934,1.887250199400355,173,59.523765563964844,58.67195510864258,288.0,0.84375
174,-0.6052823274040833,1.8710366916867973,174,59.4941291809082,58.628238677978516,288.0,0.8020833333333334
175,-0.4433026300970278,1.8678463040082751,175,60.59154510498047,59.76939392089844,288.0,0.7847222222222222
176,-0.3866541626716524,1.8754892116798545,176,60.8974609375,60.073265075683594,288.0,0.7916666666666666
177,-0.6251348097985031,1.8406330179091952,177,59.56973648071289,58.804931640625,288.0,0.7673611111111112
178,0.3994468276455203,1.6861721877026914,178,60.62940979003906,59.8453369140625,288.0,0.7951388888888888
179,-1.2781334572742336,1.7628966906853578,179,62.1513671875,61.353858947753906,288.0,0.7604166666666666
180,-0.42597332735692617,1.9156575496915917,180,61.5484619140625,60.80823516845703,288.0,0.7916666666666666
181,-0.8421415648246771,1.880928141124256,181,61.40618133544922,60.69093322753906,288.0,0.7986111111111112
182,-0.5199444553431568,1.9013404205839104,182,61.277183532714844,60.53636169433594,288.0,0.78125
183,0.5984858497121368,1.7026688576194091,183,61.51577377319336,60.795223236083984,288.0,0.8263888888888888
184,1.4647437891745216,1.013198512658399,184,62.143585205078125,61.4594841003418,288.0,0.7847222222222222
185,-0.8253130608566885,1.9028376616643528,185,63.351070404052734,62.68081283569336,288.0,0.8055555555555556
186,-0.9088843083425662,1.8894312687421444,186,62.12835693359375,61.482574462890625,288.0,0.8333333333333334
187,-0.4029468118017406,1.866329184209885,187,61.93806838989258,61.2520751953125,288.0,0.7847222222222222
188,0.16480824041458614,1.7145129504251448,188,61.98267364501953,61.31714630126953,288.0,0.7465277777777778
189,-0.9881039768672414,1.7695357199118686,189,62.88422393798828,62.25297546386719,288.0,0.7847222222222222
190,0.15603392336310615,1.947986664209795,190,62.995689392089844,62.358787536621094,288.0,0.8090277777777778
191,0.9985110841439919,1.3775031398229045,191,62.345645904541016,61.645118713378906,288.0,0.8020833333333334
192,0.1658792572812692,2.031102115036131,192,63.243896484375,62.6334228515625,288.0,0.8298611111111112
193,-1.3813558258080465,1.674097521883463,193,63.229942321777344,62.61654281616211,288.0,0.7916666666666666
194,0.12684162960395312,1.8761126522442855,194,64.40740203857422,63.76576232910156,288.0,0.7881944444444444
195,-0.14912583980388872,1.8771484650321058,195,63.02275848388672,62.37348937988281,288.0,0.7951388888888888
196,-1.5999575385206013,1.6462658713709954,196,64.05479431152344,63.4066162109375,288.0,0.8263888888888888
197,1.1966339528919978,1.2125448005664796,197,64.36224365234375,63.733646392822266,288.0,0.7743055555555556
198,1.5599235614051514,0.8436869443389121,198,63.228729248046875,62.56250762939453,288.0,0.7986111111111112
199,-1.6017480743669334,1.6125873261686912,199,63.275203704833984,62.67314147949219,288.0,0.7916666666666666
200,1.3421967051021122,1.1320086433106067,200,63.83500289916992,63.14302444458008,288.0,0.7638888888888888
201,0.9998339870209664,1.3784294902399377,201,63.966915130615234,63.21846389770508,288.0,0.8055555555555556
202,0.9780319419124773,1.363068702888668,202,64.5430679321289,63.75285339355469,288.0,0.8125
203,-1.3402936679312711,1.7862981447014603,203,65.01991271972656,64.23583221435547,288.0,0.8125
204,-0.5329508247544273,1.9335984513384201,204,64.11982727050781,63.412628173828125,288.0,0.7951388888888888
205,-0.6483943937185097,1.8808662526786388,205,65.78660583496094,65.10122680664062,288.0,0.7743055555555556
206,-0.33087842103668275,1.8563006309990693,206,66.22322082519531,65.54776763916016,288.0,0.7361111111111112
207,-0.2200008402444173,1.870417040685505,207,65.47079467773438,64.8315200805664,288.0,0.7152777777777778
208,1.4460359471800086,1.0605299483554618,208,65.76988220214844,65.10466766357422,288.0,0.7465277777777778
209,0.962762270694048,1.4037079203586131,209,65.67745971679688,64.94047546386719,288.0,0.78125
210,-0.8698126469525391,1.8743782299430387,210,65.65730285644531,64.93993377685547,288.0,0.7534722222222222
211,-1.0122452662634254,1.8216621644521052,211,65.6365966796875,64.90489959716797,288.0,0.7743055555555556
212,-0.36363881545040233,1.9690911362031025,212,66.35845947265625,65.60409545898438,288.0,0.7881944444444444
213,-0.3404972843666314,1.8349561273314967,213,65.71884155273438,65.00177001953125,288.0,0.7638888888888888
214,0.4565797579934874,1.8064743201607172,214,67.6841812133789,66.9305419921875,288.0,0.7743055555555556
215,1.290500978173932,1.1625547946760977,215,66.51992797851562,65.69052124023438,288.0,0.7569444444444444
216,1.2032428550253935,1.2346111585268396,216,66.26295471191406,65.4000473022461,288.0,0.7256944444444444
217,-0.021368048898825116,1.9224431107516073,217,67.92666625976562,67.04822540283203,288.0,0.8090277777777778
218,-0.09846963363955731,1.9950987869616368,218,67.50631713867188,66.66716766357422,288.0,0.7708333333333334
219,1.4670082388280639,1.0123652795830225,219,69.07366943359375,68.23641967773438,288.0,0.71875
220,-0.2337818697257926,1.9119137240169273,220,68.28174591064453,67.45582580566406,288.0,0.7777777777777778
221,1.311831191444198,1.1792353614946576,221,69.65945434570312,68.83145141601562,288.0,0.75
222,-1.3775657278297722,1.739420768612955,222,68.4891128540039,67.67929077148438,288.0,0.7951388888888888
223,-0.5242582498779452,1.9073631392636714,223,68.83120727539062,68.05622863769531,288.0,0.7395833333333334
224,-1.1221813716791849,1.7964216982426067,224,69.985595703125,69.22611999511719,288.0,0.7673611111111112
225,1.170320977365709,1.2628778438234471,225,69.36895751953125,68.58808135986328,288.0,0.7951388888888888
226,-0.15811396207467965,2.0633725316468134,226,69.30382537841797,68.56668090820312,288.0,0.78125
227,-1.24816300707025,1.8065503984974105,227,70.85739135742188,70.16893005371094,288.0,0.7951388888888888
228,-1.2155717415397096,1.7527930367401923,228,70.41242980957031,69.73948669433594,288.0,0.7569444444444444
229,-1.1079886136514674,1.821842128447522,229,70.05187225341797,69.42152404785156,288.0,0.7604166666666666
230,-0.9169535300037511,1.8379335601847357,230,70.07479095458984,69.50267791748047,288.0,0.7847222222222222
231,-0.340405854494725,1.9909805546696924,231,70.60201263427734,69.99738311767578,288.0,0.7604166666666666
232,0.2925027671089508,1.7307185976242958,232,71.30723571777344,70.7175064086914,288.0,0.7430555555555556
233,0.8189470265027194,1.5212785244335862,233,70.90869140625,70.33439636230469,288.0,0.7361111111111112
234,-0.6688290210872114,1.873612615813466,234,71.49530029296875,70.92314147949219,288.0,0.7847222222222222
235,-1.0608984786602882,1.8238998157206556,235,71.81344604492188,71.2872314453125,288.0,0.7465277777777778
236,-0.18504302799207006,1.8060433977837802,236,72.0297622680664,71.536376953125,288.0,0.7222222222222222
237,0.9105244116791423,1.373182056232259,237,72.32677459716797,71.86087799072266,288.0,0.7604166666666666
238,-0.45360768128344264,1.8910491359783967,238,72.133544921875,71.67607116699219,288.0,0.7534722222222222
239,0.7294780830657472,1.521109721554752,239,72.17964172363281,71.68270874023438,288.0,0.7638888888888888
240,0.9177806619132023,1.505527516060216,240,71.62893676757812,71.11821746826172,288.0,0.6840277777777778
241,0.8813811205656682,1.4411665411656682,241,72.62240600585938,72.08270263671875,288.0,0.71875
242,0.9324433606461816,1.4483670697945243,242,72.22635650634766,71.66520690917969,288.0,0.75
243,1.117878057645381,1.3347571542401109,243,72.14115905761719,71.58407592773438,288.0,0.75
244,-0.34189787389290394,2.0879506882479975,244,73.60855865478516,73.07000732421875,288.0,0.7708333333333334
245,-1.16527067391077,1.8131475484998683,245,74.38833618164062,73.88438415527344,288.0,0.7048611111111112
246,1.1947258575840705,1.2541340104897254,246,73.66963195800781,73.18399047851562,288.0,0.7534722222222222
247,1.199180787064276,1.267810110843768,247,73.7161865234375,73.22667694091797,288.0,0.7465277777777778
248,0.8461092538668582,1.4762856819795485,248,74.28912353515625,73.77324676513672,288.0,0.7222222222222222
249,-1.5178439447090457,1.692802242825671,249,73.49851989746094,73.0162582397461,288.0,0.7708333333333334
250,0.40100612760310483,1.882077074246901,250,74.39976501464844,73.9453125,288.0,0.6805555555555556
251,1.1597525760198357,1.3075624725207187,251,74.53376770019531,74.08393859863281,288.0,0.6875
252,-0.9691621907411105,1.8683255852199698,252,73.85281372070312,73.42945861816406,288.0,0.7673611111111112
253,-1.3372711740827536,1.71999680161265,253,73.27900695800781,72.88017272949219,288.0,0.7222222222222222
254,-0.1646009925509768,2.0318831805177235,254,74.42861938476562,74.0573959350586,288.0,0.7708333333333334
255,-1.2162889825724945,1.7198352794233807,255,73.5252685546875,73.18482971191406,288.0,0.7152777777777778
256,-0.7157975552979408,1.8773707317046084,256,73.95049285888672,73.65010070800781,288.0,0.7222222222222222
257,1.3779080514890611,1.0630831939629761,257,73.9953384399414,73.70030212402344,288.0,0.7534722222222222
258,0.9715455419186186,1.3974761458673242,258,74.0333480834961,73.72061920166016,288.0,0.7222222222222222
259,-0.7020810790784328,1.8962255271626827,259,74.88591766357422,74.5623779296875,288.0,0.7673611111111112
260,1.2533481968334346,1.2144297271346471,260,75.12300109863281,74.80014038085938,288.0,0.7465277777777778
261,1.357594989022055,1.132232554559006,261,75.20571899414062,74.85838317871094,288.0,0.7395833333333334
262,-1.4346384209637792,1.6783443065291639,262,74.9735107421875,74.62689971923828,288.0,0.7326388888888888
263,0.07358798039282721,1.9842832179289032,263,75.12382507324219,74.78084564208984,288.0,0.6875
264,1.2166910464138787,1.2075746793619948,264,75.0450210571289,74.693359375,288.0,0.7291666666666666
265,-0.6426971324708712,1.8655314807710113,265,75.41768646240234,75.06847381591797,288.0,0.7361111111111112
266,-0.36397358589893347,1.8641768001776833,266,75.97039794921875,75.63356018066406,288.0,0.7465277777777778
267,1.2144911803918528,1.266627938281381,267,76.12529754638672,75.78712463378906,288.0,0.7430555555555556
268,0.501107943141333,1.6749438067726479,268,76.2340316772461,75.89295196533203,288.0,0.7847222222222222
269,0.9796460223152188,1.4433640216262453,269,76.6355972290039,76.29747772216797,288.0,0.7604166666666666
270,0.8093725733585314,1.4705767201527575,270,77.2437515258789,76.90213012695312,288.0,0.7569444444444444
271,1.6095572037506833,0.8484740941836397,271,77.07487487792969,76.73202514648438,288.0,0.71875
272,-1.1165321810859443,1.7397008410338515,272,78.06294250488281,77.72250366210938,288.0,0.71875
273,-0.08215885857768576,1.8420498288704337,273,76.6622314453125,76.33198547363281,288.0,0.7708333333333334
274,1.1131768778273419,1.3407975332557016,274,78.38096618652344,78.05476379394531,288.0,0.7083333333333334
275,-0.5385432231405693,1.8759463278864787,275,77.87654113769531,77.56647491455078,288.0,0.7083333333333334
276,-0.47160486750486047,1.8723486289188986,276,76.37133026123047,76.07646179199219,288.0,0.7326388888888888
277,-0.4836278438482064,1.871871629108158,277,77.30435180664062,77.0267562866211,288.0,0.6875
278,-0.07811235373973752,1.8853090306782956,278,76.47563171386719,76.2190170288086,288.0,0.7013888888888888
279,-0.20287012653150474,1.8662240446276115,279,76.00701141357422,75.76361083984375,288.0,0.7638888888888888
280,1.3472404668202893,1.1388435214346913,280,77.70973205566406,77.46829986572266,288.0,0.7256944444444444
281,0.9475833869979636,1.3774325163407395,281,76.57139587402344,76.33528137207031,288.0,0.6631944444444444
282,-0.5707715060727777,1.8692986820204938,282,76.96147918701172,76.73462677001953,288.0,0.6944444444444444
283,-0.9819873610417721,1.8269323287338386,283,76.90727233886719,76.69017028808594,288.0,0.7083333333333334
284,-0.5013506273081786,1.9363225360881853,284,76.76565551757812,76.55516815185547,288.0,0.7604166666666666
285,0.06767681848312475,1.9147138202140486,285,77.6378402709961,77.43435668945312,288.0,0.6458333333333334
286,1.1374869097943225,1.3040032910310029,286,76.79945373535156,76.60763549804688,288.0,0.6944444444444444
287,-0.4910834093523091,1.9092711418043906,287,76.97834777832031,76.79651641845703,288.0,0.7291666666666666
288,0.147417261598083,1.7855761463254132,288,76.62532043457031,76.45023345947266,288.0,0.7152777777777778
289,-0.6578539630631455,1.886364451143756,289,77.60234832763672,77.42475891113281,288.0,0.7222222222222222
290,-0.6609391937019784,1.879094822260036,290,77.49546813964844,77.31971740722656,288.0,0.7118055555555556
291,-0.22486566240534472,1.8391737642626746,291,77.635498046875,77.46280670166016,288.0,0.7326388888888888
292,-0.28234933322184147,2.0391591166039142,292,77.76386260986328,77.5938949584961,288.0,0.7569444444444444
293,-0.11254546258715553,2.0580660911508626,293,76.95402526855469,76.78701782226562,288.0,0.7326388888888888
294,-0.14019234430878555,1.8369958628626901,294,77.09294128417969,76.92167663574219,288.0,0.6875
295,1.234980562137286,1.2331391521331576,295,76.70237731933594,76.53559112548828,288.0,0.6840277777777778
296,-0.44705275638187936,1.8788932179460134,296,77.8469467163086,77.68680572509766,288.0,0.71875
297,1.1390164877890223,1.2850068359510467,297,77.1366195678711,76.97976684570312,288.0,0.7291666666666666
298,1.3568165736589695,1.0940716298743174,298,78.07514953613281,77.91651916503906,288.0,0.7152777777777778
299,-0.4846719089680087,1.8998930428084422,299,77.01172637939453,76.86067199707031,288.0,0.7465277777777778
300,0.9766260565145062,1.3929725002489395,300,76.76609802246094,76.6162109375,288.0,0.6805555555555556
301,0.7166776507619386,1.6226648962833161,301,77.72732543945312,77.57928466796875,288.0,0.7291666666666666
302,-0.022892135182069475,1.939303592789195,302,78.19058227539062,78.05000305175781,288.0,0.7152777777777778
303,-0.8150400089747217,1.8406757745726932,303,77.63804626464844,77.50393676757812,288.0,0.7465277777777778
304,0.5408890160445843,1.6590002705473945,304,77.31965637207031,77.1915512084961,288.0,0.6875
305,-0.4439048597081688,1.8881377805308515,305,77.67645263671875,77.55656433105469,288.0,0.7048611111111112
306,1.5692809742273022,0.8490551397388548,306,77.67819213867188,77.5633544921875,288.0,0.6944444444444444
307,1.0133624583633258,1.3667931455976856,307,77.79508972167969,77.68217468261719,288.0,0.7256944444444444
308,-0.17469278746992473,1.9369435114094917,308,77.1352767944336,77.02392578125,288.0,0.71875
309,-0.3954508761286639,1.817241724500268,309,78.47835540771484,78.37046813964844,288.0,0.6979166666666666
310,0.0008872075656772714,1.9206435873177035,310,77.72755432128906,77.62130737304688,288.0,0.7256944444444444
311,-0.8125885071789889,1.8696164587086717,311,78.18534851074219,78.08124542236328,288.0,0.7326388888888888
312,-1.1518864343633106,1.7144682079334923,312,78.2777099609375,78.17591094970703,288.0,0.6736111111111112
313,-0.37847357894027334,1.8923086630551134,313,77.73491668701172,77.63397216796875,288.0,0.6909722222222222
314,-0.7368478258840246,1.8109742318591346,314,78.63829040527344,78.53986358642578,288.0,0.6944444444444444
315,-0.5881935125963067,1.8201369264488187,315,78.09266662597656,77.99678802490234,288.0,0.6597222222222222
316,1.49798962876871,0.9662639414915687,316,77.62803649902344,77.53614807128906,288.0,0.6805555555555556
317,-0.24309148897469188,1.8758417293455676,317,77.73880767822266,77.6500244140625,288.0,0.7118055555555556
318,-0.3182839009980726,1.8056732225979648,318,77.39778137207031,77.30986022949219,288.0,0.7013888888888888
319,1.2805007858103035,1.126687178540203,319,79.08641815185547,78.99822998046875,288.0,0.7152777777777778
320,0.0588227421435744,1.9756977784958185,320,78.10760498046875,78.01969909667969,288.0,0.6979166666666666
321,-1.1427835411203402,1.7327897672881898,321,78.02494049072266,77.93946838378906,288.0,0.6944444444444444
322,-0.8136536279744033,1.8239763066110908,322,78.00604248046875,77.92372131347656,288.0,0.6458333333333334
323,-0.857849733797771,1.8699062730348701,323,78.05060577392578,77.97327423095703,288.0,0.6909722222222222
324,-0.12490509263124745,1.8601554996034708,324,78.02677917480469,77.95240783691406,288.0,0.6527777777777778
325,-0.9884426721708581,1.785475756987853,325,77.2896728515625,77.21841430664062,288.0,0.6423611111111112
326,-0.33852355651881433,1.8098484014811975,326,78.37393951416016,78.30404663085938,288.0,0.6736111111111112
327,0.031724191585031286,1.818143144328087,327,77.88959503173828,77.82427978515625,288.0,0.6944444444444444
328,-0.3409754223705519,1.7761434095756448,328,77.26673889160156,77.20442199707031,288.0,0.6701388888888888
329,0.004254263600854458,1.9757548245407917,329,77.36264038085938,77.30542755126953,288.0,0.7152777777777778
330,1.6897692317172366,0.6678633448966169,330,77.931884765625,77.87628173828125,288.0,0.6875
331,0.7038220353356025,1.5944793207596324,331,77.84780883789062,77.79154968261719,288.0,0.6388888888888888
332,0.6801311773311846,1.6369518129564284,332,77.38780212402344,77.3334732055664,288.0,0.7291666666666666
333,-0.4491111079560171,1.8765685866485664,333,77.34510803222656,77.29170989990234,288.0,0.6805555555555556
334,0.009789018376785918,2.028880002830921,334,77.57290649414062,77.52166748046875,288.0,0.6701388888888888
335,-1.0274433481545162,1.6671623846079997,335,77.75260162353516,77.70291137695312,288.0,0.6631944444444444
336,-0.3287314478245915,1.865705325833578,336,77.00778198242188,76.96067810058594,288.0,0.6215277777777778
337,0.4222542666995836,1.7611429507023961,337,77.59275817871094,77.54649353027344,288.0,0.6875
338,1.2711646915574955,1.195867720760655,338,77.32319641113281,77.27581787109375,288.0,0.6493055555555556
339,-0.1629172634372557,1.9459423709596224,339,77.42137908935547,77.37377166748047,288.0,0.6770833333333334
340,-0.49226466996500584,1.7757544862168886,340,77.26139068603516,77.21478271484375,288.0,0.6840277777777778
341,-0.42600001992937486,1.8157187169771891,341,77.2874755859375,77.24066162109375,288.0,0.6527777777777778
342,1.1805948944558804,1.268701448618871,342,77.21127319335938,77.16554260253906,288.0,0.6631944444444444
343,0.11396927280428838,1.9422001932160182,343,77.48484802246094,77.44051361083984,288.0,0.6770833333333334
344,1.1773961107512478,1.22517771545232,344,77.37759399414062,77.33419799804688,288.0,0.65625
345,-0.5323416789191664,1.8758877018476043,345,76.79673767089844,76.75425720214844,288.0,0.6319444444444444
346,1.2280903031470665,1.2223786717050449,346,78.13322448730469,78.08953857421875,288.0,0.7013888888888888
347,-0.4951496369358692,1.805235020582794,347,76.765380859375,76.72236633300781,288.0,0.7083333333333334
348,-0.2924025475683434,1.7376036162360315,348,77.49019622802734,77.44683837890625,288.0,0.65625
349,-0.8202442465622405,1.7114531779844966,349,77.00187683105469,76.96044921875,288.0,0.6701388888888888
350,-0.6144377181684239,1.79859490522335,350,76.53538513183594,76.49530029296875,288.0,0.6875
351,0.9888484268556174,1.4348689774427588,351,77.14552307128906,77.10505676269531,288.0,0.6736111111111112
352,-0.527211946740922,1.8552928305214862,352,77.86419677734375,77.82272338867188,288.0,0.6770833333333334
353,1.14773632337704,1.2962682193950457,353,77.18782043457031,77.1469497680664,288.0,0.7291666666666666
354,-1.2961654571067702,1.6638280623634918,354,76.81344604492188,76.77444458007812,288.0,0.6701388888888888
355,0.3396235533529151,1.7053300670729692,355,77.42593383789062,77.38706970214844,288.0,0.6388888888888888
356,-0.22685745254016798,1.8037193590205323,356,76.79974365234375,76.76066589355469,288.0,0.6770833333333334
357,1.1913988317813222,1.242226926235983,357,77.73756408691406,77.69927978515625,288.0,0.6736111111111112
358,1.3544811143438567,1.129968918556063,358,77.48292541503906,77.44294738769531,288.0,0.65625
359,-0.4355614538552386,1.9128240166838977,359,77.7265625,77.68544006347656,288.0,0.65625
360,-0.44407894628055317,1.8275095543451887,360,77.03983306884766,77.00019836425781,288.0,0.6701388888888888
361,0.31662773973328157,1.6965663999458473,361,77.93170166015625,77.8909683227539,288.0,0.6840277777777778
362,1.5276449576092597,0.9817746162224296,362,77.14828491210938,77.108642578125,288.0,0.6597222222222222
363,-0.015582861491040267,1.8128978847389086,363,77.73922729492188,77.69813537597656,288.0,0.6701388888888888
364,-0.9662101942668594,1.7558039900313456,364,76.75347137451172,76.71389770507812,288.0,0.6354166666666666
365,1.1790797806114803,1.287944982790336,365,77.04253387451172,77.00186157226562,288.0,0.6527777777777778
366,1.369800040830756,1.1222122349389525,366,78.04943084716797,78.00867462158203,288.0,0.6388888888888888
367,0.1700705132836984,1.733378898317417,367,75.79466247558594,75.75506591796875,288.0,0.6736111111111112
368,-0.29893233843531847,1.8111655775823374,368,77.32142639160156,77.2811279296875,288.0,0.6875
369,0.5002989365824776,1.607419077146285,369,77.21131896972656,77.17146301269531,288.0,0.6770833333333334
370,-0.4414548815410328,1.8157411468807827,370,76.99858093261719,76.95901489257812,288.0,0.6875
371,1.3156249452076823,1.1402525594416046,371,77.2515869140625,77.21177673339844,288.0,0.7048611111111112
372,0.549674185745202,1.5956815490637684,372,77.59956359863281,77.55990600585938,288.0,0.6979166666666666
373,-0.6220507093696922,1.8319545526988308,373,77.08500671386719,77.04580688476562,288.0,0.6701388888888888
374,1.1081547991282343,1.3298859677498915,374,77.85574340820312,77.81723022460938,288.0,0.6388888888888888
375,1.227681937085245,1.2368247501407377,375,77.9228515625,77.8837890625,288.0,0.6770833333333334
376,-0.7785577284909702,1.8472283050047458,376,77.24120330810547,77.2025146484375,288.0,0.6944444444444444
377,1.383583359871686,1.1112836788543738,377,76.879150390625,76.84056091308594,288.0,0.6527777777777778
378,1.5096412959215388,0.954945219514244,378,76.99446105957031,76.955078125,288.0,0.6527777777777778
379,1.2043027064422798,1.2580936046648934,379,77.19283294677734,77.15367126464844,288.0,0.5902777777777778
380,-0.9093141989208982,1.7818417994541482,380,78.13478088378906,78.09527587890625,288.0,0.6388888888888888
381,1.197155738928597,1.2544518999763024,381,78.03590393066406,77.99742126464844,288.0,0.6840277777777778
382,1.1370427050360474,1.3189671085429975,382,78.46315002441406,78.42341613769531,288.0,0.6180555555555556
383,0.4707429299198813,1.579108290183626,383,77.86762237548828,77.8284912109375,288.0,0.6423611111111112
384,1.1050495010388128,1.3188843162350634,384,78.61945343017578,78.57998657226562,288.0,0.6840277777777778
385,0.015650265722820775,1.7550741620345887,385,77.40596008300781,77.36715698242188,288.0,0.65625
386,0.007068552334999367,1.8528613512645506,386,77.6386947631836,77.5992660522461,288.0,0.6979166666666666
387,0.29850611433212937,1.6923194519036622,387,78.19515991210938,78.15580749511719,288.0,0.6145833333333334
388,-0.1755396462736107,1.7777807863997426,388,76.87199401855469,76.83427429199219,288.0,0.625
389,-0.5415595452636904,1.7782264972505493,389,77.58219909667969,77.54347229003906,288.0,0.625
390,-0.30653339084547115,1.8852012224854306,390,77.3144760131836,77.27669525146484,288.0,0.6354166666666666
391,-0.3928649933093355,1.890640051585492,391,77.41905212402344,77.38017272949219,288.0,0.6527777777777778
392,-0.8802207696535846,1.7399016834405445,392,76.85182189941406,76.81444549560547,288.0,0.6284722222222222
393,1.204217468106093,1.2328634946406942,393,76.81587219238281,76.77828216552734,288.0,0.6388888888888888
394,0.5517301193582305,1.6928558514391083,394,77.10890197753906,77.0714111328125,288.0,0.6388888888888888
395,-0.3281991223895995,1.89017257491913,395,77.23471069335938,77.19701385498047,288.0,0.6597222222222222
396,1.202230454986353,1.249859086249241,396,77.23377990722656,77.19664001464844,288.0,0.6875
397,1.1802552687479417,1.3053479751201353,397,78.79005432128906,78.75231170654297,288.0,0.6076388888888888
398,-0.26811236127856686,1.8528754143572006,398,78.03285217285156,77.99397277832031,288.0,0.65625
399,0.8413852948092282,1.4885101949035862,399,78.50943756103516,78.47102355957031,288.0,0.6388888888888888
400,1.1502957610376672,1.2655244659652019,400,78.08082580566406,78.04203033447266,288.0,0.6840277777777778
401,-0.2658150144517138,1.8349721677299942,401,77.02751159667969,76.98934936523438,288.0,0.6145833333333334
402,1.2236712284154498,1.222597988900705,402,77.39604949951172,77.358154296875,288.0,0.6423611111111112
403,0.35907881407010284,1.730753809553765,403,77.68118286132812,77.6436767578125,288.0,0.59375
404,1.2989546114897257,1.1413418276925114,404,78.8122787475586,78.77423858642578,288.0,0.5972222222222222
405,1.1793059625124647,1.2377865018845253,405,78.26409912109375,78.22635650634766,288.0,0.59375
406,1.446865483735678,1.0079202331190236,406,77.66980743408203,77.63204193115234,288.0,0.6006944444444444
407,0.16107775523722193,1.7444509742978211,407,78.10408020019531,78.06535339355469,288.0,0.6006944444444444
408,0.6604120966364184,1.4971236696394183,408,77.61833190917969,77.58021545410156,288.0,0.6284722222222222
409,-0.042513078771542374,1.7994969482341612,409,77.17581176757812,77.13859558105469,288.0,0.6145833333333334
410,0.7452037160653426,1.5749044339413767,410,77.63137817382812,77.59371948242188,288.0,0.7256944444444444
411,-0.10665850583712588,1.8258814447582883,411,77.558837890625,77.52183532714844,288.0,0.6284722222222222
412,-0.3790953214386908,1.7818419347335959,412,77.35387420654297,77.31703186035156,288.0,0.5729166666666666
413,-0.6980097622840038,1.8008516564581254,413,77.36869812011719,77.3319091796875,288.0,0.6319444444444444
414,-0.3753732272964308,1.8347468132865334,414,77.59893798828125,77.56231689453125,288.0,0.6006944444444444
415,-0.0728284938819498,1.8465481323717075,415,77.3861083984375,77.34904479980469,288.0,0.6076388888888888
416,1.3536351191629894,1.153395660846424,416,77.48755645751953,77.45025634765625,288.0,0.5972222222222222
417,1.0726794223031122,1.3531307853589747,417,77.86158752441406,77.82501220703125,288.0,0.6631944444444444
418,-1.0264996994948354,1.721227188926416,418,76.88349151611328,76.84720611572266,288.0,0.6215277777777778
419,0.599459797977848,1.6293981187079232,419,78.39569091796875,78.35983276367188,288.0,0.6111111111111112
420,-0.4924806441759641,1.8070364484164918,420,77.3165283203125,77.28012084960938,288.0,0.6284722222222222
421,0.02016479214645021,1.8017320923399982,421,77.6825942993164,77.64582824707031,288.0,0.6215277777777778
422,-0.8484500106466452,1.7462462001738954,422,77.99462890625,77.95877075195312,288.0,0.6423611111111112
423,0.5591433065174021,1.6203923031526888,423,78.04893493652344,78.01173400878906,288.0,0.5659722222222222
424,-0.4130330099116057,1.7423940801103248,424,77.22918701171875,77.1929931640625,288.0,0.6388888888888888
425,1.2493709173205305,1.2111283635496686,425,78.81666564941406,78.77935028076172,288.0,0.6597222222222222
426,-1.0282870307996856,1.694418547828173,426,78.10325622558594,78.06680297851562,288.0,0.59375
427,1.352080553009405,1.114852927908346,427,78.25479125976562,78.2169189453125,288.0,0.6215277777777778
428,0.3931020274749197,1.7534104862819813,428,78.16493225097656,78.12812805175781,288.0,0.6215277777777778
429,1.281112381970385,1.1656340955940718,429,78.00173950195312,77.96524047851562,288.0,0.6180555555555556
430,0.3538634614486822,1.673423294608335,430,78.01156616210938,77.97459411621094,288.0,0.6180555555555556
431,-0.5172373890423425,1.7990162937278602,431,77.1242904663086,77.0875015258789,288.0,0.5868055555555556
432,-0.20665446419236747,1.8312621886232474,432,77.9031982421875,77.86553955078125,288.0,0.6215277777777778
433,0.2627501861103335,1.7527891733221812,433,77.39515686035156,77.35848236083984,288.0,0.5798611111111112
434,0.8321180980735468,1.5826503138170946,434,77.50518035888672,77.46847534179688,288.0,0.6111111111111112
435,0.9968437852107654,1.3992481708752282,435,77.21681213378906,77.18046569824219,288.0,0.6180555555555556
436,-0.047940899389613295,1.7176098753947189,436,77.30982208251953,77.2732162475586,288.0,0.6180555555555556
437,-0.6590818311491938,1.788877021641099,437,77.2313232421875,77.19512939453125,288.0,0.6041666666666666
438,1.1943504954330129,1.2592472133072952,438,78.29607391357422,78.2591323852539,288.0,0.6076388888888888
439,-0.8009394711961617,1.7973873787002281,439,76.89024353027344,76.85396575927734,288.0,0.6215277777777778
440,1.0185071166573134,1.3593104833592122,440,78.07583618164062,78.0390853881836,288.0,0.6145833333333334
441,0.049053245206250456,1.7175241847623686,441,77.22486877441406,77.18879699707031,288.0,0.5729166666666666
442,-0.4794708577638686,1.804454381612221,442,77.37041473388672,77.33497619628906,288.0,0.5798611111111112
443,-0.03400414574143598,1.9379163712310135,443,78.01838684082031,77.98261260986328,288.0,0.5902777777777778
444,-0.3708839944929399,1.7978154255974503,444,77.09393310546875,77.05835723876953,288.0,0.6423611111111112
445,0.2639275207420089,1.7340676831799218,445,77.35115051269531,77.3153076171875,288.0,0.6597222222222222
446,0.16436832560601922,1.8884399406234804,446,77.17149353027344,77.13568115234375,288.0,0.6145833333333334
447,-0.4401532179521832,1.7374361244474759,447,77.78465270996094,77.74900817871094,288.0,0.5972222222222222
448,1.5311668711875326,0.9728798038954476,448,77.7402114868164,77.70440673828125,288.0,0.5833333333333334
449,1.7184339117172864,0.5675752640985225,449,77.57113647460938,77.53478240966797,288.0,0.6354166666666666
450,0.13772962543942827,1.8927515710021336,450,76.61622619628906,76.57975006103516,288.0,0.5798611111111112
451,-0.6623065070757336,1.678800473235498,451,77.56171417236328,77.52638244628906,288.0,0.6006944444444444
452,0.3158183703353196,1.7308510256831584,452,78.04218292236328,78.00611114501953,288.0,0.6006944444444444
453,-0.07061457607545221,1.7747442905673765,453,77.83486938476562,77.79827117919922,288.0,0.6284722222222222
454,0.740182396596522,1.670081823231798,454,77.9845962524414,77.94819641113281,288.0,0.5625
455,1.2208611322942986,1.213217926323944,455,77.65679931640625,77.62071990966797,288.0,0.6076388888888888
456,-0.8625914917883816,1.7812274023972086,456,77.75666046142578,77.72029113769531,288.0,0.6006944444444444
457,0.48741723916818813,1.681297791696929,457,76.83749389648438,76.80166625976562,288.0,0.5625
458,-0.09137114311526989,1.7603057091184502,458,76.66297912597656,76.62693786621094,288.0,0.6076388888888888
459,1.3140277982358293,1.1735364102247603,459,77.26163482666016,77.225341796875,288.0,0.5347222222222222
460,-0.22080331808145545,1.756235476652207,460,76.59449768066406,76.55855560302734,288.0,0.5868055555555556
461,-0.32597778113901066,1.8430850062811583,461,77.23643493652344,77.20027160644531,288.0,0.6319444444444444
462,0.07208166474830918,1.9583245840271095,462,77.69969177246094,77.66458892822266,288.0,0.625
463,1.212203564883299,1.207864955021806,463,77.43624114990234,77.4004898071289,288.0,0.5798611111111112
464,-0.11855729691550065,1.7931974235712491,464,78.06282043457031,78.02609252929688,288.0,0.5729166666666666
465,-0.47837206510038055,1.8178241852717094,465,77.50294494628906,77.4666519165039,288.0,0.625
466,-0.2364804224935966,1.8316305296050068,466,77.24449920654297,77.20802307128906,288.0,0.5833333333333334
467,0.16236316526575323,1.9579249814529593,467,77.93959045410156,77.90200805664062,288.0,0.625
468,-0.9096356739368603,1.6982895027157874,468,77.72836303710938,77.69175720214844,288.0,0.6041666666666666
469,0.6629884480875595,1.7075837705926094,469,76.4576644897461,76.42176055908203,288.0,0.5972222222222222
470,1.3724318477078326,1.1351842606191271,470,77.31169128417969,77.27542114257812,288.0,0.5972222222222222
471,1.3499696754439208,1.160839743751192,471,77.14707946777344,77.11003112792969,288.0,0.6076388888888888
472,1.6206931852756028,0.8529316190383024,472,76.93417358398438,76.8978042602539,288.0,0.5347222222222222
473,1.3175660832104485,1.161261056754042,473,79.1181640625,79.08041381835938,288.0,0.5625
474,-0.835841977915257,1.7510363410426475,474,77.79224395751953,77.75498962402344,288.0,0.6215277777777778
475,0.5523196689973366,1.6787169125100088,475,77.35707092285156,77.32007598876953,288.0,0.5763888888888888
476,0.0893560446869565,1.8023987124229626,476,77.75009155273438,77.71296691894531,288.0,0.5833333333333334
477,0.3367978982053482,1.6655089658391782,477,77.63085174560547,77.5936279296875,288.0,0.5659722222222222
478,-0.0302348125950882,1.9077223310388476,478,77.18869018554688,77.15171813964844,288.0,0.6631944444444444
479,1.255841930488863,1.219194164260982,479,78.20957946777344,78.17180633544922,288.0,0.5972222222222222
480,1.133896217319001,1.297315520032915,480,78.18598937988281,78.14852905273438,288.0,0.6076388888888888
481,1.1175341116511261,1.3400615185671811,481,78.36717224121094,78.32994079589844,288.0,0.6111111111111112
482,1.5439096296561412,0.9261717309305566,482,78.64920806884766,78.61076354980469,288.0,0.5486111111111112
483,1.6176780218817686,0.831366507521988,483,78.47779846191406,78.43963623046875,288.0,0.5798611111111112
484,-0.22744039741783947,1.8492484702250935,484,77.07284545898438,77.03569030761719,288.0,0.6319444444444444
485,0.002727719775094068,1.7688813000767516,485,78.08444213867188,78.04671478271484,288.0,0.6006944444444444
486,0.15321939389748832,1.7340736623884268,486,78.24856567382812,78.21096801757812,288.0,0.5833333333333334
487,1.3225092274058143,1.135729144561491,487,78.06438446044922,78.02655792236328,288.0,0.6076388888888888
488,0.11708199899621875,1.7974837935760128,488,77.80168151855469,77.763671875,288.0,0.5625
489,0.19544888398604618,1.8931354300675332,489,78.94813537597656,78.91019439697266,288.0,0.6041666666666666
490,-0.541630450768052,1.734579347665936,490,77.62113952636719,77.58427429199219,288.0,0.5798611111111112
491,1.0668151065885962,1.3569162738069347,491,78.96896362304688,78.93167877197266,288.0,0.5694444444444444
492,-0.22576074759762033,1.8469290298041154,492,78.31288146972656,78.27574157714844,288.0,0.6006944444444444
493,0.2230424961324498,1.796371563965109,493,78.349609375,78.31248474121094,288.0,0.5555555555555556
494,1.2233208949800651,1.2018700275983965,494,77.96305847167969,77.92611694335938,288.0,0.5590277777777778
495,-0.06548656847336737,1.8490671287927085,495,78.53736877441406,78.50102233886719,288.0,0.6006944444444444
496,0.13056673244673872,1.8174524307189373,496,78.93023681640625,78.89283752441406,288.0,0.5486111111111112
497,-0.5601815416748562,1.8482321039942953,497,78.69422149658203,78.65708923339844,288.0,0.59375
498,0.926515299245914,1.486589052453018,498,78.61822509765625,78.58099365234375,288.0,0.5694444444444444
499,0.0856482251156049,1.7055375249553713,499,79.10335540771484,79.06657409667969,288.0,0.5694444444444444
500,0.6651607022680978,1.5610839583248755,500,78.0889663696289,78.05270385742188,288.0,0.5902777777777778
501,-0.37069746079938437,1.7527973662837377,501,77.2023696899414,77.16587829589844,288.0,0.5763888888888888
502,0.5712871372738283,1.6020690118793475,502,77.68756866455078,77.64996337890625,288.0,0.6006944444444444
503,1.5613705623085976,0.8967305531610354,503,78.44932556152344,78.41255187988281,288.0,0.5347222222222222
504,1.187806405145725,1.2675902809510196,504,78.74067687988281,78.702880859375,288.0,0.5381944444444444
505,1.3436536905681635,1.1471500861528778,505,77.8607406616211,77.82424926757812,288.0,0.5347222222222222
506,0.2725786384873147,1.7940207255229392,506,77.15274810791016,77.1160888671875,288.0,0.5798611111111112
507,-0.780455799865904,1.6418827948653578,507,78.1470947265625,78.10990905761719,288.0,0.5451388888888888
508,0.37017751907244717,1.6838580139166792,508,78.13455200195312,78.09727478027344,288.0,0.6111111111111112
509,-0.06855346815225039,1.7259122352577931,509,78.16622924804688,78.12980651855469,288.0,0.5243055555555556
510,1.2954107165155442,1.173720701006954,510,77.66632843017578,77.62979125976562,288.0,0.5451388888888888
511,0.5169493437541445,1.5849438151129465,511,79.1543197631836,79.11752319335938,288.0,0.5520833333333334
512,0.2240847644719143,1.7393635741628508,512,78.58747863769531,78.55018615722656,288.0,0.6041666666666666
513,0.568147395760896,1.750445084588683,513,78.02772521972656,77.99098205566406,288.0,0.5625
514,1.010450803981836,1.403412678527542,514,77.25584411621094,77.21961212158203,288.0,0.5486111111111112
515,1.3079779015468198,1.1798379717179956,515,77.12841796875,77.09111022949219,288.0,0.5833333333333334
516,-0.14130062093718007,1.7719643016834004,516,76.79350280761719,76.75758361816406,288.0,0.5833333333333334
517,1.2962304108584173,1.1903674360905914,517,77.58138275146484,77.54437255859375,288.0,0.5729166666666666
518,0.7436080734428318,1.4908702642971459,518,77.80036163330078,77.76370239257812,288.0,0.59375
519,1.0971763442604414,1.3960123400087021,519,77.20072937011719,77.164306640625,288.0,0.5833333333333334
520,1.3308209219187845,1.139497568778157,520,78.00566101074219,77.96854400634766,288.0,0.6006944444444444
521,0.31023265779165954,1.7624640377754173,521,78.0489730834961,78.01155090332031,288.0,0.5555555555555556
522,0.18766500846950762,1.797474208744953,522,77.91627502441406,77.88006591796875,288.0,0.6180555555555556
523,-0.04121294609226508,1.7378506548351391,523,78.55021667480469,78.51409912109375,288.0,0.5381944444444444
524,1.400511064060336,1.0694739715751667,524,78.7054443359375,78.66815185546875,288.0,0.5868055555555556
525,-0.03653847316071622,1.796064956975632,525,78.17732238769531,78.14082336425781,288.0,0.5729166666666666
526,0.08838698911629667,1.7919771706647145,526,77.90310668945312,77.86654663085938,288.0,0.5659722222222222
527,1.0298839909476551,1.3527051246470594,527,78.19987487792969,78.16352844238281,288.0,0.5972222222222222
528,0.2991228939965807,1.761331492365086,528,77.93533325195312,77.89916229248047,288.0,0.5381944444444444
529,-0.5193872782871471,1.7213787643015068,529,76.50682067871094,76.47010803222656,288.0,0.5416666666666666
530,-1.1655917226705248,1.6751113766060048,530,77.96644592285156,77.92990112304688,288.0,0.6215277777777778
531,-0.2723857973615739,1.8141029257776355,531,78.00305938720703,77.96617126464844,288.0,0.5625
532,0.6452472359876377,1.5132490320211052,532,77.55535125732422,77.51895141601562,288.0,0.5798611111111112
533,0.31285285716147215,1.7092074657842884,533,77.45932006835938,77.4234619140625,288.0,0.5833333333333334
534,0.3154650437712788,1.6699721080424854,534,77.85504913330078,77.81886291503906,288.0,0.5451388888888888
535,0.06702491075714459,1.6572852542918857,535,78.02018737792969,77.98394012451172,288.0,0.5104166666666666
536,0.4177563666940117,1.6501537363646017,536,77.32330322265625,77.28643798828125,288.0,0.5590277777777778
537,1.0125060582106986,1.4345853283179608,537,77.53630828857422,77.49945068359375,288.0,0.5833333333333334
538,0.0765355834260446,1.7563380405313929,538,78.1193618774414,78.08335876464844,288.0,0.5069444444444444
539,1.7214851646503802,0.6491133565847886,539,77.71498107910156,77.67926025390625,288.0,0.5416666666666666
540,0.22151732015874406,1.8439917061535933,540,77.381103515625,77.345458984375,288.0,0.5694444444444444
541,0.13541136318854965,1.8503650066817612,541,77.08143615722656,77.04512023925781,288.0,0.5763888888888888
542,1.4921275042815898,1.0039650445609805,542,76.96490478515625,76.92816925048828,288.0,0.5486111111111112
543,0.4373592493591308,1.6273643146028036,543,76.00164794921875,75.965087890625,288.0,0.4930555555555556
544,1.3685887732838482,1.141302657384479,544,77.23602294921875,77.19917297363281,288.0,0.5763888888888888
545,-0.16820159927252293,1.7456293786997668,545,76.8879623413086,76.85079956054688,288.0,0.5520833333333334
546,1.3869438545451243,1.0950940004465008,546,76.55894470214844,76.5224609375,288.0,0.5347222222222222
547,1.5333690469625851,0.9458610377191915,547,76.90562438964844,76.86881256103516,288.0,0.5520833333333334
548,0.4330326627239758,1.6690745813228565,548,76.77054595947266,76.73377990722656,288.0,0.5902777777777778
549,1.356352587782639,1.1511814879236257,549,77.53550720214844,77.4992446899414,288.0,0.5347222222222222
550,0.5985790280027665,1.5628452739062264,550,76.99041748046875,76.95355224609375,288.0,0.5659722222222222
551,0.11132658271422456,1.749326485228455,551,77.44078826904297,77.40442657470703,288.0,0.5347222222222222
552,1.3849249088358206,1.100007554880856,552,77.6551513671875,77.6183853149414,288.0,0.5590277777777778
553,1.40521791294681,1.0798170132770037,553,76.745849609375,76.7099380493164,288.0,0.4965277777777778
554,0.036716734129141525,1.695578800555615,554,76.8701400756836,76.83352661132812,288.0,0.5416666666666666
555,0.02010756300036403,1.6865964161682292,555,76.80194091796875,76.765869140625,288.0,0.5659722222222222
556,-0.544186216608764,1.8211327125653385,556,76.98548126220703,76.94914245605469,288.0,0.5659722222222222
557,1.2389361499385094,1.2401396306899026,557,76.76896667480469,76.73269653320312,288.0,0.5381944444444444
558,1.4747808195990884,1.0484826859060175,558,76.64110565185547,76.60462188720703,288.0,0.5555555555555556
559,0.1286928222663938,1.8209192147283597,559,77.57838439941406,77.54209899902344,288.0,0.6111111111111112
560,0.26675284750094475,1.6803910507308528,560,78.09144592285156,78.0546875,288.0,0.53125
561,0.05276861478071498,1.8013475122540255,561,77.03926849365234,77.00309753417969,288.0,0.5868055555555556
562,0.877597446293636,1.4401614856654434,562,77.80543518066406,77.76907348632812,288.0,0.5347222222222222
563,-0.5497349575338222,1.7107856401800299,563,77.58584594726562,77.5497817993164,288.0,0.5520833333333334
564,0.23305531922461467,1.8514520401708452,564,77.42062377929688,77.38378143310547,288.0,0.53125
565,-0.36782822141187704,1.715585052925682,565,78.12523651123047,78.088623046875,288.0,0.4965277777777778
566,-0.10103000613284517,1.828706095287001,566,77.96717834472656,77.93047332763672,288.0,0.5868055555555556
567,1.4397007585940937,1.0543643202319617,567,76.86175537109375,76.82594299316406,288.0,0.5451388888888888
568,0.7790232685014797,1.6393480499341475,568,77.55873107910156,77.52217102050781,288.0,0.4965277777777778
569,0.2806842549836397,1.7008519357606122,569,77.81599426269531,77.77952575683594,288.0,0.4826388888888889
570,1.4533275562725545,1.0489344202098994,570,78.5833740234375,78.54652404785156,288.0,0.5590277777777778
571,0.13944839244713692,1.709340014129867,571,77.15028381347656,77.11378479003906,288.0,0.5277777777777778
572,1.5177729055044091,0.9815606023933819,572,77.81488037109375,77.77820587158203,288.0,0.4895833333333333
573,-0.45512992670582403,1.7219098504038552,573,77.14508056640625,77.10861206054688,288.0,0.5243055555555556
574,-0.20583687178475757,1.781755900760544,574,77.46832275390625,77.43183898925781,288.0,0.5972222222222222
575,1.006527188916468,1.409532096821844,575,77.503662109375,77.46791076660156,288.0,0.5208333333333334
576,1.3622738566434893,1.1405067209493958,576,77.31050872802734,77.27363586425781,288.0,0.59375
577,1.5793516906344678,0.8971019470653206,577,77.66108703613281,77.62515258789062,288.0,0.4930555555555556
578,0.060976179201398625,1.7059538350771182,578,77.74539947509766,77.70878601074219,288.0,0.5347222222222222
579,0.2531293595666651,1.708511008113682,579,77.34036254882812,77.30389404296875,288.0,0.5798611111111112
580,-0.2762374017346201,1.735209936017206,580,77.90011596679688,77.86419677734375,288.0,0.5208333333333334
581,1.241721416635867,1.220914063026105,581,77.6712646484375,77.63612365722656,288.0,0.5555555555555556
582,-0.44517644022138547,1.6910453517030497,582,77.17485046386719,77.1385498046875,288.0,0.5381944444444444
583,-0.3172963782787551,1.7799372344263806,583,77.87286376953125,77.83785247802734,288.0,0.5729166666666666
584,1.1748712550204212,1.2084600768751024,584,76.87346649169922,76.83853149414062,288.0,0.5034722222222222
585,-0.7654050378430047,1.6929805098854789,585,76.24543762207031,76.20977783203125,288.0,0.5347222222222222
586,-0.2142862413032499,1.7197557547714266,586,76.56025695800781,76.52499389648438,288.0,0.5277777777777778
587,-0.3258665596415796,1.745847210584824,587,76.53677368164062,76.50068664550781,288.0,0.5381944444444444
588,1.1938707657257484,1.254923861785205,588,77.1817626953125,77.14604187011719,288.0,0.5069444444444444
589,1.1783809035178823,1.275434866144473,589,77.46368408203125,77.42814636230469,288.0,0.5486111111111112
590,1.3568724608761789,1.1256202701890836,590,76.64452362060547,76.60859680175781,288.0,0.5381944444444444
591,-0.3095556047923196,1.7775644881340835,591,76.3791275024414,76.34365844726562,288.0,0.5381944444444444
592,0.3070957333738206,1.6682874039103488,592,75.81817626953125,75.78194427490234,288.0,0.5347222222222222
593,1.0704308304790116,1.319864524057535,593,77.37813568115234,77.34236907958984,288.0,0.5347222222222222
594,0.8917567207243603,1.495580393179278,594,77.19163513183594,77.1553955078125,288.0,0.5208333333333334
595,0.16003430254075912,1.8228124650255635,595,76.1976318359375,76.16180419921875,288.0,0.5
596,1.5062876222158588,0.9740325323302732,596,76.40469360351562,76.36847686767578,288.0,0.5243055555555556
597,0.0365330563692675,1.7409438806128947,597,76.6866683959961,76.65059661865234,288.0,0.4791666666666667
598,-0.6083190739148581,1.6730488002641437,598,77.49409484863281,77.4581527709961,288.0,0.5104166666666666
599,1.6943185870453152,0.7803334158174426,599,76.25665283203125,76.22062683105469,288.0,0.5
600,-0.25706366983612966,1.743342359432419,600,76.85025024414062,76.81426239013672,288.0,0.5451388888888888
601,1.3863327796411176,1.1299625984884185,601,77.41497802734375,77.379150390625,288.0,0.53125
602,1.409855054524429,1.096922691541471,602,77.20161437988281,77.16514587402344,288.0,0.5277777777777778
603,1.178012098933557,1.3226737582553385,603,76.9364242553711,76.90056610107422,288.0,0.5659722222222222
604,1.4198043791278252,0.9978096562263625,604,77.2366943359375,77.1994400024414,288.0,0.5
605,1.4101606625986676,1.0891683484341146,605,77.22337341308594,77.18672180175781,288.0,0.5277777777777778
606,1.2232564600500373,1.2329662821974312,606,77.05029296875,77.01385498046875,288.0,0.4791666666666667
607,0.46256217414115774,1.5930560147713393,607,76.51192474365234,76.47534942626953,288.0,0.5208333333333334
608,1.3563717496486214,1.1293036612891785,608,77.59767150878906,77.55984497070312,288.0,0.5277777777777778
609,-0.8034963619789207,1.7177531137104904,609,76.9011001586914,76.86488342285156,288.0,0.5555555555555556
610,0.8969298906315039,1.416620006853607,610,77.60601043701172,77.56826782226562,288.0,0.5381944444444444
611,-0.2683031786373986,1.8129953176161668,611,76.4209976196289,76.38417053222656,288.0,0.5868055555555556
612,0.16148643184149294,1.7303300704591147,612,77.53370666503906,77.49600219726562,288.0,0.5069444444444444
613,0.1333163533103993,1.7320001730919847,613,76.39845275878906,76.36126708984375,288.0,0.5034722222222222
614,1.1633577171740572,1.3024682711498343,614,77.26083374023438,77.223388671875,288.0,0.4479166666666667
615,-0.8543034172467837,1.702843182111312,615,76.78816223144531,76.75245666503906,288.0,0.5347222222222222
616,1.3887199440416649,1.0987623100321666,616,76.95062255859375,76.91378784179688,288.0,0.5347222222222222
617,1.1213967272230536,1.2728134304118164,617,78.61294555664062,78.57589721679688,288.0,0.4895833333333333
618,0.8805013494689695,1.5312513437848478,618,77.13861083984375,77.10213470458984,288.0,0.4791666666666667
619,1.6156913123258783,0.8894033983602494,619,77.136962890625,77.1005859375,288.0,0.4965277777777778
620,0.22809046266045696,1.7011104096425147,620,77.49293518066406,77.45486450195312,288.0,0.5034722222222222
621,1.5438926470654348,0.9567030663375296,621,77.24954223632812,77.21200561523438,288.0,0.4930555555555556
622,0.4533372292104219,1.7051531411869727,622,77.59813690185547,77.56051635742188,288.0,0.4861111111111111
623,-0.06493902667008394,1.7335946338381178,623,77.48063659667969,77.44354248046875,288.0,0.5
624,-0.7063199427329927,1.7632229564615658,624,76.94949340820312,76.91249084472656,288.0,0.5798611111111112
625,1.5064921484560558,0.9838611155641992,625,77.09687805175781,77.05989074707031,288.0,0.4791666666666667
626,0.07386727625726744,1.7557724926638738,626,77.05425262451172,77.01805114746094,288.0,0.5347222222222222
627,-0.10347131939463866,1.696065431114162,627,76.29122924804688,76.25465393066406,288.0,0.5104166666666666
628,1.003142100292765,1.3260172248920101,628,76.8705062866211,76.83457946777344,288.0,0.4756944444444444
629,-0.1909201768821917,1.745793389047035,629,76.9278335571289,76.89247131347656,288.0,0.5208333333333334
630,-0.3781495911857323,1.7683082857573211,630,76.91944885253906,76.88349914550781,288.0,0.4965277777777778
631,1.6107616759846175,0.8285095795033097,631,77.17868041992188,77.14251708984375,288.0,0.4305555555555556
632,-0.3114515229079522,1.7391347379054158,632,76.2136459350586,76.17755126953125,288.0,0.5381944444444444
633,0.8219599253931755,1.4599156565224363,633,76.79734802246094,76.76019287109375,288.0,0.5277777777777778
634,0.2976356768466213,1.6439081342716928,634,77.14421081542969,77.10755157470703,288.0,0.4583333333333333
635,1.2350839987504278,1.2521890868120344,635,77.22734069824219,77.19132995605469,288.0,0.5243055555555556
636,-0.22478078693029216,1.7810572177622108,636,76.94586181640625,76.90989685058594,288.0,0.53125
637,-0.3588595420278818,1.7524167247458489,637,77.03703308105469,77.00103759765625,288.0,0.5381944444444444
638,0.12959648522596598,1.5856769720621209,638,77.88356018066406,77.84705352783203,288.0,0.4652777777777778
639,-0.16570625928468843,1.6954351387201383,639,77.25315856933594,77.21708679199219,288.0,0.5104166666666666
640,1.3960153828921003,1.006603333926437,640,78.0504150390625,78.01496887207031,288.0,0.5
641,0.6945032207275443,1.610831471477536,641,77.12418365478516,77.08773040771484,288.0,0.5416666666666666
642,1.357104616855949,1.1027740241274586,642,76.8369369506836,76.8023452758789,288.0,0.4965277777777778
643,0.3924585275719781,1.5763291772471733,643,78.04940795898438,78.01361083984375,288.0,0.4583333333333333
644,1.5553922970280856,0.9288655934918681,644,77.06102752685547,77.02528381347656,288.0,0.4756944444444444
645,0.5146611743723385,1.5897095836147677,645,77.031005859375,76.99539184570312,288.0,0.5034722222222222
646,1.5327064073911392,0.957071653239565,646,77.8106689453125,77.77452850341797,288.0,0.46875
647,1.1980343580550104,1.2854211811625265,647,77.69052124023438,77.65421295166016,288.0,0.5277777777777778
648,0.13298357088481305,1.716362063556238,648,77.35704040527344,77.31973266601562,288.0,0.5451388888888888
649,1.5078409719538992,1.0323509200147332,649,77.85139465332031,77.81449890136719,288.0,0.4270833333333333
650,0.27399999673214726,1.813219228098619,650,77.3902587890625,77.35448455810547,288.0,0.4895833333333333
651,-0.18997308729830678,1.7042585615656742,651,78.22846221923828,78.19230651855469,288.0,0.4791666666666667
652,0.36195399004486345,1.6240677662188259,652,77.03262329101562,76.99608612060547,288.0,0.5347222222222222
653,0.13177094310893014,1.6237492911268365,653,78.0273208618164,77.989990234375,288.0,0.4826388888888889
654,1.4833724339807164,1.0177082822994805,654,77.91146850585938,77.87545776367188,288.0,0.4652777777777778
655,1.430224770416106,1.06557444763883,655,79.00503540039062,78.96794128417969,288.0,0.5
656,1.0288124832082832,1.3993901854040185,656,77.59510040283203,77.55873107910156,288.0,0.5138888888888888
657,-0.3114100360134491,1.7040109328654274,657,77.49285125732422,77.45632934570312,288.0,0.4618055555555556
658,1.5084452626157585,1.0034653094495278,658,78.10914611816406,78.07184600830078,288.0,0.5208333333333334
659,1.1004858913484563,1.3727090280807215,659,77.30595397949219,77.26942443847656,288.0,0.4652777777777778
660,0.3744870421923656,1.5435244400338584,660,77.08316040039062,77.04682159423828,288.0,0.4722222222222222
661,1.3771837909794333,1.1179943853004821,661,76.99038696289062,76.95352935791016,288.0,0.5173611111111112
662,0.3276869451533714,1.618906465617769,662,78.06715393066406,78.0300064086914,288.0,0.4548611111111111
663,1.4257682762868091,1.1011979188907568,663,77.26068878173828,77.22470092773438,288.0,0.4375
664,0.5054762884902853,1.5731492170667853,664,77.9797134399414,77.94290161132812,288.0,0.5
665,0.4242055279881278,1.6641991334396544,665,77.95850372314453,77.92108154296875,288.0,0.5138888888888888
666,1.4158348945133428,1.1035986646439238,666,77.96310424804688,77.92619323730469,288.0,0.4826388888888889
667,1.722136641330882,0.5979692465811138,667,76.71670532226562,76.6796646118164,288.0,0.4652777777777778
668,-0.8857458362094065,1.6276614492676305,668,78.56352233886719,78.52694702148438,288.0,0.5138888888888888
669,0.3972091498832025,1.656196119514804,669,77.66557312011719,77.62808227539062,288.0,0.5069444444444444
670,1.2552677627341582,1.221301282885405,670,77.7784652709961,77.74140930175781,288.0,0.4444444444444444
671,0.7383498608701089,1.5612140402754653,671,78.23712158203125,78.20104217529297,288.0,0.4965277777777778
672,-0.18698501306790785,1.6444337511661336,672,76.95255279541016,76.91557312011719,288.0,0.4583333333333333
673,-0.6027530158800221,1.7086623053049208,673,76.77961730957031,76.7428970336914,288.0,0.5034722222222222
674,0.30073005143742454,1.8364875205810163,674,77.57823181152344,77.5416488647461,288.0,0.5173611111111112
675,0.0855328970334934,1.677811719209404,675,77.10322570800781,77.06680297851562,288.0,0.5243055555555556
676,1.1367326414719205,1.3498868376264987,676,77.24336242675781,77.20632934570312,288.0,0.4652777777777778
677,1.2387337191122467,1.2634814488023884,677,76.91937255859375,76.88264465332031,288.0,0.5208333333333334
678,1.5322947037380028,0.9909727698989194,678,77.50128173828125,77.46492004394531,288.0,0.4548611111111111
679,1.4714925869667075,1.0443982187644585,679,77.86720275878906,77.8299560546875,288.0,0.4930555555555556
680,1.3601152275206114,1.1281891544827392,680,77.86685943603516,77.82958221435547,288.0,0.4895833333333333
681,0.09496769173855263,1.8018570904897755,681,77.59515380859375,77.55863952636719,288.0,0.5069444444444444
682,1.565802586455239,0.9273160118022389,682,77.29432678222656,77.25740814208984,288.0,0.5451388888888888
683,0.20399245344996297,1.6995635874917843,683,77.30885314941406,77.27272033691406,288.0,0.46875
684,-0.08758410797675868,1.5633314044825786,684,77.6254653930664,77.59013366699219,288.0,0.4861111111111111
685,1.1095902609865176,1.310045038057689,685,76.86685180664062,76.83114624023438,288.0,0.4791666666666667
686,1.4617539558024981,1.0343130179951512,686,78.15017700195312,78.11398315429688,288.0,0.4930555555555556
687,0.22995773452893944,1.6544077201041207,687,78.35368347167969,78.3166732788086,288.0,0.4965277777777778
688,0.07809668464770336,1.7377722682127965,688,76.06892395019531,76.03253173828125,288.0,0.4652777777777778
689,0.3006966755101658,1.7278312851058242,689,76.7681884765625,76.73246765136719,288.0,0.4756944444444444
690,1.4638391840618374,1.0345808649945234,690,76.84071350097656,76.80482482910156,288.0,0.4791666666666667
691,1.3962368469392132,1.0688710894213866,691,77.09397888183594,77.05799102783203,288.0,0.4409722222222222
692,1.478727609228891,0.9734736091682005,692,76.35513305664062,76.3193588256836,288.0,0.5
693,1.5274914667485038,0.950860941487576,693,76.81745910644531,76.78187561035156,288.0,0.4548611111111111
694,-0.17682652848125213,1.6673356322482773,694,76.52803802490234,76.4923324584961,288.0,0.4513888888888889
695,0.2710199780489688,1.6609591733395377,695,76.92498016357422,76.8885498046875,288.0,0.4791666666666667
696,-0.28534727449624436,1.7871938375735072,696,76.9631118774414,76.92755126953125,288.0,0.46875
697,-0.14786420985857487,1.6992893557722688,697,75.65605163574219,75.61993408203125,288.0,0.4444444444444444
698,1.6722009273116978,0.7826816546227952,698,76.72880554199219,76.69322204589844,288.0,0.4652777777777778
699,1.3940327083504807,1.1087340435176467,699,76.97579956054688,76.9398422241211,288.0,0.4444444444444444
700,-0.4499925295275682,1.653725316312192,700,76.94790649414062,76.91227722167969,288.0,0.4756944444444444
701,1.514877344748312,0.9731080545383389,701,76.49945068359375,76.46408081054688,288.0,0.4618055555555556
702,-0.501709737441345,1.840532331495522,702,76.38272094726562,76.34684753417969,288.0,0.5173611111111112
703,0.8306150464106339,1.56523636952805,703,77.23434448242188,77.19867706298828,288.0,0.4513888888888889
704,0.9216022280134781,1.4043615606709938,704,76.85238647460938,76.81752014160156,288.0,0.4618055555555556
705,0.2121666777540335,1.6152204464200959,705,76.80211639404297,76.76669311523438,288.0,0.4652777777777778
706,0.1290184057925311,1.6831853660292122,706,76.55442810058594,76.51853942871094,288.0,0.4270833333333333
707,0.026943860638164847,1.691724228337439,707,76.98007202148438,76.94477844238281,288.0,0.4930555555555556
708,0.7730462135353852,1.5320830227846025,708,77.38468170166016,77.34912109375,288.0,0.5173611111111112
709,0.21946736325231342,1.6458978016067018,709,77.00190734863281,76.96643829345703,288.0,0.3958333333333333
710,-0.11112941579085642,1.6655745425497486,710,77.2384262084961,77.20291137695312,288.0,0.46875
711,1.3489468990131566,1.1241504550897192,711,76.49813842773438,76.46270751953125,288.0,0.4826388888888889
712,0.7443549552340998,1.5318974022723155,712,76.50878143310547,76.47354125976562,288.0,0.4513888888888889
713,-0.21868400427673917,1.7842426190435001,713,77.14212799072266,77.10765075683594,288.0,0.4618055555555556
714,1.6058270220668318,0.8835320485667628,714,76.35802459716797,76.32254791259766,288.0,0.4618055555555556
715,0.26435182977306115,1.5754220968510622,715,76.38839721679688,76.35400390625,288.0,0.4236111111111111
716,-0.5869615487487047,1.7555428191232092,716,77.0390625,77.00538635253906,288.0,0.4930555555555556
717,0.8482915753152417,1.4785556337868755,717,76.92337036132812,76.88862609863281,288.0,0.4548611111111111
718,0.2489308760089935,1.607810008144337,718,75.86103057861328,75.82568359375,288.0,0.4548611111111111
719,0.14777096939414686,1.6279203359301153,719,76.81598663330078,76.78038024902344,288.0,0.5138888888888888
720,-0.6973867855960302,1.665331438340491,720,76.44706726074219,76.41256713867188,288.0,0.4756944444444444
721,0.01290787860556882,1.6176878479788797,721,76.88445281982422,76.8487548828125,288.0,0.4513888888888889
722,-0.2169694573028049,1.7932666477226553,722,77.04251861572266,77.0070571899414,288.0,0.5
723,1.760803302863803,0.5821416225538438,723,76.81005859375,76.77543640136719,288.0,0.4201388888888889
724,0.8021160481280482,1.5861009644994128,724,76.32633972167969,76.2909164428711,288.0,0.4548611111111111
725,0.35571066933635964,1.567372748966838,725,76.50802612304688,76.4728775024414,288.0,0.4340277777777778
726,0.3426197451664883,1.6467697479602128,726,76.60787963867188,76.57305908203125,288.0,0.4548611111111111
727,-0.29730553107531854,1.6432760622684515,727,77.36827850341797,77.33369445800781,288.0,0.4548611111111111
728,0.24985085903766593,1.6066931960555737,728,76.48649597167969,76.45120239257812,288.0,0.4201388888888889
729,0.0007470009028819212,1.6256466140631292,729,77.31224822998047,77.27825164794922,288.0,0.4409722222222222
730,0.4768822367340914,1.5341562293100643,730,76.81565856933594,76.78128814697266,288.0,0.4375
731,1.5617055951239598,0.9203880120409235,731,76.78512573242188,76.75003814697266,288.0,0.4444444444444444
732,1.2616574925932897,1.22397785443613,732,76.33656311035156,76.30204010009766,288.0,0.4930555555555556
733,-0.34864572425630935,1.7337641532090253,733,77.05218505859375,77.01708984375,288.0,0.4618055555555556
734,-0.13516881512196263,1.677000651556615,734,77.2221908569336,77.18692016601562,288.0,0.4722222222222222
735,1.5812448390445022,0.8954076398752618,735,76.2763900756836,76.24163818359375,288.0,0.4791666666666667
736,0.24111550909593069,1.7693974405075847,736,76.57633209228516,76.54086303710938,288.0,0.4652777777777778
737,0.25896127301062427,1.6730045653149503,737,76.56394958496094,76.52954864501953,288.0,0.4895833333333333
738,-0.882800216938963,1.5730352429916485,738,76.54829406738281,76.51264953613281,288.0,0.5277777777777778
739,0.6188711193418981,1.4597650650473886,739,76.96318054199219,76.92800903320312,288.0,0.4652777777777778
740,-0.5433687628200973,1.6896005196100568,740,76.64479064941406,76.60945129394531,288.0,0.4513888888888889
741,0.24829941462949692,1.6684516682397852,741,77.6162109375,77.580810546875,288.0,0.4131944444444444
742,0.43298573962157477,1.5375104596160611,742,75.92001342773438,75.88421630859375,288.0,0.3993055555555556
743,-0.015941775916571074,1.6603691264636595,743,77.6138687133789,77.57899475097656,288.0,0.46875
744,1.5272041096576254,0.9635590461410306,744,76.65228271484375,76.61739349365234,288.0,0.4513888888888889
745,0.9049821688482229,1.3809477058575743,745,76.63214111328125,76.59696960449219,288.0,0.4652777777777778
746,-0.7095954617219715,1.6543777835142097,746,75.87431335449219,75.83935546875,288.0,0.5069444444444444
747,-0.19196821263692204,1.6638677998923637,747,77.0718994140625,77.03717041015625,288.0,0.4791666666666667
748,1.2486186214935602,1.2148187567035784,748,76.87425231933594,76.83918762207031,288.0,0.4756944444444444
749,-0.14812121675784462,1.703012009703376,749,76.56446075439453,76.52930450439453,288.0,0.4652777777777778
750,0.15332490243840097,1.7119392914423768,750,76.72879028320312,76.69404602050781,288.0,0.4479166666666667
751,1.433816807092197,1.0465540030891167,751,77.29719543457031,77.26183319091797,288.0,0.4583333333333333
752,0.312334829244812,1.6013757030907112,752,76.3689193725586,76.33316040039062,288.0,0.40625
753,0.35387339735491946,1.6396007679991185,753,76.54853820800781,76.5133056640625,288.0,0.4756944444444444
754,1.357602509971024,1.116307090821076,754,76.56272888183594,76.52754211425781,288.0,0.3576388888888889
755,0.37070371372153255,1.6326238444653196,755,76.47747039794922,76.44144439697266,288.0,0.4826388888888889
756,1.1033919320828336,1.326326033118159,756,76.69674682617188,76.66065979003906,288.0,0.4375
757,0.3257774699242137,1.6314798401766217,757,77.24710083007812,77.21117401123047,288.0,0.4097222222222222
758,1.579127695602658,0.9485825532227556,758,77.1359634399414,77.09994506835938,288.0,0.3854166666666667
759,1.1704390886441773,1.2891515207276973,759,76.6846923828125,76.64901733398438,288.0,0.4722222222222222
760,-0.12382945268478086,1.5942643582499236,760,76.65303039550781,76.61666870117188,288.0,0.4548611111111111
761,0.6346441839782813,1.4984508147065307,761,76.09307861328125,76.05720520019531,288.0,0.4444444444444444
762,0.4433875078359401,1.4991903124821089,762,76.92760467529297,76.89128112792969,288.0,0.4270833333333333
763,0.02694306172782203,1.6701182359762605,763,77.39106750488281,77.35467529296875,288.0,0.4652777777777778
764,1.6922820260375673,0.7460458311493302,764,76.4218978881836,76.38561248779297,288.0,0.4305555555555556
765,1.475899739494578,0.9819919491648236,765,77.04695892333984,77.01081848144531,288.0,0.4131944444444444
766,1.4999234432226263,1.0130485012535373,766,76.93575286865234,76.89932250976562,288.0,0.4548611111111111
767,1.5961469847969842,0.8937336264268231,767,76.68389892578125,76.6478271484375,288.0,0.40625
768,0.9726637155871772,1.4138013285526947,768,77.1402816772461,77.10379028320312,288.0,0.4513888888888889
769,0.6328629136466056,1.5189495114983187,769,77.82723999023438,77.79055786132812,288.0,0.4236111111111111
770,1.1109898371640936,1.2111513519340609,770,77.24903106689453,77.21293640136719,288.0,0.4131944444444444
771,1.1042529734551658,1.3651010532074956,771,77.37910461425781,77.3424301147461,288.0,0.4722222222222222
772,1.0970410114355742,1.3885725179294757,772,76.81758117675781,76.78129577636719,288.0,0.4340277777777778
773,1.5790982363703112,0.8645270152994444,773,76.796875,76.76026916503906,288.0,0.4548611111111111
774,0.282922047697631,1.655067149340383,774,76.64510345458984,76.60881805419922,288.0,0.4895833333333333
775,0.25084823791408756,1.6296872484968605,775,77.382568359375,77.34722137451172,288.0,0.4305555555555556
776,0.5665590948464531,1.5669207353401429,776,76.59806823730469,76.56214904785156,288.0,0.4375
777,0.5239398865811613,1.585837249363733,777,77.67947387695312,77.64352416992188,288.0,0.4166666666666667
778,0.37880764884880586,1.6238554616307745,778,76.88102722167969,76.84504699707031,288.0,0.4236111111111111
779,0.9545085693646852,1.4854961906499384,779,75.7469482421875,75.71124267578125,288.0,0.4930555555555556
780,0.004281308100125762,1.650228310126388,780,75.93156433105469,75.89613342285156,288.0,0.4201388888888889
781,0.4551834969767988,1.6351701727190742,781,76.33582305908203,76.30020904541016,288.0,0.4270833333333333
782,0.9594820651713325,1.3668036080830257,782,76.80915069580078,76.77351379394531,288.0,0.3993055555555556
783,1.0114953044826402,1.3878218964598354,783,76.40219116210938,76.36546325683594,288.0,0.4722222222222222
784,0.5824191244867742,1.562149109177911,784,76.0504150390625,76.01507568359375,288.0,0.4409722222222222
785,0.12248360477982276,1.6858547296843587,785,77.39826202392578,77.36204528808594,288.0,0.4340277777777778
786,-0.5697161143766815,1.5911211919913792,786,76.92189025878906,76.88575744628906,288.0,0.46875
787,0.9176561012408797,1.3892743007830313,787,76.91487121582031,76.87960815429688,288.0,0.4166666666666667
788,1.0926293903507511,1.3269537442235262,788,77.53115844726562,77.49508666992188,288.0,0.4444444444444444
789,0.3881658401054185,1.7215932784143513,789,76.77013397216797,76.7347412109375,288.0,0.4479166666666667
790,0.3447102816270719,1.671649361425631,790,76.78124237060547,76.74557495117188,288.0,0.4409722222222222
791,1.4545278650060598,1.0493509626216497,791,76.6083984375,76.57255554199219,288.0,0.4166666666666667
792,0.057886537212783175,1.7245234545364811,792,76.6828384399414,76.64641571044922,288.0,0.4409722222222222
793,0.9092723991301871,1.507256541047005,793,76.74886322021484,76.71380615234375,288.0,0.4513888888888889
794,1.4274127269407524,1.097934979764748,794,77.22476196289062,77.1894760131836,288.0,0.4340277777777778
795,1.3446311226054801,1.1567826889716344,795,76.3616943359375,76.3258056640625,288.0,0.4479166666666667
796,0.5626937400546788,1.6292716727680183,796,77.00534057617188,76.96954345703125,288.0,0.40625
797,0.8749743995391381,1.417295186834949,797,77.92076110839844,77.88444519042969,288.0,0.4027777777777778
798,1.439666231721284,1.0181398253066132,798,76.67414855957031,76.63860321044922,288.0,0.4375
799,0.8217775636572644,1.4135815505870326,799,77.37419128417969,77.33820343017578,288.0,0.4444444444444444
800,0.8722334075681936,1.4034457628408106,800,77.09292602539062,77.05718231201172,288.0,0.3645833333333333
801,0.9169268663427945,1.3777979363008555,801,77.37724304199219,77.3419189453125,288.0,0.4479166666666667
802,1.0072821450153988,1.3179643740152336,802,77.30026245117188,77.26451110839844,288.0,0.40625
803,0.4283539746069943,1.7220750841000452,803,77.49522399902344,77.45962524414062,288.0,0.4548611111111111
804,0.8951489801397634,1.4152895655258877,804,76.54464721679688,76.50875854492188,288.0,0.4513888888888889
805,0.28635126638622727,1.694185706756426,805,77.48738098144531,77.45191955566406,288.0,0.3784722222222222
806,1.5514124954726656,0.974520056590987,806,78.08894348144531,78.05384826660156,288.0,0.4236111111111111
807,0.13901646577585447,1.6019006865783918,807,77.16307830810547,77.12710571289062,288.0,0.3854166666666667
808,0.39977063189444634,1.6496186163987454,808,77.79468536376953,77.75914001464844,288.0,0.4131944444444444
809,0.40623701805066137,1.5826305617810554,809,77.57791137695312,77.54246520996094,288.0,0.4201388888888889
810,0.7940980640790785,1.516529223144191,810,77.41049194335938,77.37545776367188,288.0,0.3645833333333333
811,0.25506976542012944,1.823533205839873,811,76.59495544433594,76.559326171875,288.0,0.4444444444444444
812,0.4568264355804506,1.608418310558716,812,77.06356048583984,77.02752685546875,288.0,0.4479166666666667
813,1.1771548424999834,1.2771288439984947,813,79.06026458740234,79.02403259277344,288.0,0.3854166666666667
814,0.29311535369606956,1.6363113336538684,814,77.95635986328125,77.92032623291016,288.0,0.4270833333333333
815,-0.2860129908988989,1.6343988722841687,815,77.02474212646484,76.98880004882812,288.0,0.4375
816,1.5039251550721475,0.9981440589583743,816,77.54354858398438,77.50753021240234,288.0,0.4166666666666667
817,1.5217210352268655,1.0027152571887965,817,78.7119140625,78.67668151855469,288.0,0.4513888888888889
818,0.3264954674045493,1.5970405644543668,818,76.82769775390625,76.79216003417969,288.0,0.4513888888888889
819,1.6248456839449679,0.8073885422061072,819,78.26327514648438,78.2270278930664,288.0,0.3888888888888889
820,1.718937582508793,0.524301579404319,820,77.35176086425781,77.31507110595703,288.0,0.4097222222222222
821,0.10605310956229112,1.515466335375148,821,77.8991928100586,77.86346435546875,288.0,0.3888888888888889
822,1.5928424645367396,0.929699820065322,822,76.24103546142578,76.20564270019531,288.0,0.4027777777777778
823,1.4182538143398462,1.0744226826515357,823,77.56027221679688,77.5243148803711,288.0,0.3819444444444444
824,0.4513583677493557,1.6014292451752008,824,77.36297607421875,77.32662963867188,288.0,0.4444444444444444
825,0.4074402549727124,1.6307443558426198,825,76.92058563232422,76.88430786132812,288.0,0.4097222222222222
826,1.0393577054357104,1.290184455151888,826,76.71638488769531,76.68128967285156,288.0,0.3958333333333333
827,1.0543595964648658,1.3525332403913108,827,77.4997329711914,77.46449279785156,288.0,0.3645833333333333
828,0.9930761112463201,1.3149392009945602,828,77.46958923339844,77.43356323242188,288.0,0.4548611111111111
829,1.6083804208817243,0.8823388662322279,829,77.23036193847656,77.19477844238281,288.0,0.4548611111111111
830,0.766614982233783,1.5162942712219691,830,77.38858795166016,77.35313415527344,288.0,0.375
831,1.5260965724670967,0.95829670097455,831,77.07132720947266,77.03535461425781,288.0,0.4027777777777778
832,1.2262178742199745,1.1731682905341354,832,76.28469848632812,76.24922180175781,288.0,0.3611111111111111
833,1.621090216025379,0.893640352317003,833,77.32955169677734,77.29332733154297,288.0,0.3993055555555556
834,0.6788323012896292,1.5199256845760134,834,77.46116638183594,77.42583465576172,288.0,0.3888888888888889
835,1.6941043604497816,0.5157136946151312,835,77.664306640625,77.62753295898438,288.0,0.375
836,0.7272910335797147,1.4799659215417829,836,77.37075805664062,77.334716796875,288.0,0.3819444444444444
837,0.4174833747231199,1.594525197633129,837,77.04512023925781,77.00970458984375,288.0,0.4097222222222222
838,0.5459680459200069,1.5723497925656789,838,76.78218841552734,76.74607849121094,288.0,0.3923611111111111
839,0.7101648691262953,1.4721863912816764,839,76.94058227539062,76.90495300292969,288.0,0.4027777777777778
840,0.23708964079140404,1.626931363826274,840,76.55517578125,76.51970672607422,288.0,0.4409722222222222
841,1.7951302752001999,0.5072155973691178,841,76.94205474853516,76.90697479248047,288.0,0.3402777777777778
842,1.5962796773498897,0.8949382310532704,842,76.79090881347656,76.75468444824219,288.0,0.4513888888888889
843,1.343338694234762,1.1344072485664038,843,76.76765441894531,76.73207092285156,288.0,0.3888888888888889
844,1.582971545832485,0.9342170667676973,844,77.18057250976562,77.14410400390625,288.0,0.4131944444444444
845,1.306978646723981,1.136488293769318,845,77.66394805908203,77.626708984375,288.0,0.4236111111111111
846,1.7476243151282218,0.520928538795513,846,77.51670837402344,77.47929382324219,288.0,0.375
847,0.7295710489488656,1.4915340226030007,847,76.61775207519531,76.58229064941406,288.0,0.4270833333333333
848,0.9377745384567684,1.3346005472148983,848,76.38665771484375,76.35002899169922,288.0,0.40625
849,1.548134731636141,0.988314264989599,849,76.5482177734375,76.51171875,288.0,0.4236111111111111
850,1.5906132021129198,0.9011036572756487,850,77.68930053710938,77.65248107910156,288.0,0.3923611111111111
851,0.6036218889069118,1.6135302651489465,851,77.43559265136719,77.40008544921875,288.0,0.4444444444444444
852,1.7114293923470159,0.7281710880849154,852,76.82192993164062,76.7857437133789,288.0,0.375
853,1.6539227992276773,0.8011278840849378,853,76.3558120727539,76.32014465332031,288.0,0.3958333333333333
854,0.33453422278215716,1.6936523814025777,854,77.14457702636719,77.10797119140625,288.0,0.4166666666666667
855,1.1341838519923466,1.3329648804296432,855,76.89035034179688,76.85345458984375,288.0,0.3854166666666667
856,0.747316425261845,1.4260763303631336,856,76.75287628173828,76.71713256835938,288.0,0.40625
857,0.5501130660872521,1.569865704541725,857,75.9634017944336,75.9271469116211,288.0,0.4375
858,1.4341784890754756,1.0616900841856496,858,76.44255065917969,76.40692138671875,288.0,0.3472222222222222
859,0.40885895151188656,1.7400616845207766,859,76.26557159423828,76.22921752929688,288.0,0.4270833333333333
860,0.5502661778551319,1.5583374569123318,860,75.62689208984375,75.59178924560547,288.0,0.4131944444444444
861,0.02071606270022223,1.5821635837697434,861,75.87240600585938,75.83631896972656,288.0,0.3888888888888889
862,0.6512655900162144,1.5314632287420258,862,75.55111694335938,75.51487731933594,288.0,0.3923611111111111
863,1.4657728500349838,1.0870764853781165,863,76.37615203857422,76.34034729003906,288.0,0.4131944444444444
864,0.8587257705616387,1.4721344460093133,864,77.71739959716797,77.680908203125,288.0,0.4166666666666667
865,0.32087083842010405,1.6663883824057881,865,76.30946350097656,76.27388763427734,288.0,0.4166666666666667
866,1.7477077276063084,0.6252366834829977,866,75.72293090820312,75.68638610839844,288.0,0.3715277777777778
867,1.28963395436059,1.1999357422639434,867,75.3604736328125,75.32479858398438,288.0,0.3784722222222222
868,0.46587540111578896,1.548842253797362,868,76.74554443359375,76.70931243896484,288.0,0.3888888888888889
869,1.6475008029129237,0.85521925700466,869,75.9849624633789,75.949462890625,288.0,0.4166666666666667
870,0.10437827858701779,1.810198539579644,870,76.19853973388672,76.16300964355469,288.0,0.4340277777777778
871,1.682582367163081,0.8168367776410459,871,76.57916259765625,76.54226684570312,288.0,0.3611111111111111
872,0.6243350367969118,1.446784172973654,872,76.11865234375,76.08287048339844,288.0,0.4097222222222222
873,1.3173583335171242,1.1662569646047949,873,76.14419555664062,76.10806274414062,288.0,0.3958333333333333
874,0.5677923381500921,1.6052648232592592,874,76.95082092285156,76.9150390625,288.0,0.3888888888888889
875,-0.35560435305615434,1.627636055855892,875,76.10816955566406,76.07183837890625,288.0,0.4305555555555556
876,0.013817371935013818,1.7002299731696628,876,76.10409545898438,76.06839752197266,288.0,0.3923611111111111
877,0.9937239385816667,1.4082247332816458,877,77.1360855102539,77.1004638671875,288.0,0.4479166666666667
878,1.5112647935264363,0.9537108960827981,878,76.6357421875,76.59981536865234,288.0,0.3854166666666667
879,0.7244242957825981,1.4668964193478433,879,76.64429473876953,76.60846710205078,288.0,0.4027777777777778
880,0.49192033264487595,1.6619821835527544,880,76.11187744140625,76.07746887207031,288.0,0.4479166666666667
881,0.4628092673073067,1.591819451476912,881,77.16464233398438,77.12925720214844,288.0,0.4409722222222222
882,1.0434220831233794,1.3515647540827427,882,75.47731018066406,75.44183349609375,288.0,0.4270833333333333
883,1.602767343537005,0.8776871758020077,883,76.26109313964844,76.2257080078125,288.0,0.3576388888888889
884,1.4618982863649295,1.0369161299004617,884,76.28807830810547,76.253173828125,288.0,0.3645833333333333
885,1.6005781906937955,0.9128841896989514,885,76.02131652832031,75.98519134521484,288.0,0.3854166666666667
886,0.5907017301589115,1.5693426417131635,886,77.17230224609375,77.1365737915039,288.0,0.3541666666666667
887,0.6694128179841731,1.5460515309757594,887,76.65133666992188,76.61663818359375,288.0,0.3993055555555556
888,0.3629876348723514,1.5731977314403542,888,76.78015899658203,76.74507141113281,288.0,0.3715277777777778
889,-0.19170805640537206,1.5639279696137565,889,76.359130859375,76.32332611083984,288.0,0.3993055555555556
890,1.4864172870355303,1.0405437460252214,890,76.77007293701172,76.7344970703125,288.0,0.4027777777777778
891,1.0459406777596385,1.2816717644118807,891,76.64698028564453,76.61260986328125,288.0,0.3680555555555556
892,1.0673232515325033,1.3562483381378327,892,76.3962631225586,76.36106872558594,288.0,0.3888888888888889
893,0.3481733534522397,1.5462690370024144,893,76.03286743164062,75.99762725830078,288.0,0.3854166666666667
894,1.532383858753394,1.000822769742451,894,76.85954284667969,76.8237075805664,288.0,0.4027777777777778
895,-0.30457543861151,1.5447744581321516,895,76.82598876953125,76.79080200195312,288.0,0.3923611111111111
896,0.6950316324374192,1.4409030964734941,896,77.59536743164062,77.55964660644531,288.0,0.3715277777777778
897,0.9064317407600859,1.4789931328601558,897,76.38949584960938,76.35342407226562,288.0,0.3472222222222222
898,1.3380122013875735,1.171404895458572,898,76.69850158691406,76.66264343261719,288.0,0.4409722222222222
899,1.5867795355403116,0.927708367042467,899,76.88430786132812,76.84821319580078,288.0,0.4305555555555556
900,1.4608710966789291,1.0246304477873034,900,77.11814880371094,77.08229064941406,288.0,0.4027777777777778
901,1.7078012523332091,0.7594337401544624,901,76.24851989746094,76.21246337890625,288.0,0.3333333333333333
902,0.43752727622021825,1.5455704036333953,902,76.82901763916016,76.7928695678711,288.0,0.3472222222222222
903,0.4798909330909583,1.5527084266393056,903,77.13693237304688,77.10128021240234,288.0,0.3923611111111111
904,-0.3655303677690675,1.5276213233578881,904,76.58818054199219,76.5520248413086,288.0,0.3923611111111111
905,1.0152640812433045,1.4166389249658182,905,77.36331176757812,77.32888793945312,288.0,0.3958333333333333
906,1.5657329481664028,0.9672575167144645,906,77.21463012695312,77.17998504638672,288.0,0.3784722222222222
907,1.5459191842810855,0.96123103386833,907,77.15097045898438,77.1156005859375,288.0,0.4131944444444444
908,0.5869260331468644,1.4925773182776594,908,76.57603454589844,76.5400390625,288.0,0.3888888888888889
909,0.5572092472014154,1.5322905146953276,909,77.38241577148438,77.3467025756836,288.0,0.3784722222222222
910,0.5316694538599214,1.6023233939518489,910,76.5994644165039,76.56449890136719,288.0,0.3611111111111111
911,1.3420428846380035,1.178873720334786,911,77.0629653930664,77.02740478515625,288.0,0.3680555555555556
912,-0.5749400344305458,1.5720680269913918,912,77.82703399658203,77.7908935546875,288.0,0.4166666666666667
913,0.5445616185310342,1.6174182991955972,913,77.21294403076172,77.17764282226562,288.0,0.3368055555555556
914,1.0368326632425529,1.3067599485370054,914,76.85528564453125,76.81936645507812,288.0,0.3958333333333333
915,1.6679098104700234,0.8230894454587357,915,76.7370834350586,76.70115661621094,288.0,0.3784722222222222
916,0.5969802850040069,1.5409097122864959,916,76.67555236816406,76.63959503173828,288.0,0.3888888888888889
917,0.48362846436570656,1.5760656796867636,917,75.83680725097656,75.80070495605469,288.0,0.4513888888888889
918,1.600011141665551,0.9124101114056198,918,77.02879333496094,76.99331665039062,288.0,0.3923611111111111
919,1.6555209278727077,0.7925821584311222,919,76.40058898925781,76.36480712890625,288.0,0.4618055555555556
920,0.18287859867004164,1.6005787380072023,920,76.13695526123047,76.10191345214844,288.0,0.3715277777777778
921,1.4435783214871372,0.9918182891251119,921,75.84954833984375,75.81442260742188,288.0,0.3888888888888889
922,0.29689299219660237,1.6195876173674446,922,77.41683959960938,77.38131713867188,288.0,0.3854166666666667
923,0.7964211611836067,1.4450649301195748,923,76.29501342773438,76.2586898803711,288.0,0.3715277777777778
924,0.7060602134849301,1.6078671848197206,924,76.56642150878906,76.53075408935547,288.0,0.3263888888888889
925,1.728867871610417,0.565033909225394,925,76.3196792602539,76.28457641601562,288.0,0.3611111111111111
926,1.5600160323999583,0.9426635811720263,926,76.45964050292969,76.42398071289062,288.0,0.3541666666666667
927,1.7154841033415513,0.7150084416931674,927,76.28280639648438,76.24697875976562,288.0,0.3645833333333333
928,-0.5146477112295376,1.734276316978728,928,76.90361785888672,76.86805725097656,288.0,0.4548611111111111
929,-0.1622979033754481,1.56604561500149,929,76.7743911743164,76.73927307128906,288.0,0.3854166666666667
930,0.2975844850929738,1.6125158262550086,930,75.7865219116211,75.7509765625,288.0,0.3958333333333333
931,1.6286311119779142,0.8481601355327323,931,77.02896118164062,76.99296569824219,288.0,0.3611111111111111
932,1.721924650428194,0.7493885337603219,932,76.43928527832031,76.40351867675781,288.0,0.375
933,1.6187819525775156,0.8921316371995257,933,77.10671997070312,77.07112884521484,288.0,0.3784722222222222
934,0.8983526675853157,1.4368548647460047,934,76.72348022460938,76.68789672851562,288.0,0.3715277777777778
935,1.6215107833162576,0.9324446917593052,935,75.71382904052734,75.67899322509766,288.0,0.3333333333333333
936,0.7108561288638501,1.4768965051125083,936,77.442626953125,77.4068603515625,288.0,0.3715277777777778
937,0.3204702033077008,1.579687680726673,937,76.18566131591797,76.15119171142578,288.0,0.3819444444444444
938,0.34695436952747993,1.5514826735183467,938,76.77810668945312,76.74283599853516,288.0,0.3402777777777778
939,1.5693170461957027,0.934966761833078,939,76.41444396972656,76.3780746459961,288.0,0.4201388888888889
940,0.5187069651250743,1.6345177167266773,940,76.802734375,76.76661682128906,288.0,0.3472222222222222
941,1.3993567326194174,1.046925303897386,941,77.11653900146484,77.0817642211914,288.0,0.3229166666666667
942,1.644885477771081,0.7745295507546159,942,77.60267639160156,77.5665283203125,288.0,0.3784722222222222
943,0.5339038162505675,1.6622824967828327,943,76.36781311035156,76.3323974609375,288.0,0.3854166666666667
944,0.3204566942250609,1.6902691702112866,944,77.0440673828125,77.00735473632812,288.0,0.4097222222222222
945,0.5133593919897153,1.6134236558783437,945,75.30203247070312,75.26707458496094,288.0,0.4270833333333333
946,1.2480473137543542,1.2171970348713579,946,76.58512878417969,76.54971313476562,288.0,0.3263888888888889
947,1.7568739483087397,0.5080624636771303,947,76.99757385253906,76.96177673339844,288.0,0.4131944444444444
948,1.7353128896129861,0.51629397879797,948,76.33521270751953,76.29881286621094,288.0,0.3506944444444444
949,0.6625960254486274,1.394994830607999,949,76.359375,76.32334899902344,288.0,0.3611111111111111
950,0.8339373149689732,1.3628732301247735,950,76.2354736328125,76.19979858398438,288.0,0.34375
951,1.7648327551089862,0.7194782027922347,951,77.52220916748047,77.48600006103516,288.0,0.3645833333333333
952,0.8100157886327662,1.3232357690295191,952,76.46871948242188,76.4326171875,288.0,0.3194444444444444
953,0.8673778054772447,1.464065320463356,953,76.11809539794922,76.08242797851562,288.0,0.3784722222222222
954,0.5164854232350939,1.5189495021861839,954,75.86225891113281,75.82674407958984,288.0,0.3680555555555556
955,1.710005089433074,0.7524453008496645,955,75.87934875488281,75.84489440917969,288.0,0.3993055555555556
956,0.5867018607891488,1.5047935341546024,956,76.23480987548828,76.19979858398438,288.0,0.3923611111111111
957,0.5306826288129494,1.47652651828951,957,76.14183044433594,76.10726165771484,288.0,0.3541666666666667
958,0.7030951801560784,1.563653106591359,958,75.55548095703125,75.51968383789062,288.0,0.3680555555555556
959,-0.10759870604435408,1.6130399591192146,959,76.08455657958984,76.04949951171875,288.0,0.3784722222222222
960,0.31212787770006556,1.501661812109581,960,75.34280395507812,75.30809783935547,288.0,0.3576388888888889
961,0.8087847551672321,1.4843273593300041,961,75.72174072265625,75.6871337890625,288.0,0.2881944444444444
962,0.7231963622135257,1.4325451886883078,962,75.91288757324219,75.87918853759766,288.0,0.3472222222222222
963,0.2888208611828486,1.6095956032309091,963,75.6488037109375,75.6148452758789,288.0,0.3715277777777778
964,1.6414507801165295,0.9069824686000412,964,75.49628448486328,75.46247100830078,288.0,0.3090277777777778
965,1.5127748895882476,1.061912286766693,965,76.36795806884766,76.33308410644531,288.0,0.3055555555555556
966,0.6500440094584968,1.516683651594732,966,75.8753433227539,75.84133911132812,288.0,0.3229166666666667
967,1.1232362374321732,1.3017701378136972,967,75.51237487792969,75.4783935546875,288.0,0.40625
968,0.6567188928009385,1.5025189129991185,968,75.62561798095703,75.59136199951172,288.0,0.3819444444444444
969,0.4465973273695535,1.6764815785903502,969,75.08837890625,75.053466796875,288.0,0.3715277777777778
970,0.3156995147461446,1.5630075084384183,970,75.46187591552734,75.42781066894531,288.0,0.3715277777777778
971,0.3109305162841799,1.6674821363038166,971,75.25534057617188,75.22134399414062,288.0,0.375
972,0.725009676665369,1.401430419172651,972,75.30781555175781,75.27334594726562,288.0,0.3229166666666667
973,0.75994230737865,1.4908892295654965,973,75.34428405761719,75.30931091308594,288.0,0.3819444444444444
974,1.7543376381676472,0.7298740684438086,974,75.74169921875,75.70762634277344,288.0,0.3368055555555556
975,1.515834122742448,1.0454441912524597,975,75.72181701660156,75.68721008300781,288.0,0.3472222222222222
976,-0.2949430769175254,1.5230292397325973,976,76.58457946777344,76.54989624023438,288.0,0.3541666666666667
977,0.8205270452882542,1.4470451246598368,977,75.8185043334961,75.78399658203125,288.0,0.3159722222222222
978,0.6848378422874438,1.4984385787957013,978,76.32361602783203,76.2888412475586,288.0,0.3888888888888889
979,0.5546028948031616,1.5091415543960343,979,75.20547485351562,75.1706314086914,288.0,0.3402777777777778
980,0.43627152725159174,1.5535158176524262,980,74.84777069091797,74.8134536743164,288.0,0.3715277777777778
981,1.6527498551794317,0.9046380167683016,981,75.15498352050781,75.11990356445312,288.0,0.3298611111111111
982,0.7687464751151393,1.384169805068528,982,76.4172134399414,76.38236236572266,288.0,0.3159722222222222
983,0.32810489960967193,1.7308937473381,983,75.15742492675781,75.12312316894531,288.0,0.375
984,0.30356543447672873,1.5259343190545245,984,76.85992431640625,76.82540893554688,288.0,0.3472222222222222
985,0.4181048339677904,1.7339401602296693,985,76.36174011230469,76.32655334472656,288.0,0.375
986,1.4641651268207854,1.0835659639323854,986,76.63986206054688,76.60501861572266,288.0,0.4027777777777778
987,1.111897639556669,1.2913014523692035,987,75.4127426147461,75.37872314453125,288.0,0.3576388888888889
988,0.8249661589151923,1.3887934894065221,988,76.28974914550781,76.25536346435547,288.0,0.3402777777777778
989,0.33003359378877434,1.5387568135715335,989,77.05360412597656,77.01910400390625,288.0,0.3680555555555556
990,0.38594485368198317,1.5615179769017564,990,77.12007141113281,77.0845947265625,288.0,0.3888888888888889
991,0.16560602628942325,1.5156512472145445,991,76.47398376464844,76.439208984375,288.0,0.3229166666666667
992,0.19117147617945085,1.4923035984760968,992,76.87948608398438,76.84432983398438,288.0,0.34375
993,1.309987518024803,1.0555575676678857,993,75.546630859375,75.51192474365234,288.0,0.3402777777777778
994,0.042246728768561184,1.5497887535692685,994,76.85035705566406,76.81532287597656,288.0,0.3229166666666667
995,0.5617520234320197,1.5675846908513567,995,76.1286849975586,76.09376525878906,288.0,0.3368055555555556
996,1.1748319553962823,1.2359029546341942,996,76.99878692626953,76.96310424804688,288.0,0.3576388888888889
997,0.7176493710286773,1.4672758974610631,997,76.73820495605469,76.70288848876953,288.0,0.3194444444444444
998,0.9291831247359573,1.3954621695573555,998,76.70805358886719,76.6729736328125,288.0,0.3090277777777778
999,1.5222795977590753,1.0097143054406057,999,76.35761260986328,76.32185363769531,288.0,0.3680555555555556
1000,0.9688941256210826,1.3510940913975087,1000,76.20556640625,76.17094421386719,288.0,0.3715277777777778
1001,1.7295078946788738,0.6601152622292795,1001,76.27297973632812,76.23736572265625,288.0,0.3125
1002,0.5931886021468419,1.5006987709213093,1002,76.45925903320312,76.42396545410156,288.0,0.34375
1003,0.3514036465430866,1.5576128297051668,1003,75.4926986694336,75.45817565917969,288.0,0.3576388888888889
1004,0.5545974098417542,1.4366854933649669,1004,76.19674682617188,76.16119384765625,288.0,0.3298611111111111
1005,0.8736269454823875,1.4051333105936261,1005,76.60340881347656,76.56858825683594,288.0,0.3402777777777778
1006,-0.1280907157585077,1.4920244402868148,1006,76.17805480957031,76.14305114746094,288.0,0.3541666666666667
1007,0.6555540790386465,1.4483738108519397,1007,75.86178588867188,75.8265151977539,288.0,0.375
1008,-0.38287973715752444,1.453891612177038,1008,76.30169677734375,76.26670837402344,288.0,0.3298611111111111
1009,0.12043210178368097,1.630435643397385,1009,75.24839782714844,75.21382141113281,288.0,0.3680555555555556
1010,1.6177296325162793,0.9319060463489938,1010,76.44808197021484,76.41323852539062,288.0,0.3958333333333333
1011,0.10451343975988195,1.5774084910750608,1011,76.25601196289062,76.2217025756836,288.0,0.3263888888888889
1012,1.5844148566414629,0.9299470616156092,1012,76.22274780273438,76.1884765625,288.0,0.3159722222222222
1013,1.2941275945482458,1.1722347983620893,1013,76.61907196044922,76.5842056274414,288.0,0.3263888888888889
1014,0.7973110500938052,1.3340842560454576,1014,75.27250671386719,75.23846435546875,288.0,0.3159722222222222
1015,1.7052014281383836,0.6618654685419433,1015,76.130126953125,76.09611511230469,288.0,0.3715277777777778
1016,1.2249777673320499,1.235942280010829,1016,75.47894287109375,75.44393920898438,288.0,0.3159722222222222
1017,1.4067553425497612,1.1125255189778482,1017,75.90399169921875,75.86961364746094,288.0,0.3819444444444444
1018,1.7244003010067748,0.6904371868167649,1018,75.27371215820312,75.23941802978516,288.0,0.3194444444444444
1019,-0.05495648812662054,1.502821663937157,1019,75.9323501586914,75.89720916748047,288.0,0.3541666666666667
1020,1.5873512984990208,0.9060776045154909,1020,76.06904602050781,76.03427124023438,288.0,0.3472222222222222
1021,0.42001216811932257,1.5155611312993025,1021,75.40167236328125,75.36774444580078,288.0,0.3611111111111111
1022,1.425951154922946,1.044907978198904,1022,74.7395248413086,74.70460510253906,288.0,0.3576388888888889
1023,0.7485424307433253,1.4492019833270717,1023,75.92160034179688,75.88700103759766,288.0,0.3923611111111111
1024,0.3043191869241755,1.578408804903431,1024,76.3655776977539,76.33069610595703,288.0,0.3368055555555556
1025,1.6171144426025643,0.9210778545170727,1025,76.23143005371094,76.19666290283203,288.0,0.3125
1026,1.6576753541444635,0.7739500484120669,1026,75.77214050292969,75.73626708984375,288.0,0.3402777777777778
1027,1.6211682116108241,0.7212145301717086,1027,76.98792266845703,76.95197296142578,288.0,0.3090277777777778
1028,0.11728656606413373,1.5034887376073587,1028,76.47737884521484,76.44097900390625,288.0,0.2847222222222222
1029,1.542561779316925,0.9513289970150957,1029,76.07017517089844,76.03385925292969,288.0,0.3263888888888889
1030,0.8968340422497497,1.3666265798469452,1030,75.74261474609375,75.70707702636719,288.0,0.3333333333333333
1031,-0.26765429423764525,1.5522931418140236,1031,76.31812286376953,76.283203125,288.0,0.4027777777777778
1032,-0.3771991580518564,1.59360019860229,1032,75.30766296386719,75.27283477783203,288.0,0.3576388888888889
1033,0.22929355723602063,1.5201797767944645,1033,75.44612121582031,75.41131591796875,288.0,0.3194444444444444
1034,-0.35072550707592476,1.5118693417323663,1034,75.48513793945312,75.4503173828125,288.0,0.3194444444444444
1035,0.8347614831954249,1.4207651141550464,1035,76.67826843261719,76.64360046386719,288.0,0.3020833333333333
1036,0.6723858321330369,1.4173887588257084,1036,75.86264038085938,75.82879638671875,288.0,0.3333333333333333
1037,0.1693521960184307,1.6566199406876767,1037,76.22200775146484,76.18775939941406,288.0,0.3680555555555556
1038,0.19109154876161213,1.6760526713274582,1038,76.57801818847656,76.543212890625,288.0,0.3541666666666667
1039,1.5623261421377164,0.9348381820343574,1039,75.60897827148438,75.57435607910156,288.0,0.3402777777777778
1040,1.8026139578619764,0.5201682082446509,1040,76.21727752685547,76.18232727050781,288.0,0.3298611111111111
1041,1.2067535348286407,1.2533028319610415,1041,76.85005187988281,76.81497192382812,288.0,0.3576388888888889
1042,1.4425098246952501,1.0416115802378239,1042,75.88197326660156,75.84706115722656,288.0,0.3541666666666667
1043,1.7833281236048049,0.5484955751798867,1043,75.13410949707031,75.09954833984375,288.0,0.3194444444444444
1044,0.08396007579781958,1.5927029219175324,1044,76.36812591552734,76.33233642578125,288.0,0.3402777777777778
1045,0.049870755428126835,1.5188227430014565,1045,75.93354797363281,75.89875030517578,288.0,0.3298611111111111
1046,-0.1632755371585438,1.6328726771460786,1046,76.02383422851562,75.9885025024414,288.0,0.3263888888888889
1047,0.8245359690318281,1.487060685061282,1047,75.5769271850586,75.54256439208984,288.0,0.3298611111111111
1048,1.3101802387002892,1.1569337474286168,1048,75.17997741699219,75.14506530761719,288.0,0.3368055555555556
1049,1.750338742204736,0.4997103974200147,1049,75.10504913330078,75.07044219970703,288.0,0.2743055555555556
1050,1.6634021229957032,0.8375950187953127,1050,76.05105590820312,76.0165023803711,288.0,0.3854166666666667
1051,1.0899011413334858,1.3390806575951757,1051,75.97724914550781,75.94241333007812,288.0,0.2986111111111111
1052,1.245019202908784,1.1565610015977497,1052,76.23516845703125,76.19917297363281,288.0,0.2986111111111111
1053,0.7881503713971254,1.3306018526484205,1053,74.90205383300781,74.8674087524414,288.0,0.3125
1054,0.5937132910525984,1.4843907125119657,1054,76.35920715332031,76.3239517211914,288.0,0.3125
1055,0.5980644331341578,1.4024568757021352,1055,75.60728454589844,75.57305145263672,288.0,0.3229166666666667
1056,-0.15014167320252192,1.647285837566381,1056,75.80294036865234,75.768798828125,288.0,0.3368055555555556
1057,1.508414611249284,1.0317839133281268,1057,75.8964614868164,75.86238098144531,288.0,0.3125
1058,0.17420062894888866,1.5017659182679437,1058,76.04798889160156,76.01339721679688,288.0,0.3402777777777778
1059,0.9997132051306755,1.2749763190824799,1059,76.462158203125,76.42802429199219,288.0,0.3368055555555556
1060,1.559569802138423,0.9782989917694953,1060,76.29747772216797,76.26316833496094,288.0,0.3159722222222222
1061,0.3013767965985721,1.5514359693885662,1061,76.5966796875,76.56253051757812,288.0,0.3645833333333333
1062,0.5708590387930974,1.5413811469658125,1062,76.04361724853516,76.00918579101562,288.0,0.3229166666666667
1063,1.4019586999956648,1.1391763267286248,1063,75.83222961425781,75.79759216308594,288.0,0.3263888888888889
1064,1.6788988921786454,0.8410655720375604,1064,75.61508178710938,75.58036804199219,288.0,0.3541666666666667
1065,0.23815466218927503,1.4886178705857007,1065,76.55899047851562,76.52430725097656,288.0,0.3263888888888889
1066,0.48808000163549736,1.695749828473433,1066,76.13357543945312,76.09979248046875,288.0,0.3125
1067,0.4001829104074211,1.6618378280899415,1067,76.39197540283203,76.35752868652344,288.0,0.3506944444444444
1068,1.0519716589016563,1.335853318010364,1068,76.64486694335938,76.61042785644531,288.0,0.3159722222222222
1069,-0.18278973559226627,1.4865370148854122,1069,76.30815124511719,76.27333068847656,288.0,0.3229166666666667
1070,0.9857478390232843,1.3462553088330313,1070,75.85811614990234,75.82308959960938,288.0,0.3125
1071,1.5825450522657236,0.9134815015004265,1071,76.38861083984375,76.35367584228516,288.0,0.2951388888888889
1072,1.4481930749858516,1.0736347818098146,1072,76.57881164550781,76.54375457763672,288.0,0.3333333333333333
1073,0.4497415168657803,1.4942401038475552,1073,76.54293823242188,76.50723266601562,288.0,0.34375
1074,1.2077439905832634,1.341338379204753,1074,76.43870544433594,76.40254211425781,288.0,0.3472222222222222
1075,-0.25107734177523433,1.4963928471360204,1075,77.01984405517578,76.98511505126953,288.0,0.3784722222222222
1076,0.6071816224712612,1.5088904856630154,1076,76.34259033203125,76.30767822265625,288.0,0.3298611111111111
1077,0.9790880143845511,1.312265189609709,1077,76.74748992919922,76.71317291259766,288.0,0.3645833333333333
1078,0.8502116650476239,1.3221710059748035,1078,77.1480484008789,77.11349487304688,288.0,0.2777777777777778
1079,1.5404372746515076,0.9289635830046125,1079,76.89459228515625,76.8601303100586,288.0,0.3159722222222222
1080,0.7935089791582298,1.4026842028621174,1080,76.0814208984375,76.04671478271484,288.0,0.2673611111111111
1081,-0.11860785970517879,1.4484393438889813,1081,77.13190460205078,77.09684753417969,288.0,0.2951388888888889
1082,-0.3364665302184394,1.4860389586031912,1082,76.06466674804688,76.03004455566406,288.0,0.3541666666666667
1083,0.8158869796053444,1.411357497228952,1083,77.0396957397461,77.00438690185547,288.0,0.3333333333333333
1084,1.4091747878288865,1.054455926456806,1084,77.29198455810547,77.25743103027344,288.0,0.3402777777777778
1085,0.9661461580262724,1.3450318779297512,1085,76.88558197021484,76.85029602050781,288.0,0.3159722222222222
1086,1.0819948945075197,1.28322910669534,1086,76.68115997314453,76.64686584472656,288.0,0.2673611111111111
1087,1.179175291746176,1.2060771189698436,1087,77.77334594726562,77.73760986328125,288.0,0.3368055555555556
1088,0.2185189630382783,1.596301258859448,1088,76.74455261230469,76.7095947265625,288.0,0.3333333333333333
1089,-0.1704229763877706,1.606614278213592,1089,77.14506530761719,77.10975646972656,288.0,0.3333333333333333
1090,0.3995620738990401,1.4424481009179142,1090,76.64938354492188,76.61343383789062,288.0,0.3645833333333333
1091,0.06950974785162528,1.4638849351818932,1091,77.78947448730469,77.75482940673828,288.0,0.3020833333333333
1092,0.982497211406667,1.3856135281328616,1092,77.97350311279297,77.93790435791016,288.0,0.28125
1093,0.36429992268246253,1.5008346506956258,1093,77.2032470703125,77.16781616210938,288.0,0.3611111111111111
1094,0.5249115856392726,1.6436303912542811,1094,77.75450897216797,77.72027587890625,288.0,0.34375
1095,0.50136528633511,1.6796574697580338,1095,77.90168762207031,77.86799621582031,288.0,0.3715277777777778
1096,0.6553981770317834,1.4952405553301187,1096,77.05073547363281,77.01670837402344,288.0,0.2604166666666667
1097,0.8704206826244882,1.3442670583826375,1097,76.92323303222656,76.88888549804688,288.0,0.3159722222222222
1098,1.335476883229759,1.138374608372079,1098,77.57898712158203,77.54418182373047,288.0,0.24305555555555555
1099,1.33569626329056,1.1710980368650028,1099,77.11703491210938,77.08299255371094,288.0,0.3090277777777778
1100,0.4838106114149075,1.650042435792776,1100,76.85601806640625,76.82154846191406,288.0,0.3333333333333333
1101,1.0575021597136924,1.284255635941786,1101,77.3454360961914,77.31038665771484,288.0,0.3229166666666667
1102,0.7230178265176015,1.3738061272201982,1102,77.12968444824219,77.09437561035156,288.0,0.3159722222222222
1103,-0.055133715862504006,1.465423508748752,1103,78.44038391113281,78.40533447265625,288.0,0.2743055555555556
1104,1.2139909782902478,1.1902524015895972,1104,77.08564758300781,77.05049896240234,288.0,0.3333333333333333
1105,0.7041651014336072,1.4850222637642436,1105,77.07545471191406,77.0401840209961,288.0,0.2847222222222222
1106,-0.08232170803068455,1.5274253638170894,1106,77.01222229003906,76.9780044555664,288.0,0.3333333333333333
1107,-0.07383690916091146,1.613592581774973,1107,77.05039978027344,77.01619720458984,288.0,0.3506944444444444
1108,0.5207477104855844,1.5272974681532092,1108,76.597412109375,76.56348419189453,288.0,0.28125
1109,0.9113047931518121,1.3396137421409207,1109,76.44937896728516,76.41588592529297,288.0,0.3402777777777778
1110,0.5097272499426171,1.5007277096989495,1110,75.44972229003906,75.41573333740234,288.0,0.3125
1111,1.5490682866981917,0.9486555703853757,1111,76.6708984375,76.63632202148438,288.0,0.3020833333333333
1112,-0.3495473451972534,1.4185822352668473,1112,76.65919494628906,76.625732421875,288.0,0.3298611111111111
1113,1.3862609200014375,1.1264337473995216,1113,75.99459075927734,75.96092224121094,288.0,0.3298611111111111
1114,1.3401744169955743,1.089224336191089,1114,75.93266296386719,75.89895629882812,288.0,0.2916666666666667
1115,0.5200133310936879,1.4750824499582436,1115,76.41719818115234,76.38331604003906,288.0,0.3194444444444444
1116,0.13960330260717477,1.5049900183267522,1116,76.22869873046875,76.19444274902344,288.0,0.3194444444444444
1117,0.23856627781647763,1.4523324492392682,1117,75.62901306152344,75.59522247314453,288.0,0.2708333333333333
1118,0.6620001237511818,1.4135227843717215,1118,75.37667846679688,75.34236145019531,288.0,0.2986111111111111
1119,0.6404513412080769,1.3867824536293385,1119,76.49113464355469,76.45626831054688,288.0,0.28125
1120,1.432668742660826,1.1170670449841409,1120,76.66312408447266,76.62940216064453,288.0,0.2881944444444444
1121,-0.4451263785793633,1.4066603721958735,1121,75.84840393066406,75.8157730102539,288.0,0.3125
1122,1.422058726512387,1.0675716921643648,1122,75.86375427246094,75.82986450195312,288.0,0.2881944444444444
1123,-0.34382432989314177,1.5560039712488587,1123,76.11927795410156,76.08549499511719,288.0,0.3680555555555556
1124,-0.2971533842012622,1.6281056954350321,1124,76.3902587890625,76.35659790039062,288.0,0.3645833333333333
1125,-0.3461341215928308,1.3529123414168127,1125,76.36305236816406,76.32955932617188,288.0,0.28125
1126,-0.03713877953418993,1.3666821508530431,1126,75.73833465576172,75.70507049560547,288.0,0.2743055555555556
1127,-0.08331160670606069,1.562969695778388,1127,76.20335388183594,76.16995239257812,288.0,0.3402777777777778
1128,-0.4218022100317779,1.4502524591161732,1128,75.27435302734375,75.24105834960938,288.0,0.3472222222222222
1129,1.4923558797518532,1.0209855904430525,1129,76.68252563476562,76.64888000488281,288.0,0.3090277777777778
1130,-0.028644638595501988,1.4972538693755844,1130,76.12749481201172,76.0941162109375,288.0,0.3125
1131,1.4687435731890508,1.0627020373521108,1131,75.5147933959961,75.48149871826172,288.0,0.3402777777777778
1132,1.8285014324127264,0.5671130709936509,1132,74.81217956542969,74.77806854248047,288.0,0.3402777777777778
1133,0.9088679256888352,1.24855661542059,1133,76.24433898925781,76.21102905273438,288.0,0.3125
1134,-0.021901896278895397,1.4017101099470015,1134,75.45513916015625,75.42105102539062,288.0,0.2916666666666667
1135,1.4960527287025327,0.9728874852137419,1135,75.8359603881836,75.80230712890625,288.0,0.3020833333333333
1136,-0.3145953165176411,1.3113620961542767,1136,75.39814758300781,75.3653564453125,288.0,0.2951388888888889
1137,0.6070598331216972,1.3857441931983683,1137,76.53868103027344,76.50563049316406,288.0,0.2743055555555556
1138,-0.44547186780879244,1.3333965269872028,1138,74.91988372802734,74.88618469238281,288.0,0.2673611111111111
1139,0.5741355598421608,1.4000834042012866,1139,76.27749633789062,76.24461364746094,288.0,0.28125
1140,0.3863539393526966,1.4734398299132503,1140,76.31669616699219,76.28353881835938,288.0,0.3472222222222222
1141,0.8662503544372409,1.360579859383585,1141,76.14431762695312,76.11067199707031,288.0,0.3020833333333333
1142,-0.3351984819176868,1.4212387439121847,1142,75.55567169189453,75.5220947265625,288.0,0.2847222222222222
1143,1.252129541402724,1.2392089396293473,1143,76.35968780517578,76.3262939453125,288.0,0.3472222222222222
1144,1.0951645986141598,1.2890013903730508,1144,76.44609069824219,76.41191864013672,288.0,0.3263888888888889
1145,1.6407395817241832,0.8233413426016843,1145,75.58360290527344,75.549072265625,288.0,0.375
1146,1.128859557046648,1.248758440124585,1146,75.87252807617188,75.83885192871094,288.0,0.2916666666666667
1147,1.2350370203901246,1.1996605495693502,1147,75.11768341064453,75.08329772949219,288.0,0.2847222222222222
1148,0.4733614058594841,1.4251589457018627,1148,75.61823272705078,75.58341979980469,288.0,0.2916666666666667
1149,1.4310904524530907,1.0188136821984863,1149,75.73992919921875,75.70590209960938,288.0,0.23958333333333334
1150,1.388037802799831,1.1196864320348223,1150,75.57356262207031,75.53956604003906,288.0,0.2916666666666667
1151,1.6377530332688046,0.8206446263211259,1151,75.4224853515625,75.38856506347656,288.0,0.2986111111111111
1152,1.246049655257237,1.2124278194959004,1152,75.7818603515625,75.74732971191406,288.0,0.28125
1153,1.5721473616283292,0.9647463646047024,1153,75.96991729736328,75.935546875,288.0,0.3819444444444444
1154,0.5895657024670501,1.413066524309018,1154,75.22151947021484,75.18646240234375,288.0,0.2638888888888889
1155,1.6303366935617207,0.8125657944043567,1155,75.78803253173828,75.75205993652344,288.0,0.2673611111111111
1156,0.3635630862986103,1.5138948462367767,1156,75.16883850097656,75.13407135009766,288.0,0.3229166666666667
1157,-0.5400795583859163,1.4614484141763098,1157,75.9182357788086,75.88387298583984,288.0,0.3402777777777778
1158,0.740445956251625,1.4328675980563992,1158,76.15846252441406,76.12353515625,288.0,0.2916666666666667
1159,1.4059608036122737,1.1477975504337068,1159,76.02125549316406,75.98629760742188,288.0,0.3194444444444444
1160,1.2038110354188234,1.2508380310396607,1160,76.54505157470703,76.50938415527344,288.0,0.2916666666666667
1161,1.5384119746571419,0.8803819174767566,1161,76.42816162109375,76.39297485351562,288.0,0.2847222222222222
1162,0.9696744673908994,1.3121101554895154,1162,76.831298828125,76.79647064208984,288.0,0.3402777777777778
1163,1.7125085931453954,0.7148009808550585,1163,76.83979034423828,76.803466796875,288.0,0.3194444444444444
1164,1.7010623989885798,0.5525691010322341,1164,76.04183959960938,76.00497436523438,288.0,0.2569444444444444
1165,0.5677036380280815,1.4874284219204472,1165,76.38356018066406,76.34749603271484,288.0,0.2951388888888889
1166,0.9888405997044091,1.2813395720335183,1166,75.52909851074219,75.4936752319336,288.0,0.2604166666666667
1167,0.8804588377935275,1.3043174104551927,1167,75.27579498291016,75.24014282226562,288.0,0.2951388888888889
1168,0.8625954823181113,1.3608401122657496,1168,75.93429565429688,75.89859008789062,288.0,0.34375
1169,0.7315960227054032,1.4728687468440393,1169,76.36443328857422,76.32852172851562,288.0,0.28125
1170,1.5911869173735913,0.9668088560779787,1170,75.87527465820312,75.83918762207031,288.0,0.3020833333333333
1171,1.7492238587191826,0.7323853908311571,1171,75.5171127319336,75.4817123413086,288.0,0.3055555555555556
1172,0.758478489705938,1.4141179537586521,1172,75.98434448242188,75.94884490966797,288.0,0.2986111111111111
1173,1.6813848027510223,0.7984808751105638,1173,76.81053161621094,76.7750244140625,288.0,0.2743055555555556
1174,0.5555700130785447,1.4328173077156494,1174,75.6216049194336,75.58584594726562,288.0,0.2986111111111111
1175,0.521084953543133,1.5861562538936262,1175,76.26052856445312,76.22467803955078,288.0,0.3020833333333333
1176,1.0674606697403541,1.2426776293946984,1176,76.08236694335938,76.0467529296875,288.0,0.28125
1177,0.48974491326507763,1.4277341812096986,1177,75.70783233642578,75.67115783691406,288.0,0.2743055555555556
1178,1.0615912864529327,1.3825258290928875,1178,75.61520385742188,75.57998657226562,288.0,0.2847222222222222
1179,0.5394448658668755,1.5160330844860108,1179,75.87179565429688,75.83607482910156,288.0,0.3506944444444444
1180,0.7088707824571118,1.4849594456911446,1180,75.85684204101562,75.82183837890625,288.0,0.28125
1181,1.1066987605317544,1.2436051962493015,1181,76.03723907470703,76.00151062011719,288.0,0.28125
1182,-0.03456149607954592,1.4952557368706094,1182,76.70466613769531,76.66949462890625,288.0,0.2569444444444444
1183,0.274591047864496,1.4975006371430266,1183,75.14020538330078,75.10572814941406,288.0,0.2777777777777778
1184,1.1254010461744264,1.2610831518972179,1184,75.58309936523438,75.54832458496094,288.0,0.3090277777777778
1185,1.6846392807022441,0.8285659416077757,1185,75.70849609375,75.67352294921875,288.0,0.2569444444444444
1186,0.7172802135352503,1.415800889240584,1186,76.37753295898438,76.34317016601562,288.0,0.2847222222222222
1187,1.7238582054287679,0.7598067806288091,1187,76.04843139648438,76.01447296142578,288.0,0.2743055555555556
1188,1.206468038874279,1.17487778741784,1188,75.67280578613281,75.63887023925781,288.0,0.2638888888888889
1189,0.38930733799125217,1.5216297600359605,1189,76.9950180053711,76.96033477783203,288.0,0.3333333333333333
1190,-0.24126622025177255,1.4314974483004215,1190,76.42195892333984,76.38775634765625,288.0,0.2881944444444444
1191,-0.2583491284739382,1.4303324357321345,1191,75.25846099853516,75.22441101074219,288.0,0.28125
1192,1.6849140622333252,0.8278793517881647,1192,76.03733825683594,76.00257873535156,288.0,0.2881944444444444
1193,1.3948818431511765,1.1604391087173953,1193,76.555908203125,76.52082824707031,288.0,0.2986111111111111
1194,1.7765642794626184,0.6914580664456684,1194,75.20916748046875,75.17430877685547,288.0,0.2569444444444444
1195,1.3830204189145965,1.1108004048084268,1195,76.37025451660156,76.33574676513672,288.0,0.2881944444444444
1196,-0.33617350278234487,1.4981783114826261,1196,76.01237487792969,75.97852325439453,288.0,0.3229166666666667
1197,1.7363341058412616,0.6934589814612853,1197,75.51522064208984,75.48129272460938,288.0,0.2743055555555556
1198,1.6007973393968602,0.9327144899217319,1198,77.05780029296875,77.02352905273438,288.0,0.22569444444444445
1199,1.0903045587579048,1.2369350912784403,1199,76.05046081542969,76.01705169677734,288.0,0.3020833333333333
1200,-0.24713911099146835,1.4888617146511387,1200,75.55250549316406,75.51780700683594,288.0,0.2777777777777778
1201,0.44682268083564813,1.4433123108376387,1201,75.69842529296875,75.66448211669922,288.0,0.2777777777777778
1202,1.3749329236516301,1.1412396107570975,1202,76.3497314453125,76.31621551513672,288.0,0.28125
1203,1.566374708160306,0.9097718355278747,1203,76.24250793457031,76.2085189819336,288.0,0.25
1204,1.6765669930840363,0.8830253188140672,1204,76.34310913085938,76.30810546875,288.0,0.3090277777777778
1205,1.2085430225538996,1.2404591894029613,1205,75.81663513183594,75.78265380859375,288.0,0.3125
1206,0.5994382980800944,1.5200397421946987,1206,76.02041625976562,75.98548889160156,288.0,0.2847222222222222
1207,0.5177152228869372,1.590829242016663,1207,75.6302261352539,75.59577178955078,288.0,0.22916666666666666
1208,-0.07755776938454656,1.4668810357112294,1208,76.07734680175781,76.04251098632812,288.0,0.3229166666666667
1209,1.5235611628380683,0.9696701925620493,1209,76.5291748046875,76.49440002441406,288.0,0.2604166666666667
1210,1.7521372290711943,0.5001572905496939,1210,76.14778137207031,76.11335754394531,288.0,0.2534722222222222
1211,1.4313377388049688,1.1827232237383363,1211,75.91842651367188,75.88392639160156,288.0,0.2881944444444444
1212,0.5575379813463586,1.5564574924106342,1212,76.38502502441406,76.35083770751953,288.0,0.28125
1213,1.7153568736349567,0.7402444751191574,1213,76.05184936523438,76.01569366455078,288.0,0.2951388888888889
1214,0.8323079417204953,1.3095240516857103,1214,76.6004638671875,76.56608581542969,288.0,0.3159722222222222
1215,0.8401062040284953,1.4001708866690117,1215,76.8845443725586,76.849609375,288.0,0.2951388888888889
1216,-0.3653937869005412,1.4743757069379448,1216,76.1557388305664,76.12083435058594,288.0,0.3263888888888889
1217,1.717392335139978,0.7321167670042339,1217,76.54348754882812,76.5084228515625,288.0,0.2638888888888889
1218,0.5520533338061723,1.3671359070682636,1218,76.48374938964844,76.44772338867188,288.0,0.23958333333333334
1219,1.4885080865383893,1.053081331128412,1219,76.24722290039062,76.21253967285156,288.0,0.2916666666666667
1220,0.6299065983037839,1.540902396767263,1220,76.48648071289062,76.451171875,288.0,0.2534722222222222
1221,1.808181184713498,0.5137946631156842,1221,74.97100830078125,74.9349594116211,288.0,0.2743055555555556
1222,1.07320651216076,1.4193545145445752,1222,76.13792419433594,76.10243225097656,288.0,0.2604166666666667
1223,0.4853362924744101,1.5911106186987578,1223,76.19892883300781,76.16322326660156,288.0,0.2916666666666667
1224,1.19763765236332,1.2125531931420175,1224,76.57099151611328,76.53572082519531,288.0,0.2777777777777778
1225,0.9864691996715655,1.2923789010280113,1225,76.17790985107422,76.14179229736328,288.0,0.2743055555555556
1226,1.7816077038769684,0.5008951247716094,1226,76.04359436035156,76.00791931152344,288.0,0.2951388888888889
1227,0.4277293795949445,1.5508123370595517,1227,76.18609619140625,76.15045166015625,288.0,0.2951388888888889
1228,1.5930378079024368,0.9863659859494254,1228,76.6662826538086,76.630615234375,288.0,0.2604166666666667
1229,1.6770480874599756,0.4792400037327624,1229,76.45947265625,76.42420959472656,288.0,0.2673611111111111
1230,1.3694567981104353,0.9916551531739632,1230,76.10801696777344,76.07255554199219,288.0,0.2916666666666667
1231,0.8765285091020458,1.3967701140417825,1231,75.97712707519531,75.94113159179688,288.0,0.2708333333333333
1232,1.7147674418069978,0.5730467922361346,1232,75.98460388183594,75.9482421875,288.0,0.2604166666666667
1233,0.8613630397634146,1.4266420377912192,1233,76.50415802001953,76.46900939941406,288.0,0.3055555555555556
1234,-0.06299945612427443,1.5226366275213927,1234,76.25814819335938,76.22315979003906,288.0,0.3194444444444444
1235,1.815522352833591,0.4730454334937974,1235,75.70292663574219,75.6671142578125,288.0,0.2604166666666667
1236,0.5478635758958595,1.5957890950230555,1236,75.84855651855469,75.81275177001953,288.0,0.3263888888888889
1237,0.2201126624122914,1.4559208099726348,1237,75.84878540039062,75.81426239013672,288.0,0.25
1238,1.4861585258789445,0.975885929082972,1238,74.80026245117188,74.76529693603516,288.0,0.2986111111111111
1239,1.2220260798267288,1.257530290180861,1239,75.88243103027344,75.84683990478516,288.0,0.3055555555555556
1240,1.3907082867342773,1.0876257202431632,1240,76.00670623779297,75.97235107421875,288.0,0.2916666666666667
1241,1.4627671633872055,1.030255299448505,1241,76.21980285644531,76.18537902832031,288.0,0.2916666666666667
1242,0.7200560525283201,1.4244334033196318,1242,75.82655334472656,75.79167175292969,288.0,0.28125
1243,1.0788744701200688,1.2067135569566438,1243,75.158447265625,75.12353515625,288.0,0.2465277777777778
1244,1.7925211438499389,0.49467557299151343,1244,76.24150085449219,76.20626831054688,288.0,0.3159722222222222
1245,0.6691897662473943,1.3173172386781133,1245,75.13350677490234,75.09803771972656,288.0,0.2534722222222222
1246,0.5526831241575194,1.5081494344328212,1246,75.3814697265625,75.34751892089844,288.0,0.3159722222222222
1247,1.77084585597301,0.7072078779012969,1247,76.41551208496094,76.38021850585938,288.0,0.2743055555555556
1248,0.867393248747283,1.3497418510443535,1248,76.36497497558594,76.33003234863281,288.0,0.2777777777777778
1249,1.0489535684138676,1.2724738528049637,1249,75.72846984863281,75.69308471679688,288.0,0.2881944444444444
1250,0.4456309862771154,1.6578255090091074,1250,76.06376647949219,76.02881622314453,288.0,0.3298611111111111
1251,0.8987834234067379,1.468999932381841,1251,76.76620483398438,76.73114776611328,288.0,0.2916666666666667
1252,1.6462847177720512,0.7666160392559331,1252,75.87417602539062,75.8388671875,288.0,0.2777777777777778
1253,1.728059855836426,0.645561112412627,1253,76.01140594482422,75.97630310058594,288.0,0.2951388888888889
1254,1.409881186243157,0.9994743848745408,1254,76.54351806640625,76.50810241699219,288.0,0.2048611111111111
1255,1.7715754859217527,0.6754192033126499,1255,76.41886901855469,76.38423919677734,288.0,0.2743055555555556
1256,1.1084740453549857,1.2910458580924051,1256,75.64401245117188,75.60856628417969,288.0,0.2777777777777778
1257,0.9347844218855723,1.3318311539712704,1257,76.62934875488281,76.59505462646484,288.0,0.2638888888888889
1258,1.215245579575256,1.2775585531216167,1258,76.19094848632812,76.15678405761719,288.0,0.3125
1259,1.2863508364128036,1.174148098065955,1259,75.99307250976562,75.95817565917969,288.0,0.2638888888888889
1260,0.6138526070563199,1.4944868509972784,1260,75.69466400146484,75.65972900390625,288.0,0.20833333333333334
1261,1.5975684702702835,0.9133088626799466,1261,75.51689147949219,75.48194885253906,288.0,0.2465277777777778
1262,1.7202158448129707,0.6927289271170791,1262,75.97238159179688,75.93828582763672,288.0,0.2569444444444444
1263,1.8046486785293017,0.47723383002517417,1263,75.37369537353516,75.3384780883789,288.0,0.3055555555555556
1264,0.21142272219777103,1.43347263914792,1264,76.37753295898438,76.3421630859375,288.0,0.2534722222222222
1265,0.7075487739055504,1.4699914342855709,1265,75.8475341796875,75.81305694580078,288.0,0.25
1266,1.5320051712558416,1.0011859028508385,1266,76.54153442382812,76.50675964355469,288.0,0.2743055555555556
1267,0.893768444999276,1.4486350617781953,1267,76.24083709716797,76.20616912841797,288.0,0.2569444444444444
1268,1.568041865146383,0.9942849573308304,1268,76.25318908691406,76.21880340576172,288.0,0.28125
1269,0.12828317530145444,1.5013191217454052,1269,76.8376235961914,76.80265808105469,288.0,0.2326388888888889
1270,0.5629357852838495,1.4100179207826533,1270,76.49253845214844,76.45816802978516,288.0,0.23958333333333334
1271,0.7476702347766976,1.3434916167030202,1271,76.28790283203125,76.25276184082031,288.0,0.2569444444444444
1272,0.23387213325303888,1.5109948108059092,1272,76.04759216308594,76.01229858398438,288.0,0.3020833333333333
1273,1.3295148520904827,1.1307368746095912,1273,76.00935363769531,75.97483825683594,288.0,0.2326388888888889
1274,0.9706162676939631,1.396694503350588,1274,75.47798156738281,75.44391632080078,288.0,0.2326388888888889
1275,1.8187596637912695,0.5427511113740382,1275,75.24626159667969,75.21163940429688,288.0,0.2326388888888889
1276,0.7372351780117684,1.3841792938653374,1276,75.79989624023438,75.7659683227539,288.0,0.2638888888888889
1277,0.6675474009587272,1.4132045672043623,1277,75.93045806884766,75.89588928222656,288.0,0.3055555555555556
1278,0.7374437812940655,1.4547686369078638,1278,76.08793640136719,76.0525131225586,288.0,0.3020833333333333
1279,0.9274468156246607,1.3746126021883036,1279,76.30220031738281,76.2682876586914,288.0,0.2673611111111111
1280,1.771074336497311,0.6608750518473796,1280,75.63583374023438,75.60123443603516,288.0,0.2673611111111111
1281,0.8868472157464944,1.3227634192371842,1281,76.03749084472656,76.00273895263672,288.0,0.23958333333333334
1282,0.6373768064214159,1.4111395770522062,1282,76.35736083984375,76.32328796386719,288.0,0.2534722222222222
1283,1.759207066208223,0.7296619265048396,1283,75.42543029785156,75.39006042480469,288.0,0.2604166666666667
1284,0.6558759198557117,1.3774698852962617,1284,76.1295166015625,76.09501647949219,288.0,0.3020833333333333
1285,1.2992372368028615,1.1263963334447347,1285,76.29889678955078,76.26466369628906,288.0,0.2326388888888889
1286,0.5704619944658494,1.602923391251815,1286,75.63987731933594,75.60537719726562,288.0,0.3194444444444444
1287,1.7407594647275704,0.6214420304784277,1287,75.77665710449219,75.74153137207031,288.0,0.2638888888888889
1288,1.8172958452229138,0.5547406639457217,1288,76.87870788574219,76.8438720703125,288.0,0.2777777777777778
1289,0.6642947795659597,1.5064525398803885,1289,74.74037170410156,74.70604705810547,288.0,0.2326388888888889
1290,1.3575458344701181,1.0997029156371922,1290,75.63865661621094,75.60386657714844,288.0,0.2708333333333333
1291,0.770081100438969,1.3551805802033703,1291,76.1187744140625,76.08433532714844,288.0,0.2743055555555556
1292,0.8128282125961844,1.3229911550343532,1292,76.35365295410156,76.31916809082031,288.0,0.2604166666666667
1293,1.4625112285315096,1.0935782586238914,1293,76.36883544921875,76.33369445800781,288.0,0.2777777777777778
1294,0.977928237261336,1.2667382803214755,1294,76.43229675292969,76.39739990234375,288.0,0.2743055555555556
1295,-0.18849680977336414,1.4886628120294494,1295,75.44542694091797,75.41067504882812,288.0,0.2743055555555556
1296,1.2532143919551046,1.2018033728713649,1296,76.54197692871094,76.50813293457031,288.0,0.2708333333333333
1297,1.3649785269483958,1.132968851146711,1297,75.678466796875,75.64385223388672,288.0,0.1909722222222222
1298,0.8785937636303375,1.2799342677656502,1298,75.5408935546875,75.5064697265625,288.0,0.22916666666666666
1299,0.7512248592034823,1.4841023373020077,1299,76.7037353515625,76.6688461303711,288.0,0.28125
1300,1.2236976816599714,1.1200958829009546,1300,75.96253967285156,75.92835998535156,288.0,0.22916666666666666
1301,1.7402129670271191,0.4912995552900008,1301,75.50946044921875,75.47462463378906,288.0,0.28125
1302,0.028526689242573598,1.3670900365059075,1302,76.28826141357422,76.25373077392578,288.0,0.24305555555555555
1303,0.717261156278964,1.3117906256207685,1303,76.00999450683594,75.97537231445312,288.0,0.24305555555555555
1304,1.7111725335289434,0.7481596645716025,1304,75.97906494140625,75.94474029541016,288.0,0.28125
1305,1.4968283191334335,1.0479984607703658,1305,76.12849426269531,76.094482421875,288.0,0.21180555555555555
1306,0.1972186615510865,1.4464101009880306,1306,76.50028228759766,76.46503448486328,288.0,0.2465277777777778
1307,0.32945561005794244,1.5203572359859667,1307,76.12950134277344,76.09466552734375,288.0,0.2743055555555556
1308,1.4958591900507068,0.9966925906017172,1308,75.20367431640625,75.16966247558594,288.0,0.2326388888888889
1309,0.9679956959882053,1.35868230838655,1309,75.65831756591797,75.6247329711914,288.0,0.2361111111111111
1310,1.6260965712521949,0.8943449244831009,1310,76.41046142578125,76.37617492675781,288.0,0.28125
1311,0.8903812159864803,1.2129256971203661,1311,76.36556243896484,76.3314208984375,288.0,0.21180555555555555
1312,0.8557798117966938,1.4827640335258374,1312,75.90178680419922,75.86653137207031,288.0,0.3090277777777778
1313,0.39386408975320486,1.4206554227893695,1313,75.24423217773438,75.20894622802734,288.0,0.2569444444444444
1314,0.20923779068885032,1.3743010254165597,1314,75.52607727050781,75.49253845214844,288.0,0.22916666666666666
1315,1.1513502402933526,1.2334455530256905,1315,74.90892791748047,74.8746109008789,288.0,0.2638888888888889
1316,1.5686957541502804,0.9596655565934595,1316,75.1977310180664,75.16366577148438,288.0,0.2361111111111111
1317,1.3106516791199974,1.1003750929673903,1317,75.36488342285156,75.33056640625,288.0,0.2673611111111111
1318,0.3980933207117742,1.4081608486892963,1318,75.18031311035156,75.14610290527344,288.0,0.2847222222222222
1319,1.655029759282573,0.9019009014764862,1319,76.763916015625,76.73006439208984,288.0,0.2361111111111111
1320,1.5206177051256224,0.9803133244575292,1320,76.09968566894531,76.06474304199219,288.0,0.2222222222222222
1321,0.3168975611462638,1.5072738130571222,1321,76.30685424804688,76.27330017089844,288.0,0.2743055555555556
1322,1.7494041239079892,0.7415523181258448,1322,75.48818969726562,75.45335388183594,288.0,0.3020833333333333
1323,1.43108808305198,1.1228845767285662,1323,76.31883239746094,76.28443145751953,288.0,0.25
1324,0.6104086644286215,1.4710980739502948,1324,75.37446594238281,75.34017944335938,288.0,0.2534722222222222
1325,0.9567952415052238,1.4272510941881922,1325,74.48968505859375,74.45560455322266,288.0,0.2743055555555556
1326,0.3904159346753515,1.4674391597618206,1326,74.9261703491211,74.891845703125,288.0,0.2569444444444444
1327,0.8048076704551586,1.3198103474126528,1327,75.22982788085938,75.19627380371094,288.0,0.24305555555555555
1328,1.575622160575889,0.9626078453284468,1328,74.69551849365234,74.66156768798828,288.0,0.22916666666666666
1329,0.49116850009110113,1.3633909048439534,1329,75.18954467773438,75.15548706054688,288.0,0.22916666666666666
1330,1.303224626604464,1.0942609470404978,1330,74.42094421386719,74.38742065429688,288.0,0.2534722222222222
1331,0.8874290684424624,1.3065136947348097,1331,75.09410858154297,75.06082153320312,288.0,0.21180555555555555
1332,1.4941972786510351,1.0642139835109443,1332,75.1942367553711,75.1600112915039,288.0,0.2951388888888889
1333,0.7364114318270107,1.3786485917017184,1333,75.43814086914062,75.40400695800781,288.0,0.2361111111111111
1334,0.5029894076791691,1.40235652664169,1334,75.5185546875,75.48502349853516,288.0,0.2881944444444444
1335,0.6220320260096843,1.4281711444234784,1335,75.65518188476562,75.62211608886719,288.0,0.2743055555555556
1336,-0.1911873313176861,1.2779851735256516,1336,74.98753356933594,74.95436096191406,288.0,0.22916666666666666
1337,1.635710859520466,0.9169859476661842,1337,76.20304870605469,76.16889953613281,288.0,0.23958333333333334
1338,0.5829376198282865,1.3974200217602037,1338,75.79991912841797,75.76560974121094,288.0,0.2569444444444444
1339,1.7106368457832375,0.7680476778093017,1339,75.61579895019531,75.58209228515625,288.0,0.2708333333333333
1340,1.5556074140413376,0.9926242223816348,1340,75.10205078125,75.06819152832031,288.0,0.2465277777777778
1341,0.15250190081998288,1.3262335792230282,1341,74.85676574707031,74.82331085205078,288.0,0.21180555555555555
1342,1.756560661113031,0.7693546219434684,1342,76.34319305419922,76.30780792236328,288.0,0.1909722222222222
1343,0.7952764683727248,1.3714279077828637,1343,75.70390319824219,75.66967010498047,288.0,0.25
1344,1.111455915279957,1.2369998845676733,1344,75.44548797607422,75.41116333007812,288.0,0.2569444444444444
1345,1.0046765119339294,1.2769038591324688,1345,75.15538024902344,75.12052917480469,288.0,0.23958333333333334
1346,0.2786269422503135,1.438188093763826,1346,75.68560791015625,75.65138244628906,288.0,0.25
1347,1.5957473411163146,0.9346106229965577,1347,75.46717071533203,75.43279266357422,288.0,0.2708333333333333
1348,0.22431939191599837,1.4815143395913697,1348,75.02742004394531,74.99301147460938,288.0,0.23958333333333334
1349,0.16770340173240486,1.3210539506499956,1349,75.89405822753906,75.85960388183594,288.0,0.2361111111111111
1350,1.6818543597453999,0.8388012130293289,1350,75.30348205566406,75.26893615722656,288.0,0.2534722222222222
1351,1.1415708487023828,1.1823335476680341,1351,75.37814331054688,75.34429931640625,288.0,0.25
1352,0.06016102755482692,1.432006122150345,1352,75.59195709228516,75.55793762207031,288.0,0.2326388888888889
1353,1.181269159973142,1.177047265955688,1353,75.72631072998047,75.69285583496094,288.0,0.23958333333333334
1354,0.4165366312711282,1.45759876711813,1354,75.49390411376953,75.4607925415039,288.0,0.25
1355,-0.2786329851795636,1.2279346056359037,1355,75.2447738647461,75.21115112304688,288.0,0.23958333333333334
1356,1.4111169067194922,1.0459981506197276,1356,76.11820983886719,76.08470153808594,288.0,0.22569444444444445
1357,1.7205606085835587,0.8102100922947876,1357,75.0154037475586,74.98268127441406,288.0,0.2361111111111111
1358,-0.09989703235542735,1.4806590271739668,1358,75.7765884399414,75.74299621582031,288.0,0.2604166666666667
1359,1.4449435869127738,0.9467669421315433,1359,75.69861602783203,75.66500854492188,288.0,0.2569444444444444
1360,1.7459419916642749,0.7647110393890475,1360,75.00330352783203,74.97015380859375,288.0,0.2465277777777778
1361,0.8739608005053133,1.2898628238180034,1361,75.56004333496094,75.52639770507812,288.0,0.2604166666666667
1362,1.2680075033833675,1.200255436236726,1362,76.11299133300781,76.07937622070312,288.0,0.2465277777777778
1363,1.5970974302514767,0.8563137615096985,1363,75.26235961914062,75.2280044555664,288.0,0.22916666666666666
1364,0.3128861264340828,1.3877854981720106,1364,75.2751235961914,75.24177551269531,288.0,0.23958333333333334
1365,1.0026394520493558,1.2479638242732196,1365,74.78179931640625,74.74858093261719,288.0,0.21875
1366,1.732644637995912,0.6754154991121559,1366,75.11314392089844,75.07997131347656,288.0,0.2361111111111111
1367,1.3558818248806235,1.0611775468967166,1367,75.50047302246094,75.46659851074219,288.0,0.20833333333333334
1368,1.7605995958554614,0.732712948400564,1368,76.45890045166016,76.425048828125,288.0,0.2638888888888889
1369,0.7196792775154209,1.5322878909651947,1369,75.285400390625,75.25072479248047,288.0,0.2638888888888889
1370,0.4172726940571024,1.6116231081599435,1370,75.25761413574219,75.22415924072266,288.0,0.25
1371,1.3576221799568784,1.0262719403225065,1371,75.76904296875,75.73576354980469,288.0,0.2569444444444444
1372,0.9028758014213403,1.3317979501666632,1372,75.51065063476562,75.47698211669922,288.0,0.22569444444444445
1373,1.8098932655667828,0.6746844171632637,1373,75.24175262451172,75.20758056640625,288.0,0.2222222222222222
1374,0.908964210000149,1.294944888881533,1374,75.39990234375,75.3660888671875,288.0,0.21875
1375,0.5645334496835911,1.2796277467063135,1375,75.31501770019531,75.28128051757812,288.0,0.23958333333333334
1376,0.6626237924379021,1.255443313810249,1376,75.04975891113281,75.01622009277344,288.0,0.28125
1377,1.584422662268221,0.9946342814934163,1377,75.3304443359375,75.29663848876953,288.0,0.2708333333333333
1378,1.69063261212458,0.6120218178298987,1378,75.66692352294922,75.63279724121094,288.0,0.2986111111111111
1379,1.1245545255720764,1.2634063434531992,1379,75.33396911621094,75.29995727539062,288.0,0.24305555555555555
1380,0.5226026969498115,1.3954417928696443,1380,75.24726104736328,75.21240234375,288.0,0.2465277777777778
1381,1.8138010716964514,0.5746942540281765,1381,75.02360534667969,74.98893737792969,288.0,0.2361111111111111
1382,1.6869631152402076,0.7665098506309868,1382,74.95808410644531,74.92466735839844,288.0,0.2777777777777778
1383,1.5226553923466293,1.0134104036941942,1383,74.94129943847656,74.90715026855469,288.0,0.2465277777777778
1384,1.5073808547767207,1.0150466803961309,1384,75.24006652832031,75.20629119873047,288.0,0.22569444444444445
1385,1.7385032367089694,0.7791923161557547,1385,75.42826843261719,75.39363098144531,288.0,0.2569444444444444
1386,1.5084155986626135,0.9773140877461876,1386,75.2615737915039,75.22784423828125,288.0,0.23958333333333334
1387,0.978206140260244,1.2160803240792593,1387,75.96638488769531,75.93155670166016,288.0,0.17708333333333334
1388,1.7491281438615103,0.47847120758096817,1388,76.4122314453125,76.37725830078125,288.0,0.21180555555555555
1389,1.180316386627081,1.1368893472791197,1389,76.59684753417969,76.56163024902344,288.0,0.22916666666666666
1390,0.6054061308523616,1.3915539576343234,1390,76.29521942138672,76.26031494140625,288.0,0.22916666666666666
1391,1.7078524742675099,0.6926950952435507,1391,76.17017364501953,76.13502502441406,288.0,0.25
1392,1.731205069323834,0.4881760998778608,1392,75.67558288574219,75.64042663574219,288.0,0.24305555555555555
1393,1.7310458121122894,0.7157832678885873,1393,76.01514434814453,75.97850799560547,288.0,0.2777777777777778
1394,1.0412592100572364,1.2925784334579624,1394,75.689208984375,75.65394592285156,288.0,0.2152777777777778
1395,1.721916943752755,0.7017120444096311,1395,76.0601577758789,76.02421569824219,288.0,0.16666666666666666
1396,1.5476270895563338,0.9253473003083234,1396,75.25790405273438,75.22195434570312,288.0,0.18055555555555555
1397,1.0090353747696075,1.3684882593628729,1397,75.80801391601562,75.77215576171875,288.0,0.2534722222222222
1398,1.3672500716389324,1.12054773983544,1398,75.06159210205078,75.02513122558594,288.0,0.2638888888888889
1399,0.9549256966115853,1.2670842565926088,1399,76.00605773925781,75.97063446044922,288.0,0.2881944444444444
1400,0.5395445090902784,1.5833439002054426,1400,75.95594787597656,75.92074584960938,288.0,0.2326388888888889
1401,1.7898670632463864,0.6220705548766776,1401,76.28396606445312,76.24787139892578,288.0,0.24305555555555555
1402,0.8301026665175828,1.1937187154853164,1402,76.13525390625,76.09947204589844,288.0,0.18055555555555555
1403,1.8413209177676757,0.5744055416804669,1403,76.59476470947266,76.55894470214844,288.0,0.1736111111111111
1404,0.6422858620851408,1.4590213045585614,1404,77.06980895996094,77.03397369384766,288.0,0.21875
1405,1.1499806648712587,1.287644091625861,1405,75.74667358398438,75.71177673339844,288.0,0.23958333333333334
1406,1.7120261576506703,0.7987900533874397,1406,75.75440979003906,75.7188949584961,288.0,0.2465277777777778
1407,1.5859433949932193,0.970188626381783,1407,75.2450942993164,75.21011352539062,288.0,0.2222222222222222
1408,0.9171420161188922,1.306048916483678,1408,75.46099853515625,75.42529296875,288.0,0.2569444444444444
1409,1.6659426294224629,0.7494605355439002,1409,76.50757598876953,76.47254943847656,288.0,0.2361111111111111
1410,1.324527077000138,1.126068318587432,1410,76.2757568359375,76.24051666259766,288.0,0.2361111111111111
1411,1.8613884739958688,0.4335042857472351,1411,76.31378173828125,76.27837371826172,288.0,0.2326388888888889
1412,1.129680293463423,1.1533527455357906,1412,76.10124206542969,76.06559753417969,288.0,0.2013888888888889
1413,1.1893871938241283,1.0332662576990985,1413,75.34315490722656,75.30847930908203,288.0,0.1909722222222222
1414,1.5618287306830245,0.9382056739892392,1414,76.10749816894531,76.07279205322266,288.0,0.2048611111111111
1415,1.7290643554765333,0.7976827812892133,1415,75.71051025390625,75.67413330078125,288.0,0.2777777777777778
1416,1.5046993592150506,0.9949599661812493,1416,75.76467895507812,75.72960662841797,288.0,0.2152777777777778
1417,1.7557431447847447,0.7429811456623697,1417,75.35598754882812,75.322021484375,288.0,0.22916666666666666
1418,1.179752014784612,1.2681762357670365,1418,75.36691284179688,75.33245849609375,288.0,0.2048611111111111
1419,0.5801889338275958,1.5796016999680795,1419,75.79795837402344,75.76329040527344,288.0,0.2638888888888889
1420,1.7447065359637743,0.7473310273897893,1420,75.69438934326172,75.65977478027344,288.0,0.2569444444444444
1421,1.7807191539349176,0.6976909983300755,1421,75.39768981933594,75.36353302001953,288.0,0.2604166666666667
1422,1.1229988252889842,1.2514836165627081,1422,75.83528900146484,75.8006362915039,288.0,0.2048611111111111
1423,0.5863125204302759,1.2541172189668002,1423,75.08392333984375,75.04965209960938,288.0,0.2013888888888889
1424,1.7388460590392094,0.75714588934721,1424,75.99928283691406,75.964599609375,288.0,0.22569444444444445
1425,1.7198910098293776,0.7516482186296938,1425,76.11695861816406,76.0816650390625,288.0,0.2569444444444444
1426,1.630523923245204,0.9177019646457224,1426,75.9065170288086,75.87124633789062,288.0,0.22569444444444445
1427,0.6720581207352764,1.4018080264623491,1427,75.95150756835938,75.91651916503906,288.0,0.21180555555555555
1428,1.569063344219651,0.9472582793968041,1428,75.60797882080078,75.57316589355469,288.0,0.2013888888888889
1429,1.756039432570615,0.739150798426587,1429,75.90756225585938,75.87152099609375,288.0,0.22916666666666666
1430,1.6043484183243546,0.9632409422447141,1430,76.25660705566406,76.22191619873047,288.0,0.20833333333333334
1431,1.8146031322631977,0.6675013417084832,1431,76.25364685058594,76.21800994873047,288.0,0.22916666666666666
1432,1.372324426406391,1.0806533606109126,1432,75.29756164550781,75.262451171875,288.0,0.22569444444444445
1433,1.0298914653184548,1.3151587507360754,1433,76.53218841552734,76.49747467041016,288.0,0.2534722222222222
1434,1.2073460509129088,1.189290644426346,1434,74.9715576171875,74.93681335449219,288.0,0.2326388888888889
1435,1.6730488378186474,0.7308862584318794,1435,75.36582946777344,75.33065795898438,288.0,0.17708333333333334
1436,1.3450035169017616,1.050560771606589,1436,74.20761108398438,74.172607421875,288.0,0.22916666666666666
1437,1.764535868227541,0.7468784749550029,1437,75.52861785888672,75.49407958984375,288.0,0.2152777777777778
1438,1.5792249037525212,0.9813337450151971,1438,75.39588165283203,75.360595703125,288.0,0.2638888888888889
1439,1.6076983486269352,0.8898687129722154,1439,75.35005187988281,75.3157730102539,288.0,0.2777777777777778
1440,1.6128384896377779,0.8231378603949842,1440,75.28923034667969,75.25408172607422,288.0,0.19791666666666666
1441,1.7243871141723006,0.6765571896804503,1441,75.09037780761719,75.05574798583984,288.0,0.22916666666666666
1442,0.626941762926248,1.3809887502567821,1442,75.21115112304688,75.17593383789062,288.0,0.22569444444444445
1443,1.50476050880995,1.0341906027942651,1443,75.39590454101562,75.36087799072266,288.0,0.2604166666666667
1444,1.7969185493492834,0.6858030946828443,1444,76.07327270507812,76.03778076171875,288.0,0.21875
1445,0.46766031983824696,1.5047981083498168,1445,75.88734436035156,75.85263061523438,288.0,0.2847222222222222
1446,0.9053192581379642,1.2916024279851728,1446,74.77326202392578,74.73925018310547,288.0,0.23958333333333334
1447,0.9394078367576033,1.3133816928377067,1447,75.06057739257812,75.02561950683594,288.0,0.2847222222222222
1448,0.24959737852292582,1.304380112442538,1448,76.3921127319336,76.35762023925781,288.0,0.24305555555555555
1449,1.6102868481154977,0.7668364491136618,1449,76.77346801757812,76.73807525634766,288.0,0.21180555555555555
1450,1.755343977761748,0.561759028978894,1450,75.83116149902344,75.79620361328125,288.0,0.1909722222222222
1451,0.7602756346105524,1.3442405152918273,1451,75.49470520019531,75.45948028564453,288.0,0.16319444444444445
1452,0.9288714245517935,1.3346439777879697,1452,76.80998992919922,76.775146484375,288.0,0.23958333333333334
1453,1.1719746524449095,1.168837560888751,1453,75.19827270507812,75.16441345214844,288.0,0.23958333333333334
1454,1.75798198249858,0.7203613862144123,1454,75.96409606933594,75.9296646118164,288.0,0.2048611111111111
1455,1.570911896011823,0.9333569984273333,1455,75.54910278320312,75.51405334472656,288.0,0.2361111111111111
1456,1.616710756063914,0.915505110845848,1456,76.26252746582031,76.22709655761719,288.0,0.23958333333333334
1457,1.636976673968152,0.9064047186455674,1457,76.22128295898438,76.1866226196289,288.0,0.2048611111111111
1458,1.6712771283614676,0.8599829048143228,1458,75.75003051757812,75.71426391601562,288.0,0.2465277777777778
1459,1.8030246787690365,0.5730435375288286,1459,76.45365905761719,76.41753387451172,288.0,0.19444444444444445
1460,1.5050015706260045,0.9807837515381552,1460,76.00689697265625,75.97286987304688,288.0,0.17708333333333334
1461,1.4924459734565692,1.0055842363700855,1461,77.15335845947266,77.1185302734375,288.0,0.2465277777777778
1462,1.526288450923501,0.9555724037898135,1462,75.79771423339844,75.76274871826172,288.0,0.19791666666666666
1463,1.7214295345327568,0.7812329490606217,1463,75.76419830322266,75.72988891601562,288.0,0.2222222222222222
1464,1.7239526268437009,0.785990188530492,1464,76.60929107666016,76.57444763183594,288.0,0.2777777777777778
1465,1.2634539814939136,1.0824339286005278,1465,77.01976013183594,76.98513793945312,288.0,0.2048611111111111
1466,1.6491151414561298,0.8767762794201989,1466,76.68699645996094,76.65190124511719,288.0,0.2222222222222222
1467,1.4955700631332545,1.0255786837120267,1467,75.38412475585938,75.3497543334961,288.0,0.2222222222222222
1468,1.8161414774421942,0.6710606366063863,1468,76.44725799560547,76.41220092773438,288.0,0.22916666666666666
1469,0.7472422056002878,1.3780286351661524,1469,76.08504486083984,76.0501708984375,288.0,0.2152777777777778
1470,1.1066167226547616,1.360323509703085,1470,76.0445327758789,76.00889587402344,288.0,0.2673611111111111
1471,1.7845831381256418,0.662892077899433,1471,75.81045532226562,75.77603912353516,288.0,0.2152777777777778
1472,1.6934314799157972,0.7001638956496299,1472,76.55287170410156,76.51789855957031,288.0,0.25
1473,1.4984579515786531,0.9343744626544761,1473,76.55155944824219,76.51640319824219,288.0,0.19791666666666666
1474,1.725398117987528,0.8012224411562532,1474,76.13931274414062,76.10357666015625,288.0,0.2013888888888889
1475,1.5175691172783263,1.0076139234894148,1475,76.11285400390625,76.07810974121094,288.0,0.2152777777777778
1476,1.7190859895936796,0.7982645943090175,1476,76.16159057617188,76.12644958496094,288.0,0.23958333333333334
1477,0.8426356122692573,1.3069020713446458,1477,75.85149383544922,75.8172607421875,288.0,0.20833333333333334
1478,1.8345059868413824,0.6254846230622153,1478,75.65655517578125,75.62133026123047,288.0,0.23958333333333334
1479,1.2010162622152296,1.224139991695317,1479,76.45977783203125,76.42469024658203,288.0,0.24305555555555555
1480,0.8359627760064546,1.1178660567966419,1480,75.46528625488281,75.43058776855469,288.0,0.1597222222222222
1481,1.6164695277356862,0.9042429371266961,1481,75.40645599365234,75.37110900878906,288.0,0.2222222222222222
1482,-0.012773051691411939,1.3451086799993854,1482,76.10012817382812,76.0654296875,288.0,0.2361111111111111
1483,1.812898842495147,0.6336764149879991,1483,76.36119842529297,76.32597351074219,288.0,0.19444444444444445
1484,1.732907205943369,0.7684264534686978,1484,76.07827758789062,76.04346466064453,288.0,0.20833333333333334
1485,0.881066447998645,1.2811704790068954,1485,76.89378356933594,76.85835266113281,288.0,0.21875
1486,1.495642268051243,1.016945672286715,1486,75.90861511230469,75.87370300292969,288.0,0.20833333333333334
1487,0.6179515361324716,1.51307587449496,1487,75.55989837646484,75.52460479736328,288.0,0.2013888888888889
1488,1.8072561243663066,0.45184263351297826,1488,76.14596557617188,76.11134338378906,288.0,0.19791666666666666
1489,1.7231976812100864,0.7517823780581578,1489,76.00177764892578,75.9669189453125,288.0,0.22569444444444445
1490,1.1059401286146107,1.2844491030824972,1490,75.5943374633789,75.55909729003906,288.0,0.2013888888888889
1491,-0.1271044827955379,1.4333955453026344,1491,76.61548614501953,76.58042907714844,288.0,0.2534722222222222
1492,1.8722317992076067,0.5025658778690586,1492,75.86720275878906,75.83280181884766,288.0,0.21875
1493,1.7562001133682803,0.7684940429752377,1493,75.2851333618164,75.2501220703125,288.0,0.2326388888888889
1494,1.5101435036501505,0.9618216257431653,1494,75.65200805664062,75.61701965332031,288.0,0.2465277777777778
1495,1.402962488957768,1.0769119937688219,1495,75.52919006347656,75.4933853149414,288.0,0.22569444444444445
1496,1.753106940450822,0.47777067156874864,1496,75.74006652832031,75.70513153076172,288.0,0.1840277777777778
1497,1.5448910620722454,0.9519422900491635,1497,75.956298828125,75.9215087890625,288.0,0.1909722222222222
1498,0.6273580917592709,1.4780805750300197,1498,76.55096435546875,76.51579284667969,288.0,0.22916666666666666
1499,0.6843896414898522,1.3780086952407553,1499,75.24690246582031,75.2123794555664,288.0,0.2048611111111111
1500,1.603850368947272,0.8615379742025906,1500,76.66816711425781,76.63377380371094,288.0,0.21875
1501,1.3571269010119862,1.082609667562287,1501,76.42512512207031,76.39031219482422,288.0,0.21875
1502,1.6825112552197183,0.8475556755830798,1502,76.32476806640625,76.28984069824219,288.0,0.20833333333333334
1503,1.5699011631677915,0.9507142025743321,1503,76.04844665527344,76.01309204101562,288.0,0.1701388888888889
1504,0.8940672892450691,1.1936533823882107,1504,75.34253692626953,75.30874633789062,288.0,0.1701388888888889
1505,1.5685855190803675,0.9529982275798257,1505,76.35635375976562,76.32135009765625,288.0,0.22916666666666666
1506,1.7366731607614052,0.7700440270441969,1506,76.15078735351562,76.11598205566406,288.0,0.2847222222222222
1507,1.3846173999411067,1.1437651292655129,1507,75.49393463134766,75.45932006835938,288.0,0.2326388888888889
1508,1.8484837155147202,0.4692632502472779,1508,76.06568145751953,76.0301513671875,288.0,0.16666666666666666
1509,1.8279627524834003,0.4485270141923502,1509,76.42372131347656,76.38890838623047,288.0,0.21875
1510,1.6924101340569282,0.8096300755245102,1510,76.1933822631836,76.1573715209961,288.0,0.1736111111111111
1511,0.5025758183411464,1.2186192656678259,1511,76.01138305664062,75.97686767578125,288.0,0.19791666666666666
1512,1.7813601998298227,0.6492545993963018,1512,75.87179565429688,75.83638763427734,288.0,0.2222222222222222
1513,1.8449769576133737,0.5718379402341468,1513,75.79737091064453,75.76206970214844,288.0,0.21180555555555555
1514,1.641031922609139,0.9052368273972302,1514,75.78352355957031,75.74932098388672,288.0,0.1875
1515,1.0125336678363632,1.1060478539947756,1515,75.31726837158203,75.28189086914062,288.0,0.17708333333333334
1516,1.040181402593299,1.3057886400714351,1516,76.02005004882812,75.98431396484375,288.0,0.19444444444444445
1517,0.597867849524161,1.307555707090093,1517,75.16022491455078,75.12527465820312,288.0,0.1909722222222222
1518,1.763495163914857,0.7356443304494765,1518,75.13929748535156,75.10430908203125,288.0,0.2569444444444444
1519,1.5947636528004467,0.8841980432053277,1519,75.6461410522461,75.61071014404297,288.0,0.2361111111111111
1520,0.9252103936343161,1.466653179773709,1520,75.7336196899414,75.69754028320312,288.0,0.2638888888888889
1521,1.4274436638970043,1.1017335437559608,1521,75.63561248779297,75.60032653808594,288.0,0.2152777777777778
1522,1.7874078355056113,0.6697744284294803,1522,76.26313781738281,76.22755432128906,288.0,0.2013888888888889
1523,0.734864658139276,1.3371159870719989,1523,75.38046264648438,75.3455810546875,288.0,0.1875
1524,1.8466037527135404,0.6176322059308055,1524,75.89596557617188,75.8612060546875,288.0,0.2222222222222222
1525,1.4591862077046596,1.0073510934729637,1525,75.29813385009766,75.26325988769531,288.0,0.16666666666666666
1526,1.7681005071334057,0.6353075321689735,1526,75.25550842285156,75.22110748291016,288.0,0.2222222222222222
1527,1.1427840686219535,1.1285052613284765,1527,76.02317810058594,75.98867797851562,288.0,0.1840277777777778
1528,1.2606046166804465,1.1362961876280235,1528,75.7220687866211,75.68728637695312,288.0,0.22569444444444445
1529,1.3514083576504636,1.0875557537277225,1529,76.44286346435547,76.40850830078125,288.0,0.19791666666666666
1530,1.833231411009512,0.5768319540308435,1530,75.89514923095703,75.86031341552734,288.0,0.17708333333333334
1531,1.616856398432684,0.9011036460144678,1531,75.02562713623047,74.99073791503906,288.0,0.17708333333333334
1532,1.4932177853158728,0.9532128414080294,1532,75.63627624511719,75.60171508789062,288.0,0.24305555555555555
1533,0.6545995191904871,1.3138943769494957,1533,75.45372009277344,75.41897583007812,288.0,0.21875
1534,1.4199497219746968,1.0116488044041156,1534,75.56803894042969,75.53278350830078,288.0,0.1840277777777778
1535,1.8264663741628222,0.6586073672730149,1535,75.08934020996094,75.05451965332031,288.0,0.2013888888888889
1536,1.3961279028232352,1.0819825832134546,1536,74.98359680175781,74.949462890625,288.0,0.19444444444444445
1537,1.6290586522982835,0.7787827882536394,1537,74.71697998046875,74.68194580078125,288.0,0.21875
1538,1.1799031758398968,1.160689290322485,1538,75.08309936523438,75.04826354980469,288.0,0.2152777777777778
1539,0.7142128913653895,1.3978235037321969,1539,75.23783874511719,75.20394134521484,288.0,0.2013888888888889
1540,1.4828475709370952,1.0838351498038643,1540,75.38002014160156,75.34645080566406,288.0,0.2222222222222222
1541,1.4795987574949787,1.044311218255942,1541,75.62176513671875,75.58685302734375,288.0,0.19791666666666666
1542,0.8836669989394489,1.2456235335705317,1542,75.37210083007812,75.33856964111328,288.0,0.1736111111111111
1543,0.7071167429527574,1.339214837175664,1543,75.98756408691406,75.95451354980469,288.0,0.1736111111111111
1544,1.1663294876077228,1.1435354926170178,1544,75.18940734863281,75.15674591064453,288.0,0.19444444444444445
1545,1.7761700966449825,0.662897099146558,1545,74.60649108886719,74.57276916503906,288.0,0.2013888888888889
1546,0.8612603785679922,1.278793963446943,1546,76.09809875488281,76.0641860961914,288.0,0.21875
1547,1.6645613732661055,0.8466646744815745,1547,75.61480712890625,75.58123779296875,288.0,0.1909722222222222
1548,0.5651392767558101,1.3242970280736834,1548,75.03509521484375,75.00224304199219,288.0,0.1909722222222222
1549,1.5941223645502458,0.9152847974325165,1549,75.5524673461914,75.51898193359375,288.0,0.1840277777777778
1550,1.8440840850405256,0.6300702260776979,1550,76.06410217285156,76.03075408935547,288.0,0.1736111111111111
1551,1.7325860496510823,0.740581856284646,1551,75.1067123413086,75.07223510742188,288.0,0.2361111111111111
1552,0.3356992562389078,1.4661581021652357,1552,75.88964080810547,75.85641479492188,288.0,0.22916666666666666
1553,1.3477236749531112,1.1083916171821335,1553,76.05101013183594,76.0173568725586,288.0,0.25
1554,1.074861356250569,1.2612098041012794,1554,75.8782958984375,75.84394836425781,288.0,0.2048611111111111
1555,1.541831824144233,0.7999400320783412,1555,74.92852020263672,74.8948974609375,288.0,0.2152777777777778
1556,1.3763933752347386,1.0848790891854623,1556,75.41529846191406,75.38101959228516,288.0,0.2152777777777778
1557,1.6046743114892874,0.9111215563984241,1557,75.24225616455078,75.20849609375,288.0,0.2222222222222222
1558,1.2397262954741066,1.1915393859024002,1558,76.27536010742188,76.24090576171875,288.0,0.2013888888888889
1559,1.513388754229305,1.043701339203021,1559,75.60040283203125,75.5668716430664,288.0,0.21180555555555555
1560,0.7174670769831155,1.4399885197292839,1560,75.66630554199219,75.63230895996094,288.0,0.21180555555555555
1561,0.9624920545862542,1.34718570717992,1561,74.59971618652344,74.56622314453125,288.0,0.21875
1562,1.1574824247731854,1.1353340037173294,1562,75.95201110839844,75.91798400878906,288.0,0.22916666666666666
1563,1.7008398718495807,0.8351316633521612,1563,76.3718032836914,76.33772277832031,288.0,0.1527777777777778
1564,0.3842880739860772,1.394968332197441,1564,75.22041320800781,75.18618774414062,288.0,0.2222222222222222
1565,1.8241719435700137,0.46782007136822085,1565,74.71028900146484,74.677001953125,288.0,0.22569444444444445
1566,1.7357584800757055,0.7959270911173479,1566,75.8326416015625,75.79899597167969,288.0,0.19791666666666666
1567,1.2149112011224146,1.147956510720277,1567,74.47770690917969,74.44453430175781,288.0,0.2048611111111111
1568,1.3603282301228201,1.0490271584957953,1568,75.08099365234375,75.04612731933594,288.0,0.1840277777777778
1569,1.7739748650064118,0.5570545934965513,1569,75.23233795166016,75.19810485839844,288.0,0.16666666666666666
1570,1.8495905413131584,0.57769596856824,1570,74.94287109375,74.9083251953125,288.0,0.20833333333333334
1571,1.650997338005929,0.8520009031358214,1571,76.26360321044922,76.22875213623047,288.0,0.1840277777777778
1572,1.5840526883529702,0.9442367365992234,1572,75.031494140625,74.99617004394531,288.0,0.19444444444444445
1573,0.7402186044704346,1.1861455139503554,1573,75.14131164550781,75.1063003540039,288.0,0.1736111111111111
1574,1.6379078382428367,0.9015653042645119,1574,75.20377349853516,75.16839599609375,288.0,0.2222222222222222
1575,0.7216818782409251,1.3419092640162376,1575,74.8926010131836,74.85783386230469,288.0,0.2222222222222222
1576,0.5090375743426535,1.4197795224804322,1576,75.79464721679688,75.75977325439453,288.0,0.2361111111111111
1577,1.0941354175251194,1.1689485489793332,1577,74.68157196044922,74.64692687988281,288.0,0.21180555555555555
1578,1.348881000256427,0.9515309309386026,1578,75.14311981201172,75.10867309570312,288.0,0.15625
1579,1.8791765420068864,0.4447603555148008,1579,75.52311706542969,75.48831939697266,288.0,0.2013888888888889
1580,0.8907854285024719,1.0524369748854816,1580,75.84822082519531,75.81304931640625,288.0,0.18055555555555555
1581,1.7894570940640335,0.5698577791714439,1581,75.32682800292969,75.29179382324219,288.0,0.15625
1582,0.5008409903469493,1.4063747656268264,1582,75.09680938720703,75.0621337890625,288.0,0.19791666666666666
1583,1.7607549860719236,0.718996009762086,1583,75.93984985351562,75.90532684326172,288.0,0.19791666666666666
1584,1.5221692541745933,1.0130534660293815,1584,74.20118713378906,74.16526794433594,288.0,0.2013888888888889
1585,0.7092481936534312,1.2605386423556495,1585,75.5660400390625,75.5317153930664,288.0,0.20833333333333334
1586,1.725825341963214,0.7756833063970862,1586,75.01910400390625,74.98451232910156,288.0,0.1875
1587,1.591954874459705,0.992062303705403,1587,75.71573638916016,75.68083190917969,288.0,0.1701388888888889
1588,1.7241468927926635,0.8430196394000143,1588,75.38035583496094,75.34420776367188,288.0,0.2152777777777778
1589,1.7220585052623045,0.7951944176135527,1589,75.51721954345703,75.48209381103516,288.0,0.1875
1590,0.9245795291146367,1.2470080011450868,1590,74.56696319580078,74.5322494506836,288.0,0.19444444444444445
1591,1.2458771526127574,1.1111651116540526,1591,75.68370056152344,75.64872741699219,288.0,0.1909722222222222
1592,1.680284305781293,0.8204873885442374,1592,75.44800567626953,75.41277313232422,288.0,0.1527777777777778
1593,0.5997216511459869,1.5079160520427737,1593,75.5703353881836,75.53524780273438,288.0,0.21875
1594,1.752370329452612,0.7811560699005209,1594,75.20787048339844,75.17286682128906,288.0,0.2152777777777778
1595,1.764459864145424,0.752205237405334,1595,75.01744079589844,74.98228454589844,288.0,0.1840277777777778
1596,1.774742038248759,0.6784342559537744,1596,75.75637817382812,75.72079467773438,288.0,0.2326388888888889
1597,1.508220629382548,1.057284985594653,1597,75.58824157714844,75.55329132080078,288.0,0.16666666666666666
1598,1.832922190787871,0.5700316795404046,1598,75.25253295898438,75.21704864501953,288.0,0.1840277777777778
1599,1.3087386481875671,1.0787811905631042,1599,75.4290771484375,75.39344024658203,288.0,0.1701388888888889
1600,1.7870550322262762,0.708503737926367,1600,76.1614990234375,76.12631225585938,288.0,0.16666666666666666
1601,1.3325674058460577,1.0526974801513849,1601,76.221435546875,76.1852798461914,288.0,0.20833333333333334
1602,1.8180347517166966,0.4490971834541726,1602,75.18782043457031,75.15238952636719,288.0,0.1875
1603,0.6606375866745091,1.394917623826305,1603,74.88285827636719,74.84706115722656,288.0,0.1736111111111111
1604,1.723884019797127,0.49860468280729825,1604,75.8499984741211,75.81378173828125,288.0,0.1875
1605,1.6723664271370804,0.8007021289437205,1605,75.76708221435547,75.7321548461914,288.0,0.1527777777777778
1606,1.4193148932709618,0.9426652118723563,1606,75.52557373046875,75.49113464355469,288.0,0.18055555555555555
1607,1.8284332631993816,0.588170835712456,1607,75.52461242675781,75.48898315429688,288.0,0.18055555555555555
1608,0.8897120737576254,1.2139776749343925,1608,75.31852722167969,75.28466796875,288.0,0.1840277777777778
1609,1.61647006142365,0.9266563221967207,1609,75.66829681396484,75.63284301757812,288.0,0.24305555555555555
1610,0.7086025895725628,1.433753927448421,1610,75.62213134765625,75.58776092529297,288.0,0.1388888888888889
1611,0.5623223826303546,1.2452779996299161,1611,75.48104858398438,75.44670104980469,288.0,0.16666666666666666
1612,1.7749863891561448,0.7037003368261363,1612,75.853515625,75.81657409667969,288.0,0.2013888888888889
1613,1.8081547260631916,0.4626298138213771,1613,75.9789810180664,75.94242858886719,288.0,0.19444444444444445
1614,1.0686109946045537,1.217810062945985,1614,75.14045715332031,75.1044921875,288.0,0.21875
1615,1.6317308893668094,0.8589756605515189,1615,75.39566802978516,75.360595703125,288.0,0.1840277777777778
1616,1.8123805189143605,0.5593623284208802,1616,76.49090576171875,76.45503234863281,288.0,0.1875
1617,1.7166811718981616,0.7334221602723924,1617,76.351318359375,76.31544494628906,288.0,0.1875
1618,1.5428242031769648,0.9478920966476606,1618,76.12895202636719,76.09263610839844,288.0,0.16319444444444445
1619,1.677177328342882,0.7815475992637181,1619,76.93510437011719,76.8988037109375,288.0,0.17708333333333334
1620,1.6634224217520062,0.7843252456253605,1620,75.54019165039062,75.50436401367188,288.0,0.22569444444444445
1621,1.8441175978204412,0.5213782827837395,1621,76.26394653320312,76.22758483886719,288.0,0.17708333333333334
1622,0.7690429798254015,1.3729490000601547,1622,76.1680908203125,76.1329345703125,288.0,0.1701388888888889
1623,0.8283799306052165,1.3324466670020467,1623,75.56658935546875,75.53168487548828,288.0,0.16666666666666666
1624,1.7357422419677488,0.6920897908304795,1624,75.71360778808594,75.67845916748047,288.0,0.16319444444444445
1625,1.7294329527401837,0.7754610745189195,1625,76.4432373046875,76.4078369140625,288.0,0.19444444444444445
1626,1.6351422621869145,0.89875517428282,1626,75.99374389648438,75.95713806152344,288.0,0.20833333333333334
1627,1.3156594562036892,1.0913340734299535,1627,75.64289855957031,75.60725402832031,288.0,0.21875
1628,0.7708019147320636,1.3287820275852729,1628,74.78111267089844,74.74571228027344,288.0,0.1840277777777778
1629,1.3322240369934981,1.0584699574232401,1629,75.44717407226562,75.41158294677734,288.0,0.1701388888888889
1630,0.3897336853686631,1.3274979816665302,1630,74.91030883789062,74.87589263916016,288.0,0.2361111111111111
1631,1.6570519341950494,0.888548348274821,1631,75.73591613769531,75.70024108886719,288.0,0.18055555555555555
1632,1.7734398382022976,0.7639583172543651,1632,76.20281982421875,76.16770935058594,288.0,0.2013888888888889
1633,0.4781343549015793,1.3863873444798613,1633,75.52116394042969,75.48660278320312,288.0,0.2152777777777778
1634,1.7197618542130089,0.7436404477768788,1634,75.46859741210938,75.43379211425781,288.0,0.2152777777777778
1635,1.3130197420954874,1.1297370462886407,1635,76.09111022949219,76.05709838867188,288.0,0.2326388888888889
1636,1.774908475126309,0.6786637277598402,1636,75.68092346191406,75.64497375488281,288.0,0.1840277777777778
1637,1.031126626935455,1.158319634384277,1637,74.66058349609375,74.62586975097656,288.0,0.1736111111111111
1638,1.8293521803630226,0.5454421385982399,1638,75.21717834472656,75.18228149414062,288.0,0.21180555555555555
1639,1.1659090981115179,1.2110733326513847,1639,75.78160095214844,75.74594116210938,288.0,0.1909722222222222
1640,1.4035972700103914,1.072046464508,1640,75.42140197753906,75.38575744628906,288.0,0.22916666666666666
1641,1.5532450707160688,0.9504092766684,1641,75.04290771484375,75.00859832763672,288.0,0.1597222222222222
1642,1.577704283000526,0.9215495459835539,1642,74.66605377197266,74.63094329833984,288.0,0.1736111111111111
1643,1.8183963352548562,0.6527808018268868,1643,75.08866882324219,75.05404663085938,288.0,0.2013888888888889
1644,1.0903676440619605,1.1440846466170729,1644,75.24713134765625,75.21331787109375,288.0,0.1701388888888889
1645,1.3338712902732806,1.1171800989105072,1645,75.50922393798828,75.47509765625,288.0,0.21180555555555555
1646,1.7068509350962253,0.7917908726934304,1646,75.24685668945312,75.21275329589844,288.0,0.16666666666666666
1647,1.3454712811251193,1.0766159807294058,1647,75.2783203125,75.24343872070312,288.0,0.19444444444444445
1648,1.5945863132633242,0.9864490652911644,1648,76.40777587890625,76.37272644042969,288.0,0.21875
1649,1.0357960511061752,1.1801244798068233,1649,75.94465637207031,75.91044616699219,288.0,0.2048611111111111
1650,1.6810319107932878,0.8460881539695947,1650,75.20097351074219,75.165771484375,288.0,0.14583333333333334
1651,1.4579296191245308,1.0555050521527112,1651,75.28643798828125,75.25257873535156,288.0,0.21180555555555555
1652,1.7701218173218978,0.5766237290966058,1652,75.84400939941406,75.8094253540039,288.0,0.17708333333333334
1653,1.4271161623066477,1.0044277845327634,1653,75.8300552368164,75.79542541503906,288.0,0.1701388888888889
1654,1.8286388466160355,0.6351529878880254,1654,75.08345031738281,75.04861450195312,288.0,0.2013888888888889
1655,1.8337191185485358,0.6099567335834558,1655,75.58590698242188,75.551025390625,288.0,0.1597222222222222
1656,1.7266042168224096,0.8074353489952457,1656,75.4598388671875,75.42453002929688,288.0,0.1909722222222222
1657,1.779900564212522,0.5627254033716116,1657,75.58000946044922,75.54558563232422,288.0,0.17708333333333334
1658,1.4542844788914493,1.0296714232154658,1658,75.30516052246094,75.27050018310547,288.0,0.1701388888888889
1659,1.7619781271156918,0.8018215027735264,1659,75.95713806152344,75.9218521118164,288.0,0.16666666666666666
1660,1.7409684250481194,0.8010216056243894,1660,75.66264343261719,75.6278076171875,288.0,0.16666666666666666
1661,1.789960648204387,0.6363453747377031,1661,74.93476867675781,74.89993286132812,288.0,0.1736111111111111
1662,1.7751476261184784,0.7258577644902913,1662,75.2320556640625,75.1971664428711,288.0,0.1701388888888889
1663,1.4161091178287224,0.9483931741849454,1663,74.55413818359375,74.51850891113281,288.0,0.1736111111111111
1664,1.6843412045220774,0.8172152584157599,1664,74.38302612304688,74.34773254394531,288.0,0.1909722222222222
1665,1.6585632064000095,0.8179733124845763,1665,74.79741668701172,74.76226043701172,288.0,0.1875
1666,1.8053300849630238,0.6663252262473355,1666,74.62030029296875,74.58503723144531,288.0,0.21875
1667,1.8216688355238055,0.6354857838065135,1667,75.36285400390625,75.32745361328125,288.0,0.1597222222222222
1668,0.9506676958952673,1.2853754698580226,1668,75.77460479736328,75.73951721191406,288.0,0.18055555555555555
1669,1.8620589640925782,0.5484576784565517,1669,74.82940673828125,74.79413604736328,288.0,0.16319444444444445
1670,0.5318475582187657,1.387953437007411,1670,75.18618774414062,75.15115356445312,288.0,0.18055555555555555
1671,0.7569695697985357,1.3112653614972736,1671,75.70011901855469,75.66448974609375,288.0,0.1597222222222222
1672,1.4552163077359863,1.0065313846852422,1672,75.65210723876953,75.61729431152344,288.0,0.1736111111111111
1673,1.5843484551579843,0.9154254385364248,1673,75.09187316894531,75.05674743652344,288.0,0.1597222222222222
1674,1.389043630224923,1.06790314980723,1674,74.60769653320312,74.57207489013672,288.0,0.1423611111111111
1675,1.2847232338569532,1.144320122016116,1675,75.0860595703125,75.05084228515625,288.0,0.1875
1676,1.8480858251660568,0.6458975808729522,1676,75.6153793334961,75.58018493652344,288.0,0.2013888888888889
1677,1.4002785915922624,1.0414421803763905,1677,75.99897766113281,75.96389770507812,288.0,0.18055555555555555
1678,0.6451009429024016,1.4275912995846356,1678,74.9493408203125,74.91392517089844,288.0,0.17708333333333334
1679,0.9199181306107361,1.328869809754311,1679,76.03167724609375,75.99618530273438,288.0,0.16666666666666666
1680,1.6141820347750278,0.9459782673005583,1680,76.47511291503906,76.43972778320312,288.0,0.17708333333333334
1681,1.7516391981521373,0.7441585005222734,1681,75.75604248046875,75.72087097167969,288.0,0.1736111111111111
1682,1.8078314860883766,0.6735773040824085,1682,76.87669372558594,76.84095001220703,288.0,0.16319444444444445
1683,1.7843725861906146,0.6422608970721345,1683,76.02115631103516,75.98574829101562,288.0,0.22569444444444445
1684,1.790806163569524,0.6834751832619784,1684,76.67205810546875,76.63575744628906,288.0,0.1527777777777778
1685,1.7441221353635612,0.628264697940569,1685,76.18881225585938,76.15245056152344,288.0,0.19444444444444445
1686,1.6526776121343056,0.6627950000078429,1686,75.93119812011719,75.89496612548828,288.0,0.125
1687,0.528873162216071,1.1951148781467287,1687,75.88702392578125,75.85057067871094,288.0,0.13541666666666666
1688,1.6885559914760897,0.767339048015843,1688,76.97456359863281,76.93814849853516,288.0,0.16319444444444445
1689,1.690092940626441,0.8165154524817216,1689,77.14979553222656,77.11402893066406,288.0,0.1423611111111111
1690,1.8032641087064805,0.5351905021740333,1690,75.81060791015625,75.77548217773438,288.0,0.1388888888888889
1691,1.708376122583952,0.6851863167356701,1691,75.55218505859375,75.51641845703125,288.0,0.1701388888888889
1692,1.712207871621268,0.7882895913958033,1692,76.15483093261719,76.1197509765625,288.0,0.1909722222222222
1693,1.8727140903538846,0.5011738458418455,1693,76.32701110839844,76.29180908203125,288.0,0.16319444444444445
1694,0.5044331297065923,1.2522572889957393,1694,75.9423599243164,75.90707397460938,288.0,0.1736111111111111
1695,1.1792139821698608,1.1134895046283877,1695,75.75672912597656,75.72064971923828,288.0,0.19444444444444445
1696,1.3781857707800043,1.0977969596745054,1696,76.1917724609375,76.15692138671875,288.0,0.18055555555555555
1697,1.5290668747097884,0.9556876443628082,1697,75.94097900390625,75.90536499023438,288.0,0.1840277777777778
1698,1.3917345439073046,1.034307407205848,1698,75.229736328125,75.19486999511719,288.0,0.2222222222222222
1699,1.7239936015376809,0.7691700621719673,1699,75.79525756835938,75.76021575927734,288.0,0.1909722222222222
1700,1.222759149998808,1.008563054120083,1700,75.16253662109375,75.12794494628906,288.0,0.1597222222222222
1701,1.807673093853094,0.619119467299478,1701,75.37757873535156,75.34257507324219,288.0,0.16319444444444445
1702,1.4740411442820158,0.9958946866706495,1702,75.88084411621094,75.84635925292969,288.0,0.19791666666666666
1703,1.7876148835018542,0.6010714084452851,1703,75.62139892578125,75.58711242675781,288.0,0.1284722222222222
1704,1.048571878419349,1.090962604811433,1704,75.49211120605469,75.45748138427734,288.0,0.18055555555555555
1705,1.659756860465999,0.8889481949332921,1705,74.81385803222656,74.77887725830078,288.0,0.1597222222222222
1706,1.7769244119722372,0.7315188883035143,1706,75.21487426757812,75.18028259277344,288.0,0.16319444444444445
1707,1.3473568178194038,1.1314485411971862,1707,75.1141357421875,75.0794677734375,288.0,0.21875
1708,1.5596427581537278,0.9183472728200893,1708,75.83332061767578,75.79811096191406,288.0,0.17708333333333334
1709,1.5207560021975486,0.9102847689893423,1709,75.68111419677734,75.6463394165039,288.0,0.16666666666666666
1710,0.8284254182139036,1.3618912706753974,1710,75.35990905761719,75.32506561279297,288.0,0.1875
1711,1.1730006686924286,1.0332314543399483,1711,75.5947036743164,75.56040954589844,288.0,0.16666666666666666
1712,1.245684697907312,1.1122137312628428,1712,75.28155517578125,75.24699401855469,288.0,0.2152777777777778
1713,1.3692235110837807,0.923731408267196,1713,74.43557739257812,74.40059661865234,288.0,0.16666666666666666
1714,1.717411251051838,0.6769767876014114,1714,75.22412872314453,75.18962097167969,288.0,0.2048611111111111
1715,0.4537612812738374,1.2276415779535328,1715,75.10579681396484,75.07048034667969,288.0,0.16666666666666666
1716,1.0182306081362533,1.3048731297198843,1716,75.17901611328125,75.14485931396484,288.0,0.1736111111111111
1717,1.3029274070357912,1.0689219563606496,1717,74.42322540283203,74.38993072509766,288.0,0.1701388888888889
1718,1.6226569238439772,0.8671816849173192,1718,75.04027557373047,75.00616455078125,288.0,0.1701388888888889
1719,1.6683501331043742,0.9009203699038947,1719,74.60993957519531,74.57572937011719,288.0,0.1597222222222222
1720,1.8404953948172613,0.45967392358923037,1720,74.5318603515625,74.49784851074219,288.0,0.13541666666666666
1721,1.3152823253860777,1.1028304888504206,1721,74.97059631347656,74.93770599365234,288.0,0.1701388888888889
1722,1.7948210253364196,0.6521394261526652,1722,74.33447265625,74.30094909667969,288.0,0.16319444444444445
1723,1.0971979820400977,1.2366221451498924,1723,75.07018280029297,75.0361099243164,288.0,0.19444444444444445
1724,0.9022298858857876,1.2377195839770359,1724,75.54239654541016,75.5087890625,288.0,0.1909722222222222
1725,1.7315639388766488,0.6863503552506794,1725,75.48178100585938,75.44819641113281,288.0,0.1875
1726,1.2087122633615648,1.1028740402355452,1726,75.1207046508789,75.0867919921875,288.0,0.1597222222222222
1727,1.8415270786234683,0.5249626706004458,1727,75.23220825195312,75.19879150390625,288.0,0.1840277777777778
1728,0.397910849304645,1.3090612590376147,1728,74.85939025878906,74.82565307617188,288.0,0.14930555555555555
1729,0.3787183594410344,1.454777420113193,1729,74.24118041992188,74.20793151855469,288.0,0.20833333333333334
1730,1.542905687739305,0.9340438465282038,1730,74.691162109375,74.6576156616211,288.0,0.1527777777777778
1731,1.822958507103078,0.6294757051163944,1731,75.91610717773438,75.88180541992188,288.0,0.16666666666666666
1732,0.716933486898241,1.3880813388069346,1732,75.29788208007812,75.26420593261719,288.0,0.1736111111111111
1733,1.6766620221100823,0.8549289199577969,1733,75.108642578125,75.07479095458984,288.0,0.17708333333333334
1734,1.8218890367830711,0.4556511446015024,1734,75.67750549316406,75.64347839355469,288.0,0.16666666666666666
1735,1.7658610161617279,0.704298371890487,1735,74.43547058105469,74.40109252929688,288.0,0.1840277777777778
1736,1.8330267113006298,0.6157745954791513,1736,75.33734130859375,75.30384826660156,288.0,0.17708333333333334
1737,0.8485006954766448,1.3121036990485735,1737,75.42327117919922,75.38925170898438,288.0,0.18055555555555555
1738,1.7504950664271928,0.7299562092075491,1738,75.66077423095703,75.62708282470703,288.0,0.2152777777777778
1739,1.1644141833978392,1.1436420482557206,1739,75.28366088867188,75.25003814697266,288.0,0.1736111111111111
1740,0.9614202253324018,1.1585964518633702,1740,74.55081176757812,74.51698303222656,288.0,0.2152777777777778
1741,1.7662942788643636,0.7190094466609928,1741,75.77340698242188,75.73946380615234,288.0,0.19791666666666666
1742,1.7968614177254159,0.6806250462893708,1742,74.87255859375,74.83876037597656,288.0,0.14583333333333334
1743,1.7427643113722402,0.7818245018326779,1743,75.03453826904297,74.99958801269531,288.0,0.19444444444444445
1744,1.661331116356716,0.7311569169453089,1744,74.83505249023438,74.80122375488281,288.0,0.1597222222222222
1745,1.8702453939440735,0.5383335377757352,1745,75.48915100097656,75.45465087890625,288.0,0.16666666666666666
1746,1.7232816381447744,0.7721594811613665,1746,76.36711120605469,76.33271789550781,288.0,0.14930555555555555
1747,1.4177465210304947,1.0031269206867115,1747,75.95735931396484,75.9224853515625,288.0,0.1701388888888889
1748,1.7802389804539187,0.6737670496355135,1748,76.05610656738281,76.0206069946289,288.0,0.1875
1749,1.3503186740390634,1.0426778825642065,1749,75.4278564453125,75.3926773071289,288.0,0.14930555555555555
1750,1.5798020941382742,0.9448437341517807,1750,76.01161193847656,75.97598266601562,288.0,0.16319444444444445
1751,1.479322910832144,0.9737351553830171,1751,75.96116638183594,75.9258041381836,288.0,0.1736111111111111
1752,1.458931491795574,1.0258701807502135,1752,76.22079467773438,76.18515014648438,288.0,0.1736111111111111
1753,1.370506845714924,0.9803030441946349,1753,75.58721923828125,75.55288696289062,288.0,0.1597222222222222
1754,1.6973329565797781,0.8093820467564833,1754,75.52308654785156,75.4883041381836,288.0,0.15625
1755,0.6691918677980907,1.2492773636483157,1755,74.58419036865234,74.5497055053711,288.0,0.15625
1756,0.5997405159109519,1.3522821875329287,1756,75.92489624023438,75.89019775390625,288.0,0.2152777777777778
1757,1.6590583396521352,0.8420126755440489,1757,75.10818481445312,75.07435607910156,288.0,0.13541666666666666
1758,1.7547268691749223,0.7650630811850867,1758,76.30815124511719,76.27372741699219,288.0,0.16319444444444445
1759,1.2797539191045122,1.0186131798157734,1759,75.70419311523438,75.66969299316406,288.0,0.1701388888888889
1760,1.5586133692505568,0.9068109528509859,1760,75.50218200683594,75.46717834472656,288.0,0.1701388888888889
1761,0.2065296839500747,1.305356276016616,1761,75.95805358886719,75.92271423339844,288.0,0.1840277777777778
1762,1.022091126932115,1.142280488800528,1762,76.13200378417969,76.09788513183594,288.0,0.1736111111111111
1763,1.4853648151341372,0.9983569371851821,1763,76.26097106933594,76.22640228271484,288.0,0.19444444444444445
1764,0.35809282319540503,1.3160932423642318,1764,74.56224822998047,74.52769470214844,288.0,0.13541666666666666
1765,1.7649110052307522,0.5274257400682487,1765,75.58132934570312,75.54718017578125,288.0,0.14583333333333334
1766,1.6392556437427332,0.8940321663260508,1766,75.51104736328125,75.4764404296875,288.0,0.2048611111111111
1767,1.2565691141646944,1.2012100242334227,1767,76.06755065917969,76.03306579589844,288.0,0.1701388888888889
1768,1.287160146361851,1.0108191066862524,1768,74.72407531738281,74.69051361083984,288.0,0.15625
1769,1.546691962075176,0.915213662914749,1769,75.35725402832031,75.32421875,288.0,0.14930555555555555
1770,1.5722540211799252,0.9362532523367645,1770,75.56314086914062,75.53019714355469,288.0,0.1388888888888889
1771,1.7564119882647324,0.7607970871354613,1771,75.26626586914062,75.2332992553711,288.0,0.17708333333333334
1772,0.5093296005730337,1.385670176732615,1772,75.1025390625,75.06884765625,288.0,0.1875
1773,1.6599715238172665,0.8648944967252683,1773,75.32591247558594,75.29197692871094,288.0,0.13541666666666666
1774,1.6010968996538866,0.873749081756362,1774,74.93955993652344,74.90555572509766,288.0,0.11805555555555555
1775,1.0696676778734664,1.1408166374328879,1775,75.95217895507812,75.91786193847656,288.0,0.16666666666666666
1776,1.7338024514667727,0.8163690622280652,1776,75.54519653320312,75.51101684570312,288.0,0.1701388888888889
1777,0.5402060312787338,1.2937297030428045,1777,74.7281494140625,74.69552612304688,288.0,0.16319444444444445
1778,1.3067644249791721,1.0439260982884917,1778,75.1280288696289,75.09452819824219,288.0,0.10416666666666667
1779,1.7611442992128172,0.481408614565886,1779,75.6299057006836,75.59722900390625,288.0,0.1527777777777778
1780,0.9119663685020664,1.247983789237071,1780,74.88417053222656,74.85101318359375,288.0,0.1701388888888889
1781,1.4974489561514182,1.0033854556330837,1781,74.80523681640625,74.77210235595703,288.0,0.1597222222222222
1782,0.7174009174283116,1.476366352744138,1782,75.5751953125,75.54198455810547,288.0,0.16319444444444445
1783,1.3068861625670762,0.9852999613861341,1783,74.7256088256836,74.69287109375,288.0,0.15625
1784,0.7023267401324074,1.433079293046461,1784,75.68098449707031,75.64793395996094,288.0,0.17708333333333334
1785,1.4877882669871998,0.9854749152946923,1785,75.68385314941406,75.65097045898438,288.0,0.1527777777777778
1786,1.18238701990916,1.1525392407458066,1786,74.56134796142578,74.52813720703125,288.0,0.13541666666666666
1787,1.741701899295241,0.7309388171516885,1787,74.65727233886719,74.62445831298828,288.0,0.18055555555555555
1788,1.3711285738187604,1.0149845166022327,1788,74.525146484375,74.49224853515625,288.0,0.14930555555555555
1789,1.524543847277859,0.8516381087241796,1789,75.22348022460938,75.1911392211914,288.0,0.1597222222222222
1790,1.7757434040546585,0.5766280047805875,1790,75.23869323730469,75.20532989501953,288.0,0.1701388888888889
1791,1.8505327270372485,0.6164279394405595,1791,75.58238220214844,75.54904174804688,288.0,0.15625
1792,1.8595699788522029,0.6072078157304108,1792,75.12516021728516,75.09158325195312,288.0,0.13194444444444445
1793,1.748628926743371,0.800872540216391,1793,75.25347137451172,75.22055053710938,288.0,0.1527777777777778
1794,1.5900749003981474,0.9555152173198078,1794,74.65504455566406,74.62199401855469,288.0,0.1284722222222222
1795,1.629730132732166,0.8833178050968195,1795,74.73046875,74.69705963134766,288.0,0.1597222222222222
1796,1.7410042510685289,0.7726924207522122,1796,74.1661376953125,74.1330337524414,288.0,0.14930555555555555
1797,1.3506041735426437,1.0642309607095168,1797,74.68099975585938,74.64710998535156,288.0,0.14583333333333334
1798,1.8556479982953817,0.5260511670600577,1798,75.5634765625,75.5294189453125,288.0,0.1597222222222222
1799,1.847609433212615,0.6049932997162839,1799,74.93930053710938,74.9048843383789,288.0,0.1597222222222222
1800,1.6568728811187294,0.8868358437972004,1800,75.74349975585938,75.70927429199219,288.0,0.1597222222222222
1801,1.3329263057177212,1.0488219813150146,1801,74.75907897949219,74.72550964355469,288.0,0.17708333333333334
1802,1.239971146009832,1.1927885224129526,1802,74.50294494628906,74.46900939941406,288.0,0.22569444444444445
1803,1.8173150985847721,0.6062661468243274,1803,74.85391235351562,74.81891632080078,288.0,0.13541666666666666
1804,1.7733427074434027,0.7561197294962367,1804,75.1672134399414,75.13180541992188,288.0,0.16319444444444445
1805,1.827122522917374,0.510112414759659,1805,74.16226196289062,74.12754821777344,288.0,0.15625
1806,1.1141049387448219,1.2953548296887218,1806,74.76760864257812,74.73283386230469,288.0,0.2048611111111111
1807,1.8190629759740675,0.6851903411319218,1807,75.47250366210938,75.43724060058594,288.0,0.1597222222222222
1808,1.6317521574216909,0.8884338578680854,1808,74.42427825927734,74.38970947265625,288.0,0.1388888888888889
1809,1.853321337383959,0.5416934318932055,1809,74.36441802978516,74.32864379882812,288.0,0.1423611111111111
1810,1.9026631371865481,0.4781417932556911,1810,75.39285278320312,75.35765075683594,288.0,0.1423611111111111
1811,1.6636507161934173,0.8720868138920863,1811,75.40269470214844,75.36689758300781,288.0,0.16319444444444445
1812,1.802088907269132,0.46808833131558114,1812,75.15386199951172,75.11857604980469,288.0,0.16666666666666666
1813,1.7828212331532427,0.6888045067364422,1813,75.03153991699219,74.99655151367188,288.0,0.1423611111111111
1814,1.7532233843779934,0.4770606337998076,1814,75.79985809326172,75.7644271850586,288.0,0.18055555555555555
1815,1.7467110542559805,0.6150098807380914,1815,75.80097961425781,75.76512908935547,288.0,0.1909722222222222
1816,1.7355188563521258,0.7670768320802948,1816,75.16107177734375,75.12503051757812,288.0,0.125
1817,1.4276005215991867,1.044245083890326,1817,74.74261474609375,74.70668029785156,288.0,0.1423611111111111
1818,1.8642042581670037,0.5499553468894861,1818,74.67181396484375,74.63615417480469,288.0,0.17708333333333334
1819,1.6901178076618155,0.717228921105106,1819,75.35401153564453,75.31853485107422,288.0,0.12152777777777778
1820,0.6947111179453956,1.3272568579948325,1820,75.05349731445312,75.01756286621094,288.0,0.11458333333333333
1821,1.7589824493647217,0.7316446057603976,1821,75.39598083496094,75.36077880859375,288.0,0.1527777777777778
1822,1.7990994159800937,0.4656411031514276,1822,75.23356628417969,75.19831085205078,288.0,0.10416666666666667
1823,1.7645689206674104,0.45429081344495104,1823,74.65875244140625,74.62239837646484,288.0,0.1597222222222222
1824,1.8482159283314128,0.5675528203234039,1824,76.0870361328125,76.05017852783203,288.0,0.1527777777777778
1825,1.4425022940102852,0.7450470359580379,1825,74.53274536132812,74.49653625488281,288.0,0.13541666666666666
1826,1.872192919350238,0.4185918228942159,1826,74.7677993774414,74.73133850097656,288.0,0.1423611111111111
1827,1.7807200884222496,0.7131609378149402,1827,75.2215576171875,75.18490600585938,288.0,0.14930555555555555
1828,1.7826540955246888,0.42410783419797476,1828,74.98504638671875,74.94961547851562,288.0,0.1736111111111111
1829,1.6424061308163356,0.8778555909757099,1829,75.28803253173828,75.25244140625,288.0,0.1840277777777778
1830,1.7988654088204237,0.660883825740408,1830,74.4803695678711,74.44469451904297,288.0,0.16666666666666666
1831,1.3901541070950487,0.786666382933793,1831,75.12457275390625,75.08895874023438,288.0,0.1388888888888889
1832,0.7643354891157161,1.3469301003981804,1832,76.0122299194336,75.97651672363281,288.0,0.10416666666666667
1833,1.8198882081542809,0.41346095202007,1833,74.98576354980469,74.95001220703125,288.0,0.13541666666666666
1834,1.7260739165266221,0.44449924479735,1834,74.13667297363281,74.10124969482422,288.0,0.15625
1835,1.594257537391824,0.8075793409841167,1835,74.8629150390625,74.82737731933594,288.0,0.1423611111111111
1836,1.1975657256028929,0.8824113557472298,1836,75.35364532470703,75.31831359863281,288.0,0.1597222222222222
1837,1.5715950222320751,0.8422457802016795,1837,75.6313705444336,75.5960464477539,288.0,0.1388888888888889
1838,0.41618532268485076,1.2963163365705659,1838,75.64017486572266,75.6042709350586,288.0,0.1840277777777778
1839,1.3892255591095883,1.038049816551687,1839,75.1013412475586,75.06645965576172,288.0,0.14583333333333334
1840,1.5944224161158604,0.8826960934167798,1840,75.00826263427734,74.97415161132812,288.0,0.1736111111111111
1841,1.7434109494615786,0.767126495423373,1841,75.54707336425781,75.5123291015625,288.0,0.14930555555555555
1842,1.8123883431357655,0.43380608405498755,1842,74.6527099609375,74.61700439453125,288.0,0.1423611111111111
1843,1.8081380279471473,0.5597460276609915,1843,75.82685089111328,75.79138946533203,288.0,0.14930555555555555
1844,1.7167092284655745,0.8146636000683757,1844,74.82147216796875,74.78718566894531,288.0,0.14930555555555555
1845,1.7797603766061145,0.41296274020655444,1845,74.58321380615234,74.54896545410156,288.0,0.13194444444444445
1846,1.7227869645197509,0.620626297172858,1846,75.21640014648438,75.18217468261719,288.0,0.16319444444444445
1847,1.6043016836165844,0.8587200730695969,1847,75.11091613769531,75.07635498046875,288.0,0.12152777777777778
1848,1.4471886519493553,0.970998054042558,1848,74.01625061035156,73.98162078857422,288.0,0.16666666666666666
1849,1.7569260861326914,0.55543053043644,1849,74.28099822998047,74.24652099609375,288.0,0.1597222222222222
1850,1.8276171137944712,0.6781747446464774,1850,74.81415557861328,74.77938842773438,288.0,0.1597222222222222
1851,0.7291094759030017,1.3448957986930592,1851,75.15660095214844,75.12200927734375,288.0,0.14583333333333334
1852,1.6238121156391785,0.8994949319954034,1852,74.64750671386719,74.6126708984375,288.0,0.16666666666666666
1853,1.8011408909939668,0.571748254386972,1853,74.8295669555664,74.7948226928711,288.0,0.13541666666666666
1854,1.646876763007403,0.8862530220046788,1854,74.55154418945312,74.51712036132812,288.0,0.1701388888888889
1855,1.866114146683257,0.4104177183039711,1855,74.7939453125,74.75892639160156,288.0,0.125
1856,0.54245999910137,1.2295260492359998,1856,74.68184661865234,74.64743041992188,288.0,0.13194444444444445
1857,1.6472074025110683,0.910955942605227,1857,74.23767852783203,74.20353698730469,288.0,0.16666666666666666
1858,1.4371496654763665,0.9973034088100547,1858,74.74858093261719,74.71481323242188,288.0,0.1284722222222222
1859,1.7923823502021858,0.7510136385529713,1859,75.28793334960938,75.25373840332031,288.0,0.11805555555555555
1860,1.611854173244602,0.9166393067942838,1860,75.46737670898438,75.43244934082031,288.0,0.1423611111111111
1861,1.7326448789548115,0.7699454074591507,1861,75.3538818359375,75.32017517089844,288.0,0.1840277777777778
1862,1.5339891186355823,0.9468812090306569,1862,75.19340515136719,75.15947723388672,288.0,0.14930555555555555
1863,1.8114310917324121,0.6972530635516223,1863,75.07122802734375,75.03687286376953,288.0,0.1388888888888889
1864,1.5631707953968466,0.7485485679083909,1864,76.18423461914062,76.14964294433594,288.0,0.11458333333333333
1865,1.7795316298944188,0.6944190902244293,1865,75.1672592163086,75.13300323486328,288.0,0.11805555555555555
1866,1.7537195952880786,0.7480816498586408,1866,75.24690246582031,75.21255493164062,288.0,0.16319444444444445
1867,0.770318059153623,1.3493547952265765,1867,75.60392761230469,75.57022094726562,288.0,0.1423611111111111
1868,1.7461357555756445,0.7396638200667566,1868,75.48995971679688,75.45642852783203,288.0,0.14930555555555555
1869,1.5933342347201682,0.9151378168233251,1869,75.38787841796875,75.35355377197266,288.0,0.1597222222222222
1870,1.6915957219748738,0.7628817588868401,1870,76.29978942871094,76.26478576660156,288.0,0.125
1871,1.7572529700847208,0.6346278801684926,1871,75.32991027832031,75.29568481445312,288.0,0.14583333333333334
1872,0.8064702752856897,1.2067486394213038,1872,75.10265350341797,75.06885528564453,288.0,0.17708333333333334
1873,1.7190499588540193,0.6909343457438997,1873,75.38557434082031,75.35037994384766,288.0,0.1284722222222222
1874,1.053348476853997,0.9316942264128271,1874,75.58609008789062,75.55091857910156,288.0,0.11458333333333333
1875,1.621876600922149,0.7477354047599863,1875,75.48170471191406,75.447021484375,288.0,0.15625
1876,1.8937891555347224,0.4116013781660173,1876,75.21763610839844,75.18280792236328,288.0,0.11458333333333333
1877,0.7764026199807744,1.188164859914407,1877,75.37903594970703,75.34458923339844,288.0,0.13541666666666666
1878,1.8519149326050846,0.5584191451110578,1878,75.19041442871094,75.15522766113281,288.0,0.13194444444444445
1879,1.0484539382159117,1.2208569917052077,1879,75.65809631347656,75.62310791015625,288.0,0.125
1880,1.720225408020557,0.7421467278563418,1880,75.46426391601562,75.42924499511719,288.0,0.14930555555555555
1881,1.5957823212543119,0.864067840419756,1881,75.89097595214844,75.8563003540039,288.0,0.1423611111111111
1882,1.571377606683729,0.9574681938765092,1882,76.17919158935547,76.14523315429688,288.0,0.1597222222222222
1883,1.5753238234372746,0.9285633813884169,1883,76.00099182128906,75.96591186523438,288.0,0.1527777777777778
1884,1.6883418392354204,0.8661485488843598,1884,75.6984634399414,75.66413879394531,288.0,0.11458333333333333
1885,0.6108112170198665,1.2338753551656074,1885,75.70720672607422,75.67228698730469,288.0,0.1527777777777778
1886,1.3969451279742033,1.0275925853563683,1886,75.76314544677734,75.7281494140625,288.0,0.1597222222222222
1887,1.5913318051129284,0.9398264229816842,1887,75.19896697998047,75.16506958007812,288.0,0.14583333333333334
1888,1.670028367377399,0.8714189165673767,1888,75.59954833984375,75.56497192382812,288.0,0.1701388888888889
1889,1.8320692298809276,0.6259487539766408,1889,75.55455780029297,75.51922607421875,288.0,0.125
1890,1.6048043652132051,0.7091702972457661,1890,76.06324768066406,76.02934265136719,288.0,0.1388888888888889
1891,1.7087813691414144,0.8428807661238066,1891,75.38165283203125,75.34730529785156,288.0,0.14583333333333334
1892,1.222542027926201,1.1616329483175962,1892,74.93669128417969,74.90185546875,288.0,0.1527777777777778
1893,1.6036864418094983,0.9051120343203618,1893,74.77854919433594,74.74349975585938,288.0,0.16319444444444445
1894,1.5728202990027467,0.8180501612379119,1894,75.51449584960938,75.48008728027344,288.0,0.1111111111111111
1895,0.864062312944387,1.3538239774734997,1895,75.50582885742188,75.47081756591797,288.0,0.16666666666666666
1896,1.8718790808650319,0.44458874476304566,1896,75.61253356933594,75.57744598388672,288.0,0.10069444444444445
1897,1.8024146428791161,0.5425871066773518,1897,74.5995101928711,74.56526947021484,288.0,0.16319444444444445
1898,1.207790164993313,1.019073184643093,1898,75.49490356445312,75.45989990234375,288.0,0.13541666666666666
1899,0.8050393839741761,1.2522746583596103,1899,75.4288330078125,75.39360046386719,288.0,0.11805555555555555
1900,1.83325599035623,0.47530383997681686,1900,75.35786437988281,75.322509765625,288.0,0.16666666666666666
1901,1.7931344863029457,0.684388718749623,1901,76.24549865722656,76.2104263305664,288.0,0.1597222222222222
1902,1.598388834941692,0.89561481467052,1902,74.6875228881836,74.65206146240234,288.0,0.14930555555555555
1903,1.7850083771116918,0.7103700551443825,1903,75.42172241210938,75.38710021972656,288.0,0.11805555555555555
1904,1.6470669615760982,0.9053131225547505,1904,75.81069946289062,75.77571105957031,288.0,0.15625
1905,1.7083976996438284,0.7515173313383197,1905,74.8194580078125,74.78410339355469,288.0,0.1423611111111111
1906,1.4062225854514112,0.9599926309035802,1906,75.88771057128906,75.85247802734375,288.0,0.15625
1907,1.6084390483145639,0.9100431032536375,1907,75.89108276367188,75.85607147216797,288.0,0.14930555555555555
1908,1.7277790831167485,0.80892535707695,1908,75.82640075683594,75.79090118408203,288.0,0.16666666666666666
1909,1.7793884628888916,0.696390655836342,1909,76.30826568603516,76.27308654785156,288.0,0.1111111111111111
1910,1.8978897552759209,0.4913449486028501,1910,75.72793579101562,75.69244384765625,288.0,0.10416666666666667
1911,1.825136003213223,0.48051105140168576,1911,76.33454895019531,76.2998046875,288.0,0.15625
1912,0.6640551344505153,1.2116725063024656,1912,75.38685607910156,75.35208892822266,288.0,0.13541666666666666
1913,1.851197884002181,0.5101020832156711,1913,75.8253173828125,75.79013061523438,288.0,0.14583333333333334
1914,0.5614598843802585,1.324126173311935,1914,75.3072509765625,75.2715072631836,288.0,0.1909722222222222
1915,1.609007581499532,0.9065398201232149,1915,75.60224914550781,75.56693267822266,288.0,0.1527777777777778
1916,1.7211844782493726,0.6889177034252215,1916,75.59828186035156,75.56292724609375,288.0,0.14583333333333334
1917,1.3706143098362356,0.9183378492262129,1917,75.37197875976562,75.33692169189453,288.0,0.1701388888888889
1918,0.8092859411310168,1.2206572273878347,1918,75.21591186523438,75.18038940429688,288.0,0.11805555555555555
1919,1.6852332650637325,0.8953242762581927,1919,75.55274963378906,75.5182876586914,288.0,0.125
1920,0.8294044004402652,1.3058729783179435,1920,75.38685607910156,75.35212707519531,288.0,0.13194444444444445
1921,0.892970901069693,1.1956754328789618,1921,75.13577270507812,75.10118103027344,288.0,0.14583333333333334
1922,0.8771409967871795,1.1911805793720864,1922,75.12257385253906,75.08729553222656,288.0,0.1076388888888889
1923,1.7680693185366985,0.7084382137241065,1923,75.26500701904297,75.23062133789062,288.0,0.14583333333333334
1924,1.8180588002260936,0.43654884795359256,1924,75.1700439453125,75.13520812988281,288.0,0.16319444444444445
1925,1.871502089227579,0.4345232745678511,1925,75.89079284667969,75.85525512695312,288.0,0.11805555555555555
1926,1.8681429491520651,0.43781353330035905,1926,76.12876892089844,76.09283447265625,288.0,0.16666666666666666
1927,1.8222012801904353,0.43260191298241457,1927,76.20791625976562,76.17182922363281,288.0,0.1388888888888889
1928,1.7296724927309008,0.7491902332775441,1928,75.51889038085938,75.48313903808594,288.0,0.1527777777777778
1929,1.8035920677735267,0.45112299410616147,1929,76.06359100341797,76.02728271484375,288.0,0.12152777777777778
1930,1.8807735921075701,0.5546224440848037,1930,74.91386413574219,74.87774658203125,288.0,0.09722222222222222
1931,1.8861265258367819,0.4618388231335253,1931,75.28340148925781,75.24720764160156,288.0,0.14583333333333334
1932,1.5537448899742372,0.7090521985240638,1932,75.62328338623047,75.5870361328125,288.0,0.09375
1933,1.271046314721631,1.012583311356993,1933,74.7470703125,74.7117919921875,288.0,0.1736111111111111
1934,1.8016679668138462,0.48198288800478956,1934,76.13400268554688,76.0978012084961,288.0,0.13194444444444445
1935,0.8092119107618978,1.1870334279176156,1935,74.50161743164062,74.46614837646484,288.0,0.13541666666666666
1936,1.6093430591386528,0.8966178948187162,1936,74.92776489257812,74.8930892944336,288.0,0.16319444444444445
1937,1.7384293888237528,0.6331909403379452,1937,74.77947235107422,74.74435424804688,288.0,0.11805555555555555
1938,1.6173066687738689,0.8065656334473513,1938,75.63137817382812,75.59706115722656,288.0,0.13541666666666666
1939,1.507594876890807,0.9409315570278709,1939,75.01094055175781,74.97611999511719,288.0,0.1284722222222222
1940,1.1965203562066946,1.0986462157573413,1940,74.48097229003906,74.44651794433594,288.0,0.09027777777777778
1941,1.4134879052885252,0.984508681056719,1941,74.69133758544922,74.65690612792969,288.0,0.14930555555555555
1942,1.8944448538750207,0.5096631593177876,1942,75.2550048828125,75.22026062011719,288.0,0.1284722222222222
1943,1.8772216798084476,0.4273439093100032,1943,75.22965240478516,75.19490814208984,288.0,0.11805555555555555
1944,1.9015010717139909,0.4680901129825378,1944,75.63117218017578,75.59589385986328,288.0,0.1284722222222222
1945,1.8744698017225696,0.5199892359055667,1945,75.12446594238281,75.08970642089844,288.0,0.10416666666666667
1946,1.7919897995434586,0.5652385231866686,1946,75.68495178222656,75.65043640136719,288.0,0.1701388888888889
1947,1.6694650044212207,0.8641362179573049,1947,75.78126525878906,75.7462158203125,288.0,0.15625
1948,1.5352039271292515,0.9624046857488311,1948,74.75746154785156,74.72295379638672,288.0,0.11805555555555555
1949,1.8136549046614538,0.5870701842031749,1949,75.13114929199219,75.09599304199219,288.0,0.11458333333333333
1950,1.8078788782088817,0.6424095903777529,1950,74.77416229248047,74.7396240234375,288.0,0.1076388888888889
1951,1.8447348208608583,0.4182122345748925,1951,74.75939178466797,74.72528839111328,288.0,0.12152777777777778
1952,0.8903873739017989,1.2371911368228785,1952,74.9742431640625,74.9395751953125,288.0,0.1111111111111111
1953,1.307835531397865,1.0211256042960504,1953,75.10469055175781,75.07005310058594,288.0,0.13541666666666666
1954,1.3744974649870239,0.9004619464474836,1954,74.94111633300781,74.9060287475586,288.0,0.13541666666666666
1955,1.7945944541786187,0.4166456694667541,1955,75.20829772949219,75.17343139648438,288.0,0.14583333333333334
1956,1.0229340188388738,1.2072258806563925,1956,75.17793273925781,75.14302825927734,288.0,0.1423611111111111
1957,0.8466595915054564,1.1996533726328806,1957,75.29420471191406,75.25897216796875,288.0,0.1284722222222222
1958,1.2355250658912849,1.1516203786013444,1958,74.82553100585938,74.7906265258789,288.0,0.16319444444444445
1959,1.7484305492736507,0.7882380967727436,1959,75.7622299194336,75.72753143310547,288.0,0.13194444444444445
1960,1.8485925671550172,0.42612984897543077,1960,75.59796905517578,75.56283569335938,288.0,0.14583333333333334
1961,1.912255570208877,0.4664598172726569,1961,74.36764526367188,74.33342742919922,288.0,0.11805555555555555
1962,1.882124188450754,0.47179368170194735,1962,75.12309265136719,75.08885192871094,288.0,0.10416666666666667
1963,1.9046725198366232,0.431378944039425,1963,74.96142578125,74.92692565917969,288.0,0.1284722222222222
1964,1.8941456388334206,0.4841645903648838,1964,75.49205017089844,75.45771789550781,288.0,0.14930555555555555
1965,1.2507312142977542,1.067936912246698,1965,75.53406524658203,75.49849700927734,288.0,0.14583333333333334
1966,1.8479286900690017,0.5981849259767832,1966,75.06498718261719,75.03067016601562,288.0,0.1423611111111111
1967,1.8400407472223697,0.3952581806644776,1967,75.3094482421875,75.2746810913086,288.0,0.13194444444444445
1968,1.9042372030921395,0.46506349797616336,1968,75.68914794921875,75.65384674072266,288.0,0.1076388888888889
1969,0.6442285085459611,1.4548865532205866,1969,75.3471450805664,75.31226348876953,288.0,0.14583333333333334
1970,1.7266030167416462,0.810345683906628,1970,75.58443450927734,75.54942321777344,288.0,0.14930555555555555
1971,1.8578122659175236,0.5850726391401211,1971,76.07426452636719,76.03897094726562,288.0,0.12152777777777778
1972,1.8370526444719515,0.6539098007317167,1972,76.29542541503906,76.25960540771484,288.0,0.11458333333333333
1973,1.8349371796264142,0.5453518927443607,1973,75.98875427246094,75.95310974121094,288.0,0.1527777777777778
1974,1.862909890247983,0.43936871156866286,1974,76.36082458496094,76.32527923583984,288.0,0.11805555555555555
1975,1.1225881247809124,1.0682353229579227,1975,75.48675537109375,75.45030975341797,288.0,0.15625
1976,1.2083341227222333,1.0956267610584662,1976,75.32687377929688,75.29144287109375,288.0,0.16666666666666666
1977,1.8303528246027498,0.4185221549908613,1977,76.288330078125,76.25245666503906,288.0,0.1701388888888889
1978,0.843313070952438,1.319181154906398,1978,75.25732421875,75.22280883789062,288.0,0.1388888888888889
1979,1.8344953044580679,0.6767290896536325,1979,75.7311782836914,75.6953125,288.0,0.15625
1980,0.43220714351666606,1.2359140932556407,1980,76.04885864257812,76.01383972167969,288.0,0.13194444444444445
1981,1.3159205224770687,0.93773416929081,1981,75.27491760253906,75.24063110351562,288.0,0.1423611111111111
1982,1.7907426244949218,0.5344473853714526,1982,75.43254089355469,75.39749908447266,288.0,0.14583333333333334
1983,1.6659009572388852,0.8255210511356874,1983,75.7437744140625,75.70848083496094,288.0,0.1423611111111111
1984,1.8725062032534272,0.3956358620892311,1984,76.07234191894531,76.03659057617188,288.0,0.11458333333333333
1985,1.8524643199409883,0.5399393684480266,1985,75.66769409179688,75.63203430175781,288.0,0.13541666666666666
1986,1.7341207452264293,0.7865211724806066,1986,75.76025390625,75.7244873046875,288.0,0.1284722222222222
1987,1.0525062099341262,1.1393878077286905,1987,76.51264953613281,76.47720336914062,288.0,0.13194444444444445
1988,1.9069723050608087,0.3998521642572391,1988,75.87265014648438,75.83663177490234,288.0,0.11805555555555555
1989,0.7564117321491577,1.27539775034529,1989,76.3365478515625,76.3000717163086,288.0,0.13194444444444445
1990,1.9168252069018905,0.4270936675333665,1990,75.31050109863281,75.27449798583984,288.0,0.1076388888888889
1991,1.7705037181473788,0.7518993146042965,1991,76.16259765625,76.12748718261719,288.0,0.13541666666666666
1992,1.7625389281604262,0.7547821146958823,1992,76.45632934570312,76.42076873779297,288.0,0.16666666666666666
1993,1.8436161575790895,0.5445197222666872,1993,76.05255889892578,76.01707458496094,288.0,0.09722222222222222
1994,1.7733642900632782,0.7168944922282864,1994,76.20484924316406,76.16899108886719,288.0,0.11458333333333333
1995,1.7131520565775442,0.44377679153410643,1995,75.70879364013672,75.67317962646484,288.0,0.1284722222222222
1996,1.2123596970548474,1.1926973828309224,1996,76.07186889648438,76.03630828857422,288.0,0.13541666666666666
1997,1.7609277437702895,0.7756672838808175,1997,75.39067840576172,75.35537719726562,288.0,0.12152777777777778
1998,1.5993247317226105,0.9257002920239107,1998,76.10739135742188,76.07238006591797,288.0,0.18055555555555555
1999,1.8469560482072989,0.5002162797386909,1999,75.73982238769531,75.70475769042969,288.0,0.1111111111111111
2000,1.8538703558764194,0.4896295840641081,2000,75.9463119506836,75.91077423095703,288.0,0.1284722222222222
2001,1.697190897586276,0.8370449592740717,2001,75.71763610839844,75.68228149414062,288.0,0.125
2002,1.121815125654734,1.003529997604743,2002,75.1339111328125,75.09872436523438,288.0,0.11805555555555555
2003,1.3916248727346323,0.9766196227435977,2003,75.35772705078125,75.32247924804688,288.0,0.125
2004,1.0415785378265388,1.035720653319126,2004,74.46507263183594,74.43013763427734,288.0,0.1875
2005,1.3212736709638209,0.9823375255573746,2005,75.54257202148438,75.50804901123047,288.0,0.13541666666666666
2006,1.8563381317179564,0.5891955354431552,2006,75.2711181640625,75.23628234863281,288.0,0.10416666666666667
2007,1.3966240177329867,0.9259105336204096,2007,75.07122039794922,75.03562927246094,288.0,0.12152777777777778
2008,1.5534646873746856,0.93589308570733,2008,74.82064819335938,74.78607177734375,288.0,0.15625
2009,1.1152497578210425,1.113718499324343,2009,75.95558166503906,75.92183685302734,288.0,0.1111111111111111
2010,0.7655187456154466,1.402476090736348,2010,74.8373031616211,74.80326080322266,288.0,0.17708333333333334
2011,1.3055472711606417,1.0802776350578265,2011,75.24349975585938,75.20913696289062,288.0,0.14930555555555555
2012,1.5622859691334747,0.8988900054335985,2012,75.42713928222656,75.393310546875,288.0,0.1284722222222222
2013,1.7118735318520204,0.7293057103070485,2013,74.99378967285156,74.960205078125,288.0,0.13541666666666666
2014,1.8965831116249001,0.5369279250834614,2014,74.7143783569336,74.68020629882812,288.0,0.11458333333333333
2015,1.49007932746874,1.0031084058435222,2015,74.7001953125,74.6663589477539,288.0,0.1527777777777778
2016,0.391638171025398,1.3071721152367808,2016,75.1237564086914,75.08964538574219,288.0,0.1701388888888889
2017,0.8082643043557645,1.2913521938537798,2017,74.91899871826172,74.88432312011719,288.0,0.13194444444444445
2018,1.3631814597957517,0.9451254737684592,2018,76.04004669189453,76.00608825683594,288.0,0.1388888888888889
2019,1.5932070784998167,0.8989683624608098,2019,75.79669189453125,75.76310729980469,288.0,0.1423611111111111
2020,0.80245133433558,1.3376009887897706,2020,75.41859436035156,75.38502502441406,288.0,0.14930555555555555
2021,1.8759029751766585,0.406392063987271,2021,75.89248657226562,75.85798645019531,288.0,0.1111111111111111
2022,1.808969390038318,0.5359271831109242,2022,75.37808990478516,75.34365844726562,288.0,0.125
2023,0.7283982523909454,1.3856113436987978,2023,75.52178955078125,75.48739624023438,288.0,0.14583333333333334
2024,1.8153475170840327,0.6459215520514886,2024,75.32727813720703,75.29264068603516,288.0,0.1388888888888889
2025,1.8909871746786702,0.5182670124075066,2025,75.83782196044922,75.8037109375,288.0,0.08680555555555555
2026,1.7666066720119107,0.7594195890116139,2026,74.76118469238281,74.72702026367188,288.0,0.1527777777777778
2027,1.8726269558751758,0.447152593358208,2027,74.58174896240234,74.548095703125,288.0,0.1284722222222222
2028,1.8615724310118935,0.45386112864908185,2028,75.70127868652344,75.66615295410156,288.0,0.1736111111111111
2029,1.7149253461315337,0.7122198174331752,2029,75.88548278808594,75.85005187988281,288.0,0.1388888888888889
2030,1.8426081718097604,0.4490980523355224,2030,75.35173797607422,75.31686401367188,288.0,0.13194444444444445
2031,1.8516806261382734,0.5309461836717313,2031,75.3239974975586,75.28862762451172,288.0,0.10416666666666667
2032,1.8096433583311233,0.43021224067998115,2032,76.12293243408203,76.08822631835938,288.0,0.1284722222222222
2033,1.86198337093764,0.41535632658504934,2033,75.69645690917969,75.65987396240234,288.0,0.125
2034,1.588959386575382,0.8370859190207559,2034,75.36897277832031,75.33509826660156,288.0,0.14930555555555555
2035,1.58486237933239,0.9070877826081155,2035,75.09807586669922,75.06304931640625,288.0,0.1388888888888889
2036,1.358988146481549,1.0828415257463202,2036,74.84060668945312,74.80596160888672,288.0,0.1423611111111111
2037,1.7769035337782881,0.7275291579307348,2037,75.42669677734375,75.39254760742188,288.0,0.1076388888888889
2038,1.871860885212997,0.4455328988708344,2038,75.14714050292969,75.112548828125,288.0,0.15625
2039,1.5984737228639176,0.6813116143275048,2039,75.1079330444336,75.07328033447266,288.0,0.1076388888888889
2040,1.8195636312528412,0.4340785437194041,2040,75.55938720703125,75.5245361328125,288.0,0.10069444444444445
2041,1.7886108355235046,0.6137839021946362,2041,75.76692199707031,75.73224639892578,288.0,0.13194444444444445
2042,1.8382576160641122,0.4090471288270656,2042,75.86528015136719,75.83050537109375,288.0,0.13194444444444445
2043,1.7613529293910517,0.7721975890812667,2043,76.44308471679688,76.40724182128906,288.0,0.11458333333333333
2044,1.7404123529125533,0.5684953474795399,2044,75.25996398925781,75.224609375,288.0,0.11805555555555555
2045,1.6452318125740502,0.7343829739927163,2045,76.46713256835938,76.43148803710938,288.0,0.11458333333333333
2046,1.8418924048193281,0.42321754135070916,2046,75.28499603271484,75.24909210205078,288.0,0.1597222222222222
2047,1.53684753918301,0.8116963774369291,2047,75.2518539428711,75.21556091308594,288.0,0.1111111111111111
2048,1.814940139278664,0.6421115466038347,2048,75.63280487060547,75.59626770019531,288.0,0.1076388888888889
2049,1.808869101628125,0.4694326919289265,2049,75.94203186035156,75.90653991699219,288.0,0.1875
2050,1.7913698737482093,0.5559704852383115,2050,75.51776123046875,75.48117065429688,288.0,0.14583333333333334
2051,1.8076341053965044,0.4898927304087533,2051,76.21417236328125,76.17701721191406,288.0,0.11805555555555555
2052,1.8668675411705067,0.45436947672569405,2052,74.66417694091797,74.62736511230469,288.0,0.1423611111111111
2053,1.8523546085767921,0.5332365873303704,2053,75.36585998535156,75.3298568725586,288.0,0.125
2054,1.714766448643755,0.7369526810882344,2054,75.4390869140625,75.40284729003906,288.0,0.13194444444444445
2055,1.848488861781557,0.49044372898365723,2055,76.26829528808594,76.23246765136719,288.0,0.1527777777777778
2056,1.8827354015764937,0.3784722775461451,2056,74.77828979492188,74.74256134033203,288.0,0.09722222222222222
2057,1.749397293430358,0.4525947785017096,2057,75.15109252929688,75.11465454101562,288.0,0.125
2058,1.5842395360055144,0.6207261934244866,2058,74.88088989257812,74.84510040283203,288.0,0.125
2059,1.804914321484417,0.5248694286785447,2059,75.05194854736328,75.01610565185547,288.0,0.1076388888888889
2060,1.6238076402938728,0.7190894843983656,2060,75.30693054199219,75.27108764648438,288.0,0.1076388888888889
2061,1.7926258190125754,0.5348169653840945,2061,74.70793151855469,74.67347717285156,288.0,0.12152777777777778
2062,1.7984833522577273,0.6826328488063755,2062,74.64750671386719,74.61260986328125,288.0,0.13194444444444445
2063,1.819182171895265,0.5974857403973765,2063,74.60598754882812,74.57058715820312,288.0,0.1076388888888889
2064,1.8173846408954877,0.6093958333860509,2064,74.67060852050781,74.63578796386719,288.0,0.1076388888888889
2065,1.7186410094539808,0.7112254580283269,2065,74.61225891113281,74.57754516601562,288.0,0.09722222222222222
2066,1.8115963841255116,0.6504483255421949,2066,73.51597595214844,73.4808120727539,288.0,0.1284722222222222
2067,1.8114881031267265,0.6860852649509864,2067,74.55067443847656,74.51656341552734,288.0,0.11458333333333333
2068,1.7526508133146972,0.7186951532960343,2068,74.4857177734375,74.45169067382812,288.0,0.1076388888888889
2069,1.5789618267215013,0.8547959045083283,2069,74.96751403808594,74.93292999267578,288.0,0.12152777777777778
2070,1.791064844605158,0.6066014219036339,2070,75.12032318115234,75.08590698242188,288.0,0.10069444444444445
2071,0.435716652076827,1.0926762390295635,2071,74.87725830078125,74.84275817871094,288.0,0.1111111111111111
2072,1.8273768611587018,0.6510426441970265,2072,74.48298645019531,74.44903564453125,288.0,0.1423611111111111
2073,1.8466957192766356,0.6094494986430607,2073,75.06006622314453,75.02583312988281,288.0,0.13194444444444445
2074,1.7253269794947141,0.7742145617275503,2074,74.8705825805664,74.83647918701172,288.0,0.125
2075,0.7947274193894849,1.177639797295137,2075,74.34907531738281,74.31461334228516,288.0,0.1111111111111111
2076,1.8755090577080398,0.4878430121688265,2076,75.0020751953125,74.96784973144531,288.0,0.14583333333333334
2077,1.2396178927197214,0.8717088712533806,2077,75.29855346679688,75.26514434814453,288.0,0.07291666666666667
2078,0.7542948651199436,1.2988094228143434,2078,75.12989044189453,75.09545135498047,288.0,0.12152777777777778
2079,1.844570363388544,0.5116732488036563,2079,75.21437072753906,75.18048095703125,288.0,0.1423611111111111
2080,1.82282704757334,0.5842145096794057,2080,75.70530700683594,75.6705322265625,288.0,0.14930555555555555
2081,1.7589909916913677,0.7727443646289913,2081,75.57115173339844,75.53634643554688,288.0,0.11805555555555555
2082,0.479559626739881,1.258345782238898,2082,75.49359130859375,75.46013641357422,288.0,0.14583333333333334
2083,0.6402320816128442,1.2785402042002576,2083,75.65650177001953,75.62185668945312,288.0,0.09722222222222222
2084,0.8236570614749543,1.300135845007543,2084,75.56047058105469,75.52670288085938,288.0,0.10069444444444445
2085,1.1375762769143893,1.139928369406146,2085,75.4564208984375,75.42237854003906,288.0,0.13194444444444445
2086,1.8622816035803165,0.5970859095533904,2086,75.23704528808594,75.20298767089844,288.0,0.09722222222222222
2087,1.9173044957329273,0.46449793329508426,2087,75.22758483886719,75.19406127929688,288.0,0.12152777777777778
2088,1.9013691188589386,0.5527215180796835,2088,76.06939697265625,76.03558349609375,288.0,0.0763888888888889
2089,1.8457292772874814,0.40033097309044274,2089,75.12007141113281,75.08599090576172,288.0,0.09027777777777778
2090,1.8965713978831173,0.46115988919759043,2090,75.3505859375,75.3165283203125,288.0,0.11805555555555555
2091,0.446780751279679,1.2476613223378528,2091,75.6957015991211,75.66126251220703,288.0,0.14583333333333334
2092,1.2760259556667481,1.0585049549827126,2092,75.49823760986328,75.46408081054688,288.0,0.1423611111111111
2093,1.7627978662428945,0.7797227703111628,2093,75.5255355834961,75.49126434326172,288.0,0.1388888888888889
2094,1.7539072246129759,0.7778792445408782,2094,75.88034057617188,75.84629821777344,288.0,0.1076388888888889
2095,1.8654568963599318,0.5968639639387946,2095,76.16226196289062,76.1280288696289,288.0,0.11805555555555555
2096,1.7943554628627159,0.7122182904823683,2096,75.45631408691406,75.421875,288.0,0.1076388888888889
2097,1.3215098481629974,0.8895637639069583,2097,75.85885620117188,75.82492065429688,288.0,0.11458333333333333
2098,1.558170205548602,0.9356017615698362,2098,76.24836730957031,76.21435546875,288.0,0.11458333333333333
2099,1.2255059690475134,1.2247377069085912,2099,75.49634552001953,75.46249389648438,288.0,0.1597222222222222
2100,1.692909283434263,0.7854623483649597,2100,74.96334838867188,74.9288330078125,288.0,0.125
2101,0.36954160762234617,1.1009440580399485,2101,75.07821655273438,75.04483795166016,288.0,0.1284722222222222
2102,1.7647251136940842,0.7323447590531917,2102,75.27777099609375,75.24307250976562,288.0,0.125
2103,0.9455235043339854,1.3280927949251295,2103,75.4156494140625,75.3817367553711,288.0,0.11805555555555555
2104,1.8401330489166234,0.5978365027196673,2104,75.50495910644531,75.47120666503906,288.0,0.09027777777777778
2105,1.5570136240811765,0.8893295829367912,2105,76.42730712890625,76.39285278320312,288.0,0.09375
2106,1.6650503326663209,0.8172339822721338,2106,76.10023498535156,76.06616973876953,288.0,0.10416666666666667
2107,1.70921061682069,0.8147297095019628,2107,75.28068542480469,75.24671936035156,288.0,0.11458333333333333
2108,1.8568080118378734,0.5111794116642494,2108,75.15614318847656,75.12229919433594,288.0,0.13541666666666666
2109,1.0473438270877,1.0382809915945461,2109,75.56071472167969,75.5256576538086,288.0,0.09722222222222222
2110,1.8285344083915926,0.4760681216261483,2110,75.0254898071289,74.99181365966797,288.0,0.12152777777777778
2111,0.7789425629618347,1.3905434235775656,2111,75.11000061035156,75.07573699951172,288.0,0.1388888888888889
2112,1.0937438585132524,1.0226858124531957,2112,75.16795349121094,75.13369750976562,288.0,0.11458333333333333
2113,1.7687721690667255,0.6263039849493355,2113,75.67472839355469,75.63966369628906,288.0,0.1076388888888889
2114,1.830039096606228,0.6394377932376161,2114,75.16262817382812,75.12890625,288.0,0.10416666666666667
2115,0.48410681780826703,1.0457352968571514,2115,75.26559448242188,75.23228454589844,288.0,0.08333333333333333
2116,1.8775863239918966,0.4977363366310141,2116,76.14006042480469,76.10527038574219,288.0,0.125
2117,1.881901369100033,0.43202219532877634,2117,75.07091522216797,75.03719329833984,288.0,0.1111111111111111
2118,1.4441237759283005,0.8042656672167483,2118,74.15758514404297,74.12322998046875,288.0,0.0798611111111111
2119,1.82558102605745,0.439848031990446,2119,74.45779418945312,74.42262268066406,288.0,0.1111111111111111
2120,1.7505933398882498,0.624007332623429,2120,74.80780792236328,74.7725830078125,288.0,0.1076388888888889
2121,1.811607738105091,0.5616971839266515,2121,74.8470458984375,74.81216430664062,288.0,0.11805555555555555
2122,1.872021763419424,0.5827145032370485,2122,75.50743865966797,75.47274780273438,288.0,0.125
2123,1.8338822419925402,0.4208162287005629,2123,74.89404296875,74.8593978881836,288.0,0.09375
2124,1.5638500625277019,0.8974737560038821,2124,74.77656555175781,74.74234771728516,288.0,0.12152777777777778
2125,1.7642705662374218,0.7074564273014053,2125,75.72039794921875,75.68545532226562,288.0,0.10416666666666667
2126,1.8762705395040484,0.6064348794937336,2126,75.61882781982422,75.58442687988281,288.0,0.09722222222222222
2127,1.8378421830782221,0.5319675903757501,2127,74.25788879394531,74.22315979003906,288.0,0.1111111111111111
2128,1.3511974022878865,0.9170625846578141,2128,74.80603790283203,74.77143859863281,288.0,0.07291666666666667
2129,1.7980863196100643,0.4143498689391611,2129,75.80651092529297,75.77192687988281,288.0,0.125
2130,1.872181120805294,0.48040632395283406,2130,73.38304138183594,73.34841918945312,288.0,0.1111111111111111
2131,1.794936603476092,0.7302913319342422,2131,74.51734924316406,74.4827880859375,288.0,0.11805555555555555
2132,1.863468113499758,0.5660400735718801,2132,73.73480987548828,73.699951171875,288.0,0.11805555555555555
2133,1.7811899629907144,0.7444533116878059,2133,75.31710815429688,75.28282165527344,288.0,0.13194444444444445
2134,0.4342579079439477,1.1588895803414352,2134,74.4073486328125,74.37300872802734,288.0,0.10416666666666667
2135,1.8695652149076563,0.3968608568757199,2135,75.16314697265625,75.12826538085938,288.0,0.10069444444444445
2136,1.5255889431615384,0.9447167758280537,2136,74.75072479248047,74.71565246582031,288.0,0.14583333333333334
2137,0.7014407341217844,1.3443035534065737,2137,75.29658508300781,75.26203918457031,288.0,0.14930555555555555
2138,0.4715149447097386,1.191584631751151,2138,75.0965576171875,75.06140899658203,288.0,0.1076388888888889
2139,1.0373880911112474,1.1036068143776236,2139,75.73245239257812,75.69821166992188,288.0,0.11458333333333333
2140,1.8303003361805945,0.6688675561007807,2140,75.40534210205078,75.37122344970703,288.0,0.11458333333333333
2141,0.17663030152596593,1.1666399623152561,2141,74.91487884521484,74.8805923461914,288.0,0.1284722222222222
2142,1.876606099871033,0.3973359040747152,2142,75.79997253417969,75.76548767089844,288.0,0.11805555555555555
2143,1.7748202969139233,0.7535245215019172,2143,75.55093383789062,75.5150375366211,288.0,0.12152777777777778
2144,1.5834381927412995,0.9322593114658945,2144,74.71516418457031,74.6811752319336,288.0,0.11805555555555555
2145,1.827637545292113,0.6773195574440322,2145,75.37933349609375,75.34431457519531,288.0,0.1076388888888889
2146,1.6605951424574172,0.8682100929564988,2146,74.72179412841797,74.687744140625,288.0,0.13541666666666666
2147,0.8917332431587971,1.3938332273892402,2147,74.1910400390625,74.15618896484375,288.0,0.10416666666666667
2148,1.8911553871553488,0.5639123814349316,2148,75.33250427246094,75.29684448242188,288.0,0.0625
2149,1.8044170526703232,0.6547822846293322,2149,75.48489379882812,75.44917297363281,288.0,0.08333333333333333
2150,1.877529836174364,0.44754067855095325,2150,75.14232635498047,75.10755920410156,288.0,0.12152777777777778
2151,0.8162026338308459,1.2679576346517565,2151,75.5202407836914,75.48523712158203,288.0,0.09722222222222222
2152,1.32038970688371,0.8748731364233246,2152,75.33968353271484,75.30499267578125,288.0,0.09722222222222222
2153,1.8217547192364867,0.6838041633626406,2153,74.55113983154297,74.51636505126953,288.0,0.1284722222222222
2154,1.8085419265795224,0.6225566950444975,2154,74.22381591796875,74.18911743164062,288.0,0.10416666666666667
2155,1.8935616133275286,0.41560130736514045,2155,75.55953979492188,75.52525329589844,288.0,0.13194444444444445
2156,1.721406535496708,0.8291882565094362,2156,75.04584503173828,75.01090240478516,288.0,0.10416666666666667
2157,1.7520315355957168,0.7592620515222964,2157,75.82461547851562,75.78944396972656,288.0,0.09722222222222222
2158,1.7767876482148774,0.702285559737933,2158,74.71025085449219,74.67571258544922,288.0,0.08680555555555555
2159,0.9698190631955512,1.1912726318680897,2159,75.26436614990234,75.22932434082031,288.0,0.1388888888888889
2160,1.0899612557217335,1.14841944872988,2160,74.8914794921875,74.85710906982422,288.0,0.08680555555555555
2161,0.7535557259465686,1.1067237282978557,2161,74.98118591308594,74.9465103149414,288.0,0.08680555555555555
2162,1.5578495602265994,0.8764046544190783,2162,74.96044921875,74.92581176757812,288.0,0.10416666666666667
2163,1.8065684260095918,0.6452409398704211,2163,74.93826293945312,74.90413665771484,288.0,0.1111111111111111
2164,1.8456188416080468,0.6659779303235555,2164,75.17549896240234,75.14075469970703,288.0,0.10069444444444445
2165,1.8132607547169743,0.7125202365963537,2165,74.93658447265625,74.90162658691406,288.0,0.11458333333333333
2166,0.6876822994446878,1.1820084010461913,2166,75.62088775634766,75.58688354492188,288.0,0.11458333333333333
2167,1.629086556588182,0.8697436871695116,2167,75.07817077636719,75.04428100585938,288.0,0.1111111111111111
2168,0.7479108895758508,1.1975037191867703,2168,75.39436340332031,75.36004638671875,288.0,0.1423611111111111
2169,1.8299792086820794,0.6758436083463999,2169,76.15093994140625,76.11766052246094,288.0,0.08333333333333333
2170,1.6918820621043484,0.8327859970421626,2170,74.83757019042969,74.80331420898438,288.0,0.09722222222222222
2171,1.7766910855163713,0.7170190088334609,2171,75.06880187988281,75.03482055664062,288.0,0.12152777777777778
2172,1.7172408001647612,0.7548645608671827,2172,75.05401611328125,75.01953125,288.0,0.08333333333333333
2173,1.798693631398777,0.7363576294013556,2173,75.35964965820312,75.32527160644531,288.0,0.125
2174,1.832552999880956,0.6324387755235188,2174,75.12385559082031,75.08940124511719,288.0,0.11458333333333333
2175,1.5562002551802152,0.920850100537424,2175,75.29872131347656,75.2642593383789,288.0,0.11458333333333333
2176,1.8574894909771258,0.5625802742912117,2176,75.36058807373047,75.3248291015625,288.0,0.10069444444444445
2177,1.8623721745810893,0.5200306638686054,2177,75.24835968017578,75.2140121459961,288.0,0.11458333333333333
2178,1.8706671484280857,0.5809650122032443,2178,74.67598724365234,74.64129638671875,288.0,0.1284722222222222
2179,1.5627732007010073,0.8591680491770939,2179,74.84905242919922,74.81419372558594,288.0,0.13194444444444445
2180,1.885886795061766,0.43580347693756066,2180,75.10466003417969,75.06881713867188,288.0,0.09027777777777778
2181,1.8432952429881975,0.5443117160781881,2181,75.60798645019531,75.57298278808594,288.0,0.11805555555555555
2182,1.8812721523259175,0.4136572381194335,2182,75.93560791015625,75.9000015258789,288.0,0.12152777777777778
2183,1.8133191157538653,0.6531061538473221,2183,75.10118103027344,75.06526184082031,288.0,0.125
2184,0.9345487407186231,1.2010157561351837,2184,74.83778381347656,74.80281066894531,288.0,0.12152777777777778
2185,1.8712141795328618,0.5078174340282973,2185,75.4468994140625,75.41149139404297,288.0,0.12152777777777778
2186,1.845204874600419,0.5120303996939076,2186,75.49890899658203,75.46343994140625,288.0,0.13541666666666666
2187,1.7350980471909498,0.573312665591515,2187,75.0390625,75.0031967163086,288.0,0.07291666666666667
2188,1.868526833274229,0.4718133598494151,2188,75.50834655761719,75.47236633300781,288.0,0.10416666666666667
2189,1.8923294463523845,0.44474046494520364,2189,76.27560424804688,76.23956298828125,288.0,0.1076388888888889
2190,1.824077346286683,0.6513856966649993,2190,75.29261779785156,75.25687408447266,288.0,0.09722222222222222
2191,1.6927063687094561,0.7854523182148084,2191,75.77030944824219,75.734619140625,288.0,0.11805555555555555
2192,1.7255656355379179,0.8206332306763576,2192,75.76634979248047,75.73027038574219,288.0,0.10069444444444445
2193,1.8801651179472738,0.45180910365194676,2193,75.33187866210938,75.2964859008789,288.0,0.08680555555555555
2194,1.1483418381786328,1.136043296614434,2194,76.09992980957031,76.06460571289062,288.0,0.13194444444444445
2195,1.8403730292445053,0.5905546946901329,2195,74.59088897705078,74.5551986694336,288.0,0.1076388888888889
2196,1.7096612462911684,0.7370013721277228,2196,74.41069793701172,74.37552642822266,288.0,0.08680555555555555
2197,1.8641264167648954,0.5473569599323097,2197,74.85498046875,74.81902313232422,288.0,0.09027777777777778
2198,1.7101516252167837,0.5806970350459785,2198,74.53775787353516,74.50337982177734,288.0,0.1076388888888889
2199,1.835591639343026,0.4846730839773591,2199,75.05924224853516,75.02403259277344,288.0,0.06944444444444445
2200,1.7354574780867642,0.8224830056944278,2200,75.0777816772461,75.04287719726562,288.0,0.08333333333333333
2201,1.552922966644204,0.9397544244784434,2201,74.71968841552734,74.68518829345703,288.0,0.11458333333333333
2202,1.7116063014426057,0.7957489081592516,2202,74.812255859375,74.77776336669922,288.0,0.12152777777777778
2203,1.8530403899879222,0.4227571449207375,2203,74.51809692382812,74.48224639892578,288.0,0.11458333333333333
2204,0.8420861834199211,1.1756165313810112,2204,74.48490905761719,74.44975280761719,288.0,0.10416666666666667
2205,1.76602700587376,0.7349311673352099,2205,75.0014877319336,74.96620178222656,288.0,0.11458333333333333
2206,1.9145662126172478,0.47502325657198363,2206,74.9414291381836,74.90589141845703,288.0,0.10416666666666667
2207,1.786268275483983,0.5859024857271133,2207,75.43560028076172,75.40074920654297,288.0,0.10416666666666667
2208,1.8524014193553624,0.4084080362488853,2208,75.42427062988281,75.3899154663086,288.0,0.10416666666666667
2209,1.8731264095325182,0.5473665539168432,2209,74.92298889160156,74.88764953613281,288.0,0.12152777777777778
2210,1.7109057706562776,0.5391597139442136,2210,75.02178192138672,74.98684692382812,288.0,0.09375
2211,1.8555773263094235,0.5598949855458619,2211,75.32066345214844,75.28565979003906,288.0,0.09722222222222222
2212,1.8564219712251964,0.4812595746747761,2212,74.13168334960938,74.09721374511719,288.0,0.0763888888888889
2213,1.9116458218349228,0.4565827199093211,2213,74.99513244628906,74.96024322509766,288.0,0.11805555555555555
2214,1.846721964013094,0.4508023649272417,2214,74.49484252929688,74.4608154296875,288.0,0.09722222222222222
2215,0.8299162107377046,1.2265457389933514,2215,74.6600341796875,74.62582397460938,288.0,0.12152777777777778
2216,1.8881490386018582,0.41333282375967273,2216,73.98722839355469,73.95304107666016,288.0,0.125
2217,1.8848993104114848,0.5853134404938177,2217,73.84933471679688,73.81499481201172,288.0,0.09375
2218,1.09353119571388,1.1794086136966835,2218,74.45144653320312,74.41781616210938,288.0,0.08333333333333333
2219,1.4675941996937558,0.8845969988576236,2219,74.55608367919922,74.522216796875,288.0,0.1111111111111111
2220,1.7748002661539588,0.6547231107315618,2220,74.00069427490234,73.96712493896484,288.0,0.1076388888888889
2221,1.3129695215720716,0.9958000445653277,2221,73.97055053710938,73.93692016601562,288.0,0.1076388888888889
2222,1.5810980145751985,0.9655796131862171,2222,74.08342742919922,74.0499038696289,288.0,0.125
2223,0.7798468577286491,1.1449914947687414,2223,74.43901062011719,74.40596771240234,288.0,0.1388888888888889
2224,1.330268856776189,1.09205069268206,2224,74.81935119628906,74.78610229492188,288.0,0.09722222222222222
2225,0.6841285146732536,1.2057091865483582,2225,74.55248260498047,74.51953887939453,288.0,0.09375
2226,1.6003576949292402,0.8924984246153083,2226,74.4054183959961,74.37197875976562,288.0,0.10069444444444445
2227,1.4021236366402288,1.0498028419933871,2227,75.43879699707031,75.40512084960938,288.0,0.11458333333333333
2228,1.9226437136485732,0.404211028789311,2228,75.49562072753906,75.4619140625,288.0,0.1111111111111111
2229,0.9042546242128883,1.3195134223157934,2229,75.12850189208984,75.0950927734375,288.0,0.10416666666666667
2230,1.501448551219906,0.9050781456930588,2230,75.53750610351562,75.50386810302734,288.0,0.09722222222222222
2231,1.1679476592526394,1.181593363345531,2231,74.68351745605469,74.65000915527344,288.0,0.08333333333333333
2232,1.9151030269042724,0.434183165403329,2232,74.92096710205078,74.88740539550781,288.0,0.08333333333333333
2233,1.4990312636227354,0.9369339952484573,2233,75.47142791748047,75.43763732910156,288.0,0.11805555555555555
2234,0.9021505133762724,1.2016181134099504,2234,74.4344482421875,74.40045166015625,288.0,0.11458333333333333
2235,1.620911601432322,0.9044363559956714,2235,74.75141906738281,74.7179183959961,288.0,0.11805555555555555
2236,1.6745999444802868,0.8834572400729672,2236,75.1702880859375,75.13601684570312,288.0,0.09027777777777778
2237,1.1769736419125059,1.204143865963697,2237,74.85086822509766,74.81724548339844,288.0,0.1076388888888889
2238,1.8206253639120777,0.7110548331264526,2238,74.89346313476562,74.86014556884766,288.0,0.08680555555555555
2239,1.5393345056757946,0.9318130799618385,2239,74.7509765625,74.7168197631836,288.0,0.11458333333333333
2240,1.8869597056631173,0.4238877043509598,2240,74.18328857421875,74.14974212646484,288.0,0.09027777777777778
2241,1.8231315387108151,0.5450213387825834,2241,74.08865356445312,74.05400085449219,288.0,0.13541666666666666
2242,1.7976927251176948,0.7420101367113562,2242,74.62303161621094,74.589111328125,288.0,0.10069444444444445
2243,1.8975776043801227,0.4523113780552806,2243,74.7766342163086,74.74249267578125,288.0,0.1076388888888889
2244,1.4447153035877613,1.1305286782849158,2244,74.30065155029297,74.2679443359375,288.0,0.10069444444444445
2245,1.4924273799708392,0.9003919154319987,2245,74.12671661376953,74.09304809570312,288.0,0.08333333333333333
2246,1.6362486864296448,0.9160000828837481,2246,75.01205444335938,74.97857666015625,288.0,0.06597222222222222
2247,1.5675817936417553,0.8970372422218446,2247,75.15921020507812,75.12631225585938,288.0,0.1423611111111111
2248,1.515922769250122,0.9500210537654806,2248,74.79824829101562,74.76522827148438,288.0,0.11805555555555555
2249,1.7263817913721882,0.7848399866322814,2249,74.71043395996094,74.67749786376953,288.0,0.09375
2250,1.6687111321518258,0.8731359755562664,2250,74.9089126586914,74.87574768066406,288.0,0.10416666666666667
2251,0.6520571766835617,1.2616111351735453,2251,74.87911987304688,74.84622955322266,288.0,0.1388888888888889
2252,1.558557061091871,0.9484471757371512,2252,74.0054702758789,73.9718246459961,288.0,0.1111111111111111
2253,1.8446426452166962,0.582295184178423,2253,74.66466522216797,74.63178253173828,288.0,0.10069444444444445
2254,1.6625127361092604,0.8105934084652101,2254,75.14457702636719,75.11143493652344,288.0,0.08333333333333333
2255,1.4423643243922173,1.0081229862577732,2255,75.35739135742188,75.32389068603516,288.0,0.1423611111111111
2256,1.797903902465462,0.7164353183248673,2256,74.2197036743164,74.18580627441406,288.0,0.09722222222222222
2257,1.887961555367657,0.5660583621713583,2257,74.84352111816406,74.80995178222656,288.0,0.08680555555555555
2258,1.7516897521118588,0.7407931773960986,2258,74.11864471435547,74.08554077148438,288.0,0.10416666666666667
2259,1.7335481215632984,0.7261844962539455,2259,73.93145751953125,73.89825439453125,288.0,0.11458333333333333
2260,1.37664846934284,0.9066042163222249,2260,74.20767974853516,74.17399597167969,288.0,0.09375
2261,1.6491320006201216,0.8653806534676738,2261,73.50257110595703,73.46900939941406,288.0,0.09722222222222222
2262,1.3759930363777064,0.9972484865118374,2262,73.82860565185547,73.79524230957031,288.0,0.10069444444444445
2263,1.4286422800711032,0.9258449987357372,2263,75.07465362548828,75.04080963134766,288.0,0.1111111111111111
2264,1.7278527746531813,0.7170063007110837,2264,74.90745544433594,74.87409973144531,288.0,0.10416666666666667
2265,1.1005736959713173,0.9022506510956585,2265,74.08842468261719,74.05503845214844,288.0,0.10069444444444445
2266,1.9066070370215076,0.4055036369648982,2266,74.21253967285156,74.17936706542969,288.0,0.09722222222222222
2267,1.355756403024059,1.0488373348249496,2267,74.58712768554688,74.55400848388672,288.0,0.09722222222222222
2268,1.8794664676211843,0.5811666300192169,2268,73.74861145019531,73.71490478515625,288.0,0.0798611111111111
2269,1.6556438995304414,0.887654902103998,2269,74.34112548828125,74.307373046875,288.0,0.125
2270,1.8512546045027587,0.646836516311005,2270,74.9044189453125,74.87027740478516,288.0,0.05555555555555555
2271,0.9615559020026728,1.2790946596174364,2271,75.3330307006836,75.29864501953125,288.0,0.09722222222222222
2272,1.8818469280609038,0.4565476806639636,2272,74.48158264160156,74.44819641113281,288.0,0.10069444444444445
2273,0.9404826492337524,1.227499573363348,2273,74.65579223632812,74.62139129638672,288.0,0.09722222222222222
2274,1.6362847483951795,0.8478329496127918,2274,74.11021423339844,74.07584381103516,288.0,0.10416666666666667
2275,1.382973607996357,0.893561774926995,2275,74.81538391113281,74.78109741210938,288.0,0.0798611111111111
2276,1.7837653101602173,0.7059079998076846,2276,75.17228698730469,75.13824462890625,288.0,0.07291666666666667
2277,1.3336581073160758,1.002319845947914,2277,74.7428207397461,74.70965576171875,288.0,0.11458333333333333
2278,1.8600479257144147,0.5452780805233588,2278,74.60162353515625,74.56797790527344,288.0,0.10416666666666667
2279,1.375795369718488,0.8680512877042525,2279,74.12875366210938,74.09510040283203,288.0,0.10416666666666667
2280,1.6414662412718442,0.8783592172684067,2280,75.36746215820312,75.33366394042969,288.0,0.10416666666666667
2281,1.7961411053171783,0.5836705130616916,2281,74.27058410644531,74.23637390136719,288.0,0.0798611111111111
2282,1.7737328611041263,0.6769546507194707,2282,75.0287857055664,74.99520874023438,288.0,0.10069444444444445
2283,0.6171815528324185,1.0272491537571302,2283,74.32174682617188,74.28803253173828,288.0,0.09722222222222222
2284,1.8748546296711284,0.4244732348705625,2284,74.49152374267578,74.45747375488281,288.0,0.1111111111111111
2285,1.7196859932665016,0.7535438101626724,2285,74.69728088378906,74.66346740722656,288.0,0.06944444444444445
2286,1.5220537547715114,0.9478290540066192,2286,75.03501892089844,75.00118255615234,288.0,0.10069444444444445
2287,1.8366894608632067,0.596170096218086,2287,74.5552749633789,74.52132415771484,288.0,0.1076388888888889
2288,1.7541424453429255,0.720233745403607,2288,73.23795318603516,73.20423889160156,288.0,0.1111111111111111
2289,1.729875507016896,0.783385575001021,2289,74.885009765625,74.85100555419922,288.0,0.09375
2290,1.7426907336229591,0.7646727459111285,2290,74.23690032958984,74.20344543457031,288.0,0.1111111111111111
2291,1.8820994004491551,0.4391915500567988,2291,74.39928436279297,74.36556243896484,288.0,0.09722222222222222
2292,1.9088663695750805,0.4207683296632947,2292,74.80973052978516,74.77640533447266,288.0,0.11458333333333333
2293,1.8105641935484047,0.6853986279289404,2293,74.48829650878906,74.4542465209961,288.0,0.09375
2294,1.8803232479619711,0.4711775425372332,2294,74.349365234375,74.31498718261719,288.0,0.12152777777777778
2295,1.4366442685149832,0.9909942584783168,2295,75.08090209960938,75.04678344726562,288.0,0.1284722222222222
2296,1.6051217676683303,0.7737275135633006,2296,74.29142761230469,74.25703430175781,288.0,0.1388888888888889
2297,1.7076633141923492,0.5721491963741159,2297,75.01148223876953,74.97767639160156,288.0,0.08680555555555555
2298,1.854667933083496,0.52846303150077,2298,74.16925811767578,74.13446044921875,288.0,0.0763888888888889
2299,1.8943191122791387,0.41945113615732704,2299,75.47714233398438,75.44197845458984,288.0,0.08680555555555555
2300,1.4096844722108754,0.868462881962247,2300,74.60565185546875,74.57145690917969,288.0,0.09722222222222222
2301,1.0428585922802043,1.184431252983554,2301,76.14551544189453,76.11042022705078,288.0,0.06944444444444445
2302,1.637361913460282,0.7225579599735107,2302,75.32501220703125,75.29125213623047,288.0,0.0763888888888889
2303,1.064637793530925,0.9787867789515348,2303,74.5654296875,74.5308837890625,288.0,0.11805555555555555
2304,1.4750462608988393,0.9121463257234206,2304,75.32811737060547,75.29454040527344,288.0,0.09722222222222222
2305,1.660743331050182,0.8231333382092383,2305,74.14674377441406,74.112060546875,288.0,0.11458333333333333
2306,1.6363615638002351,0.8330586316801639,2306,74.3753662109375,74.3414306640625,288.0,0.11458333333333333
2307,0.8054414600176083,1.3122196152575416,2307,74.24041748046875,74.20713806152344,288.0,0.09027777777777778
2308,0.540500531384138,1.121774769927449,2308,74.57835388183594,74.54563903808594,288.0,0.0798611111111111
2309,1.9093795522206425,0.3931935839580099,2309,74.60926818847656,74.57606506347656,288.0,0.11805555555555555
2310,1.9219127022480385,0.4639001424593284,2310,75.62721252441406,75.59290313720703,288.0,0.09027777777777778
2311,1.8606899838414266,0.4161239396460919,2311,75.18415832519531,75.14979553222656,288.0,0.10069444444444445
2312,1.6322226577594283,0.8802991659544099,2312,74.74754333496094,74.7137451171875,288.0,0.10069444444444445
2313,1.777953326810186,0.49475351228206943,2313,74.73712158203125,74.7032241821289,288.0,0.09722222222222222
2314,1.8325074921633753,0.6253633335509267,2314,74.05851745605469,74.02426147460938,288.0,0.10069444444444445
2315,1.4254160271812981,0.9688683685384099,2315,74.99788665771484,74.96398162841797,288.0,0.12152777777777778
2316,1.891551908693689,0.415346762737868,2316,75.12380981445312,75.0895004272461,288.0,0.10416666666666667
2317,1.8219610706448301,0.6463062732097306,2317,75.11199188232422,75.07667541503906,288.0,0.09722222222222222
2318,1.7487992471785871,0.7261340981637762,2318,75.68721008300781,75.65379333496094,288.0,0.09375
2319,1.7593454710086962,0.6408090421827384,2319,74.82643127441406,74.79264831542969,288.0,0.11458333333333333
2320,1.3707591365595,0.9624130871925857,2320,74.55728149414062,74.52352905273438,288.0,0.06597222222222222
2321,1.426475815868992,0.8198021807755673,2321,74.18949127197266,74.15664672851562,288.0,0.09027777777777778
2322,1.1565472682261886,1.1902899753593186,2322,74.81925964355469,74.78557586669922,288.0,0.10069444444444445
2323,1.8357415442407259,0.5960654387544083,2323,74.67739868164062,74.64382934570312,288.0,0.08680555555555555
2324,1.8375686626280574,0.6621462814953827,2324,74.863525390625,74.8299560546875,288.0,0.10416666666666667
2325,1.8644839351424563,0.60761638601532,2325,75.33409118652344,75.30068969726562,288.0,0.1111111111111111
2326,0.6279123423553665,0.9929041144093478,2326,74.73994445800781,74.70624542236328,288.0,0.0798611111111111
2327,1.8627201929838364,0.5291040355673534,2327,74.53643035888672,74.50253295898438,288.0,0.06597222222222222
2328,0.8480848220390373,1.2344177408550754,2328,74.676025390625,74.642822265625,288.0,0.0798611111111111
2329,1.6903216729018462,0.7638056531585905,2329,75.59478759765625,75.56167602539062,288.0,0.08680555555555555
2330,1.2037844929707424,1.0002615629005407,2330,74.61609649658203,74.58283996582031,288.0,0.11805555555555555
2331,0.3680936178442905,1.1617373926895904,2331,74.8648681640625,74.8318099975586,288.0,0.12152777777777778
2332,1.8197958124996896,0.6278256989046719,2332,74.70941925048828,74.67646789550781,288.0,0.09027777777777778
2333,1.9201539033880377,0.40903587120804596,2333,74.73593139648438,74.70303344726562,288.0,0.08680555555555555
2334,1.799472091460631,0.7193650148946542,2334,74.36719512939453,74.33355712890625,288.0,0.10416666666666667
2335,1.8821417709607542,0.5090194220712538,2335,74.30460357666016,74.27069854736328,288.0,0.1284722222222222
2336,1.8935969616064234,0.4823045607132217,2336,74.82308959960938,74.7883071899414,288.0,0.1284722222222222
2337,1.8334475495104456,0.6587728272249139,2337,75.51282501220703,75.47879028320312,288.0,0.0798611111111111
2338,0.8994516784140862,1.2612647908587196,2338,76.46009826660156,76.42569732666016,288.0,0.09027777777777778
2339,1.3375106924097384,0.9651909793966403,2339,76.03218078613281,75.9976577758789,288.0,0.1111111111111111
2340,1.90954592892542,0.39707817956041813,2340,76.06396484375,76.02965545654297,288.0,0.09027777777777778
2341,1.7553850008134468,0.7101698054308526,2341,75.18780517578125,75.15365600585938,288.0,0.1076388888888889
2342,1.8821923941463976,0.41927900462921586,2342,74.3232421875,74.28895568847656,288.0,0.08680555555555555
2343,1.8043746439765966,0.6151362808017974,2343,75.97140502929688,75.93626403808594,288.0,0.1111111111111111
2344,0.91988796703521,1.2543184503162403,2344,75.17576599121094,75.14097595214844,288.0,0.08680555555555555
2345,0.9996282728168912,1.262951373034999,2345,75.3545913696289,75.32005310058594,288.0,0.09027777777777778
2346,1.408072527217767,0.8385735345864442,2346,74.85791015625,74.82289123535156,288.0,0.10069444444444445
2347,0.8895737551239762,1.1848387883355693,2347,75.36660766601562,75.33222198486328,288.0,0.059027777777777776
2348,1.8853940801270896,0.5655936181223946,2348,76.34086608886719,76.3060302734375,288.0,0.07291666666666667
2349,1.7251519188697713,0.8153616030824382,2349,75.39965057373047,75.36463928222656,288.0,0.10416666666666667
2350,1.701633686024694,0.7055416839818136,2350,75.05419921875,75.0205078125,288.0,0.08680555555555555
2351,1.7471218570950944,0.7223058637319417,2351,75.40672302246094,75.37300109863281,288.0,0.07291666666666667
2352,1.3239391697032314,1.1913490350492848,2352,75.19013214111328,75.1556396484375,288.0,0.09375
2353,1.8569857893713793,0.513380402079933,2353,75.8043212890625,75.77046966552734,288.0,0.09027777777777778
2354,1.0502239261519222,1.1718820038250188,2354,75.82352447509766,75.79029083251953,288.0,0.08680555555555555
2355,1.6018285527674259,0.8449142819967013,2355,75.35663604736328,75.32286071777344,288.0,0.09027777777777778
2356,1.2957436896006105,0.8669838444860474,2356,75.1065673828125,75.0724868774414,288.0,0.09375
2357,1.8451670969675338,0.6012601572046986,2357,75.11773681640625,75.08348083496094,288.0,0.1111111111111111
2358,1.834860120178448,0.6456266889757287,2358,75.21577453613281,75.18132019042969,288.0,0.07291666666666667
2359,1.5623691508709157,0.7197366808696779,2359,74.49969482421875,74.46592712402344,288.0,0.0625
2360,1.776523574458461,0.7746040425142403,2360,75.40998077392578,75.3754653930664,288.0,0.08333333333333333
2361,1.5955125065043052,0.906576396155769,2361,74.36849975585938,74.3343505859375,288.0,0.1076388888888889
2362,0.5864225708054627,1.237138943853296,2362,74.58975219726562,74.55644989013672,288.0,0.13541666666666666
2363,1.9033752121759457,0.4930507309050825,2363,75.16921997070312,75.13539123535156,288.0,0.09027777777777778
2364,1.6452667683426714,0.8320469333746722,2364,75.42552185058594,75.39154815673828,288.0,0.1076388888888889
2365,1.759912981339785,0.7359248212147943,2365,75.7175064086914,75.68377685546875,288.0,0.0763888888888889
2366,1.8234029290072,0.7007924025974416,2366,75.1488037109375,75.11428833007812,288.0,0.09375
2367,1.8212841227810945,0.6890519477877137,2367,75.28279876708984,75.24845886230469,288.0,0.09722222222222222
2368,1.8566782331473712,0.603109759339498,2368,75.54493713378906,75.51078796386719,288.0,0.08680555555555555
2369,1.6843717954937891,0.9560471244305929,2369,75.33778381347656,75.30335998535156,288.0,0.08680555555555555
2370,1.6725394922904222,0.8130045499251213,2370,75.73362731933594,75.69960021972656,288.0,0.08680555555555555
2371,1.360866738659566,1.081842930908862,2371,75.3090591430664,75.27505493164062,288.0,0.06944444444444445
2372,1.8591731411734476,0.572825896867087,2372,75.58019256591797,75.5460205078125,288.0,0.1076388888888889
2373,0.3975878254061846,1.1419299420589093,2373,75.21551513671875,75.18195343017578,288.0,0.1111111111111111
2374,1.385827155728628,0.8503757805093041,2374,75.23710632324219,75.20262145996094,288.0,0.10416666666666667
2375,1.6632420771959362,0.6741307441285141,2375,74.8455581665039,74.81183624267578,288.0,0.052083333333333336
2376,1.0706962225109984,1.0311617442366139,2376,74.51226806640625,74.47969055175781,288.0,0.1111111111111111
2377,1.8262318842519139,0.6852616454289938,2377,74.60370635986328,74.5703125,288.0,0.10416666666666667
2378,1.5192792483031345,0.9514127277677312,2378,75.44366455078125,75.41064453125,288.0,0.09722222222222222
2379,1.8892946881330015,0.5948673417990896,2379,74.68510437011719,74.65191650390625,288.0,0.0763888888888889
2380,1.520700992948663,0.9199380100065003,2380,75.81607055664062,75.78319549560547,288.0,0.11458333333333333
2381,1.6308476899577573,0.7641127439374905,2381,74.33816528320312,74.30441284179688,288.0,0.09375
2382,1.7942071427732165,0.7432453643477139,2382,75.1592025756836,75.1252670288086,288.0,0.0763888888888889
2383,1.7793493204264148,0.7370256313768139,2383,75.06172180175781,75.02810668945312,288.0,0.0763888888888889
2384,1.4423719852493262,1.0803941477700572,2384,75.33621215820312,75.30244445800781,288.0,0.06944444444444445
2385,0.8797409960594922,1.247927215055469,2385,75.13182067871094,75.09771728515625,288.0,0.10416666666666667
2386,1.6535388743032193,0.7587227652717583,2386,75.32865905761719,75.29527282714844,288.0,0.08333333333333333
2387,1.6135463799405494,0.8492674778717062,2387,75.33883666992188,75.30488586425781,288.0,0.10416666666666667
2388,0.9416935527702073,1.150618742264787,2388,75.16964721679688,75.13601684570312,288.0,0.09027777777777778
2389,1.7220574441807832,0.6935986391768515,2389,75.55237579345703,75.51848602294922,288.0,0.04861111111111111
2390,1.8237103816851845,0.6549142245770788,2390,74.30769348144531,74.27432250976562,288.0,0.06944444444444445
2391,1.2525499430988023,1.0204325393584308,2391,74.48989868164062,74.45686340332031,288.0,0.09027777777777778
2392,1.7759716837592774,0.7267383208574967,2392,74.5244140625,74.49058532714844,288.0,0.07291666666666667
2393,1.6547256613420829,0.9041355347974427,2393,75.88485717773438,75.8507308959961,288.0,0.08333333333333333
2394,1.0592603980875528,1.0569078459242398,2394,74.71742248535156,74.68415832519531,288.0,0.0625
2395,1.5625023957303918,0.9190970801982692,2395,75.99579620361328,75.96206665039062,288.0,0.08333333333333333
2396,0.9433771313277352,1.0923289936000007,2396,75.80764770507812,75.77407836914062,288.0,0.08333333333333333
2397,1.5903352947224418,0.914102907887406,2397,75.30433654785156,75.2712631225586,288.0,0.09027777777777778
2398,1.266278291054129,1.0984399100415858,2398,74.49712371826172,74.46355438232422,288.0,0.09375
2399,1.8615813528522027,0.5931899916614861,2399,74.82527160644531,74.79257202148438,288.0,0.09027777777777778
2400,1.4044629062253398,0.9025122815053086,2400,73.80471801757812,73.77140045166016,288.0,0.0798611111111111
2401,1.5929094697868078,1.0029477421939976,2401,74.9908676147461,74.95700073242188,288.0,0.08680555555555555
2402,1.692034829180353,0.7486607287583871,2402,74.96040344238281,74.92749786376953,288.0,0.08333333333333333
2403,1.675803563398965,0.8552014833543355,2403,75.135009765625,75.10191345214844,288.0,0.12152777777777778
2404,1.6663278825662502,0.8237943846585232,2404,75.16102600097656,75.12825012207031,288.0,0.09027777777777778
2405,0.9463149766614206,0.9192709719842476,2405,75.35448455810547,75.32050323486328,288.0,0.0763888888888889
2406,1.8352144868028237,0.50759484076016,2406,74.2837905883789,74.25041961669922,288.0,0.07291666666666667
2407,1.6122693684752119,0.8386048371440841,2407,74.75152587890625,74.71817016601562,288.0,0.10416666666666667
2408,1.514028657970496,1.0054326955217048,2408,73.57591247558594,73.54289245605469,288.0,0.09722222222222222
2409,0.7477095269434747,0.817927730795591,2409,75.00870513916016,74.97514343261719,288.0,0.04513888888888889
2410,1.6102109585964326,0.8807720974347086,2410,74.97957611083984,74.94639587402344,288.0,0.06597222222222222
2411,1.541165445536453,0.9021498419398775,2411,74.07878875732422,74.04501342773438,288.0,0.0798611111111111
2412,1.8017737639728604,0.7353402880762083,2412,74.59568786621094,74.56228637695312,288.0,0.09722222222222222
2413,1.549287732055821,1.0706394590497414,2413,74.72239685058594,74.68878173828125,288.0,0.09722222222222222
2414,1.8067233166263494,0.6763906202445769,2414,74.39727783203125,74.36338806152344,288.0,0.0798611111111111
2415,1.6971178012981352,0.8423089372313305,2415,75.00090789794922,74.96736145019531,288.0,0.05555555555555555
2416,1.3604978119747249,1.0399963473668579,2416,74.29622650146484,74.26298522949219,288.0,0.0763888888888889
2417,1.6093222830075176,0.8570722993952287,2417,74.84031677246094,74.80667114257812,288.0,0.08680555555555555
2418,1.7671467853360052,0.747277770930575,2418,74.11346435546875,74.08003234863281,288.0,0.05555555555555555
2419,1.867378580208693,0.5087164189864699,2419,74.99201202392578,74.95882415771484,288.0,0.09375
2420,0.9473306073334027,1.101765243708507,2420,74.43191528320312,74.39796447753906,288.0,0.1076388888888889
2421,1.8499223297224903,0.6253879764026936,2421,73.85796356201172,73.82421112060547,288.0,0.06597222222222222
2422,1.6813060082996434,0.79248981671592,2422,73.84981536865234,73.81619262695312,288.0,0.0763888888888889
2423,1.5738459623505234,0.8398666552447064,2423,74.7735595703125,74.73966979980469,288.0,0.10416666666666667
2424,1.7867029587767727,0.6633670960196614,2424,74.77418518066406,74.74042510986328,288.0,0.08333333333333333
2425,1.742133888748916,0.7192945315258522,2425,73.8853530883789,73.85147094726562,288.0,0.04861111111111111
2426,1.9124854371166014,0.44141211483202125,2426,74.46945190429688,74.4349365234375,288.0,0.09027777777777778
2427,1.5276384649222878,0.8757658684735851,2427,74.49000549316406,74.45606994628906,288.0,0.09375
2428,1.9087970865698725,0.44858653172415736,2428,73.90766906738281,73.87344360351562,288.0,0.12152777777777778
2429,1.892789153532038,0.41065445220082425,2429,74.2333984375,74.198486328125,288.0,0.10416666666666667
2430,1.3466672382439147,0.8895280069276502,2430,74.39372253417969,74.35874938964844,288.0,0.0798611111111111
2431,1.927370118721386,0.3815059088457554,2431,74.83321380615234,74.79863739013672,288.0,0.059027777777777776
2432,1.8763497491873073,0.40449545539164455,2432,74.36400604248047,74.32930755615234,288.0,0.09027777777777778
2433,1.759363974693614,0.7932204527403306,2433,74.82258605957031,74.78778076171875,288.0,0.04861111111111111
2434,0.7895421691546188,1.256452280368116,2434,74.00383758544922,73.96923065185547,288.0,0.10069444444444445
2435,1.707550049009953,0.8092839216764737,2435,74.32260131835938,74.28829956054688,288.0,0.07291666666666667
2436,1.8128021947039012,0.6666739517437165,2436,74.29693603515625,74.26288604736328,288.0,0.0798611111111111
2437,1.8653982475101571,0.4510313732131446,2437,73.43894958496094,73.40383911132812,288.0,0.0763888888888889
2438,1.8908367126779966,0.42129978720651995,2438,74.54212951660156,74.50768280029297,288.0,0.07291666666666667
2439,1.7395779752084473,0.8609431389105507,2439,73.92269897460938,73.88777160644531,288.0,0.07291666666666667
2440,1.886593739222317,0.5730874361784152,2440,74.14789581298828,74.11318969726562,288.0,0.07291666666666667
2441,1.811838225705107,0.6288513344107213,2441,74.63521575927734,74.60055541992188,288.0,0.09027777777777778
2442,1.7452213631538405,0.7646280871569913,2442,74.97189331054688,74.93743896484375,288.0,0.10416666666666667
2443,1.718728651175743,0.6338564467006325,2443,74.71429443359375,74.67979431152344,288.0,0.06944444444444445
2444,1.7245778601788484,0.7257815722269965,2444,73.71421813964844,73.6802978515625,288.0,0.10069444444444445
2445,1.6901358445409156,0.6800429366249015,2445,73.46382904052734,73.42979431152344,288.0,0.06944444444444445
2446,1.8793474750299515,0.44931243349024313,2446,73.50053405761719,73.466796875,288.0,0.1076388888888889
2447,1.7695267763413025,0.7490198869375694,2447,73.94306945800781,73.90866088867188,288.0,0.09722222222222222
2448,1.8088484400649831,0.7556739320534817,2448,74.74916076660156,74.71488952636719,288.0,0.0763888888888889
2449,1.8082157254887443,0.6697166094990314,2449,74.22470092773438,74.19145202636719,288.0,0.0625
2450,0.13084812556488712,1.1393264501909668,2450,74.46055603027344,74.42707824707031,288.0,0.10069444444444445
2451,1.7978858546192857,0.7359587817695062,2451,74.82437133789062,74.79066467285156,288.0,0.06597222222222222
2452,0.8299161516908289,1.295564080222253,2452,74.81363677978516,74.78010559082031,288.0,0.10416666666666667
2453,1.8735847049012153,0.5996706994716823,2453,74.68909454345703,74.65608215332031,288.0,0.06597222222222222
2454,1.8649856993436416,0.5358003818602635,2454,75.00180053710938,74.96774291992188,288.0,0.09027777777777778
2455,1.8809993646073613,0.5419119589515913,2455,74.3868408203125,74.35326385498047,288.0,0.0763888888888889
2456,1.883494089229469,0.536131567151618,2456,74.05952453613281,74.02607727050781,288.0,0.0625
2457,0.8264080991694781,1.2658016125732579,2457,75.05707550048828,75.02322387695312,288.0,0.08333333333333333
2458,1.4243891656117325,0.9559319597958953,2458,75.80726623535156,75.77336120605469,288.0,0.1111111111111111
2459,1.8772107975972112,0.423188690428439,2459,74.39225769042969,74.35833740234375,288.0,0.059027777777777776
2460,1.7816777023981503,0.7295432413227061,2460,74.91044616699219,74.877197265625,288.0,0.04861111111111111
2461,1.7634089712280772,0.7296876331463518,2461,75.5023193359375,75.46821594238281,288.0,0.09027777777777778
2462,1.6337692716959156,0.8362929090512469,2462,74.38294982910156,74.34956359863281,288.0,0.08680555555555555
2463,1.6180448310280577,0.8932404881136227,2463,74.4891128540039,74.4559326171875,288.0,0.09722222222222222
2464,1.916061624289866,0.4194657694776804,2464,75.11621856689453,75.08267974853516,288.0,0.0625
2465,1.7645657781505097,0.684412128667891,2465,74.69644927978516,74.66275024414062,288.0,0.06597222222222222
2466,1.1952379047969401,0.9538571332862772,2466,74.59776306152344,74.56378173828125,288.0,0.0763888888888889
2467,1.7705435919621075,0.6918481334361595,2467,74.90763092041016,74.87420654296875,288.0,0.06944444444444445
2468,1.8809042259088646,0.40119067695060934,2468,75.3104019165039,75.27637481689453,288.0,0.09375
2469,1.8200270269080008,0.594771127947956,2469,75.62602233886719,75.59251403808594,288.0,0.0763888888888889
2470,1.417020948664704,0.9478341020044095,2470,73.96725463867188,73.93344116210938,288.0,0.1076388888888889
2471,1.3365717693055719,1.0262860660531148,2471,74.02305603027344,73.98988342285156,288.0,0.09027777777777778
2472,1.9188879005736605,0.43730389345424664,2472,74.80754089355469,74.77445220947266,288.0,0.0763888888888889
2473,1.9211577033987441,0.4080429540077875,2473,74.78207397460938,74.74794006347656,288.0,0.07291666666666667
2474,1.6913333675511448,0.7858766193752732,2474,74.59564208984375,74.56198120117188,288.0,0.0798611111111111
2475,1.7416809868432956,0.6250541490441041,2475,74.70557403564453,74.6722412109375,288.0,0.06597222222222222
2476,1.8762391073648688,0.4263627580259197,2476,73.74473571777344,73.7110595703125,288.0,0.0763888888888889
2477,1.8899996413837583,0.41329407121539063,2477,74.00865173339844,73.97491455078125,288.0,0.0798611111111111
2478,1.8077524199002515,0.6959408300268499,2478,74.63725280761719,74.60365295410156,288.0,0.0763888888888889
2479,1.8492043721215445,0.5895005455315271,2479,75.0367660522461,75.00222778320312,288.0,0.06944444444444445
2480,1.8371624007680936,0.6375320951963751,2480,74.11922454833984,74.08525085449219,288.0,0.06944444444444445
2481,1.8882127947246399,0.4442551961599885,2481,74.64051818847656,74.60643768310547,288.0,0.09375
2482,1.8668867328049095,0.4008136189021904,2482,73.63519287109375,73.60052490234375,288.0,0.08333333333333333
2483,1.189207016131027,1.005019549331589,2483,75.20455932617188,75.170166015625,288.0,0.041666666666666664
2484,1.9101217102452166,0.4783635149947267,2484,75.10963439941406,75.0748519897461,288.0,0.0625
2485,0.7646895793753115,1.3323678821494245,2485,74.80990600585938,74.77490234375,288.0,0.0763888888888889
2486,0.9405636188080945,1.185931401834542,2486,75.22470092773438,75.18965911865234,288.0,0.09027777777777778
2487,1.6794840997963632,0.6557507050012128,2487,75.09830474853516,75.06327819824219,288.0,0.0763888888888889
2488,1.7725281760927811,0.5927312808445655,2488,75.66392517089844,75.62968444824219,288.0,0.08333333333333333
2489,1.401104148239404,0.8228738386202611,2489,74.46656799316406,74.43284606933594,288.0,0.08680555555555555
2490,1.8917728858557201,0.42927835337530956,2490,74.16046142578125,74.12626647949219,288.0,0.0763888888888889
2491,1.839691121982584,0.6448975896580906,2491,74.59193420410156,74.55793762207031,288.0,0.0625
2492,1.8839180607772572,0.4613790396844908,2492,75.10820007324219,75.07440185546875,288.0,0.052083333333333336
2493,1.7860235783257694,0.4234038296446587,2493,74.76217651367188,74.72797393798828,288.0,0.0625
2494,1.897059821632838,0.5350046741908628,2494,75.45929718017578,75.42518615722656,288.0,0.09375
2495,1.766051526443829,0.7527670873812207,2495,73.70489501953125,73.67076873779297,288.0,0.11805555555555555
2496,1.9222705309369057,0.39299707577109144,2496,75.66526794433594,75.62985229492188,288.0,0.07291666666666667
2497,1.8447356048328811,0.4703787945745981,2497,74.9749755859375,74.94102478027344,288.0,0.059027777777777776
2498,1.8600803835900932,0.41338593900076814,2498,74.00259399414062,73.96864318847656,288.0,0.0625
2499,1.8691749289114437,0.52973344720068,2499,75.48782348632812,75.45327758789062,288.0,0.08680555555555555
2500,1.8894653364851146,0.45105711526491293,2500,74.64582061767578,74.61092376708984,288.0,0.052083333333333336
2501,1.9140998618758434,0.40158912727125573,2501,75.22943115234375,75.19524383544922,288.0,0.07291666666666667
2502,1.8509651247745953,0.4520461093309786,2502,74.28038024902344,74.24565887451172,288.0,0.0625
2503,1.8884523749659472,0.4423995804822229,2503,74.35781860351562,74.32303619384766,288.0,0.04861111111111111
2504,1.8090385518857077,0.47444303859053916,2504,75.20515441894531,75.17027282714844,288.0,0.059027777777777776
2505,1.9303993023821948,0.43289223408262184,2505,74.86499786376953,74.83006286621094,288.0,0.07291666666666667
2506,1.861687989234369,0.6164551951290298,2506,75.27378845214844,75.23934173583984,288.0,0.0798611111111111
2507,1.7883576837922908,0.6988095993730578,2507,74.85287475585938,74.81809997558594,288.0,0.08680555555555555
2508,1.7269338478957288,0.40423069460041816,2508,74.99822235107422,74.96366119384766,288.0,0.052083333333333336
2509,1.851302470072875,0.49827166570111686,2509,75.46707153320312,75.43323516845703,288.0,0.06597222222222222
2510,1.8516238155161622,0.5706232042443603,2510,75.11822509765625,75.08406066894531,288.0,0.1111111111111111
2511,1.9039538016623245,0.44591712538835937,2511,74.63986206054688,74.60504913330078,288.0,0.06597222222222222
2512,1.85608041911385,0.4201126053782159,2512,75.10147094726562,75.06709289550781,288.0,0.0763888888888889
2513,1.8393703933553103,0.4937641837501295,2513,75.403076171875,75.36846923828125,288.0,0.05555555555555555
2514,1.9069500596677378,0.4584470724288165,2514,75.44319152832031,75.40907287597656,288.0,0.08680555555555555
2515,1.5650372404281794,0.5724493341657052,2515,76.03739166259766,76.0019760131836,288.0,0.06597222222222222
2516,1.811837964735174,0.6234782170581591,2516,75.54226684570312,75.5079345703125,288.0,0.06944444444444445
2517,1.620624625005804,0.655715251618143,2517,74.6685791015625,74.63481140136719,288.0,0.08680555555555555
2518,1.9542950269671049,0.3979854436965738,2518,74.86962890625,74.8363265991211,288.0,0.059027777777777776
2519,1.3671811031780967,0.8126671686113371,2519,75.51264190673828,75.4778823852539,288.0,0.052083333333333336
2520,1.8600943128221457,0.6234596093819624,2520,75.01734161376953,74.98362731933594,288.0,0.0763888888888889
2521,1.8665844314944278,0.5955451454528443,2521,74.82150268554688,74.78644561767578,288.0,0.06944444444444445
2522,1.8770225215394178,0.4787649862289724,2522,75.49543762207031,75.460205078125,288.0,0.08333333333333333
2523,1.7267802632940952,0.5573944985574774,2523,74.80577087402344,74.77074432373047,288.0,0.09722222222222222
2524,1.9031556021510478,0.5123445527160619,2524,74.369873046875,74.33633422851562,288.0,0.08333333333333333
2525,1.8518674133997548,0.5721270754011528,2525,74.90029907226562,74.86536407470703,288.0,0.10069444444444445
2526,1.684479699357904,0.6886437922299047,2526,75.4928970336914,75.45867156982422,288.0,0.07291666666666667
2527,1.8355300615187953,0.488035114127386,2527,74.39630126953125,74.36195373535156,288.0,0.0763888888888889
2528,1.8902119056176783,0.3991120141387124,2528,74.85398864746094,74.81995391845703,288.0,0.05555555555555555
2529,0.8832701019895336,1.128075431382638,2529,74.76765441894531,74.73302459716797,288.0,0.09027777777777778
2530,0.8763344183170835,1.222399877212276,2530,75.27586364746094,75.24137878417969,288.0,0.06597222222222222
2531,1.767658462340055,0.7523424395605852,2531,75.27932739257812,75.24456787109375,288.0,0.0798611111111111
2532,1.7665884055755505,0.7377851304620664,2532,73.98748016357422,73.95294189453125,288.0,0.09722222222222222
2533,1.906928704816317,0.3797699318244988,2533,74.25545501708984,74.22100830078125,288.0,0.05555555555555555
2534,1.7881558734538032,0.7077308048261415,2534,75.69692993164062,75.66310119628906,288.0,0.0798611111111111
2535,1.2764574014055186,0.9526860021553253,2535,73.98921203613281,73.95486450195312,288.0,0.09375
2536,1.5547907113782773,0.8227322908675204,2536,74.36383056640625,74.32928466796875,288.0,0.06597222222222222
2537,1.7693377034393312,0.6740852724953597,2537,74.6712646484375,74.63722229003906,288.0,0.07291666666666667
2538,1.9228145392898495,0.42780084910885796,2538,74.11425018310547,74.08035278320312,288.0,0.0763888888888889
2539,1.4217291232924656,0.8431593589327514,2539,74.60761260986328,74.57408142089844,288.0,0.09375
2540,1.5279504657396794,1.0221365632686186,2540,73.96342468261719,73.92942810058594,288.0,0.06597222222222222
2541,1.854529110180189,0.5285591829828432,2541,74.50886535644531,74.47500610351562,288.0,0.0763888888888889
2542,1.8956680514313389,0.5464623235085698,2542,74.58045959472656,74.54727172851562,288.0,0.04513888888888889
2543,1.6632606097586669,0.8458491262894451,2543,74.91668701171875,74.88349151611328,288.0,0.08333333333333333
2544,1.083366966627524,1.1494886006639538,2544,74.9971923828125,74.96327209472656,288.0,0.08333333333333333
2545,1.048014643576397,1.238687952259193,2545,73.86004638671875,73.82585144042969,288.0,0.10069444444444445
2546,1.9108808193265736,0.4666027085907816,2546,74.56649780273438,74.53213500976562,288.0,0.0798611111111111
2547,1.7089461337801077,0.7039958384167948,2547,75.27838134765625,75.2446060180664,288.0,0.04513888888888889
2548,1.91439386284216,0.4461437987296996,2548,74.3011474609375,74.26742553710938,288.0,0.10069444444444445
2549,1.9022701400164357,0.3983005626738837,2549,74.23739624023438,74.20335388183594,288.0,0.06944444444444445
2550,1.9017845031659444,0.4516526194840033,2550,75.376708984375,75.34219360351562,288.0,0.09375
2551,1.9040408292718007,0.517142577946064,2551,74.58052062988281,74.54591369628906,288.0,0.0625
2552,0.6902430415487245,1.1772133051576117,2552,75.06776428222656,75.03319549560547,288.0,0.10069444444444445
2553,1.7759556481818934,0.6156361893981538,2553,75.01248168945312,74.97787475585938,288.0,0.052083333333333336
2554,1.8992471162021478,0.40764432159641023,2554,74.672119140625,74.63748168945312,288.0,0.0798611111111111
2555,1.8505954979101007,0.48727443858534025,2555,74.40770721435547,74.3734130859375,288.0,0.06944444444444445
2556,1.3845924083600134,0.8425974325211757,2556,73.81721496582031,73.78304290771484,288.0,0.07291666666666667
2557,1.5963610144139986,0.8434118509532244,2557,74.45587158203125,74.42170715332031,288.0,0.07291666666666667
2558,1.8040108136990558,0.7181174346571508,2558,75.09965515136719,75.06619262695312,288.0,0.0763888888888889
2559,1.796964082898951,0.7066403418584516,2559,74.74913024902344,74.71565246582031,288.0,0.07291666666666667
2560,1.9082447358901105,0.42401895300342923,2560,75.1939926147461,75.16027069091797,288.0,0.09027777777777778
2561,1.793325388439107,0.5898342595781779,2561,74.68494415283203,74.65118408203125,288.0,0.04861111111111111
2562,1.9129095055853678,0.460795724448046,2562,74.55750274658203,74.52305603027344,288.0,0.08333333333333333
2563,1.8406035332076651,0.6723627330743305,2563,74.64813232421875,74.61399841308594,288.0,0.08333333333333333
2564,1.837940696780382,0.646582322608103,2564,74.67515563964844,74.64102172851562,288.0,0.05555555555555555
2565,1.8451207111700245,0.6460958198970772,2565,74.57907104492188,74.54420471191406,288.0,0.05555555555555555
2566,1.9145465515071853,0.4799057324485982,2566,74.72053527832031,74.68702697753906,288.0,0.06597222222222222
2567,1.7015778936410175,0.8294440290796115,2567,74.76908874511719,74.73458862304688,288.0,0.0798611111111111
2568,1.911312553489678,0.4258037860114416,2568,74.60476684570312,74.57060241699219,288.0,0.07291666666666667
2569,1.735808111944286,0.7624928488575523,2569,74.48452758789062,74.45075988769531,288.0,0.04861111111111111
2570,1.9192879229828723,0.47825208451007273,2570,74.15983581542969,74.12550354003906,288.0,0.0625
2571,1.7521629063590085,0.7017708040280172,2571,74.61090087890625,74.57698059082031,288.0,0.06597222222222222
2572,1.7009189907513,0.8488616232658299,2572,74.7650146484375,74.73075103759766,288.0,0.08333333333333333
2573,1.7191429554216515,0.6663177102164941,2573,74.56068420410156,74.52659606933594,288.0,0.06944444444444445
2574,1.8997643217787124,0.5398400407851669,2574,74.97076416015625,74.93541717529297,288.0,0.05555555555555555
2575,1.7125441783501243,0.7361214435795554,2575,75.31129455566406,75.27593231201172,288.0,0.041666666666666664
2576,1.7562688078989297,0.47310951460129935,2576,74.53425598144531,74.50041961669922,288.0,0.059027777777777776
2577,1.6898716607195041,0.4865641139826307,2577,74.37506103515625,74.34056854248047,288.0,0.034722222222222224
2578,1.8785758185709076,0.5661850745389767,2578,74.97694396972656,74.94343566894531,288.0,0.052083333333333336
2579,1.8870032491215332,0.5665406842510026,2579,74.39878845214844,74.36456298828125,288.0,0.06597222222222222
2580,1.6216557946541272,0.6762781613750255,2580,75.41458129882812,75.38021850585938,288.0,0.05555555555555555
2581,1.8780435929214216,0.5997369452946855,2581,74.53408813476562,74.50006103515625,288.0,0.07291666666666667
2582,1.8173035205261456,0.6783491192811107,2582,74.95535278320312,74.91968536376953,288.0,0.08680555555555555
2583,1.9400308098529568,0.3998067678910645,2583,74.88644409179688,74.85203552246094,288.0,0.0625
2584,1.86044023707192,0.5348911673553444,2584,74.53077697753906,74.4964599609375,288.0,0.08680555555555555
2585,0.8246031675660619,1.3193527191048098,2585,74.72711944580078,74.69306945800781,288.0,0.08680555555555555
2586,1.8633251451082151,0.4519919285510284,2586,74.13492584228516,74.10063934326172,288.0,0.07291666666666667
2587,1.758556962458307,0.763080379844121,2587,74.83880615234375,74.80469512939453,288.0,0.0798611111111111
2588,1.7590035763029872,0.5434369341733943,2588,74.3143310546875,74.27999877929688,288.0,0.059027777777777776
2589,1.3605331082112835,0.830066753430014,2589,73.7265625,73.69225311279297,288.0,0.07291666666666667
2590,1.6975317476692788,0.8208171269766433,2590,74.11955261230469,74.0855484008789,288.0,0.07291666666666667
2591,1.8830118213554385,0.4701730952601442,2591,74.65713500976562,74.62228393554688,288.0,0.0625
2592,1.9315463344580845,0.4302366356622898,2592,74.62386322021484,74.58895111083984,288.0,0.04513888888888889
2593,1.7583079331431317,0.6361291393897626,2593,74.8061294555664,74.77133178710938,288.0,0.09027777777777778
2594,1.430959896623448,0.9514916087442011,2594,75.49018859863281,75.45531463623047,288.0,0.059027777777777776
2595,1.8624272449603478,0.6210236944936639,2595,74.05511474609375,74.02058410644531,288.0,0.0625
2596,1.8676238744985103,0.4292538336726283,2596,74.24762725830078,74.21360778808594,288.0,0.0798611111111111
2597,1.8953857297513872,0.4800208821028822,2597,74.1753921508789,74.14143371582031,288.0,0.06597222222222222
2598,1.8730535152603924,0.40443834742373913,2598,73.70157623291016,73.66717529296875,288.0,0.06597222222222222
2599,1.8602127824303822,0.5128584964047466,2599,74.15677642822266,74.12234497070312,288.0,0.06597222222222222
2600,1.8772469860880965,0.42632632877154986,2600,75.07318115234375,75.03933715820312,288.0,0.09375
2601,1.8753784041100952,0.40430695791668725,2601,74.81477355957031,74.77945709228516,288.0,0.11458333333333333
2602,1.3932824284195462,0.9469561946870569,2602,74.09493255615234,74.05975341796875,288.0,0.07291666666666667
2603,1.7596497916318201,0.6460630958242081,2603,74.46819305419922,74.43302917480469,288.0,0.05555555555555555
2604,1.787153945994131,0.6265551171263264,2604,74.88610076904297,74.85091400146484,288.0,0.1111111111111111
2605,1.7104781949536247,0.8711037566999387,2605,75.21517181396484,75.1801528930664,288.0,0.08680555555555555
2606,1.7340289955813804,0.7585603528767068,2606,74.45409393310547,74.41828155517578,288.0,0.09722222222222222
2607,1.8530617428649907,0.3886338259558323,2607,74.1243667602539,74.08965301513672,288.0,0.08680555555555555
2608,1.9085500650347045,0.4028137106294919,2608,74.16378784179688,74.1281509399414,288.0,0.05555555555555555
2609,1.7896131271178435,0.4746841397303553,2609,74.3050308227539,74.26974487304688,288.0,0.052083333333333336
2610,1.6996610792726108,0.5799920009135461,2610,74.7420654296875,74.7068862915039,288.0,0.059027777777777776
2611,1.7550358718414063,0.6311014146745044,2611,74.55934143066406,74.5250244140625,288.0,0.06944444444444445
2612,1.803921272103645,0.6674230354897425,2612,74.40218353271484,74.36729431152344,288.0,0.06597222222222222
2613,1.8791756547474752,0.40913912385250784,2613,74.46035766601562,74.42472839355469,288.0,0.07291666666666667
2614,1.8831560031643169,0.42600831175614323,2614,74.05079650878906,74.01590728759766,288.0,0.08680555555555555
2615,1.8747751154584966,0.3981041591389306,2615,75.28548431396484,75.25001525878906,288.0,0.059027777777777776
2616,1.921812945654111,0.3830815974032028,2616,74.20796203613281,74.17280578613281,288.0,0.03819444444444445
2617,1.8457350611810668,0.4754206844123982,2617,74.89093780517578,74.85581970214844,288.0,0.07291666666666667
2618,1.8606550440893426,0.4116137071268827,2618,74.9329833984375,74.8975601196289,288.0,0.059027777777777776
2619,1.930732251639999,0.38615792841421875,2619,74.75990295410156,74.72503662109375,288.0,0.05555555555555555
2620,1.782802858324884,0.5493063988342782,2620,75.35107421875,75.31626892089844,288.0,0.059027777777777776
2621,1.8914582741844994,0.42336990501230864,2621,74.70047760009766,74.6656494140625,288.0,0.0798611111111111
2622,1.9355943576114933,0.4180722333169686,2622,74.67582702636719,74.64032745361328,288.0,0.052083333333333336
2623,1.8103159813297982,0.6711165224148128,2623,74.88627624511719,74.85116577148438,288.0,0.09027777777777778
2624,1.8537476574510796,0.6136303188435589,2624,74.71974182128906,74.68431091308594,288.0,0.0763888888888889
2625,1.8299120542557985,0.4928829967371918,2625,76.10845947265625,76.0743179321289,288.0,0.06597222222222222
2626,1.866186844593125,0.5351579806333464,2626,74.3869857788086,74.35203552246094,288.0,0.06597222222222222
2627,1.8396393529178188,0.6419854746179883,2627,74.89661407470703,74.86199951171875,288.0,0.07291666666666667
2628,1.6605579375427382,0.680244862574895,2628,74.25309753417969,74.21851348876953,288.0,0.07291666666666667
2629,1.870331070357956,0.5655732438685527,2629,74.42325592041016,74.38816833496094,288.0,0.04513888888888889
2630,1.8921681043610254,0.4178226813093601,2630,74.19586944580078,74.16122436523438,288.0,0.06944444444444445
2631,1.899939476133401,0.43066735634420983,2631,75.0740966796875,75.039306640625,288.0,0.0798611111111111
2632,1.820108760665273,0.5623377720757845,2632,75.22187805175781,75.18711853027344,288.0,0.0763888888888889
2633,1.8706912851970783,0.569602780460821,2633,74.83248901367188,74.79826354980469,288.0,0.0763888888888889
2634,1.8619714251429218,0.4997989290028043,2634,74.10385131835938,74.06976318359375,288.0,0.08333333333333333
2635,1.8698597519478541,0.5632773076909929,2635,74.1260986328125,74.09239196777344,288.0,0.0763888888888889
2636,1.8868523160248847,0.5768212020606748,2636,73.74897766113281,73.71469116210938,288.0,0.0625
2637,1.9104769707205587,0.40886006123377605,2637,74.73709106445312,74.70285034179688,288.0,0.06944444444444445
2638,1.933949323411205,0.38579799695513173,2638,74.5059814453125,74.47146606445312,288.0,0.0625
2639,1.9178485540727594,0.4175911362862215,2639,74.51535034179688,74.48097229003906,288.0,0.059027777777777776
2640,1.0549603935668173,0.8214473952366256,2640,74.64204406738281,74.60762023925781,288.0,0.04861111111111111
2641,1.7231047461536737,0.5913519809212932,2641,75.16299438476562,75.12895202636719,288.0,0.0798611111111111
2642,1.7622769008361787,0.6609703321718342,2642,74.5819320678711,74.54731750488281,288.0,0.052083333333333336
2643,1.5454707188048724,0.8682208604998595,2643,74.99821472167969,74.964111328125,288.0,0.059027777777777776
2644,1.6812188781472572,0.65260986923387,2644,74.74666595458984,74.71269989013672,288.0,0.059027777777777776
2645,1.880797975172734,0.4176073570764675,2645,73.7889175415039,73.75433349609375,288.0,0.08680555555555555
2646,1.9474332075993352,0.3481106550420972,2646,74.88697814941406,74.85270690917969,288.0,0.04513888888888889
2647,1.8398224899138451,0.6619771331759456,2647,75.48710632324219,75.4525146484375,288.0,0.0763888888888889
2648,1.670325769468488,0.7174475020858667,2648,74.298583984375,74.26414489746094,288.0,0.059027777777777776
2649,1.8896871339586943,0.443949256593877,2649,73.95673370361328,73.92257690429688,288.0,0.06944444444444445
2650,1.7607830794376294,0.630593763222329,2650,74.880615234375,74.84676361083984,288.0,0.05555555555555555
2651,1.2621418545353353,0.8572055035149218,2651,74.29424285888672,74.26036071777344,288.0,0.06597222222222222
2652,1.7969895813963832,0.7186383801258891,2652,74.93045043945312,74.89642333984375,288.0,0.0625
2653,1.9072806288126931,0.4221613615699559,2653,74.16588592529297,74.13204193115234,288.0,0.06944444444444445
2654,1.9026879828886867,0.4134718243867503,2654,74.51251220703125,74.47811126708984,288.0,0.059027777777777776
2655,1.8928578874437878,0.403522109217078,2655,75.21468353271484,75.18035888671875,288.0,0.06597222222222222
2656,1.6899029152599507,0.5161353781488599,2656,75.36035919189453,75.32600402832031,288.0,0.04861111111111111
2657,1.6947133803890673,0.6901483125072498,2657,74.22408294677734,74.18938446044922,288.0,0.0625
2658,1.9124047567260947,0.38988067059379267,2658,74.8038558959961,74.76878356933594,288.0,0.05555555555555555
2659,1.9017372686189762,0.49604728560331546,2659,74.48323059082031,74.44844055175781,288.0,0.07291666666666667
2660,1.524404724997087,0.5327260825283233,2660,74.80813598632812,74.7733154296875,288.0,0.0625
2661,1.8493079319980947,0.5504616128354821,2661,74.88916015625,74.85529327392578,288.0,0.05555555555555555
2662,1.456032532791421,0.8222118514344031,2662,74.11892700195312,74.08438873291016,288.0,0.06944444444444445
2663,1.7825269576710643,0.5460284995855028,2663,74.15315246582031,74.11845397949219,288.0,0.06944444444444445
2664,1.8752834863245695,0.396568673684059,2664,74.26670837402344,74.23279571533203,288.0,0.0763888888888889
2665,1.8931683836488686,0.38545966391475767,2665,74.1064224243164,74.07180786132812,288.0,0.05555555555555555
2666,1.8932672747787214,0.39944670937877846,2666,74.93048858642578,74.89527130126953,288.0,0.052083333333333336
2667,1.8841455937535692,0.5035017093939966,2667,75.14089965820312,75.10618591308594,288.0,0.041666666666666664
2668,1.9475147405274997,0.39908628965003334,2668,75.14764404296875,75.11358642578125,288.0,0.059027777777777776
2669,1.8971900090846208,0.40225017710369726,2669,74.45780944824219,74.42215728759766,288.0,0.052083333333333336
2670,1.283790866414301,0.6718065558419014,2670,74.31229400634766,74.2769546508789,288.0,0.052083333333333336
2671,1.031736580272378,1.1809802110121963,2671,75.098876953125,75.06364440917969,288.0,0.07291666666666667
2672,1.9004174441837511,0.48096284537228373,2672,74.58102416992188,74.54580688476562,288.0,0.0798611111111111
2673,1.7969845497841925,0.5380627868020481,2673,73.56017303466797,73.52622985839844,288.0,0.059027777777777776
2674,1.8595784206310684,0.41666746585231834,2674,74.57421875,74.53922271728516,288.0,0.06597222222222222
2675,1.8835676176759064,0.5607721213438243,2675,75.11592102050781,75.08110809326172,288.0,0.05555555555555555
2676,1.7837493967399471,0.5605477536819958,2676,74.56095123291016,74.52566528320312,288.0,0.0625
2677,0.8143832307937134,1.2611568125391914,2677,74.81866455078125,74.78271484375,288.0,0.0798611111111111
2678,1.8748004749975433,0.599684953176366,2678,75.12512969970703,75.0906753540039,288.0,0.09027777777777778
2679,1.842619111693568,0.4363804164706552,2679,74.70225524902344,74.66699981689453,288.0,0.07291666666666667
2680,1.8197075099964697,0.6260620222167048,2680,75.09367370605469,75.05917358398438,288.0,0.0625
2681,1.8279758633392373,0.3952682117558703,2681,74.81216430664062,74.77701568603516,288.0,0.052083333333333336
2682,1.8635413720171268,0.45539812699439763,2682,74.22789001464844,74.19229888916016,288.0,0.05555555555555555
2683,1.8802713919019642,0.3600301381527651,2683,75.58992004394531,75.5537338256836,288.0,0.08680555555555555
2684,1.1680899296387695,1.037849364079921,2684,74.87922668457031,74.84359741210938,288.0,0.05555555555555555
2685,1.783300559566495,0.6404310839870813,2685,74.96978759765625,74.93521881103516,288.0,0.07291666666666667
2686,0.821161681850325,1.1569360570254568,2686,75.05528259277344,75.01969909667969,288.0,0.04513888888888889
2687,1.7853406843413413,0.42971427272746665,2687,74.65220642089844,74.61742401123047,288.0,0.06944444444444445
2688,1.7859535629399135,0.4115961818953836,2688,74.87513732910156,74.83995056152344,288.0,0.04861111111111111
2689,1.8639712779328863,0.4116128246018708,2689,74.1397933959961,74.10520935058594,288.0,0.059027777777777776
2690,0.879610802672205,1.1944874653221316,2690,74.94000244140625,74.90460205078125,288.0,0.0763888888888889
2691,1.8777315029741368,0.4626336253954343,2691,75.20489501953125,75.1687240600586,288.0,0.08333333333333333
2692,1.7933797832360494,0.3886019499833809,2692,75.47335815429688,75.43843078613281,288.0,0.07291666666666667
2693,1.8406685826093079,0.40702017171314003,2693,74.73947143554688,74.70378875732422,288.0,0.0763888888888889
2694,1.8631701486282826,0.44174221423646215,2694,74.4123306274414,74.37657165527344,288.0,0.04861111111111111
2695,1.70286479762493,0.5391755972529486,2695,75.22189331054688,75.187255859375,288.0,0.0625
2696,1.8734227020522232,0.4272098590581716,2696,75.15882873535156,75.12397766113281,288.0,0.0798611111111111
2697,1.8207784856286864,0.41186751473560695,2697,74.59831237792969,74.56230163574219,288.0,0.04513888888888889
2698,1.841148412834873,0.3341874058696788,2698,76.00582122802734,75.97019958496094,288.0,0.04861111111111111
2699,1.8205026448388162,0.422755031613781,2699,76.06892395019531,76.0330581665039,288.0,0.059027777777777776
2700,1.434462462961266,0.7156547447867407,2700,74.64041137695312,74.6058349609375,288.0,0.08680555555555555
2701,1.172590324580106,0.8637069835243281,2701,74.56843566894531,74.53297424316406,288.0,0.05555555555555555
2702,1.893423794846514,0.38636178324969545,2702,74.70237731933594,74.66798400878906,288.0,0.06597222222222222
2703,1.7480754075919611,0.43460272970376385,2703,74.30432891845703,74.26935577392578,288.0,0.05555555555555555
2704,1.9024127362846477,0.3671466369092373,2704,75.7624282836914,75.72825622558594,288.0,0.034722222222222224
2705,1.870043192937109,0.4011005172070928,2705,75.09263610839844,75.0579605102539,288.0,0.06944444444444445
2706,1.7648982266228856,0.5713090125486961,2706,74.82283020019531,74.78800201416016,288.0,0.07291666666666667
2707,1.8422231282215311,0.4690716415174032,2707,75.25965118408203,75.22566223144531,288.0,0.08333333333333333
2708,1.8398607604238661,0.422743805718666,2708,74.28355407714844,74.24957275390625,288.0,0.0763888888888889
2709,1.6361216411875334,0.657047033414677,2709,74.46696472167969,74.43307495117188,288.0,0.08333333333333333
2710,1.7811721892203793,0.38940983009124547,2710,75.16922760009766,75.13468170166016,288.0,0.04513888888888889
2711,1.652035277820513,0.4141581349670252,2711,74.57731628417969,74.54267120361328,288.0,0.05555555555555555
2712,1.7430732968954499,0.39666445012372253,2712,74.58419799804688,74.54966735839844,288.0,0.0763888888888889
2713,1.8881131652275494,0.43450245679953414,2713,74.49678039550781,74.4625473022461,288.0,0.059027777777777776
2714,1.8588176267097454,0.4477331979032298,2714,74.45967102050781,74.4251937866211,288.0,0.07291666666666667
2715,1.8045806236891133,0.42452088021793294,2715,74.33242797851562,74.29814147949219,288.0,0.06597222222222222
2716,1.9251293571872472,0.38635748458639785,2716,74.06731414794922,74.03382873535156,288.0,0.04513888888888889
2717,1.9090221408490453,0.3413958664616642,2717,74.47366333007812,74.43914794921875,288.0,0.041666666666666664
2718,1.8781767724505727,0.3884408580274702,2718,74.9693603515625,74.93524169921875,288.0,0.04513888888888889
2719,1.9019452363199,0.39903228251939965,2719,73.91688537597656,73.88320922851562,288.0,0.08680555555555555
2720,1.7701660985459204,0.45617995952517204,2720,74.71464538574219,74.68009948730469,288.0,0.09375
2721,1.8385903890238202,0.49100075794287507,2721,73.41586303710938,73.38134765625,288.0,0.052083333333333336
2722,1.8902760103870593,0.40830898583643044,2722,74.54975891113281,74.51541137695312,288.0,0.05555555555555555
2723,1.8443844442754935,0.5300856982761339,2723,74.1415023803711,74.10696411132812,288.0,0.0625
2724,1.8474315221063702,0.4403057369018051,2724,74.93434143066406,74.89984130859375,288.0,0.0763888888888889
2725,1.855803792470959,0.3460908016318267,2725,74.18889617919922,74.15431213378906,288.0,0.052083333333333336
2726,1.9120523667078766,0.3447121744947629,2726,74.04984283447266,74.01494598388672,288.0,0.034722222222222224
2727,1.1187586240513832,0.7474713335385434,2727,74.54000854492188,74.50553131103516,288.0,0.06944444444444445
2728,1.2817366628254707,0.7355604035637463,2728,74.32539367675781,74.29173278808594,288.0,0.052083333333333336
2729,1.9040569749894105,0.4034492681633568,2729,74.15763854980469,74.12321472167969,288.0,0.0625
2730,1.8963194292133951,0.4308729405467726,2730,74.04637908935547,74.01145935058594,288.0,0.04861111111111111
2731,1.9318267202179098,0.3656841944284146,2731,75.01333618164062,74.97914123535156,288.0,0.03819444444444445
2732,1.658609741736984,0.8223095431830515,2732,74.37799072265625,74.3434829711914,288.0,0.06597222222222222
2733,1.8857123529556874,0.4045171619345005,2733,74.46165466308594,74.42752838134766,288.0,0.06944444444444445
2734,1.9405083630139244,0.3695830445904042,2734,74.37857055664062,74.3441162109375,288.0,0.04513888888888889
2735,1.3987832717534838,0.7723182129155832,2735,74.43803405761719,74.40347290039062,288.0,0.08680555555555555
2736,1.8646951163435252,0.42354643419321314,2736,75.40704345703125,75.37214660644531,288.0,0.0625
2737,1.8615762966344056,0.41744318113144546,2737,75.11912536621094,75.08364868164062,288.0,0.0798611111111111
2738,1.8858250089239819,0.442602636620006,2738,74.70966339111328,74.674072265625,288.0,0.0625
2739,1.7669772400419559,0.546347233682663,2739,75.43437194824219,75.39927673339844,288.0,0.06597222222222222
2740,0.4442969209428831,0.6680474876797303,2740,75.79811096191406,75.76324462890625,288.0,0.052083333333333336
2741,1.0970172969713026,0.9971338866354713,2741,75.12477111816406,75.08967590332031,288.0,0.07291666666666667
2742,0.8435636885444704,1.0525298141900057,2742,75.01280975341797,74.97740173339844,288.0,0.04861111111111111
2743,1.6385370265854025,0.5101417267756042,2743,75.59442138671875,75.55968475341797,288.0,0.0763888888888889
2744,1.0208888927718232,0.9773695427297888,2744,75.40670776367188,75.3722152709961,288.0,0.06944444444444445
2745,1.860623711533211,0.403451928959496,2745,75.45492553710938,75.42113494873047,288.0,0.06944444444444445
2746,1.842833321423405,0.4050400488321993,2746,75.66799926757812,75.63300323486328,288.0,0.05555555555555555
2747,1.8780011849315106,0.5000434557987233,2747,74.8138427734375,74.7787094116211,288.0,0.052083333333333336
2748,1.9304411810474191,0.3727298617631583,2748,75.38922882080078,75.35403442382812,288.0,0.0763888888888889
2749,1.877902585015511,0.5144275943740728,2749,75.52940368652344,75.49534606933594,288.0,0.052083333333333336
2750,1.745034953125504,0.76575363678926,2750,74.29291534423828,74.25807189941406,288.0,0.08680555555555555
2751,1.8752885739175018,0.36107593819946304,2751,75.68656921386719,75.65108489990234,288.0,0.0625
2752,1.7998685468301214,0.6212188415533368,2752,75.13517761230469,75.1005859375,288.0,0.052083333333333336
2753,1.8753224868071139,0.38534704473343184,2753,75.5149154663086,75.47997283935547,288.0,0.06597222222222222
2754,1.909858385732252,0.4076920149508823,2754,75.58309936523438,75.54940032958984,288.0,0.059027777777777776
2755,1.8799277472282645,0.43226564638294174,2755,75.02913665771484,74.99472045898438,288.0,0.059027777777777776
2756,1.9276399117563114,0.44607921004826584,2756,75.26165771484375,75.22622680664062,288.0,0.04861111111111111
2757,1.8522338116438253,0.47885682834987225,2757,74.61515808105469,74.580810546875,288.0,0.059027777777777776
2758,1.8863989857516097,0.4046301346122336,2758,75.3570556640625,75.32246398925781,288.0,0.0625
2759,1.8897301073292434,0.5335721594637919,2759,75.518310546875,75.48368835449219,288.0,0.0625
2760,0.8285709104790211,1.309929454585561,2760,75.50151062011719,75.46748352050781,288.0,0.0625
2761,1.6719664331799935,0.6710072445716807,2761,74.94915771484375,74.91497039794922,288.0,0.09722222222222222
2762,1.8506171682371264,0.5830499002383817,2762,75.3441162109375,75.30912780761719,288.0,0.06944444444444445
2763,1.8318205791513194,0.4116197804858603,2763,74.85682678222656,74.82215881347656,288.0,0.0798611111111111
2764,1.8984064558234794,0.43504167196137206,2764,75.94485473632812,75.90924072265625,288.0,0.0798611111111111
2765,0.8823974059338467,1.1637379793409206,2765,74.67210388183594,74.63758850097656,288.0,0.04861111111111111
2766,1.7883287063161366,0.36859791300041633,2766,75.88513946533203,75.85035705566406,288.0,0.07291666666666667
2767,1.6344521202101854,0.3817094686850866,2767,75.14747619628906,75.112548828125,288.0,0.04513888888888889
2768,1.903836167403138,0.40448982608764067,2768,75.60906219482422,75.57437133789062,288.0,0.059027777777777776
2769,1.8637679096819773,0.4254026938854808,2769,75.6874008178711,75.65304565429688,288.0,0.041666666666666664
2770,1.9314033654431262,0.37673844215628155,2770,75.53350067138672,75.49891662597656,288.0,0.04513888888888889
2771,1.7687768808144901,0.5211196024686933,2771,75.37273406982422,75.33879089355469,288.0,0.07291666666666667
2772,1.8811870015361687,0.40498086794773364,2772,75.72123718261719,75.68721008300781,288.0,0.03819444444444445
2773,1.8885729230010035,0.3973552430000781,2773,75.96153259277344,75.92691802978516,288.0,0.04861111111111111
2774,1.0771776785236293,0.9878506559096273,2774,75.408935546875,75.37356567382812,288.0,0.08333333333333333
2775,1.9151812698178898,0.4115496511519752,2775,75.53900146484375,75.50439453125,288.0,0.041666666666666664
2776,1.79059619934358,0.5249143666442815,2776,75.76319885253906,75.72830200195312,288.0,0.07291666666666667
2777,1.8247555467918088,0.39459034310448676,2777,76.44317626953125,76.40795135498047,288.0,0.0625
2778,1.8797477818470694,0.39942789665891304,2778,76.6468276977539,76.61082458496094,288.0,0.041666666666666664
2779,0.5420308975510735,0.6310215626186604,2779,76.4379653930664,76.40205383300781,288.0,0.03819444444444445
2780,1.8564885738594752,0.3320210708879012,2780,76.51756286621094,76.48184967041016,288.0,0.04513888888888889
2781,0.8493009862057117,1.2255700737351911,2781,76.57241821289062,76.53689575195312,288.0,0.05555555555555555
2782,1.898323698618255,0.4150153148528157,2782,75.66694641113281,75.63088989257812,288.0,0.059027777777777776
2783,1.6212779208765038,0.4559916294962078,2783,76.53132629394531,76.49555969238281,288.0,0.06944444444444445
2784,1.7666529272592246,0.6247853653418777,2784,77.013671875,76.97724914550781,288.0,0.0625
2785,1.8826919272359186,0.3911634706368866,2785,76.98074340820312,76.94456481933594,288.0,0.05555555555555555
2786,1.7276068136789333,0.332418107574749,2786,76.19271850585938,76.1566162109375,288.0,0.034722222222222224
2787,1.6385955799295808,0.4737144770768789,2787,75.64276885986328,75.60693359375,288.0,0.041666666666666664
2788,1.4774436609123103,0.4768626624067001,2788,76.14204406738281,76.10692596435547,288.0,0.052083333333333336
2789,1.3482901398773512,0.43323074246100474,2789,75.89324188232422,75.8582763671875,288.0,0.041666666666666664
2790,1.8549516850255263,0.5435520372327952,2790,75.05403137207031,75.01924133300781,288.0,0.08680555555555555
2791,1.771621101679561,0.39996846092938365,2791,75.38695526123047,75.35237121582031,288.0,0.07291666666666667
2792,1.8415232540603688,0.3462920340787415,2792,75.69666290283203,75.66140747070312,288.0,0.07291666666666667
2793,1.1368850699422899,1.0586996857974085,2793,76.03660583496094,76.00076293945312,288.0,0.06597222222222222
2794,1.1487150958711103,0.9695820840390215,2794,74.97543334960938,74.94042205810547,288.0,0.059027777777777776
2795,1.8718346347483923,0.49679122420485916,2795,74.90384674072266,74.86968994140625,288.0,0.07291666666666667
2796,1.9114460279905943,0.35221959770833006,2796,75.34334564208984,75.30854034423828,288.0,0.059027777777777776
2797,1.8341559405388186,0.5580608044397987,2797,75.25811767578125,75.22340393066406,288.0,0.0625
2798,1.8922677641851011,0.43687640506094444,2798,75.40774536132812,75.37309265136719,288.0,0.07291666666666667
2799,1.7543499221810377,0.5755825692729264,2799,74.92112731933594,74.8866958618164,288.0,0.06944444444444445
2800,1.859510875572731,0.3956751467495581,2800,76.08541107177734,76.05058288574219,288.0,0.05555555555555555
2801,1.8962393861020925,0.36630305803458413,2801,74.13445281982422,74.09999084472656,288.0,0.03819444444444445
2802,1.9156347882133593,0.4071434474725432,2802,75.4051284790039,75.37043762207031,288.0,0.041666666666666664
2803,1.8205061996193517,0.5018323487841604,2803,75.03649139404297,75.00326538085938,288.0,0.05555555555555555
2804,1.0599671116492078,0.840632800863997,2804,75.07467651367188,75.04052734375,288.0,0.04861111111111111
2805,1.8895059877670564,0.3890657427984225,2805,74.93923950195312,74.90431213378906,288.0,0.0625
2806,1.9044107325134227,0.3795488453601162,2806,74.37881469726562,74.34410858154297,288.0,0.04513888888888889
2807,1.1511030453707107,1.0870275997498529,2807,75.01707458496094,74.9824447631836,288.0,0.07291666666666667
2808,1.785758989144214,0.7458094871351357,2808,74.53538513183594,74.50098419189453,288.0,0.052083333333333336
2809,1.8627960168102158,0.4108331578350971,2809,75.81673431396484,75.78125,288.0,0.06944444444444445
2810,1.9214007258189294,0.41077008003473586,2810,75.56637573242188,75.53208923339844,288.0,0.04861111111111111
2811,1.908100101559081,0.43636627560109265,2811,75.45137023925781,75.41629028320312,288.0,0.0625
2812,1.9209463503222222,0.4450144029924558,2812,75.12109375,75.08726501464844,288.0,0.052083333333333336
2813,1.9218244283567019,0.4349576086493043,2813,74.6527099609375,74.61871337890625,288.0,0.052083333333333336
2814,1.9014883266219773,0.5407487626230415,2814,75.8743896484375,75.8405990600586,288.0,0.03819444444444445
2815,1.9172883511481957,0.43028984763812256,2815,75.38984680175781,75.35469818115234,288.0,0.0625
2816,1.7649940790133696,0.8084639068428168,2816,75.18760681152344,75.153564453125,288.0,0.05555555555555555
2817,1.9032959585274847,0.426525435961051,2817,75.19779968261719,75.16348266601562,288.0,0.027777777777777776
2818,1.9087018578927513,0.4763191608141892,2818,74.25162506103516,74.21757507324219,288.0,0.03819444444444445
2819,1.8019658447194962,0.710082444106109,2819,74.67630004882812,74.64160919189453,288.0,0.07291666666666667
2820,1.8762006904210908,0.513232190650141,2820,74.73628234863281,74.70222473144531,288.0,0.052083333333333336
2821,1.9073672068281087,0.5052146845603926,2821,75.46214294433594,75.427490234375,288.0,0.059027777777777776
2822,1.8823003613963243,0.37368569216705716,2822,74.67877197265625,74.64407348632812,288.0,0.05555555555555555
2823,1.8716387474139227,0.4714781435543073,2823,74.91291046142578,74.87903594970703,288.0,0.052083333333333336
2824,1.8249218018423363,0.4690047019965104,2824,74.82532501220703,74.79088592529297,288.0,0.0625
2825,1.8651178516235853,0.581945945977733,2825,74.97354125976562,74.94009399414062,288.0,0.07291666666666667
2826,1.9332054546754607,0.3420063566612264,2826,74.77751922607422,74.7431411743164,288.0,0.04861111111111111
2827,1.8246846857590364,0.34822522752924173,2827,75.46263122558594,75.42821502685547,288.0,0.06944444444444445
2828,1.9010899169059852,0.4427050398835701,2828,74.92481994628906,74.89022827148438,288.0,0.0625
2829,1.8597842760792132,0.37995915856643236,2829,75.90887451171875,75.87440490722656,288.0,0.0625
2830,1.8791586988203863,0.4148123210715895,2830,74.63771057128906,74.60273742675781,288.0,0.059027777777777776
2831,1.8939438490633453,0.44717053274995594,2831,74.4569091796875,74.42201232910156,288.0,0.09375
2832,1.8205081203975537,0.44419532625457386,2832,74.39736938476562,74.36262512207031,288.0,0.0625
2833,1.8627162903763985,0.396873461162548,2833,75.22911071777344,75.19375610351562,288.0,0.04513888888888889
2834,1.9030865380893687,0.3830705275119551,2834,75.38106536865234,75.34632873535156,288.0,0.05555555555555555
2835,1.5530576680894277,0.8601626684368733,2835,75.49256896972656,75.45790100097656,288.0,0.041666666666666664
2836,0.9784300911537132,0.908663843736684,2836,75.61795043945312,75.58309936523438,288.0,0.06597222222222222
2837,0.9746031951079769,1.2505330360129563,2837,74.17334747314453,74.13829040527344,288.0,0.0798611111111111
2838,1.8642087617583936,0.33817489328807804,2838,75.21939086914062,75.18474578857422,288.0,0.0625
2839,1.8223929072389748,0.5798112483652094,2839,75.65884399414062,75.62400817871094,288.0,0.07291666666666667
2840,1.8629271254136524,0.4365519062903279,2840,74.272216796875,74.2369613647461,288.0,0.04861111111111111
2841,1.8744180537229,0.3562147277425316,2841,74.75430297851562,74.71969604492188,288.0,0.04513888888888889
2842,1.5954384050961206,0.5979306591665923,2842,75.03707885742188,75.00223541259766,288.0,0.0625
2843,1.85085435007132,0.4557721954865692,2843,75.33634948730469,75.30150604248047,288.0,0.059027777777777776
2844,0.8872925891813045,1.1237169668974178,2844,75.23592376708984,75.20104217529297,288.0,0.052083333333333336
2845,1.8511781321370806,0.42503480483268197,2845,73.96070098876953,73.92603302001953,288.0,0.052083333333333336
2846,1.8691057005619567,0.35868778140103863,2846,74.98021697998047,74.94609832763672,288.0,0.052083333333333336
2847,1.9279259382758853,0.32518707519086376,2847,74.62068176269531,74.58718872070312,288.0,0.05555555555555555
2848,1.8218217382320132,0.46240038118206206,2848,75.26411437988281,75.22962951660156,288.0,0.0625
2849,1.873929272063882,0.5955992057225064,2849,73.8547592163086,73.82023620605469,288.0,0.04861111111111111
2850,1.882992299346458,0.3893128085476096,2850,75.33444213867188,75.29959106445312,288.0,0.04513888888888889
2851,1.8729070738948015,0.39139048654548286,2851,74.68310546875,74.64878845214844,288.0,0.052083333333333336
2852,1.5271125805715837,0.7239816238675618,2852,75.21998596191406,75.1859130859375,288.0,0.04861111111111111
2853,1.7408478874796447,0.648632719622635,2853,74.04922485351562,74.015380859375,288.0,0.05555555555555555
2854,1.797407189359279,0.5205317001289744,2854,73.94677734375,73.91252136230469,288.0,0.05555555555555555
2855,1.9103176830132318,0.47106124170609837,2855,75.14205932617188,75.10740661621094,288.0,0.07291666666666667
2856,1.0479823724755177,1.1445421213460152,2856,74.63400268554688,74.60006713867188,288.0,0.05555555555555555
2857,1.654740266833183,0.4974563138878578,2857,75.42854309082031,75.39351654052734,288.0,0.03819444444444445
2858,1.8608177352926853,0.4183912680387916,2858,75.09585571289062,75.061279296875,288.0,0.03125
2859,1.855380524959889,0.6207789016573892,2859,74.895263671875,74.86070251464844,288.0,0.0798611111111111
2860,1.8404793972335425,0.6196321870324494,2860,74.72233581542969,74.6880111694336,288.0,0.09027777777777778
2861,1.8000164045476907,0.3910444625675621,2861,74.5098876953125,74.47496032714844,288.0,0.059027777777777776
2862,1.906134752197245,0.3231413011731292,2862,75.47447967529297,75.44012451171875,288.0,0.052083333333333336
2863,1.5314231798667524,0.702153701691809,2863,74.4072265625,74.37287902832031,288.0,0.06944444444444445
2864,1.8545756259753037,0.513532860203681,2864,75.19216918945312,75.15794372558594,288.0,0.04513888888888889
2865,1.9036290008029353,0.39915583202509364,2865,74.46197509765625,74.42770385742188,288.0,0.04861111111111111
2866,1.8236223104587497,0.38939905543489944,2866,74.82139587402344,74.7872314453125,288.0,0.05555555555555555
2867,1.8619403232246843,0.5545778653428154,2867,74.61880493164062,74.58403778076172,288.0,0.07291666666666667
2868,1.8418315213027796,0.7331679991316357,2868,74.4507827758789,74.4166259765625,288.0,0.059027777777777776
2869,1.8987060566217453,0.45777037584683583,2869,73.29984283447266,73.2655029296875,288.0,0.0625
2870,1.8937882074220047,0.5547878642091626,2870,74.35240173339844,74.31790924072266,288.0,0.04861111111111111
2871,1.7397488893634807,0.8300348977357813,2871,74.4781723022461,74.44344329833984,288.0,0.06944444444444445
2872,1.8599525329960964,0.40722475206378245,2872,74.99044036865234,74.95660400390625,288.0,0.06597222222222222
2873,1.8251248309094616,0.3827588823024902,2873,75.34506225585938,75.31060791015625,288.0,0.027777777777777776
2874,1.9255864843924542,0.4326286611717611,2874,74.71478271484375,74.68008422851562,288.0,0.0625
2875,1.8505180537780288,0.3688135387953657,2875,74.9448013305664,74.9102783203125,288.0,0.041666666666666664
2876,1.5450380752814303,0.5254227384995858,2876,74.79252624511719,74.75848388671875,288.0,0.0625
2877,1.6539323636203735,0.7155677627465503,2877,75.10670471191406,75.07211303710938,288.0,0.08333333333333333
2878,1.9196644141550483,0.5023513727825059,2878,75.18626403808594,75.15132141113281,288.0,0.0625
2879,1.887953410066425,0.3879809824090569,2879,74.2430648803711,74.2078857421875,288.0,0.0625
2880,1.8266231073074424,0.36309716919084994,2880,75.71542358398438,75.68006896972656,288.0,0.04513888888888889
2881,1.03898916257298,0.6316144000482975,2881,75.25504302978516,75.22042846679688,288.0,0.04861111111111111
2882,1.8915650305824216,0.42221573960898956,2882,75.6807861328125,75.64619445800781,288.0,0.034722222222222224
2883,1.8732693790863724,0.4288377873797153,2883,75.35252380371094,75.31739807128906,288.0,0.0625
2884,1.5967910986974014,0.44636152015545816,2884,75.02542114257812,74.99028015136719,288.0,0.06597222222222222
2885,1.8475285546709541,0.3948170610418162,2885,75.14484405517578,75.10967254638672,288.0,0.04861111111111111
2886,1.8512469898773523,0.36892117616394665,2886,75.24207305908203,75.20611572265625,288.0,0.024305555555555556
2887,1.8326115856826632,0.37504243489651695,2887,75.89861297607422,75.8626708984375,288.0,0.052083333333333336
2888,1.8932416686477527,0.39591344557953667,2888,75.87813568115234,75.84175109863281,288.0,0.03819444444444445
2889,1.8757103778181043,0.4223913582615953,2889,75.35746765136719,75.32102966308594,288.0,0.04513888888888889
2890,1.9077292880459669,0.35531424257714306,2890,75.81205749511719,75.77537536621094,288.0,0.04513888888888889
2891,1.8061201589781115,0.477151404180218,2891,75.11511993408203,75.0794448852539,288.0,0.04513888888888889
2892,1.8303731722117702,0.329913324217893,2892,75.15007019042969,75.11370849609375,288.0,0.04513888888888889
2893,1.887400439284731,0.38400262280736536,2893,75.64112854003906,75.60438537597656,288.0,0.059027777777777776
2894,1.8681790405385499,0.39267229766230066,2894,76.26179504394531,76.22554016113281,288.0,0.04513888888888889
2895,1.0296538714690564,1.097077759773175,2895,76.59263610839844,76.55582427978516,288.0,0.04861111111111111
2896,1.3882147188725977,0.8901207385938918,2896,76.24551391601562,76.20895385742188,288.0,0.06597222222222222
2897,1.8515179890627964,0.3921653057617147,2897,76.4925537109375,76.45536041259766,288.0,0.0625
2898,1.5801495328023016,0.4221370016802481,2898,76.27954864501953,76.24254608154297,288.0,0.06597222222222222
2899,1.782375244575928,0.3635371193022989,2899,76.24127197265625,76.20428466796875,288.0,0.08333333333333333
2900,1.472685911037486,0.5072001197998024,2900,76.31721496582031,76.27975463867188,288.0,0.04861111111111111
2901,1.175417607572299,0.4708664348201842,2901,77.29847717285156,77.26193237304688,288.0,0.052083333333333336
2902,1.034652741880057,0.41797600153471764,2902,76.84925079345703,76.81353759765625,288.0,0.03125
2903,0.9470623763462314,0.9972674353737259,2903,75.48931884765625,75.45419311523438,288.0,0.05555555555555555
2904,1.8022606185333825,0.4000949681581905,2904,76.16091918945312,76.12462615966797,288.0,0.03819444444444445
2905,1.5878397745906696,0.5597732402787169,2905,76.02815246582031,75.9925308227539,288.0,0.04513888888888889
2906,1.6079926340817974,0.37815995337994396,2906,76.01634979248047,75.9810791015625,288.0,0.052083333333333336
2907,1.0833045598087345,1.0349724513597782,2907,75.40838623046875,75.3736572265625,288.0,0.041666666666666664
2908,1.8963341456341567,0.4233077680854964,2908,74.887939453125,74.8524169921875,288.0,0.0625
2909,1.9047909050178176,0.4132900584062155,2909,75.11119079589844,75.0774917602539,288.0,0.04861111111111111
2910,1.8690192073374554,0.43881271537047195,2910,74.73207092285156,74.69705200195312,288.0,0.059027777777777776
2911,0.8907888756482563,1.1549534576406635,2911,75.72825622558594,75.69361114501953,288.0,0.041666666666666664
2912,1.6609942113648717,0.47255929496565596,2912,74.85005187988281,74.815185546875,288.0,0.0625
2913,1.8345775247138514,0.4875961718614574,2913,75.44438171386719,75.41090393066406,288.0,0.059027777777777776
2914,0.9218259796080801,1.1239602435599247,2914,74.89241027832031,74.85794830322266,288.0,0.07291666666666667
2915,1.6730363570638918,0.430601717697887,2915,74.36210632324219,74.32833099365234,288.0,0.052083333333333336
2916,1.9047707419464723,0.4163258698499395,2916,74.19014739990234,74.15510559082031,288.0,0.06944444444444445
2917,1.8901559713325744,0.39604813779736203,2917,74.98877716064453,74.95426177978516,288.0,0.041666666666666664
2918,1.8542050778394392,0.41628750807360243,2918,74.91590118408203,74.88103485107422,288.0,0.05555555555555555
2919,1.8595130175618004,0.3729143683478595,2919,74.85414123535156,74.81919860839844,288.0,0.05555555555555555
2920,1.8334144153433845,0.500461629847436,2920,75.61630249023438,75.58145904541016,288.0,0.05555555555555555
2921,1.6868104942237465,0.4263810412802536,2921,74.48333740234375,74.44895935058594,288.0,0.04861111111111111
2922,1.4653389646279278,0.6273837254741512,2922,74.54598236083984,74.51264190673828,288.0,0.041666666666666664
2923,1.9212968213758215,0.4015265338804737,2923,73.73102569580078,73.69741821289062,288.0,0.052083333333333336
2924,1.9031581847721166,0.3486667592384854,2924,74.41912841796875,74.38542938232422,288.0,0.03819444444444445
2925,1.6611767294546873,0.9030417321863938,2925,74.55575561523438,74.52235412597656,288.0,0.06597222222222222
2926,0.8966923176419035,1.188004810967961,2926,74.68867492675781,74.65522003173828,288.0,0.05555555555555555
2927,1.8997875485277609,0.5441316380659477,2927,74.23778533935547,74.20405578613281,288.0,0.04513888888888889
2928,1.895739365893132,0.544268671180277,2928,74.60295104980469,74.56968688964844,288.0,0.034722222222222224
2929,1.8993866395642003,0.5476555252971551,2929,74.8350830078125,74.80195617675781,288.0,0.0763888888888889
2930,1.8875895019705438,0.39442018865041345,2930,73.96699523925781,73.9335708618164,288.0,0.052083333333333336
2931,1.0111170716255646,1.0227239680556341,2931,74.66763305664062,74.6341323852539,288.0,0.04861111111111111
2932,1.786230933246432,0.6778169128597908,2932,73.94694519042969,73.91350555419922,288.0,0.06597222222222222
2933,1.8858836906148346,0.5323861160326041,2933,74.69212341308594,74.658447265625,288.0,0.034722222222222224
2934,1.86987517258975,0.5011239188748973,2934,74.89279174804688,74.85970306396484,288.0,0.0625
2935,1.8813578458016689,0.39416768895333826,2935,74.14051818847656,74.10781860351562,288.0,0.027777777777777776
2936,1.8813737421577328,0.5451784923910602,2936,74.58173370361328,74.54783630371094,288.0,0.05555555555555555
2937,1.8259941289476356,0.7073308039720109,2937,74.8675765991211,74.8343276977539,288.0,0.04861111111111111
2938,1.8672456885503945,0.5168067725978543,2938,74.83831787109375,74.80433654785156,288.0,0.0763888888888889
2939,1.8356268277061032,0.37879226961047885,2939,75.04670715332031,75.01388549804688,288.0,0.03819444444444445
2940,1.9065503711564615,0.5003997104400209,2940,74.95127868652344,74.91755676269531,288.0,0.059027777777777776
2941,1.7707776002878801,0.41056323550936796,2941,74.5840072631836,74.550048828125,288.0,0.052083333333333336
2942,1.923494763408956,0.4005296873409708,2942,74.88165283203125,74.84715270996094,288.0,0.04861111111111111
2943,1.8889435215465804,0.41778302858103206,2943,74.89765167236328,74.86381530761719,288.0,0.059027777777777776
2944,1.6453495217855378,0.5058514271593676,2944,74.49513244628906,74.46116638183594,288.0,0.059027777777777776
2945,1.8930321966597374,0.3871724885605782,2945,75.26211547851562,75.22779846191406,288.0,0.03125
2946,1.8622707798352154,0.5399935516817503,2946,74.53675842285156,74.50265502929688,288.0,0.06944444444444445
2947,1.878655495901302,0.3307849989688419,2947,75.31283569335938,75.27836608886719,288.0,0.059027777777777776
2948,1.0586038757010827,1.1106135583789407,2948,74.25446319580078,74.22029876708984,288.0,0.04513888888888889
2949,1.3075020913788102,0.4270326114684887,2949,74.67198181152344,74.63774108886719,288.0,0.04861111111111111
2950,1.8675102220355124,0.3699725031746109,2950,75.39505004882812,75.36029052734375,288.0,0.04513888888888889
2951,1.9202636831390163,0.42249865790426777,2951,74.95668029785156,74.9222183227539,288.0,0.041666666666666664
2952,1.8020500410765896,0.5725112536225516,2952,75.39573669433594,75.36135864257812,288.0,0.05555555555555555
2953,1.797974935300783,0.34766956090707724,2953,74.88385772705078,74.849609375,288.0,0.04861111111111111
2954,1.86595625009402,0.33768033190852564,2954,75.25527954101562,75.22181701660156,288.0,0.027777777777777776
2955,1.7189780980617377,0.6990871193984048,2955,75.05928039550781,75.02592468261719,288.0,0.05555555555555555
2956,1.9036073400404507,0.39665591525287247,2956,75.49012756347656,75.45606231689453,288.0,0.0763888888888889
2957,1.3567112773173373,1.0295729938704272,2957,74.41714477539062,74.38272857666016,288.0,0.0625
2958,1.8588535922038514,0.4635637273380999,2958,75.09248352050781,75.05801391601562,288.0,0.04861111111111111
2959,1.9186955445076954,0.438809530381613,2959,75.4893798828125,75.45480346679688,288.0,0.0625
2960,0.589348909424509,1.1376572213337643,2960,74.89105987548828,74.85665893554688,288.0,0.0625
2961,0.8725974089618656,1.229133166934638,2961,75.44657135009766,75.41217803955078,288.0,0.05555555555555555
2962,0.8351804290691214,1.2709306367078668,2962,75.93230438232422,75.89814758300781,288.0,0.05555555555555555
2963,1.8671290365676627,0.35898643681044956,2963,75.34892272949219,75.3142318725586,288.0,0.027777777777777776
2964,1.7462294681298336,0.42517989704537384,2964,74.7889404296875,74.7549057006836,288.0,0.052083333333333336
2965,1.84948937413245,0.37635699091306013,2965,75.63752746582031,75.60283660888672,288.0,0.04513888888888889
2966,1.8700189207587248,0.3626095210986501,2966,74.48202514648438,74.44721984863281,288.0,0.052083333333333336
2967,1.944557930636807,0.3369173060603739,2967,75.56098175048828,75.52582550048828,288.0,0.04513888888888889
2968,1.8313873542378458,0.5192552365963913,2968,75.42858123779297,75.39443969726562,288.0,0.0625
2969,1.868106762180828,0.38998751222601696,2969,74.55288696289062,74.51818084716797,288.0,0.052083333333333336
2970,1.7276900210238315,0.4546835537942513,2970,75.892822265625,75.85838317871094,288.0,0.05555555555555555
2971,0.8934475314986356,1.19065961517432,2971,75.76707458496094,75.7322998046875,288.0,0.041666666666666664
2972,1.9270080212937952,0.3926246495188504,2972,75.43772888183594,75.40345001220703,288.0,0.041666666666666664
2973,1.9151559332963142,0.37350417843398975,2973,75.1771011352539,75.14204406738281,288.0,0.017361111111111112
2974,1.917998309949283,0.3628190838298109,2974,75.82688903808594,75.79301452636719,288.0,0.04513888888888889
2975,1.8210425746202052,0.40709694541078667,2975,74.51265716552734,74.47752380371094,288.0,0.03125
2976,1.6088528533711894,0.6021176400396373,2976,75.26679229736328,75.23208618164062,288.0,0.0625
2977,0.8682681059559054,1.1824532521205686,2977,75.33707427978516,75.30205535888672,288.0,0.052083333333333336
2978,1.8559946299862418,0.42558926241496187,2978,74.333251953125,74.29878234863281,288.0,0.03819444444444445
2979,1.825457981610673,0.5411550296822933,2979,75.07183837890625,75.03716278076172,288.0,0.0625
2980,1.8582638851609754,0.40149038360118666,2980,76.04202270507812,76.00782775878906,288.0,0.04861111111111111
2981,1.862702660787051,0.3829290802632801,2981,74.76275634765625,74.72795867919922,288.0,0.06597222222222222
2982,1.906511046074073,0.36550161694959354,2982,75.61050415039062,75.57546997070312,288.0,0.04513888888888889
2983,1.5977968492260193,0.9259084212325274,2983,74.89482879638672,74.86016845703125,288.0,0.052083333333333336
2984,1.7352112421861943,0.40479168542169675,2984,75.06927490234375,75.0343017578125,288.0,0.03125
2985,1.9240516121500353,0.3627984343625477,2985,75.17923736572266,75.14400482177734,288.0,0.052083333333333336
2986,1.8482670584795333,0.5223475166996397,2986,73.83854675292969,73.80438232421875,288.0,0.06944444444444445
2987,1.70408998861367,0.3984013365390977,2987,75.03197479248047,74.99728393554688,288.0,0.05555555555555555
2988,1.885509803694656,0.5350324418474252,2988,75.33073425292969,75.29684448242188,288.0,0.04861111111111111
2989,1.2817701656325582,0.7394829237978834,2989,75.29739379882812,75.26277160644531,288.0,0.04513888888888889
2990,1.8681231284821307,0.3864178047158541,2990,75.04325866699219,75.00811767578125,288.0,0.034722222222222224
2991,1.9209618925061467,0.35309258532636517,2991,75.88053894042969,75.84593200683594,288.0,0.027777777777777776
2992,1.9179001245776075,0.4196471986092581,2992,75.09358215332031,75.05851745605469,288.0,0.034722222222222224
2993,1.7640804126396723,0.37202410662999824,2993,74.6684341430664,74.63343048095703,288.0,0.027777777777777776
2994,1.845218968667667,0.33649301451756936,2994,74.54871368408203,74.51472473144531,288.0,0.03125
2995,1.914557664633986,0.38581598607513784,2995,75.04487609863281,75.01066589355469,288.0,0.059027777777777776
2996,1.8445950135571567,0.4850099141408771,2996,74.86347961425781,74.82894134521484,288.0,0.041666666666666664
2997,1.5868351700029488,0.651099299089135,2997,75.2999267578125,75.26611328125,288.0,0.059027777777777776
2998,1.137660300856081,1.0894064379899624,2998,73.49862670898438,73.46372985839844,288.0,0.05555555555555555
2999,0.8854469987354054,1.1791679118751275,2999,75.07929992675781,75.04483032226562,288.0,0.052083333333333336
3000,1.821109041981582,0.49760569807202415,3000,74.9467544555664,74.91215515136719,288.0,0.06597222222222222
3001,1.9032434901909927,0.39335309559071263,3001,75.00468444824219,74.96995544433594,288.0,0.041666666666666664
3002,1.8086328375895917,0.3695893141023212,3002,74.95433044433594,74.92061614990234,288.0,0.05555555555555555
3003,1.8118137888314878,0.5744899961078473,3003,74.3402328491211,74.30534362792969,288.0,0.052083333333333336
3004,1.903292576655095,0.5125248769079717,3004,75.71771240234375,75.68391418457031,288.0,0.0625
3005,1.9012373605297215,0.39423948514874274,3005,75.26380920410156,75.229248046875,288.0,0.052083333333333336
3006,1.8447636537311898,0.3624146832058707,3006,75.09932708740234,75.06512451171875,288.0,0.041666666666666664
3007,1.8562078571995937,0.4182693289427534,3007,74.5023193359375,74.46783447265625,288.0,0.052083333333333336
3008,1.8969788432674237,0.3374352094878489,3008,75.02725219726562,74.99242401123047,288.0,0.04861111111111111
3009,1.3109164547735148,1.0766302694712824,3009,74.67462158203125,74.63990783691406,288.0,0.04513888888888889
3010,1.7745827075623235,0.6284782957567806,3010,74.56918334960938,74.53465270996094,288.0,0.04513888888888889
3011,1.9225941390433303,0.382337265937233,3011,75.40019226074219,75.36591339111328,288.0,0.05555555555555555
3012,1.8642572118520553,0.5533800691733246,3012,75.11149597167969,75.07705688476562,288.0,0.06597222222222222
3013,1.7642218473312319,0.5756336486967322,3013,75.03375244140625,74.99972534179688,288.0,0.04861111111111111
3014,1.9214196537549313,0.3591416307956559,3014,74.45435333251953,74.41928100585938,288.0,0.020833333333333332
3015,1.9153335134590799,0.3891108856475957,3015,75.57344818115234,75.53919219970703,288.0,0.059027777777777776
3016,1.9094983117695032,0.5237080473357157,3016,74.4764633178711,74.44227600097656,288.0,0.052083333333333336
3017,1.8963332535177249,0.42195188972778436,3017,75.68931579589844,75.65455627441406,288.0,0.06597222222222222
3018,1.0074191874534453,1.163468645044818,3018,74.61114501953125,74.57649230957031,288.0,0.05555555555555555
3019,1.8356904383453225,0.38739457770552116,3019,75.51699829101562,75.48149108886719,288.0,0.041666666666666664
3020,1.9025881964168951,0.4157963283002212,3020,75.12910461425781,75.09428405761719,288.0,0.04513888888888889
3021,1.9243205630159312,0.40297157020648927,3021,74.33269500732422,74.29804992675781,288.0,0.041666666666666664
3022,1.9068685738148972,0.41204692693814776,3022,74.22103118896484,74.18614196777344,288.0,0.03125
3023,1.9287794175350506,0.37827703116282907,3023,75.76535034179688,75.72941589355469,288.0,0.041666666666666664
3024,1.6692011157560553,0.722920401692428,3024,75.10142517089844,75.0665283203125,288.0,0.07291666666666667
3025,1.8184202746151112,0.6346593703002302,3025,74.80361938476562,74.7686767578125,288.0,0.05555555555555555
3026,1.115820520730882,1.0769916054755395,3026,74.45140838623047,74.41748046875,288.0,0.04513888888888889
3027,1.8957293763207115,0.35351580437346575,3027,74.46016693115234,74.42636108398438,288.0,0.05555555555555555
3028,1.8942035626116538,0.5365172530385817,3028,75.02479553222656,74.98967742919922,288.0,0.03125
3029,1.9618361565727713,0.33281182197005443,3029,75.64066314697266,75.60603332519531,288.0,0.041666666666666664
3030,1.9159522922182244,0.3748738272436294,3030,74.13166809082031,74.09770202636719,288.0,0.04861111111111111
3031,1.758040185003593,0.48035190605835004,3031,75.37584686279297,75.34135437011719,288.0,0.04861111111111111
3032,1.8061133989922338,0.7790983935183846,3032,74.57601928710938,74.54168701171875,288.0,0.04861111111111111
3033,1.8669394210127972,0.37838620381263804,3033,75.10633850097656,75.07219696044922,288.0,0.059027777777777776
3034,1.9440683411347335,0.3748142609628701,3034,75.38125610351562,75.34677124023438,288.0,0.024305555555555556
3035,0.9822924258033895,1.1548804592825905,3035,75.08394622802734,75.05030822753906,288.0,0.041666666666666664
3036,1.9197284160040253,0.4098445177471871,3036,74.122802734375,74.08802032470703,288.0,0.04861111111111111
3037,1.5060242618392552,0.8692570175116283,3037,75.29545593261719,75.26081848144531,288.0,0.04861111111111111
3038,1.8241555161002023,0.4490571556098876,3038,74.98501586914062,74.95113372802734,288.0,0.05555555555555555
3039,1.7601219131543224,0.6703449140919097,3039,75.15277099609375,75.1189956665039,288.0,0.05555555555555555
3040,1.9287300044199123,0.4609149809694383,3040,74.88092041015625,74.84629821777344,288.0,0.041666666666666664
3041,1.8769564624955446,0.48413917142544205,3041,74.67822265625,74.64376068115234,288.0,0.03819444444444445
3042,1.9415323341376645,0.3513669929747425,3042,73.99653625488281,73.9630126953125,288.0,0.034722222222222224
3043,1.9157883259218476,0.4135753923012375,3043,74.68870544433594,74.65476989746094,288.0,0.017361111111111112
3044,1.4801468567282856,1.01925787230548,3044,74.65412902832031,74.61990356445312,288.0,0.0625
3045,1.8355372206056682,0.36474302020169613,3045,74.20758819580078,74.17332458496094,288.0,0.03819444444444445
3046,1.1699545792261672,1.0071555653107231,3046,74.72360229492188,74.6894302368164,288.0,0.06597222222222222
3047,1.9115544012568948,0.3745042986408883,3047,74.5999526977539,74.56637573242188,288.0,0.024305555555555556
3048,1.9109667530646324,0.4108262399094434,3048,75.38389587402344,75.34986114501953,288.0,0.04861111111111111
3049,1.9402942499630709,0.42974657652097425,3049,74.41590881347656,74.38197326660156,288.0,0.04513888888888889
3050,1.900545099991133,0.4668098029191804,3050,75.02067565917969,74.98668670654297,288.0,0.03125
3051,1.9565124494500192,0.3810582466755208,3051,74.71125030517578,74.67728424072266,288.0,0.03819444444444445
3052,1.9447001536331048,0.36359942196289124,3052,74.50587463378906,74.4722671508789,288.0,0.024305555555555556
3053,1.9490601609192524,0.42114073098483296,3053,74.97096252441406,74.93740844726562,288.0,0.027777777777777776
3054,1.7482122514585152,0.6335731832974396,3054,74.16399383544922,74.13055419921875,288.0,0.04861111111111111
3055,1.8813366606665909,0.40350785064485767,3055,74.480224609375,74.44629669189453,288.0,0.05555555555555555
3056,1.9356664137794317,0.3992928528556192,3056,74.46192169189453,74.4278793334961,288.0,0.06944444444444445
3057,1.8508355220736803,0.4207664201945188,3057,74.67402648925781,74.64020538330078,288.0,0.04513888888888889
3058,1.8197026479047937,0.6694777834830963,3058,74.64544677734375,74.6114501953125,288.0,0.059027777777777776
3059,0.8756207074991299,1.2223858963852596,3059,74.67097473144531,74.6368408203125,288.0,0.0625
3060,1.8599888114117809,0.6139328935855946,3060,74.88224792480469,74.84843444824219,288.0,0.052083333333333336
3061,1.9118741112102242,0.38361415114080766,3061,74.04193115234375,74.00790405273438,288.0,0.041666666666666664
3062,1.8353328308350048,0.6778253669235786,3062,73.36201477050781,73.32783508300781,288.0,0.05555555555555555
3063,1.901318247048537,0.35313158769001185,3063,75.17887878417969,75.14530944824219,288.0,0.0625
3064,1.739064668873412,0.8596701486286241,3064,74.613037109375,74.57881164550781,288.0,0.024305555555555556
3065,0.9024003286408784,1.2065825546035158,3065,74.27979278564453,74.24549102783203,288.0,0.052083333333333336
3066,1.9104268587944573,0.42359829387479625,3066,75.05699157714844,75.02172088623047,288.0,0.05555555555555555
3067,1.8821412283170043,0.40360911407925526,3067,74.61042785644531,74.57585144042969,288.0,0.041666666666666664
3068,0.8992129853753982,1.1511765056549284,3068,74.21989440917969,74.18489074707031,288.0,0.027777777777777776
3069,1.8704811441483855,0.3743299238027052,3069,74.91378784179688,74.87866973876953,288.0,0.03125
3070,1.7968851700952382,0.4345602836714359,3070,74.89891052246094,74.86370849609375,288.0,0.034722222222222224
3071,1.8580870195041226,0.43334711214038407,3071,74.96926879882812,74.93441772460938,288.0,0.03819444444444445
3072,1.9393234278130689,0.36404750820832193,3072,74.9429702758789,74.90826416015625,288.0,0.052083333333333336
3073,1.9414424902008673,0.4115247765971566,3073,74.45596313476562,74.42105102539062,288.0,0.04513888888888889
3074,1.8027812891812391,0.5555482294514943,3074,74.26007843017578,74.22561645507812,288.0,0.04861111111111111
3075,1.8822698322202858,0.4451395665988911,3075,74.113037109375,74.0787582397461,288.0,0.052083333333333336
3076,1.8890092945734434,0.43031532279143414,3076,73.75106811523438,73.71661376953125,288.0,0.04861111111111111
3077,1.8591764729043188,0.4124057893571682,3077,74.87217712402344,74.83649444580078,288.0,0.06597222222222222
3078,1.6982635139767706,0.5738961831165047,3078,75.39910125732422,75.3641357421875,288.0,0.0625
3079,1.8684984993246256,0.39321033450139314,3079,74.48139953613281,74.4462890625,288.0,0.03819444444444445
3080,1.9346634753800567,0.37714483764009205,3080,74.25173950195312,74.21633911132812,288.0,0.04861111111111111
3081,1.8164419486555445,0.5221986381128608,3081,75.09940338134766,75.06463623046875,288.0,0.05555555555555555
3082,1.9117806550733387,0.38251845335224854,3082,74.8593978881836,74.82403564453125,288.0,0.041666666666666664
3083,1.7907679629390403,0.4767181711044236,3083,74.85303497314453,74.81846618652344,288.0,0.04513888888888889
3084,1.9356275017956257,0.3792168608874446,3084,74.57249450683594,74.53778076171875,288.0,0.03125
3085,1.7168948500294476,0.4849592854146279,3085,74.7265625,74.69258117675781,288.0,0.059027777777777776
3086,1.899004454326717,0.4231656116218828,3086,74.9764175415039,74.94149017333984,288.0,0.041666666666666664
3087,1.9031240542227705,0.31269537052675367,3087,75.51747131347656,75.48263549804688,288.0,0.03819444444444445
3088,1.7987977841770437,0.5215093988219485,3088,74.62500762939453,74.59011840820312,288.0,0.04513888888888889
3089,1.8688764084980543,0.4748852546940081,3089,74.42598724365234,74.39167022705078,288.0,0.05555555555555555
3090,1.934003980089955,0.35873067114346713,3090,74.05329132080078,74.01884460449219,288.0,0.04513888888888889
3091,1.7436933943065367,0.36218883304656063,3091,75.02725982666016,74.99276733398438,288.0,0.04513888888888889
3092,1.4927099640768544,0.5441907524491362,3092,75.14108276367188,75.10675048828125,288.0,0.05555555555555555
3093,1.8664656603966483,0.40668027605528284,3093,74.19241333007812,74.15792083740234,288.0,0.041666666666666664
3094,1.7945806816604555,0.4319323620000776,3094,73.95918273925781,73.92486572265625,288.0,0.03125
3095,1.8646007344701663,0.36740135747172487,3095,73.96599578857422,73.93153381347656,288.0,0.04861111111111111
3096,1.8102922185822545,0.3884431323527667,3096,74.3921890258789,74.3577880859375,288.0,0.04513888888888889
3097,1.8567527852591512,0.4415243539634919,3097,74.92021942138672,74.88514709472656,288.0,0.041666666666666664
3098,1.86251738182258,0.30883056524802677,3098,73.89039611816406,73.85600280761719,288.0,0.041666666666666664
3099,1.8771141705801213,0.38578027245720015,3099,75.39558410644531,75.36050415039062,288.0,0.04513888888888889
3100,1.8805423563755264,0.37095509110790476,3100,74.77175903320312,74.73725891113281,288.0,0.03819444444444445
3101,1.90252519957368,0.4120585718451455,3101,74.83528137207031,74.80168914794922,288.0,0.034722222222222224
3102,1.86727024589884,0.404602340741299,3102,74.78256225585938,74.74819946289062,288.0,0.052083333333333336
3103,1.7818770183161452,0.3536479496770232,3103,73.85391235351562,73.81932067871094,288.0,0.04861111111111111
3104,1.909321276165472,0.34256272612313066,3104,74.31224822998047,74.27779388427734,288.0,0.04513888888888889
3105,1.9282740265375162,0.34177473270938097,3105,74.24343872070312,74.20880889892578,288.0,0.034722222222222224
3106,1.8667761436472032,0.37015338080972543,3106,74.60404968261719,74.56922912597656,288.0,0.024305555555555556
3107,1.8969593651714816,0.3902819453331419,3107,74.53689575195312,74.50273132324219,288.0,0.041666666666666664
3108,1.4596830206522386,0.5039836648698529,3108,74.03852081298828,74.00433349609375,288.0,0.04513888888888889
3109,1.9119607073172615,0.35350301551978575,3109,74.9350357055664,74.9008560180664,288.0,0.027777777777777776
3110,1.2962615579285,0.6940570182745475,3110,74.07382202148438,74.0392074584961,288.0,0.04861111111111111
3111,1.908815693535799,0.39468374409733903,3111,74.9412841796875,74.90701293945312,288.0,0.041666666666666664
3112,1.9154276048876209,0.31893373783920337,3112,74.7521743774414,74.71873474121094,288.0,0.04861111111111111
3113,1.9497194021394586,0.3764966656917416,3113,73.69091796875,73.65657043457031,288.0,0.04513888888888889
3114,1.9469856476063983,0.3272304454517797,3114,74.62617492675781,74.59233856201172,288.0,0.027777777777777776
3115,1.9276903893013946,0.40247391404603555,3115,74.97918701171875,74.94413757324219,288.0,0.04861111111111111
3116,1.8911235229074128,0.4219388293107203,3116,74.0113754272461,73.97702026367188,288.0,0.0625
3117,1.9184302560085937,0.3376727827287883,3117,75.28340911865234,75.24837493896484,288.0,0.03125
3118,1.899122849484799,0.43883685905576736,3118,74.7047348022461,74.67050170898438,288.0,0.052083333333333336
3119,1.4420446255467014,0.6056496585731979,3119,74.06857299804688,74.03433990478516,288.0,0.041666666666666664
3120,1.940477943771465,0.352537570125342,3120,74.76634979248047,74.73200988769531,288.0,0.041666666666666664
3121,1.9394069328604466,0.36279957657581974,3121,74.69998168945312,74.66592407226562,288.0,0.041666666666666664
3122,1.8738238547993231,0.3842823557116387,3122,75.18096923828125,75.14656066894531,288.0,0.034722222222222224
3123,1.8660522921063913,0.37127541970830386,3123,74.85697937011719,74.82191467285156,288.0,0.03125
3124,1.8952265494422196,0.4521419298086266,3124,75.87306213378906,75.83841705322266,288.0,0.04513888888888889
3125,1.8604093903857732,0.48132945204220606,3125,75.0303955078125,74.99583435058594,288.0,0.04861111111111111
3126,1.8086438026067553,0.619117696540612,3126,75.77850341796875,75.74332427978516,288.0,0.08333333333333333
3127,1.9241548817464493,0.41839838931447293,3127,75.3896484375,75.35452270507812,288.0,0.03125
3128,1.7738708445314708,0.4680901743115494,3128,75.69416809082031,75.65922546386719,288.0,0.03125
3129,1.6628636507353423,0.5556629208595867,3129,75.52435302734375,75.4894790649414,288.0,0.04513888888888889
3130,1.9057143890129469,0.49795122868195885,3130,75.49444580078125,75.45906829833984,288.0,0.04513888888888889
3131,1.9081309582286718,0.38225746295061125,3131,74.95848083496094,74.92388916015625,288.0,0.03819444444444445
3132,1.8905667796408305,0.3919064949618083,3132,75.228271484375,75.19369506835938,288.0,0.020833333333333332
3133,1.8634046217833928,0.3722065791073023,3133,76.31233215332031,76.27667236328125,288.0,0.020833333333333332
3134,1.857517691346734,0.36477119025875293,3134,75.898681640625,75.86293029785156,288.0,0.024305555555555556
3135,1.5142588463582376,0.5388362453815188,3135,75.8922348022461,75.85661315917969,288.0,0.027777777777777776
3136,1.8617490429366788,0.3542057415294483,3136,76.28070068359375,76.24534606933594,288.0,0.041666666666666664
3137,1.8863580889712708,0.3630543042575539,3137,75.66358184814453,75.62763977050781,288.0,0.052083333333333336
3138,1.6161352101842408,0.3341721483364385,3138,76.13430786132812,76.09943389892578,288.0,0.04513888888888889
3139,1.8608522269547072,0.3310425550119624,3139,75.57258605957031,75.53726196289062,288.0,0.034722222222222224
3140,1.6346734264774807,0.394999384074429,3140,75.2839584350586,75.24819946289062,288.0,0.03125
3141,1.1187066944402329,1.1611894360933033,3141,75.11351013183594,75.07777404785156,288.0,0.059027777777777776
3142,1.8818716140321412,0.595020893096877,3142,75.47821044921875,75.44342041015625,288.0,0.04513888888888889
3143,1.7987706919519613,0.3845586351012849,3143,75.13851928710938,75.10295104980469,288.0,0.05555555555555555
3144,1.8983107920378481,0.38580634706768485,3144,75.39878845214844,75.36299133300781,288.0,0.027777777777777776
3145,0.9961644560837557,0.46130198327367455,3145,75.30014038085938,75.26512145996094,288.0,0.03125
3146,1.8814056664097558,0.3260817034094662,3146,74.83538818359375,74.800537109375,288.0,0.04513888888888889
3147,1.3836801945461357,0.5495965272815013,3147,75.11968994140625,75.08506774902344,288.0,0.03819444444444445
3148,1.9241730301547824,0.39877641854715246,3148,75.31591796875,75.28057861328125,288.0,0.05555555555555555
3149,1.495978580955196,0.6680298817550087,3149,74.967041015625,74.9312973022461,288.0,0.034722222222222224
3150,1.9395658569014766,0.38028594933742443,3150,75.76287841796875,75.72731018066406,288.0,0.04513888888888889
3151,1.9056705824019962,0.32012059411865584,3151,75.48934936523438,75.45428466796875,288.0,0.024305555555555556
3152,1.9142476383060345,0.4210710767158423,3152,75.21138763427734,75.17671203613281,288.0,0.06597222222222222
3153,1.1815324163041343,0.3363647714034955,3153,75.48697662353516,75.45233154296875,288.0,0.024305555555555556
3154,1.885277569703546,0.3966843092595609,3154,75.76428985595703,75.72958374023438,288.0,0.03819444444444445
3155,1.8652032512220833,0.36463529300262193,3155,75.67308044433594,75.63851165771484,288.0,0.04513888888888889
3156,1.9361006952959583,0.34315562088667606,3156,75.4257583618164,75.3906021118164,288.0,0.03819444444444445
3157,1.9177255430786602,0.45596145893028706,3157,75.17945861816406,75.14525604248047,288.0,0.05555555555555555
3158,1.8636283810712346,0.3684825627442786,3158,74.79884338378906,74.76409149169922,288.0,0.04513888888888889
3159,1.0576171260335374,1.0928144569687204,3159,76.27474975585938,76.23983001708984,288.0,0.041666666666666664
3160,1.9208854795758181,0.3562713112217795,3160,75.22807312011719,75.19277954101562,288.0,0.03125
3161,1.2189122455607522,0.4412938461718541,3161,75.2830810546875,75.24829864501953,288.0,0.024305555555555556
3162,1.901195389831068,0.5222549290752715,3162,75.29708862304688,75.26298522949219,288.0,0.05555555555555555
3163,1.8666977688151027,0.38553107630715877,3163,75.65750122070312,75.6223373413086,288.0,0.034722222222222224
3164,1.856095118738744,0.5835257613023613,3164,75.76116943359375,75.72625732421875,288.0,0.03819444444444445
3165,1.8867726729702865,0.35870864404034336,3165,75.93761444091797,75.90279388427734,288.0,0.041666666666666664
3166,1.8643045415835142,0.424846712588003,3166,76.30419921875,76.26918029785156,288.0,0.027777777777777776
3167,1.8042606194677846,0.35577893759309664,3167,75.86558532714844,75.83103942871094,288.0,0.03819444444444445
3168,1.4963447960157177,0.8043129502267508,3168,75.01492309570312,74.98068237304688,288.0,0.041666666666666664
3169,1.8715807468070773,0.5310392394119138,3169,75.35408782958984,75.31939697265625,288.0,0.03819444444444445
3170,1.9258305079254896,0.4152871139004965,3170,75.47826385498047,75.44361877441406,288.0,0.07291666666666667
3171,1.9195149623467331,0.41670706984189176,3171,74.16748809814453,74.13310241699219,288.0,0.013888888888888888
3172,1.8700750427671489,0.6229994118625812,3172,74.43457794189453,74.4000473022461,288.0,0.059027777777777776
3173,1.804767903619969,0.3569933965111383,3173,75.54393005371094,75.5089111328125,288.0,0.024305555555555556
3174,1.8734937358009895,0.5084343379771321,3174,74.99430847167969,74.95917510986328,288.0,0.024305555555555556
3175,1.7810361421902958,0.35992954623230955,3175,75.5180892944336,75.4830551147461,288.0,0.03125
3176,1.8599071992091478,0.506196315497077,3176,74.97550201416016,74.9411849975586,288.0,0.06597222222222222
3177,1.8943115470018965,0.3896200612764933,3177,74.76869201660156,74.73391723632812,288.0,0.03819444444444445
3178,1.884982129330614,0.38465818780617345,3178,75.40574645996094,75.37107849121094,288.0,0.034722222222222224
3179,1.885233979719162,0.4201574575420274,3179,74.74182891845703,74.707275390625,288.0,0.04861111111111111
3180,1.5503199140870736,0.5423104128089521,3180,75.86773681640625,75.83270263671875,288.0,0.017361111111111112
3181,1.9216511928470044,0.31752996279839263,3181,74.23091125488281,74.19631958007812,288.0,0.024305555555555556
3182,1.4504221128091326,0.5386463374807792,3182,74.81674194335938,74.78155517578125,288.0,0.024305555555555556
3183,1.8234253615060776,0.4448327606567033,3183,74.73507690429688,74.70024108886719,288.0,0.041666666666666664
3184,1.6586786902551962,0.502879264478321,3184,74.48448181152344,74.45014953613281,288.0,0.052083333333333336
3185,1.8924757128601226,0.3675322248566256,3185,74.09707641601562,74.06315612792969,288.0,0.03125
3186,1.8417226623024554,0.4034082271178948,3186,74.38594055175781,74.35157775878906,288.0,0.027777777777777776
3187,1.8744751107780313,0.33626819901756655,3187,74.87191009521484,74.83736419677734,288.0,0.03125
3188,1.840510524467857,0.3619747260741437,3188,75.27034759521484,75.23660278320312,288.0,0.03125
3189,1.5178411561735514,0.4445528837725919,3189,73.96533966064453,73.9302749633789,288.0,0.04861111111111111
3190,1.1373291891446404,1.1046535737448742,3190,74.13247680664062,74.09852600097656,288.0,0.04513888888888889
3191,1.9095178866871498,0.3970916547421089,3191,75.27374267578125,75.23883056640625,288.0,0.020833333333333332
3192,1.7331095468667392,0.41664931545825395,3192,74.64874267578125,74.61470031738281,288.0,0.04513888888888889
3193,1.7729232524627143,0.3586542712008159,3193,75.25565338134766,75.22209167480469,288.0,0.03125
3194,1.8134061441542204,0.4985710630428694,3194,76.41995239257812,76.38584899902344,288.0,0.059027777777777776
3195,1.9427997319857038,0.31732770025799234,3195,74.4298095703125,74.39523315429688,288.0,0.034722222222222224
3196,1.893133927018842,0.5453419410719164,3196,74.93524169921875,74.89997863769531,288.0,0.04861111111111111
3197,1.8203403540287286,0.4739602779780904,3197,75.04632568359375,75.01168823242188,288.0,0.04513888888888889
3198,1.8437152413236764,0.5670017337058393,3198,74.21833801269531,74.1844482421875,288.0,0.04861111111111111
3199,1.864354099888706,0.37648227008926927,3199,74.02317810058594,73.98875427246094,288.0,0.04513888888888889
3200,1.370635815270984,0.5652360422832414,3200,74.3974380493164,74.36373138427734,288.0,0.03125
3201,1.9361914488278598,0.32179309339716394,3201,74.69166564941406,74.65798950195312,288.0,0.04513888888888889
3202,1.699470940060954,0.668375008521795,3202,74.48733520507812,74.45356750488281,288.0,0.04513888888888889
3203,1.897263505239417,0.3893076596687203,3203,74.82471466064453,74.79063415527344,288.0,0.027777777777777776
3204,1.8431872991590845,0.4491986353061459,3204,74.35844421386719,74.32462310791016,288.0,0.041666666666666664
3205,1.9252580145215825,0.34400183286810315,3205,75.08300018310547,75.04985809326172,288.0,0.034722222222222224
3206,1.8639268410019458,0.5077404883791363,3206,74.42929077148438,74.39564514160156,288.0,0.027777777777777776
3207,1.9096560551712751,0.372206047920418,3207,75.0712890625,75.0379409790039,288.0,0.03819444444444445
3208,1.509625091357977,0.543766943684139,3208,73.80297088623047,73.7689208984375,288.0,0.041666666666666664
3209,1.9037103522159202,0.48170850556396466,3209,73.69711303710938,73.66378784179688,288.0,0.034722222222222224
3210,1.8936499625623848,0.5078179468793046,3210,74.75140380859375,74.71821594238281,288.0,0.03125
3211,1.8635177359089852,0.37058499527639577,3211,74.46898651123047,74.43572998046875,288.0,0.034722222222222224
3212,1.8845462959194461,0.37640925785172563,3212,74.57241821289062,74.5391845703125,288.0,0.04861111111111111
3213,1.8179359883905124,0.5996846070288544,3213,75.07121276855469,75.03773498535156,288.0,0.052083333333333336
3214,1.9094472687085724,0.42564085236102484,3214,74.66455078125,74.6310806274414,288.0,0.05555555555555555
3215,1.6778953790893452,0.4173533462790938,3215,73.92061614990234,73.88587188720703,288.0,0.024305555555555556
3216,1.9098932728432751,0.41523834445117036,3216,74.64069366455078,74.6065673828125,288.0,0.06597222222222222
3217,1.4318064099362249,0.7158264791633999,3217,74.58023071289062,74.54678344726562,288.0,0.04861111111111111
3218,1.912700648463675,0.3880742100033821,3218,74.1326904296875,74.0986328125,288.0,0.05555555555555555
3219,1.8764510029977985,0.5711660654065192,3219,74.72038269042969,74.6860122680664,288.0,0.052083333333333336
3220,1.9466221152357568,0.3594303110855459,3220,74.82229614257812,74.78788757324219,288.0,0.027777777777777776
3221,1.4019136048632292,0.9630303130386585,3221,74.60238647460938,74.56756591796875,288.0,0.06597222222222222
3222,1.8908752982456076,0.429791995575101,3222,74.45018005371094,74.4154052734375,288.0,0.041666666666666664
3223,1.8919187548616803,0.41505159031701994,3223,73.7937240600586,73.75980377197266,288.0,0.04861111111111111
3224,0.9129049271731273,1.0859928160258427,3224,74.2823257446289,74.24722290039062,288.0,0.034722222222222224
3225,1.4218817261736354,0.6140940682175932,3225,75.26618957519531,75.23130798339844,288.0,0.034722222222222224
3226,1.928140807747393,0.44815821508997705,3226,74.44207763671875,74.40788269042969,288.0,0.041666666666666664
3227,1.7424044193019437,0.4835074577684945,3227,73.95059204101562,73.91598510742188,288.0,0.05555555555555555
3228,1.8537951793451113,0.5415225607587424,3228,73.82492065429688,73.79029083251953,288.0,0.034722222222222224
3229,1.2045861655264245,0.9931100771619241,3229,74.31539916992188,74.281005859375,288.0,0.027777777777777776
3230,1.748466116378331,0.3437801132480209,3230,74.53221130371094,74.49821472167969,288.0,0.017361111111111112
3231,1.6960497778417698,0.31718316067497615,3231,74.56074523925781,74.52650451660156,288.0,0.024305555555555556
3232,1.9139497173757154,0.3572801743896256,3232,74.48583984375,74.45091247558594,288.0,0.041666666666666664
3233,1.5837155867724966,0.5371711090056938,3233,74.80322265625,74.76901245117188,288.0,0.03819444444444445
3234,1.8854442514730363,0.37065545724269255,3234,73.62772369384766,73.59334564208984,288.0,0.03819444444444445
3235,1.8634199537219998,0.4078507247037896,3235,75.04328918457031,75.00867462158203,288.0,0.05555555555555555
3236,1.8143687594372722,0.396033503303933,3236,74.75616455078125,74.720947265625,288.0,0.024305555555555556
3237,1.8992476523115331,0.3979307967617896,3237,75.8477554321289,75.81233215332031,288.0,0.059027777777777776
3238,1.9086235528733075,0.3557174052674924,3238,75.22015380859375,75.18529510498047,288.0,0.041666666666666664
3239,1.92095456075477,0.32938241270026675,3239,74.82159423828125,74.78508758544922,288.0,0.04861111111111111
3240,1.1641737225951272,0.5954606623416105,3240,75.61650085449219,75.58181762695312,288.0,0.04861111111111111
3241,1.9267339389322962,0.4069393159978225,3241,74.93289184570312,74.8978271484375,288.0,0.052083333333333336
3242,1.7951066473024584,0.49574558845695654,3242,74.533447265625,74.49836730957031,288.0,0.052083333333333336
3243,1.8837763075966159,0.36314768546177395,3243,74.9804458618164,74.9447021484375,288.0,0.04861111111111111
3244,1.8676408115765843,0.32301475262453755,3244,75.46439361572266,75.42982482910156,288.0,0.03125
3245,1.9609536432853802,0.3242768160410099,3245,75.9380111694336,75.9034652709961,288.0,0.027777777777777776
3246,1.6846432663205164,0.37905581762565743,3246,74.44715881347656,74.4129638671875,288.0,0.03125
3247,1.9357778964921621,0.4205883101386835,3247,74.85943603515625,74.82522583007812,288.0,0.03125
3248,1.845803722124491,0.4483112619487005,3248,73.81729888916016,73.78314971923828,288.0,0.052083333333333336
3249,1.8591265130707546,0.4135451508262713,3249,74.79330444335938,74.75852966308594,288.0,0.03125
3250,1.8732545800329956,0.55286894307646,3250,74.75228881835938,74.71734619140625,288.0,0.03125
3251,1.837158215379552,0.372035151457892,3251,74.5645751953125,74.5306396484375,288.0,0.03125
3252,1.881311588698463,0.31780565859559257,3252,74.8946762084961,74.86175537109375,288.0,0.03819444444444445
3253,1.8720102558179836,0.4004045697938042,3253,75.13833618164062,75.10482025146484,288.0,0.052083333333333336
3254,1.9086133526699938,0.3587460152432506,3254,74.10276794433594,74.06932067871094,288.0,0.03125
3255,1.6791459297469038,0.4558523012517366,3255,73.69367218017578,73.66062927246094,288.0,0.041666666666666664
3256,1.4578312983026056,0.8293383225381264,3256,75.0830307006836,75.04920959472656,288.0,0.034722222222222224
3257,1.8411286750833031,0.38875713629964276,3257,74.66386413574219,74.63050079345703,288.0,0.03819444444444445
3258,1.9275283043791198,0.3680702513812965,3258,73.95758056640625,73.92427062988281,288.0,0.052083333333333336
3259,1.885777444517606,0.5193117841037584,3259,74.37049865722656,74.3370361328125,288.0,0.03125
3260,1.885695062022583,0.5095515331895244,3260,74.16575622558594,74.13288116455078,288.0,0.0625
3261,1.8877362951743635,0.44218905234778805,3261,74.70562744140625,74.67284393310547,288.0,0.03125
3262,1.9062753905524075,0.3996893969253122,3262,74.64628601074219,74.612548828125,288.0,0.05555555555555555
3263,1.8363492762362001,0.403520935541232,3263,74.13531494140625,74.10221862792969,288.0,0.027777777777777776
3264,1.9073009465108568,0.4804310500807412,3264,74.03472900390625,74.00114440917969,288.0,0.03125
3265,1.9302364511750778,0.4265026164716712,3265,74.25250244140625,74.21968841552734,288.0,0.03819444444444445
3266,1.9603480533170783,0.3609251282408593,3266,74.11907958984375,74.08551788330078,288.0,0.041666666666666664
3267,1.8418581412432329,0.6712759974146727,3267,75.02011108398438,74.98637390136719,288.0,0.05555555555555555
3268,1.8746032424075432,0.4138333360530559,3268,74.53837585449219,74.50497436523438,288.0,0.034722222222222224
3269,1.8626091946866543,0.5382570335461678,3269,74.71974182128906,74.68650817871094,288.0,0.017361111111111112
3270,1.9022561755616476,0.39712965430186214,3270,74.71685791015625,74.68394470214844,288.0,0.04861111111111111
3271,1.8688670791236208,0.4315647986419165,3271,74.03141784667969,73.99758911132812,288.0,0.04861111111111111
3272,1.9043814653452071,0.3822172335700402,3272,73.2886962890625,73.25506591796875,288.0,0.03819444444444445
3273,1.8461566636630014,0.6083545590695136,3273,74.57180786132812,74.53857421875,288.0,0.059027777777777776
3274,1.8642947608444471,0.48034427798787027,3274,73.92396545410156,73.88990783691406,288.0,0.04861111111111111
3275,1.8244627455523634,0.44117962002042516,3275,73.94845581054688,73.91474914550781,288.0,0.034722222222222224
3276,1.8318032142134488,0.4018443277974413,3276,74.37178039550781,74.33769226074219,288.0,0.017361111111111112
3277,1.7286250111923847,0.5727777137253501,3277,74.19910430908203,74.16584777832031,288.0,0.041666666666666664
3278,1.9287425406999037,0.4393142993586694,3278,74.06863403320312,74.03492736816406,288.0,0.03819444444444445
3279,1.930361154224902,0.32413407719330845,3279,73.98823547363281,73.95470428466797,288.0,0.017361111111111112
3280,1.6938109377082486,0.585596358141488,3280,73.83333587646484,73.79960632324219,288.0,0.05555555555555555
3281,1.9029782432483517,0.5368976767536735,3281,74.3648452758789,74.33085632324219,288.0,0.04513888888888889
3282,1.9250105630421936,0.4296480483965336,3282,74.5863037109375,74.55250549316406,288.0,0.059027777777777776
3283,1.936409734090474,0.3746895422375531,3283,74.22624969482422,74.1922607421875,288.0,0.03819444444444445
3284,1.8960438534395618,0.4038723022908393,3284,75.40907287597656,75.37490844726562,288.0,0.05555555555555555
3285,1.939446629024199,0.41377325398735865,3285,73.80691528320312,73.77227783203125,288.0,0.03125
3286,1.9035983165343044,0.4474853104916008,3286,74.04986572265625,74.0158920288086,288.0,0.034722222222222224
3287,1.5580183202914406,0.48173228060435963,3287,74.19978332519531,74.16619873046875,288.0,0.027777777777777776
3288,1.897668857078992,0.39103264780975366,3288,73.8220443725586,73.78812408447266,288.0,0.017361111111111112
3289,1.3800009207163622,0.8257856427789435,3289,74.16230773925781,74.12789154052734,288.0,0.041666666666666664
3290,1.9201930639466294,0.3635205883175276,3290,73.93049621582031,73.89689636230469,288.0,0.041666666666666664
3291,1.6775288750972446,0.5533974298171002,3291,74.75662231445312,74.72269439697266,288.0,0.041666666666666664
3292,1.7672901499403393,0.46484580961528016,3292,74.36495208740234,74.33158874511719,288.0,0.024305555555555556
3293,1.8914039776386034,0.5947784497820051,3293,74.31187438964844,74.2779541015625,288.0,0.03819444444444445
3294,1.9089708707550876,0.4777415213399507,3294,74.2552490234375,74.22137451171875,288.0,0.024305555555555556
3295,1.5538376022345564,0.717046183678158,3295,74.15776062011719,74.12432861328125,288.0,0.052083333333333336
3296,1.8996891637491562,0.5462567722686291,3296,73.97517395019531,73.94183349609375,288.0,0.04513888888888889
3297,1.7033342955367061,0.5740585231870343,3297,73.450927734375,73.4172592163086,288.0,0.03819444444444445
3298,1.8917557794957713,0.42174853472126156,3298,74.33280944824219,74.29908752441406,288.0,0.027777777777777776
3299,1.8472098503189598,0.46362961089491883,3299,74.21630859375,74.18367767333984,288.0,0.034722222222222224
3300,1.1956918141280957,0.8636061120883025,3300,74.70299530029297,74.6699447631836,288.0,0.03125
3301,1.676736458357118,0.839025330220318,3301,74.63287353515625,74.59912109375,288.0,0.034722222222222224
3302,1.9169650293299645,0.5084650933874815,3302,73.63870239257812,73.60578918457031,288.0,0.020833333333333332
3303,1.9138024917537422,0.4354423126262881,3303,73.81780242919922,73.78433227539062,288.0,0.041666666666666664
3304,1.9416511133193515,0.40519409128039224,3304,74.49859619140625,74.46495056152344,288.0,0.041666666666666664
3305,1.5838508072150654,0.8017000166185687,3305,74.05805969238281,74.0246353149414,288.0,0.0625
3306,1.8031639748055792,0.681956062099422,3306,74.22550964355469,74.1922607421875,288.0,0.041666666666666664
3307,1.8207289462246037,0.6506811545268656,3307,73.84228515625,73.80877685546875,288.0,0.020833333333333332
3308,1.8611143100671816,0.4465006712255969,3308,73.64913940429688,73.61593627929688,288.0,0.041666666666666664
3309,1.925053488621245,0.4688209981462384,3309,73.92779541015625,73.89399719238281,288.0,0.03125
3310,1.9142753742532166,0.3854963002839167,3310,74.53485107421875,74.50090789794922,288.0,0.03125
3311,1.774574771363122,0.743907586717331,3311,73.99929809570312,73.96568298339844,288.0,0.024305555555555556
3312,1.9050197081209161,0.5776252389592361,3312,74.63977813720703,74.60639953613281,288.0,0.04513888888888889
3313,1.8165624406684122,0.7878830662949348,3313,73.50479125976562,73.4706802368164,288.0,0.04861111111111111
3314,1.8708338682009884,0.408830902393789,3314,74.22984313964844,74.19580078125,288.0,0.03819444444444445
3315,1.9047859681313308,0.41771228548799977,3315,74.36427307128906,74.32965087890625,288.0,0.03125
3316,1.9574057901589608,0.42389466795231845,3316,74.4053955078125,74.37066650390625,288.0,0.027777777777777776
3317,0.8801657735360061,1.225184524204241,3317,74.1296615600586,74.09517669677734,288.0,0.03819444444444445
3318,1.94526521779887,0.39587410924541483,3318,73.8661880493164,73.83191680908203,288.0,0.027777777777777776
3319,1.8507983495425546,0.6242533810060944,3319,74.3560791015625,74.32206726074219,288.0,0.020833333333333332
3320,1.8405931791647443,0.38817951771212267,3320,74.33515167236328,74.30148315429688,288.0,0.03819444444444445
3321,1.895941153029734,0.4384931011288771,3321,74.43875885009766,74.40361022949219,288.0,0.04513888888888889
3322,1.8946278163149053,0.3778445625681905,3322,74.23626708984375,74.20126342773438,288.0,0.041666666666666664
3323,1.930350982887225,0.4402256249070733,3323,74.89036560058594,74.8565673828125,288.0,0.020833333333333332
3324,0.8599700026083599,1.1575298433361791,3324,74.55349731445312,74.51831817626953,288.0,0.03125
3325,1.8305645061229354,0.3900557517324635,3325,75.03096008300781,74.99568939208984,288.0,0.03819444444444445
3326,1.839280759165078,0.38592334540974577,3326,74.7052993774414,74.6697998046875,288.0,0.04513888888888889
3327,1.6453589733992489,0.4208454562229512,3327,74.89971923828125,74.8642807006836,288.0,0.027777777777777776
3328,1.8467677032924859,0.47167794552901415,3328,76.12234497070312,76.08599853515625,288.0,0.03819444444444445
3329,1.8664887738236682,0.3996560977643146,3329,75.16168212890625,75.12538146972656,288.0,0.034722222222222224
3330,1.8587719712523567,0.44860727234293235,3330,74.49386596679688,74.45844268798828,288.0,0.04861111111111111
3331,1.8565642028714844,0.3827230289044667,3331,76.74943542480469,76.71283721923828,288.0,0.017361111111111112
3332,0.7907672666673388,1.1993694009788909,3332,76.15104675292969,76.11459350585938,288.0,0.041666666666666664
3333,1.8683104095322303,0.3508773607887071,3333,76.19671630859375,76.16069030761719,288.0,0.017361111111111112
3334,1.942308077021774,0.3523170931106635,3334,75.2363052368164,75.20030212402344,288.0,0.041666666666666664
3335,1.9231614560474999,0.40511412747146525,3335,76.07491302490234,76.03841400146484,288.0,0.041666666666666664
3336,1.831089829953549,0.38153759565738754,3336,75.86246490478516,75.82562255859375,288.0,0.034722222222222224
3337,1.8375362200820453,0.3842833387658648,3337,76.74925231933594,76.71234130859375,288.0,0.041666666666666664
3338,1.81568012129182,0.33320527334136923,3338,76.36996459960938,76.33345031738281,288.0,0.03819444444444445
3339,1.5417876298443707,0.4439165779278184,3339,75.13105010986328,75.09494018554688,288.0,0.027777777777777776
3340,1.5668912412877285,0.5299343588920963,3340,76.05670928955078,76.01979064941406,288.0,0.027777777777777776
3341,1.3434104044990003,0.5064242734263805,3341,76.34190368652344,76.30464172363281,288.0,0.03819444444444445
3342,1.5639293115620103,0.5487883129640022,3342,77.0539779663086,77.01754760742188,288.0,0.041666666666666664
3343,1.8341832652457524,0.38877658697352113,3343,76.67430114746094,76.63784790039062,288.0,0.024305555555555556
3344,1.8587334219215066,0.41845803666237663,3344,76.43053436279297,76.39405822753906,288.0,0.024305555555555556
3345,1.9059127844265287,0.354995001363173,3345,76.63034057617188,76.5941390991211,288.0,0.041666666666666664
3346,1.8080395340479758,0.37691091405449445,3346,76.65324401855469,76.61665344238281,288.0,0.024305555555555556
3347,0.7306069056496496,0.3532775384267698,3347,76.84457397460938,76.80845642089844,288.0,0.013888888888888888
3348,1.5991411848174006,0.4159210856692912,3348,77.03953552246094,77.0032958984375,288.0,0.03125
3349,1.8265148776139104,0.3659969047283868,3349,76.54161834716797,76.50536346435547,288.0,0.034722222222222224
3350,1.85861337657285,0.366785324806721,3350,76.39521026611328,76.35885620117188,288.0,0.024305555555555556
3351,1.8897389964145472,0.4204588875306758,3351,76.15180206298828,76.11512756347656,288.0,0.027777777777777776
3352,0.8795168868834201,1.163048390895286,3352,76.9788589477539,76.94224548339844,288.0,0.027777777777777776
3353,1.2998932315344638,0.8657900702609218,3353,77.29610443115234,77.25907135009766,288.0,0.027777777777777776
3354,1.4189372020353308,0.5307119872259635,3354,77.0809326171875,77.04393768310547,288.0,0.04513888888888889
3355,1.029761028692442,1.0620518704273327,3355,77.23453521728516,77.19776153564453,288.0,0.034722222222222224
3356,1.8139994506728645,0.3831506243878785,3356,77.64741516113281,77.610595703125,288.0,0.041666666666666664
3357,1.1636051603047868,0.3379225830477176,3357,76.71768188476562,76.68079376220703,288.0,0.027777777777777776
3358,1.5257438386474442,0.26704355652945944,3358,76.70451354980469,76.6683578491211,288.0,0.03125
3359,1.7107235645615644,0.3358945440341645,3359,77.41050720214844,77.37418365478516,288.0,0.034722222222222224
3360,1.6523413381333394,0.3092664641228401,3360,75.89868927001953,75.86233520507812,288.0,0.024305555555555556
3361,1.4343015481264618,0.5026227435698127,3361,75.84292602539062,75.80776977539062,288.0,0.04861111111111111
3362,1.2031439239295727,0.4802311884387769,3362,75.58901977539062,75.55374145507812,288.0,0.03819444444444445
3363,1.8667487496880457,0.3810317350773837,3363,76.68508911132812,76.64888000488281,288.0,0.024305555555555556
3364,1.8004991225902114,0.39648097520692893,3364,76.52000427246094,76.48397827148438,288.0,0.052083333333333336
3365,1.3788297160611518,0.35370852249311235,3365,76.63284301757812,76.59700012207031,288.0,0.024305555555555556
3366,1.770660109343395,0.397112185742501,3366,76.57542419433594,76.53958129882812,288.0,0.03819444444444445
3367,1.3594271924066266,0.9270359459576185,3367,75.35004425048828,75.31476593017578,288.0,0.03819444444444445
3368,0.7752792194860157,0.32549961808231215,3368,76.21617889404297,76.17994689941406,288.0,0.013888888888888888
3369,1.7441849372043803,0.37523275261360567,3369,76.1697998046875,76.13371276855469,288.0,0.027777777777777776
3370,1.4228924213880596,0.28121672966072664,3370,76.84801483154297,76.81248474121094,288.0,0.010416666666666666
3371,1.5911570685579643,0.8605824875353798,3371,75.95059967041016,75.91497802734375,288.0,0.034722222222222224
3372,1.779964064371836,0.34418718499930334,3372,75.77691650390625,75.74122619628906,288.0,0.024305555555555556
3373,1.1519246488805541,0.5817184923915638,3373,75.86508178710938,75.8292236328125,288.0,0.027777777777777776
3374,1.8335667504874935,0.4590967982933831,3374,75.21052551269531,75.17515563964844,288.0,0.05555555555555555
3375,1.7297255339530255,0.375014731846373,3375,76.25192260742188,76.21630859375,288.0,0.03125
3376,1.6564094310029995,0.32873110198972666,3376,75.72984313964844,75.69413757324219,288.0,0.04861111111111111
3377,1.5953917064230778,0.2931701717616001,3377,75.82461547851562,75.78836822509766,288.0,0.027777777777777776
3378,1.6678728388023956,0.31469763750309954,3378,76.15119934082031,76.11595916748047,288.0,0.024305555555555556
3379,1.7839616940613314,0.39311425093537394,3379,75.65837097167969,75.62286376953125,288.0,0.027777777777777776
3380,1.453605714101009,0.4263068045018833,3380,76.11373138427734,76.07915496826172,288.0,0.020833333333333332
3381,1.6979757577491792,0.31557266598335615,3381,75.33717346191406,75.30218505859375,288.0,0.034722222222222224
3382,1.7312670090346498,0.3165940523549888,3382,76.01312255859375,75.97777557373047,288.0,0.03125
3383,1.87177263878483,0.3770433214713989,3383,74.9516830444336,74.917724609375,288.0,0.052083333333333336
3384,1.8055174784238386,0.4297077038198437,3384,76.18765258789062,76.15319061279297,288.0,0.03125
3385,1.2507971587835953,0.30791440575872614,3385,75.13618469238281,75.10215759277344,288.0,0.020833333333333332
3386,1.5048993259828782,0.5791032316808165,3386,75.03321838378906,74.99957275390625,288.0,0.034722222222222224
3387,1.8269036420917506,0.4067179644314022,3387,74.83358764648438,74.79936218261719,288.0,0.04861111111111111
3388,1.7416840997287502,0.42156192259684305,3388,74.49903869628906,74.46473693847656,288.0,0.020833333333333332
3389,1.748688475313759,0.34307445749549814,3389,74.7652587890625,74.73046875,288.0,0.020833333333333332
3390,1.673957969937569,0.4387365391148343,3390,74.81120300292969,74.77717590332031,288.0,0.03125
3391,1.6779759535077017,0.29540068978897266,3391,73.98804473876953,73.95469665527344,288.0,0.024305555555555556
3392,1.7535144879179425,0.3763838199125834,3392,74.3490219116211,74.31503295898438,288.0,0.020833333333333332
3393,1.5499055548048544,0.4299259537092804,3393,75.34255981445312,75.30843353271484,288.0,0.052083333333333336
3394,1.7614793407922322,0.34127895862049773,3394,75.5595474243164,75.52554321289062,288.0,0.024305555555555556
3395,1.8495821682428963,0.3226647424494514,3395,75.17879486083984,75.14462280273438,288.0,0.04513888888888889
3396,1.8350599014075597,0.32038514862805423,3396,74.41007995605469,74.37596130371094,288.0,0.024305555555555556
3397,1.7307923279875748,0.41686939095445663,3397,74.41435241699219,74.38021087646484,288.0,0.027777777777777776
3398,1.822291871162256,0.373350422994883,3398,74.83924865722656,74.80472564697266,288.0,0.034722222222222224
3399,1.6895545142920663,0.3822547216735048,3399,74.85629272460938,74.82184600830078,288.0,0.041666666666666664
3400,0.8849610422172426,1.1401132615790415,3400,75.44338989257812,75.40960693359375,288.0,0.020833333333333332
3401,1.7360025936117414,0.3628127099849009,3401,74.75038146972656,74.71636962890625,288.0,0.03125
3402,1.7677055432419277,0.34556143943558215,3402,75.45217895507812,75.41780090332031,288.0,0.041666666666666664
3403,1.4203312727891249,0.4548969386100216,3403,74.51091003417969,74.47715759277344,288.0,0.03819444444444445
3404,1.8186925125621174,0.3265804498074462,3404,74.68858337402344,74.6546401977539,288.0,0.017361111111111112
3405,1.593603164876284,0.3465007352151127,3405,74.93645477294922,74.90196228027344,288.0,0.034722222222222224
3406,1.771084644258008,0.40807498410343046,3406,75.77384948730469,75.73931884765625,288.0,0.041666666666666664
3407,1.7698865900072112,0.45537050720595934,3407,75.14598083496094,75.11172485351562,288.0,0.020833333333333332
3408,1.214941613559161,0.6136797770659133,3408,74.93851470947266,74.9043960571289,288.0,0.041666666666666664
3409,1.785731037675889,0.37394575870474056,3409,74.61506652832031,74.58053588867188,288.0,0.03819444444444445
3410,1.7284547628245335,0.3547292260954909,3410,74.83840942382812,74.80381774902344,288.0,0.010416666666666666
3411,0.8171458329314848,1.1371213198645032,3411,75.62944793701172,75.59452056884766,288.0,0.024305555555555556
3412,1.7440173383427535,0.3910475928188677,3412,75.78915405273438,75.75432586669922,288.0,0.027777777777777776
3413,1.7254320275065822,0.3407884403349161,3413,75.27359008789062,75.2384033203125,288.0,0.027777777777777776
3414,1.4787075476248086,0.5921361700877222,3414,75.05911254882812,75.0246353149414,288.0,0.027777777777777776
3415,1.8219579570306723,0.3630868082415076,3415,75.66793060302734,75.63294219970703,288.0,0.03819444444444445
3416,1.7597202232494402,0.33691023694769473,3416,75.63356018066406,75.59788513183594,288.0,0.03819444444444445
3417,1.6665666926251033,0.39949785487330325,3417,75.3907241821289,75.35600280761719,288.0,0.017361111111111112
3418,1.7364821490725977,0.3139750303748644,3418,75.44036865234375,75.40486145019531,288.0,0.03819444444444445
3419,1.7943490403898095,0.39393044932100124,3419,75.23224639892578,75.19718933105469,288.0,0.017361111111111112
3420,1.6618944703183627,0.28828955133036194,3420,75.6659164428711,75.63095092773438,288.0,0.024305555555555556
3421,1.7510560119860523,0.3654219760755398,3421,76.36480712890625,76.32921600341797,288.0,0.020833333333333332
3422,1.40620830617359,0.7766987874050242,3422,75.6194076538086,75.5845947265625,288.0,0.03819444444444445
3423,1.7831868287116253,0.32207370093434085,3423,75.81240844726562,75.7779312133789,288.0,0.017361111111111112
3424,0.8855482306980232,1.1047337129774806,3424,75.38214111328125,75.34672546386719,288.0,0.024305555555555556
3425,1.0417575658009846,1.0819326984780413,3425,75.56602478027344,75.53053283691406,288.0,0.020833333333333332
3426,1.2254319057064995,0.5028830688927824,3426,76.65321350097656,76.61761474609375,288.0,0.024305555555555556
3427,1.627819608342296,0.29902229137508146,3427,75.91395568847656,75.87847137451172,288.0,0.010416666666666666
3428,1.796247828292675,0.36062753010507265,3428,76.36320495605469,76.32772827148438,288.0,0.03125
3429,1.4900621725819838,0.556337287504946,3429,75.38772583007812,75.35223388671875,288.0,0.03125
3430,1.519276968057827,0.3190971446617522,3430,76.3187255859375,76.28291320800781,288.0,0.03819444444444445
3431,0.8191652436073359,1.0963686879943428,3431,75.8321762084961,75.7972640991211,288.0,0.034722222222222224
3432,1.490615122230813,0.46720692327116353,3432,76.67089080810547,76.63497161865234,288.0,0.03125
3433,1.6325265573520404,0.3321552843108264,3433,75.55088806152344,75.51600646972656,288.0,0.034722222222222224
3434,1.4949504019807318,0.5392318858447326,3434,75.72688293457031,75.69200134277344,288.0,0.052083333333333336
3435,1.7509129854405332,0.3237270475089577,3435,75.15580749511719,75.12171936035156,288.0,0.024305555555555556
3436,1.6676263831320477,0.3347163625326801,3436,74.82108306884766,74.78678894042969,288.0,0.03125
3437,1.30502316460696,0.2588496280136392,3437,75.18814849853516,75.1545181274414,288.0,0.010416666666666666
3438,1.8071534072909365,0.36342466719517313,3438,74.77709197998047,74.74267578125,288.0,0.034722222222222224
3439,1.8310146730004027,0.3554587721223988,3439,74.45799255371094,74.42408752441406,288.0,0.041666666666666664
3440,1.8463856311263882,0.3567706551334592,3440,74.74091339111328,74.70641326904297,288.0,0.034722222222222224
3441,1.708668137799751,0.42905970178789365,3441,74.76925659179688,74.73506927490234,288.0,0.03125
3442,0.940082153482859,0.8584222083107976,3442,73.95986938476562,73.92549133300781,288.0,0.03125
3443,1.6609379628050804,0.7161244927388464,3443,75.07847595214844,75.04456329345703,288.0,0.04513888888888889
3444,1.9392750728733086,0.323428198093321,3444,75.41962432861328,75.38522338867188,288.0,0.020833333333333332
3445,0.9478627575100352,0.9542771015561591,3445,75.23471069335938,75.20121765136719,288.0,0.020833333333333332
3446,1.726861228422237,0.4405294013642517,3446,74.8284912109375,74.7953109741211,288.0,0.027777777777777776
3447,1.8257921809393618,0.345569274650783,3447,74.7979736328125,74.76419067382812,288.0,0.013888888888888888
3448,1.8988744071579282,0.3857845319518491,3448,74.5841064453125,74.55024719238281,288.0,0.03125
3449,1.8864145134446977,0.3694858932407664,3449,75.03392791748047,74.99993896484375,288.0,0.024305555555555556
3450,1.7962980083219218,0.39533915789452573,3450,74.61967468261719,74.58584594726562,288.0,0.041666666666666664
3451,1.8786261223806069,0.3593659741856462,3451,75.43392181396484,75.39967346191406,288.0,0.027777777777777776
3452,0.8467975233988905,1.1454422708951164,3452,74.8631820678711,74.82911682128906,288.0,0.024305555555555556
3453,1.813221746850809,0.39834817211091816,3453,75.08262634277344,75.04777526855469,288.0,0.03125
3454,1.8551536108273423,0.44323678851837617,3454,75.69297790527344,75.65890502929688,288.0,0.027777777777777776
3455,1.8739220369811587,0.37232812513170443,3455,73.99615478515625,73.9620132446289,288.0,0.03819444444444445
3456,1.5716576482876963,0.5232668983808034,3456,74.19244384765625,74.15841674804688,288.0,0.024305555555555556
3457,1.3778874997551829,0.7530657055452824,3457,74.5140151977539,74.48014068603516,288.0,0.041666666666666664
3458,1.9329396135893897,0.35800074040878205,3458,73.79586029052734,73.76216125488281,288.0,0.03819444444444445
3459,1.917632089796414,0.3955732689594142,3459,74.4937744140625,74.4609375,288.0,0.03125
3460,1.8765130458456767,0.4252342254681099,3460,75.18955993652344,75.15538024902344,288.0,0.027777777777777776
3461,1.683368260778455,0.4851312744483268,3461,74.21802520751953,74.1845474243164,288.0,0.024305555555555556
3462,1.8141096666307552,0.3633651824637903,3462,74.73677062988281,74.70243072509766,288.0,0.010416666666666666
3463,1.8083202612565006,0.3947270685604138,3463,74.6590576171875,74.6249008178711,288.0,0.03125
3464,1.466862431736937,0.4634912943164458,3464,75.21107482910156,75.17672729492188,288.0,0.03819444444444445
3465,1.8949679555926349,0.40639514808920524,3465,74.95452880859375,74.92066192626953,288.0,0.034722222222222224
3466,1.8645898839710051,0.3647236942470779,3466,74.6629867553711,74.62930297851562,288.0,0.03819444444444445
3467,1.5142433130355744,0.7825477193896893,3467,74.58577728271484,74.55169677734375,288.0,0.034722222222222224
3468,1.759478319810486,0.38219630060009,3468,74.71751403808594,74.68338012695312,288.0,0.010416666666666666
3469,0.8987106249566938,1.152166622702753,3469,74.48751831054688,74.45301818847656,288.0,0.052083333333333336
3470,1.8027096186527514,0.36581618625319134,3470,75.0464859008789,75.0119857788086,288.0,0.034722222222222224
3471,1.7522635381998102,0.4985019755747613,3471,74.61856079101562,74.5836181640625,288.0,0.034722222222222224
3472,1.8280700566840882,0.3785839591139775,3472,75.49331665039062,75.458251953125,288.0,0.013888888888888888
3473,1.3931504210168113,0.497930096899372,3473,76.51747131347656,76.48253631591797,288.0,0.024305555555555556
3474,1.8369606367805191,0.4424493609175164,3474,75.7870101928711,75.75230407714844,288.0,0.03819444444444445
3475,1.9255717379113477,0.3316219229481429,3475,75.65357971191406,75.61822509765625,288.0,0.03819444444444445
3476,0.9079583346828931,1.1269328146299709,3476,75.05213165283203,75.01746368408203,288.0,0.03125
3477,1.865086378036705,0.3198809362235141,3477,75.33612060546875,75.30113220214844,288.0,0.024305555555555556
3478,1.7644102731790665,0.43553411856823543,3478,75.02588653564453,74.99119567871094,288.0,0.020833333333333332
3479,1.8032447366442967,0.34044528742183333,3479,76.05538940429688,76.01951599121094,288.0,0.020833333333333332
3480,1.8901181553600968,0.3340172308997973,3480,75.83346557617188,75.79827880859375,288.0,0.03819444444444445
3481,1.83121656614905,0.36565890830117265,3481,75.6882553100586,75.65328979492188,288.0,0.027777777777777776
3482,1.37854919697848,0.469439056212397,3482,75.278076171875,75.24272155761719,288.0,0.03125
3483,1.8834723235783133,0.38387565318649564,3483,75.66693115234375,75.63079071044922,288.0,0.024305555555555556
3484,1.5427829021905142,0.3188783099921399,3484,74.21394348144531,74.17872619628906,288.0,0.027777777777777776
3485,0.8877960167464537,1.138962417500396,3485,75.35137939453125,75.31651306152344,288.0,0.03819444444444445
3486,1.8670611341852554,0.3666720200713001,3486,75.7203369140625,75.68608093261719,288.0,0.027777777777777776
3487,1.3110095148647798,0.6151354463065711,3487,73.9552001953125,73.92179107666016,288.0,0.03125
3488,1.8360863462782442,0.358871188920294,3488,74.97569274902344,74.94107055664062,288.0,0.034722222222222224
3489,1.8516923651946808,0.30778671830249343,3489,74.24385070800781,74.20903015136719,288.0,0.024305555555555556
3490,1.828604364134546,0.3084955873543836,3490,75.5208740234375,75.48614501953125,288.0,0.017361111111111112
3491,1.8415205765822351,0.2986036864487105,3491,74.75437927246094,74.71952819824219,288.0,0.020833333333333332
3492,1.449595607707632,0.6962859173439114,3492,74.82258605957031,74.78819274902344,288.0,0.024305555555555556
3493,1.7442165088331936,0.6201059554518172,3493,75.27915954589844,75.2458724975586,288.0,0.024305555555555556
3494,1.8734957055614996,0.37305455403059135,3494,75.99545288085938,75.96067810058594,288.0,0.020833333333333332
3495,1.8927598535446226,0.33135363517335203,3495,74.80435180664062,74.77050018310547,288.0,0.034722222222222224
3496,0.9925302281596458,1.059435630555062,3496,74.47135925292969,74.43745422363281,288.0,0.020833333333333332
3497,1.8469683249041278,0.5003637406741136,3497,74.85678100585938,74.82286071777344,288.0,0.03125
3498,1.883308444196642,0.40746704017219626,3498,75.27230072021484,75.23834228515625,288.0,0.027777777777777776
3499,1.8681590549947045,0.3221086907719049,3499,74.36669921875,74.331787109375,288.0,0.034722222222222224
3500,1.575413939423274,0.6799325196921379,3500,75.07679748535156,75.04273986816406,288.0,0.03125
3501,1.5566935096334549,0.3740237315175339,3501,75.048095703125,75.01420593261719,288.0,0.03819444444444445
3502,1.9116549787648955,0.39557612083776467,3502,74.33061981201172,74.29656982421875,288.0,0.034722222222222224
3503,1.9027253243366422,0.37327592207397675,3503,74.4931869506836,74.45928192138672,288.0,0.020833333333333332
3504,1.8869045454120976,0.370580825517682,3504,74.8159408569336,74.78237915039062,288.0,0.020833333333333332
3505,1.880167500176485,0.42162182060965986,3505,74.62247467041016,74.58781433105469,288.0,0.024305555555555556
3506,1.899300472862419,0.38346427356252577,3506,74.07557678222656,74.04193115234375,288.0,0.041666666666666664
3507,1.9176168681109438,0.35992276032635734,3507,74.03089904785156,73.99656677246094,288.0,0.017361111111111112
3508,1.9197265605472,0.42439239407361007,3508,73.81053161621094,73.77606201171875,288.0,0.020833333333333332
3509,1.856744894494775,0.37036587503329166,3509,75.09022521972656,75.0562744140625,288.0,0.020833333333333332
3510,1.5150588671992449,0.47575670130433756,3510,74.05744171142578,74.02369689941406,288.0,0.010416666666666666
3511,1.8743835474107347,0.37908510361323255,3511,74.03590393066406,74.00123596191406,288.0,0.03125
3512,1.900791475906849,0.34832100861475807,3512,73.848876953125,73.81510162353516,288.0,0.020833333333333332
3513,1.9310750640027419,0.37429296739279844,3513,74.21497344970703,74.1805648803711,288.0,0.027777777777777776
3514,1.8376101846947859,0.489025799484274,3514,74.78919982910156,74.75442504882812,288.0,0.03819444444444445
3515,1.8435351533436675,0.41481352295979373,3515,74.85809326171875,74.82359313964844,288.0,0.024305555555555556
3516,1.7830771942995693,0.37342398817328293,3516,75.19886016845703,75.1635513305664,288.0,0.027777777777777776
3517,1.2844462127919687,0.44567852848475314,3517,74.659912109375,74.62588500976562,288.0,0.020833333333333332
3518,1.4102776586541421,0.5040228031428312,3518,74.40846252441406,74.37394714355469,288.0,0.03819444444444445
3519,1.7681220055950702,0.450818932531214,3519,74.1884765625,74.15486907958984,288.0,0.052083333333333336
3520,1.8231689051489204,0.5704472146433579,3520,74.869140625,74.8345718383789,288.0,0.013888888888888888
3521,1.737542781131442,0.35418531096889155,3521,74.94257354736328,74.90838623046875,288.0,0.024305555555555556
3522,1.910723959754745,0.3661723413603537,3522,74.64158630371094,74.6072998046875,288.0,0.017361111111111112
3523,1.913510789595109,0.36596363099498547,3523,74.38371276855469,74.34967041015625,288.0,0.03819444444444445
3524,1.3269514041435342,0.5440371143133577,3524,74.07842254638672,74.04449462890625,288.0,0.027777777777777776
3525,1.8138000926991396,0.34478916938895987,3525,74.67813873291016,74.64375305175781,288.0,0.034722222222222224
3526,0.8757928528915097,1.2252606575174758,3526,74.43124389648438,74.3958740234375,288.0,0.041666666666666664
3527,1.8214477795944208,0.39915021058913597,3527,74.98651123046875,74.95175170898438,288.0,0.013888888888888888
3528,1.738326608825882,0.5062752718244028,3528,74.88536071777344,74.8510971069336,288.0,0.03819444444444445
3529,1.7961002137379818,0.4851598455408813,3529,75.56547546386719,75.53105163574219,288.0,0.034722222222222224
3530,1.8811169701912869,0.3532554337793579,3530,74.89198303222656,74.85755920410156,288.0,0.024305555555555556
3531,1.8942692330032824,0.38822469959411166,3531,75.4122314453125,75.37728881835938,288.0,0.03819444444444445
3532,1.5909647439953207,0.47227958154737776,3532,75.54570007324219,75.51116943359375,288.0,0.024305555555555556
3533,1.8885601107628949,0.39967778035909657,3533,74.65402221679688,74.61885070800781,288.0,0.03125
3534,1.3142234557717427,0.4403054890292374,3534,75.31611633300781,75.28173828125,288.0,0.027777777777777776
3535,1.800512719055243,0.37063687454326516,3535,75.54360961914062,75.50802612304688,288.0,0.020833333333333332
3536,1.8123365116596126,0.34420480117575963,3536,75.65380859375,75.61795806884766,288.0,0.017361111111111112
3537,1.5328435275950387,0.35978049962662556,3537,75.81652069091797,75.78118896484375,288.0,0.027777777777777776
3538,1.9176494207711978,0.3846600232660102,3538,75.65728759765625,75.62303161621094,288.0,0.020833333333333332
3539,1.8621739047279418,0.3700462831267536,3539,75.14151000976562,75.10693359375,288.0,0.03819444444444445
3540,1.838788052398131,0.38338934284424314,3540,75.54582214355469,75.51017761230469,288.0,0.041666666666666664
3541,1.9136871721851452,0.3479042776422367,3541,76.84107208251953,76.80574035644531,288.0,0.034722222222222224
3542,1.8520603264032376,0.41044271333493554,3542,75.35014343261719,75.31538391113281,288.0,0.03125
3543,1.8804184810915467,0.3633911577211718,3543,75.33345031738281,75.29856872558594,288.0,0.027777777777777776
3544,1.497370238639488,0.48321967846268904,3544,75.78327178955078,75.74870300292969,288.0,0.03125
3545,1.8859754135544966,0.37932666903575707,3545,75.99702453613281,75.96136474609375,288.0,0.020833333333333332
3546,1.8020137555527913,0.3109455385519185,3546,75.2751235961914,75.24042510986328,288.0,0.020833333333333332
3547,1.1590487222621353,1.0110201704392758,3547,75.51006317138672,75.47523498535156,288.0,0.017361111111111112
3548,1.9066390005754603,0.3448761307564923,3548,75.16842651367188,75.13395690917969,288.0,0.024305555555555556
3549,1.8217159722243212,0.3614607258152116,3549,74.65898132324219,74.62417602539062,288.0,0.034722222222222224
3550,1.4849456317135084,0.3547012212832109,3550,75.20653533935547,75.17219543457031,288.0,0.034722222222222224
3551,1.700270504473346,0.394383382066272,3551,75.16095733642578,75.12745666503906,288.0,0.020833333333333332
3552,1.8135913846552185,0.341863598015459,3552,74.38075256347656,74.34554290771484,288.0,0.024305555555555556
3553,1.879447963648968,0.4042941364910422,3553,74.42645263671875,74.39198303222656,288.0,0.041666666666666664
3554,1.8326345424793322,0.4464387905231071,3554,74.55394744873047,74.51905059814453,288.0,0.027777777777777776
3555,1.8469311695637767,0.38203459448575927,3555,74.88166046142578,74.84740447998047,288.0,0.013888888888888888
3556,1.2612560694333912,0.47630350144771205,3556,76.04541015625,76.0105972290039,288.0,0.013888888888888888
3557,1.8915136424345182,0.39747696413063616,3557,75.62064361572266,75.58564758300781,288.0,0.034722222222222224
3558,1.8676126284866865,0.33295218881363675,3558,75.17085266113281,75.13534545898438,288.0,0.04513888888888889
3559,1.908336022329218,0.3742958306626066,3559,75.88801574707031,75.85261535644531,288.0,0.024305555555555556
3560,1.8461653244438934,0.38998482470567736,3560,75.88993835449219,75.853515625,288.0,0.027777777777777776
3561,1.7692603296929914,0.31216421231561997,3561,75.32083129882812,75.28555297851562,288.0,0.034722222222222224
3562,1.3703058500023462,0.4837703546655915,3562,74.9970932006836,74.96154022216797,288.0,0.034722222222222224
3563,1.752761436915366,0.30863506064014684,3563,75.54712677001953,75.51187896728516,288.0,0.027777777777777776
3564,1.7827610295679885,0.37051591699673775,3564,75.48344421386719,75.44779968261719,288.0,0.017361111111111112
3565,1.6083230869261698,0.428116795241529,3565,75.36518859863281,75.32970428466797,288.0,0.041666666666666664
3566,0.8855250655151016,1.149508342005834,3566,75.073974609375,75.0386734008789,288.0,0.03125
3567,1.7952024711473828,0.40185243375304014,3567,75.04757690429688,75.01239013671875,288.0,0.024305555555555556
3568,1.769426952734163,0.3117523824932791,3568,75.27735900878906,75.24247741699219,288.0,0.04861111111111111
3569,1.8249503257470236,0.399592367500613,3569,74.91706848144531,74.8820571899414,288.0,0.027777777777777776
3570,0.9664096309892451,0.3521668445040154,3570,75.07283782958984,75.03793334960938,288.0,0.010416666666666666
3571,1.5308450354837677,0.38545034959401897,3571,75.27618408203125,75.24166870117188,288.0,0.027777777777777776
3572,1.8246474083281485,0.37557994879646317,3572,75.95088958740234,75.91503143310547,288.0,0.027777777777777776
3573,1.882861540060735,0.39450248586101316,3573,75.49467468261719,75.45858001708984,288.0,0.05555555555555555
3574,1.8394909062924336,0.4027468764837536,3574,75.12313842773438,75.08724975585938,288.0,0.041666666666666664
3575,1.776034545146877,0.3610493047268473,3575,75.20890808105469,75.17333984375,288.0,0.03125
3576,1.5307031453872193,0.41939925155474295,3576,74.87898254394531,74.84393310546875,288.0,0.017361111111111112
3577,1.4328750976212898,0.4457359242722662,3577,74.89232635498047,74.8573989868164,288.0,0.027777777777777776
3578,1.8436664110374912,0.3363768564291477,3578,74.17185974121094,74.1378173828125,288.0,0.020833333333333332
3579,1.6312621776466847,0.3833081852618848,3579,73.79288482666016,73.75861358642578,288.0,0.024305555555555556
3580,1.7495240019636948,0.3645136403349287,3580,74.82476043701172,74.78953552246094,288.0,0.034722222222222224
3581,1.6872801103311876,0.3298054794759727,3581,74.7728042602539,74.7384033203125,288.0,0.03125
3582,1.7798515554069734,0.35335752860256403,3582,75.31570434570312,75.28013610839844,288.0,0.024305555555555556
3583,1.3046042991169424,0.4429572874186979,3583,75.41526794433594,75.38055419921875,288.0,0.013888888888888888
3584,1.376828883218252,0.4469147343444307,3584,75.8018798828125,75.76670837402344,288.0,0.03125
3585,1.8337634975398975,0.4029533679078856,3585,75.2076187133789,75.1713638305664,288.0,0.027777777777777776
3586,1.4001206360296392,0.3955786888478195,3586,75.26718139648438,75.23155212402344,288.0,0.017361111111111112
3587,1.8260841877510698,0.38260373971486333,3587,75.05833435058594,75.02318572998047,288.0,0.024305555555555556
3588,1.5101145551375017,0.46686459348202236,3588,75.9853515625,75.94973754882812,288.0,0.034722222222222224
3589,1.7126267474002932,0.3612618697533835,3589,74.74385070800781,74.71015930175781,288.0,0.027777777777777776
3590,1.8292295884484855,0.3414799835540724,3590,75.70050811767578,75.6664810180664,288.0,0.006944444444444444
3591,1.6368218610772423,0.33940313535788214,3591,74.65238189697266,74.61844635009766,288.0,0.03125
3592,1.7555620723274779,0.34221901012956785,3592,75.0687484741211,75.03446960449219,288.0,0.024305555555555556
3593,1.77384727552986,0.3309449377291629,3593,75.12515258789062,75.09109497070312,288.0,0.03819444444444445
3594,1.5510331092063454,0.4007656800742413,3594,74.29991149902344,74.26555633544922,288.0,0.020833333333333332
3595,1.4348045724426608,0.5415718670045154,3595,74.75872039794922,74.72465515136719,288.0,0.017361111111111112
3596,1.853068212240235,0.3834960056587068,3596,75.31079864501953,75.27629089355469,288.0,0.024305555555555556
3597,1.5335768900758064,0.4550355611181809,3597,75.8448486328125,75.81063842773438,288.0,0.041666666666666664
3598,1.623197068824715,0.4801448224243359,3598,74.57441711425781,74.5404052734375,288.0,0.020833333333333332
3599,1.9132580353980682,0.3350234225739078,3599,74.97369384765625,74.93968200683594,288.0,0.027777777777777776
3600,1.8178697681145688,0.39443097580510067,3600,75.06404113769531,75.02970886230469,288.0,0.024305555555555556
3601,1.730281355055432,0.3556577639201279,3601,74.86666870117188,74.83306884765625,288.0,0.027777777777777776
3602,1.918337822493942,0.36082071640503444,3602,74.7212142944336,74.68675231933594,288.0,0.034722222222222224
3603,1.8127016273516432,0.3614152042998276,3603,75.28804016113281,75.25318908691406,288.0,0.03819444444444445
3604,1.842483779726822,0.4872648855055082,3604,75.05859375,75.02456665039062,288.0,0.024305555555555556
3605,1.5799645360165977,0.36368245395162174,3605,74.70407104492188,74.66996765136719,288.0,0.020833333333333332
3606,1.8612582378866351,0.3977105301589473,3606,74.96723937988281,74.93305969238281,288.0,0.013888888888888888
3607,1.8562122652575357,0.3226761980869942,3607,75.62081909179688,75.58589172363281,288.0,0.03125
3608,0.891527942330749,1.1425669913157495,3608,75.22576904296875,75.19146728515625,288.0,0.020833333333333332
3609,1.8906880695707224,0.40116450489903765,3609,74.86863708496094,74.83480834960938,288.0,0.017361111111111112
3610,1.5429922366295017,0.4470089733343451,3610,75.21015930175781,75.17607116699219,288.0,0.006944444444444444
3611,1.8722962972425792,0.3370093564048959,3611,74.46331787109375,74.4293212890625,288.0,0.024305555555555556
3612,1.8344181914371467,0.32042390866078285,3612,74.67882537841797,74.64474487304688,288.0,0.03819444444444445
3613,1.4092909320615878,0.8807215229878578,3613,74.94833374023438,74.91462707519531,288.0,0.03125
3614,1.811824246844586,0.30658038018467443,3614,74.81665802001953,74.78233337402344,288.0,0.020833333333333332
3615,1.907855030083086,0.41406855685099375,3615,74.86514282226562,74.83090209960938,288.0,0.041666666666666664
3616,1.7659012800868128,0.3379135961973862,3616,74.91300964355469,74.87882995605469,288.0,0.024305555555555556
3617,1.8591139865859263,0.4156561407882716,3617,74.22080993652344,74.18704223632812,288.0,0.020833333333333332
3618,1.6087334433992728,0.424381618530211,3618,75.21296691894531,75.17874145507812,288.0,0.024305555555555556
3619,1.7246928130373427,0.2832490363005936,3619,74.05697631835938,74.02273559570312,288.0,0.013888888888888888
3620,1.8947458889542987,0.3417240811068065,3620,74.91802978515625,74.88395690917969,288.0,0.03125
3621,1.8603976575416032,0.33464255207926435,3621,75.42292022705078,75.38859558105469,288.0,0.04513888888888889
3622,1.7852362170992835,0.3511747476125618,3622,75.25566864013672,75.22116088867188,288.0,0.024305555555555556
3623,1.8594501979513,0.3634827832198458,3623,74.26028442382812,74.22703552246094,288.0,0.013888888888888888
3624,1.8794335383190228,0.5015575008594687,3624,74.13899230957031,74.10462951660156,288.0,0.034722222222222224
3625,0.9933597748946705,0.4163341183801464,3625,74.88771057128906,74.85356140136719,288.0,0.013888888888888888
3626,1.6150525418879833,0.41369898430859403,3626,74.74581146240234,74.71160888671875,288.0,0.034722222222222224
3627,1.892080699790447,0.4090811250385198,3627,74.92781066894531,74.89363098144531,288.0,0.03125
3628,1.5565198954031008,0.32576635693596445,3628,74.41351318359375,74.37899780273438,288.0,0.010416666666666666
3629,1.809874734775307,0.6644978194410572,3629,74.71162414550781,74.67711639404297,288.0,0.020833333333333332
3630,1.9368243779334524,0.3446212256068218,3630,75.60444641113281,75.56953430175781,288.0,0.027777777777777776
3631,1.6249963734623052,0.3202529860027707,3631,76.15447998046875,76.11962127685547,288.0,0.03125
3632,1.5710873697205274,0.29112527380302194,3632,73.58821868896484,73.55387878417969,288.0,0.020833333333333332
3633,1.8591583793814463,0.404981554179946,3633,74.46333312988281,74.42991638183594,288.0,0.05555555555555555
3634,1.8549639269606344,0.36537878254112505,3634,74.10458374023438,74.06970977783203,288.0,0.027777777777777776
3635,1.7972417340847366,0.30875062324669417,3635,73.88616943359375,73.85286712646484,288.0,0.024305555555555556
3636,1.9179807290531186,0.3360041229841055,3636,74.46258544921875,74.42926025390625,288.0,0.027777777777777776
3637,1.8067271463983847,0.5673000799546851,3637,74.3166275024414,74.28275299072266,288.0,0.04861111111111111
3638,1.9250501245109153,0.3571804052754959,3638,74.23504638671875,74.20099639892578,288.0,0.03125
3639,1.8893993671289107,0.4182024989751968,3639,74.15504455566406,74.12130737304688,288.0,0.03819444444444445
3640,1.8880166536912553,0.4746545451814801,3640,74.37798309326172,74.34484100341797,288.0,0.027777777777777776
3641,1.9524068154684526,0.37504788496703817,3641,74.21832275390625,74.18576049804688,288.0,0.03125
3642,1.92590835852675,0.37206556328213397,3642,73.84699249267578,73.81356811523438,288.0,0.024305555555555556
3643,1.4153211315007646,0.930273113970116,3643,74.80845642089844,74.77481842041016,288.0,0.03819444444444445
3644,1.8437843957339257,0.48754226850447197,3644,74.20870208740234,74.17533874511719,288.0,0.010416666666666666
3645,1.8970413177766379,0.4190947678990303,3645,73.7334213256836,73.70008087158203,288.0,0.024305555555555556
3646,1.8980434961586892,0.4050870419067714,3646,74.38201904296875,74.34846496582031,288.0,0.041666666666666664
3647,1.7584830221834162,0.3741277221213567,3647,74.7459716796875,74.71212768554688,288.0,0.020833333333333332
3648,1.870019544636583,0.3599907375340015,3648,74.88272857666016,74.84900665283203,288.0,0.020833333333333332
3649,1.865342466024215,0.4148669963423392,3649,74.8370361328125,74.80337524414062,288.0,0.024305555555555556
3650,1.8757837361579055,0.4252915105603416,3650,74.98985290527344,74.95579528808594,288.0,0.017361111111111112
3651,1.7928367844758748,0.684182039130887,3651,74.25982666015625,74.22640991210938,288.0,0.041666666666666664
3652,1.5657417419189594,0.3804258608843185,3652,73.84081268310547,73.80744934082031,288.0,0.020833333333333332
3653,0.8993427131280364,1.1191339600146288,3653,74.88578033447266,74.8525390625,288.0,0.03819444444444445
3654,1.5414539201220436,0.7938714741324102,3654,74.367919921875,74.33416748046875,288.0,0.017361111111111112
3655,1.863437405288828,0.4069997753010213,3655,73.73355102539062,73.69949340820312,288.0,0.027777777777777776
3656,1.4527231072638367,0.5270111840424061,3656,73.74183654785156,73.70817565917969,288.0,0.020833333333333332
3657,1.5866318098508687,0.5190202204590001,3657,73.7417221069336,73.7081298828125,288.0,0.010416666666666666
3658,1.6960628832134692,0.8840558941250097,3658,73.51106262207031,73.47769165039062,288.0,0.024305555555555556
3659,1.9017358789919636,0.4075640227099214,3659,73.68345642089844,73.64995574951172,288.0,0.020833333333333332
3660,1.8228038640405038,0.3935293236691157,3660,75.02413940429688,74.99032592773438,288.0,0.041666666666666664
3661,1.795041287584798,0.5553288797774137,3661,74.42146301269531,74.38702392578125,288.0,0.034722222222222224
3662,1.635221337384887,0.7731809663129585,3662,73.86277770996094,73.82845306396484,288.0,0.024305555555555556
3663,1.8080793262354677,0.3696296637256199,3663,74.16905212402344,74.13494873046875,288.0,0.024305555555555556
3664,1.625552006692199,0.4744716540559003,3664,74.04692077636719,74.01232147216797,288.0,0.010416666666666666
3665,1.9072651783341092,0.5414494553903824,3665,74.46498107910156,74.4311752319336,288.0,0.034722222222222224
3666,1.9073512081326496,0.4184221238985472,3666,74.23779296875,74.20394897460938,288.0,0.03125
3667,1.897378705688004,0.41466546105106666,3667,74.12619018554688,74.09192657470703,288.0,0.020833333333333332
3668,1.891280430830501,0.3985053785503898,3668,74.54142761230469,74.50743103027344,288.0,0.041666666666666664
3669,1.8628235905409365,0.4308244049512218,3669,73.81097412109375,73.77699279785156,288.0,0.013888888888888888
3670,1.9322451880045475,0.31046238354484773,3670,74.59436798095703,74.55967712402344,288.0,0.010416666666666666
3671,1.877169316170764,0.3607984672352488,3671,75.029296875,74.99420166015625,288.0,0.013888888888888888
3672,1.9061115527340933,0.39985845740518444,3672,74.71599578857422,74.68184661865234,288.0,0.013888888888888888
3673,1.789178636311301,0.5136761452573704,3673,74.88302612304688,74.84857940673828,288.0,0.020833333333333332
3674,1.8930412691847396,0.39990726589424747,3674,74.72080993652344,74.68721771240234,288.0,0.041666666666666664
3675,1.8554708350764888,0.38005745636502025,3675,74.82097625732422,74.78753662109375,288.0,0.034722222222222224
3676,1.803449964298521,0.4134214672856064,3676,75.27734375,75.24281311035156,288.0,0.010416666666666666
3677,1.8826781386933165,0.3079814602378349,3677,74.10791778564453,74.07350158691406,288.0,0.006944444444444444
3678,1.7924665347187303,0.3885439181518562,3678,75.20535278320312,75.17010498046875,288.0,0.020833333333333332
3679,1.5200297029079282,0.8586277233125643,3679,74.32160186767578,74.28770446777344,288.0,0.027777777777777776
3680,1.7327160801096855,0.446472135357117,3680,74.22624206542969,74.19216918945312,288.0,0.017361111111111112
3681,1.587185469823681,0.42904681057210625,3681,74.94215393066406,74.90816497802734,288.0,0.010416666666666666
3682,1.773643648701678,0.4706338718549093,3682,74.79206085205078,74.75708770751953,288.0,0.017361111111111112
3683,1.8818945648685177,0.4551944055458363,3683,74.20939636230469,74.17523193359375,288.0,0.034722222222222224
3684,1.7787218338563113,0.38164083930385095,3684,74.69868469238281,74.66343688964844,288.0,0.03819444444444445
3685,1.8158611370848778,0.6222967972537099,3685,74.86231994628906,74.8277587890625,288.0,0.024305555555555556
3686,1.9006196705538352,0.2967097900507917,3686,73.70280456542969,73.66829681396484,288.0,0.010416666666666666
3687,1.724622669676752,0.34210416083546263,3687,74.5684585571289,74.5333023071289,288.0,0.013888888888888888
3688,1.7307673285056078,0.3737682608445127,3688,74.03150939941406,73.9967041015625,288.0,0.006944444444444444
3689,1.52370951569549,0.6655009135314919,3689,74.8294677734375,74.79450988769531,288.0,0.027777777777777776
3690,1.805141213956205,0.3736339719264296,3690,73.79734802246094,73.7633285522461,288.0,0.013888888888888888
3691,1.7042720065891208,0.33542078479935905,3691,74.500244140625,74.46450805664062,288.0,0.003472222222222222
3692,1.4849069331795992,0.5224051594431826,3692,74.58352661132812,74.54795837402344,288.0,0.020833333333333332
3693,0.8884489046186255,1.0411308234549477,3693,74.47663116455078,74.4417953491211,288.0,0.020833333333333332
3694,1.7616435456736765,0.33208914708076626,3694,74.31510925292969,74.27925109863281,288.0,0.010416666666666666
3695,1.0184818912122402,0.9618999151036955,3695,73.95736694335938,73.92251586914062,288.0,0.03125
3696,1.8584055939289241,0.36039137952512224,3696,74.58615112304688,74.55111694335938,288.0,0.034722222222222224
3697,1.9116316467851509,0.3532707150792506,3697,74.02070617675781,73.98597717285156,288.0,0.027777777777777776
3698,1.8503094459349525,0.29973836725924546,3698,74.37992858886719,74.34535217285156,288.0,0.020833333333333332
3699,1.8523058401731727,0.30751409498876614,3699,73.96380615234375,73.92903900146484,288.0,0.027777777777777776
3700,1.8847472798507268,0.3049500236472895,3700,73.31063079833984,73.27645874023438,288.0,0.013888888888888888
3701,1.9252247099725277,0.37118335365741156,3701,73.26607513427734,73.2315673828125,288.0,0.013888888888888888
3702,1.8188924423261108,0.368986265858644,3702,73.93623352050781,73.90130615234375,288.0,0.027777777777777776
3703,1.8885604982313668,0.3444215149040167,3703,73.50953674316406,73.47529602050781,288.0,0.020833333333333332
3704,1.7763143843456382,0.3566340620863153,3704,73.6916275024414,73.65748596191406,288.0,0.0
3705,1.8900083619000472,0.323596341241626,3705,73.33106994628906,73.2971420288086,288.0,0.020833333333333332
3706,1.8212417257535196,0.38607050741295024,3706,73.65480041503906,73.62052917480469,288.0,0.013888888888888888
3707,1.7313884337065393,0.3418315815868618,3707,73.74805450439453,73.71293640136719,288.0,0.027777777777777776
3708,1.3815571922193643,0.7534559787848837,3708,74.62944030761719,74.59469604492188,288.0,0.017361111111111112
3709,1.6490029929494265,0.3618160576792828,3709,73.89151000976562,73.85667419433594,288.0,0.017361111111111112
3710,1.7970576121093518,0.32870806047094614,3710,74.84456634521484,74.80892944335938,288.0,0.013888888888888888
3711,1.4280409061665464,0.7428751145441876,3711,74.15457153320312,74.119873046875,288.0,0.034722222222222224
3712,1.8325772841178423,0.4063646131701072,3712,74.10851287841797,74.07359313964844,288.0,0.041666666666666664
3713,1.7730877725373224,0.538547370298967,3713,74.47854614257812,74.44373321533203,288.0,0.03819444444444445
3714,1.85094296382539,0.35731503120862473,3714,74.2138671875,74.17938995361328,288.0,0.024305555555555556
3715,1.7796747502496584,0.36574241731406226,3715,74.80696868896484,74.77254486083984,288.0,0.013888888888888888
3716,1.83315793776488,0.3556504401977799,3716,74.75423431396484,74.72026062011719,288.0,0.027777777777777776
3717,1.7525321712564788,0.3476794452642263,3717,74.70834350585938,74.6734390258789,288.0,0.03819444444444445
3718,1.7533482325160992,0.3563411359895942,3718,74.74347686767578,74.70916748046875,288.0,0.017361111111111112
3719,1.881926724862095,0.331729446560638,3719,74.95393371582031,74.91842651367188,288.0,0.013888888888888888
3720,1.3760622005209333,0.8307490876784348,3720,74.24564361572266,74.21105194091797,288.0,0.04513888888888889
3721,1.8312571855080892,0.3059839039060441,3721,74.83193969726562,74.79671478271484,288.0,0.013888888888888888
3722,0.8688446090102924,1.0978289492292586,3722,74.07798767089844,74.04287719726562,288.0,0.013888888888888888
3723,1.8584513124799413,0.33838832678578695,3723,74.63916778564453,74.60427856445312,288.0,0.03125
3724,1.8724835326102647,0.36110191805087916,3724,74.54483032226562,74.50961303710938,288.0,0.03125
3725,1.7050927536026395,0.5803068648693284,3725,74.40202331542969,74.36807250976562,288.0,0.03819444444444445
3726,1.8120361659265158,0.5495719188015027,3726,74.0015640258789,73.96748352050781,288.0,0.027777777777777776
3727,1.8367581841969154,0.3753756153431086,3727,74.30970764160156,74.27508544921875,288.0,0.024305555555555556
3728,1.8696098895855213,0.39161010698563364,3728,75.04910278320312,75.0140151977539,288.0,0.034722222222222224
3729,1.8029626168990351,0.38182646718742813,3729,75.08405303955078,75.04927062988281,288.0,0.034722222222222224
3730,1.8111622982275923,0.3649087515539771,3730,74.27438354492188,74.23958587646484,288.0,0.027777777777777776
3731,1.7202863777718471,0.3344555640072022,3731,75.45088195800781,75.41647338867188,288.0,0.013888888888888888
3732,1.466185306938212,0.38323950140576535,3732,74.45772552490234,74.42346954345703,288.0,0.017361111111111112
3733,1.778390019639232,0.3018402651358879,3733,75.63702392578125,75.6017837524414,288.0,0.020833333333333332
3734,1.8153784871918717,0.3856143812808254,3734,75.40431213378906,75.36866760253906,288.0,0.020833333333333332
3735,0.928902739671336,0.3393824123050574,3735,75.00606536865234,74.9708023071289,288.0,0.024305555555555556
3736,1.7567069402785245,0.3066230087832285,3736,75.5468521118164,75.51161193847656,288.0,0.013888888888888888
3737,1.7443174948771538,0.3967256180080857,3737,75.31010437011719,75.27490234375,288.0,0.03819444444444445
3738,1.7767256264913387,0.3387649043310345,3738,75.53018951416016,75.49403381347656,288.0,0.03125
3739,1.7209500026861149,0.36586799313089186,3739,75.49464416503906,75.45941162109375,288.0,0.020833333333333332
3740,1.7766879379396696,0.4309669491237718,3740,75.86685180664062,75.83134460449219,288.0,0.020833333333333332
3741,1.844967041022829,0.32051797384273656,3741,75.11205291748047,75.07763671875,288.0,0.020833333333333332
3742,1.7774938393699264,0.31783867878911415,3742,75.94136810302734,75.90644836425781,288.0,0.034722222222222224
3743,1.6876376837279947,0.3596642441842774,3743,74.76314544677734,74.72866821289062,288.0,0.013888888888888888
3744,1.85701443291923,0.37780141709424697,3744,75.4696044921875,75.43408966064453,288.0,0.020833333333333332
3745,1.7567998696587077,0.3513003556966788,3745,75.85174560546875,75.81654357910156,288.0,0.020833333333333332
3746,1.7846021845325108,0.3995931196062898,3746,75.79994201660156,75.76405334472656,288.0,0.013888888888888888
3747,1.4861206583704136,0.7608864562109741,3747,75.0972900390625,75.06175231933594,288.0,0.024305555555555556
3748,1.6680260230159056,0.34535037995566986,3748,76.28726959228516,76.25189208984375,288.0,0.027777777777777776
3749,1.7169166382827983,0.2982026094467637,3749,75.5193862915039,75.48433685302734,288.0,0.034722222222222224
3750,0.9575198839703639,0.5205324140006684,3750,75.9674301147461,75.93283081054688,288.0,0.017361111111111112
3751,1.7593598961108217,0.3488158808289478,3751,75.64183807373047,75.60690307617188,288.0,0.013888888888888888
3752,1.5891081882562608,0.33270005637621586,3752,75.84769439697266,75.81272888183594,288.0,0.027777777777777776
3753,1.5947727482783982,0.3151065551285865,3753,76.12853240966797,76.093994140625,288.0,0.017361111111111112
3754,1.2251232981695284,0.6463957787592269,3754,75.97503662109375,75.94002532958984,288.0,0.010416666666666666
3755,1.786564446564763,0.32865316901430464,3755,75.85298156738281,75.818359375,288.0,0.03125
3756,1.5753780578528866,0.38339239806408526,3756,75.31681823730469,75.28213500976562,288.0,0.052083333333333336
3757,1.8039687197738101,0.3547374315326254,3757,75.37459564208984,75.34017944335938,288.0,0.024305555555555556
3758,1.159568208331373,0.6036270487490804,3758,74.48372650146484,74.44961547851562,288.0,0.041666666666666664
3759,1.5823982362313487,0.44175209771179463,3759,74.86491394042969,74.83106994628906,288.0,0.03125
3760,1.847358570156754,0.36889613733196763,3760,74.79015350341797,74.75557708740234,288.0,0.017361111111111112
3761,1.7408104375694105,0.4069493272228033,3761,75.02032470703125,74.98555755615234,288.0,0.020833333333333332
3762,1.64535235516343,0.2979838624980768,3762,74.71803283691406,74.68342590332031,288.0,0.017361111111111112
3763,1.700257299607616,0.3399712343567566,3763,74.5616683959961,74.52742004394531,288.0,0.024305555555555556
3764,1.613288132154479,0.4144252011845237,3764,74.72888946533203,74.69508361816406,288.0,0.020833333333333332
3765,1.7903857894231416,0.36483400989969605,3765,74.52955627441406,74.49612426757812,288.0,0.010416666666666666
3766,1.7849794860783017,0.3100284828281604,3766,74.37040710449219,74.33650207519531,288.0,0.034722222222222224
3767,1.8930482494204108,0.40056642929047725,3767,74.29275512695312,74.25897979736328,288.0,0.013888888888888888
3768,1.5667058219813823,0.3074836915180111,3768,74.37062072753906,74.33683013916016,288.0,0.006944444444444444
3769,1.8416333417805282,0.3182158256843289,3769,74.96737670898438,74.93331909179688,288.0,0.017361111111111112
3770,1.5664829154947466,0.35282478970805214,3770,74.38677978515625,74.35273742675781,288.0,0.024305555555555556
3771,1.2091973761886523,0.9193382350788777,3771,74.72972106933594,74.69560241699219,288.0,0.034722222222222224
3772,1.5657561735033587,0.3132993577342197,3772,74.46443176269531,74.4303970336914,288.0,0.010416666666666666
3773,1.8005444067618244,0.3042327466400738,3773,73.83676147460938,73.8028793334961,288.0,0.013888888888888888
3774,1.2247053759076647,0.6410714166900684,3774,74.63180541992188,74.59818267822266,288.0,0.024305555555555556
3775,1.8394085341905202,0.5818896012051307,3775,74.81051635742188,74.77615356445312,288.0,0.034722222222222224
3776,1.7741191935605523,0.6753735599685454,3776,74.85425567626953,74.82029724121094,288.0,0.020833333333333332
3777,1.8817105928703164,0.4024711550263745,3777,74.87066650390625,74.83680725097656,288.0,0.027777777777777776
3778,1.8286452646223674,0.3252563059736185,3778,73.99685668945312,73.96368408203125,288.0,0.027777777777777776
3779,1.8899112903129263,0.32434792255586425,3779,75.40568542480469,75.37162780761719,288.0,0.013888888888888888
3780,1.8922814843969522,0.40492562223334827,3780,75.27903747558594,75.24488830566406,288.0,0.010416666666666666
3781,1.356907245558907,0.592592846687068,3781,74.6012954711914,74.56784057617188,288.0,0.034722222222222224
3782,1.8907360165820093,0.40770061840582467,3782,75.45330810546875,75.41973114013672,288.0,0.04513888888888889
3783,1.8903302234868038,0.41926738495496746,3783,74.54393005371094,74.5103759765625,288.0,0.017361111111111112
3784,1.9040466950540775,0.3322822114148972,3784,75.42545318603516,75.39163208007812,288.0,0.006944444444444444
3785,1.2699307693303128,0.4284108677677523,3785,74.5407943725586,74.50712585449219,288.0,0.03125
3786,1.8683258384754993,0.38044725381008826,3786,75.65711212158203,75.62425994873047,288.0,0.013888888888888888
3787,1.9296623975668652,0.3511594255670357,3787,74.84066009521484,74.80672454833984,288.0,0.020833333333333332
3788,1.9150385271530044,0.32629654963441107,3788,74.74295043945312,74.70917510986328,288.0,0.013888888888888888
3789,1.916576763643111,0.4356334599416133,3789,74.55807495117188,74.5241470336914,288.0,0.04513888888888889
3790,1.8461714602786838,0.36678510293369143,3790,75.5477523803711,75.51362609863281,288.0,0.017361111111111112
3791,1.7365682148073462,0.5038138101631227,3791,74.77195739746094,74.73796844482422,288.0,0.010416666666666666
3792,1.8499233398979922,0.3929760735033659,3792,75.69087982177734,75.65654754638672,288.0,0.024305555555555556
3793,0.9667470305824077,0.2532685143900745,3793,75.57232666015625,75.53800964355469,288.0,0.020833333333333332
3794,1.7016546697881492,0.32158746251874387,3794,75.28089904785156,75.24665832519531,288.0,0.013888888888888888
3795,1.8388936559839797,0.3890585000513845,3795,75.49163818359375,75.45831298828125,288.0,0.027777777777777776
3796,1.7082989145288692,0.3918328462788205,3796,75.18902587890625,75.15583801269531,288.0,0.010416666666666666
3797,1.9151204058091504,0.38266909510141905,3797,75.13581848144531,75.10139465332031,288.0,0.010416666666666666
3798,1.849060218780776,0.3084980848894213,3798,75.4842758178711,75.45065307617188,288.0,0.017361111111111112
3799,1.836303104295907,0.2994059217369032,3799,75.26363372802734,75.23004150390625,288.0,0.013888888888888888
3800,1.902643225865374,0.39966089427358004,3800,74.63174438476562,74.5977783203125,288.0,0.020833333333333332
3801,1.331977409612688,0.8687401056707698,3801,75.99562072753906,75.96116638183594,288.0,0.03819444444444445
3802,1.5345301799073487,0.31384710540390753,3802,74.49700927734375,74.46319580078125,288.0,0.013888888888888888
3803,1.8953291312652907,0.4139811098627083,3803,74.89410400390625,74.85992431640625,288.0,0.034722222222222224
3804,1.881887955007495,0.35479967352173714,3804,74.8628921508789,74.82967376708984,288.0,0.020833333333333332
3805,1.8555937032885363,0.39654289299681134,3805,75.9218521118164,75.88745880126953,288.0,0.017361111111111112
3806,1.5102683372804153,0.6174163154147048,3806,74.71912384033203,74.68508911132812,288.0,0.034722222222222224
3807,1.8561033994292484,0.3826739580540148,3807,74.67561340332031,74.64173889160156,288.0,0.034722222222222224
3808,1.8747277242023845,0.39537049369698424,3808,75.95262908935547,75.91851806640625,288.0,0.020833333333333332
3809,1.894814777577457,0.39423999399507675,3809,75.1700668334961,75.13565826416016,288.0,0.024305555555555556
3810,1.8554882514261704,0.3638807058927092,3810,75.1252212524414,75.09078979492188,288.0,0.020833333333333332
3811,1.6609791138123113,0.43171286157158195,3811,74.4197998046875,74.38583374023438,288.0,0.024305555555555556
3812,1.9027501878039415,0.3671153545685094,3812,74.84854888916016,74.81483459472656,288.0,0.006944444444444444
3813,1.8025690104611034,0.44602321549008617,3813,75.06514739990234,75.03117370605469,288.0,0.006944444444444444
3814,1.413201271802775,0.6477553679127691,3814,74.0523681640625,74.01875305175781,288.0,0.013888888888888888
3815,1.6008114563900713,0.5672811782043019,3815,75.44073486328125,75.40699768066406,288.0,0.013888888888888888
3816,1.9221925937206323,0.3485828032038322,3816,74.57058715820312,74.53646850585938,288.0,0.013888888888888888
3817,1.8555882411572466,0.6162146800529955,3817,74.89154052734375,74.85804748535156,288.0,0.013888888888888888
3818,1.908123985010852,0.37245417889070437,3818,75.22605895996094,75.19294738769531,288.0,0.024305555555555556
3819,1.7420774884879373,0.3197581353527534,3819,74.04977416992188,74.01582336425781,288.0,0.020833333333333332
3820,1.8118671535210433,0.3662191629925722,3820,73.68778228759766,73.65428161621094,288.0,0.03125
3821,1.9075272248478146,0.4075534050317897,3821,75.0428695678711,75.00871276855469,288.0,0.027777777777777776
3822,1.8073194833019426,0.4341915262968807,3822,74.83795166015625,74.80384826660156,288.0,0.013888888888888888
3823,1.9392338401817482,0.34887296939688595,3823,74.1690444946289,74.13516235351562,288.0,0.003472222222222222
3824,1.8843784123806715,0.36818732933714704,3824,74.94628143310547,74.91098022460938,288.0,0.027777777777777776
3825,1.827009625979992,0.4154600539111017,3825,74.32536315917969,74.29068756103516,288.0,0.010416666666666666
3826,1.7418429427427127,0.4335388034476158,3826,75.21699523925781,75.18353271484375,288.0,0.010416666666666666
3827,1.6344350398332268,0.42640651249600475,3827,74.25062561035156,74.21636962890625,288.0,0.013888888888888888
3828,1.8614202315258852,0.3758019774114393,3828,73.91400146484375,73.87940979003906,288.0,0.024305555555555556
3829,1.9197817857525723,0.3815692202555788,3829,75.08760833740234,75.05328369140625,288.0,0.024305555555555556
3830,1.884884629309217,0.43686752233022863,3830,74.65066528320312,74.61637878417969,288.0,0.03125
3831,1.8965953102711437,0.3382564266032105,3831,75.47541809082031,75.44024658203125,288.0,0.024305555555555556
3832,1.721059122746364,0.35328343580426724,3832,74.71678161621094,74.681640625,288.0,0.010416666666666666
3833,1.5854786690510039,0.41733454579119633,3833,74.9722900390625,74.9380874633789,288.0,0.03125
3834,1.6688725436487948,0.3275138316508648,3834,74.73194885253906,74.6973876953125,288.0,0.017361111111111112
3835,1.2283691524561364,0.3897996577268735,3835,75.05538940429688,75.0212173461914,288.0,0.020833333333333332
3836,1.9047218179049399,0.40824154283322944,3836,75.46117401123047,75.42655181884766,288.0,0.03125
3837,1.8707221995238714,0.3542497123804611,3837,75.16032409667969,75.12483215332031,288.0,0.006944444444444444
3838,1.6449599186403896,0.6519984203005547,3838,74.78499603271484,74.75022888183594,288.0,0.013888888888888888
3839,1.7562605565067384,0.36005983371845723,3839,75.28680419921875,75.25244140625,288.0,0.010416666666666666
3840,1.8082179248231176,0.3534853159895775,3840,74.4052734375,74.37096405029297,288.0,0.013888888888888888
3841,1.874749554859986,0.3145640696441932,3841,75.858154296875,75.82386016845703,288.0,0.027777777777777776
3842,1.812977744051499,0.31120681299304415,3842,75.39590454101562,75.3605728149414,288.0,0.013888888888888888
3843,1.8571454892482622,0.41920058047912206,3843,75.30247497558594,75.26670837402344,288.0,0.027777777777777776
3844,1.6684975867090328,0.3086214099751641,3844,75.11595153808594,75.08039855957031,288.0,0.020833333333333332
3845,1.8853418161881135,0.42483777980249265,3845,74.34504699707031,74.31025695800781,288.0,0.034722222222222224
3846,1.8442825065156414,0.3717856749692482,3846,75.9622802734375,75.92662048339844,288.0,0.017361111111111112
3847,1.8348604180908457,0.31821383112558604,3847,75.58692932128906,75.55143737792969,288.0,0.041666666666666664
3848,1.8939828142502475,0.3887953869225244,3848,75.04541778564453,75.00970458984375,288.0,0.03819444444444445
3849,1.8380270887546613,0.40369972458257036,3849,76.02154541015625,75.98564910888672,288.0,0.034722222222222224
3850,0.8516666499745615,1.1669679616344424,3850,75.48550415039062,75.44923400878906,288.0,0.017361111111111112
3851,1.8247881968665842,0.37040795887126665,3851,75.56324005126953,75.52737426757812,288.0,0.020833333333333332
3852,1.7839115474864147,0.3181307932952509,3852,74.98056030273438,74.94475555419922,288.0,0.010416666666666666
3853,1.7767632429454647,0.3972061541968761,3853,74.25447082519531,74.21861267089844,288.0,0.020833333333333332
3854,1.8243937022998387,0.3698829628286755,3854,75.46920013427734,75.43380737304688,288.0,0.017361111111111112
3855,1.254586554849882,1.1014113126800122,3855,74.91959381103516,74.88337707519531,288.0,0.034722222222222224
3856,1.27082738943571,0.5693622887783979,3856,74.90986633300781,74.87387084960938,288.0,0.024305555555555556
3857,1.730949988611786,0.3960877424459216,3857,76.37141418457031,76.33483123779297,288.0,0.027777777777777776
3858,1.6003336062929323,0.27723596175028414,3858,75.78656768798828,75.75091552734375,288.0,0.027777777777777776
3859,1.5569001861586678,0.7182901265366495,3859,75.02906799316406,74.99319458007812,288.0,0.020833333333333332
3860,1.3389433070181986,0.9723020406596417,3860,74.9372329711914,74.90145874023438,288.0,0.024305555555555556
3861,1.6459958440421592,0.3899690516223924,3861,74.94528198242188,74.90911102294922,288.0,0.003472222222222222
3862,1.2615261773933577,0.6128224524518461,3862,75.02252197265625,74.98682403564453,288.0,0.024305555555555556
3863,1.5480108848646006,0.3208824181024516,3863,75.02278137207031,74.98757934570312,288.0,0.024305555555555556
3864,1.8929495270720045,0.3462261641796986,3864,75.15618896484375,75.12065124511719,288.0,0.017361111111111112
3865,1.0174207424349624,0.9304421915212975,3865,75.4908447265625,75.45524597167969,288.0,0.041666666666666664
3866,1.7575910123944767,0.3761389639324709,3866,75.08743286132812,75.05181884765625,288.0,0.013888888888888888
3867,1.8625360765761525,0.34525522550573723,3867,74.56011962890625,74.52435302734375,288.0,0.020833333333333332
3868,1.344442049894564,0.4652080176926492,3868,75.55288696289062,75.51673126220703,288.0,0.020833333333333332
3869,1.7995186846304145,0.30166657702549693,3869,74.89022827148438,74.85545349121094,288.0,0.024305555555555556
3870,1.8707603719614494,0.34353668092226425,3870,75.21019744873047,75.17473602294922,288.0,0.006944444444444444
3871,1.8574250385981435,0.34354855032454085,3871,75.15016174316406,75.11450958251953,288.0,0.020833333333333332
3872,1.6088702382794935,0.36396816221099754,3872,75.258544921875,75.22308349609375,288.0,0.013888888888888888
3873,1.7098872352828602,0.29637077589909694,3873,75.36221313476562,75.32662963867188,288.0,0.013888888888888888
3874,1.2911094989039649,1.0243311750320092,3874,75.3345947265625,75.29927825927734,288.0,0.013888888888888888
3875,0.9422015687370536,0.2962504583093438,3875,74.4308090209961,74.39627075195312,288.0,0.024305555555555556
3876,1.7579915584636396,0.33176110255698393,3876,75.29757690429688,75.26229858398438,288.0,0.017361111111111112
3877,1.7732642439236133,0.3102218177336513,3877,75.09442138671875,75.05901336669922,288.0,0.020833333333333332
3878,1.4120048344281824,0.41610410602148856,3878,75.05615234375,75.02088165283203,288.0,0.010416666666666666
3879,1.3772480703435679,0.4414375619099802,3879,75.12493896484375,75.09002685546875,288.0,0.020833333333333332
3880,1.7483645717638983,0.3860582913560777,3880,74.73098754882812,74.69534301757812,288.0,0.024305555555555556
3881,1.8103789532631258,0.3851157024321453,3881,75.21833801269531,75.18292236328125,288.0,0.020833333333333332
3882,1.3359249932412993,0.5757680468600345,3882,74.58079528808594,74.54551696777344,288.0,0.03125
3883,1.7404844608870473,0.36921397102679854,3883,74.97248840332031,74.93818664550781,288.0,0.03125
3884,1.6627058679209326,0.5443712957552463,3884,75.5505599975586,75.51622009277344,288.0,0.024305555555555556
3885,1.8848109638078614,0.35366555833864205,3885,74.62862396240234,74.59439849853516,288.0,0.017361111111111112
3886,1.8192782091518578,0.378504584738705,3886,75.46304321289062,75.42857360839844,288.0,0.013888888888888888
3887,1.6379963781723665,0.3410162414609846,3887,74.78178405761719,74.747314453125,288.0,0.006944444444444444
3888,1.8743346575714028,0.30616328557262457,3888,75.1875,75.15280151367188,288.0,0.027777777777777776
3889,1.6750991215487225,0.37571629237406035,3889,74.66825866699219,74.63384246826172,288.0,0.006944444444444444
3890,0.9222206910874081,1.014925311248177,3890,75.20088195800781,75.16719055175781,288.0,0.020833333333333332
3891,1.7306477202675108,0.5226782349333234,3891,75.14883422851562,75.1144027709961,288.0,0.020833333333333332
3892,1.5847957834126833,0.3821363534593401,3892,74.41222381591797,74.37748718261719,288.0,0.020833333333333332
3893,1.756609827226534,0.2893454664342776,3893,73.93726348876953,73.90257263183594,288.0,0.020833333333333332
3894,1.7932764580452674,0.3805204673952033,3894,74.23846435546875,74.20407104492188,288.0,0.010416666666666666
3895,1.3454283320420661,0.6143967002613898,3895,75.3271484375,75.29280090332031,288.0,0.024305555555555556
3896,1.8369801420752883,0.3164225385728157,3896,75.37203979492188,75.33816528320312,288.0,0.027777777777777776
3897,1.462844418281654,0.4745765277225567,3897,74.57232666015625,74.53846740722656,288.0,0.024305555555555556
3898,1.8098229445048233,0.34270429315940343,3898,74.01194763183594,73.97842407226562,288.0,0.04513888888888889
3899,1.8743436757419143,0.3727123648413321,3899,74.781982421875,74.74748229980469,288.0,0.024305555555555556
3900,1.4686015707852973,0.39260478479263444,3900,74.96593475341797,74.93170166015625,288.0,0.020833333333333332
3901,1.7215408244403272,0.31091710372467285,3901,75.2323226928711,75.19747924804688,288.0,0.024305555555555556
3902,1.6591782434176492,0.36297085933875217,3902,74.89828491210938,74.86402130126953,288.0,0.013888888888888888
3903,1.7064493597843868,0.6227910530277013,3903,74.97771453857422,74.9434814453125,288.0,0.013888888888888888
3904,1.770129863974233,0.4413130047283958,3904,75.05026245117188,75.01599884033203,288.0,0.003472222222222222
3905,1.8512085582742996,0.43659310813411,3905,75.06265258789062,75.02854919433594,288.0,0.013888888888888888
3906,1.755865575979072,0.35979080819794157,3906,74.87962341308594,74.84587097167969,288.0,0.027777777777777776
3907,1.7397385275470418,0.2832796341852926,3907,74.90325927734375,74.86951446533203,288.0,0.010416666666666666
3908,1.8044563002157605,0.3821039458676023,3908,74.60726928710938,74.57292175292969,288.0,0.027777777777777776
3909,1.8548958930578268,0.3897929128176589,3909,74.90154266357422,74.86701965332031,288.0,0.010416666666666666
3910,1.446588015665109,0.558098170953819,3910,75.21934509277344,75.18470764160156,288.0,0.010416666666666666
3911,1.721198421177946,0.35965641127077913,3911,75.04827880859375,75.0141372680664,288.0,0.006944444444444444
3912,1.1953507630540088,0.4618654488611091,3912,74.71076202392578,74.6770248413086,288.0,0.027777777777777776
3913,1.2117256099707525,0.25348841704363884,3913,75.29055786132812,75.25662231445312,288.0,0.013888888888888888
3914,1.718854214110442,0.5790202282339626,3914,75.24755859375,75.21295166015625,288.0,0.017361111111111112
3915,1.8402812770053198,0.3873648373195181,3915,75.11566162109375,75.08123779296875,288.0,0.024305555555555556
3916,1.8199150198388163,0.37008755980056113,3916,74.8211669921875,74.78669738769531,288.0,0.017361111111111112
3917,1.6528139045357273,0.4543631276097933,3917,75.23390197753906,75.19985961914062,288.0,0.024305555555555556
3918,1.7124681785880673,0.3471996495043643,3918,75.38909149169922,75.35346984863281,288.0,0.017361111111111112
3919,0.8942975357931471,1.144546005960638,3919,75.24615478515625,75.21178436279297,288.0,0.027777777777777776
3920,1.853249194203229,0.33250603748682994,3920,74.61009216308594,74.57562255859375,288.0,0.017361111111111112
3921,1.4300224302401854,0.45141596563959474,3921,74.73123168945312,74.69650268554688,288.0,0.024305555555555556
3922,1.0833704871882504,0.39358180587672476,3922,75.28117370605469,75.2474136352539,288.0,0.024305555555555556
3923,1.5287769050232423,0.37932566405323775,3923,75.32416534423828,75.29045104980469,288.0,0.024305555555555556
3924,1.797559112255885,0.3801043373152203,3924,73.92155456542969,73.88758087158203,288.0,0.010416666666666666
3925,1.8566856714324342,0.37786141802670914,3925,75.10758972167969,75.07389831542969,288.0,0.013888888888888888
3926,1.4226867196646344,0.28316554008329636,3926,74.48995971679688,74.45660400390625,288.0,0.006944444444444444
3927,1.6874637316257628,0.3388251859517277,3927,74.62347412109375,74.58995056152344,288.0,0.006944444444444444
3928,0.9057426568518275,1.0578397186866046,3928,75.57809448242188,75.54400634765625,288.0,0.017361111111111112
3929,1.5158281771609534,0.3355249800589937,3929,75.89093017578125,75.8570556640625,288.0,0.017361111111111112
3930,1.8918545760895222,0.34421431509907,3930,75.05020141601562,75.01622009277344,288.0,0.013888888888888888
3931,1.860405520247886,0.3715083202070665,3931,74.90850067138672,74.87491607666016,288.0,0.013888888888888888
3932,1.589175786987771,0.3531208884594456,3932,74.74349975585938,74.70948791503906,288.0,0.020833333333333332
3933,1.6644065524332692,0.38713620249595937,3933,74.863525390625,74.83027648925781,288.0,0.017361111111111112
3934,1.8704727472834561,0.31350034699995705,3934,74.62138366699219,74.58807373046875,288.0,0.017361111111111112
3935,1.7833266159150638,0.3303077882655219,3935,75.82504272460938,75.79042053222656,288.0,0.010416666666666666
3936,1.855649810284007,0.3019864960652765,3936,74.81059265136719,74.77682495117188,288.0,0.020833333333333332
3937,1.8283535596215676,0.5025292288494502,3937,74.26126098632812,74.2267837524414,288.0,0.03125
3938,1.9115616357649605,0.40180965235308397,3938,74.33685302734375,74.30352020263672,288.0,0.020833333333333332
3939,1.81298477410377,0.3971007853682574,3939,74.7888412475586,74.75540161132812,288.0,0.006944444444444444
3940,1.8488340745633591,0.3849639689958155,3940,75.3502197265625,75.3160171508789,288.0,0.024305555555555556
3941,1.730690683719573,0.34509206742220283,3941,74.61181640625,74.57794189453125,288.0,0.010416666666666666
3942,1.819322075308689,0.44323691552211747,3942,74.59779357910156,74.56436920166016,288.0,0.034722222222222224
3943,1.8777319618701855,0.3281477806391757,3943,74.5643310546875,74.531005859375,288.0,0.006944444444444444
3944,1.8521376693430278,0.3078000680302711,3944,73.88801574707031,73.85507202148438,288.0,0.020833333333333332
3945,1.883757718111518,0.37971994049885566,3945,74.52002716064453,74.48542022705078,288.0,0.027777777777777776
3946,1.8945671657211045,0.3905563717286284,3946,74.58114624023438,74.54780578613281,288.0,0.03125
3947,1.6723113256520152,0.4012095815161129,3947,73.88308715820312,73.84921264648438,288.0,0.020833333333333332
3948,1.892008892095822,0.38277529768198487,3948,74.37980651855469,74.34638977050781,288.0,0.017361111111111112
3949,1.76347600077386,0.4238753272472993,3949,74.55164337158203,74.51716613769531,288.0,0.027777777777777776
3950,1.8154962629283498,0.34533725082282013,3950,74.99446105957031,74.96055603027344,288.0,0.013888888888888888
3951,1.8431410331324207,0.30869901483501094,3951,75.02348327636719,74.98927307128906,288.0,0.013888888888888888
3952,1.7747517486160003,0.3135507739452805,3952,73.88941192626953,73.85540771484375,288.0,0.013888888888888888
3953,1.867481701053156,0.38131173795981355,3953,74.18626403808594,74.15228271484375,288.0,0.006944444444444444
3954,1.89111518654443,0.35492313886384186,3954,74.4069595336914,74.3735580444336,288.0,0.013888888888888888
3955,1.8131121589982782,0.3216622678334671,3955,74.009033203125,73.97509765625,288.0,0.010416666666666666
3956,1.8927454972722144,0.345629168641643,3956,74.3289566040039,74.2949447631836,288.0,0.034722222222222224
3957,1.8835899618416652,0.34182613292081815,3957,73.39824676513672,73.3639144897461,288.0,0.020833333333333332
3958,1.8749492129250527,0.4123380297185562,3958,74.71410369873047,74.679931640625,288.0,0.024305555555555556
3959,1.29690900921775,0.4938227911335992,3959,74.46493530273438,74.43109130859375,288.0,0.010416666666666666
3960,1.885023445544628,0.3569375021860573,3960,74.41871643066406,74.38433837890625,288.0,0.003472222222222222
3961,1.892840599619778,0.3981881782279243,3961,75.01190185546875,74.9776382446289,288.0,0.013888888888888888
3962,1.8883024839983038,0.3815584809186662,3962,74.50767517089844,74.4732437133789,288.0,0.017361111111111112
3963,1.1908786308338595,1.0640895265479284,3963,74.84600830078125,74.81143188476562,288.0,0.020833333333333332
3964,1.7303905898182588,0.31021101279115293,3964,74.91259765625,74.8773193359375,288.0,0.013888888888888888
3965,1.925394510455138,0.37413686660767415,3965,75.37980651855469,75.34490966796875,288.0,0.020833333333333332
3966,1.656194651402456,0.5525314438946405,3966,74.63038635253906,74.5954360961914,288.0,0.03819444444444445
3967,1.8400423021706596,0.39082178486323604,3967,74.99797058105469,74.96310424804688,288.0,0.013888888888888888
3968,1.7892234733349852,0.3695389967309996,3968,75.2164306640625,75.18124389648438,288.0,0.013888888888888888
3969,1.7443806236847892,0.31756835022239005,3969,73.97438049316406,73.93928527832031,288.0,0.024305555555555556
3970,1.8338117803533964,0.3078629483187788,3970,74.32551574707031,74.29137420654297,288.0,0.024305555555555556
3971,1.6481902699065083,0.3150110259304295,3971,74.176513671875,74.14213562011719,288.0,0.020833333333333332
3972,1.2061642129310066,0.5176465738476186,3972,74.89324188232422,74.8583755493164,288.0,0.013888888888888888
3973,1.6937675761767557,0.30866771216242805,3973,74.11865234375,74.0843505859375,288.0,0.017361111111111112
3974,1.070786958236119,0.3865191990474892,3974,74.39128875732422,74.3565673828125,288.0,0.020833333333333332
3975,1.8727895518774456,0.3795874320990241,3975,73.74974060058594,73.71514892578125,288.0,0.006944444444444444
3976,1.0663817828600533,0.3385411254115784,3976,74.06781005859375,74.033203125,288.0,0.017361111111111112
3977,1.4912882851275056,0.45608619593124994,3977,74.70849609375,74.67417907714844,288.0,0.006944444444444444
3978,1.2180422445744952,0.5030997564643017,3978,74.2506332397461,74.21624755859375,288.0,0.017361111111111112
3979,1.8320211879465635,0.36044497354741667,3979,74.48408508300781,74.44986724853516,288.0,0.010416666666666666
3980,1.7830967031080693,0.3236871514755955,3980,73.76141357421875,73.72712707519531,288.0,0.013888888888888888
3981,1.851361743611645,0.5568320201468775,3981,73.76372528076172,73.72959899902344,288.0,0.006944444444444444
3982,1.771525384982128,0.41938703428828483,3982,75.03915405273438,75.00481414794922,288.0,0.006944444444444444
3983,1.8979081269408609,0.3386782717658741,3983,74.17506408691406,74.14100646972656,288.0,0.013888888888888888
3984,1.843509456216369,0.3989282415271024,3984,75.06201171875,75.02729797363281,288.0,0.020833333333333332
3985,1.8443180654211109,0.30370147074523457,3985,74.53974914550781,74.50614929199219,288.0,0.020833333333333332
3986,1.8480694814072633,0.38974127110881707,3986,73.4072494506836,73.37361145019531,288.0,0.017361111111111112
3987,1.600182207384214,0.33646382019477844,3987,74.26849365234375,74.23479461669922,288.0,0.017361111111111112
3988,1.6857158675466564,0.40062471769926566,3988,74.16881561279297,74.1351089477539,288.0,0.013888888888888888
3989,1.7540799654427197,0.3621787486089979,3989,73.7869644165039,73.75302124023438,288.0,0.017361111111111112
3990,1.8700489833006664,0.37986831929411513,3990,74.24180603027344,74.20703125,288.0,0.024305555555555556
3991,1.5148316621073457,0.6643948157858443,3991,73.80435180664062,73.77095794677734,288.0,0.024305555555555556
3992,1.7783463764485177,0.3346737114332311,3992,73.43080139160156,73.39653778076172,288.0,0.010416666666666666
3993,1.5871250478092798,0.9717272976460862,3993,74.69810485839844,74.66423034667969,288.0,0.027777777777777776
3994,1.8776940778008742,0.3791215256509697,3994,73.92899322509766,73.89531707763672,288.0,0.024305555555555556
3995,1.8807334851875166,0.5379175467852105,3995,73.96145629882812,73.92798614501953,288.0,0.020833333333333332
3996,1.887229476166196,0.5634997553238273,3996,74.28173065185547,74.24858093261719,288.0,0.020833333333333332
3997,1.8690848259239015,0.4670812475433108,3997,74.20426940917969,74.17062377929688,288.0,0.024305555555555556
3998,1.7662201642481632,0.35107108178003193,3998,74.36817932128906,74.33522033691406,288.0,0.013888888888888888
3999,1.9173130961841798,0.31996147145961623,3999,73.09712982177734,73.06382751464844,288.0,0.010416666666666666
