#{"t_start": 1732214335.28838, "env_id": "None"}
r,l,t
-1006.133741,288,13821.392304
-1108.159341,288,13821.666961
-1164.667456,288,13821.944813
-1278.644339,288,13822.218726
-1182.213246,288,13822.493284
-1324.601199,288,13822.766291
-1198.372913,288,13823.03874
-717.365626,288,13823.961227
-1081.427914,288,13824.234221
-937.772791,288,13824.506002
-937.342835,288,13824.777944
-730.431649,288,13825.050748
-898.46934,288,13825.322953
-830.565147,288,13825.594285
-969.799172,288,13826.417471
-702.832917,288,13826.691673
-906.485007,288,13826.963294
43.529803,288,13827.236987
26.67704,288,13827.413759
24.740075,288,13827.589808
48.864508,288,13827.766376
-17.23252,288,13827.942297
-670.445006,288,13828.235744
-756.264585,288,13828.512398
-658.878657,288,13828.783211
-884.817979,288,13829.815098
-466.24688,288,13830.090109
-711.859137,288,13830.35796
-461.811965,288,13830.629942
-722.755133,288,13830.896885
-453.28145,288,13831.165414
-538.791927,288,13831.433019
-656.743118,288,13831.703856
-473.178236,288,13832.523699
-443.292397,288,13832.791354
-332.167097,288,13833.060689
-334.067829,288,13833.327686
-341.836925,288,13833.596204
-721.344653,288,13833.864328
-32.195875,288,13834.132671
38.812813,288,13834.306794
-11.86771,288,13834.481695
30.046212,288,13834.65563
-1.080208,288,13834.830234
-410.412796,288,13835.659424
-381.396034,288,13835.928014
-396.195993,288,13836.196984
-389.248345,288,13836.465555
-265.072198,288,13836.733854
-235.890254,288,13837.000759
-352.554775,288,13837.269825
-473.678411,288,13838.07742
-262.921212,288,13838.348399
-299.291523,288,13838.61536
-360.104427,288,13838.883491
-359.032451,288,13839.153124
-309.903072,288,13839.420037
-276.608585,288,13839.687697
-376.31663,288,13839.955676
-237.992212,288,13840.766461
-285.418436,288,13841.034111
-9.761787,288,13841.306675
-4.487084,288,13841.481687
0.0,288,13841.657142
0.0,288,13841.833986
0.0,288,13842.009209
-75.514672,288,13842.291182
-125.815327,288,13842.5683
-304.662428,288,13842.833982
-144.043162,288,13843.100046
-247.78779,288,13843.912515
-181.844187,288,13844.213456
-98.039435,288,13844.652369
-180.136929,288,13844.930104
-210.95922,288,13845.199108
-151.513999,288,13845.46848
-209.976128,288,13845.739016
-95.213571,288,13846.552979
-137.87205,288,13846.819749
-344.631056,288,13847.089668
-249.500163,288,13847.35858
-320.547981,288,13847.629439
-270.467345,288,13847.896146
-2.162159,288,13848.167239
0.0,288,13848.339672
-2.514276,288,13848.51614
-2.529679,288,13848.689738
-8.601868,288,13848.865074
-101.177392,288,13849.147595
-26.509292,288,13849.970125
-4.01127,288,13850.238934
-15.498945,288,13850.507506
-11.593981,288,13850.775776
-321.295803,288,13851.044112
-240.034534,288,13851.311201
-57.438186,288,13851.580454
-113.695167,288,13852.391478
15.082856,288,13852.661645
-40.286932,288,13852.927429
-182.639853,288,13853.195053
-107.680872,288,13853.462958
16.325303,288,13853.732636
-193.342204,288,13853.998227
-12.235207,288,13854.809366
2.510496,288,13855.079026
-8.860093,288,13855.350842
-4.925042,288,13855.526255
-12.342259,288,13855.701671
-3.727751,288,13855.876474
-1.389439,288,13856.049325
-282.311004,288,13856.333483
-57.38946,288,13856.608321
62.528805,288,13856.875946
-12.012291,288,13857.142479
-29.483958,288,13857.410511
-227.525031,288,13858.220542
93.605797,288,13858.488968
-53.237433,288,13858.75791
46.90887,288,13859.029069
-81.454882,288,13859.41633
-179.435069,288,13859.777714
-21.786298,288,13860.049437
-160.266333,288,13860.863532
-100.952874,288,13861.132071
65.057614,288,13861.402777
-106.830405,288,13861.674514
7.935367,288,13861.94068
-2.151585,288,13862.215296
0.0,288,13862.389749
-6.875258,288,13862.567549
0.0,288,13862.744734
0.0,288,13862.922533
-63.887406,288,13863.218639
-128.620068,288,13863.494241
-43.541605,288,13864.312972
27.026225,288,13864.584636
-216.501276,288,13864.855553
2.472597,288,13865.125865
-316.061441,288,13865.395588
59.060047,288,13865.669257
-15.198769,288,13865.940253
-119.887177,288,13866.746424
-46.724134,288,13867.011165
-99.977633,288,13867.278764
-29.055144,288,13867.543194
-51.027668,288,13867.810009
-12.380237,288,13868.076599
1.124152,288,13868.352112
79.530634,288,13869.155071
-2.715118,288,13869.428181
-5.214637,288,13869.605955
-4.336973,288,13869.782311
0.0,288,13869.958005
0.0,288,13870.134114
-173.479035,288,13870.424888
106.574758,288,13870.697586
74.742275,288,13870.967072
34.833209,288,13871.232771
-22.683636,288,13871.499286
-109.283923,288,13871.767697
-21.393005,288,13872.575649
53.460743,288,13872.845104
-43.525933,288,13873.112913
57.558754,288,13873.378148
-11.58835,288,13873.646395
29.201311,288,13873.917078
-70.485783,288,13874.2118
9.527041,288,13875.21307
-62.276842,288,13875.481885
67.492454,288,13875.751142
52.823225,288,13876.019062
-21.118983,288,13876.292584
-9.055627,288,13876.468814
-1.043082,288,13876.64516
-7.778952,288,13876.820443
-6.79909,288,13876.994748
65.000188,288,13877.276124
46.877072,288,13877.552045
-2.948853,288,13877.820575
17.773983,288,13878.611005
27.415585,288,13878.879115
-11.188568,288,13879.147247
-18.503606,288,13879.417817
-172.731321,288,13879.688076
-15.936831,288,13879.956462
-6.094372,288,13880.225831
75.405224,288,13881.019062
25.42548,288,13881.28595
15.058455,288,13881.553252
5.762142,288,13881.820526
16.283866,288,13882.087268
-26.432134,288,13882.355345
-31.812378,288,13882.624217
-16.331253,288,13882.895905
-6.257981,288,13883.074816
-4.462536,288,13883.251498
-0.15431,288,13883.427935
-5.673807,288,13883.603932
-9.067937,288,13884.415698
21.743521,288,13884.682155
-10.738961,288,13884.951801
41.025959,288,13885.219278
15.913168,288,13885.488964
5.959611,288,13885.760226
-9.813348,288,13886.029369
-63.424712,288,13886.842192
-16.713538,288,13887.110707
-15.350039,288,13887.379593
42.631524,288,13887.648386
25.171439,288,13887.917121
17.276195,288,13888.186098
4.864788,288,13888.455454
12.786898,288,13889.349966
-164.187767,288,13889.743759
77.542721,288,13890.023382
-8.47045,288,13890.298237
-0.844162,288,13890.475732
-11.334948,288,13890.655478
0.0,288,13890.830354
-8.514013,288,13891.004448
-22.445972,288,13891.293756
25.285707,288,13891.56792
-35.732254,288,13891.838532
23.375067,288,13892.107613
75.29837,288,13892.919946
94.372964,288,13893.18664
51.056991,288,13893.454975
50.825924,288,13893.723764
19.664379,288,13893.9916
-14.203204,288,13894.257265
22.744673,288,13894.524964
24.344762,288,13895.333208
-25.038674,288,13895.600603
-13.619002,288,13895.869196
48.410036,288,13896.139211
-10.122348,288,13896.410722
0.989802,288,13896.67873
-17.235009,288,13896.952708
-0.313403,288,13897.129534
-7.071104,288,13897.30635
0.0,288,13897.484183
-13.438019,288,13897.658922
-24.451451,288,13897.947468
-9.908925,288,13898.758456
48.058649,288,13899.025151
-26.806469,288,13899.294258
-7.703839,288,13899.562762
108.423624,288,13899.834103
8.013142,288,13900.102578
35.247306,288,13900.373343
34.090149,288,13901.183645
-0.235246,288,13901.452882
-19.000071,288,13901.720175
6.307594,288,13901.984865
9.99742,288,13902.25329
112.604811,288,13902.518567
81.712716,288,13902.786631
-80.666111,288,13903.603312
44.455157,288,13903.874038
-12.309213,288,13904.145251
-24.587427,288,13904.430376
-10.896412,288,13904.706753
-11.597937,288,13904.910184
-9.958161,288,13905.096186
8.659155,288,13905.386058
50.445659,288,13905.664509
-8.579727,288,13905.938197
8.973052,288,13906.2098
12.658208,288,13906.483985
26.65694,288,13907.305016
20.42776,288,13907.574801
17.338031,288,13907.844951
46.021277,288,13908.11686
0.715916,288,13908.386858
16.554943,288,13908.659727
75.987564,288,13908.935268
-15.859444,288,13909.757291
144.343549,288,13910.031115
28.510892,288,13910.305363
101.060749,288,13910.581069
29.392095,288,13910.855364
-1.483215,288,13911.130746
-3.156681,288,13911.308377
-0.124898,288,13911.486939
-1.231704,288,13911.66427
0.0,288,13911.843053
36.034519,288,13912.135355
74.325486,288,13912.958052
37.253277,288,13913.229607
22.550184,288,13913.500547
21.557021,288,13913.77217
32.641172,288,13914.042536
79.079853,288,13914.314827
15.04112,288,13914.588554
25.804964,288,13915.406864
8.904969,288,13915.680277
68.102103,288,13915.952713
85.516965,288,13916.224037
-30.737658,288,13916.495134
-129.629555,288,13916.768268
42.784734,288,13917.040628
31.407,288,13917.313097
28.101373,288,13918.132518
0.0,288,13918.40724
-4.529166,288,13918.584037
-0.931565,288,13918.760832
-2.480906,288,13918.939467
-5.109117,288,13919.115399
-22.148247,288,13919.585811
27.604734,288,13919.876585
33.330266,288,13920.150548
-3.186598,288,13920.423531
15.960796,288,13920.699081
-1.843101,288,13921.518656
-9.632604,288,13921.792782
111.365485,288,13922.06533
45.50911,288,13922.336375
83.930741,288,13922.608047
52.956496,288,13922.877491
108.035892,288,13923.148147
35.372333,288,13923.963979
-35.309543,288,13924.23994
-12.135127,288,13924.513244
19.232756,288,13924.78776
144.109496,288,13925.059335
0.0,288,13925.334934
-1.593623,288,13925.510353
-0.470263,288,13925.686627
-18.14067,288,13925.863712
-4.098812,288,13926.041314
-33.32998,288,13926.331001
-0.153277,288,13926.607196
-21.085736,288,13927.408844
-34.299475,288,13927.680391
19.602554,288,13927.950974
112.843395,288,13928.226054
-14.174538,288,13928.502417
128.508724,288,13928.773054
44.900907,288,13929.042326
90.787837,288,13929.840685
99.646733,288,13930.114436
26.050908,288,13930.384402
32.712643,288,13930.655405
53.812484,288,13930.926124
144.777047,288,13931.202558
-13.402662,288,13931.472436
121.619058,288,13932.287143
-5.493971,288,13932.56383
-6.456004,288,13932.741995
-7.832311,288,13932.919024
-11.103684,288,13933.09732
0.0,288,13933.274264
0.779407,288,13933.560683
-3.259882,288,13933.832713
8.246261,288,13934.114126
107.141561,288,13934.554244
64.799651,288,13934.882688
120.152531,288,13935.161187
20.647031,288,13935.993806
29.822372,288,13936.266486
50.313793,288,13936.540483
-7.245752,288,13936.813483
8.435265,288,13937.083703
17.221522,288,13937.355616
86.08058,288,13937.628993
17.471956,288,13938.435941
10.196039,288,13938.710373
50.517502,288,13938.981465
107.210618,288,13939.254541
-12.37821,288,13939.530401
-1.845121,288,13939.705281
-27.928732,288,13939.88222
-9.197676,288,13940.058887
-3.553914,288,13940.235412
101.7512,288,13940.524838
58.980117,288,13940.800744
21.122776,288,13941.073552
28.161287,288,13941.875441
-41.567953,288,13942.146785
-19.089591,288,13942.41803
47.466312,288,13942.68943
126.130964,288,13942.960796
-70.994046,288,13943.232471
-27.191373,288,13943.502362
4.273331,288,13944.314939
89.939185,288,13944.586204
121.981503,288,13944.855053
-31.640899,288,13945.127358
73.731526,288,13945.398419
-3.131696,288,13945.670441
93.597407,288,13945.942012
-18.129474,288,13946.21658
0.0,288,13946.392829
0.0,288,13946.57051
-8.271813,288,13946.746763
-4.263917,288,13946.923095
80.501281,288,13947.740753
4.853261,288,13948.010166
88.741611,288,13948.282632
-16.500279,288,13948.554251
45.187077,288,13948.826549
97.538101,288,13949.104406
-19.850576,288,13949.534831
45.251762,288,13950.40474
-4.838202,288,13950.673867
30.599193,288,13950.942573
116.574818,288,13951.211954
7.248153,288,13951.476126
17.680273,288,13951.743039
9.060143,288,13952.012903
91.841884,288,13952.809418
-18.367558,288,13953.077073
-10.361111,288,13953.345214
-5.251461,288,13953.613483
-8.324274,288,13953.78823
-2.02553,288,13953.962666
0.0,288,13954.137073
-7.982156,288,13954.312445
56.872995,288,13954.592986
142.911515,288,13954.866104
59.572782,288,13955.134223
46.526193,288,13955.402018
-21.562634,288,13956.218691
-1.30894,288,13956.494047
47.122324,288,13956.764887
66.716187,288,13957.036731
50.700551,288,13957.30992
2.532122,288,13957.583017
-13.491534,288,13957.856836
106.78601,288,13958.687027
97.082521,288,13958.954106
40.830722,288,13959.23181
-7.764522,288,13959.520443
88.176444,288,13959.788505
20.053607,288,13960.057088
-3.618686,288,13960.333136
0.0,288,13960.508622
-0.470092,288,13960.683005
0.0,288,13960.857621
-5.667415,288,13961.033701
32.944253,288,13961.315549
67.221772,288,13962.136119
-48.78277,288,13962.403936
46.010791,288,13962.67194
54.875276,288,13962.937244
27.232069,288,13963.207418
51.522975,288,13963.473346
95.752202,288,13963.739851
43.673627,288,13964.761325
12.128024,288,13965.044704
-22.149392,288,13965.316242
19.049418,288,13965.590691
11.861832,288,13965.862
26.201291,288,13966.134803
-30.72275,288,13966.406279
6.366257,288,13967.23193
-16.725313,288,13967.503655
-25.790963,288,13967.779628
-4.857885,288,13967.95557
-0.279036,288,13968.134007
0.0,288,13968.311747
0.0,288,13968.490153
-17.221621,288,13968.780665
44.817205,288,13969.055788
90.652448,288,13969.328531
-24.937122,288,13969.597692
-11.247178,288,13969.867748
43.14509,288,13970.673173
115.101455,288,13970.943716
30.983672,288,13971.212228
67.933973,288,13971.48511
11.519043,288,13971.75686
-3.624304,288,13972.028464
-2.634062,288,13972.298585
-13.718276,288,13973.111536
31.328784,288,13973.383099
-12.083191,288,13973.653532
0.956491,288,13973.925285
95.731954,288,13974.196702
0.0,288,13974.47266
-5.951768,288,13974.649669
-4.275536,288,13974.827603
-0.685706,288,13975.005635
-11.162439,288,13975.181596
-7.464525,288,13975.471001
134.931192,288,13975.74767
71.698607,288,13976.564429
-35.892818,288,13976.837088
31.742266,288,13977.112341
88.732754,288,13977.385592
8.503498,288,13977.658261
20.487229,288,13977.930421
156.923562,288,13978.203839
67.430818,288,13979.034645
-0.077339,288,13979.400702
-25.872343,288,13979.798992
47.04244,288,13980.103393
-12.895048,288,13980.391374
1.052729,288,13980.667653
90.598433,288,13980.937706
23.02357,288,13981.761982
-3.113561,288,13982.035053
-12.93625,288,13982.21497
-4.272406,288,13982.395402
0.0,288,13982.5721
-7.016602,288,13982.750239
25.859795,288,13983.038306
20.613427,288,13983.316289
22.962327,288,13983.58805
83.820522,288,13983.867563
-8.001232,288,13984.138703
9.866815,288,13984.411268
85.200897,288,13985.226751
67.175675,288,13985.498503
15.692224,288,13985.770525
72.340043,288,13986.043619
-15.255163,288,13986.318309
42.353269,288,13986.591178
79.092907,288,13986.862163
2.15816,288,13987.68156
38.136351,288,13987.951819
91.994778,288,13988.238257
117.0022,288,13988.511011
-4.154403,288,13988.784724
-4.302499,288,13988.959961
-26.386165,288,13989.137252
0.0,288,13989.3148
-2.722092,288,13989.493086
72.681162,288,13989.783366
-6.527959,288,13990.059945
88.272872,288,13990.873357
29.522644,288,13991.142642
102.775111,288,13991.410896
71.536641,288,13991.677927
73.892454,288,13991.947969
-46.180557,288,13992.219241
64.840412,288,13992.490242
19.651541,288,13992.762397
52.157557,288,13993.577484
26.476367,288,13993.848074
9.016018,288,13994.124162
66.951474,288,13994.551515
37.1034,288,13994.870265
98.113928,288,13995.146769
45.120715,288,13995.421803
-5.088189,288,13996.252499
-0.32428,288,13996.430526
-3.190436,288,13996.610391
-0.883457,288,13996.79077
-12.345679,288,13996.96876
42.808978,288,13997.260211
16.578473,288,13997.53357
61.652652,288,13997.807047
69.149012,288,13998.077096
4.165394,288,13998.350222
70.906646,288,13998.621981
52.007013,288,13999.440936
91.362821,288,13999.715288
-154.169391,288,13999.990095
131.4705,288,14000.262224
12.134838,288,14000.535063
30.95912,288,14000.805768
-10.29513,288,14001.079306
42.224981,288,14001.897384
13.524833,288,14002.170161
-74.855496,288,14002.447536
55.547346,288,14002.721569
-4.425605,288,14002.996932
-2.076733,288,14003.174003
0.0,288,14003.351244
-5.420586,288,14003.528195
-4.83306,288,14003.704981
199.874636,288,14003.991839
42.862446,288,14004.270526
-9.591185,288,14004.544534
25.803817,288,14005.368924
22.261979,288,14005.641043
59.414215,288,14005.914068
27.908882,288,14006.186506
-7.610532,288,14006.460543
-11.095419,288,14006.734003
-19.956589,288,14007.005867
-28.742082,288,14007.824384
91.871103,288,14008.096842
-2.598966,288,14008.370553
-7.282812,288,14008.641667
26.898614,288,14008.919783
57.502607,288,14009.199044
108.290266,288,14009.6637
-13.190299,288,14009.950995
0.0,288,14010.128765
-24.145837,288,14010.30462
-4.865868,288,14010.48144
-0.817288,288,14010.661788
15.162721,288,14011.483837
-3.614034,288,14011.754073
94.277931,288,14012.023224
-13.541272,288,14012.294595
21.616583,288,14012.566206
-2.641641,288,14012.838964
-0.202299,288,14013.110942
53.372407,288,14013.933972
21.791134,288,14014.203427
37.165854,288,14014.472734
26.251031,288,14014.741635
94.014161,288,14015.010703
25.41046,288,14015.282824
0.506972,288,14015.556573
43.469583,288,14016.376665
95.711043,288,14016.64711
0.638792,288,14016.917414
-6.801456,288,14017.190544
-1.447001,288,14017.369901
-6.218653,288,14017.546102
-0.153477,288,14017.721141
0.0,288,14017.897528
-25.872032,288,14018.188329
112.735579,288,14018.466247
-35.698629,288,14018.7385
-21.544158,288,14019.00952
43.542495,288,14019.825342
66.485783,288,14020.098505
-14.996923,288,14020.37393
131.570679,288,14020.647836
51.111759,288,14020.92013
156.08068,288,14021.192763
-62.111457,288,14021.466909
72.946714,288,14022.289213
-17.688232,288,14022.561459
-8.754403,288,14022.833951
13.252782,288,14023.105222
11.863201,288,14023.384206
98.172268,288,14023.65849
-3.416968,288,14023.937736
-6.16087,288,14024.115033
-9.713158,288,14024.360903
-11.635348,288,14024.649337
-1.482835,288,14024.830707
-66.773637,288,14025.130446
26.74993,288,14025.955318
6.027781,288,14026.228608
110.541716,288,14026.500577
52.963784,288,14026.771747
12.449881,288,14027.0398
37.124197,288,14027.312295
-13.885192,288,14027.583467
48.173838,288,14028.406423
-18.459759,288,14028.681574
-25.505222,288,14028.957445
126.209765,288,14029.230161
12.757813,288,14029.503052
-3.699041,288,14029.773254
-1.495526,288,14030.046795
-1.554724,288,14030.869626
21.051053,288,14031.141741
-4.206886,288,14031.418853
0.0,288,14031.598256
-3.819914,288,14031.776617
0.0,288,14031.953905
0.0,288,14032.131994
-4.783815,288,14032.421777
-15.65315,288,14032.698806
63.580389,288,14032.971012
147.653516,288,14033.246835
171.027398,288,14033.52026
58.189599,288,14034.340714
26.828188,288,14034.612495
33.820888,288,14034.88586
-71.358793,288,14035.159567
132.617994,288,14035.433542
87.698598,288,14035.704768
15.379483,288,14035.978525
47.676242,288,14036.799575
31.622372,288,14037.068077
-9.082872,288,14037.391027
61.78039,288,14037.658711
22.972439,288,14037.927746
-3.587034,288,14038.20046
0.0,288,14038.376446
-1.762834,288,14038.552416
-18.420969,288,14038.728235
-1.043736,288,14038.903372
2.40748,288,14039.196977
-14.688717,288,14039.663927
21.640824,288,14040.497656
-12.92159,288,14040.77065
-7.762057,288,14041.041365
52.408423,288,14041.309782
-10.432444,288,14041.579069
13.339996,288,14041.848235
0.75214,288,14042.121305
31.15651,288,14042.940036
19.903265,288,14043.209473
-133.123806,288,14043.478187
3.760035,288,14043.744693
11.935175,288,14044.013958
-13.076826,288,14044.283843
124.981164,288,14044.553354
63.091999,288,14045.368996
-0.1545,288,14045.638959
-3.44143,288,14045.813147
-3.861444,288,14045.988207
-28.071248,288,14046.164078
0.0,288,14046.338819
65.609789,288,14046.631279
-18.096301,288,14046.906946
28.170703,288,14047.177027
24.055119,288,14047.44697
35.220444,288,14047.714894
90.679935,288,14047.982445
82.704085,288,14048.819058
87.595646,288,14049.088769
-13.254515,288,14049.361595
54.351789,288,14049.632654
96.623305,288,14049.903695
107.100317,288,14050.175246
79.004838,288,14050.448367
135.981228,288,14051.272672
70.98878,288,14051.548231
-0.882727,288,14051.818415
98.612193,288,14052.090987
-5.08517,288,14052.365317
-7.661425,288,14052.542352
-4.054923,288,14052.719532
-6.423749,288,14052.894485
-7.911376,288,14053.071837
48.465924,288,14053.361246
88.151637,288,14053.638777
84.017963,288,14053.915267
61.431665,288,14054.932621
108.13732,288,14055.209601
29.179015,288,14055.480582
-3.160748,288,14055.753474
63.903809,288,14056.023866
81.214239,288,14056.29629
28.455254,288,14056.571399
47.143399,288,14057.371873
36.901633,288,14057.642709
37.183896,288,14057.915052
-18.251468,288,14058.185891
-0.82488,288,14058.45849
50.425374,288,14058.727984
6.922483,288,14058.99896
0.0,288,14059.80257
0.0,288,14059.979281
-2.2675,288,14060.155496
-9.752391,288,14060.332753
-9.247286,288,14060.509736
-6.172944,288,14060.798466
15.677864,288,14061.074758
-0.683888,288,14061.347222
-12.540134,288,14061.617982
-21.223721,288,14061.886384
-120.298588,288,14062.157315
-8.069102,288,14062.431969
42.26548,288,14063.235753
48.966979,288,14063.507276
81.871864,288,14063.779217
90.505835,288,14064.049504
23.254134,288,14064.323807
4.151226,288,14064.596684
76.817917,288,14064.866632
-1.166256,288,14065.670428
11.381112,288,14065.934232
89.349327,288,14066.201045
-17.968988,288,14066.473665
-0.231097,288,14066.648985
-9.714228,288,14066.823002
16.235158,288,14066.998452
0.0,288,14067.172612
6.690318,288,14067.45437
77.709206,288,14067.730064
34.0452,288,14067.998309
26.71708,288,14068.807164
96.081139,288,14069.079667
-9.995494,288,14069.434306
-10.939541,288,14069.902191
94.453402,288,14070.188584
61.749272,288,14070.458528
54.565326,288,14070.731397
3.092234,288,14070.997589
114.800802,288,14071.812807
56.817312,288,14072.080946
-0.135752,288,14072.350955
105.640143,288,14072.617121
65.543122,288,14072.885295
48.602797,288,14073.152106
0.0,288,14073.425111
-17.631172,288,14073.601311
-60.724038,288,14073.776092
-22.860099,288,14073.950234
0.0,288,14074.125024
-8.386374,288,14074.960797
17.98476,288,14075.229865
-3.779504,288,14075.500489
13.85079,288,14075.769489
54.27006,288,14076.037466
-12.355231,288,14076.305276
-28.85009,288,14076.571586
79.755179,288,14077.388089
77.611681,288,14077.661476
108.678184,288,14077.934089
44.270328,288,14078.207316
18.081197,288,14078.48045
40.383536,288,14078.752563
-3.714018,288,14079.024239
-2.39723,288,14079.295346
-1.300627,288,14080.116449
6.398989,288,14080.391481
93.553425,288,14080.66646
0.0,288,14080.841602
143.750869,288,14081.017801
-3.236529,288,14081.193805
-16.213679,288,14081.369582
100.225834,288,14081.662098
98.263874,288,14081.936574
44.009357,288,14082.209311
91.318629,288,14082.480395
19.394035,288,14083.2963
-8.511532,288,14083.569441
-7.918669,288,14083.84111
12.506015,288,14084.11678
-6.223671,288,14084.506137
116.120529,288,14084.857643
109.765588,288,14085.127902
56.691726,288,14085.943185
69.719753,288,14086.210203
75.118614,288,14086.477641
25.31089,288,14086.746635
-8.428526,288,14087.015699
2.958652,288,14087.284535
103.484891,288,14087.555692
-8.201964,288,14087.732749
-0.660153,288,14087.909403
-2.710706,288,14088.0839
9.212108,288,14088.260859
-111.808234,288,14088.545538
102.560716,288,14089.350677
17.026179,288,14089.619886
73.263844,288,14089.886748
91.360563,288,14090.154183
4.075348,288,14090.420933
30.441308,288,14090.688504
31.015347,288,14090.952753
30.872618,288,14091.748885
85.830112,288,14092.016135
15.549496,288,14092.284993
1.619273,288,14092.551693
63.753107,288,14092.820374
26.823296,288,14093.08882
12.521906,288,14093.353714
86.879467,288,14094.150388
-18.319342,288,14094.41822
98.273402,288,14094.689575
43.181057,288,14094.865465
3.381945,288,14095.039999
-16.94824,288,14095.215885
134.210999,288,14095.392476
24.294344,288,14095.684441
-0.40051,288,14095.956837
-7.578773,288,14096.225862
-45.818151,288,14096.496186
115.296315,288,14096.765651
-27.013295,288,14097.575638
10.855259,288,14097.84816
27.768781,288,14098.118442
68.826498,288,14098.388123
81.411996,288,14098.65544
8.673239,288,14098.926331
-3.262428,288,14099.198373
-9.577742,288,14100.229601
102.537545,288,14100.497973
58.921108,288,14100.77143
67.390282,288,14101.040433
19.689246,288,14101.308151
-13.075305,288,14101.579025
-0.336267,288,14101.755987
0.0,288,14101.931181
0.0,288,14102.106391
113.883169,288,14102.282413
-13.968469,288,14102.563528
-14.840484,288,14102.837342
65.013178,288,14103.649549
52.90034,288,14103.918093
11.923414,288,14104.189235
63.781513,288,14104.455996
123.270084,288,14104.730487
72.01087,288,14104.998276
-40.583699,288,14105.26665
27.645029,288,14106.082301
-8.409838,288,14106.349
86.762923,288,14106.616697
12.345677,288,14106.885436
109.392119,288,14107.155151
54.324196,288,14107.421609
-17.964066,288,14107.691178
-11.306766,288,14108.516132
0.0,288,14108.789398
60.943614,288,14108.966752
-7.470795,288,14109.143315
-21.283,288,14109.319268
69.042732,288,14109.495445
107.75562,288,14109.791185
102.072587,288,14110.06515
-1.505875,288,14110.335857
59.131356,288,14110.604294
104.967775,288,14110.872841
86.479481,288,14111.140109
68.451543,288,14111.954705
15.93184,288,14112.223962
50.228133,288,14112.493963
121.812544,288,14112.763064
78.139325,288,14113.031102
52.761279,288,14113.302399
64.6727,288,14113.571482
-5.750824,288,14114.469413
15.508038,288,14114.828638
26.69385,288,14115.10372
32.500716,288,14115.372374
-3.621472,288,14115.644969
0.0,288,14115.822348
-27.537721,288,14115.998486
-7.912978,288,14116.175096
-5.591867,288,14116.351299
88.317031,288,14116.638202
10.76711,288,14116.912538
-19.857735,288,14117.180156
100.414191,288,14117.994385
15.127418,288,14118.264956
86.287648,288,14118.534746
74.861792,288,14118.805613
6.64939,288,14119.076052
26.794613,288,14119.342855
96.250742,288,14119.609437
-56.530089,288,14120.422798
33.251866,288,14120.692592
-13.819499,288,14120.960382
10.399659,288,14121.229256
16.141954,288,14121.496561
112.088962,288,14121.764584
40.595054,288,14122.032296
0.0,288,14122.307443
-10.00858,288,14122.48243
0.0,288,14122.657989
-6.607248,288,14122.833076
42.887668,288,14123.009458
-4.658402,288,14123.802997
49.801239,288,14124.070204
-7.61067,288,14124.337143
22.977281,288,14124.605636
-9.498442,288,14124.875726
82.086136,288,14125.146461
107.978467,288,14125.418126
-6.406949,288,14126.214468
68.417146,288,14126.485516
75.766958,288,14126.753216
-8.429701,288,14127.02019
18.864668,288,14127.287608
73.202624,288,14127.556545
7.500729,288,14127.824031
-0.075186,288,14128.624743
32.463807,288,14128.894373
-89.25908,288,14129.168704
-6.990168,288,14129.582389
-17.94653,288,14129.803909
-8.525898,288,14129.983603
46.856743,288,14130.159796
0.0,288,14130.333936
47.560818,288,14130.621852
-9.977365,288,14130.894731
42.840122,288,14131.162943
41.470676,288,14131.428638
96.749972,288,14132.221185
133.043753,288,14132.48794
47.874367,288,14132.757344
74.60082,288,14133.025534
43.923404,288,14133.29399
49.595985,288,14133.561811
30.769061,288,14133.829702
86.890201,288,14134.62379
-5.137316,288,14134.890474
89.400432,288,14135.157822
72.240588,288,14135.424634
-3.442546,288,14135.690622
95.187791,288,14135.956624
-7.729009,288,14136.228839
-10.835176,288,14136.402519
73.652839,288,14136.575949
-2.000305,288,14136.749332
1.557014,288,14136.923152
92.901513,288,14137.730428
-71.050965,288,14138.000451
48.188934,288,14138.268012
82.414756,288,14138.536108
15.685839,288,14138.805254
111.858201,288,14139.070681
82.798668,288,14139.337045
107.03944,288,14139.603662
49.363477,288,14140.411693
43.259075,288,14140.682059
129.55828,288,14140.951137
59.363081,288,14141.220376
121.355472,288,14141.488297
77.536268,288,14141.755543
105.275617,288,14142.024866
121.042153,288,14142.835496
98.113854,288,14143.103789
22.964463,288,14143.37659
24.200986,288,14143.550795
38.511647,288,14143.724762
0.0,288,14143.900635
-25.924208,288,14144.079154
4.364762,288,14144.446252
38.891799,288,14144.844033
30.417803,288,14145.148005
-8.291062,288,14145.423029
31.606306,288,14146.24308
27.512558,288,14146.513472
123.845379,288,14146.784297
96.665355,288,14147.052613
154.014479,288,14147.320017
95.609008,288,14147.587907
122.846299,288,14147.855751
101.518379,288,14148.124406
18.15423,288,14148.938169
115.829266,288,14149.204416
16.275651,288,14149.470634
7.148962,288,14149.74132
101.69064,288,14150.00982
-72.489134,288,14150.283123
-6.320823,288,14150.458161
-2.731959,288,14150.632343
70.566482,288,14150.806315
-14.185392,288,14150.980055
54.924134,288,14151.263587
29.809911,288,14152.083119
83.5276,288,14152.349818
10.397287,288,14152.614183
108.392243,288,14152.883316
5.442355,288,14153.152803
45.72958,288,14153.422498
108.834451,288,14153.691088
49.166663,288,14154.507757
64.579492,288,14154.775037
94.833558,288,14155.043489
4.865127,288,14155.3107
59.045979,288,14155.576043
-10.330613,288,14155.842904
74.129538,288,14156.109632
37.321449,288,14156.375552
-3.286478,288,14157.184227
-145.019897,288,14157.456712
-7.573933,288,14157.630897
12.678324,288,14157.80483
-3.196656,288,14157.978323
58.666234,288,14158.154115
28.543351,288,14158.438796
-42.822923,288,14158.71053
45.499736,288,14158.98177
48.204044,288,14159.250612
81.904527,288,14159.702775
70.715269,288,14160.541558
16.779093,288,14160.816438
3.503995,288,14161.087268
99.371293,288,14161.359699
65.493093,288,14161.631974
48.943074,288,14161.904506
-2.615717,288,14162.177274
92.174,288,14162.996596
70.604008,288,14163.271482
64.742799,288,14163.542343
209.976371,288,14163.813125
-2.884287,288,14164.086462
-6.139619,288,14164.362558
-15.918664,288,14164.540107
-3.880189,288,14164.719386
67.591521,288,14164.896096
0.0,288,14165.073518
14.687818,288,14165.365772
60.766351,288,14165.644976
16.148589,288,14166.463564
18.565644,288,14166.736958
101.584074,288,14167.008194
50.739023,288,14167.281927
11.976111,288,14167.555376
67.017046,288,14167.829154
79.69443,288,14168.100847
13.363545,288,14168.924163
29.295818,288,14169.200288
76.816716,288,14169.473452
19.361847,288,14169.747039
67.82576,288,14170.020634
123.946448,288,14170.295456
85.352229,288,14170.568432
88.336822,288,14171.39399
-13.69373,288,14171.668926
70.2988,288,14171.847453
98.246101,288,14172.026197
71.052893,288,14172.204254
-0.950992,288,14172.382746
47.949438,288,14172.672806
100.398353,288,14172.947528
31.696763,288,14173.223606
51.739997,288,14173.493732
4.83202,288,14173.765563
12.234985,288,14174.041109
21.664091,288,14175.050896
84.988479,288,14175.325657
110.482398,288,14175.600975
3.012696,288,14175.873935
65.889745,288,14176.147145
35.081544,288,14176.41831
148.67438,288,14176.692692
90.847964,288,14177.493162
57.034061,288,14177.766981
-4.076511,288,14178.033907
159.978722,288,14178.305942
-6.686726,288,14178.580824
-5.912184,288,14178.757481
-3.361825,288,14178.933592
-2.524856,288,14179.10968
22.475415,288,14179.285358
99.050549,288,14179.572645
91.338609,288,14179.846823
70.852376,288,14180.117551
-10.235421,288,14180.926702
60.211369,288,14181.19604
26.165256,288,14181.466368
29.619124,288,14181.73806
41.430788,288,14182.008063
19.739228,288,14182.278559
86.694969,288,14182.548803
12.16273,288,14183.363938
19.433666,288,14183.636409
92.78883,288,14183.90765
-3.852727,288,14184.177279
73.113118,288,14184.45029
10.920767,288,14184.720993
102.225672,288,14184.991079
-2.671237,288,14185.26517
7.35537,288,14185.443472
155.911461,288,14185.621144
56.407134,288,14185.796305
136.158205,288,14185.972954
-4.080772,288,14186.784693
22.562906,288,14187.057486
133.027526,288,14187.33036
63.850779,288,14187.60299
54.017675,288,14187.875155
10.283512,288,14188.153145
87.325959,288,14188.425613
65.207748,288,14189.236382
137.897996,288,14189.690531
7.710459,288,14189.974469
46.276091,288,14190.249852
65.117712,288,14190.521301
45.734406,288,14190.79371
47.188635,288,14191.063521
-10.840595,288,14191.871702
-14.917515,288,14192.138704
-16.078086,288,14192.404948
79.223102,288,14192.677995
122.056841,288,14192.851516
9.87063,288,14193.025896
0.0,288,14193.199992
143.333154,288,14193.373222
112.910325,288,14193.663523
150.166266,288,14193.934898
34.646956,288,14194.205772
132.048429,288,14194.477112
40.306987,288,14195.29425
129.65718,288,14195.564584
12.497398,288,14195.836108
70.703217,288,14196.107546
75.029554,288,14196.377938
43.953766,288,14196.649565
130.24985,288,14196.919614
67.752808,288,14197.738772
90.625992,288,14198.010513
31.625911,288,14198.283221
100.60271,288,14198.553922
49.291902,288,14198.825453
91.818248,288,14199.097114
-6.827092,288,14199.37454
-5.72588,288,14199.552104
118.881621,288,14199.729801
52.941652,288,14199.907367
76.285721,288,14200.084859
4.632597,288,14200.375252
1.778881,288,14201.187503
90.839404,288,14201.459686
31.628791,288,14201.730586
132.250935,288,14202.002213
-13.393263,288,14202.276118
121.985094,288,14202.54671
36.433971,288,14202.817373
65.641534,288,14203.626372
56.121731,288,14203.895453
17.660179,288,14204.168297
19.26442,288,14204.569245
25.209414,288,14204.924251
-4.524271,288,14205.19736
82.240005,288,14205.467288
-132.451147,288,14206.280083
-3.792055,288,14206.548557
-8.080647,288,14206.822222
108.817976,288,14206.995792
43.85444,288,14207.171096
-3.315851,288,14207.347749
62.886885,288,14207.522981
53.996685,288,14207.810958
133.136865,288,14208.083964
84.952535,288,14208.35417
50.180479,288,14208.627465
-5.616289,288,14208.896863
-14.324831,288,14209.708366
6.340889,288,14209.977698
137.808221,288,14210.246857
-93.772356,288,14210.514143
25.660682,288,14210.782441
-4.538667,288,14211.052059
58.85658,288,14211.321587
17.056332,288,14212.135818
37.975158,288,14212.404757
77.391717,288,14212.674185
120.635999,288,14212.943073
55.746148,288,14213.211447
-7.591034,288,14213.485099
-5.841244,288,14213.661898
85.621957,288,14213.837241
17.523988,288,14214.013044
-11.543609,288,14214.188977
108.861768,288,14214.476255
44.71292,288,14214.750185
120.251063,288,14215.555037
105.093374,288,14215.828228
24.264676,288,14216.098316
86.823158,288,14216.370455
102.294257,288,14216.639178
31.091615,288,14216.907959
104.048347,288,14217.176819
1.08339,288,14217.977005
83.252102,288,14218.249311
10.487532,288,14218.519116
87.216292,288,14218.790674
11.236664,288,14219.066238
-3.463728,288,14219.384256
85.015328,288,14219.805422
-34.347944,288,14220.635104
98.414845,288,14220.910492
132.081217,288,14221.088279
74.677242,288,14221.266931
-8.015797,288,14221.444126
-16.849937,288,14221.620471
-0.521436,288,14221.909752
17.91044,288,14222.185089
-11.412152,288,14222.455844
-1.211263,288,14222.72619
144.302381,288,14222.996706
88.115919,288,14223.815144
2.736946,288,14224.088511
46.561896,288,14224.360719
41.482612,288,14224.632759
20.839555,288,14224.906506
62.193453,288,14225.175545
89.316424,288,14225.445968
-9.700065,288,14225.716327
11.49899,288,14226.532854
-75.72555,288,14226.803843
-3.798376,288,14227.076311
87.70285,288,14227.349609
0.0,288,14227.625273
-5.736583,288,14227.801637
-4.817131,288,14227.980522
67.549943,288,14228.158692
18.53138,288,14228.342311
7.658649,288,14228.643604
-16.585768,288,14228.913943
-3.796414,288,14229.717557
20.630179,288,14229.987382
110.84935,288,14230.258158
62.952003,288,14230.526265
121.245896,288,14230.795196
47.319,288,14231.064913
34.172198,288,14231.340516
10.074289,288,14232.151447
-5.461088,288,14232.42199
7.870942,288,14232.692701
49.78522,288,14232.962955
131.538628,288,14233.235446
14.879547,288,14233.507333
-24.104278,288,14233.779038
27.448053,288,14234.054035
132.657884,288,14235.138129
12.496476,288,14235.348295
1.40681,288,14235.522052
-14.960877,288,14235.697621
-11.806464,288,14235.872246
8.904089,288,14236.15819
69.908871,288,14236.429756
7.397197,288,14236.700176
14.843995,288,14236.967375
-1.545926,288,14237.234828
-10.505414,288,14237.502112
34.587791,288,14238.315516
126.888107,288,14238.585517
63.924597,288,14238.853916
98.937685,288,14239.12263
5.283,288,14239.395841
115.622031,288,14239.664771
128.61448,288,14239.936258
58.634532,288,14240.755041
110.570152,288,14241.025081
62.094678,288,14241.298324
59.438975,288,14241.57075
68.74495,288,14241.845567
23.038535,288,14242.02109
9.043162,288,14242.200228
38.414707,288,14242.377373
28.932647,288,14242.554931
46.72472,288,14242.842704
72.398913,288,14243.121512
-3.723814,288,14243.397269
7.536627,288,14244.209807
217.68473,288,14244.481669
87.472738,288,14244.754543
126.520769,288,14245.025079
122.497268,288,14245.295518
103.245636,288,14245.568489
25.085377,288,14245.840971
64.997057,288,14246.642326
76.609306,288,14246.914695
-1.219729,288,14247.186748
52.126757,288,14247.458286
55.659176,288,14247.729766
86.978693,288,14247.997607
127.292151,288,14248.263566
-3.960238,288,14248.533092
-7.089044,288,14248.705825
-1.689265,288,14248.883338
101.88405,288,14249.064183
-6.965479,288,14249.240422
18.074343,288,14250.258524
-44.060481,288,14250.52746
23.998386,288,14250.796883
118.291821,288,14251.062759
4.893553,288,14251.32915
72.461153,288,14251.59451
47.598611,288,14251.861719
78.861099,288,14252.657782
46.762214,288,14252.925185
-7.78937,288,14253.192839
84.606379,288,14253.460328
96.070265,288,14253.72776
15.006525,288,14253.996231
50.586107,288,14254.263873
27.041218,288,14255.053122
160.682134,288,14255.319334
82.363043,288,14255.5855
88.042588,288,14255.858669
11.367286,288,14256.034115
126.018196,288,14256.208851
47.776933,288,14256.382046
-2.370736,288,14256.554651
161.1276,288,14256.837742
199.446484,288,14257.107677
19.741132,288,14257.375006
-13.022106,288,14257.642126
45.42791,288,14258.437376
-19.003218,288,14258.70408
106.777733,288,14258.968567
64.982708,288,14259.233211
-16.71854,288,14259.501588
56.155444,288,14259.767246
-8.552452,288,14260.031547
136.064262,288,14260.820097
180.773048,288,14261.086448
17.270966,288,14261.352347
86.200209,288,14261.616437
146.171223,288,14261.883725
90.529399,288,14262.151364
-12.297914,288,14262.422197
109.236913,288,14262.595555
-17.134858,288,14262.769813
119.855632,288,14262.945
0.0,288,14263.121171
63.575467,288,14263.410943
0.647419,288,14264.238508
34.293568,288,14264.707176
-3.974862,288,14264.996726
-8.274785,288,14265.269669
70.166919,288,14265.539536
129.602045,288,14265.812101
47.485747,288,14266.081108
132.426393,288,14266.876642
28.067607,288,14267.143759
117.852986,288,14267.413132
31.81836,288,14267.681806
20.723329,288,14267.949369
-10.657681,288,14268.217911
87.571341,288,14268.48537
29.237475,288,14269.293358
-1.462701,288,14269.560369
81.024934,288,14269.832224
-2.476721,288,14270.007859
0.594983,288,14270.182914
2.222607,288,14270.358349
-7.688076,288,14270.533729
66.000156,288,14270.81864
36.382417,288,14271.08611
66.18994,288,14271.356236
83.817698,288,14271.624985
-85.499022,288,14271.88966
84.721282,288,14272.706812
0.0,288,14273.018403
76.901594,288,14273.30245
108.809434,288,14273.571996
58.376469,288,14273.842775
-15.052077,288,14274.112554
90.448397,288,14274.38423
73.499094,288,14275.202801
5.894949,288,14275.476009
53.257013,288,14275.748372
34.489073,288,14276.020353
145.64008,288,14276.292682
40.336718,288,14276.566509
-15.53629,288,14276.740943
-4.551924,288,14276.916882
0.0,288,14277.091993
0.0,288,14277.274381
76.384272,288,14277.557015
44.139109,288,14277.833444
-3.955082,288,14278.646861
126.464312,288,14278.916837
110.824009,288,14279.190481
60.742306,288,14279.575555
2.629851,288,14279.930974
132.755049,288,14280.202508
5.565115,288,14280.468152
17.235431,288,14281.287725
83.193993,288,14281.558
-54.446605,288,14281.826695
27.429632,288,14282.095707
62.804997,288,14282.36227
31.347778,288,14282.631495
112.483012,288,14282.900928
101.011647,288,14283.717818
16.550996,288,14283.993707
-18.370644,288,14284.172325
127.037347,288,14284.357944
97.990802,288,14284.536246
17.267646,288,14284.716084
-5.679454,288,14285.00623
65.633025,288,14285.284644
44.774168,288,14285.555571
-4.760906,288,14285.827707
110.257856,288,14286.097328
-2.436371,288,14286.368174
128.903913,288,14287.187375
24.334466,288,14287.456796
-102.146147,288,14287.728333
-8.721354,288,14288.001275
0.563968,288,14288.278139
23.384154,288,14288.551645
-0.701631,288,14288.821928
-6.262009,288,14289.638218
100.777595,288,14289.910122
62.743634,288,14290.180868
58.655348,288,14290.450433
-2.972541,288,14290.725144
-5.174085,288,14290.90304
119.887855,288,14291.08008
19.795284,288,14291.25673
-12.554053,288,14291.432873
27.562481,288,14291.722153
114.925439,288,14291.997327
30.111827,288,14292.272217
97.57563,288,14293.076183
129.705269,288,14293.34897
50.139266,288,14293.619765
15.24145,288,14293.889063
20.153659,288,14294.166582
52.979687,288,14294.546612
0.507242,288,14294.91513
49.512243,288,14295.74516
70.651912,288,14296.018154
99.679128,288,14296.290581
4.524702,288,14296.562866
-9.461588,288,14296.835459
132.968841,288,14297.105694
82.522031,288,14297.377391
-0.688658,288,14298.201876
3.666942,288,14298.378936
69.573365,288,14298.556935
-5.165692,288,14298.736458
-13.432898,288,14298.914359
112.242821,288,14299.202182
70.649381,288,14299.476476
26.371021,288,14299.750772
2.914257,288,14300.022155
41.367843,288,14300.292567
216.751675,288,14300.565645
-4.486222,288,14300.836102
65.201158,288,14301.640437
70.654136,288,14301.912517
48.074603,288,14302.183018
101.521943,288,14302.454013
67.654675,288,14302.725498
128.766714,288,14302.996292
17.585907,288,14303.270768
94.973054,288,14304.079903
17.425159,288,14304.351269
-11.476058,288,14304.622744
-2.350941,288,14304.898136
99.95934,288,14305.075073
48.246551,288,14305.25385
13.052162,288,14305.430313
20.113853,288,14305.608141
-155.639721,288,14305.897744
31.489119,288,14306.173638
55.541087,288,14306.4428
30.735356,288,14307.252246
95.583398,288,14307.521796
6.494935,288,14307.793104
14.743044,288,14308.063384
138.87881,288,14308.333369
112.010049,288,14308.599425
114.691307,288,14308.86596
128.278014,288,14309.906883
-0.874455,288,14310.205727
33.340724,288,14310.479025
87.843816,288,14310.751598
105.89804,288,14311.018004
52.596276,288,14311.286977
123.996454,288,14311.5537
-12.374614,288,14311.823532
-1.572781,288,14311.99878
-5.04011,288,14312.172185
83.514521,288,14312.345877
0.0,288,14312.518493
-162.228453,288,14313.338726
33.015116,288,14313.609738
-2.593138,288,14313.883649
-10.253799,288,14314.155172
95.24072,288,14314.42601
89.039121,288,14314.696434
116.77421,288,14314.969347
114.410002,288,14315.783255
92.903682,288,14316.053095
-7.489618,288,14316.322654
-3.580326,288,14316.588753
6.099942,288,14316.855093
73.854906,288,14317.124291
57.506521,288,14317.395022
18.606536,288,14318.206151
34.479581,288,14318.473783
3.960159,288,14318.743047
15.085702,288,14319.014527
-1.231198,288,14319.189276
-11.407883,288,14319.366499
-2.882094,288,14319.542177
42.312552,288,14319.716645
21.295032,288,14320.000933
69.848172,288,14320.272267
122.030835,288,14320.539662
15.482806,288,14320.807349
-11.502102,288,14321.61852
-8.710362,288,14321.890285
-3.189399,288,14322.160043
46.455291,288,14322.428125
15.852694,288,14322.696027
128.674074,288,14322.96546
-0.087453,288,14323.234339
31.381344,288,14324.051944
35.108142,288,14324.325514
127.761515,288,14324.77539
30.671933,288,14325.058069
52.401402,288,14325.333554
53.429466,288,14325.609267
-23.964524,288,14325.883368
-16.047442,288,14326.061031
66.093327,288,14326.237574
37.47715,288,14326.412633
60.770397,288,14326.587206
40.705979,288,14326.875955
69.805315,288,14327.69386
42.591383,288,14327.963985
22.768108,288,14328.234518
47.249116,288,14328.505019
143.839313,288,14328.776851
133.023007,288,14329.04566
83.977174,288,14329.315173
73.973161,288,14330.136207
-122.778539,288,14330.415326
91.366151,288,14330.690114
150.351492,288,14330.959485
-19.676545,288,14331.232374
105.298975,288,14331.506427
12.047207,288,14331.779264
34.814591,288,14332.591071
67.451012,288,14332.861289
188.212496,288,14333.133447
55.819222,288,14333.308661
21.860882,288,14333.486569
127.073305,288,14333.662904
52.174502,288,14333.838572
75.972264,288,14334.130238
74.305622,288,14334.401837
84.73353,288,14334.665438
126.362299,288,14334.933705
54.663438,288,14335.19937
6.505076,288,14336.01685
109.792636,288,14336.289367
44.97826,288,14336.559104
32.121924,288,14336.827471
5.356501,288,14337.096518
72.30623,288,14337.366813
86.361357,288,14337.637323
23.453527,288,14338.453724
15.842317,288,14338.723737
36.94657,288,14338.994478
6.988414,288,14339.271137
94.825003,288,14339.704602
73.753936,288,14340.019655
117.283107,288,14340.199607
133.455133,288,14340.374494
64.252518,288,14340.549641
-4.176295,288,14340.729836
54.019469,288,14341.022146
19.954902,288,14341.296866
15.120921,288,14342.116284
34.4916,288,14342.388136
-13.641357,288,14342.656809
53.855892,288,14342.931957
48.431989,288,14343.203551
-3.289465,288,14343.476168
-13.172567,288,14343.745916
96.497011,288,14344.57015
6.349645,288,14344.845385
69.724026,288,14345.115012
59.359984,288,14345.385768
101.669284,288,14345.659614
93.709751,288,14345.932538
-10.140739,288,14346.205829
7.249673,288,14347.026034
-7.586548,288,14347.30128
102.781954,288,14347.477219
-21.455145,288,14347.654938
18.330467,288,14347.833398
145.560411,288,14348.010382
31.136231,288,14348.310456
23.023099,288,14348.5861
20.71756,288,14348.858395
107.264957,288,14349.130337
140.152688,288,14349.403915
101.513356,288,14349.676545
84.801342,288,14350.490411
115.183228,288,14350.765363
52.516719,288,14351.039474
57.490289,288,14351.313659
-21.190965,288,14351.588421
54.052104,288,14351.860953
96.89155,288,14352.134778
99.733986,288,14352.955637
79.544699,288,14353.227093
98.962455,288,14353.50172
-2.220926,288,14353.776487
-12.237071,288,14354.053684
7.914785,288,14354.233641
0.0,288,14354.471674
147.580089,288,14354.766558
14.425304,288,14354.959168
154.600568,288,14355.299491
33.472614,288,14355.580968
-1.946044,288,14355.854303
135.499491,288,14356.674176
97.578359,288,14356.944204
5.547772,288,14357.214231
69.797149,288,14357.488992
142.956023,288,14357.76228
10.372266,288,14358.033915
1.599355,288,14358.308411
129.908717,288,14359.126053
36.281069,288,14359.405661
17.481406,288,14359.678366
72.599328,288,14359.951243
138.770122,288,14360.222838
10.968538,288,14360.49413
16.771544,288,14360.763541
140.144062,288,14361.038516
44.326846,288,14361.216306
-5.489982,288,14361.392098
76.169936,288,14361.566682
-2.854447,288,14361.741619
139.801219,288,14362.571064
124.39406,288,14362.842299
115.700533,288,14363.119319
-12.994998,288,14363.389291
53.652298,288,14363.659326
30.732539,288,14363.927342
-3.046464,288,14364.197495
46.650287,288,14365.002295
35.289659,288,14365.273868
33.978567,288,14365.546752
104.500448,288,14365.819107
90.524546,288,14366.09041
76.137017,288,14366.361823
23.810338,288,14366.632677
-10.935794,288,14367.448055
15.861355,288,14367.719147
83.082589,288,14367.990289
80.184572,288,14368.262484
87.287641,288,14368.439112
0.0,288,14368.616919
43.837176,288,14368.790792
-7.770253,288,14368.966356
79.153321,288,14369.276301
35.913359,288,14369.700295
57.899433,288,14370.010609
32.013208,288,14370.282177
133.615817,288,14371.099643
69.526745,288,14371.371667
83.734326,288,14371.644349
11.668227,288,14371.915306
27.282198,288,14372.184757
-4.032135,288,14372.456532
116.402282,288,14372.728352
6.386009,288,14373.534758
-14.467193,288,14373.804486
-4.492217,288,14374.077583
80.648452,288,14374.349798
10.182172,288,14374.621342
8.748158,288,14374.891054
5.576937,288,14375.166303
198.207037,288,14375.343258
-7.178396,288,14375.520284
-2.98115,288,14375.694486
93.901611,288,14375.869013
60.974172,288,14376.68819
113.863911,288,14376.95981
4.868393,288,14377.231177
58.380364,288,14377.49894
145.443925,288,14377.769115
16.46317,288,14378.040453
16.105884,288,14378.307222
59.94562,288,14378.574188
-2.493662,288,14379.372031
116.306974,288,14379.643206
139.041934,288,14379.913785
40.259782,288,14380.180845
-17.783993,288,14380.452013
24.582057,288,14380.724407
44.455602,288,14380.995023
102.51782,288,14381.797781
24.590147,288,14382.070411
10.996018,288,14382.344629
46.74994,288,14382.521419
85.709864,288,14382.698636
23.249465,288,14382.874382
-1.34239,288,14383.050236
16.460806,288,14383.339002
148.708394,288,14383.614551
12.740176,288,14383.884322
76.545708,288,14384.157
19.911439,288,14385.185308
-10.983517,288,14385.457148
110.460944,288,14385.730847
80.244097,288,14386.001352
112.52308,288,14386.269049
-6.534115,288,14386.539114
115.487975,288,14386.806373
114.352509,288,14387.073198
80.647987,288,14387.892083
100.279992,288,14388.160738
37.142013,288,14388.430328
33.180202,288,14388.700157
-8.115381,288,14388.968626
128.935868,288,14389.241441
9.531409,288,14389.41739
4.041933,288,14389.591746
10.193825,288,14389.766528
25.042929,288,14389.94167
13.038316,288,14390.23486
92.265727,288,14391.058015
124.331776,288,14391.33008
65.586425,288,14391.600672
137.192022,288,14391.868761
35.579545,288,14392.139977
39.816446,288,14392.412905
-4.058679,288,14392.681508
23.801015,288,14393.503247
16.335197,288,14393.775397
53.482356,288,14394.045319
-13.282855,288,14394.312276
-7.79053,288,14394.578486
92.060709,288,14394.845598
-3.332281,288,14395.111742
101.959183,288,14395.927644
149.329454,288,14396.194543
-7.865264,288,14396.465209
138.470133,288,14396.638152
20.609168,288,14396.812066
38.544785,288,14396.986328
-7.864604,288,14397.161197
86.443102,288,14397.447396
63.146141,288,14397.717953
13.452022,288,14397.986864
267.500699,288,14398.253981
-4.224814,288,14398.520526
0.0,288,14399.316331
18.302122,288,14399.832296
-3.225056,288,14400.152962
71.823761,288,14400.430929
-16.794902,288,14400.702745
26.170963,288,14400.96889
-2.632452,288,14401.236309
93.589032,288,14402.030729
47.719253,288,14402.298901
70.036189,288,14402.564883
-11.750385,288,14402.835558
57.219562,288,14403.105297
42.834173,288,14403.376829
105.43076,288,14403.553599
54.517151,288,14403.730294
124.649675,288,14403.906567
103.182469,288,14404.081724
89.339256,288,14404.367442
7.034967,288,14404.637517
34.075408,288,14405.430946
-7.832027,288,14405.697185
91.488886,288,14405.962029
85.130075,288,14406.232754
-9.998732,288,14406.503782
-2.882857,288,14406.775046
-64.281347,288,14407.044737
9.960338,288,14407.854917
45.287045,288,14408.12308
39.293329,288,14408.402795
98.243123,288,14408.672998
116.337239,288,14408.945244
36.242485,288,14409.214649
-12.278115,288,14409.485718
1.494635,288,14410.306693
2.444689,288,14410.578294
107.458299,288,14410.753942
79.78353,288,14410.928344
-1.47516,288,14411.102134
72.829404,288,14411.278292
56.864098,288,14411.560314
57.341574,288,14411.835232
-5.653424,288,14412.102047
-149.557662,288,14412.370467
95.285481,288,14412.638097
49.752287,288,14412.904727
3.593236,288,14413.714012
104.93638,288,14413.981816
-6.561595,288,14414.2549
40.359724,288,14414.647116
14.82048,288,14414.993387
17.492534,288,14415.267897
-4.301717,288,14415.533863
72.855055,288,14416.354282
25.976565,288,14416.625647
53.155021,288,14416.896303
169.917969,288,14417.163925
57.642846,288,14417.439481
52.783154,288,14417.614617
82.951441,288,14417.789518
130.374444,288,14417.963087
123.514287,288,14418.139421
135.429528,288,14418.433535
37.19997,288,14418.708707
111.629628,288,14418.976632
95.534212,288,14419.791513
110.976278,288,14420.05836
-12.334826,288,14420.326978
78.26769,288,14420.594931
7.665633,288,14420.86117
106.159632,288,14421.12706
131.728759,288,14421.394591
-0.517575,288,14422.218833
32.104577,288,14422.497664
73.239844,288,14422.773481
75.985717,288,14423.044193
12.753592,288,14423.314345
107.218821,288,14423.584755
77.851116,288,14423.855752
94.503753,288,14424.128794
-4.148955,288,14424.305213
102.325898,288,14424.481051
0.0,288,14424.656636
127.650598,288,14424.833684
-17.740396,288,14425.657599
70.020949,288,14425.926832
63.434296,288,14426.198196
25.112799,288,14426.469585
7.286134,288,14426.740996
16.686989,288,14427.012694
-0.08267,288,14427.285374
135.001899,288,14428.106126
40.958613,288,14428.378443
38.171644,288,14428.649438
97.843109,288,14428.921584
26.463146,288,14429.19794
30.59165,288,14429.548951
137.234531,288,14429.932852
103.766579,288,14430.771639
88.668147,288,14431.042677
17.894156,288,14431.315284
-7.919764,288,14431.591172
132.350491,288,14431.767812
58.40803,288,14431.944281
33.937896,288,14432.121932
-11.135277,288,14432.300128
120.268953,288,14432.590839
46.884034,288,14432.866709
154.675079,288,14433.13886
55.514634,288,14433.4099
125.944679,288,14434.224036
119.621513,288,14434.495783
41.75468,288,14434.765295
144.0706,288,14435.03526
84.853872,288,14435.305221
102.747117,288,14435.576385
117.965306,288,14435.84482
104.001628,288,14436.661819
184.354767,288,14436.930369
34.918353,288,14437.200189
106.013274,288,14437.469004
85.781816,288,14437.734459
117.323099,288,14438.00294
72.066779,288,14438.275852
51.79828,288,14438.451774
23.577563,288,14438.626699
33.896738,288,14438.802883
43.336439,288,14438.977687
91.86775,288,14439.272619
142.891468,288,14440.090332
131.778413,288,14440.362329
-25.382455,288,14440.632616
49.384605,288,14440.901736
78.233766,288,14441.168722
102.452094,288,14441.436933
-8.900434,288,14441.703674
1.536698,288,14442.520709
32.255229,288,14442.792544
19.615044,288,14443.065634
21.601637,288,14443.339006
39.904934,288,14443.611804
20.350623,288,14443.886129
1.83024,288,14444.162774
21.854149,288,14445.179703
37.4218,288,14445.447368
18.435725,288,14445.720535
59.666735,288,14445.896097
97.42821,288,14446.071451
112.508092,288,14446.245133
-8.839158,288,14446.420788
56.332708,288,14446.704199
94.998911,288,14446.980801
72.698288,288,14447.250257
98.422389,288,14447.517215
82.627553,288,14447.786893
2.39169,288,14448.603721
43.144001,288,14448.873302
8.197843,288,14449.144554
115.061675,288,14449.413627
109.572006,288,14449.683175
85.518877,288,14449.951315
18.87965,288,14450.218376
40.549143,288,14451.030486
0.775862,288,14451.300199
1.683477,288,14451.568759
63.210832,288,14451.837684
15.174217,288,14452.102867
-11.764284,288,14452.379405
17.029358,288,14452.554097
39.930502,288,14452.730478
126.005741,288,14452.904056
72.59829,288,14453.078592
86.045037,288,14453.361198
101.857864,288,14454.181719
25.353681,288,14454.451117
47.42388,288,14454.717356
27.450589,288,14454.984206
96.278384,288,14455.252044
90.20469,288,14455.519763
192.37991,288,14455.786766
37.163331,288,14456.053758
43.862655,288,14456.864216
16.62374,288,14457.13114
134.081446,288,14457.398335
76.235266,288,14457.665764
86.19242,288,14457.931538
88.320834,288,14458.200275
73.563502,288,14458.468781
-6.164046,288,14459.282988
49.754949,288,14459.696458
52.854793,288,14459.926715
21.151757,288,14460.108132
-7.892898,288,14460.282953
40.782233,288,14460.458229
64.460165,288,14460.752039
133.923408,288,14461.026028
134.524335,288,14461.294695
25.173416,288,14461.561074
105.520304,288,14461.830679
2.651167,288,14462.644419
-6.867632,288,14462.913236
86.870041,288,14463.18007
20.529183,288,14463.44989
37.766212,288,14463.718044
86.755579,288,14463.98675
145.359714,288,14464.253018
57.313592,288,14464.520569
-47.547188,288,14465.332935
22.811831,288,14465.60243
17.238544,288,14465.872637
14.049591,288,14466.143584
69.827606,288,14466.418458
156.80736,288,14466.595858
-44.613481,288,14466.771668
41.335513,288,14466.946663
63.072596,288,14467.123539
-3.318744,288,14467.407433
14.348883,288,14467.685719
113.888136,288,14468.503993
56.349681,288,14468.771468
-11.721883,288,14469.041734
18.268545,288,14469.312514
92.652836,288,14469.588169
-22.146471,288,14469.858389
126.518409,288,14470.128897
193.391138,288,14470.948021
108.891917,288,14471.218544
110.560447,288,14471.487182
47.610194,288,14471.755151
1.118778,288,14472.022498
31.376708,288,14472.292213
-16.583374,288,14472.560249
20.840478,288,14472.830283
194.895398,288,14473.64928
65.975441,288,14473.824411
0.0,288,14473.999705
53.151477,288,14474.179466
63.367027,288,14474.356266
-59.709361,288,14474.824626
24.582389,288,14475.123961
107.534328,288,14475.419778
105.844662,288,14475.693584
108.815563,288,14475.960771
23.757615,288,14476.228322
76.45717,288,14477.040957
35.994157,288,14477.309225
152.374342,288,14477.577704
27.590325,288,14477.845614
120.732183,288,14478.111584
0.0,288,14478.381393
157.786156,288,14478.651594
22.630097,288,14479.466576
90.385352,288,14479.73917
1.297944,288,14480.013315
-22.423258,288,14480.287196
0.0,288,14480.567355
77.56501,288,14480.743544
21.390425,288,14480.921056
13.94381,288,14481.098633
0.0,288,14481.277967
-2.724025,288,14481.566707
5.576026,288,14481.840044
124.58543,288,14482.113902
30.893266,288,14482.938737
34.140129,288,14483.211972
38.24064,288,14483.483694
45.778709,288,14483.75407
94.724816,288,14484.024051
70.846939,288,14484.297364
94.838299,288,14484.570174
-19.043689,288,14485.393826
94.107521,288,14485.667744
75.949345,288,14485.939072
9.231114,288,14486.210589
18.644903,288,14486.484398
36.564383,288,14486.756166
49.397193,288,14487.027723
34.852153,288,14487.302763
-6.320651,288,14487.479449
25.363843,288,14487.658006
118.488423,288,14487.835831
37.699811,288,14488.013041
111.245444,288,14488.831994
142.908925,288,14489.104501
117.137261,288,14489.379856
44.438812,288,14489.839157
78.851495,288,14490.125111
107.289279,288,14490.398666
0.630037,288,14490.674157
75.020337,288,14491.497891
124.377236,288,14491.770817
99.547663,288,14492.043938
-9.564041,288,14492.316206
18.05235,288,14492.587083
70.155267,288,14492.854757
33.276103,288,14493.120849
146.140406,288,14493.91396
82.271173,288,14494.180216
111.100451,288,14494.446665
33.884775,288,14494.716894
16.626055,288,14494.891541
86.970975,288,14495.064751
-7.508446,288,14495.238098
98.144365,288,14495.410753
60.644901,288,14495.691173
0.0,288,14495.961571
11.842934,288,14496.231086
40.610117,288,14496.498605
96.391347,288,14497.287961
6.790338,288,14497.555223
90.703653,288,14497.822542
17.288134,288,14498.088974
126.750986,288,14498.356974
82.29477,288,14498.624901
86.751235,288,14498.893712
35.743706,288,14499.688037
12.512948,288,14499.957045
177.73177,288,14500.224211
47.658315,288,14500.488079
28.769609,288,14500.75431
106.903405,288,14501.023209
51.806561,288,14501.296289
-9.521306,288,14501.470457
-6.791139,288,14501.646096
-1.384175,288,14501.82036
37.490954,288,14501.99505
-7.842865,288,14502.281854
37.433119,288,14503.076244
96.243636,288,14503.345001
58.432147,288,14503.61462
117.502188,288,14503.883039
16.152824,288,14504.156717
69.938648,288,14504.452548
93.177062,288,14504.893391
87.430731,288,14505.702233
81.252846,288,14505.967672
129.566666,288,14506.234551
73.515344,288,14506.502038
75.0726,288,14506.770006
12.674885,288,14507.036676
65.396024,288,14507.303354
66.314226,288,14508.103956
93.31353,288,14508.372329
19.634248,288,14508.646291
29.883368,288,14508.821565
17.614394,288,14508.997625
121.87973,288,14509.172259
102.236733,288,14509.348527
-4.273266,288,14509.635442
82.063447,288,14509.908932
36.95745,288,14510.177345
26.349354,288,14510.446456
82.341775,288,14510.716618
41.228582,288,14511.523086
21.27901,288,14511.789067
23.820671,288,14512.056647
-36.161974,288,14512.325405
127.870128,288,14512.592906
105.235995,288,14512.859215
3.627267,288,14513.126606
66.07229,288,14513.938973
12.430877,288,14514.208179
35.604089,288,14514.478203
2.144109,288,14514.748256
151.882531,288,14515.018265
-9.964678,288,14515.290044
8.275675,288,14515.464702
12.769653,288,14515.639766
-60.837432,288,14515.814802
-32.013032,288,14515.989259
81.015013,288,14516.274209
62.411898,288,14516.54706
71.777711,288,14517.345631
1.684171,288,14517.614919
-15.5531,288,14517.883613
89.837175,288,14518.152895
159.289381,288,14518.422675
38.685288,288,14518.689363
3.945799,288,14518.956295
14.059128,288,14519.9691
60.36463,288,14520.245652
117.118675,288,14520.516048
112.796294,288,14520.788172
40.994982,288,14521.05704
61.901724,288,14521.327254
79.009131,288,14521.596561
168.243396,288,14522.400757
43.449064,288,14522.673782
79.533327,288,14522.851652
36.532901,288,14523.028451
40.210689,288,14523.204954
90.345881,288,14523.380696
1.646332,288,14523.670358
33.422457,288,14523.946309
12.38406,288,14524.219025
54.731764,288,14524.489409
13.805209,288,14524.763808
-9.253586,288,14525.038213
71.993313,288,14525.847182
141.540486,288,14526.117368
118.100682,288,14526.390232
-3.190555,288,14526.660023
190.7472,288,14526.930319
38.740267,288,14527.201324
115.723761,288,14527.472373
-12.187414,288,14528.285476
65.070161,288,14528.561697
31.184675,288,14528.831646
2.734615,288,14529.103864
-5.588167,288,14529.379204
-13.818006,288,14529.556222
49.324571,288,14529.733754
42.204899,288,14529.91223
-18.698377,288,14530.088463
97.856497,288,14530.380593
66.956202,288,14530.656369
26.15142,288,14531.462703
100.669489,288,14531.736377
29.216856,288,14532.007704
24.230242,288,14532.281413
117.844469,288,14532.551803
37.205255,288,14532.823896
112.752228,288,14533.092945
126.007515,288,14533.364239
39.554097,288,14534.181161
26.264407,288,14534.493286
23.109612,288,14534.920375
38.557629,288,14535.209402
-6.529233,288,14535.485607
58.601129,288,14535.76217
65.154779,288,14536.033694
236.668587,288,14536.856107
109.165559,288,14537.035667
30.369544,288,14537.212418
0.0,288,14537.38896
38.42889,288,14537.566297
113.36888,288,14537.856535
10.250668,288,14538.135943
24.073985,288,14538.406574
0.0,288,14538.681451
67.954767,288,14538.953028
31.34519,288,14539.224255
36.079901,288,14540.036592
38.675763,288,14540.309267
84.189861,288,14540.580553
23.612944,288,14540.852984
22.476632,288,14541.123621
121.653564,288,14541.394214
117.273601,288,14541.664693
13.658496,288,14541.936953
-11.325115,288,14542.758069
2.465214,288,14543.034966
39.353265,288,14543.314666
96.308875,288,14543.591842
104.509996,288,14543.772165
142.225773,288,14543.948478
1.579979,288,14544.125149
-4.040887,288,14544.301671
55.691999,288,14544.584291
114.967834,288,14544.858884
101.497376,288,14545.133675
92.662799,288,14545.957274
-9.329971,288,14546.230388
112.638343,288,14546.502128
108.626906,288,14546.775441
119.398476,288,14547.048952
57.031743,288,14547.319618
186.494593,288,14547.588674
74.824407,288,14548.404578
25.308807,288,14548.67715
-6.909666,288,14548.948566
78.887522,288,14549.223814
46.71177,288,14549.563205
43.267494,288,14549.971761
117.10249,288,14550.249937
32.567202,288,14550.525928
53.235849,288,14550.706115
161.954944,288,14550.88325
28.21788,288,14551.060535
0.0,288,14551.237556
67.895374,288,14552.057007
-4.661702,288,14552.32776
73.686837,288,14552.599925
80.287369,288,14552.872707
32.020912,288,14553.144161
159.347738,288,14553.41537
35.401075,288,14553.687555
103.815831,288,14554.504522
177.960625,288,14554.775399
29.663278,288,14555.044889
38.67658,288,14555.313118
31.515932,288,14555.582558
120.483118,288,14555.851073
-8.735647,288,14556.119342
115.235844,288,14556.933056
12.023289,288,14557.200244
-0.270281,288,14557.467284
-14.590143,288,14557.738144
-79.651785,288,14557.912257
41.437143,288,14558.08604
-4.778833,288,14558.262673
28.255664,288,14558.438275
-6.014078,288,14558.723926
18.791187,288,14558.997723
11.502836,288,14559.264618
69.105531,288,14559.532676
-18.105279,288,14560.338672
38.574887,288,14560.60909
-0.24997,288,14560.87526
54.032048,288,14561.145196
10.119016,288,14561.413934
41.450357,288,14561.683361
-8.901709,288,14561.952516
10.477746,288,14562.760691
20.723353,288,14563.029685
58.472128,288,14563.299227
-15.446434,288,14563.567578
109.684655,288,14563.834036
8.079057,288,14564.104401
-27.844708,288,14564.384197
82.616758,288,14564.696931
8.094636,288,14565.000047
54.064114,288,14565.218219
94.424936,288,14565.397573
145.64046,288,14565.696486
125.536481,288,14566.507579
16.445036,288,14566.776486
-2.448792,288,14567.042464
1.987096,288,14567.311062
65.846356,288,14567.579299
6.933157,288,14567.846693
123.220669,288,14568.115039
-7.191772,288,14568.922472
70.524702,288,14569.190562
148.073763,288,14569.459597
97.787668,288,14569.727076
52.745038,288,14569.994094
-5.518691,288,14570.262269
85.395482,288,14570.532523
27.63108,288,14571.341751
72.843525,288,14571.610465
59.625857,288,14571.883217
44.385681,288,14572.056855
-4.241049,288,14572.232371
-5.06489,288,14572.407505
21.952604,288,14572.581145
125.377474,288,14572.866551
-8.709563,288,14573.139503
56.262849,288,14573.407409
5.601526,288,14573.67556
6.566612,288,14573.943379
81.027789,288,14574.750746
37.190999,288,14575.019845
5.155825,288,14575.287848
120.00606,288,14575.555306
25.872135,288,14575.823144
75.259575,288,14576.090465
115.698715,288,14576.359721
90.863085,288,14577.172186
128.305073,288,14577.44415
-153.365993,288,14577.716595
44.30448,288,14577.98956
29.331791,288,14578.261656
96.210396,288,14578.534942
-1.206113,288,14578.712481
66.874775,288,14578.890023
-13.691121,288,14579.067228
47.734735,288,14579.246303
21.756942,288,14579.616106
83.457094,288,14580.009463
109.941214,288,14580.843784
120.927368,288,14581.112308
54.044567,288,14581.381782
78.676713,288,14581.650721
5.033843,288,14581.918374
29.145125,288,14582.18651
64.144752,288,14582.454123
17.664451,288,14583.268166
-22.879224,288,14583.535757
74.429389,288,14583.804801
100.809336,288,14584.071902
81.265349,288,14584.337966
28.777751,288,14584.60414
82.834283,288,14584.874399
106.615816,288,14585.66764
0.0,288,14585.937994
41.37367,288,14586.112473
103.326972,288,14586.286506
9.730703,288,14586.460762
116.496767,288,14586.635306
129.534942,288,14586.917708
28.252957,288,14587.18859
220.400301,288,14587.454575
65.70425,288,14587.72062
10.93544,288,14587.9875
30.810375,288,14588.269774
65.466127,288,14589.064796
43.64981,288,14589.331702
25.989912,288,14589.602778
115.592049,288,14589.872896
33.437065,288,14590.142023
77.657352,288,14590.411374
111.197447,288,14590.680647
13.654549,288,14591.476193
156.346149,288,14591.742721
23.937848,288,14592.008407
205.153962,288,14592.27518
18.274504,288,14592.54634
-16.967619,288,14592.721472
58.46939,288,14592.896867
0.0,288,14593.072221
65.841861,288,14593.245173
56.00031,288,14593.529511
81.490578,288,14593.805613
145.927565,288,14594.075535
9.306249,288,14595.092163
-75.296486,288,14595.371768
66.292289,288,14595.644346
148.767771,288,14595.911554
91.907063,288,14596.180831
34.816531,288,14596.446082
81.020332,288,14596.71597
129.912537,288,14597.507663
10.180958,288,14597.773154
26.414375,288,14598.03927
-7.826773,288,14598.307498
-3.375329,288,14598.576485
26.140871,288,14598.844412
28.000369,288,14599.109836
63.678079,288,14599.384338
19.994487,288,14599.559333
98.213821,288,14599.730623
68.421362,288,14599.905673
47.981166,288,14600.081515
59.956191,288,14600.881756
143.851106,288,14601.150075
50.00912,288,14601.420307
106.945385,288,14601.689339
14.431379,288,14601.956585
82.463604,288,14602.226286
1.023425,288,14602.495528
0.09682,288,14603.302171
-2.143113,288,14603.572506
43.150221,288,14603.83963
38.85894,288,14604.108316
115.757539,288,14604.377693
62.935744,288,14604.642346
116.880113,288,14604.908401
135.86267,288,14605.72384
84.433237,288,14605.998291
72.765302,288,14606.272031
43.91976,288,14606.548077
123.803859,288,14606.725598
141.056998,288,14606.901574
127.661015,288,14607.078471
-10.628779,288,14607.25756
108.305879,288,14607.546283
56.362283,288,14607.821464
100.595645,288,14608.092603
65.595216,288,14608.365471
64.692364,288,14609.174441
26.941787,288,14609.441559
-1.445884,288,14609.898011
37.619948,288,14610.185969
101.094605,288,14610.45708
16.717798,288,14610.725371
21.022709,288,14610.993494
79.644573,288,14611.811845
1.369724,288,14612.080012
22.413394,288,14612.347677
-6.807665,288,14612.615255
70.730573,288,14612.882484
58.694937,288,14613.148822
1.552292,288,14613.419007
170.77983,288,14613.593051
44.619136,288,14613.766924
150.612721,288,14613.941347
4.127196,288,14614.116981
-10.767177,288,14614.958527
39.735789,288,14615.230703
55.333207,288,14615.499894
32.600132,288,14615.768455
65.299159,288,14616.040102
58.371515,288,14616.368137
50.274724,288,14616.638012
-5.817597,288,14617.457289
4.415285,288,14617.729244
43.019409,288,14618.002154
-26.563297,288,14618.273948
104.681068,288,14618.546132
104.622745,288,14618.815423
90.675677,288,14619.087621
107.535495,288,14619.360175
31.978964,288,14620.180103
-1.231363,288,14620.456395
110.068179,288,14620.730956
145.54859,288,14620.906874
28.08787,288,14621.081979
0.0,288,14621.258773
78.055302,288,14621.43626
123.719593,288,14621.72544
83.026428,288,14622.003234
54.044698,288,14622.274761
107.005183,288,14622.545499
56.562333,288,14623.366196
188.030265,288,14623.640762
50.651704,288,14623.912706
141.590447,288,14624.189187
-9.430426,288,14624.474167
36.78799,288,14624.923375
-0.684461,288,14625.209079
98.460893,288,14626.0362
158.320658,288,14626.309064
50.360002,288,14626.581398
43.435898,288,14626.855178
25.375869,288,14627.127192
13.176199,288,14627.401479
16.366391,288,14627.67838
171.129279,288,14627.856114
162.326301,288,14628.033154
172.588469,288,14628.211232
27.2817,288,14628.39031
58.100361,288,14628.698743
123.716186,288,14629.510698
151.127461,288,14629.778197
15.516388,288,14630.047234
87.929705,288,14630.323624
4.296649,288,14630.593281
21.357505,288,14630.862625
-139.764061,288,14631.130988
43.846573,288,14631.926261
10.440135,288,14632.195521
95.204385,288,14632.463094
79.010913,288,14632.726922
2.142175,288,14632.99525
-21.006498,288,14633.266547
139.605021,288,14633.536026
45.567629,288,14634.34278
115.238556,288,14634.609635
15.116069,288,14634.879423
101.823373,288,14635.053549
65.986103,288,14635.227415
30.283862,288,14635.401087
80.519048,288,14635.57715
22.672225,288,14635.864044
-161.578742,288,14636.138144
-0.244502,288,14636.411157
26.869546,288,14636.683672
-14.170085,288,14636.955259
20.86599,288,14637.775147
90.974314,288,14638.046688
56.899863,288,14638.322338
201.29425,288,14638.596693
89.854852,288,14638.86937
-8.780552,288,14639.139499
104.707667,288,14639.417156
92.203215,288,14640.535355
83.493239,288,14640.807294
11.291825,288,14641.074926
66.630045,288,14641.345033
73.071949,288,14641.616322
23.634325,288,14641.889287
32.27831,288,14642.065356
129.369857,288,14642.239482
54.584264,288,14642.415131
99.405422,288,14642.590774
104.972044,288,14642.884095
41.827716,288,14643.158599
14.050324,288,14643.968367
132.844398,288,14644.246519
-2.11849,288,14644.512019
33.051625,288,14644.78105
155.082603,288,14645.049816
24.053107,288,14645.318707
147.303515,288,14645.586294
10.55389,288,14646.398674
92.396383,288,14646.666912
-7.477628,288,14646.932827
76.774512,288,14647.201156
27.782118,288,14647.471338
36.401698,288,14647.741601
105.959881,288,14648.012784
20.089076,288,14648.841362
110.093104,288,14649.120117
32.92041,288,14649.297249
43.533538,288,14649.47713
73.305178,288,14649.65459
43.282527,288,14649.833378
113.212048,288,14650.123125
7.886716,288,14650.398846
243.523211,288,14650.672335
67.352532,288,14650.941005
-2.475854,288,14651.214082
117.611237,288,14651.486607
65.569066,288,14652.3053
84.890706,288,14652.579704
49.514432,288,14652.852683
40.13253,288,14653.124047
32.889858,288,14653.394673
71.306377,288,14653.665987
-4.257865,288,14653.936531
66.252257,288,14654.957294
50.737957,288,14655.232492
25.749655,288,14655.504246
120.01701,288,14655.773075
12.997362,288,14656.043807
44.202463,288,14656.219657
-6.131999,288,14656.396198
-0.220529,288,14656.572403
23.288053,288,14656.748132
65.385056,288,14657.032137
79.729652,288,14657.307545
9.524832,288,14657.575465
77.19824,288,14658.386312
56.965833,288,14658.656859
124.054811,288,14658.925202
205.63019,288,14659.191185
17.487012,288,14659.45999
10.155628,288,14659.727915
14.853159,288,14659.995963
6.183632,288,14660.81251
20.65058,288,14661.080791
152.473576,288,14661.347105
33.650608,288,14661.613311
16.926154,288,14661.87937
57.343378,288,14662.146596
56.712059,288,14662.414283
133.835965,288,14662.684584
3.200295,288,14662.859245
45.90275,288,14663.034335
66.188253,288,14663.209736
-8.052394,288,14663.384116
-41.355571,288,14664.200559
102.4302,288,14664.47389
115.172094,288,14664.740452
68.088002,288,14665.009778
-0.841686,288,14665.278466
34.259369,288,14665.549094
32.458245,288,14665.818617
26.754538,288,14666.634056
72.417997,288,14666.901543
135.539073,288,14667.170313
79.043634,288,14667.439813
-4.598536,288,14667.708634
30.094413,288,14667.975545
21.117144,288,14668.24437
69.753732,288,14669.058957
49.533736,288,14669.333498
-12.162466,288,14669.705426
52.831125,288,14670.075997
85.986786,288,14670.255229
78.475944,288,14670.430338
94.843103,288,14670.607802
100.140819,288,14670.783588
129.828223,288,14671.069379
86.069924,288,14671.341418
-8.727004,288,14671.60801
157.135389,288,14671.876175
21.651104,288,14672.676997
118.513876,288,14672.943876
44.283741,288,14673.211097
178.065648,288,14673.477757
-3.328494,288,14673.746306
11.411789,288,14674.015635
-21.584235,288,14674.282299
4.047049,288,14675.091384
56.560988,288,14675.360574
148.785481,288,14675.631496
-1.560238,288,14675.89852
-14.78404,288,14676.164244
40.870727,288,14676.433913
104.898889,288,14676.70506
-5.565789,288,14676.880368
14.948918,288,14677.05619
-3.071748,288,14677.231861
123.400402,288,14677.406601
59.347274,288,14677.691615
113.327227,288,14678.496989
19.283092,288,14678.762854
-0.39437,288,14679.032206
160.349156,288,14679.299443
60.403009,288,14679.567767
67.437795,288,14679.834266
49.797839,288,14680.101478
26.911481,288,14680.912002
42.865998,288,14681.180268
40.178048,288,14681.447785
86.428298,288,14681.715704
93.60392,288,14681.983028
11.305522,288,14682.251834
184.445667,288,14682.518907
-6.57971,288,14683.330152
47.664091,288,14683.600003
27.427256,288,14683.871588
89.277744,288,14684.046198
-149.656994,288,14684.22272
138.911464,288,14684.39849
48.469113,288,14684.65108
2.561944,288,14685.057705
114.762039,288,14685.334761
134.194413,288,14685.606238
80.226273,288,14685.878203
57.177384,288,14686.144494
19.585645,288,14686.954793
51.909832,288,14687.222995
123.743073,288,14687.490317
42.296584,288,14687.757461
89.702344,288,14688.023854
23.327082,288,14688.29241
-1.120184,288,14688.560199
30.618884,288,14689.373479
125.355164,288,14689.638955
97.713757,288,14689.905052
49.502261,288,14690.173145
123.505702,288,14690.441746
-9.154046,288,14690.714704
44.805955,288,14690.889717
-1.158663,288,14691.064296
38.886364,288,14691.239982
-3.977762,288,14691.414057
-14.439472,288,14691.701368
48.695614,288,14692.512607
-14.193265,288,14692.781873
-5.21009,288,14693.051667
-5.993556,288,14693.319594
19.348202,288,14693.587537
-11.994658,288,14693.854396
81.984787,288,14694.122466
124.60337,288,14694.392007
77.012389,288,14695.210104
112.103393,288,14695.47912
67.131412,288,14695.749533
40.713577,288,14696.018961
83.236315,288,14696.28862
54.970681,288,14696.558514
59.569151,288,14696.827486
11.655558,288,14697.638546
-1.477836,288,14697.908396
143.343829,288,14698.082138
6.670531,288,14698.256419
79.943528,288,14698.430789
137.829597,288,14698.605671
34.305578,288,14698.89178
129.251578,288,14699.163445
97.601023,288,14699.438557
33.642053,288,14699.905659
128.643119,288,14700.198372
20.155381,288,14701.02685
11.222501,288,14701.300036
13.906428,288,14701.572133
10.259323,288,14701.844659
33.949706,288,14702.117709
52.727625,288,14702.392302
82.215863,288,14702.664685
47.729012,288,14703.483846
1.460255,288,14703.757712
44.439895,288,14704.028598
35.410605,288,14704.300276
93.226161,288,14704.571512
198.559253,288,14704.847308
13.314109,288,14705.024295
96.07038,288,14705.201284
153.871286,288,14705.37813
106.768542,288,14705.555507
7.948683,288,14705.863031
-12.863096,288,14706.139946
66.82996,288,14706.957934
97.386918,288,14707.234245
29.300922,288,14707.508277
116.704467,288,14707.781545
109.172984,288,14708.052184
138.356475,288,14708.340484
147.179301,288,14708.612
-102.283154,288,14709.43291
14.910637,288,14709.701662
-39.895064,288,14709.971058
28.855829,288,14710.244161
251.893507,288,14710.51669
148.362216,288,14710.78786
94.083433,288,14711.059567
-1.931649,288,14711.879774
30.89661,288,14712.158016
86.667612,288,14712.335617
93.487706,288,14712.513222
21.707014,288,14712.691029
26.490313,288,14712.867433
78.072997,288,14713.157092
93.187362,288,14713.432043
-17.665401,288,14713.706191
120.301966,288,14713.978448
103.21827,288,14714.255391
15.535098,288,14714.559347
36.774835,288,14715.565347
116.474842,288,14715.841513
29.694518,288,14716.115258
147.769425,288,14716.387159
30.824479,288,14716.661081
-12.563905,288,14716.932587
38.34523,288,14717.20294
-48.786984,288,14718.007756
50.999822,288,14718.283574
81.661029,288,14718.558443
150.371847,288,14718.828733
-4.275448,288,14719.103561
54.024281,288,14719.283491
84.623149,288,14719.462231
17.495058,288,14719.638752
8.716995,288,14719.815877
-0.398081,288,14720.105831
55.928357,288,14720.382634
119.553651,288,14720.654375
65.943285,288,14721.451092
160.935284,288,14721.724002
135.863959,288,14721.994124
151.156543,288,14722.265765
123.833933,288,14722.535849
-7.001354,288,14722.807019
59.582348,288,14723.079124
140.435911,288,14723.891762
81.683587,288,14724.161625
-4.351942,288,14724.428912
59.130617,288,14724.695031
176.573306,288,14724.962436
65.988022,288,14725.232207
129.823232,288,14725.504041
49.323824,288,14725.77991
83.599577,288,14725.957043
74.836589,288,14726.134966
61.287827,288,14726.312938
116.41575,288,14726.49076
56.869457,288,14727.305721
81.224057,288,14727.572093
-2.253719,288,14727.840134
105.513904,288,14728.106141
209.091324,288,14728.373857
50.595558,288,14728.639559
50.478697,288,14728.908563
79.441795,288,14729.930118
123.752996,288,14730.288428
-28.286529,288,14730.57059
116.633595,288,14730.846692
163.360505,288,14731.11551
101.798351,288,14731.387029
76.13701,288,14731.657319
116.033332,288,14732.476265
61.379052,288,14732.744208
135.894648,288,14733.015305
82.412947,288,14733.287157
135.57795,288,14733.462413
62.211971,288,14733.637823
133.365805,288,14733.814066
27.477526,288,14733.988047
52.248537,288,14734.268797
86.184185,288,14734.54458
25.812012,288,14734.816804
-82.566512,288,14735.084019
-4.899491,288,14735.891624
147.139349,288,14736.160478
9.002855,288,14736.430514
32.456049,288,14736.69948
63.177606,288,14736.968544
28.298546,288,14737.236979
45.477237,288,14737.50824
18.290241,288,14738.324925
67.226136,288,14738.594263
46.389621,288,14738.863085
41.693372,288,14739.13423
28.513347,288,14739.407266
8.975383,288,14739.677955
36.110711,288,14739.950805
170.813971,288,14740.129399
180.257077,288,14740.307857
89.056944,288,14740.486631
52.607978,288,14740.662638
50.783523,288,14740.950481
121.878134,288,14741.775818
116.942639,288,14742.050543
-4.293895,288,14742.323317
118.415417,288,14742.592617
92.003255,288,14742.861794
146.564315,288,14743.132164
89.537792,288,14743.40648
101.248391,288,14744.23062
13.601234,288,14744.506279
58.648964,288,14744.975343
125.546263,288,14745.268375
85.561987,288,14745.539372
72.041661,288,14745.814433
75.159319,288,14746.08644
28.01194,288,14746.912712
44.92348,288,14747.187294
69.331699,288,14747.46227
179.729563,288,14747.640146
148.773683,288,14747.816807
119.494163,288,14747.995929
40.12652,288,14748.173805
43.139626,288,14748.464584
125.991055,288,14748.744164
124.516838,288,14749.017132
40.558222,288,14749.289401
20.201766,288,14749.561593
39.156256,288,14750.382478
16.015995,288,14750.655552
101.651079,288,14750.928807
53.507833,288,14751.199517
38.194155,288,14751.474345
150.15906,288,14751.745804
49.343644,288,14752.017398
123.995669,288,14752.832536
-21.766171,288,14753.104339
-22.440388,288,14753.377348
148.02977,288,14753.649806
63.683824,288,14753.923188
149.673667,288,14754.199408
-56.719181,288,14754.377106
115.960149,288,14754.554671
94.071128,288,14754.732181
13.718544,288,14754.910018
42.872763,288,14755.199363
136.061709,288,14755.476431
3.459299,288,14756.288732
71.462598,288,14756.558352
98.340299,288,14756.82785
-12.161035,288,14757.098753
234.519441,288,14757.375964
110.824259,288,14757.648401
25.396536,288,14757.920166
40.035634,288,14758.73742
102.570346,288,14759.007425
-9.060073,288,14759.281295
87.364566,288,14759.589552
29.920746,288,14760.021437
19.524291,288,14760.305448
72.341389,288,14760.576617
91.193459,288,14761.401165
0.0,288,14761.675435
-0.139022,288,14761.853635
15.347828,288,14762.031483
70.070568,288,14762.209238
-14.707632,288,14762.385464
119.867116,288,14762.677341
107.569875,288,14762.952565
118.992536,288,14763.225467
79.899817,288,14763.49548
160.354271,288,14763.765211
9.419596,288,14764.040213
80.057478,288,14764.861517
142.275901,288,14765.133225
24.059003,288,14765.403287
30.034196,288,14765.674987
120.649425,288,14765.947397
156.63374,288,14766.217748
52.059641,288,14766.487402
23.884851,288,14767.307807
6.985445,288,14767.579575
0.0,288,14767.851721
116.663294,288,14768.122362
151.482205,288,14768.410336
-11.663349,288,14768.590115
64.278099,288,14768.768251
-40.583012,288,14768.946463
25.999284,288,14769.124403
89.762854,288,14769.415443
-22.355753,288,14769.691113
50.45783,288,14770.510246
6.077647,288,14770.785817
158.359133,288,14771.05639
71.429595,288,14771.328721
112.768189,288,14771.601074
56.634993,288,14771.871971
91.578918,288,14772.143729
17.211166,288,14772.416349
25.87781,288,14773.237524
164.524855,288,14773.510729
108.447047,288,14773.780715
31.617753,288,14774.053132
34.130633,288,14774.331958
34.438499,288,14774.670547
87.11387,288,14775.074461
76.52115,288,14775.920004
107.064994,288,14776.097008
46.162837,288,14776.275143
116.992147,288,14776.453041
99.477912,288,14776.631232
-10.831063,288,14776.921578
131.01682,288,14777.199596
11.955057,288,14777.471536
19.600326,288,14777.743248
60.677284,288,14778.013721
19.587389,288,14778.285961
100.935263,288,14779.109132
4.278437,288,14779.381031
162.50235,288,14779.649386
8.925551,288,14779.918063
44.400128,288,14780.186827
61.42861,288,14780.455634
52.350077,288,14780.723023
136.217145,288,14780.988042
19.211746,288,14781.796893
2.332309,288,14782.064306
50.066074,288,14782.331369
60.039309,288,14782.601831
-8.533838,288,14782.776587
126.688698,288,14782.952896
166.546623,288,14783.128673
86.550339,288,14783.305214
86.274715,288,14783.589368
41.804598,288,14783.863348
48.284158,288,14784.132518
165.778698,288,14784.936567
-4.997596,288,14785.206398
108.078119,288,14785.472373
34.042104,288,14785.743503
86.857622,288,14786.013094
7.678357,288,14786.280095
11.237327,288,14786.547444
-13.50783,288,14787.349678
131.108459,288,14787.617288
51.868332,288,14787.88273
-17.468574,288,14788.150393
53.941048,288,14788.421781
4.309657,288,14788.690259
47.35401,288,14788.957214
159.092673,288,14789.229329
6.773257,288,14789.405632
9.710371,288,14789.623521
182.409738,288,14789.938542
105.12722,288,14790.119818
75.257591,288,14790.930624
50.172879,288,14791.198941
-6.382628,288,14791.46636
16.669926,288,14791.734651
102.077895,288,14792.001294
46.209649,288,14792.270264
6.069107,288,14792.54067
35.796812,288,14793.358096
25.8468,288,14793.623961
127.907161,288,14793.890667
64.908298,288,14794.158773
27.549369,288,14794.428257
67.608396,288,14794.696239
108.008303,288,14794.964504
0.0,288,14795.782285
31.159111,288,14796.055789
-11.270983,288,14796.32674
49.272355,288,14796.601772
1.959643,288,14796.780004
164.130658,288,14796.959349
-0.882983,288,14797.13745
30.624279,288,14797.316752
14.70313,288,14797.60847
124.455999,288,14797.881128
94.178172,288,14798.155433
18.579104,288,14798.426824
120.529331,288,14799.242781
77.750583,288,14799.510627
81.823843,288,14799.778465
1.51246,288,14800.047039
-11.977001,288,14800.31503
-7.433876,288,14800.58499
67.812417,288,14800.854568
40.291515,288,14801.664286
-16.019918,288,14801.934246
35.467849,288,14802.203569
94.503698,288,14802.471416
102.110525,288,14802.739913
49.570965,288,14803.006487
-2.598889,288,14803.279526
130.479234,288,14803.455694
18.914678,288,14803.631014
122.546981,288,14803.806838
200.62151,288,14803.98205
-53.891236,288,14804.263475
-0.137395,288,14805.354571
19.438506,288,14805.634978
79.276921,288,14805.905805
64.254951,288,14806.175324
33.79121,288,14806.446094
36.705638,288,14806.717987
5.587128,288,14806.988229
27.420431,288,14807.804914
-4.575071,288,14808.074
154.375369,288,14808.341438
33.919796,288,14808.613381
10.53494,288,14808.884296
22.618485,288,14809.15345
-10.001319,288,14809.421788
19.505754,288,14810.241582
79.622815,288,14810.512174
208.317552,288,14810.786407
103.096445,288,14810.963222
-21.47963,288,14811.13954
15.987329,288,14811.314529
21.191396,288,14811.489914
29.237452,288,14811.776238
0.312897,288,14812.046533
61.429493,288,14812.315291
47.351942,288,14812.582439
10.827523,288,14812.847482
4.810954,288,14813.655759
59.675998,288,14813.925736
7.257614,288,14814.195714
65.43916,288,14814.464337
16.75232,288,14814.734357
89.589298,288,14815.002951
84.734638,288,14815.273202
32.348471,288,14816.081634
109.6149,288,14816.354077
110.036031,288,14816.624501
43.218689,288,14816.894707
65.573705,288,14817.165043
9.906046,288,14817.439282
110.443296,288,14817.6171
136.01847,288,14817.795421
88.772679,288,14817.973068
33.940301,288,14818.149405
149.96466,288,14818.438876
12.719607,288,14818.715266
166.726383,288,14819.539892
93.067466,288,14820.005368
93.218163,288,14820.285397
-20.472548,288,14820.554313
32.656005,288,14820.823056
161.691984,288,14821.092303
19.470518,288,14821.362113
13.616352,288,14822.158827
19.966047,288,14822.429698
127.632458,288,14822.696154
-0.995641,288,14822.96259
61.113028,288,14823.229778
20.710106,288,14823.499018
61.180557,288,14823.7674
14.850128,288,14824.568931
61.528706,288,14824.844164
34.580548,288,14825.0191
0.0,288,14825.193574
91.146193,288,14825.367119
-1.118781,288,14825.541467
87.156676,288,14825.829229
15.639816,288,14826.098384
129.867467,288,14826.367788
139.401332,288,14826.636175
143.673158,288,14826.904993
137.23258,288,14827.171403
154.549721,288,14827.970064
36.738358,288,14828.241438
41.508358,288,14828.518719
63.350873,288,14828.787459
112.582121,288,14829.054707
60.337434,288,14829.323303
205.517522,288,14829.594049
74.362044,288,14830.403798
104.500559,288,14830.67845
-6.053102,288,14830.952
-48.030855,288,14831.231242
77.553019,288,14831.508363
17.830953,288,14831.687756
4.885528,288,14831.863763
37.850522,288,14832.04011
119.427506,288,14832.218338
120.435697,288,14832.507782
-8.242545,288,14832.783168
94.185597,288,14833.05492
10.486669,288,14833.859501
50.517935,288,14834.137958
5.177175,288,14834.41608
20.402135,288,14834.808218
17.773135,288,14835.177434
1.690966,288,14835.500291
34.673449,288,14835.777016
11.103707,288,14836.601832
148.99038,288,14836.872815
7.997966,288,14837.143748
129.938927,288,14837.414228
35.463917,288,14837.685055
88.961877,288,14837.956227
-11.260005,288,14838.22647
0.0,288,14839.032835
-1.331481,288,14839.211959
106.28513,288,14839.391042
78.899202,288,14839.56829
56.738011,288,14839.74479
95.008518,288,14840.031985
82.781818,288,14840.308279
3.675694,288,14840.579668
142.784256,288,14840.848672
31.171872,288,14841.116475
79.582533,288,14841.387813
16.402169,288,14841.656285
-5.352056,288,14842.459599
106.976733,288,14842.728853
261.812297,288,14842.999676
13.083572,288,14843.270484
70.996982,288,14843.540381
-4.340265,288,14843.822142
19.624917,288,14844.101591
26.357913,288,14844.922146
9.730294,288,14845.190024
56.838857,288,14845.458993
51.642458,288,14845.729334
-26.772534,288,14845.906005
85.647714,288,14846.081379
86.918075,288,14846.256704
74.355371,288,14846.432631
148.245293,288,14846.717906
1.124135,288,14846.997915
90.055161,288,14847.267954
105.019711,288,14848.083237
33.105377,288,14848.35526
55.78019,288,14848.623712
15.464136,288,14848.890983
42.995942,288,14849.160357
89.430114,288,14849.434598
53.306485,288,14849.821355
190.220897,288,14850.168006
45.663005,288,14850.994622
24.876577,288,14851.267287
85.828747,288,14851.534309
30.553991,288,14851.801686
32.970213,288,14852.069018
96.894597,288,14852.337153
-18.219053,288,14852.611182
44.358773,288,14852.786289
-5.100238,288,14852.962204
-35.330971,288,14853.138226
-2.623403,288,14853.315161
29.168479,288,14854.141653
50.948082,288,14854.410958
-33.913038,288,14854.680289
128.194329,288,14854.948062
138.754665,288,14855.223513
91.483067,288,14855.494597
82.390521,288,14855.761955
153.49904,288,14856.572389
43.603412,288,14856.841079
16.210641,288,14857.105787
131.071009,288,14857.373797
87.616566,288,14857.642684
111.305547,288,14857.910618
23.100932,288,14858.177755
257.758118,288,14858.448536
208.586629,288,14859.263103
24.026531,288,14859.52986
19.30059,288,14859.80148
-5.062088,288,14859.975414
131.953386,288,14860.1511
47.849955,288,14860.32699
12.688163,288,14860.502208
28.182594,288,14860.788609
-116.84358,288,14861.061617
171.086089,288,14861.330563
80.362728,288,14861.596914
35.9186,288,14862.404963
34.921054,288,14862.674597
24.804396,288,14862.944182
156.321335,288,14863.213224
88.057431,288,14863.479718
47.89867,288,14863.746433
17.199453,288,14864.013265
112.512909,288,14865.016097
6.208776,288,14865.301161
-7.176124,288,14865.57196
17.848687,288,14865.840593
9.709403,288,14866.110197
128.185398,288,14866.37764
7.492304,288,14866.649964
95.697447,288,14866.824028
5.018574,288,14866.999346
-2.42499,288,14867.173618
62.140239,288,14867.347762
53.297401,288,14867.634818
31.168607,288,14868.444937
2.709584,288,14868.714166
85.707362,288,14868.983254
96.642115,288,14869.250416
24.71606,288,14869.517763
0.0,288,14869.786526
7.332084,288,14870.055824
85.277994,288,14870.846896
54.48297,288,14871.115566
120.036095,288,14871.38184
66.547218,288,14871.651561
60.293624,288,14871.920811
2.093666,288,14872.19053
37.626844,288,14872.462027
51.713686,288,14873.259109
66.492448,288,14873.527814
102.536278,288,14873.79892
79.42831,288,14873.972936
47.958079,288,14874.146426
137.06512,288,14874.320532
99.659608,288,14874.496243
132.678923,288,14874.776807
21.30318,288,14875.047012
15.160783,288,14875.315075
99.744476,288,14875.58096
35.223901,288,14875.847772
27.325087,288,14876.647321
-15.55989,288,14876.919042
47.675101,288,14877.186523
32.275733,288,14877.454782
53.492149,288,14877.720616
52.297383,288,14877.989688
21.213294,288,14878.258138
36.847607,288,14879.064739
30.957503,288,14879.339005
0.117704,288,14879.648298
-6.969756,288,14880.084406
70.398914,288,14880.368794
-4.867859,288,14880.651092
-12.594581,288,14880.826202
0.0,288,14881.001847
-2.865677,288,14881.176076
100.447057,288,14881.350172
98.836671,288,14881.633393
16.828547,288,14881.906968
15.220759,288,14882.712765
-17.336546,288,14882.982611
31.196046,288,14883.250196
83.478562,288,14883.519262
4.401033,288,14883.78625
94.680705,288,14884.054687
89.671888,288,14884.370867
48.678192,288,14885.186543
35.901846,288,14885.460032
9.657333,288,14885.731774
78.335409,288,14885.999041
-0.443432,288,14886.267648
101.580758,288,14886.535917
37.808052,288,14886.804223
48.44713,288,14887.618508
134.425082,288,14887.891137
-7.080012,288,14888.06582
34.593007,288,14888.251746
38.315966,288,14888.427838
74.829415,288,14888.608544
98.580273,288,14888.893264
-15.746907,288,14889.166636
19.760392,288,14889.436426
194.68397,288,14889.7056
-24.936135,288,14889.973789
21.908465,288,14890.242974
71.286672,288,14891.075837
12.483569,288,14891.343207
-11.827338,288,14891.612541
-1.070646,288,14891.88458
-22.465876,288,14892.156727
22.372377,288,14892.427809
125.978485,288,14892.69999
107.3199,288,14893.518715
134.407129,288,14893.788526
1.916042,288,14894.056759
5.314635,288,14894.332551
38.041509,288,14894.641832
103.958629,288,14895.025575
48.611835,288,14895.24033
167.11695,288,14895.430135
14.585767,288,14895.6162
63.495719,288,14895.906554
96.040141,288,14896.180013
-86.752624,288,14896.448565
184.012075,288,14897.260619
108.83732,288,14897.529982
47.338431,288,14897.799089
257.399916,288,14898.066269
70.73369,288,14898.335387
79.251295,288,14898.603993
33.626095,288,14898.874032
87.65564,288,14899.691239
89.210263,288,14899.960894
95.136098,288,14900.228566
122.060038,288,14900.496169
26.961273,288,14900.764654
-10.759696,288,14901.032517
42.847317,288,14901.30133
53.411142,288,14901.574709
118.089523,288,14901.749276
29.825134,288,14901.923843
50.378205,288,14902.099998
47.896141,288,14902.275622
36.117659,288,14903.083228
102.66341,288,14903.352773
6.107104,288,14903.622248
8.373423,288,14903.88868
8.410811,288,14904.1556
7.963506,288,14904.423728
87.512338,288,14904.692986
52.747941,288,14905.499775
20.408326,288,14905.766394
220.873435,288,14906.031716
18.616999,288,14906.297458
57.404459,288,14906.563421
37.691838,288,14906.830615
117.045901,288,14907.097271
127.440849,288,14907.920011
30.265042,288,14908.19383
119.439191,288,14908.461262
33.973882,288,14908.733543
93.485119,288,14908.909964
16.361688,288,14909.086431
2.168014,288,14909.261572
10.382516,288,14909.440866
43.510963,288,14909.835573
98.081836,288,14910.201133
60.347184,288,14910.479308
-3.709819,288,14910.755307
29.984289,288,14911.578084
39.070455,288,14911.851693
147.62582,288,14912.124842
59.980124,288,14912.399339
82.111985,288,14912.674207
22.718909,288,14912.945744
34.636738,288,14913.219491
-5.372562,288,14914.044229
30.110065,288,14914.317897
-8.182053,288,14914.589581
-0.332804,288,14914.863407
146.392666,288,14915.13644
37.470702,288,14915.409303
21.57297,288,14915.686783
-2.209191,288,14915.864137
142.943688,288,14916.040601
1.84662,288,14916.217597
23.204409,288,14916.394761
80.053726,288,14916.683269
49.413558,288,14917.509308
1.836813,288,14917.78193
18.527994,288,14918.052828
121.135369,288,14918.325779
82.207129,288,14918.597585
76.236057,288,14918.868378
45.953956,288,14919.140311
190.06145,288,14919.961418
18.261272,288,14920.233759
79.244379,288,14920.506635
40.866552,288,14920.778905
-2.705129,288,14921.051189
43.281013,288,14921.324217
66.157749,288,14921.597104
30.646646,288,14922.418145
72.819709,288,14922.691419
144.147741,288,14922.967659
-3.047774,288,14923.145347
110.668813,288,14923.324725
58.409762,288,14923.503979
86.13016,288,14923.68204
30.630478,288,14923.971693
138.747779,288,14924.245015
-2.230087,288,14924.523683
0.876313,288,14924.955498
-10.981852,288,14925.831108
39.620873,288,14926.101765
56.167586,288,14926.370997
143.415189,288,14926.640125
27.668822,288,14926.908976
34.998142,288,14927.178223
100.877158,288,14927.446212
43.858562,288,14927.715549
14.204672,288,14928.528963
147.20926,288,14928.798504
110.058085,288,14929.064588
119.354702,288,14929.33197
-16.31502,288,14929.599449
106.816937,288,14929.872689
61.800962,288,14930.050133
66.802628,288,14930.227257
24.642658,288,14930.404178
45.331276,288,14930.57852
3.308907,288,14930.865076
105.872869,288,14931.687167
100.963573,288,14931.9562
-1.003493,288,14932.226382
110.781613,288,14932.49964
21.780341,288,14932.767696
124.629554,288,14933.036049
5.386839,288,14933.305125
77.237036,288,14934.114245
54.402065,288,14934.385569
67.209922,288,14934.654013
15.186085,288,14934.925633
-1.482177,288,14935.19585
3.564473,288,14935.467248
55.997896,288,14935.734261
198.265892,288,14936.005811
111.919619,288,14936.817662
110.801574,288,14937.098412
58.98408,288,14937.275086
11.288058,288,14937.449947
102.691737,288,14937.625389
114.995866,288,14937.800702
55.799527,288,14938.082939
87.500444,288,14938.356657
127.238286,288,14938.624634
16.075988,288,14938.893842
39.184455,288,14939.163487
-1.967249,288,14940.217051
73.217589,288,14940.495543
97.051558,288,14940.770467
140.235018,288,14941.042518
33.461539,288,14941.313677
124.591972,288,14941.58673
138.176041,288,14941.857008
23.271404,288,14942.677495
66.780029,288,14942.952585
80.275592,288,14943.223917
26.566574,288,14943.497809
67.308096,288,14943.770816
23.092417,288,14944.048388
152.197326,288,14944.227021
76.637357,288,14944.402712
77.373801,288,14944.578741
6.599897,288,14944.75907
6.621004,288,14945.047782
148.107128,288,14945.327273
69.8153,288,14946.146433
60.755209,288,14946.416543
35.484107,288,14946.686101
148.934267,288,14946.9575
-86.659342,288,14947.228763
80.728967,288,14947.497268
-5.048764,288,14947.766757
12.855635,288,14948.604132
3.444493,288,14948.872818
51.137769,288,14949.140359
-1.067975,288,14949.408213
18.234291,288,14949.67625
73.511857,288,14949.942719
20.214814,288,14950.20964
179.11341,288,14951.024698
153.765424,288,14951.307015
49.091957,288,14951.486511
55.871458,288,14951.663621
95.849252,288,14951.839917
102.179432,288,14952.015454
86.37613,288,14952.301562
91.210852,288,14952.57507
86.768811,288,14952.847763
101.43157,288,14953.115508
101.255714,288,14953.385348
130.071446,288,14953.651563
42.993398,288,14954.460696
79.600976,288,14954.825679
157.469348,288,14955.195723
-1.567978,288,14955.472391
1.349801,288,14955.742378
58.853867,288,14956.009576
8.251567,288,14956.279112
146.620588,288,14957.094727
61.153764,288,14957.362358
-4.53331,288,14957.63023
35.924802,288,14957.896813
41.2048,288,14958.168109
-0.963691,288,14958.344045
44.523633,288,14958.521841
48.172024,288,14958.698847
30.429662,288,14958.875866
161.599599,288,14959.171185
124.640708,288,14959.447064
11.677695,288,14959.715589
-14.376231,288,14960.525042
52.197759,288,14960.79393
122.075034,288,14961.0638
55.775642,288,14961.332395
30.446661,288,14961.601178
91.832548,288,14961.868397
111.307708,288,14962.137569
138.324962,288,14962.952183
15.672797,288,14963.22368
41.523576,288,14963.49395
-11.439953,288,14963.765933
33.421668,288,14964.035932
101.332629,288,14964.307476
6.742714,288,14964.582596
81.435983,288,14964.860543
-35.770635,288,14965.038189
36.265231,288,14965.216461
11.562318,288,14965.395121
73.825,288,14965.573694
84.189664,288,14966.391174
8.002704,288,14966.660222
10.795575,288,14966.930089
-0.014222,288,14967.20037
127.568221,288,14967.469266
116.764693,288,14967.739726
16.14489,288,14968.008768
6.428333,288,14968.832534
99.334818,288,14969.1013
131.287787,288,14969.374951
58.591656,288,14969.673468
20.524512,288,14970.128574
0.7755,288,14970.434416
32.231844,288,14970.708777
40.925446,288,14971.517052
111.239795,288,14971.786081
31.454953,288,14972.056607
151.775928,288,14972.328722
42.093641,288,14972.504394
74.371262,288,14972.678446
23.722589,288,14972.853254
108.4347,288,14973.02869
142.879986,288,14973.31283
12.544827,288,14973.585765
6.40109,288,14973.857589
90.55992,288,14974.126305
107.050577,288,14974.919054
2.235895,288,14975.188714
21.551158,288,14975.456827
51.974485,288,14975.726068
130.683875,288,14975.994615
-9.953531,288,14976.263541
30.408455,288,14976.532921
58.812018,288,14977.327608
97.491625,288,14977.598085
28.434417,288,14977.866103
125.706486,288,14978.133766
5.214374,288,14978.402576
31.39006,288,14978.670284
20.081537,288,14978.942582
89.336187,288,14979.11549
69.513722,288,14979.290804
56.673292,288,14979.465272
19.826777,288,14979.640083
131.223373,288,14979.922501
29.562601,288,14980.721021
32.16889,288,14980.987986
66.16571,288,14981.256946
-2.500847,288,14981.526303
33.844033,288,14981.793529
48.756357,288,14982.05935
126.171796,288,14982.32886
136.025375,288,14983.121669
-3.123529,288,14983.389478
19.879421,288,14983.655331
41.116127,288,14983.922776
122.088407,288,14984.188356
146.586366,288,14984.461307
0.04252,288,14984.80435
23.390884,288,14985.762215
120.654125,288,14986.034343
135.478611,288,14986.30804
80.265387,288,14986.485226
-8.067122,288,14986.661561
145.310289,288,14986.837706
60.449724,288,14987.012799
2.773503,288,14987.301569
73.037128,288,14987.575093
32.610573,288,14987.844141
56.810267,288,14988.114188
88.889311,288,14988.383919
40.035867,288,14989.197251
104.901427,288,14989.4681
155.036198,288,14989.738069
-14.110647,288,14990.008547
9.279419,288,14990.280665
46.968888,288,14990.54858
-5.968899,288,14990.816008
122.534373,288,14991.629533
-17.367125,288,14991.896779
-20.177408,288,14992.166826
7.234972,288,14992.434633
37.928898,288,14992.702054
91.689818,288,14992.974681
108.326269,288,14993.1519
42.8341,288,14993.327577
15.142484,288,14993.503537
80.768841,288,14993.679785
-17.580512,288,14993.968729
137.990072,288,14994.241814
38.108023,288,14995.057293
93.222792,288,14995.325584
29.836832,288,14995.595503
49.051679,288,14995.865192
119.822317,288,14996.134769
115.71663,288,14996.403998
38.348141,288,14996.672338
-3.109605,288,14997.490192
70.524739,288,14997.760216
16.248663,288,14998.031734
46.190639,288,14998.299786
52.975735,288,14998.569349
-13.066658,288,14998.837749
201.427124,288,14999.10629
65.754265,288,15000.144953
15.301064,288,15000.434379
7.425303,288,15000.609888
68.220883,288,15000.791394
-0.079491,288,15000.968584
126.152289,288,15001.146715
54.913115,288,15001.437354
2.469336,288,15001.711303
57.114766,288,15001.985135
2.587391,288,15002.255648
-0.543202,288,15002.525713
86.288975,288,15002.794438
126.430669,288,15003.610443
135.091465,288,15003.881529
-0.259665,288,15004.153124
49.280152,288,15004.4259
75.189585,288,15004.698748
81.082466,288,15004.975311
46.533634,288,15005.247226
21.256498,288,15006.047351
-8.464495,288,15006.317272
130.252691,288,15006.588623
27.286067,288,15006.85626
-0.09774,288,15007.13046
63.892928,288,15007.308521
48.671397,288,15007.485645
29.957683,288,15007.663784
1.027624,288,15007.84116
100.551927,288,15008.13266
42.573865,288,15008.413301
63.60906,288,15009.216109
104.305956,288,15009.49067
16.14534,288,15009.760609
97.895696,288,15010.0308
136.16579,288,15010.304742
117.718765,288,15010.57591
80.661917,288,15010.845459
114.676488,288,15011.657002
-5.072256,288,15011.930031
-0.354138,288,15012.203345
54.607978,288,15012.476205
-16.284363,288,15012.747108
54.308249,288,15013.018791
-6.185566,288,15013.290914
64.490096,288,15013.563395
13.94974,288,15014.380388
42.119847,288,15014.557647
75.41906,288,15014.81373
-0.124139,288,15015.09586
89.853115,288,15015.287832
25.840605,288,15015.579002
150.16855,288,15015.858172
-11.138247,288,15016.130809
82.838849,288,15016.403812
10.91744,288,15016.676823
132.003054,288,15016.947437
-4.0697,288,15017.748635
38.100769,288,15018.019527
4.945656,288,15018.293178
88.28214,288,15018.565521
-7.21615,288,15018.836264
90.50816,288,15019.108328
80.952027,288,15019.380292
-2.487224,288,15020.182778
82.310512,288,15020.456158
13.906781,288,15020.728661
148.869463,288,15021.001031
29.343521,288,15021.277257
125.783082,288,15021.454041
82.871152,288,15021.629194
-1.811525,288,15021.804618
140.527312,288,15021.981985
29.031755,288,15022.270235
43.553071,288,15022.545512
-9.678396,288,15022.816271
104.793788,288,15023.661366
75.578512,288,15023.930874
43.124607,288,15024.198981
16.848128,288,15024.468721
67.985675,288,15024.738243
-3.922195,288,15025.008044
126.250084,288,15025.277474
102.715872,288,15026.087367
60.35833,288,15026.35369
1.903908,288,15026.622115
102.49531,288,15026.888058
48.884914,288,15027.155451
48.690322,288,15027.421809
91.699026,288,15027.689589
103.606112,288,15027.96173
9.915392,288,15028.135624
95.763976,288,15028.31046
42.368968,288,15028.486208
40.917335,288,15028.660807
79.86059,288,15029.478283
125.735674,288,15029.833019
78.618679,288,15030.221763
4.982681,288,15030.505139
53.22255,288,15030.777311
17.836021,288,15031.046355
126.471556,288,15031.32496
104.905138,288,15032.146566
60.415467,288,15032.416642
-4.489401,288,15032.685742
75.750473,288,15032.957813
50.266861,288,15033.227626
98.876002,288,15033.496761
132.837004,288,15033.767053
112.450258,288,15034.580728
14.722237,288,15034.852377
111.97006,288,15035.121643
15.855745,288,15035.400453
4.09502,288,15035.576222
-19.490813,288,15035.753387
83.566885,288,15035.929528
128.426452,288,15036.105633
16.270743,288,15036.399336
-0.15448,288,15036.671373
80.603985,288,15036.941033
104.135769,288,15037.211598
11.249014,288,15038.023758
81.459818,288,15038.29248
-2.940612,288,15038.562014
55.9583,288,15038.832437
-23.203585,288,15039.101097
84.101209,288,15039.368621
82.85264,288,15039.638503
116.59291,288,15040.455434
131.936341,288,15040.724254
-87.24651,288,15040.99078
32.146243,288,15041.261188
9.291387,288,15041.528294
115.841265,288,15041.796031
137.800468,288,15042.067781
-12.790372,288,15042.243309
52.979018,288,15042.419431
62.885612,288,15042.595392
-3.483923,288,15042.770442
55.394859,288,15043.053521
22.168914,288,15043.865833
34.309437,288,15044.135707
41.730296,288,15044.406737
96.74632,288,15044.701688
127.009981,288,15045.153103
112.045456,288,15045.437392
49.107678,288,15045.711487
85.08955,288,15046.53054
99.549532,288,15046.804196
89.221902,288,15047.076643
64.12187,288,15047.350219
135.784079,288,15047.622222
99.141528,288,15047.893915
33.842143,288,15048.166323
21.847506,288,15048.995833
33.52714,288,15049.265913
43.570323,288,15049.542584
121.369577,288,15049.721053
-17.90548,288,15049.900227
-2.666065,288,15050.07637
116.081379,288,15050.253422
56.71933,288,15050.551629
54.318984,288,15050.829154
68.537051,288,15051.10054
17.264119,288,15051.377721
-1.856736,288,15051.652841
114.168644,288,15052.478508
106.208071,288,15052.751352
72.3582,288,15053.024246
-11.232178,288,15053.297915
58.062816,288,15053.571288
76.072289,288,15053.844879
101.205349,288,15054.120123
60.621564,288,15054.941444
19.250118,288,15055.216945
77.574995,288,15055.483255
63.495308,288,15055.750395
11.257966,288,15056.017907
48.182791,288,15056.28753
24.400415,288,15056.461408
124.025168,288,15056.635098
68.453279,288,15056.810508
-2.721234,288,15056.985858
35.097574,288,15057.286388
98.763911,288,15057.561952
5.686609,288,15058.387227
-14.551925,288,15058.660037
58.094928,288,15058.934471
13.816121,288,15059.209212
98.110525,288,15059.489844
39.067255,288,15059.889352
85.568572,288,15060.315165
-3.611156,288,15061.181425
28.673019,288,15061.450641
37.281133,288,15061.720471
36.68577,288,15061.99146
6.801692,288,15062.259606
117.062374,288,15062.528591
128.099005,288,15062.799422
35.754173,288,15063.607054
14.546974,288,15063.880047
46.362368,288,15064.056476
-2.316714,288,15064.232364
109.313956,288,15064.40912
66.394915,288,15064.586287
-22.361881,288,15064.873035
49.860441,288,15065.146377
-3.244345,288,15065.419072
85.961822,288,15065.690986
6.74251,288,15065.962527
-7.281028,288,15066.231518
6.203304,288,15067.035655
75.221334,288,15067.30194
105.712384,288,15067.571431
-5.105809,288,15067.83813
2.011316,288,15068.105486
-1.278788,288,15068.398051
43.703047,288,15068.681929
26.446335,288,15069.50083
24.211618,288,15069.770486
100.520215,288,15070.040743
-19.298136,288,15070.314044
89.011952,288,15070.589302
63.21466,288,15070.767043
215.535848,288,15070.943855
33.444643,288,15071.12114
30.807901,288,15071.299061
-8.161222,288,15071.592915
103.412885,288,15071.870381
67.671251,288,15072.141579
95.598715,288,15072.949913
80.69774,288,15073.219514
25.569636,288,15073.487014
87.798644,288,15073.755996
118.127674,288,15074.024858
77.64692,288,15074.293337
19.959543,288,15074.568442
-6.145066,288,15075.604088
246.203263,288,15075.881167
122.922455,288,15076.155673
-4.936177,288,15076.428368
11.687747,288,15076.702897
23.936762,288,15076.976584
92.175431,288,15077.249756
96.414147,288,15078.069622
87.251041,288,15078.245924
25.905944,288,15078.423512
-8.555964,288,15078.600031
11.183613,288,15078.777531
151.905843,288,15079.063316
108.991147,288,15079.343664
70.728602,288,15079.613916
93.586564,288,15079.883127
26.996289,288,15080.150116
74.18489,288,15080.419392
97.053232,288,15080.687591
35.131734,288,15081.50604
58.187687,288,15081.778203
5.778048,288,15082.048553
109.8693,288,15082.321383
54.207352,288,15082.591777
-22.631418,288,15082.865743
125.999358,288,15083.13961
115.234663,288,15083.959084
153.42163,288,15084.229036
47.867672,288,15084.500505
54.605095,288,15084.774723
9.962077,288,15084.951371
29.491952,288,15085.126562
-2.168146,288,15085.304005
-1.628651,288,15085.480572
19.175899,288,15085.763294
122.900004,288,15086.037591
18.24609,288,15086.30313
61.852458,288,15087.11581
63.627177,288,15087.385936
43.699109,288,15087.655829
7.96491,288,15087.926584
95.824152,288,15088.196502
99.778151,288,15088.46599
69.67824,288,15088.737168
10.663524,288,15089.006444
108.531267,288,15089.947283
126.28781,288,15090.308651
9.639072,288,15090.589602
219.665194,288,15090.860155
35.375587,288,15091.129451
14.667738,288,15091.399905
-9.855987,288,15091.675554
8.464356,288,15091.851391
0.0,288,15092.026119
137.846782,288,15092.201038
115.729175,288,15092.377626
73.524872,288,15093.204423
-24.955514,288,15093.473335
126.536139,288,15093.740198
57.569575,288,15094.00667
59.634785,288,15094.274411
0.0,288,15094.541417
29.583073,288,15094.809189
24.30228,288,15095.616248
100.566411,288,15095.885212
71.174305,288,15096.153481
76.622488,288,15096.422761
27.07675,288,15096.692395
103.632301,288,15096.961626
126.562219,288,15097.229348
116.096567,288,15098.040358
51.919517,288,15098.306861
-0.660569,288,15098.575509
27.240357,288,15098.848387
34.456233,288,15099.021694
-4.419139,288,15099.194979
61.327201,288,15099.370347
137.438121,288,15099.545657
49.11486,288,15099.829007
84.532543,288,15100.104015
83.462833,288,15100.373697
-12.95909,288,15100.642387
99.217121,288,15101.448333
144.85146,288,15101.71444
63.264417,288,15101.983153
-12.120521,288,15102.252254
76.028407,288,15102.520954
99.272411,288,15102.789612
11.100478,288,15103.056947
-3.190582,288,15103.868406
-12.545902,288,15104.135913
-0.726657,288,15104.406552
1.968015,288,15104.675843
4.983141,288,15105.129597
156.916264,288,15105.423643
32.247988,288,15105.702349
81.494012,288,15105.880216
46.052124,288,15106.05899
9.15689,288,15106.236739
13.531769,288,15106.412642
27.072407,288,15106.703532
97.885207,288,15107.521784
111.431299,288,15107.792011
32.141104,288,15108.062359
97.668965,288,15108.33159
33.813053,288,15108.601295
76.124338,288,15108.868867
28.4596,288,15109.138832
24.17944,288,15109.955224
26.923879,288,15110.227001
-1.64387,288,15110.498487
89.731669,288,15110.770958
100.27403,288,15111.04368
127.527389,288,15111.313379
-6.093263,288,15111.585901
175.562019,288,15112.407771
-2.580177,288,15112.679604
0.0,288,15112.955739
121.529256,288,15113.133481
108.907259,288,15113.310514
-25.104877,288,15113.488385
13.774001,288,15113.665205
149.199659,288,15113.952554
-8.497117,288,15114.226893
104.29648,288,15114.49817
110.725225,288,15114.770109
60.490503,288,15115.039998
35.194258,288,15115.856734
56.941827,288,15116.13085
9.480847,288,15116.400462
59.612367,288,15116.672029
77.144229,288,15116.942882
135.019466,288,15117.233329
20.374005,288,15117.540063
59.319837,288,15118.3592
47.755126,288,15118.634845
23.813379,288,15118.909185
93.385895,288,15119.180968
61.016868,288,15119.455987
-11.337406,288,15119.767586
258.202788,288,15120.073223
61.230569,288,15120.276649
104.094036,288,15120.459277
27.286411,288,15120.637906
1.392304,288,15120.943608
48.586934,288,15121.208266
4.154019,288,15121.997083
200.71724,288,15122.263338
78.651684,288,15122.53113
31.525562,288,15122.797405
23.816478,288,15123.064565
-3.428343,288,15123.330474
31.279568,288,15123.597722
110.43249,288,15124.402929
135.685496,288,15124.670618
83.107548,288,15124.942153
-0.136098,288,15125.210467
78.22229,288,15125.476645
43.278434,288,15125.744384
59.299188,288,15126.012462
11.866899,288,15126.815256
113.88577,288,15127.088735
84.823423,288,15127.266103
169.654208,288,15127.442801
-10.143293,288,15127.61902
42.85127,288,15127.794206
139.199109,288,15128.082288
96.681944,288,15128.370618
2.693004,288,15128.64133
-10.148354,288,15128.91175
102.217356,288,15129.180182
15.071901,288,15129.450505
109.368908,288,15130.238446
30.867053,288,15130.504958
34.375669,288,15130.775856
99.524784,288,15131.040708
108.871948,288,15131.315969
125.907497,288,15131.593941
43.572712,288,15131.865113
66.73941,288,15132.694462
53.679023,288,15132.966602
93.467079,288,15133.239536
59.719409,288,15133.509356
151.254725,288,15133.783128
-8.642249,288,15133.958745
80.83864,288,15134.143219
114.420366,288,15134.321242
7.149739,288,15134.500205
71.00953,288,15134.857349
35.173896,288,15135.300467
39.421429,288,15135.609246
73.417537,288,15136.444216
35.331878,288,15136.720625
137.670887,288,15136.994644
19.486533,288,15137.268246
8.21809,288,15137.539308
115.715307,288,15137.809578
131.157224,288,15138.081576
43.396909,288,15138.903503
20.702251,288,15139.176373
142.748539,288,15139.449422
61.764775,288,15139.71951
48.753243,288,15139.991663
120.392327,288,15140.263751
102.707198,288,15140.535721
41.294003,288,15140.811605
17.742862,288,15140.989808
92.466534,288,15141.166831
101.959517,288,15141.344765
50.374703,288,15141.523209
3.256229,288,15142.34384
189.951465,288,15142.610263
1.535302,288,15142.878846
65.125205,288,15143.145337
102.148257,288,15143.410789
91.086521,288,15143.678486
-4.854482,288,15143.946686
-9.685487,288,15144.758643
-0.398559,288,15145.02715
93.258604,288,15145.294071
3.13725,288,15145.562635
90.659884,288,15145.829753
15.208318,288,15146.09918
12.834877,288,15146.367181
46.480005,288,15147.180178
144.28369,288,15147.45054
-1.166746,288,15147.718616
26.867549,288,15147.9949
-5.28068,288,15148.170293
67.435404,288,15148.349247
23.37089,288,15148.528272
25.542167,288,15148.705548
18.549914,288,15148.991257
107.858271,288,15149.267287
110.121392,288,15149.54264
3.987511,288,15149.916641
17.674718,288,15150.91167
31.909115,288,15151.180145
25.94762,288,15151.449898
126.353129,288,15151.719684
8.188474,288,15151.989659
74.271592,288,15152.258901
80.642437,288,15152.53348
13.400251,288,15153.352937
141.441312,288,15153.620682
-2.083075,288,15153.890535
130.766141,288,15154.157391
126.270645,288,15154.426349
81.95108,288,15154.694592
63.08891,288,15154.96631
43.516148,288,15155.142627
139.117489,288,15155.319392
19.709127,288,15155.495196
4.374262,288,15155.670635
48.652632,288,15156.508371
70.680032,288,15156.775971
151.532303,288,15157.042861
29.226176,288,15157.309294
24.418928,288,15157.577353
83.830768,288,15157.846365
-5.729709,288,15158.117738
54.940394,288,15158.389867
153.932133,288,15159.207467
145.196359,288,15159.474297
78.528972,288,15159.742509
27.75487,288,15160.011325
39.993966,288,15160.278354
47.183642,288,15160.547344
49.716722,288,15160.816276
101.774997,288,15161.632233
74.901654,288,15161.901298
-6.105602,288,15162.175126
61.474029,288,15162.352253
128.683027,288,15162.528949
181.164662,288,15162.704722
-16.273839,288,15162.88003
27.356755,288,15163.167584
106.417581,288,15163.439196
68.61884,288,15163.709285
-10.083783,288,15163.978462
73.308714,288,15164.970847
28.942941,288,15165.326495
24.459636,288,15165.603451
116.399533,288,15165.875588
9.327814,288,15166.143974
110.741013,288,15166.411207
134.540707,288,15166.676473
23.692961,288,15166.943825
43.761826,288,15167.752942
47.943065,288,15168.023667
35.449127,288,15168.29235
-3.783826,288,15168.563613
10.41366,288,15168.830735
142.310708,288,15169.105923
0.0,288,15169.281618
82.537037,288,15169.4578
37.012953,288,15169.633449
88.48212,288,15169.806993
53.266756,288,15170.093148
99.806067,288,15170.899384
41.387082,288,15171.17181
213.754926,288,15171.440625
47.360273,288,15171.709197
63.943436,288,15171.976447
154.407784,288,15172.244145
194.001797,288,15172.512734
50.202843,288,15173.327491
63.074746,288,15173.596058
40.603215,288,15173.860662
153.534847,288,15174.12941
51.116375,288,15174.393848
130.385888,288,15174.660203
197.931024,288,15174.926419
13.690036,288,15175.197158
102.672128,288,15176.009001
-8.072465,288,15176.280694
22.725051,288,15176.454782
93.144396,288,15176.630587
-19.68354,288,15176.804224
78.411923,288,15176.980241
-9.02643,288,15177.277012
112.298157,288,15177.5542
49.627029,288,15177.821656
58.093334,288,15178.092609
71.759108,288,15178.358694
20.540846,288,15179.165408
50.155329,288,15179.436698
-13.622726,288,15179.706126
30.400652,288,15180.204412
84.033477,288,15180.48745
167.965808,288,15180.759919
17.703504,288,15181.030234
112.265843,288,15181.84229
-19.147277,288,15182.111594
95.645292,288,15182.38045
58.25448,288,15182.647542
91.799618,288,15182.916776
76.460169,288,15183.18861
7.850155,288,15183.361698
113.054892,288,15183.536959
95.546949,288,15183.712749
26.59935,288,15183.888675
22.7661,288,15184.177091
88.412834,288,15184.45
-3.066649,288,15185.260135
17.086597,288,15185.528667
151.30923,288,15185.795167
67.606481,288,15186.065174
-17.677789,288,15186.334005
54.770365,288,15186.601943
110.125933,288,15186.870485
42.802424,288,15187.681009
75.013769,288,15187.950368
92.499212,288,15188.225696
12.581258,288,15188.496772
4.791527,288,15188.765172
135.701554,288,15189.033942
-1.631919,288,15189.304417
89.93316,288,15190.121729
70.457702,288,15190.397484
-12.594767,288,15190.573017
-10.716913,288,15190.748304
57.104553,288,15190.923577
60.117669,288,15191.100243
6.159975,288,15191.400604
118.763034,288,15191.67311
81.484722,288,15191.940533
50.221036,288,15192.210439
159.406484,288,15192.477816
21.027026,288,15192.744895
63.321739,288,15193.561387
-0.214198,288,15193.830295
138.018892,288,15194.100072
-5.650563,288,15194.370892
-9.512316,288,15194.647819
153.207356,288,15195.064124
123.173952,288,15195.391745
72.509992,288,15196.212812
-2.002586,288,15196.482661
39.225756,288,15196.751963
175.851239,288,15197.022073
232.267448,288,15197.294188
-4.742915,288,15197.469704
35.637306,288,15197.647449
-20.328448,288,15197.821094
84.436903,288,15197.996963
16.911971,288,15198.286405
69.952408,288,15198.559332
10.567319,288,15198.826507
41.520591,288,15199.632762
82.248753,288,15199.899719
15.699517,288,15200.168933
-21.424972,288,15200.438423
100.629353,288,15200.707439
84.955237,288,15200.973683
24.585094,288,15201.242096
221.378408,288,15202.053983
134.77123,288,15202.323773
119.165864,288,15202.592446
134.390884,288,15202.857859
101.172778,288,15203.12534
30.243165,288,15203.391943
83.980001,288,15203.658415
46.525988,288,15203.928705
68.657074,288,15204.103155
128.885186,288,15204.27856
72.697234,288,15204.454358
252.343935,288,15204.629923
34.685753,288,15205.453626
29.239823,288,15205.720816
128.243391,288,15205.985763
87.874021,288,15206.24955
132.008284,288,15206.515153
6.089636,288,15206.782565
120.227323,288,15207.049064
135.901007,288,15207.856194
34.827972,288,15208.124597
22.667372,288,15208.395093
-5.314775,288,15208.662696
3.36191,288,15208.929405
68.182494,288,15209.19874
130.882031,288,15209.474639
25.616221,288,15210.510716
72.296638,288,15210.783687
51.20229,288,15211.052471
99.251253,288,15211.322929
123.356342,288,15211.50465
91.721838,288,15211.678926
-51.718094,288,15211.854263
-6.528053,288,15212.028955
113.26705,288,15212.312426
147.914708,288,15212.588262
95.427304,288,15212.854011
124.971789,288,15213.120951
41.02923,288,15213.923791
39.022111,288,15214.191015
203.089963,288,15214.460562
128.560864,288,15214.729597
0.346715,288,15214.998907
54.690067,288,15215.267228
112.382701,288,15215.534866
120.875235,288,15216.330308
97.145555,288,15216.598006
109.728366,288,15216.864992
163.573739,288,15217.132573
-4.818671,288,15217.400268
-4.972954,288,15217.668688
109.701904,288,15217.938905
97.455556,288,15218.112885
79.412526,288,15218.288167
79.486139,288,15218.463396
67.315809,288,15218.638949
73.93346,288,15218.933691
30.249574,288,15219.731677
8.970738,288,15219.998352
135.950606,288,15220.265278
165.453915,288,15220.530718
56.062719,288,15220.796316
30.993859,288,15221.062993
96.35124,288,15221.329038
109.840938,288,15222.120097
120.297727,288,15222.3871
-2.090202,288,15222.652071
22.090402,288,15222.918335
112.980234,288,15223.184338
72.68677,288,15223.451312
29.126642,288,15223.717493
136.534796,288,15224.534717
29.688025,288,15224.849971
18.566307,288,15225.310619
81.323172,288,15225.51472
36.86633,288,15225.704531
132.610297,288,15225.881325
113.280021,288,15226.057124
83.671351,288,15226.347167
57.46324,288,15226.621052
92.481204,288,15226.888
2.312424,288,15227.154434
63.430484,288,15227.423614
