#{"t_start": 1749438574.2674587, "env_id": "None"}
r,l,t
-511.355466,432,9009.013209
-372.308354,432,9009.323335
-472.152446,432,9009.638907
-333.581096,432,9009.973046
-171.793228,432,9010.745076
-490.524506,432,9011.102032
-463.454534,432,9011.411372
-532.249702,432,9011.72209
-457.482244,432,9012.031106
-488.617794,432,9012.342393
-462.55873,432,9012.648194
-446.157489,432,9012.949352
-505.828874,432,9013.254575
-401.712741,432,9013.565213
-453.854347,432,9013.873883
-234.626636,432,9014.189117
-529.954971,432,9014.499718
-253.349925,432,9014.81119
-266.721787,432,9015.115928
-308.905137,432,9015.424996
-303.130901,432,9015.73702
-447.16304,432,9016.353208
-393.044297,432,9016.661729
-297.630988,432,9016.972805
-79.675531,432,9017.28337
-268.594185,432,9017.597293
-470.404023,432,9017.916684
-372.913303,432,9018.231196
-466.801045,432,9018.540292
-247.874397,432,9018.848102
-295.310202,432,9019.150457
-257.65549,432,9019.456022
-603.441274,432,9019.765376
-277.367033,432,9020.071454
-335.819407,432,9020.377906
-446.522903,432,9020.686457
-300.155381,432,9020.997938
-222.079008,432,9021.305873
-507.614392,432,9021.618636
-420.113411,432,9021.926608
-179.859619,432,9022.234071
-430.545834,432,9022.546326
-329.697147,432,9023.167398
-308.579265,432,9023.485777
-38.690646,432,9023.801134
-99.030286,432,9024.123118
-51.831796,432,9024.429171
-356.283648,432,9024.738598
-433.946904,432,9025.043615
-329.333317,432,9025.351556
4.849433,432,9025.664819
-162.632608,432,9025.975307
-186.379747,432,9026.327232
-688.019672,432,9026.642473
-479.669507,432,9026.950346
-165.295554,432,9027.260734
-442.728651,432,9027.576711
-460.454476,432,9027.887776
-249.052467,432,9028.204201
-395.132473,432,9028.526533
-627.210795,432,9028.834505
-72.243225,432,9029.139763
-454.921087,432,9029.443599
-172.523951,432,9029.759007
-485.61463,432,9030.390466
-271.614963,432,9030.70273
-165.721401,432,9031.033369
72.738302,432,9031.343069
-399.212969,432,9031.653361
-216.769202,432,9031.96546
-452.75175,432,9032.283186
-145.398774,432,9032.591594
-130.505071,432,9032.898467
-242.912929,432,9033.210343
-348.794311,432,9033.520638
-135.685797,432,9033.824915
-225.388329,432,9034.135296
-462.419206,432,9034.442297
-273.993353,432,9034.760314
-96.793136,432,9035.072164
-61.626317,432,9035.392938
2.111109,432,9035.708838
-647.415238,432,9036.023532
-243.728954,432,9036.337462
-217.364872,432,9036.644642
8.347244,432,9037.001036
12.696072,432,9037.260329
3.435103,432,9037.507439
2.433204,432,9037.748469
6.151377,432,9037.9963
-350.390404,432,9038.641658
-147.586337,432,9038.946747
-321.979714,432,9039.330708
60.022819,432,9039.649748
-429.481328,432,9039.960248
-97.129405,432,9040.270431
-5.944513,432,9040.57434
-304.093916,432,9040.892867
-440.441355,432,9041.196599
-171.946606,432,9041.500347
-125.542734,432,9041.815315
-373.711211,432,9042.129747
-320.41098,432,9042.440309
-213.542641,432,9042.751773
-127.686072,432,9043.064152
-408.961875,432,9043.37906
-86.39984,432,9043.686717
-79.43535,432,9043.992957
5.82018,432,9044.307995
-126.201049,432,9044.615973
-83.819634,432,9044.919387
-320.514644,432,9045.562503
-492.793686,432,9045.870199
-206.942024,432,9046.182979
-168.057402,432,9046.92629
-66.958125,432,9047.288974
-112.793713,432,9047.594261
-237.224918,432,9047.90296
-317.516809,432,9048.218523
-459.26468,432,9048.536204
-343.533813,432,9048.843686
-411.171224,432,9049.14849
-376.657797,432,9049.458026
-679.45475,432,9049.761619
-514.096389,432,9050.062931
-411.169951,432,9050.377739
-65.672461,432,9050.682752
-252.30459,432,9050.994854
65.967209,432,9051.300331
124.86484,432,9051.614887
-539.816219,432,9051.923843
-386.431574,432,9052.232469
-109.441678,432,9052.858125
-571.333739,432,9053.189737
99.058074,432,9053.513933
-384.231401,432,9053.839222
-134.452843,432,9054.158048
-191.067611,432,9054.469687
-322.654468,432,9054.776651
-432.417728,432,9055.093051
-242.46495,432,9055.404335
-397.582037,432,9055.708082
-77.900689,432,9056.012292
-85.818301,432,9056.331665
-58.732393,432,9056.643466
-280.297586,432,9056.94404
-354.437747,432,9057.247728
-190.980813,432,9057.55197
-166.123667,432,9057.85771
-340.309528,432,9058.165495
-257.088396,432,9058.47248
-42.675099,432,9058.783577
-170.441269,432,9059.088252
-47.368945,432,9059.390375
143.208137,432,9060.022394
17.472726,432,9060.331731
-172.481849,432,9060.649335
65.456459,432,9060.955186
-307.259826,432,9061.260514
-243.235651,432,9061.564572
-360.331394,432,9061.87644
-234.325209,432,9062.190455
-43.993652,432,9062.499245
-20.653631,432,9062.811888
-371.31356,432,9063.12387
-102.584444,432,9063.435234
-235.611991,432,9063.747319
39.057741,432,9064.060098
-40.826108,432,9064.371467
124.05867,432,9064.678055
-353.31745,432,9064.991529
-92.211417,432,9065.296592
-154.214859,432,9065.605816
-390.734815,432,9065.916878
-447.966435,432,9066.226415
3.346143,432,9066.580183
11.077987,432,9066.83649
5.368704,432,9067.083575
3.004382,432,9067.340975
5.72189,432,9067.590371
45.50767,432,9068.198987
-25.783561,432,9068.515445
-123.945374,432,9068.893094
-269.879579,432,9069.203074
-48.662841,432,9069.512985
-163.670688,432,9069.824703
-272.631394,432,9070.135202
-406.349577,432,9070.448511
-148.352102,432,9070.761462
17.539865,432,9071.075012
140.740593,432,9071.391649
-422.706858,432,9071.708456
82.350214,432,9072.015635
24.395553,432,9072.322791
-50.258112,432,9072.634081
-375.067802,432,9072.936518
28.704811,432,9073.242333
163.417643,432,9073.544693
-227.070173,432,9073.855952
-212.394262,432,9074.169795
-131.207217,432,9074.478432
-212.358838,432,9075.094087
-98.890203,432,9075.401768
-161.030478,432,9075.713513
-49.338572,432,9076.036712
62.943351,432,9076.343683
-99.977136,432,9076.655904
-86.416589,432,9076.966564
-324.003037,432,9077.279454
-338.625008,432,9077.5816
-263.398468,432,9077.889616
-174.139662,432,9078.198198
-387.854189,432,9078.510674
-49.421278,432,9078.822569
-194.530052,432,9079.12862
-254.813999,432,9079.434168
-22.049563,432,9079.745482
-100.444013,432,9080.067008
122.180865,432,9080.379925
128.42684,432,9080.697319
-29.816911,432,9081.015959
7.014408,432,9081.329999
50.29873,432,9082.672711
110.167169,432,9082.999399
-22.321204,432,9083.317272
-136.3176,432,9083.630386
-190.4749,432,9083.940922
-371.657681,432,9084.249846
153.18994,432,9084.560694
-104.987318,432,9084.872853
-118.547655,432,9085.194897
-29.902014,432,9085.503428
-404.743508,432,9085.811778
-10.45325,432,9086.120912
64.120073,432,9086.437284
130.368418,432,9086.749172
-217.898233,432,9087.055951
-317.331525,432,9087.361104
146.273247,432,9087.673057
-477.930491,432,9087.982897
91.211357,432,9088.303472
-267.471628,432,9088.614167
-514.388674,432,9088.920351
-120.294291,432,9089.237862
-244.563804,432,9089.882313
-45.02872,432,9090.190439
-392.018573,432,9090.502435
44.748382,432,9090.816626
100.990351,432,9091.118658
-142.899247,432,9091.431869
-50.960877,432,9091.741397
-124.961458,432,9092.052571
-275.898168,432,9092.359418
-475.943262,432,9092.663602
-327.477961,432,9092.982642
-210.182499,432,9093.291671
92.508386,432,9093.598004
-296.94656,432,9093.911642
-109.660894,432,9094.226001
-73.552287,432,9094.533642
141.195629,432,9094.842046
133.404438,432,9095.15554
-122.973549,432,9095.467424
-276.488512,432,9095.777049
-95.549554,432,9096.09441
3.193892,432,9096.455256
7.225774,432,9096.699482
4.892989,432,9096.946826
60.208588,432,9097.201966
8.822097,432,9097.453495
-37.135669,432,9098.075083
-163.679775,432,9098.387526
-216.405525,432,9098.777926
-299.045562,432,9099.105531
-195.958753,432,9099.428877
39.366592,432,9099.737166
-172.598181,432,9100.052259
95.882201,432,9100.372825
-362.633523,432,9100.680529
136.890445,432,9100.992548
-347.957071,432,9101.30467
-37.977968,432,9101.609067
13.17116,432,9101.915415
-134.24225,432,9102.223518
-69.748845,432,9102.533436
-109.731683,432,9102.846625
30.917054,432,9103.166477
-86.654071,432,9103.476608
-327.561089,432,9103.788304
-195.970311,432,9104.100563
-407.817655,432,9104.413815
56.204991,432,9105.059695
64.618263,432,9105.378634
-388.675069,432,9105.690881
-274.5935,432,9105.995616
-226.472755,432,9106.30208
180.237609,432,9106.613866
-187.12658,432,9106.921649
-102.735955,432,9107.242049
-200.929661,432,9107.559916
-31.911502,432,9107.86862
142.155873,432,9108.17855
-114.555501,432,9108.48471
107.302358,432,9108.787479
-439.71342,432,9109.096019
106.318324,432,9109.407742
5.94366,432,9109.720231
-490.799341,432,9110.029665
-34.23035,432,9110.34677
-10.083341,432,9110.651318
-62.867814,432,9110.954112
-193.614118,432,9111.26476
-193.426616,432,9111.858618
-98.534266,432,9112.187224
-82.150246,432,9112.495625
-266.035497,432,9113.127301
-28.866191,432,9113.605524
-242.849955,432,9113.920013
75.031588,432,9114.230347
-198.188013,432,9114.54777
-194.572433,432,9114.860291
-256.526596,432,9115.174082
-194.025096,432,9115.488928
-367.840044,432,9115.80285
110.891955,432,9116.11221
-144.239858,432,9116.424514
-51.135366,432,9116.736505
-11.55566,432,9117.043336
-228.119127,432,9117.35122
76.84896,432,9117.665492
155.725012,432,9117.967469
-380.343999,432,9118.273502
41.968433,432,9118.577299
175.534103,432,9118.881316
-124.217718,432,9119.505866
48.710892,432,9119.835757
4.523847,432,9120.166391
-203.661509,432,9120.480551
-81.336743,432,9120.790126
41.422831,432,9121.096655
-56.535021,432,9121.407215
-287.18953,432,9121.726914
-21.952779,432,9122.03446
-315.24266,432,9122.34452
103.915749,432,9122.648681
98.604203,432,9122.952525
-11.585191,432,9123.276772
-191.756018,432,9123.585382
130.756745,432,9123.89831
-77.311635,432,9124.207606
2.026035,432,9124.515733
-277.477534,432,9124.83286
96.970726,432,9125.144428
-185.691455,432,9125.448267
-50.181193,432,9125.750094
40.005227,432,9126.10446
3.769142,432,9126.354051
8.917584,432,9126.601379
4.687,432,9126.845737
2.558426,432,9127.101432
-253.302761,432,9127.721513
-81.330972,432,9128.027535
-224.117661,432,9128.408276
39.534743,432,9128.726852
0.885999,432,9129.04241
-24.601382,432,9129.351592
50.44027,432,9129.662197
-54.958102,432,9129.970338
-168.280195,432,9130.286947
136.339428,432,9130.610049
-220.677639,432,9130.931223
-260.120288,432,9131.234759
56.695451,432,9131.544868
149.081966,432,9131.863991
-179.383506,432,9132.175818
-131.668248,432,9132.484418
40.944827,432,9132.804354
25.868918,432,9133.123049
-57.819168,432,9133.441428
186.160821,432,9133.749622
-320.471286,432,9134.075864
-230.844796,432,9134.731077
-245.896449,432,9135.056468
-250.27257,432,9135.43572
150.957792,432,9135.80862
-105.87288,432,9136.133474
-362.37667,432,9136.43941
86.142588,432,9136.78165
143.341909,432,9137.148746
-164.999666,432,9137.465012
-332.344682,432,9137.786017
-162.540351,432,9138.095887
-216.472077,432,9138.409321
-300.795918,432,9138.714021
-315.86821,432,9139.027702
-56.187688,432,9139.345083
-126.929154,432,9139.650684
-74.893404,432,9139.966514
-25.955723,432,9140.274977
89.651907,432,9140.581935
-43.037672,432,9140.901157
-19.826367,432,9141.222377
-127.903839,432,9141.826469
-202.601484,432,9142.142788
-45.67125,432,9142.447026
-185.934616,432,9142.77426
90.169663,432,9143.07975
-93.443714,432,9143.382282
189.81783,432,9143.689705
-79.321116,432,9144.004108
-202.296064,432,9144.322932
15.214073,432,9144.63285
-331.581766,432,9144.946705
24.003235,432,9145.251178
87.539639,432,9145.555166
80.051274,432,9145.872106
199.094837,432,9146.178381
-43.720346,432,9146.494596
159.55033,432,9146.8055
147.844499,432,9147.116234
42.46863,432,9147.428947
115.912835,432,9147.737078
-361.875011,432,9148.04336
-362.341571,432,9148.357702
-167.843856,432,9148.98059
-149.51348,432,9149.288055
-37.2719,432,9149.783421
-72.86578,432,9150.430743
208.691769,432,9150.752558
135.817527,432,9151.075222
9.302398,432,9151.386339
-198.396847,432,9151.695823
-181.232147,432,9152.000919
-58.756034,432,9152.310264
183.655731,432,9152.620164
190.488225,432,9152.927237
245.744387,432,9153.245141
116.06428,432,9153.556343
117.300969,432,9153.862831
-15.091286,432,9154.16629
121.293037,432,9154.472853
-326.589711,432,9154.79433
-193.802726,432,9155.105001
-41.427534,432,9155.416157
-352.185708,432,9155.721634
5.077147,432,9156.077806
3.739696,432,9156.341393
3.082726,432,9156.609442
5.029844,432,9156.857484
5.372071,432,9157.105615
181.244666,432,9157.711431
-118.423007,432,9158.017351
-68.757922,432,9158.395424
-108.97723,432,9158.714468
218.742271,432,9159.036731
54.098884,432,9159.350651
-25.382005,432,9159.659316
-48.587736,432,9159.975186
-25.273606,432,9160.284565
-240.850258,432,9160.606216
110.236808,432,9160.916299
151.198345,432,9161.230121
90.239376,432,9161.547873
160.014673,432,9161.881857
-7.424241,432,9162.198448
-106.25994,432,9162.516848
54.54762,432,9162.828724
129.252197,432,9163.140425
220.268629,432,9163.451126
44.3674,432,9163.803984
-109.573651,432,9164.122988
-279.623894,432,9164.765329
143.332811,432,9165.080398
184.651963,432,9165.404319
-127.428455,432,9165.72127
132.775612,432,9166.02325
-165.553068,432,9166.339095
63.740829,432,9166.64524
4.842532,432,9166.949066
9.447545,432,9167.259291
45.764265,432,9167.576786
181.408976,432,9167.889557
-183.120558,432,9168.206784
44.109428,432,9168.524224
143.647988,432,9168.831283
229.094724,432,9169.142575
42.032072,432,9169.451779
-292.852307,432,9169.770341
185.448077,432,9170.089253
47.68085,432,9170.402389
-123.125974,432,9170.715645
85.296477,432,9171.0271
-95.96219,432,9171.651151
-158.051428,432,9171.973108
-213.700034,432,9172.287344
108.448436,432,9172.609262
80.673095,432,9172.92315
-39.63045,432,9173.229751
-242.359608,432,9173.547367
-61.204573,432,9173.860721
-152.978563,432,9174.174784
142.398512,432,9174.487564
-196.088138,432,9174.811824
17.595069,432,9175.116299
13.696123,432,9175.427929
205.648873,432,9175.736228
85.223446,432,9176.040489
123.854845,432,9176.351605
163.405637,432,9176.659192
174.841619,432,9176.966337
-15.048824,432,9177.268253
184.818877,432,9177.579896
-0.427463,432,9177.886679
-291.149025,432,9178.189515
34.85044,432,9178.828842
187.109072,432,9179.136625
-153.584065,432,9179.465664
-43.386324,432,9179.802182
-43.170758,432,9180.120535
183.4375,432,9180.432913
-100.329486,432,9180.744931
198.149716,432,9181.050657
-342.548586,432,9181.357056
-43.025903,432,9181.669633
64.022714,432,9181.991853
-192.756052,432,9182.30766
193.851001,432,9182.614933
88.478074,432,9182.937188
27.692837,432,9183.25384
86.588201,432,9183.557793
-106.38202,432,9183.868239
-91.565239,432,9184.177604
88.903758,432,9184.488024
53.365809,432,9184.795272
-217.026618,432,9185.097562
3.192337,432,9185.450793
6.961158,432,9185.701386
3.689216,432,9185.954316
9.671069,432,9186.201386
5.36042,432,9186.455142
-29.334891,432,9187.089886
75.086068,432,9187.396168
-170.48418,432,9187.907728
191.635528,432,9188.505721
184.818757,432,9188.846719
244.44918,432,9189.158183
204.754707,432,9189.478038
28.816855,432,9189.795053
-318.153896,432,9190.101426
239.659766,432,9190.414772
80.136903,432,9190.73384
86.894437,432,9191.04495
77.051911,432,9191.359974
-234.971713,432,9191.666405
-131.549407,432,9191.974072
140.604725,432,9192.290731
-55.193715,432,9192.610029
218.197131,432,9192.919555
209.347392,432,9193.229451
-84.501918,432,9193.539973
-44.979778,432,9193.845519
-126.632712,432,9194.470514
150.089694,432,9194.779662
195.003488,432,9195.097944
-107.508899,432,9195.415219
144.234668,432,9195.721397
214.371702,432,9196.032305
23.566826,432,9196.341355
156.554047,432,9196.652756
232.008167,432,9196.957316
-256.639127,432,9197.277766
-11.369863,432,9197.589034
240.564136,432,9197.895226
238.384243,432,9198.203693
-180.802893,432,9198.513989
149.442572,432,9198.831009
-14.634869,432,9199.133257
167.03563,432,9199.43329
3.569893,432,9199.73881
214.880086,432,9200.04951
155.982213,432,9200.357011
-92.597002,432,9200.660753
-285.389247,432,9201.275816
8.046485,432,9201.592656
-218.164881,432,9201.89985
-53.948971,432,9202.235581
236.348701,432,9202.546555
92.694854,432,9202.859227
26.615899,432,9203.165403
103.940267,432,9203.471902
-162.068076,432,9203.776628
205.828807,432,9204.089955
115.134974,432,9204.404939
-29.810311,432,9204.711587
120.557936,432,9205.016757
22.060758,432,9205.319496
229.703974,432,9205.621839
232.688619,432,9205.930812
141.316005,432,9206.236109
-55.955534,432,9206.54544
-219.780552,432,9206.858072
147.250207,432,9207.16312
-105.689745,432,9207.482329
-77.808652,432,9207.803644
-44.722587,432,9208.449149
202.970991,432,9208.762375
-309.086622,432,9209.076826
169.542113,432,9209.381888
-106.865191,432,9209.691673
249.566196,432,9210.004003
-45.164128,432,9210.316448
-234.826476,432,9210.625747
49.569086,432,9210.938833
221.820394,432,9211.247249
153.33142,432,9211.555583
163.653568,432,9211.86367
-207.219381,432,9212.172542
-5.012418,432,9212.485178
234.763225,432,9212.798875
26.571631,432,9213.120797
-50.983504,432,9213.431941
62.374694,432,9213.746905
158.512504,432,9214.060434
195.237167,432,9214.366807
129.915543,432,9214.679012
5.380356,432,9215.038335
4.138341,432,9215.297233
10.275336,432,9215.554589
2.440487,432,9215.816595
17.282218,432,9216.066746
64.281361,432,9216.70826
-10.077947,432,9217.016641
-27.123865,432,9217.396239
319.107421,432,9217.895747
189.980396,432,9218.465523
181.191224,432,9218.788862
209.551506,432,9219.094265
246.796725,432,9219.411981
-84.130486,432,9219.726101
-91.420798,432,9220.034237
50.449711,432,9220.343508
23.471181,432,9220.657583
2.773544,432,9220.962673
171.779218,432,9221.27887
220.494977,432,9221.580394
110.998427,432,9221.889759
232.087332,432,9222.202992
-85.028027,432,9222.515859
25.859599,432,9222.818799
-208.918414,432,9223.127924
193.178024,432,9223.437897
204.740304,432,9224.059412
310.264895,432,9224.377006
117.017362,432,9224.701829
-137.769158,432,9225.010601
161.572991,432,9225.316575
290.062972,432,9225.624979
-3.253767,432,9225.934211
-115.10985,432,9226.241082
58.907042,432,9226.549409
-176.38029,432,9226.866252
228.074893,432,9227.166674
-261.348866,432,9227.468648
52.346676,432,9227.77072
105.887094,432,9228.083941
185.421728,432,9228.399035
26.054692,432,9228.710819
28.57944,432,9229.022443
125.72076,432,9229.335534
-38.305731,432,9229.641663
-283.436381,432,9229.955511
288.090648,432,9230.269906
47.811963,432,9230.882118
300.74854,432,9231.214275
97.820155,432,9231.524248
225.794643,432,9231.849794
270.705047,432,9232.160991
33.063932,432,9232.473193
182.495875,432,9232.780916
-1.508979,432,9233.094023
167.791815,432,9233.405995
-94.728759,432,9233.767087
-246.772324,432,9234.075951
-34.029656,432,9234.382182
287.351424,432,9234.692871
231.27906,432,9235.005436
-228.163173,432,9235.312699
218.816509,432,9235.616083
-52.563422,432,9235.923579
102.267337,432,9236.241703
10.480673,432,9236.55303
176.800345,432,9236.855519
34.529433,432,9237.167183
203.579895,432,9237.493966
57.147287,432,9238.126596
232.514078,432,9238.431808
22.43137,432,9238.749551
186.361145,432,9239.061086
-46.547267,432,9239.365216
12.133616,432,9239.697184
-123.389348,432,9240.015472
42.41206,432,9240.326541
279.38709,432,9240.655514
-109.64163,432,9240.962303
239.014551,432,9241.263209
229.451187,432,9241.574759
252.412869,432,9241.90144
17.531748,432,9242.209454
257.953064,432,9242.519147
-227.612771,432,9242.842283
-78.124711,432,9243.15317
99.619607,432,9243.455532
-21.421436,432,9243.761092
216.487937,432,9244.068301
242.993233,432,9244.379165
2.526683,432,9244.734271
2.113077,432,9244.991677
3.450891,432,9245.241073
9.96499,432,9245.492974
74.893771,432,9245.749959
144.082314,432,9246.377097
158.531563,432,9246.684966
72.022251,432,9247.066371
107.198201,432,9247.652291
209.891794,432,9248.10985
-206.158919,432,9248.417739
41.503219,432,9248.723332
275.765312,432,9249.029465
-192.303973,432,9249.334355
-216.02491,432,9249.645463
38.003165,432,9249.958924
283.138814,432,9250.27025
112.57666,432,9250.584084
-240.441434,432,9250.909237
190.483586,432,9251.221704
-68.061962,432,9251.541911
71.659062,432,9251.85353
292.749494,432,9252.168174
29.583777,432,9252.480014
-3.030265,432,9252.795557
194.895798,432,9253.109509
-66.85407,432,9253.728909
257.299821,432,9254.032197
209.314423,432,9254.343803
119.584584,432,9254.66673
218.97562,432,9254.976062
291.765165,432,9255.28335
36.978943,432,9255.598835
224.450542,432,9255.91481
215.098342,432,9256.226417
-210.536847,432,9256.539148
254.315846,432,9256.850363
118.023352,432,9257.151869
-154.490291,432,9257.455087
206.319321,432,9257.765016
-100.987234,432,9258.0749
299.840097,432,9258.387367
250.314214,432,9258.701652
274.285747,432,9259.014309
139.461311,432,9259.320172
-57.020869,432,9259.628163
285.939426,432,9259.942834
170.828849,432,9260.573586
280.309805,432,9260.890487
220.90774,432,9261.197619
148.194938,432,9261.513882
7.473994,432,9261.821554
223.97229,432,9262.126403
-170.560634,432,9262.430557
26.561183,432,9262.7358
106.466452,432,9263.038799
-31.710981,432,9263.345634
51.165847,432,9263.665756
4.06043,432,9263.98219
172.165187,432,9264.305858
-54.912241,432,9264.621532
170.552153,432,9264.943916
150.991048,432,9265.254944
214.479341,432,9265.556466
17.240826,432,9265.863051
64.895566,432,9266.171826
76.511209,432,9266.484597
-146.213931,432,9266.788879
199.890305,432,9267.096229
-53.904752,432,9267.743557
71.099295,432,9268.050906
52.455591,432,9268.371802
16.772589,432,9268.673588
295.341676,432,9268.98363
40.667023,432,9269.298127
-140.369977,432,9269.606115
133.640991,432,9269.923985
42.644301,432,9270.241234
-36.548468,432,9270.543515
256.764709,432,9270.851747
-31.978793,432,9271.160523
-7.767112,432,9271.465727
37.499384,432,9271.772949
225.032821,432,9272.084445
245.463135,432,9272.392267
160.525986,432,9272.704521
204.949436,432,9273.007295
116.030386,432,9273.314793
98.292724,432,9273.628731
-151.603786,432,9273.936164
4.52701,432,9274.28948
9.065303,432,9274.543754
5.101328,432,9274.805395
9.012985,432,9275.061799
3.793876,432,9275.315988
226.641341,432,9275.956953
223.940183,432,9276.272558
-49.719988,432,9276.642776
204.358104,432,9277.130925
197.865726,432,9277.598021
276.181718,432,9277.907445
129.321635,432,9278.220542
-164.761552,432,9278.533262
252.057274,432,9278.856289
229.556597,432,9279.165119
-194.520994,432,9279.476645
249.260834,432,9279.787507
194.175305,432,9280.098484
35.873263,432,9280.4053
66.313976,432,9280.714127
271.118108,432,9281.021138
57.97477,432,9281.336761
232.193236,432,9281.647413
-49.402774,432,9281.95863
191.046952,432,9282.26687
263.251039,432,9282.574267
-166.131486,432,9283.199121
148.730382,432,9283.509785
-170.280262,432,9283.829616
-263.033818,432,9284.147791
179.128686,432,9284.459637
213.976392,432,9284.771905
257.360253,432,9285.083272
94.065635,432,9285.388226
153.639172,432,9285.688386
290.335157,432,9285.994795
207.24567,432,9286.311198
187.869025,432,9286.622923
186.219673,432,9286.934506
173.382805,432,9287.249625
-30.17089,432,9287.559279
306.516017,432,9287.872487
-197.412546,432,9288.179712
281.838886,432,9288.482179
135.069667,432,9288.79007
7.33369,432,9289.099958
201.024011,432,9289.411277
258.531376,432,9290.024906
59.14912,432,9290.358934
199.00557,432,9290.681635
-16.733992,432,9291.00488
315.620586,432,9291.313014
95.143417,432,9291.621306
34.555474,432,9291.92974
8.873884,432,9292.236545
201.951978,432,9292.544172
4.658636,432,9292.858494
245.99577,432,9293.176803
-181.298982,432,9293.499721
192.878635,432,9293.816136
300.230585,432,9294.125132
-50.419697,432,9294.435915
-17.126701,432,9294.742339
264.974647,432,9295.050854
-164.942731,432,9295.360444
237.915778,432,9295.667884
132.911421,432,9295.980175
270.311081,432,9296.305275
237.314105,432,9296.63142
-163.489698,432,9297.235722
238.921464,432,9297.538682
-2.934972,432,9297.876883
210.171846,432,9298.211868
229.498981,432,9298.525184
284.099076,432,9298.82611
251.226382,432,9299.139049
210.945946,432,9299.445969
-218.694416,432,9299.782657
236.503744,432,9300.095373
153.461092,432,9300.412786
-3.69164,432,9300.723136
-36.902444,432,9301.030984
135.770159,432,9301.338229
271.910135,432,9301.659559
219.087686,432,9301.969075
-196.045859,432,9302.285053
225.647031,432,9302.601015
-185.937006,432,9302.907395
212.615225,432,9303.219475
-70.121612,432,9303.521195
4.845831,432,9303.872824
2.893594,432,9304.121606
17.15983,432,9304.372705
9.921968,432,9304.631081
-13.719488,432,9304.874796
234.750125,432,9305.502548
134.658857,432,9305.811523
230.938031,432,9306.197008
221.804781,432,9306.815436
241.930411,432,9307.280879
41.038351,432,9307.604739
293.065146,432,9307.913573
210.29277,432,9308.222606
229.176288,432,9308.534238
293.33343,432,9308.845882
288.912271,432,9309.163919
29.587606,432,9309.475422
74.910932,432,9309.776534
-34.383735,432,9310.081642
110.177914,432,9310.389832
154.669556,432,9310.705616
299.409052,432,9311.015523
226.787886,432,9311.331126
301.057751,432,9311.640024
-51.147061,432,9311.950281
242.788885,432,9312.256873
324.733088,432,9312.880614
228.732208,432,9313.18873
93.949146,432,9313.509832
264.867117,432,9313.824699
245.67173,432,9314.131629
264.493235,432,9314.441462
281.872546,432,9314.750471
257.255392,432,9315.072899
-84.974663,432,9315.392703
12.78698,432,9315.72258
228.339813,432,9316.039485
146.935452,432,9316.377531
277.906086,432,9316.706023
135.165131,432,9317.059433
50.218295,432,9317.417565
-159.794732,432,9317.747754
101.14384,432,9318.049943
-28.767264,432,9318.384884
47.190505,432,9318.734876
298.872375,432,9319.045001
257.23768,432,9319.351543
131.813703,432,9319.969698
199.123177,432,9320.308326
96.926755,432,9320.616617
149.800054,432,9320.930095
293.841547,432,9321.237929
299.014733,432,9321.545824
19.677229,432,9321.865699
97.145991,432,9322.198958
-197.839988,432,9322.515635
259.364744,432,9322.826797
-90.983546,432,9323.146817
185.210474,432,9323.46081
283.135468,432,9323.766932
-62.43683,432,9324.073012
22.558714,432,9324.391045
232.851709,432,9324.704402
170.155003,432,9325.014749
-74.641201,432,9325.330475
164.65388,432,9325.638872
125.54123,432,9325.951744
312.646967,432,9326.258997
270.295821,432,9326.566631
45.596359,432,9327.19346
56.969453,432,9327.503186
313.547626,432,9327.831229
276.403893,432,9328.166251
41.46787,432,9328.489409
74.917502,432,9328.800599
-172.303017,432,9329.106384
147.852218,432,9329.414783
126.99249,432,9329.721306
201.998463,432,9330.033741
69.374754,432,9330.342258
-16.801885,432,9330.647721
114.266082,432,9330.95613
-197.998976,432,9331.26999
189.906547,432,9331.580423
248.463218,432,9331.884593
-53.929842,432,9332.19171
233.912728,432,9332.506968
215.758057,432,9332.825194
80.475628,432,9333.131253
233.012348,432,9333.435342
11.846546,432,9333.790629
3.103129,432,9334.041752
2.726417,432,9334.287905
49.490834,432,9334.536552
23.376054,432,9334.786143
-88.175897,432,9335.410969
201.958617,432,9335.724335
-18.15942,432,9336.223856
247.815236,432,9336.801387
300.349041,432,9337.164274
115.289419,432,9337.470957
229.831509,432,9337.788431
-148.024407,432,9338.09526
184.685133,432,9338.413619
237.170265,432,9338.734832
193.67541,432,9339.051023
208.177231,432,9339.362159
-41.756594,432,9339.669658
243.672077,432,9339.982563
236.294695,432,9340.296497
102.024469,432,9340.604686
37.827212,432,9340.909294
215.942175,432,9341.223747
237.88083,432,9341.547265
32.516554,432,9341.874488
272.933949,432,9342.181958
245.480537,432,9342.795327
291.457948,432,9343.106739
268.768955,432,9343.416336
-96.946843,432,9343.737241
220.018716,432,9344.040745
298.455125,432,9344.348266
27.882472,432,9344.655681
205.940431,432,9344.962136
243.04823,432,9345.271219
16.075423,432,9345.575776
231.690364,432,9345.884116
277.847264,432,9346.196435
-21.880728,432,9346.503676
233.512217,432,9346.811467
25.371248,432,9347.117978
377.473064,432,9347.437954
231.501828,432,9347.744634
126.986476,432,9348.051613
193.751273,432,9348.357259
287.992595,432,9348.673119
323.267388,432,9348.980027
260.519362,432,9349.597069
43.08293,432,9349.926053
225.040741,432,9350.235653
85.845244,432,9350.558366
5.980455,432,9350.872811
186.815382,432,9351.180432
23.220704,432,9351.501846
-77.140378,432,9351.810299
328.745144,432,9352.112887
178.809018,432,9352.426119
68.051077,432,9352.735172
304.582172,432,9353.044811
133.316109,432,9353.351224
360.240533,432,9353.666016
320.165383,432,9353.973856
145.362929,432,9354.27857
142.121607,432,9354.593486
299.550449,432,9354.900317
220.415905,432,9355.207167
44.467148,432,9355.518113
219.827716,432,9355.822636
206.773095,432,9356.140059
202.718283,432,9356.771914
274.624628,432,9357.081178
81.594635,432,9357.409441
286.774731,432,9357.716464
248.885318,432,9358.029473
24.84536,432,9358.360308
-43.909132,432,9358.667127
168.502481,432,9358.977235
-59.181442,432,9359.280185
245.799517,432,9359.580724
164.50373,432,9359.914571
291.228159,432,9360.237871
304.420862,432,9360.546434
42.160281,432,9360.851026
249.473937,432,9361.161422
311.669797,432,9361.47358
225.706925,432,9361.783627
218.756381,432,9362.094105
-187.32866,432,9362.402197
248.005094,432,9362.711956
103.073458,432,9363.017772
16.24369,432,9363.379663
113.501414,432,9363.635761
6.744293,432,9363.888456
5.274962,432,9364.139549
-1.745848,432,9364.385014
236.2287,432,9365.018635
253.09778,432,9365.325689
179.079338,432,9365.797105
77.54675,432,9366.44838
-4.440949,432,9366.767159
-231.376265,432,9367.08409
278.713392,432,9367.39385
305.720225,432,9367.696148
202.857827,432,9368.001913
336.971835,432,9368.311048
200.825894,432,9368.625242
24.039374,432,9368.941871
198.076892,432,9369.262694
195.625772,432,9369.579702
204.742497,432,9369.881998
263.894446,432,9370.188129
37.595343,432,9370.497074
272.903832,432,9370.822305
221.430814,432,9371.134743
307.574431,432,9371.43883
160.970552,432,9371.74185
327.684435,432,9372.355758
-233.379175,432,9372.666976
-104.218514,432,9372.99569
263.019113,432,9373.304299
224.850517,432,9373.613118
132.613368,432,9373.925363
179.095676,432,9374.233188
41.005583,432,9374.540604
353.607875,432,9374.857996
259.984614,432,9375.16453
32.157895,432,9375.474972
229.063654,432,9375.784918
51.750414,432,9376.096196
259.387165,432,9376.399646
273.490921,432,9376.712953
-184.876198,432,9377.024107
124.991919,432,9377.336865
65.662637,432,9377.648785
293.122359,432,9377.966524
272.621429,432,9378.281626
159.665402,432,9378.5906
279.079042,432,9379.182202
237.270237,432,9379.510298
303.153647,432,9379.824763
224.150657,432,9380.150492
156.577738,432,9380.452178
85.22364,432,9380.762508
246.431699,432,9381.066682
291.759906,432,9381.37367
278.5226,432,9381.674717
339.758496,432,9381.97912
69.559093,432,9382.282711
94.401943,432,9382.591565
271.137608,432,9382.912542
181.46821,432,9383.223796
61.934035,432,9383.531083
320.397903,432,9383.839999
105.435408,432,9384.145801
244.825965,432,9384.466216
182.532209,432,9384.783698
125.226485,432,9385.096625
169.499584,432,9385.399135
71.106869,432,9385.707658
188.252563,432,9386.341855
227.38104,432,9386.65545
222.739226,432,9386.975483
329.648662,432,9387.28351
371.131838,432,9387.598645
357.381088,432,9387.909355
203.427897,432,9388.223087
317.700114,432,9388.536262
217.462507,432,9388.852725
185.950935,432,9389.163547
317.511934,432,9389.47842
278.880134,432,9389.782743
-15.984112,432,9390.088554
-44.204152,432,9390.396159
253.643728,432,9390.705593
293.853383,432,9391.019791
240.994073,432,9391.328651
105.614657,432,9391.639545
52.504579,432,9391.951059
20.364145,432,9392.268969
254.562707,432,9392.581594
20.759832,432,9392.933682
-29.735329,432,9393.183171
74.486569,432,9393.438232
3.420033,432,9393.70135
8.317895,432,9393.962495
115.985857,432,9394.59306
141.616878,432,9394.899827
241.199601,432,9395.42647
-56.340582,432,9396.057703
176.004026,432,9396.382571
326.225685,432,9396.685917
272.290978,432,9396.993251
152.535169,432,9397.30382
277.087572,432,9397.610017
315.642526,432,9397.928042
120.501825,432,9398.24274
46.462913,432,9398.552145
317.219168,432,9398.859938
64.332912,432,9399.173278
220.064108,432,9399.492785
14.498843,432,9399.809205
168.259424,432,9400.117671
106.929394,432,9400.437764
283.575155,432,9400.756481
283.125886,432,9401.069349
270.945484,432,9401.375713
122.469953,432,9402.007204
275.491976,432,9402.319826
318.531598,432,9402.628254
119.660451,432,9402.939183
56.288168,432,9403.251628
215.587988,432,9403.564708
42.367408,432,9403.880339
221.652856,432,9404.189749
301.908902,432,9404.494238
-0.434722,432,9404.800364
163.746461,432,9405.112269
291.710939,432,9405.431372
261.411618,432,9405.740928
313.529581,432,9406.048652
257.007152,432,9406.375715
330.542651,432,9406.687278
250.292831,432,9406.992428
21.282886,432,9407.299347
305.201564,432,9407.609674
39.111627,432,9407.920721
307.680025,432,9408.226138
197.203915,432,9408.858775
307.305062,432,9409.187662
194.728407,432,9409.507702
-11.280719,432,9409.820625
187.089346,432,9410.124378
218.677485,432,9410.432598
-135.849448,432,9410.74455
277.86367,432,9411.058604
330.460611,432,9411.368182
214.657328,432,9411.682817
200.953578,432,9412.004267
294.245784,432,9412.318125
138.096226,432,9412.623464
129.008342,432,9412.937728
201.938405,432,9413.260624
98.361086,432,9413.574418
187.831061,432,9413.890836
312.723803,432,9414.205566
204.490547,432,9414.518502
173.668131,432,9414.830885
217.07238,432,9415.133319
273.066201,432,9415.441608
281.962189,432,9416.048159
186.542357,432,9416.363779
229.647602,432,9416.687855
268.72849,432,9416.999934
-52.995805,432,9417.312154
249.982681,432,9417.622696
64.118722,432,9417.928253
223.403099,432,9418.239046
321.054691,432,9418.542277
-237.894879,432,9418.849327
217.375128,432,9419.161755
222.799414,432,9419.471818
288.775176,432,9419.79469
266.616148,432,9420.106844
-141.224857,432,9420.416443
37.611164,432,9420.720934
166.543019,432,9421.035479
-9.031192,432,9421.346833
361.18819,432,9421.664469
154.895956,432,9421.974963
297.377726,432,9422.286955
-20.873582,432,9422.642109
23.272082,432,9422.895954
5.250855,432,9423.13735
0.406376,432,9423.389558
3.00543,432,9423.635007
205.454838,432,9424.28439
244.503364,432,9424.602729
96.853228,432,9425.127693
241.777502,432,9425.667156
131.131135,432,9426.023719
372.415543,432,9426.341167
82.391841,432,9426.662687
43.1424,432,9426.973253
271.594633,432,9427.281224
265.516679,432,9427.588741
60.573324,432,9427.896824
294.864512,432,9428.207171
192.836141,432,9428.513684
274.926604,432,9428.836073
265.339417,432,9429.147145
297.643998,432,9429.468999
329.940523,432,9429.780189
217.381392,432,9430.095935
292.760574,432,9430.409904
110.156803,432,9430.725303
145.001386,432,9431.033211
307.923503,432,9431.657517
307.322832,432,9431.965359
111.92872,432,9432.28815
300.952013,432,9432.60412
281.049989,432,9432.914577
81.370865,432,9433.221155
171.231577,432,9433.543321
232.317985,432,9433.850311
370.366109,432,9434.15526
244.700747,432,9434.455915
211.910142,432,9434.765492
315.675261,432,9435.071472
103.678262,432,9435.382808
45.358856,432,9435.69055
254.003782,432,9436.015234
187.76969,432,9436.331098
397.560955,432,9436.636185
57.287657,432,9436.946605
15.94338,432,9437.2489
280.072555,432,9437.562194
293.376458,432,9437.878011
119.204762,432,9438.484279
242.662711,432,9438.800855
375.349124,432,9439.111659
3.998071,432,9439.42882
253.487686,432,9439.743531
-134.435159,432,9440.056355
-112.629924,432,9440.369609
65.388841,432,9440.68009
108.737371,432,9440.985462
-174.58071,432,9441.300467
251.306898,432,9441.611149
240.110418,432,9441.931346
211.011308,432,9442.246537
43.336685,432,9442.556741
55.204751,432,9442.876153
305.659738,432,9443.189282
181.383883,432,9443.500412
176.880985,432,9443.809779
263.51281,432,9444.124076
254.816426,432,9444.427498
390.940293,432,9444.739596
261.697108,432,9445.047659
323.759534,432,9445.662571
247.396052,432,9445.979161
229.089309,432,9446.299968
248.434934,432,9446.614836
267.825303,432,9446.92857
157.996294,432,9447.233222
317.806348,432,9447.5416
258.792353,432,9447.856554
241.755306,432,9448.160331
226.548297,432,9448.465349
316.37423,432,9448.78496
290.130838,432,9449.088633
308.284793,432,9449.400851
255.048481,432,9449.710307
328.375254,432,9450.016435
339.407242,432,9450.333272
206.679743,432,9450.637022
133.878524,432,9450.941567
259.800078,432,9451.24971
325.360629,432,9451.558454
142.569182,432,9451.867862
-6.929959,432,9452.229908
1.054048,432,9452.482556
20.799846,432,9452.731261
6.748117,432,9452.987233
-26.244802,432,9453.236604
289.460742,432,9453.877427
281.597642,432,9454.191483
297.7471,432,9454.693355
282.599909,432,9455.291513
332.901127,432,9455.629093
313.610287,432,9455.943583
36.46511,432,9456.258501
285.904654,432,9456.568375
264.46068,432,9456.877365
277.859869,432,9457.194001
101.017802,432,9457.508865
23.482226,432,9457.816842
-162.78478,432,9458.124651
-87.372769,432,9458.432169
308.199404,432,9458.735495
-32.689977,432,9459.049235
283.570858,432,9459.36839
336.488535,432,9459.697065
293.82674,432,9460.004431
383.28523,432,9460.311521
302.866912,432,9460.620659
331.744131,432,9461.258712
105.567884,432,9461.574117
256.318571,432,9461.892579
65.771215,432,9462.209872
297.736896,432,9462.520075
329.196145,432,9462.82856
209.469005,432,9463.142776
229.273403,432,9463.457194
325.714915,432,9463.7711
341.548499,432,9464.079853
215.261861,432,9464.392376
195.671987,432,9464.700365
96.554027,432,9465.018389
300.194068,432,9465.326483
366.78718,432,9465.63304
382.899358,432,9465.94774
231.184727,432,9466.259429
305.586019,432,9466.57619
119.349841,432,9466.887813
247.982648,432,9467.196485
211.680874,432,9467.503195
49.554942,432,9468.109264
223.337185,432,9468.429734
127.522912,432,9468.740081
261.84615,432,9469.062735
-57.402466,432,9469.367173
49.848876,432,9469.67157
177.694908,432,9469.982093
10.173012,432,9470.297181
228.351998,432,9470.606663
152.139518,432,9470.917536
232.862425,432,9471.235283
298.331931,432,9471.541945
-18.880728,432,9471.849375
265.699584,432,9472.154062
-332.524784,432,9472.458439
329.132198,432,9472.761964
-50.415055,432,9473.074336
274.163862,432,9473.397997
349.499948,432,9473.710607
226.565447,432,9474.021216
274.429767,432,9474.332282
-19.607004,432,9474.646106
332.370681,432,9475.25898
-120.414673,432,9475.577151
302.994088,432,9475.910144
275.261501,432,9476.22175
234.644785,432,9476.529021
-68.352715,432,9476.847697
295.203414,432,9477.16538
70.343324,432,9477.47804
264.419526,432,9477.792522
217.544435,432,9478.100227
400.121974,432,9478.413542
298.824719,432,9478.726879
309.306206,432,9479.045279
211.252383,432,9479.365334
212.881301,432,9479.696829
-64.080503,432,9480.012026
34.725887,432,9480.315613
20.987633,432,9480.627316
267.782865,432,9480.934303
246.695764,432,9481.244521
233.100382,432,9481.549567
-48.092034,432,9481.906887
16.822083,432,9482.159596
5.577429,432,9482.407393
-32.072774,432,9482.653546
4.616598,432,9482.91563
369.017388,432,9483.571067
50.017334,432,9483.877532
270.393463,432,9484.390484
383.856351,432,9484.89761
228.906716,432,9485.250114
310.333923,432,9485.558609
342.288953,432,9485.866968
266.403453,432,9486.182869
411.068428,432,9486.501307
344.513898,432,9486.818746
257.570886,432,9487.138995
133.974029,432,9487.50447
307.578703,432,9487.844873
-13.080111,432,9488.164788
152.246057,432,9488.474548
101.49214,432,9488.787361
224.604163,432,9489.098449
263.396254,432,9489.414849
309.162034,432,9489.720944
320.799589,432,9490.040076
249.163507,432,9490.350249
289.440974,432,9490.990225
66.253616,432,9491.293959
282.827353,432,9491.601639
208.806921,432,9491.915732
215.565134,432,9492.2292
336.94165,432,9492.534898
176.199746,432,9492.83997
243.250577,432,9493.147035
176.29146,432,9493.46628
348.372555,432,9493.772257
205.722345,432,9494.084054
96.31069,432,9494.395246
304.983164,432,9494.705517
209.463299,432,9495.012367
-63.350538,432,9495.327162
137.424344,432,9495.63884
305.623704,432,9495.956183
306.457238,432,9496.26101
371.693224,432,9496.575738
191.770028,432,9496.885993
304.253826,432,9497.195549
271.603249,432,9497.852901
310.103073,432,9498.191935
133.685374,432,9498.558254
99.406323,432,9498.962873
318.854943,432,9499.293391
297.435095,432,9499.605555
42.089107,432,9499.921454
327.460268,432,9500.309373
286.568277,432,9500.619478
293.348733,432,9500.927434
215.119975,432,9501.247751
31.812453,432,9501.569546
22.664169,432,9501.877852
297.574961,432,9502.186411
223.449347,432,9502.497425
-118.396666,432,9502.807847
272.226492,432,9503.122951
251.978349,432,9503.427159
326.747263,432,9503.746932
279.008417,432,9504.058511
30.84757,432,9504.370842
42.651766,432,9504.683384
298.201453,432,9505.334827
380.517048,432,9505.650682
511.242147,432,9506.013074
272.703685,432,9506.318772
250.070968,432,9506.633395
401.973416,432,9506.950862
340.306024,432,9507.259782
269.634631,432,9507.576118
412.308855,432,9507.888289
180.092946,432,9508.197621
162.851667,432,9508.509732
56.140847,432,9508.823279
314.174412,432,9509.147215
283.315801,432,9509.462499
47.458713,432,9509.791697
-73.899371,432,9510.108376
188.000478,432,9510.426021
315.369328,432,9510.732533
369.641757,432,9511.045343
208.331752,432,9511.35435
131.518092,432,9511.663802
5.63183,432,9512.007911
-9.659195,432,9512.259385
12.745432,432,9512.50948
-2.860398,432,9512.760176
-9.170513,432,9513.017112
449.832974,432,9513.654909
269.20134,432,9513.968305
194.423526,432,9514.509557
259.289259,432,9515.130505
37.377065,432,9515.449711
170.207834,432,9515.760663
290.803651,432,9516.069886
221.426351,432,9516.384807
156.908447,432,9516.70029
311.37953,432,9517.007878
168.54337,432,9517.317687
200.123666,432,9517.626259
344.341474,432,9517.936708
364.133257,432,9518.2505
319.178067,432,9518.5595
235.613096,432,9518.875361
355.778981,432,9519.186486
273.207381,432,9519.501874
356.901841,432,9519.809463
-291.034437,432,9520.126138
204.326582,432,9520.428122
91.26823,432,9521.042622
305.596012,432,9521.350635
294.607837,432,9521.667292
350.417453,432,9521.977026
247.051439,432,9522.280701
287.06645,432,9522.584562
155.464578,432,9522.896268
278.080916,432,9523.205689
80.863992,432,9523.528111
338.742578,432,9523.843563
284.635145,432,9524.164109
251.025179,432,9524.477645
70.397355,432,9524.787759
242.854226,432,9525.101738
275.10955,432,9525.413474
321.229411,432,9525.722749
181.946851,432,9526.029214
338.738851,432,9526.344011
309.306582,432,9526.649201
62.981614,432,9526.965642
373.585187,432,9527.27667
415.415403,432,9527.886482
218.806439,432,9528.218357
288.970749,432,9528.531315
-43.448882,432,9528.85562
172.727601,432,9529.165203
74.084631,432,9529.476054
380.566314,432,9529.789238
332.935721,432,9530.104677
180.928258,432,9530.421739
109.409335,432,9530.738654
274.599087,432,9531.045008
231.328619,432,9531.359155
306.1804,432,9531.673698
450.623176,432,9531.982519
252.53479,432,9532.297547
408.57054,432,9532.606428
229.19882,432,9532.913399
390.336616,432,9533.228245
260.558433,432,9533.536268
272.803327,432,9533.894193
283.330426,432,9534.203748
314.981288,432,9534.511353
27.864009,432,9535.129627
339.016251,432,9535.448057
109.983544,432,9535.777107
275.766816,432,9536.085539
38.291633,432,9536.391927
47.41224,432,9536.698931
151.843287,432,9537.010077
315.787044,432,9537.316655
267.768126,432,9537.630899
328.94772,432,9537.935538
222.878914,432,9538.2471
265.235129,432,9538.584253
323.846754,432,9538.892806
269.932827,432,9539.197624
303.122476,432,9539.499858
266.33582,432,9539.839823
277.82654,432,9540.144578
64.362927,432,9540.459789
330.749745,432,9540.790277
274.13531,432,9541.104771
116.246989,432,9541.413532
8.793143,432,9541.768094
13.555947,432,9542.01797
-29.278089,432,9542.266435
8.217468,432,9542.529486
-70.686054,432,9542.790999
245.680706,432,9543.414409
290.481877,432,9543.727525
-18.075437,432,9544.258828
292.413008,432,9544.888032
270.629085,432,9545.212146
60.013901,432,9545.528328
50.899943,432,9545.85037
346.70464,432,9546.172712
257.311488,432,9546.486193
219.589447,432,9546.803165
318.142197,432,9547.107844
196.621129,432,9547.429805
255.035313,432,9547.749226
352.653749,432,9548.061801
216.819056,432,9548.370667
271.646656,432,9548.681203
229.500683,432,9548.988905
334.435137,432,9549.310428
265.636117,432,9549.623455
211.888859,432,9549.941262
260.626552,432,9550.255876
264.618319,432,9550.934895
303.392393,432,9551.246674
263.841417,432,9551.571062
360.678561,432,9551.883388
246.273351,432,9552.196582
336.879281,432,9552.50425
93.686569,432,9552.81959
346.708058,432,9553.12492
339.381402,432,9553.437261
361.881575,432,9553.74132
355.237336,432,9554.051722
369.58555,432,9554.362292
275.004073,432,9554.669742
235.931605,432,9554.978814
-308.084179,432,9555.294257
359.433797,432,9555.60842
60.917595,432,9555.923196
388.443241,432,9556.228407
259.366234,432,9556.539753
250.583166,432,9556.854514
268.984911,432,9557.165489
294.921496,432,9557.776345
308.013171,432,9558.100735
263.962406,432,9558.415049
339.798752,432,9558.744894
289.629543,432,9559.054686
187.426904,432,9559.370449
316.260075,432,9559.678529
325.212614,432,9559.994927
247.23828,432,9560.303882
319.450277,432,9560.613022
215.24098,432,9560.92461
103.385269,432,9561.227486
111.27583,432,9561.54623
227.805009,432,9561.853008
108.615896,432,9562.156906
342.289376,432,9562.465411
236.844267,432,9562.776616
344.696533,432,9563.084811
246.747309,432,9563.392177
308.431366,432,9563.700102
311.873268,432,9564.012796
324.735807,432,9564.322117
190.677084,432,9564.947092
245.40747,432,9565.255479
279.121488,432,9565.574298
86.444972,432,9565.886133
82.55928,432,9566.197788
292.735515,432,9566.505897
353.594552,432,9566.817326
186.811407,432,9567.124487
334.228591,432,9567.42874
327.125991,432,9567.735408
298.3381,432,9568.041497
-38.886943,432,9568.345507
138.861413,432,9568.653068
299.939962,432,9568.96394
273.403739,432,9569.281881
125.894337,432,9569.593575
324.067984,432,9569.906338
356.510416,432,9570.215688
356.698616,432,9570.545088
304.219356,432,9570.906658
21.545167,432,9571.242752
18.259051,432,9571.619098
-17.845624,432,9571.87031
19.669686,432,9572.127343
-133.537887,432,9572.395182
-48.776,432,9572.638778
326.601568,432,9573.268585
231.357255,432,9573.579176
359.278133,432,9574.08886
42.976552,432,9574.705585
320.264846,432,9575.032971
319.820186,432,9575.343839
318.259018,432,9575.656714
256.09777,432,9576.000027
211.945304,432,9576.345334
259.755163,432,9576.674103
275.976767,432,9577.003955
296.988668,432,9577.327275
99.126842,432,9577.652141
168.645643,432,9577.99237
269.363475,432,9578.330897
118.254939,432,9578.681338
312.931455,432,9579.017189
91.422527,432,9579.374208
244.646391,432,9579.716665
223.416655,432,9580.037008
425.57714,432,9580.344193
348.539904,432,9581.028204
268.650954,432,9581.342905
190.060091,432,9581.665362
330.991044,432,9581.977549
332.721414,432,9582.301991
436.776555,432,9582.623611
444.582618,432,9582.935527
322.191772,432,9583.24843
272.103383,432,9583.561274
-49.901281,432,9583.875536
444.967041,432,9584.194153
146.398371,432,9584.501635
327.03281,432,9584.820989
270.014081,432,9585.129147
-52.524329,432,9585.435538
272.621518,432,9585.742321
383.928345,432,9586.05222
246.40686,432,9586.372254
372.399775,432,9586.685093
254.578506,432,9586.99097
151.343168,432,9587.297975
-28.937931,432,9587.894435
39.307086,432,9588.225579
43.516637,432,9588.533885
257.694763,432,9588.85339
378.322556,432,9589.158605
463.830652,432,9589.469675
157.559761,432,9589.782227
356.604199,432,9590.09136
245.727936,432,9590.396188
325.892863,432,9590.701697
373.81016,432,9591.015527
290.774559,432,9591.32627
143.678553,432,9591.632887
242.46473,432,9591.944573
329.820138,432,9592.255727
325.418254,432,9592.559586
283.644419,432,9592.862792
132.007828,432,9593.165375
315.064532,432,9593.467643
343.45839,432,9593.78206
409.198519,432,9594.094908
74.453799,432,9594.409458
293.709865,432,9595.061108
261.716704,432,9595.38526
276.49059,432,9595.778267
362.390387,432,9596.110927
329.284931,432,9596.421018
322.243922,432,9596.727122
309.29327,432,9597.039106
359.879303,432,9597.348398
307.055229,432,9597.659089
342.41494,432,9597.965683
373.309103,432,9598.280134
345.217739,432,9598.588206
356.003215,432,9598.896062
323.373875,432,9599.202305
341.124597,432,9599.50752
389.755968,432,9599.842967
175.163405,432,9600.151464
339.128704,432,9600.462047
344.82136,432,9600.776807
360.826794,432,9601.085301
345.083839,432,9601.395669
3.059742,432,9601.749249
-24.719401,432,9601.998532
11.530993,432,9602.25123
1.374824,432,9602.50451
-110.329132,432,9602.751971
396.618017,432,9603.387551
284.977358,432,9603.702847
262.698439,432,9604.246375
166.36584,432,9604.808179
299.823255,432,9605.14846
278.332814,432,9605.455362
293.786141,432,9605.765505
181.252687,432,9606.084352
371.48574,432,9606.394452
30.431187,432,9606.704881
309.75364,432,9607.011051
321.035198,432,9607.315203
317.496822,432,9607.625866
351.217627,432,9607.935705
56.955997,432,9608.248949
290.802527,432,9608.559164
61.882996,432,9608.86844
318.573063,432,9609.189312
313.223751,432,9609.500379
-120.370298,432,9609.811898
228.536844,432,9610.1248
395.739054,432,9610.757457
375.133037,432,9611.080875
318.448444,432,9611.402337
398.123384,432,9611.712753
357.115857,432,9612.022956
95.061113,432,9612.352375
74.482776,432,9612.689217
363.761534,432,9613.001551
243.034161,432,9613.310803
269.485472,432,9613.62265
316.643699,432,9613.935759
37.104246,432,9614.25367
77.673658,432,9614.557989
-45.062112,432,9614.870391
141.141297,432,9615.17393
258.394616,432,9615.483165
268.733714,432,9615.795298
156.679806,432,9616.106666
93.126827,432,9616.416608
328.797892,432,9616.732696
241.207608,432,9617.045982
188.774451,432,9617.666464
75.541989,432,9617.989348
313.137709,432,9618.301285
361.185501,432,9618.625644
398.762496,432,9618.932466
337.894848,432,9619.239589
142.25005,432,9619.54868
91.358424,432,9619.859918
234.306874,432,9620.161947
274.498998,432,9620.47287
93.861298,432,9620.780542
137.277021,432,9621.085881
316.77736,432,9621.396397
253.78252,432,9621.712978
278.657627,432,9622.031689
43.176176,432,9622.341418
385.813904,432,9622.661528
387.133384,432,9622.973667
314.455948,432,9623.293446
329.901886,432,9623.595827
339.144984,432,9623.899385
266.275299,432,9624.21279
142.250429,432,9624.824153
4.967799,432,9625.134496
270.171792,432,9625.454691
220.486826,432,9625.776086
321.179669,432,9626.083137
317.866088,432,9626.439586
-252.416867,432,9626.745446
403.20144,432,9627.051743
334.342556,432,9627.360292
276.546497,432,9627.673405
161.993581,432,9627.978193
255.42438,432,9628.292633
-142.87974,432,9628.60338
375.192003,432,9628.907745
307.852427,432,9629.212958
253.898259,432,9629.519166
331.041567,432,9629.841343
198.672611,432,9630.154685
335.55722,432,9630.458192
294.878112,432,9630.790452
249.133787,432,9631.097171
3.818843,432,9631.446933
8.376491,432,9631.708907
7.759209,432,9631.957337
-46.275626,432,9632.206323
-2.781795,432,9632.450566
254.641599,432,9633.108231
365.107073,432,9633.424161
320.244822,432,9633.922662
266.712773,432,9634.561291
303.280239,432,9634.874794
319.516168,432,9635.200228
311.767779,432,9635.514482
299.343089,432,9635.830492
337.987312,432,9636.143042
94.331248,432,9636.447225
140.456921,432,9636.757587
203.325433,432,9637.066188
290.52157,432,9637.383527
300.897747,432,9637.702818
330.350532,432,9638.01744
-329.82875,432,9638.3273
186.489929,432,9638.629238
291.804832,432,9638.948895
341.421175,432,9639.262459
25.266984,432,9639.580955
381.62005,432,9639.898174
328.069345,432,9640.49987
-185.549299,432,9640.803509
308.168761,432,9641.123981
339.27583,432,9641.443269
271.642391,432,9641.749068
281.600579,432,9642.058904
293.132226,432,9642.365065
270.978434,432,9642.674404
215.020416,432,9642.986428
310.036469,432,9643.296556
104.208013,432,9643.606413
297.024934,432,9643.914574
349.860357,432,9644.231178
-135.757257,432,9644.539745
-220.087988,432,9644.858487
352.336851,432,9645.167973
393.182155,432,9645.468114
280.6401,432,9645.770676
336.776697,432,9646.07205
347.134103,432,9646.381755
289.442956,432,9646.700816
338.996184,432,9647.31921
279.848944,432,9647.641357
279.566924,432,9647.946755
287.681729,432,9648.271381
350.890581,432,9648.579479
274.006081,432,9648.884149
300.760329,432,9649.19571
192.683823,432,9649.507129
369.58529,432,9649.821757
312.630741,432,9650.139055
385.050136,432,9650.455961
201.751427,432,9650.765171
-53.783982,432,9651.078147
320.118174,432,9651.390978
133.567552,432,9651.704608
281.886965,432,9652.012451
365.364415,432,9652.323319
274.551227,432,9652.635345
269.003063,432,9652.944474
62.380625,432,9653.259412
300.732582,432,9653.56926
284.047274,432,9653.887266
123.000252,432,9654.499302
401.267167,432,9654.809131
304.646261,432,9655.130994
459.125263,432,9655.43822
291.325168,432,9655.750308
327.1644,432,9656.064425
239.626819,432,9656.368277
328.816917,432,9656.674101
244.995023,432,9656.991858
373.978821,432,9657.3032
303.509576,432,9657.612256
335.300881,432,9657.923635
171.626367,432,9658.229928
297.053366,432,9658.541967
348.071348,432,9658.858447
98.884957,432,9659.175338
221.316946,432,9659.485951
342.605261,432,9659.817398
310.582257,432,9660.135446
353.444863,432,9660.454369
-218.773335,432,9660.767136
-8.851561,432,9661.139385
4.01486,432,9661.3881
-19.502125,432,9661.631781
29.601366,432,9661.875051
4.255019,432,9662.118645
359.062749,432,9662.755271
266.8062,432,9663.074134
203.083271,432,9663.590551
292.299565,432,9664.18993
212.484301,432,9664.515876
289.090732,432,9664.832008
276.857043,432,9665.144294
268.016476,432,9665.451872
382.206974,432,9665.770354
-382.165473,432,9666.088249
297.395722,432,9666.407706
350.541921,432,9666.727387
192.355636,432,9667.04122
296.558089,432,9667.35087
252.717332,432,9667.662453
66.602964,432,9667.974936
128.867415,432,9668.288587
255.532798,432,9668.593467
310.562655,432,9668.901938
210.154257,432,9669.213565
281.388869,432,9669.530117
174.719786,432,9670.154987
247.500329,432,9670.457328
293.99746,432,9670.779648
307.038644,432,9671.11734
254.767967,432,9671.435392
316.301291,432,9671.747017
287.802714,432,9672.07271
483.92264,432,9672.387153
304.924005,432,9672.698787
266.490558,432,9673.011126
-384.323324,432,9673.323272
290.422292,432,9673.625092
288.036891,432,9673.928533
404.644755,432,9674.244177
271.79774,432,9674.557271
-341.642828,432,9674.868167
327.432054,432,9675.18042
323.4504,432,9675.495968
296.811762,432,9675.805544
294.211849,432,9676.115345
59.990318,432,9676.425133
104.886716,432,9677.056047
99.981875,432,9677.376973
300.560306,432,9677.684461
280.309307,432,9678.01446
332.227151,432,9678.32815
280.522174,432,9678.643224
88.770145,432,9678.965493
313.387867,432,9679.287667
145.650755,432,9679.636419
335.536889,432,9679.976607
367.612408,432,9680.333275
350.798603,432,9680.716071
264.057635,432,9681.045203
292.238271,432,9681.358294
226.743272,432,9681.714598
114.875116,432,9682.052124
275.91111,432,9682.371144
361.357197,432,9682.675114
206.817336,432,9682.984357
286.419147,432,9683.297057
332.454626,432,9683.605778
18.751577,432,9683.926714
329.833112,432,9684.564379
330.893346,432,9684.869713
170.487082,432,9685.201631
327.75843,432,9685.521554
350.481061,432,9685.837543
262.474506,432,9686.14439
318.226617,432,9686.457706
-84.247215,432,9686.772686
341.182397,432,9687.087775
292.510561,432,9687.395357
90.67177,432,9687.709781
275.691324,432,9688.014568
134.682102,432,9688.326503
82.793618,432,9688.631152
304.801299,432,9688.93792
326.899888,432,9689.242584
252.617879,432,9689.541368
479.537952,432,9689.841547
272.126331,432,9690.148308
202.100772,432,9690.462681
273.937635,432,9690.77939
-65.345645,432,9691.139555
-50.313101,432,9691.399563
-159.478267,432,9691.647828
-46.478456,432,9691.892849
-47.368655,432,9692.1337
304.217709,432,9692.765475
334.011325,432,9693.073758
283.840903,432,9693.449857
282.717646,432,9693.762828
280.761475,432,9694.080955
58.446997,432,9694.392689
136.436557,432,9694.722927
343.315737,432,9695.028793
5.558486,432,9695.334866
346.768155,432,9695.647348
290.808259,432,9695.958633
287.135786,432,9696.269479
294.568984,432,9696.589557
400.834174,432,9696.894933
306.619531,432,9697.205737
-89.23423,432,9697.510173
191.495264,432,9697.81859
350.8114,432,9698.12797
225.574846,432,9698.444648
322.70396,432,9698.748626
208.579617,432,9699.059269
77.831781,432,9699.696881
394.519156,432,9700.007321
352.733424,432,9700.327141
279.045284,432,9700.905757
283.252894,432,9701.359372
288.217825,432,9701.676066
292.697791,432,9701.981249
148.362224,432,9702.293391
211.339236,432,9702.605605
254.434955,432,9702.917692
236.125431,432,9703.227221
268.645203,432,9703.544434
277.698379,432,9703.85628
282.413417,432,9704.162055
329.042207,432,9704.464309
311.366846,432,9704.767132
47.820453,432,9705.072273
151.408943,432,9705.386502
155.596105,432,9705.701183
263.455448,432,9706.005717
342.386072,432,9706.314917
233.294868,432,9706.930625
38.622325,432,9707.240947
95.118578,432,9707.547172
296.82671,432,9707.863172
157.692391,432,9708.172019
202.685424,432,9708.48218
291.654421,432,9708.791986
44.924979,432,9709.098545
287.378605,432,9709.410473
387.313557,432,9709.714246
310.698412,432,9710.024209
253.572224,432,9710.341722
343.44402,432,9710.654552
115.647665,432,9710.960996
98.596428,432,9711.271482
114.6432,432,9711.576457
255.403608,432,9711.878737
321.857189,432,9712.191208
191.215818,432,9712.504734
254.483694,432,9712.810668
320.416513,432,9713.119627
302.959667,432,9713.421977
68.146205,432,9714.065695
295.843791,432,9714.376298
264.751468,432,9714.698034
328.752053,432,9715.004177
379.270841,432,9715.314879
139.672013,432,9715.62809
427.909587,432,9715.934004
340.379641,432,9716.251613
315.616908,432,9716.566041
263.191127,432,9716.878517
295.071675,432,9717.183647
83.237225,432,9717.493153
-144.715779,432,9717.796797
300.503394,432,9718.099244
381.194498,432,9718.417112
319.603281,432,9718.733392
207.129523,432,9719.043523
298.9374,432,9719.354756
386.701166,432,9719.678061
148.688625,432,9719.989488
266.030374,432,9720.303214
-45.4875,432,9720.66291
-119.898374,432,9720.91381
-132.139574,432,9721.163473
-34.092631,432,9721.409811
-183.554657,432,9721.658743
318.233791,432,9722.286936
430.49192,432,9722.590996
430.193517,432,9722.968651
301.398406,432,9723.288512
278.13207,432,9723.595961
275.871929,432,9723.900183
281.55211,432,9724.21646
328.57051,432,9724.523452
253.082436,432,9724.83423
356.91436,432,9725.144959
300.310004,432,9725.459949
352.314951,432,9725.768281
357.95308,432,9726.07022
174.962707,432,9726.371918
250.765495,432,9726.680572
320.31448,432,9726.998608
278.240736,432,9727.310345
96.167782,432,9727.618484
303.632197,432,9727.938851
205.535616,432,9728.255577
232.883305,432,9728.571083
108.25995,432,9729.198108
427.085287,432,9729.510497
373.107665,432,9729.826995
252.382126,432,9730.468088
265.155651,432,9730.905643
346.491903,432,9731.214236
335.985609,432,9731.528544
428.556191,432,9731.835708
245.789733,432,9732.142781
302.607866,432,9732.448515
396.928779,432,9732.763387
-314.991803,432,9733.078877
387.718531,432,9733.38939
350.042684,432,9733.69888
331.295828,432,9734.008286
99.815361,432,9734.316086
374.366028,432,9734.620683
330.722333,432,9734.936824
331.937512,432,9735.248171
-32.427601,432,9735.55698
85.100981,432,9735.866863
257.424794,432,9736.491015
364.923726,432,9736.808693
79.789906,432,9737.120813
279.960403,432,9737.438079
328.696873,432,9737.746378
346.396183,432,9738.057559
367.347442,432,9738.367002
305.966415,432,9738.681255
-34.674049,432,9738.991226
344.037458,432,9739.30153
315.584289,432,9739.618789
278.042893,432,9739.935758
199.30124,432,9740.242903
296.943518,432,9740.549163
107.987002,432,9740.858639
156.924375,432,9741.166514
253.318662,432,9741.473943
380.369069,432,9741.78131
66.459872,432,9742.092962
405.421361,432,9742.40151
259.008638,432,9742.723846
131.061173,432,9743.040811
305.581912,432,9743.669117
226.287191,432,9743.982723
312.665684,432,9744.303112
444.557888,432,9744.611769
415.171403,432,9744.925167
270.17236,432,9745.241832
320.824609,432,9745.550802
332.527777,432,9745.872516
419.709,432,9746.180627
79.192007,432,9746.496889
330.702987,432,9746.811354
212.861558,432,9747.133085
359.224375,432,9747.437343
394.986913,432,9747.749276
361.139457,432,9748.055384
333.812431,432,9748.374447
289.499777,432,9748.703623
393.699202,432,9749.011742
217.944096,432,9749.318248
296.366107,432,9749.634518
259.71739,432,9749.944263
-36.59606,432,9750.293836
-12.716581,432,9750.544432
-164.957623,432,9750.796588
16.488921,432,9751.047235
106.305549,432,9751.303698
270.235785,432,9751.93921
62.501441,432,9752.261032
274.141402,432,9752.638096
348.792051,432,9752.950955
267.789062,432,9753.252719
361.735451,432,9753.564655
341.500725,432,9753.875587
257.951787,432,9754.187984
357.31946,432,9754.49934
-117.616924,432,9754.81681
291.900376,432,9755.126104
321.08195,432,9755.429824
352.322048,432,9755.746086
379.958677,432,9756.057435
278.387604,432,9756.378038
299.610286,432,9756.690941
68.012217,432,9757.001598
319.520408,432,9757.314024
-146.059412,432,9757.628914
390.365235,432,9757.933144
39.978883,432,9758.248757
291.448584,432,9758.864983
328.670559,432,9759.181078
-58.362238,432,9759.499366
307.822635,432,9760.057498
335.413128,432,9760.518653
244.29588,432,9760.837882
315.713629,432,9761.155759
263.149622,432,9761.474487
191.491198,432,9761.780263
150.403515,432,9762.094668
353.226493,432,9762.404122
356.656475,432,9762.71182
276.869935,432,9763.026032
251.397764,432,9763.334194
342.452439,432,9763.65838
451.607153,432,9763.963147
409.305666,432,9764.275769
321.897186,432,9764.583538
271.633947,432,9764.891442
419.218769,432,9765.206338
416.109586,432,9765.526864
397.943448,432,9766.156518
305.19311,432,9766.47943
402.511175,432,9766.79406
328.270593,432,9767.115274
88.637082,432,9767.427147
274.171672,432,9767.734602
265.563456,432,9768.03694
145.394508,432,9768.349442
345.735382,432,9768.660782
350.988771,432,9768.971375
339.790091,432,9769.285079
258.805118,432,9769.598049
172.400266,432,9769.911726
341.738882,432,9770.226817
11.006748,432,9770.542987
288.508611,432,9770.859537
305.201149,432,9771.182668
431.302445,432,9771.492531
460.815295,432,9771.802896
381.916357,432,9772.105785
234.569992,432,9772.420076
262.415042,432,9772.73091
212.844307,432,9773.346329
266.366806,432,9773.651198
295.847367,432,9773.969891
352.942973,432,9774.279321
302.640772,432,9774.589082
265.262323,432,9774.90714
331.562473,432,9775.225443
406.684241,432,9775.532663
270.868824,432,9775.847998
359.189372,432,9776.14997
99.061635,432,9776.457216
161.515166,432,9776.769201
223.251176,432,9777.085778
291.291561,432,9777.400975
423.513556,432,9777.714301
354.697975,432,9778.028759
219.239896,432,9778.343262
153.775809,432,9778.661496
310.738914,432,9778.976628
368.036946,432,9779.291135
278.329747,432,9779.616179
-22.000092,432,9779.979972
5.29287,432,9780.228868
31.010088,432,9780.473587
21.738863,432,9780.734076
6.952403,432,9780.990224
336.417257,432,9781.633745
353.700363,432,9781.949851
278.837948,432,9782.32434
128.380209,432,9782.635584
307.005318,432,9782.947524
371.670437,432,9783.257819
310.848206,432,9783.559995
335.540199,432,9783.868013
306.075232,432,9784.182733
191.717614,432,9784.501863
372.766089,432,9784.817464
141.117952,432,9785.142113
226.684902,432,9785.452073
324.836564,432,9785.766121
275.767934,432,9786.078647
358.586693,432,9786.388203
-116.7478,432,9786.709003
255.226969,432,9787.016467
260.184146,432,9787.327811
260.050664,432,9787.652367
189.574977,432,9787.980893
340.930628,432,9788.591272
52.091808,432,9788.896303
344.239333,432,9789.201626
299.917115,432,9789.795974
253.156587,432,9790.250319
356.393949,432,9790.556231
423.067941,432,9790.878873
269.778096,432,9791.192071
328.711307,432,9791.501987
254.674305,432,9791.813729
120.758009,432,9792.118545
400.872755,432,9792.428896
372.45376,432,9792.743271
-291.948926,432,9793.066944
368.983992,432,9793.377046
320.87405,432,9793.684238
319.01469,432,9794.010023
112.925764,432,9794.310387
-40.899563,432,9794.619666
408.346229,432,9794.935896
421.468284,432,9795.252047
347.44056,432,9795.864468
378.076149,432,9796.182338
144.888108,432,9796.489957
221.774596,432,9796.805725
333.0824,432,9797.118907
107.999192,432,9797.427435
67.738522,432,9797.731612
213.75076,432,9798.04404
329.317477,432,9798.357447
256.093703,432,9798.66678
339.473944,432,9798.972337
324.404634,432,9799.279208
307.350192,432,9799.585813
265.221461,432,9799.89172
145.716121,432,9800.213186
199.057557,432,9800.529101
332.554667,432,9800.839004
260.634075,432,9801.144086
221.897075,432,9801.445559
227.640102,432,9801.755401
429.33479,432,9802.06048
207.412055,432,9802.367383
293.899905,432,9803.001848
266.963774,432,9803.314981
177.737656,432,9803.642225
293.980009,432,9803.953399
-70.189041,432,9804.267528
268.758713,432,9804.578494
400.280989,432,9804.886335
256.739909,432,9805.195037
251.49671,432,9805.515142
241.805354,432,9805.835417
-9.90133,432,9806.151328
269.054142,432,9806.463766
313.709231,432,9806.771348
335.644311,432,9807.085514
189.333023,432,9807.396402
339.752841,432,9807.71002
345.491695,432,9808.01794
112.832109,432,9808.342034
-28.171688,432,9808.654472
341.726165,432,9808.965734
256.166938,432,9809.274878
17.088383,432,9809.630836
7.7541,432,9809.895362
30.097263,432,9810.14593
6.198673,432,9810.392769
21.905415,432,9810.6497
270.043909,432,9811.285233
106.163731,432,9811.598467
318.111287,432,9811.98313
190.517178,432,9812.298552
121.406603,432,9812.608382
239.731153,432,9812.917058
287.781033,432,9813.225996
277.599564,432,9813.535593
347.310265,432,9813.845107
348.244241,432,9814.155144
134.296147,432,9814.473117
283.555457,432,9814.792329
265.407715,432,9815.115052
165.889702,432,9815.436795
271.937197,432,9815.742272
308.439936,432,9816.057326
225.104261,432,9816.371019
66.356903,432,9816.685406
235.652581,432,9816.998841
51.079432,432,9817.314168
235.230178,432,9817.67904
141.319112,432,9818.389174
281.840295,432,9818.73811
258.582212,432,9819.241678
416.471532,432,9819.926759
386.452513,432,9820.240595
282.102643,432,9820.551941
354.50473,432,9820.86709
272.471941,432,9821.187763
134.603803,432,9821.504756
407.13184,432,9821.810902
353.750093,432,9822.127921
329.849416,432,9822.443119
295.522915,432,9822.751998
332.662047,432,9823.063245
226.690876,432,9823.374109
339.92892,432,9823.68165
343.981144,432,9823.988083
299.040431,432,9824.307196
338.545628,432,9824.626343
328.547859,432,9824.940392
218.112976,432,9825.256516
278.133969,432,9825.871488
274.769347,432,9826.186943
368.159143,432,9826.496935
349.992801,432,9826.820782
256.045099,432,9827.129015
145.432443,432,9827.444181
33.145623,432,9827.755643
310.839826,432,9828.062741
299.149551,432,9828.365369
113.769543,432,9828.669242
150.519323,432,9828.975597
186.1122,432,9829.291302
85.175921,432,9829.599674
232.858289,432,9829.910029
173.45247,432,9830.222129
380.654387,432,9830.532303
49.352241,432,9830.842572
237.632722,432,9831.15704
275.519329,432,9831.463742
375.277883,432,9831.768768
272.312984,432,9832.076686
165.689257,432,9832.385371
290.552355,432,9833.015813
324.818312,432,9833.329526
328.789563,432,9833.662353
346.052072,432,9834.023856
320.84345,432,9834.33652
262.61278,432,9834.644929
435.972067,432,9834.960016
23.015094,432,9835.26209
283.724205,432,9835.577479
404.487736,432,9835.896666
218.581668,432,9836.209691
395.800967,432,9836.51938
203.994314,432,9836.832192
237.336719,432,9837.140069
347.799012,432,9837.442426
211.031853,432,9837.748772
370.313012,432,9838.05637
277.686265,432,9838.383177
260.241031,432,9838.696184
244.451365,432,9839.006387
311.93421,432,9839.324013
11.312432,432,9839.699245
7.686607,432,9839.95147
4.55533,432,9840.199138
49.401259,432,9840.445047
6.12169,432,9840.709295
24.501389,432,9841.333583
369.381126,432,9841.640215
92.766514,432,9842.013278
302.576422,432,9842.33135
256.392449,432,9842.655466
342.747306,432,9842.973743
142.225624,432,9843.289282
255.111029,432,9843.60014
311.196007,432,9843.900667
248.067518,432,9844.206841
111.936138,432,9844.515204
158.926543,432,9844.820037
301.879951,432,9845.138589
272.212716,432,9845.44291
224.110852,432,9845.745442
155.384952,432,9846.049249
253.80969,432,9846.365142
319.495815,432,9846.673586
375.564159,432,9846.984618
275.907859,432,9847.294544
368.648202,432,9847.599478
339.682739,432,9848.22193
390.120727,432,9848.539272
301.371857,432,9848.855243
297.594658,432,9849.525289
456.547411,432,9849.922085
119.221983,432,9850.237422
455.921354,432,9850.549056
-401.972099,432,9850.860808
436.517432,432,9851.169992
3.563871,432,9851.480879
279.430594,432,9851.791007
206.929424,432,9852.105932
281.732252,432,9852.417563
35.983067,432,9852.741699
294.454333,432,9853.061566
325.443224,432,9853.384471
427.408646,432,9853.702448
353.682055,432,9854.0167
182.425651,432,9854.327944
274.974539,432,9854.63375
266.773063,432,9854.943398
354.752764,432,9855.549533
222.571002,432,9855.880238
378.027559,432,9856.190035
43.779364,432,9856.506996
437.378953,432,9856.818797
-155.109321,432,9857.122294
279.615506,432,9857.430362
237.72311,432,9857.741578
114.166819,432,9858.053227
362.733306,432,9858.366079
349.937816,432,9858.671883
226.980441,432,9858.977821
312.702167,432,9859.282547
382.259074,432,9859.587949
376.903321,432,9859.89297
432.610697,432,9860.203751
199.587465,432,9860.518748
273.384284,432,9860.86225
298.712373,432,9861.214114
312.420166,432,9861.543159
282.623287,432,9861.918092
338.152464,432,9862.303601
201.728492,432,9862.988727
259.216481,432,9863.321825
327.340193,432,9863.714224
324.186544,432,9864.021495
265.719617,432,9864.334733
247.623432,432,9864.640564
211.830024,432,9864.955153
257.015864,432,9865.264783
253.741435,432,9865.56973
304.955946,432,9865.875191
256.364054,432,9866.194345
436.333223,432,9866.523869
329.648787,432,9866.834371
309.2088,432,9867.155883
381.428365,432,9867.465993
348.118508,432,9867.777396
314.36211,432,9868.089273
287.935215,432,9868.411915
324.953279,432,9868.723899
393.762773,432,9869.040535
377.464335,432,9869.352402
11.927731,432,9869.711492
9.213573,432,9869.958142
7.65056,432,9870.215362
-38.475401,432,9870.467584
-48.346801,432,9870.716881
326.685805,432,9871.35654
360.583234,432,9871.665519
234.395812,432,9872.039053
279.161668,432,9872.356991
87.988098,432,9872.675665
300.594602,432,9872.983685
279.582896,432,9873.30605
419.054668,432,9873.611938
326.770818,432,9873.922235
249.380201,432,9874.234373
394.628976,432,9874.545463
235.906715,432,9874.865656
395.319565,432,9875.180674
90.327877,432,9875.492035
322.314559,432,9875.801307
-110.268873,432,9876.117479
221.432681,432,9876.428762
279.581814,432,9876.743769
11.502017,432,9877.058456
58.714704,432,9877.374049
314.974055,432,9877.680737
264.930945,432,9878.301554
237.610419,432,9878.613902
280.424142,432,9878.933361
-293.729953,432,9879.256605
168.990206,432,9879.567319
319.879677,432,9879.876027
266.848703,432,9880.185663
327.660678,432,9880.491085
314.250757,432,9880.798799
98.42911,432,9881.108177
248.600833,432,9881.419643
279.688189,432,9881.731562
178.917454,432,9882.040514
366.326237,432,9882.349336
245.580394,432,9882.66348
253.524456,432,9882.970819
279.389188,432,9883.281671
249.006788,432,9883.591022
351.825468,432,9883.896554
358.783217,432,9884.205073
221.875797,432,9884.519072
251.938322,432,9885.131546
274.189202,432,9885.451607
299.940841,432,9885.755215
383.543228,432,9886.441331
258.980779,432,9886.957093
314.274434,432,9887.283694
269.561578,432,9887.59744
355.64563,432,9887.90653
261.88888,432,9888.218411
457.669948,432,9888.528159
327.351665,432,9888.834546
178.585459,432,9889.150635
285.489142,432,9889.45934
205.095273,432,9889.768966
265.857281,432,9890.078924
246.258737,432,9890.393338
279.747014,432,9890.711648
225.142276,432,9891.022431
288.096739,432,9891.335894
328.950292,432,9891.649284
233.923593,432,9891.957563
179.804154,432,9892.263967
145.866218,432,9892.888945
393.639529,432,9893.2017
256.513133,432,9893.528469
169.882474,432,9893.845182
249.005612,432,9894.155989
311.781228,432,9894.461881
340.254895,432,9894.769727
427.063409,432,9895.080546
148.763574,432,9895.406052
375.327336,432,9895.71518
277.289913,432,9896.02346
-107.676978,432,9896.330765
335.875273,432,9896.63852
309.815164,432,9896.94678
310.856895,432,9897.248765
271.889071,432,9897.559542
313.15893,432,9897.861747
345.312291,432,9898.168558
413.465933,432,9898.483643
275.363668,432,9898.798193
318.002013,432,9899.112902
4.451454,432,9899.469609
7.820012,432,9899.741389
21.086547,432,9899.992297
6.276841,432,9900.245259
12.395722,432,9900.500889
340.344292,432,9901.119222
393.871317,432,9901.432781
258.720785,432,9901.80316
105.540187,432,9902.124053
225.630009,432,9902.431834
131.356066,432,9902.748791
308.77837,432,9903.057009
257.534854,432,9903.364965
92.986085,432,9903.673565
387.304241,432,9903.987856
178.975242,432,9904.300266
308.063454,432,9904.62172
353.959004,432,9904.930121
325.855772,432,9905.247987
445.388824,432,9905.567007
265.605313,432,9905.879117
276.046595,432,9906.196313
330.758343,432,9906.508441
311.126489,432,9906.824599
347.101746,432,9907.134597
377.434845,432,9907.442128
102.568998,432,9908.075736
381.925498,432,9908.390683
290.134234,432,9908.704453
157.660831,432,9909.017798
-7.620996,432,9909.329781
296.09562,432,9909.636165
359.349167,432,9909.94346
116.478806,432,9910.256233
385.321068,432,9910.567481
321.625959,432,9910.885373
430.186417,432,9911.190349
351.843611,432,9911.50437
263.851433,432,9911.819559
348.152213,432,9912.128735
302.58824,432,9912.436057
323.778266,432,9912.746794
74.588191,432,9913.059575
364.807778,432,9913.373335
164.534378,432,9913.684123
371.099118,432,9913.999265
312.985711,432,9914.306112
297.251027,432,9914.924414
264.947852,432,9915.251699
326.378918,432,9915.558025
281.125905,432,9915.882581
329.70095,432,9916.198484
284.50765,432,9916.503769
60.483607,432,9916.81772
-66.360241,432,9917.124198
404.635292,432,9917.437611
342.829918,432,9917.741506
284.500577,432,9918.044393
152.818263,432,9918.350436
339.274577,432,9918.66
210.032967,432,9918.966852
229.755035,432,9919.280917
-163.612181,432,9919.600155
335.230256,432,9919.911399
350.135319,432,9920.219673
157.567469,432,9920.52716
299.430681,432,9920.834808
-145.176868,432,9921.142266
350.788655,432,9921.449862
95.635272,432,9922.08282
383.653951,432,9922.394377
275.595164,432,9922.846044
299.128876,432,9923.373962
445.059187,432,9923.748015
333.550272,432,9924.06846
232.006365,432,9924.382506
392.462235,432,9924.698861
253.709952,432,9925.016545
362.605733,432,9925.326039
68.354274,432,9925.635679
309.364395,432,9925.947665
88.493973,432,9926.258088
413.289368,432,9926.581562
180.24074,432,9926.893046
197.503464,432,9927.198846
281.739463,432,9927.511171
362.827737,432,9927.834264
312.28381,432,9928.153265
320.807002,432,9928.468148
366.068952,432,9928.772506
19.985522,432,9929.128959
-50.284175,432,9929.386082
22.818967,432,9929.635553
36.751078,432,9929.880343
22.936605,432,9930.127553
327.016255,432,9930.761671
112.164066,432,9931.070375
196.794298,432,9931.451749
258.565363,432,9931.771144
236.419234,432,9932.096324
467.385965,432,9932.406651
237.535117,432,9932.715391
279.281884,432,9933.02489
322.114687,432,9933.336371
279.11104,432,9933.642833
143.62274,432,9933.963167
264.963171,432,9934.283059
315.136386,432,9934.596137
-109.772345,432,9934.901389
207.251236,432,9935.212255
281.966333,432,9935.527143
375.41386,432,9935.842363
371.734066,432,9936.148628
310.431516,432,9936.460836
147.553805,432,9936.778536
342.298321,432,9937.086458
450.295877,432,9937.735461
77.829156,432,9938.044321
378.250545,432,9938.364348
328.842595,432,9938.682401
304.865009,432,9938.991976
282.043531,432,9939.299808
290.409802,432,9939.614833
251.769351,432,9939.930173
343.941705,432,9940.240378
-194.364055,432,9940.550496
292.74782,432,9940.855226
-4.526743,432,9941.163461
349.900961,432,9941.467738
395.485653,432,9941.776145
351.987909,432,9942.08091
93.664465,432,9942.392335
46.265126,432,9942.700446
334.491676,432,9943.018507
304.52526,432,9943.328801
384.396487,432,9943.643598
265.149145,432,9943.952127
381.194956,432,9944.569691
307.202232,432,9944.891645
252.350008,432,9945.205235
293.659579,432,9945.534268
364.263233,432,9945.843371
-144.155985,432,9946.166301
66.054442,432,9946.489375
280.905585,432,9946.796764
305.704156,432,9947.104879
250.349429,432,9947.412414
331.846578,432,9947.722556
332.755042,432,9948.034425
-150.894145,432,9948.34876
255.033583,432,9948.665741
309.510487,432,9948.979966
265.086412,432,9949.291297
347.358609,432,9949.606591
280.593213,432,9949.914827
331.038459,432,9950.219087
-84.145738,432,9950.527442
298.352691,432,9950.842298
345.016742,432,9951.156882
224.477619,432,9951.774614
-343.650725,432,9952.081135
201.636934,432,9952.500216
-102.20456,432,9953.015239
228.006052,432,9953.418246
411.279275,432,9953.73129
-255.152709,432,9954.037932
346.948374,432,9954.342633
317.186402,432,9954.644454
250.442297,432,9954.959785
338.341239,432,9955.264332
-204.622568,432,9955.569263
406.201593,432,9955.888126
291.960577,432,9956.194451
225.431548,432,9956.504837
274.627721,432,9956.814722
269.254635,432,9957.128478
179.090694,432,9957.432008
136.5839,432,9957.748856
326.909193,432,9958.049363
380.532942,432,9958.357265
-29.517715,432,9958.743346
59.44091,432,9959.00512
-44.796161,432,9959.25988
-61.121866,432,9959.510243
-13.697148,432,9959.792425
309.586566,432,9960.414772
270.375267,432,9960.7283
293.072912,432,9961.102296
233.451059,432,9961.416631
330.523653,432,9961.724406
248.965778,432,9962.042408
284.649596,432,9962.357805
349.102535,432,9962.666676
375.69444,432,9962.970191
108.3187,432,9963.276699
392.149395,432,9963.582457
206.172762,432,9963.896977
269.077263,432,9964.209646
273.895902,432,9964.519308
329.824536,432,9964.83166
323.084356,432,9965.144123
263.308327,432,9965.450326
138.403031,432,9965.763208
266.122246,432,9966.07926
408.594327,432,9966.385352
89.074307,432,9966.699089
234.773043,432,9967.323397
339.734274,432,9967.633232
-223.689472,432,9967.942538
452.01126,432,9968.263915
366.418833,432,9968.573583
240.635366,432,9968.884442
263.85078,432,9969.196353
403.753484,432,9969.510211
384.554235,432,9969.820672
391.744364,432,9970.138344
275.430378,432,9970.462367
295.034226,432,9970.781684
248.343065,432,9971.092702
308.702465,432,9971.408399
347.028297,432,9971.724815
321.214137,432,9972.040243
141.058666,432,9972.3518
79.761041,432,9972.660364
70.391844,432,9972.969924
340.692239,432,9973.281847
277.525605,432,9973.594455
367.251413,432,9974.210368
49.30362,432,9974.538188
385.921354,432,9974.850689
192.199567,432,9975.174552
291.281493,432,9975.480028
347.103026,432,9975.796617
365.827626,432,9976.116058
303.78435,432,9976.43521
366.302011,432,9976.756162
297.521015,432,9977.068403
353.776728,432,9977.389059
425.428423,432,9977.694891
319.653124,432,9978.005358
288.058208,432,9978.319299
356.877157,432,9978.632799
338.618116,432,9978.945797
342.462062,432,9979.248368
335.132362,432,9979.552392
290.964239,432,9979.859638
250.386054,432,9980.176159
306.772534,432,9980.484269
402.368728,432,9980.803345
359.847212,432,9981.423062
395.348143,432,9981.727808
290.571144,432,9982.133519
308.968145,432,9982.770691
269.666459,432,9983.106534
386.576981,432,9983.419568
344.513702,432,9983.725105
284.273109,432,9984.037734
306.742993,432,9984.351395
125.927294,432,9984.666119
298.884216,432,9984.983603
365.892773,432,9985.293393
346.882052,432,9985.605548
302.067014,432,9985.917036
304.922657,432,9986.227352
379.34152,432,9986.542821
317.913948,432,9986.860368
84.030959,432,9987.179176
273.467115,432,9987.495202
326.028956,432,9987.80621
211.435207,432,9988.117375
-34.925554,432,9988.469811
-34.02846,432,9988.715108
-48.387067,432,9988.96488
-82.402187,432,9989.217663
-54.740456,432,9989.472141
340.746557,432,9990.08953
381.460431,432,9990.398296
198.632774,432,9990.777284
376.152627,432,9991.094056
330.940599,432,9991.402343
358.477076,432,9991.711719
393.391828,432,9992.027303
248.695943,432,9992.335026
294.085565,432,9992.646378
315.571398,432,9992.957618
419.857977,432,9993.261628
328.556695,432,9993.564895
335.620498,432,9993.869101
315.273503,432,9994.180775
349.053247,432,9994.502341
69.363501,432,9994.817194
339.670091,432,9995.131448
282.53314,432,9995.447102
342.205373,432,9995.762057
122.914068,432,9996.071879
447.481799,432,9996.381103
313.731178,432,9997.011458
333.625909,432,9997.323135
283.876332,432,9997.636111
212.634758,432,9997.949111
282.604844,432,9998.275983
332.830613,432,9998.592541
31.83783,432,9998.896346
205.008618,432,9999.20544
409.334232,432,9999.520148
259.541658,432,9999.83334
265.604932,432,10000.140337
324.244392,432,10000.45068
-73.139083,432,10000.756878
312.429998,432,10001.064075
258.907216,432,10001.369866
309.824657,432,10001.675941
316.126857,432,10001.979794
357.225758,432,10002.288114
377.855691,432,10002.603367
341.982886,432,10002.908272
289.153658,432,10003.213914
255.412739,432,10003.847921
213.68151,432,10004.167066
366.860294,432,10004.483424
342.587894,432,10004.80516
234.154768,432,10005.115676
395.922344,432,10005.426204
353.172001,432,10005.73603
420.474059,432,10006.044956
379.073157,432,10006.358446
256.965709,432,10006.666442
268.865619,432,10006.980053
311.835983,432,10007.299292
345.793302,432,10007.608267
559.18444,432,10007.923937
335.72196,432,10008.23609
351.537428,432,10008.546016
328.953238,432,10008.85646
326.941114,432,10009.172404
230.060608,432,10009.498591
282.185996,432,10009.812771
274.701971,432,10010.122422
100.47875,432,10010.434889
302.147182,432,10011.057827
205.267611,432,10011.370193
81.977956,432,10011.792794
238.398226,432,10012.46554
389.296648,432,10012.785116
378.008372,432,10013.095412
255.648392,432,10013.400462
300.250373,432,10013.710528
286.434753,432,10014.033686
307.640762,432,10014.342214
365.466783,432,10014.652939
383.298093,432,10014.978351
442.572013,432,10015.293255
255.585258,432,10015.596015
226.102582,432,10015.899395
256.062727,432,10016.215734
331.90317,432,10016.533231
214.768421,432,10016.836191
244.27283,432,10017.140658
252.628218,432,10017.441117
402.322806,432,10017.743575
7.548224,432,10018.092146
9.52237,432,10018.339472
-21.951453,432,10018.591398
-61.7604,432,10018.838465
-3.024055,432,10019.084822
39.791874,432,10019.736876
78.080578,432,10020.054728
205.836478,432,10020.442022
387.14823,432,10020.758713
125.047272,432,10021.065775
241.871226,432,10021.375242
-96.801136,432,10021.68024
163.819909,432,10021.9917
366.368268,432,10022.30494
94.324035,432,10022.609921
236.967725,432,10022.923372
305.829869,432,10023.233485
476.33682,432,10023.535147
-94.076838,432,10023.849104
496.186186,432,10024.162133
175.794812,432,10024.469472
313.542123,432,10024.779787
335.212871,432,10025.096228
71.093178,432,10025.408949
184.495879,432,10025.717282
264.759174,432,10026.025723
267.178057,432,10026.682435
202.840221,432,10026.984162
289.680346,432,10027.300126
541.988773,432,10027.626608
251.126703,432,10027.933618
241.933841,432,10028.24232
251.489626,432,10028.555748
293.804704,432,10028.859501
370.972701,432,10029.176996
287.411201,432,10029.491265
317.839105,432,10029.796613
357.200027,432,10030.109565
130.029209,432,10030.41587
313.301393,432,10030.72172
339.19576,432,10031.034125
444.817073,432,10031.350193
445.500342,432,10031.6599
320.261925,432,10031.963576
363.709797,432,10032.269871
365.554068,432,10032.580813
328.603759,432,10032.892333
118.330197,432,10033.513825
545.83628,432,10033.830584
219.142382,432,10034.138531
166.393915,432,10034.462629
324.433171,432,10034.773736
348.664606,432,10035.087686
283.92942,432,10035.406093
110.727763,432,10035.719088
196.276457,432,10036.037767
331.226192,432,10036.347952
62.257104,432,10036.655282
327.129378,432,10036.963407
291.451062,432,10037.2824
73.162648,432,10037.589924
269.006413,432,10037.908956
322.029342,432,10038.2179
330.832004,432,10038.526225
387.221316,432,10038.840623
372.840298,432,10039.149932
310.662485,432,10039.461697
176.247421,432,10039.767881
309.064621,432,10040.074141
414.826142,432,10040.697901
267.279417,432,10041.012671
303.234987,432,10041.448482
307.034148,432,10042.052254
360.58831,432,10042.413236
116.186505,432,10042.743784
289.252445,432,10043.092766
420.032465,432,10043.433723
245.820815,432,10043.845621
316.465085,432,10044.17589
182.91077,432,10044.49235
51.826762,432,10044.798776
295.810523,432,10045.187125
461.636511,432,10045.505356
303.032516,432,10045.815447
401.361715,432,10046.126671
340.478197,432,10046.43719
374.710612,432,10046.750514
285.760257,432,10047.060054
269.686894,432,10047.367961
298.689628,432,10047.673989
-18.987497,432,10048.019918
49.583437,432,10048.264549
-105.768242,432,10048.51663
26.366858,432,10048.771202
38.933396,432,10049.028694
229.412308,432,10049.662578
330.805081,432,10049.972305
303.650331,432,10050.349396
302.797408,432,10050.662991
318.574115,432,10050.975572
76.362872,432,10051.288274
288.436558,432,10051.599002
369.77792,432,10051.914993
404.523559,432,10052.231612
351.59425,432,10052.545871
306.016907,432,10052.860631
224.136462,432,10053.168494
261.31718,432,10053.475026
281.681153,432,10053.787875
423.601542,432,10054.098048
363.577884,432,10054.410336
239.613599,432,10054.720067
233.94248,432,10055.030354
75.437764,432,10055.341097
395.470897,432,10055.652351
275.478782,432,10055.974469
508.204294,432,10056.60203
312.626755,432,10056.925017
340.861665,432,10057.249411
284.961188,432,10057.559935
201.254451,432,10057.873803
297.786361,432,10058.190682
349.874499,432,10058.503145
258.366732,432,10058.818767
347.464144,432,10059.137759
269.188639,432,10059.448564
33.557622,432,10059.76023
260.782411,432,10060.074332
428.992899,432,10060.381197
296.603687,432,10060.698633
389.768415,432,10061.018654
355.320124,432,10061.326075
400.388435,432,10061.646188
314.804137,432,10061.957995
364.642957,432,10062.271342
248.472193,432,10062.590881
139.927687,432,10062.897135
354.149524,432,10063.510842
306.40211,432,10063.829996
241.722709,432,10064.138601
46.888081,432,10064.457399
300.730786,432,10064.766261
216.540602,432,10065.079564
297.785759,432,10065.381573
240.629846,432,10065.687114
292.58688,432,10065.992612
324.862152,432,10066.313066
317.081416,432,10066.616083
333.91935,432,10066.919811
386.875061,432,10067.230636
539.34923,432,10067.545135
256.575053,432,10067.84859
345.291077,432,10068.155829
329.225792,432,10068.467215
264.313461,432,10068.793622
302.177822,432,10069.109368
414.820024,432,10069.420527
425.678454,432,10069.738741
466.054349,432,10070.049464
84.777219,432,10070.678138
306.573175,432,10070.979235
453.744065,432,10071.400035
222.287114,432,10072.040196
270.954329,432,10072.381204
219.967507,432,10072.69481
230.57498,432,10073.019974
351.980985,432,10073.330787
210.465991,432,10073.651219
316.510982,432,10073.957832
389.062257,432,10074.262794
354.062776,432,10074.570994
357.253355,432,10074.875335
368.253753,432,10075.192157
325.656199,432,10075.501695
318.976602,432,10075.816047
182.019644,432,10076.128658
218.128266,432,10076.440991
378.640829,432,10076.751783
354.467411,432,10077.064266
305.169093,432,10077.382735
4.244667,432,10077.742744
13.912505,432,10077.988815
17.163192,432,10078.253825
-30.783899,432,10078.517036
-136.008422,432,10078.767164
290.738575,432,10079.400095
77.109576,432,10079.719763
351.813167,432,10080.095598
283.590256,432,10080.414185
411.513631,432,10080.731033
281.608499,432,10081.035728
90.544188,432,10081.346719
75.590099,432,10081.6616
312.047438,432,10081.982904
379.633531,432,10082.297144
264.6421,432,10082.616931
231.373075,432,10082.930311
309.637866,432,10083.247066
180.878991,432,10083.559164
338.296758,432,10083.881546
421.354193,432,10084.191122
326.857841,432,10084.512794
130.31309,432,10084.820784
308.252273,432,10085.134949
322.939659,432,10085.44482
304.284306,432,10085.75854
418.168441,432,10086.381073
323.358236,432,10086.69453
388.786896,432,10087.004303
292.289135,432,10087.318095
446.874374,432,10087.629751
328.854694,432,10087.946908
380.118248,432,10088.26224
122.782392,432,10088.581022
426.964858,432,10088.8945
401.935869,432,10089.208317
378.941356,432,10089.519713
232.853265,432,10089.826825
252.531765,432,10090.131698
247.092915,432,10090.446583
299.176611,432,10090.763956
234.434433,432,10091.076238
278.770492,432,10091.385302
361.670423,432,10091.698155
446.145646,432,10092.005248
282.149413,432,10092.320174
256.849746,432,10092.635178
290.550908,432,10093.245102
399.004668,432,10093.563875
206.031848,432,10093.869407
382.592243,432,10094.192591
393.283437,432,10094.511853
337.904423,432,10094.818687
-4.257275,432,10095.131044
388.851157,432,10095.443074
-224.180739,432,10095.763021
336.939818,432,10096.071266
427.844991,432,10096.383412
322.087039,432,10096.69741
357.769848,432,10097.014466
322.02175,432,10097.326432
88.303538,432,10097.638694
238.222556,432,10097.963237
353.810051,432,10098.277071
305.884274,432,10098.58435
383.077186,432,10098.892369
267.688084,432,10099.195859
335.691088,432,10099.513763
322.434518,432,10099.816069
364.448341,432,10100.442853
216.298496,432,10100.748809
387.775437,432,10101.165689
361.310263,432,10101.748879
350.996299,432,10102.116673
159.146388,432,10102.430847
338.238115,432,10102.735875
54.491437,432,10103.041878
336.438988,432,10103.35212
121.32829,432,10103.66523
203.40634,432,10103.974663
186.335312,432,10104.284963
417.278193,432,10104.589041
369.804648,432,10104.899012
419.26672,432,10105.219228
329.673854,432,10105.545608
362.256787,432,10105.868775
-92.157587,432,10106.177308
325.708128,432,10106.480758
395.809787,432,10106.790377
387.0977,432,10107.099759
8.684549,432,10107.450191
2.229203,432,10107.704403
40.329371,432,10107.958956
13.738005,432,10108.208047
-18.196031,432,10108.474814
93.452833,432,10109.105731
276.65752,432,10109.418308
350.290248,432,10109.799017
342.124115,432,10110.120579
316.412967,432,10110.434997
253.54609,432,10110.74329
441.291454,432,10111.044764
361.448523,432,10111.355841
91.241076,432,10111.679817
352.564057,432,10111.99174
370.611338,432,10112.302851
245.757573,432,10112.611111
241.762837,432,10112.917253
350.095716,432,10113.224109
321.259717,432,10113.53227
104.408807,432,10113.84675
285.548313,432,10114.156573
413.365642,432,10114.471862
283.98335,432,10114.792191
388.133546,432,10115.108085
327.17941,432,10115.41925
294.351178,432,10116.044786
287.972597,432,10116.353047
-2.255245,432,10116.663729
387.256801,432,10116.986389
408.702505,432,10117.300733
302.344802,432,10117.621724
437.277172,432,10117.937566
71.172704,432,10118.258095
342.310837,432,10118.564044
264.715184,432,10118.874677
376.339367,432,10119.179083
14.897552,432,10119.498629
108.223959,432,10119.807785
305.646809,432,10120.117986
350.240436,432,10120.432028
368.015889,432,10120.738017
262.388087,432,10121.044933
416.133032,432,10121.34988
214.446479,432,10121.661863
305.821003,432,10121.972875
256.433406,432,10122.280484
393.393262,432,10122.917856
282.581188,432,10123.236665
297.187483,432,10123.544226
333.285976,432,10123.876747
376.852145,432,10124.192453
278.155084,432,10124.503492
252.423523,432,10124.814674
143.565469,432,10125.131563
302.188098,432,10125.4413
313.769691,432,10125.745221
306.901096,432,10126.058532
313.040943,432,10126.37552
331.735282,432,10126.693253
128.782509,432,10127.007174
202.553713,432,10127.315956
308.609316,432,10127.621334
330.031702,432,10127.928776
223.182818,432,10128.241925
420.130507,432,10128.552473
182.199271,432,10128.877899
348.680882,432,10129.189765
88.280446,432,10129.497223
362.193917,432,10130.11758
296.473546,432,10130.448838
311.129508,432,10130.931338
354.790159,432,10131.516438
370.650886,432,10131.850292
132.827655,432,10132.177761
481.204407,432,10132.486393
-34.28081,432,10132.798158
354.614174,432,10133.114477
361.042095,432,10133.427837
258.629826,432,10133.786
289.995566,432,10134.101254
224.278993,432,10134.409434
389.510442,432,10134.721073
264.578237,432,10135.028781
361.067308,432,10135.338519
220.371777,432,10135.648616
220.092967,432,10135.960542
307.270212,432,10136.274246
314.192384,432,10136.583713
284.938253,432,10136.903893
6.857123,432,10137.251014
21.040759,432,10137.494806
-15.248845,432,10137.740656
39.623576,432,10137.991389
-139.133695,432,10138.239309
361.881965,432,10138.86619
371.190642,432,10139.172215
40.421377,432,10139.547695
65.18454,432,10139.883221
276.390826,432,10140.193059
396.465161,432,10140.508824
88.512351,432,10140.839188
452.115901,432,10141.143473
314.969369,432,10141.448387
377.811757,432,10141.752389
167.80035,432,10142.055572
418.161751,432,10142.363307
262.807711,432,10142.669194
191.32313,432,10142.982999
312.101139,432,10143.298435
326.364562,432,10143.606443
163.822329,432,10143.910361
226.738619,432,10144.224049
419.104734,432,10144.535889
384.97609,432,10144.84131
117.14958,432,10145.153605
348.864244,432,10145.780004
287.054362,432,10146.083575
445.289938,432,10146.400448
228.403114,432,10146.729383
322.31856,432,10147.040779
255.502283,432,10147.349825
337.350871,432,10147.660738
423.472863,432,10147.964598
346.310035,432,10148.27074
240.699182,432,10148.580678
304.923488,432,10148.884064
392.559417,432,10149.197756
416.185866,432,10149.508103
196.477743,432,10149.81802
105.262846,432,10150.129749
153.146216,432,10150.443043
347.735327,432,10150.754084
69.40119,432,10151.064677
47.105015,432,10151.380632
317.698654,432,10151.693509
356.619828,432,10152.001942
254.048447,432,10152.614743
284.514575,432,10152.943731
-225.66802,432,10153.250225
382.316871,432,10153.631533
304.062274,432,10153.944377
340.649416,432,10154.246636
96.952182,432,10154.566408
270.167199,432,10154.884402
281.736248,432,10155.198201
367.137838,432,10155.525421
410.536957,432,10155.833403
428.097524,432,10156.138316
31.348722,432,10156.442958
214.710016,432,10156.747267
44.323918,432,10157.051488
404.565066,432,10157.369098
202.988786,432,10157.683589
36.504483,432,10157.991272
326.377849,432,10158.302987
268.029078,432,10158.615765
291.962756,432,10158.921303
353.480771,432,10159.232518
239.838742,432,10159.858944
95.545607,432,10160.175128
289.617314,432,10160.663595
255.006533,432,10161.277058
350.518982,432,10161.584925
84.062337,432,10161.893826
263.338846,432,10162.196503
58.460763,432,10162.508584
318.412759,432,10162.819561
396.231229,432,10163.128724
307.067474,432,10163.4337
368.78274,432,10163.741188
161.889862,432,10164.049069
43.080925,432,10164.361256
368.584365,432,10164.673782
389.61962,432,10164.983988
291.90831,432,10165.294391
218.781746,432,10165.611094
300.003947,432,10165.917299
347.933001,432,10166.225682
326.066615,432,10166.54055
-82.74714,432,10166.893866
31.133835,432,10167.145505
22.478724,432,10167.405385
-73.229242,432,10167.652833
7.591539,432,10167.901152
262.903243,432,10168.522054
90.322649,432,10168.841452
389.07926,432,10169.224892
350.25262,432,10169.552878
426.641302,432,10169.870849
43.344377,432,10170.181475
286.456146,432,10170.491378
58.436802,432,10170.801932
305.661558,432,10171.136265
330.605721,432,10171.452359
229.672765,432,10171.762657
282.835925,432,10172.072113
336.172151,432,10172.383053
358.842006,432,10172.689684
175.514046,432,10172.996387
329.86338,432,10173.302651
109.343047,432,10173.616716
312.516339,432,10173.919808
414.574026,432,10174.241656
297.48313,432,10174.558524
107.299927,432,10174.883252
360.445833,432,10175.523493
307.858611,432,10175.839099
221.510896,432,10176.164863
126.585929,432,10176.480679
342.061839,432,10176.795978
367.988987,432,10177.10749
389.005006,432,10177.419835
420.111281,432,10177.731548
401.059104,432,10178.040641
295.122598,432,10178.358142
345.691313,432,10178.688328
81.278073,432,10178.99236
294.918398,432,10179.302333
225.338697,432,10179.623443
331.17933,432,10179.933897
326.386181,432,10180.247918
344.38392,432,10180.549448
297.53263,432,10180.859257
269.719897,432,10181.16618
259.900284,432,10181.477569
324.407376,432,10181.798398
314.441566,432,10182.431152
325.083339,432,10182.744577
358.213298,432,10183.050322
316.134048,432,10183.368614
409.06662,432,10183.67076
-34.11801,432,10183.980133
244.52716,432,10184.293303
363.135427,432,10184.606997
357.641143,432,10184.930089
369.669638,432,10185.244689
317.655832,432,10185.56143
222.026725,432,10185.875944
273.087108,432,10186.183346
365.463546,432,10186.493301
334.556885,432,10186.80739
186.195721,432,10187.116279
25.218046,432,10187.428978
71.183908,432,10187.742838
290.62842,432,10188.058627
246.36288,432,10188.380866
332.026778,432,10188.698937
367.413048,432,10189.012796
332.991164,432,10189.651105
121.077095,432,10189.966128
309.85427,432,10190.404936
335.201546,432,10191.035859
142.046534,432,10191.350119
76.787513,432,10191.654024
315.06263,432,10191.970752
410.0553,432,10192.284473
315.892564,432,10192.596231
298.734418,432,10192.898201
429.890184,432,10193.212917
352.287209,432,10193.524653
377.666052,432,10193.840126
151.208799,432,10194.1431
173.168181,432,10194.449325
191.504832,432,10194.760263
414.065654,432,10195.078522
293.808728,432,10195.392371
403.374923,432,10195.709932
279.201371,432,10196.017137
414.275111,432,10196.328539
-24.727229,432,10196.689487
4.012426,432,10196.938447
25.171503,432,10197.190194
8.729557,432,10197.448171
-26.666045,432,10197.700218
184.592207,432,10198.32441
282.832077,432,10198.637567
371.822488,432,10199.023403
287.231083,432,10199.339779
342.134938,432,10199.668112
289.076136,432,10199.982925
397.702198,432,10200.29286
357.663609,432,10200.610512
466.446145,432,10200.926141
213.316721,432,10201.249124
293.246391,432,10201.567353
300.25141,432,10201.888054
275.959176,432,10202.195702
69.493388,432,10202.510122
308.277662,432,10202.818588
173.438945,432,10203.131186
353.231341,432,10203.451912
83.860631,432,10203.756584
278.107306,432,10204.074336
346.937584,432,10204.383387
287.178159,432,10204.689957
229.822087,432,10205.305835
319.479795,432,10205.615081
363.021143,432,10205.930785
242.203033,432,10206.25334
373.756746,432,10206.561101
139.811153,432,10206.873534
416.962774,432,10207.177171
270.168887,432,10207.480858
197.125078,432,10207.794251
-405.973118,432,10208.111702
120.324573,432,10208.416674
319.115795,432,10208.728997
291.579512,432,10209.036675
420.377329,432,10209.345704
330.017262,432,10209.653586
250.8831,432,10209.958942
251.304711,432,10210.268197
319.129229,432,10210.568583
286.32249,432,10210.887527
420.289752,432,10211.198835
242.09634,432,10211.506611
306.051753,432,10212.115027
326.086263,432,10212.439669
299.75994,432,10212.748854
351.072617,432,10213.073611
333.862998,432,10213.386704
196.793863,432,10213.701561
381.96632,432,10214.012682
57.647766,432,10214.322057
285.433105,432,10214.63786
237.167481,432,10214.952205
289.421826,432,10215.25922
307.746239,432,10215.565846
309.146346,432,10215.875165
291.280762,432,10216.183919
284.891339,432,10216.498277
337.255111,432,10216.816539
443.676886,432,10217.129422
323.331576,432,10217.44103
239.85539,432,10217.762883
226.084521,432,10218.066059
254.990934,432,10218.381854
322.512949,432,10218.691012
417.161734,432,10219.323595
374.413205,432,10219.631175
30.190612,432,10220.063935
387.584841,432,10220.704227
175.647162,432,10221.021106
313.325791,432,10221.33201
274.347269,432,10221.645447
325.207352,432,10221.958015
268.558944,432,10222.268237
-229.367455,432,10222.578115
285.541443,432,10222.902358
249.56022,432,10223.203627
281.000217,432,10223.511179
240.09508,432,10223.828323
272.721229,432,10224.145468
349.053431,432,10224.485968
171.473712,432,10224.791483
153.293575,432,10225.169604
150.423035,432,10225.541272
465.653368,432,10225.864493
336.738737,432,10226.198621
11.023235,432,10226.605558
13.187324,432,10226.917968
92.063366,432,10227.167122
12.134677,432,10227.422287
-59.405149,432,10227.671887
318.335987,432,10228.328549
530.686538,432,10228.647502
-250.073173,432,10228.983186
275.257317,432,10229.294513
274.302617,432,10229.599772
419.198927,432,10229.906671
261.680567,432,10230.218968
335.554725,432,10230.536544
311.252961,432,10230.857893
155.389778,432,10231.165815
383.509697,432,10231.473174
95.150647,432,10231.82659
359.108746,432,10232.149925
302.144212,432,10232.470803
178.299792,432,10232.790806
279.348387,432,10233.102262
296.064719,432,10233.414785
205.815075,432,10233.728249
351.607822,432,10234.036857
284.737562,432,10234.35225
270.189677,432,10234.669299
369.43675,432,10235.30225
261.648873,432,10235.607997
341.06549,432,10235.939661
308.010857,432,10236.256591
268.711197,432,10236.574577
336.969365,432,10236.890408
344.579046,432,10237.2038
309.501724,432,10237.511263
318.56247,432,10237.816306
302.53746,432,10238.123457
314.795706,432,10238.433018
398.261724,432,10238.740935
308.119374,432,10239.047453
230.591474,432,10239.356424
305.133616,432,10239.670244
63.835987,432,10239.978062
149.506004,432,10240.289463
184.687498,432,10240.599545
265.329584,432,10240.908338
281.840845,432,10241.221054
248.456095,432,10241.531333
369.734382,432,10242.159748
250.304643,432,10242.486276
378.202099,432,10242.789979
75.952858,432,10243.112359
320.45522,432,10243.418478
58.635639,432,10243.736862
443.930967,432,10244.047636
359.192363,432,10244.355658
303.420445,432,10244.669681
337.96212,432,10244.981412
281.348336,432,10245.290064
167.049172,432,10245.593331
407.90971,432,10245.909387
191.003478,432,10246.224434
235.651793,432,10246.531094
65.126408,432,10246.837969
291.933981,432,10247.153199
384.604538,432,10247.466713
387.064362,432,10247.780314
275.937711,432,10248.091971
296.542758,432,10248.398656
257.671067,432,10248.70972
292.95423,432,10249.335653
363.931154,432,10249.638915
355.943693,432,10250.048966
276.482309,432,10250.735855
295.423912,432,10251.060188
71.305421,432,10251.367841
293.57623,432,10251.678382
173.66644,432,10251.994938
327.919662,432,10252.30263
290.534181,432,10252.611131
275.426087,432,10252.918525
224.162051,432,10253.226775
369.938605,432,10253.533928
388.817153,432,10253.843638
375.551564,432,10254.153483
15.93253,432,10254.459899
336.604906,432,10254.773741
274.449032,432,10255.097404
249.38355,432,10255.408748
197.935215,432,10255.71504
353.661689,432,10256.021255
3.027856,432,10256.386952
10.345442,432,10256.637927
22.85218,432,10256.888579
-27.049554,432,10257.140581
-5.539551,432,10257.389852
369.277765,432,10258.007159
341.985498,432,10258.321892
261.832381,432,10258.685578
237.373832,432,10259.008158
61.625992,432,10259.322381
359.907757,432,10259.662491
362.267126,432,10259.984216
172.68763,432,10260.30986
323.148161,432,10260.61813
361.681395,432,10260.934764
295.659915,432,10261.242967
169.618559,432,10261.559542
417.992925,432,10261.876754
126.208782,432,10262.189378
-95.962746,432,10262.49513
322.064451,432,10262.812612
406.143419,432,10263.121243
334.61672,432,10263.431651
266.163367,432,10263.735527
285.482261,432,10264.045444
315.90941,432,10264.358628
373.004481,432,10265.00006
311.901034,432,10265.311759
356.386959,432,10265.628247
293.432744,432,10265.941277
472.572355,432,10266.256919
411.702373,432,10266.572801
307.542733,432,10266.881441
378.446119,432,10267.197662
388.051944,432,10267.508739
314.095192,432,10267.818895
303.339488,432,10268.131215
195.465203,432,10268.438508
82.862573,432,10268.745842
275.701613,432,10269.05547
262.450491,432,10269.359917
168.583351,432,10269.66791
306.033715,432,10269.978876
204.32119,432,10270.292641
150.359072,432,10270.602559
382.397214,432,10270.920744
372.368441,432,10271.238081
340.977699,432,10271.842747
433.402338,432,10272.164107
269.382306,432,10272.477415
277.711916,432,10272.809183
257.626134,432,10273.121207
279.549321,432,10273.427731
391.961753,432,10273.734882
284.789906,432,10274.052491
262.000266,432,10274.368414
301.189179,432,10274.678351
313.018076,432,10274.986672
326.797238,432,10275.306563
251.621444,432,10275.614875
273.076388,432,10275.92708
151.124109,432,10276.240595
105.558014,432,10276.555035
347.927966,432,10276.874334
285.747115,432,10277.184685
337.869845,432,10277.495147
271.8262,432,10277.800614
344.575068,432,10278.106752
421.704724,432,10278.417859
393.291203,432,10279.046058
285.158746,432,10279.358225
349.56019,432,10279.805378
269.397429,432,10280.416193
100.553,432,10280.753529
286.640392,432,10281.060887
388.510547,432,10281.369309
336.208936,432,10281.674815
364.749063,432,10281.984739
-118.928832,432,10282.293976
175.997547,432,10282.607507
321.116773,432,10282.922148
299.085839,432,10283.22878
214.652663,432,10283.536109
311.181347,432,10283.844066
239.345439,432,10284.168163
352.681311,432,10284.477131
46.913931,432,10284.783413
92.345397,432,10285.093293
299.833569,432,10285.403459
451.797105,432,10285.714402
4.721486,432,10286.088897
4.726174,432,10286.338501
4.721267,432,10286.592743
5.787332,432,10286.842443
4.223801,432,10287.095272
283.383229,432,10287.715675
138.602652,432,10288.029037
254.710847,432,10288.396991
284.583232,432,10288.712235
288.6964,432,10289.019193
367.987766,432,10289.331151
288.899886,432,10289.645794
297.086839,432,10290.033785
207.769988,432,10290.387019
286.25844,432,10290.691588
334.696042,432,10291.006067
405.554138,432,10291.47912
246.98715,432,10291.91095
284.454857,432,10292.337347
378.391961,432,10292.666019
275.905496,432,10293.008754
410.410399,432,10293.343749
421.776055,432,10293.66862
335.422657,432,10293.99998
374.095783,432,10294.338976
311.775197,432,10294.666092
286.144891,432,10295.331528
331.178867,432,10295.653789
425.015282,432,10296.00597
276.388862,432,10296.340466
212.041417,432,10296.67916
274.31695,432,10297.023667
133.936232,432,10297.368428
351.855104,432,10297.685584
296.608501,432,10297.996336
-256.90648,432,10298.318779
337.399691,432,10298.623426
175.276292,432,10298.934158
393.747251,432,10299.246201
128.992978,432,10299.559702
308.602382,432,10299.867469
183.678041,432,10300.187442
71.85216,432,10300.501676
320.657551,432,10300.816623
236.790838,432,10301.127448
253.04866,432,10301.438092
203.031444,432,10301.743191
