#{"t_start": 1749469896.5471084, "env_id": "None"}
r,l,t
-471.067642,432,1.251751
-509.719497,432,2.537859
-368.854792,432,3.946541
-231.264784,432,5.395094
-358.034287,432,7.181177
-430.240653,432,8.785852
-537.639174,432,10.248447
-506.47187,432,11.693059
-301.296966,432,13.227448
-208.096725,432,14.696099
-26.598118,432,16.186173
-212.359096,432,17.639761
-380.476227,432,19.329123
-457.2535,432,20.98453
-212.809796,432,22.467867
-451.05352,432,23.967945
-279.735146,432,25.542202
-266.97152,432,27.025077
-233.504319,432,28.510446
-280.482266,432,29.995859
-569.106486,432,31.817187
-375.822392,432,33.392053
-206.808807,432,34.858628
-112.804423,432,36.352969
-335.543334,432,37.861223
-439.039485,432,39.370329
-282.382375,432,40.848249
-212.427039,432,42.334915
-223.234011,432,44.018858
-140.19223,432,45.628446
-248.523363,432,47.136477
-245.900324,432,48.609663
-340.62833,432,50.108125
-262.103644,432,51.590425
-249.283641,432,53.068751
-236.600342,432,54.536489
-231.414948,432,56.27895
-307.74507,432,57.922507
-238.124033,432,59.396173
-150.067164,432,60.885534
-181.111641,432,62.388793
-341.181373,432,63.857309
-273.677928,432,65.339533
-279.95999,432,66.84891
-118.150017,432,68.574572
-133.547738,432,70.214038
-133.527534,432,71.69928
-245.246279,432,73.189861
-164.337978,432,74.697537
-211.163749,432,76.184165
-334.050064,432,77.690185
-148.899434,432,79.197239
-390.009136,432,80.959399
-312.601768,432,82.569494
-280.417122,432,84.055137
-361.490465,432,85.555084
-130.60177,432,87.043058
0.330535,432,88.513837
-156.089015,432,89.99884
-218.371626,432,91.42801
-352.292832,432,93.186811
-170.954897,432,94.813545
-123.952442,432,96.295249
-105.381657,432,97.776865
-204.831495,432,99.297899
-53.202225,432,100.806152
-202.254142,432,102.235733
-50.482908,432,103.661391
-261.281382,432,105.377881
-111.222041,432,106.999959
7.34519,432,108.50457
-35.26671,432,110.009117
-321.016297,432,111.510514
-226.893911,432,113.011427
-303.374998,432,114.543795
-317.340184,432,116.041992
-162.910347,432,117.907368
-202.267773,432,119.496237
-154.492764,432,120.985167
-33.641185,432,122.47885
7.058772,432,123.977973
-426.88384,432,125.444101
-144.821034,432,126.909003
-110.642299,432,128.379774
-12.860555,432,130.111381
284.906074,432,131.475059
78.17411,432,132.205729
223.582254,432,132.933799
265.260468,432,133.684682
-106.245335,432,134.443004
145.824475,432,136.089878
-75.846497,432,137.604658
112.799594,432,139.075814
-163.470025,432,140.951536
72.593623,432,142.555967
-109.136691,432,144.060643
128.6768,432,145.530496
89.124946,432,147.006411
-57.92988,432,148.470358
11.23474,432,149.948617
-124.085297,432,151.422841
97.324053,432,153.235157
-71.387105,432,154.861986
-119.377661,432,156.368834
78.385388,432,157.838883
233.953917,432,159.326469
-176.582864,432,160.77888
5.35719,432,162.248996
24.484444,432,163.707184
224.701848,432,165.505928
112.324994,432,167.167852
138.039833,432,168.757232
-189.390781,432,170.265555
275.206724,432,171.761689
146.611819,432,173.221914
101.303365,432,174.699077
214.767501,432,176.165802
261.872395,432,177.958425
90.414635,432,179.57625
194.756615,432,181.031801
222.32759,432,182.509182
160.757009,432,184.003094
211.550566,432,185.473536
319.435859,432,186.970448
-77.89765,432,188.42971
-13.10642,432,190.179379
157.897756,432,191.758009
293.131867,432,193.222797
79.887505,432,194.711752
146.881048,432,196.187559
275.382727,432,197.664162
342.220232,432,199.140018
313.363515,432,200.612886
-53.92094,432,202.289254
99.311873,432,203.957829
240.590017,432,205.425026
227.169015,432,206.87959
347.556586,432,208.364022
346.797963,432,209.846022
289.437189,432,211.319734
241.038606,432,212.771473
297.280724,432,214.552375
242.015858,432,216.155499
150.389603,432,217.65365
216.175172,432,219.122225
371.508805,432,220.524022
334.050216,432,221.844852
243.739967,432,223.336829
365.767017,432,224.82374
355.958392,432,226.569834
432.824532,432,228.142974
347.501073,432,229.611033
381.327719,432,231.063591
186.214763,432,232.554832
437.598315,432,233.993723
432.6794,432,235.458868
396.657006,432,236.944717
403.304227,432,238.777068
408.947837,432,240.360952
370.137099,432,241.828082
373.20948,432,243.309499
358.796601,432,244.792373
329.196179,432,246.248903
378.941305,432,247.74201
415.436772,432,249.20672
372.728356,432,250.957935
257.628914,432,252.574365
374.302045,432,254.061135
397.964289,432,255.527884
391.748303,432,257.020523
396.620626,432,258.471333
481.342896,432,259.942083
328.16479,432,261.384553
301.375435,432,263.092085
436.989958,432,264.751607
584.312378,432,265.911011
424.03542,432,266.628637
532.983433,432,267.393069
542.948662,432,268.156047
514.959725,432,268.920134
453.443293,432,270.574361
353.272765,432,272.069397
382.992012,432,273.833993
387.704402,432,275.456296
1.349258,432,276.929608
404.926719,432,278.412605
447.45192,432,279.904536
429.594785,432,281.356625
359.951115,432,282.81053
446.867294,432,284.29674
468.760541,432,286.020501
441.645832,432,287.662248
473.318276,432,289.106901
516.551549,432,290.585162
534.43591,432,292.039532
400.358132,432,293.50354
432.534424,432,295.00899
464.420177,432,296.472599
451.029705,432,298.288946
459.554129,432,299.894601
492.575858,432,301.363003
256.78293,432,302.831072
438.761179,432,304.322996
402.004121,432,305.810422
515.886971,432,307.257358
416.766767,432,308.715966
467.719875,432,310.441316
207.534476,432,312.107082
209.611145,432,313.608504
438.497995,432,315.045799
553.610235,432,316.551841
521.049503,432,318.053102
488.279464,432,319.506652
494.291103,432,320.99603
543.617285,432,322.717921
402.151203,432,324.332818
228.524843,432,325.799694
494.744134,432,327.256844
540.862594,432,328.740633
523.859985,432,330.205232
239.399487,432,331.680963
539.286149,432,333.139652
488.303488,432,334.910817
548.378486,432,336.55768
456.159429,432,338.022764
415.844428,432,339.499246
431.373763,432,340.986874
408.186265,432,342.457485
515.566506,432,343.924141
517.611269,432,345.394127
478.490174,432,347.107719
244.163334,432,348.77253
537.912012,432,350.377949
425.684757,432,351.938457
553.652409,432,353.428094
560.293903,432,354.911538
513.29408,432,356.403515
435.659027,432,357.906754
590.560401,432,359.603839
599.807975,432,361.259829
161.701161,432,362.716146
514.157216,432,364.218211
524.56606,432,365.701813
596.061857,432,367.145004
588.910976,432,368.625596
529.720968,432,370.103681
554.84689,432,371.90605
511.177832,432,373.514396
434.282505,432,374.977077
528.613993,432,376.422376
555.733066,432,377.894297
434.562329,432,379.370536
552.151353,432,380.839461
482.332355,432,382.290149
271.114865,432,383.994388
609.76247,432,385.647953
427.73869,432,387.107801
419.986408,432,388.655345
554.505136,432,390.159516
534.274811,432,391.608068
406.787913,432,393.085398
558.02698,432,394.551968
583.004065,432,396.258429
477.305163,432,397.937818
634.497837,432,399.395566
745.675128,432,400.606289
646.536097,432,401.309167
537.043698,432,402.041877
702.420412,432,402.807799
714.657777,432,403.563478
517.471791,432,405.147812
640.4505,432,406.921349
610.43511,432,408.529825
378.061387,432,409.995672
492.620489,432,411.470298
564.124459,432,412.953564
540.915716,432,414.480036
474.243669,432,415.942054
590.796007,432,417.418983
510.093849,432,419.171357
568.74298,432,420.838233
556.457902,432,422.321029
551.524418,432,423.789987
629.195978,432,425.275031
621.185186,432,426.771105
434.063345,432,428.24069
484.029904,432,429.726937
491.364349,432,431.403034
568.692321,432,433.152398
444.089471,432,434.621555
330.00581,432,436.091068
623.596068,432,437.578324
609.948841,432,439.029576
492.679545,432,440.48533
583.346271,432,441.97499
683.834018,432,443.678697
512.415661,432,445.357094
595.993054,432,446.832726
508.060259,432,448.309459
490.277716,432,449.795906
474.903993,432,451.266334
440.748703,432,452.709916
419.029064,432,454.175144
638.069802,432,455.929649
574.445108,432,457.602133
548.75379,432,459.074395
659.996145,432,460.553902
419.451467,432,462.047307
561.178457,432,463.518494
652.170843,432,465.024671
590.919638,432,466.490224
495.674737,432,468.168576
646.962706,432,469.801888
521.768538,432,471.268013
435.006047,432,472.73687
589.385388,432,474.240677
510.220798,432,475.718009
371.708221,432,477.178559
581.53145,432,478.647283
572.734977,432,480.39185
558.083748,432,482.040931
511.561922,432,483.537361
531.001297,432,484.995296
616.482546,432,486.470232
561.537405,432,487.937676
498.497623,432,489.426799
582.71266,432,490.902492
468.337815,432,492.591737
648.065052,432,494.26645
470.038701,432,495.731451
605.176476,432,497.190672
499.671511,432,498.699418
548.144854,432,500.162954
628.580398,432,501.624105
606.522846,432,503.094883
511.799378,432,504.815887
476.968331,432,506.449625
566.3583,432,507.936981
338.84854,432,509.408494
590.186465,432,510.920699
596.902161,432,512.410088
683.169352,432,513.903578
596.459854,432,515.358839
639.195596,432,517.126481
668.18865,432,518.783305
435.931921,432,520.253821
679.941731,432,521.726604
553.671379,432,523.209925
560.889645,432,524.677474
597.494829,432,526.169041
456.524232,432,527.623857
484.185884,432,529.378695
709.567059,432,531.07981
677.39205,432,532.651624
549.723932,432,534.208098
652.319131,432,535.44803
621.688448,432,536.195578
693.807193,432,536.973949
777.340541,432,537.768578
420.87124,432,538.558656
661.134682,432,540.409209
566.831051,432,542.001342
438.732064,432,543.47101
499.716372,432,544.924105
559.103147,432,546.443147
496.868454,432,547.911941
544.455319,432,549.412511
657.465968,432,550.89773
467.488095,432,552.577212
406.564858,432,554.277065
521.246743,432,555.775184
664.110113,432,557.254872
379.151529,432,558.754151
457.870439,432,560.239056
586.956768,432,561.698367
627.968009,432,563.166168
498.818206,432,564.95839
633.004522,432,566.579627
431.187174,432,568.040832
520.487694,432,569.493677
543.699539,432,570.963074
584.18879,432,572.436639
698.499897,432,573.937149
444.137027,432,575.388765
477.185235,432,577.111192
574.196748,432,578.72967
724.493213,432,580.186589
636.549217,432,581.64853
458.035578,432,583.161234
621.001561,432,584.638555
547.252113,432,586.096136
496.866118,432,587.551792
636.438202,432,589.225321
684.929828,432,590.897748
595.664961,432,592.377118
554.88579,432,593.854298
534.648879,432,595.337025
574.542102,432,596.804026
597.943591,432,598.288717
601.584963,432,599.75975
577.408694,432,601.51578
550.295714,432,603.1396
668.105943,432,604.638545
654.884622,432,606.113466
657.190678,432,607.603804
483.83815,432,609.110157
574.697966,432,610.604523
619.988671,432,612.08296
641.207656,432,613.796404
601.84202,432,615.459583
593.240524,432,616.897449
376.498378,432,618.352054
488.156794,432,619.854272
681.87216,432,621.323631
567.156834,432,622.807836
446.02234,432,624.279977
609.882748,432,626.030043
549.4739,432,627.67636
604.619261,432,629.15308
669.963332,432,630.610296
577.060431,432,632.11378
615.762246,432,633.580488
658.266009,432,635.050224
610.531357,432,636.507153
677.502341,432,638.135565
512.208189,432,639.816776
620.31873,432,641.252289
557.889934,432,642.76349
531.696317,432,644.245566
418.047254,432,645.69895
605.953622,432,647.145998
647.441303,432,648.61695
695.234759,432,650.345996
514.503633,432,651.987537
558.677884,432,653.463467
649.970187,432,654.920271
648.106491,432,656.39629
587.33135,432,657.903083
538.279746,432,659.376912
547.647167,432,660.842118
653.380078,432,662.586999
586.408273,432,664.238127
497.133964,432,665.727076
605.137479,432,667.174374
503.458962,432,668.659626
668.089851,432,669.854051
687.603189,432,670.613597
692.705923,432,671.37006
774.525304,432,672.133306
674.617811,432,672.911975
604.895741,432,674.673146
645.369373,432,676.407378
598.256441,432,677.895009
698.801127,432,679.397018
471.009754,432,680.852068
535.88198,432,682.321216
626.712855,432,683.778603
610.124069,432,685.685246
553.551661,432,687.246611
632.203078,432,688.70444
611.659895,432,690.189083
548.140464,432,691.673793
652.972102,432,693.144533
684.727423,432,694.606042
625.391927,432,696.103829
671.214324,432,697.836002
698.050345,432,699.472906
673.756262,432,700.952593
589.436387,432,702.431789
589.430486,432,703.919171
459.05235,432,705.405746
398.270965,432,706.870428
457.372274,432,708.313722
695.317282,432,710.132131
588.953699,432,711.793516
631.484841,432,713.396986
279.519043,432,714.90675
449.587256,432,716.361198
491.082077,432,717.829286
656.414825,432,719.318314
605.154598,432,720.819854
608.013686,432,722.556799
287.95285,432,724.210724
518.464987,432,725.696885
397.604013,432,727.133381
594.871154,432,728.653727
661.778456,432,730.128371
557.917702,432,731.590918
620.478313,432,733.078947
608.057906,432,734.894025
610.071913,432,736.521751
635.959412,432,737.99181
411.105353,432,739.474473
529.973554,432,740.962882
716.06435,432,742.433245
677.691127,432,743.932156
603.799155,432,745.402784
637.426281,432,747.150817
510.983612,432,748.747181
369.988922,432,750.233499
479.49453,432,751.690738
469.696186,432,753.194371
683.352098,432,754.628418
592.161446,432,756.081899
522.549938,432,757.54514
519.405681,432,759.372974
416.179416,432,760.975888
661.961858,432,762.454843
570.345213,432,763.945641
600.041748,432,765.436409
640.378069,432,766.938836
537.636607,432,768.373664
640.465251,432,769.827648
595.903403,432,771.609884
696.545681,432,773.218731
708.93393,432,774.679779
650.833488,432,776.140502
666.494051,432,777.639197
546.999457,432,779.096874
614.822539,432,780.566897
617.784325,432,782.063194
623.00239,432,783.802649
632.742913,432,785.429343
618.874444,432,786.914215
678.57735,432,788.355867
702.03997,432,789.853826
652.680355,432,791.325479
711.61298,432,792.795118
702.816416,432,794.246285
495.154953,432,795.980756
729.474751,432,797.621214
681.629961,432,799.089174
613.53768,432,800.577855
630.568397,432,802.074387
626.746037,432,803.554085
525.616823,432,804.753846
763.711463,432,805.43707
699.078968,432,806.188704
630.58132,432,806.956328
746.997744,432,807.731013
403.302319,432,809.616138
715.898985,432,811.194586
582.459384,432,812.658595
558.455386,432,814.154113
578.562649,432,815.609486
626.592422,432,817.080102
584.261746,432,818.811096
539.240963,432,820.469185
690.471898,432,821.985555
668.704381,432,823.469827
640.773968,432,824.962448
715.673685,432,826.471129
366.415431,432,827.955664
606.404438,432,829.450248
399.114791,432,831.252649
609.696264,432,832.833384
504.087699,432,834.307939
502.211184,432,835.78594
604.866871,432,837.304585
454.52792,432,838.794949
621.272559,432,840.269212
610.434481,432,841.740605
339.720971,432,843.457362
581.766591,432,845.141455
609.746808,432,846.619891
644.132534,432,848.077678
696.315753,432,849.598052
442.262149,432,851.095125
620.084937,432,852.602872
512.398435,432,854.085891
758.283837,432,855.8538
614.753454,432,857.470563
631.51186,432,858.955551
619.524459,432,860.422253
632.539337,432,861.914697
586.684245,432,863.413059
462.537433,432,864.863963
661.100597,432,866.352737
592.654727,432,868.199167
483.467146,432,869.815296
674.956533,432,871.296773
627.750065,432,872.783785
549.678452,432,874.289438
432.856953,432,875.787903
638.45246,432,877.245226
531.742764,432,878.741262
583.547845,432,880.563366
702.464026,432,882.14471
641.626988,432,883.646693
723.351708,432,885.153025
550.780214,432,886.66096
526.628831,432,888.158489
669.195028,432,889.631473
563.182534,432,891.137676
603.365359,432,892.821587
370.044835,432,894.525487
720.896609,432,896.127601
708.351704,432,897.675961
709.495281,432,899.225221
639.203758,432,900.726548
594.599885,432,902.226801
746.265373,432,903.715808
738.992647,432,905.460615
638.281156,432,907.132094
565.995407,432,908.628598
600.255002,432,910.139675
602.579152,432,911.64283
727.299026,432,913.14684
652.053864,432,914.654707
602.767724,432,916.143089
634.053454,432,917.932114
491.482759,432,919.545924
485.959612,432,921.059373
530.469106,432,922.59043
729.751884,432,924.123687
486.557107,432,925.659565
524.324569,432,927.112542
533.44954,432,928.574661
660.130883,432,930.336564
688.702587,432,931.939254
653.054949,432,933.438801
637.906374,432,934.922279
586.206591,432,936.439985
449.489948,432,937.943428
649.909014,432,939.452798
684.344299,432,940.641797
610.890741,432,941.362715
696.505397,432,942.089648
561.586595,432,942.910501
669.048473,432,943.745777
714.392398,432,945.733565
711.986062,432,947.331734
528.750907,432,948.826622
587.392909,432,950.311926
553.982025,432,951.797099
470.126284,432,953.591332
634.908266,432,955.220917
642.4382,432,956.73872
649.011205,432,958.256799
634.385591,432,959.761917
698.204468,432,961.281174
714.087266,432,962.793907
614.451697,432,964.276693
573.315249,432,966.053049
719.189472,432,967.685912
507.79745,432,969.175841
637.428713,432,970.68034
618.478262,432,972.192669
671.111135,432,973.707691
689.918149,432,975.200204
544.840945,432,976.702751
631.198452,432,978.484581
543.092189,432,980.107667
623.373492,432,981.605413
677.593149,432,983.09087
597.113502,432,984.603152
721.091982,432,986.099007
570.008153,432,987.586437
594.404298,432,989.103906
685.047559,432,990.789405
636.843662,432,992.448904
557.634896,432,993.964774
722.202214,432,995.44834
649.938035,432,996.940445
709.774147,432,998.428984
661.521591,432,999.930085
684.251471,432,1001.448553
710.265035,432,1003.226679
558.498799,432,1004.839674
589.699244,432,1006.36556
698.131082,432,1007.857348
522.531527,432,1009.388117
749.948877,432,1010.908472
579.012774,432,1012.438256
566.645733,432,1013.982888
687.282491,432,1015.756442
556.199396,432,1017.38805
532.899325,432,1018.902471
752.569515,432,1020.412336
527.780217,432,1021.904046
643.911862,432,1023.39805
630.050858,432,1024.889737
574.978987,432,1026.392653
685.683286,432,1028.136909
724.187199,432,1029.815882
700.290028,432,1031.304052
602.220324,432,1032.805738
718.066467,432,1034.31146
670.204209,432,1035.797335
464.472628,432,1037.245598
608.562163,432,1038.727892
631.099067,432,1040.510624
620.450267,432,1042.104602
665.351798,432,1043.590195
618.114319,432,1045.080325
557.829812,432,1046.594043
710.314638,432,1048.103226
694.493827,432,1049.567609
758.751781,432,1051.042635
735.75556,432,1052.777579
700.217772,432,1054.38826
554.2857,432,1055.873765
631.08926,432,1057.354813
535.348891,432,1058.832039
618.523977,432,1060.323561
693.058138,432,1061.791621
569.821343,432,1063.298697
647.962939,432,1065.022792
595.077001,432,1066.643358
709.047188,432,1068.141911
704.247967,432,1069.614453
671.996567,432,1071.130567
532.002864,432,1072.630697
653.524727,432,1074.113816
586.680708,432,1075.640926
609.067897,432,1077.261486
635.710934,432,1078.378919
647.999396,432,1079.212936
754.781903,432,1080.057955
669.153646,432,1080.91039
568.127823,432,1082.508909
573.65897,432,1084.105768
650.485245,432,1085.599302
643.799625,432,1087.089548
700.909659,432,1088.909
649.874388,432,1090.510625
728.751804,432,1092.014195
534.947826,432,1093.511095
681.048734,432,1095.024491
693.184884,432,1096.530707
733.736712,432,1098.025002
650.528301,432,1099.494338
718.458323,432,1101.269725
584.23923,432,1102.891403
638.271789,432,1104.458817
537.468997,432,1105.963555
624.134187,432,1107.461605
532.553817,432,1108.951252
620.222926,432,1110.447217
629.951401,432,1111.95424
694.044258,432,1113.67161
550.473672,432,1115.339198
577.517147,432,1116.810016
588.436966,432,1118.285913
700.911613,432,1119.792262
521.901197,432,1121.276541
652.626064,432,1122.776441
653.826898,432,1124.26975
612.32479,432,1126.013448
528.402503,432,1127.655474
740.764295,432,1129.161642
711.825022,432,1130.647416
499.277788,432,1132.173048
663.831851,432,1133.676229
546.059213,432,1135.18052
734.824272,432,1136.6454
726.564608,432,1138.369762
702.188522,432,1139.995916
632.795077,432,1141.490036
584.797902,432,1143.018775
529.643296,432,1144.52154
711.481569,432,1146.020074
754.885137,432,1147.49432
629.041841,432,1148.971195
691.105179,432,1150.738689
627.469922,432,1152.344881
675.99016,432,1153.845108
599.53784,432,1155.329992
628.906622,432,1156.819569
712.730592,432,1158.313103
588.513611,432,1159.793219
582.090142,432,1161.279711
640.168505,432,1162.988639
521.870639,432,1164.676377
726.814229,432,1166.181018
674.794876,432,1167.686553
662.599836,432,1169.197877
618.959573,432,1170.700202
644.400948,432,1172.196618
584.568466,432,1173.702432
491.792848,432,1175.445179
726.179836,432,1177.097044
509.338617,432,1178.629448
771.505897,432,1180.097327
634.310718,432,1181.605551
700.561691,432,1183.074934
699.764193,432,1184.562274
659.023853,432,1186.048906
710.398932,432,1187.815302
697.560537,432,1189.454801
535.566009,432,1190.952987
589.73758,432,1192.438874
673.396545,432,1193.932326
667.026297,432,1195.431145
687.686054,432,1196.936634
742.551724,432,1198.444778
605.79354,432,1200.098218
652.343884,432,1201.817378
697.687598,432,1203.330997
632.645131,432,1204.856212
530.807247,432,1206.383018
706.510572,432,1207.868573
742.667706,432,1209.357905
618.987421,432,1210.837275
548.356701,432,1212.602763
661.955974,432,1213.913096
555.645802,432,1214.643892
753.386412,432,1215.493601
678.737894,432,1216.337935
706.694634,432,1217.212767
686.509766,432,1218.823037
530.618261,432,1220.319558
648.727543,432,1221.825385
559.743426,432,1223.504032
649.737585,432,1225.122175
671.859852,432,1226.605348
454.670588,432,1228.055666
465.389683,432,1229.555009
628.148924,432,1231.038522
555.429003,432,1232.520654
712.818951,432,1233.988392
536.485002,432,1235.818364
634.241426,432,1237.440774
764.510084,432,1238.937831
635.884223,432,1240.429844
694.73937,432,1241.958353
627.518906,432,1243.416067
654.566533,432,1244.925428
631.780452,432,1246.397703
734.856571,432,1248.082951
338.81713,432,1249.731832
724.990091,432,1251.217996
600.674498,432,1252.715506
550.427653,432,1254.225713
525.343548,432,1255.725525
583.958959,432,1257.245342
583.820611,432,1258.897576
737.817824,432,1260.737453
659.483406,432,1262.346019
585.291215,432,1263.861981
675.872121,432,1265.333595
610.989016,432,1266.837249
664.272699,432,1268.342861
715.122798,432,1269.825986
613.136842,432,1271.320987
741.212498,432,1273.016252
742.622356,432,1274.703796
554.716687,432,1276.1937
642.678833,432,1277.708284
683.825334,432,1279.224294
723.896072,432,1280.711554
718.951764,432,1282.207407
493.370929,432,1283.715761
659.389717,432,1285.420326
593.203708,432,1287.074898
659.853968,432,1288.571609
448.022983,432,1290.049505
627.836142,432,1291.571805
693.258779,432,1293.040222
624.487221,432,1294.55679
701.059738,432,1296.025285
558.009165,432,1297.814657
705.045617,432,1299.374216
482.00579,432,1300.744797
609.153438,432,1301.992775
435.1777,432,1303.284716
648.774334,432,1304.7326
742.501286,432,1306.003591
728.622272,432,1307.249469
632.6269,432,1308.702313
693.092323,432,1310.227702
639.974015,432,1311.636073
671.23859,432,1313.243373
727.416889,432,1314.677466
339.017723,432,1315.861262
525.748612,432,1317.060289
680.616108,432,1318.33789
678.672849,432,1319.781992
699.185641,432,1321.347774
402.740512,432,1322.677577
689.634938,432,1323.996704
729.656416,432,1325.370388
687.651218,432,1326.863964
622.582176,432,1328.141855
622.845018,432,1329.320034
624.21826,432,1330.557569
605.185723,432,1331.895401
606.793917,432,1333.336115
741.981184,432,1334.642846
673.828539,432,1335.964812
677.955634,432,1337.303087
673.101424,432,1338.627662
576.505711,432,1339.963648
641.868692,432,1341.288249
744.940072,432,1342.711253
705.668469,432,1343.847492
777.936869,432,1344.486937
494.032838,432,1345.096413
630.833052,432,1345.715484
778.765243,432,1346.324616
687.836513,432,1347.738401
715.079702,432,1349.094659
682.366887,432,1350.450436
709.50695,432,1351.837146
647.354404,432,1353.263445
713.748436,432,1354.607381
692.902658,432,1355.926595
657.935518,432,1357.263212
741.472467,432,1358.586561
638.830795,432,1359.90337
756.494318,432,1361.250183
571.552808,432,1362.642132
682.818878,432,1364.059661
668.676848,432,1365.378094
652.459204,432,1366.819921
689.97464,432,1368.085051
586.970393,432,1369.313256
706.831954,432,1370.596169
494.810994,432,1371.891765
618.787438,432,1373.272682
171.190499,432,1374.662609
728.84679,432,1376.039556
596.991481,432,1377.375734
707.150321,432,1378.71103
728.638793,432,1380.04063
697.356951,432,1381.377728
558.362411,432,1382.708716
701.273129,432,1384.080414
478.611126,432,1385.470375
724.572742,432,1386.872888
491.117215,432,1388.204852
641.675368,432,1389.550388
651.676343,432,1390.873383
655.722796,432,1392.194137
531.670933,432,1393.547533
770.82191,432,1394.964097
730.24101,432,1396.394974
727.414729,432,1397.737911
733.31761,432,1399.069447
582.690467,432,1400.406462
565.021575,432,1401.741333
685.34717,432,1403.056605
531.614165,432,1404.379683
747.892292,432,1405.793834
703.170861,432,1407.216259
668.800023,432,1408.568437
553.185147,432,1409.913599
469.417986,432,1411.264908
649.66069,432,1412.577878
757.729681,432,1413.900516
739.299154,432,1415.230314
626.184622,432,1416.631476
594.110911,432,1418.052165
669.567738,432,1419.388079
625.249704,432,1420.707471
720.308244,432,1422.11406
616.48487,432,1423.430648
650.38283,432,1424.746739
569.047174,432,1426.070228
733.334279,432,1427.463322
550.623348,432,1428.915014
633.003565,432,1430.350145
508.828906,432,1431.548419
478.262166,432,1432.842803
499.918365,432,1434.137742
307.978922,432,1435.448215
683.060607,432,1436.778564
566.176827,432,1438.188158
609.213496,432,1439.581808
479.349551,432,1440.968278
674.591946,432,1442.303025
520.415904,432,1443.646053
715.185274,432,1444.976542
694.702272,432,1446.303272
670.911219,432,1447.657331
648.214591,432,1449.048608
693.259217,432,1450.478204
482.698997,432,1451.814205
631.862798,432,1453.143666
685.028613,432,1454.48645
734.32508,432,1455.810998
590.911975,432,1457.123341
478.14975,432,1458.457267
612.31968,432,1459.841201
543.951513,432,1461.372024
740.859565,432,1462.628198
633.097702,432,1463.257309
668.587542,432,1463.874688
500.135859,432,1464.574356
661.517907,432,1465.176044
575.285451,432,1466.59317
693.277397,432,1467.957301
581.841284,432,1469.345123
667.58478,432,1470.817517
622.291998,432,1472.175399
545.01953,432,1473.506593
617.061945,432,1474.832771
722.817022,432,1476.155031
563.686,432,1477.481359
680.988728,432,1478.805107
749.181623,432,1480.181933
681.144494,432,1481.584934
526.396125,432,1482.979656
741.398033,432,1484.326527
568.725214,432,1485.663924
717.119479,432,1486.989584
697.142547,432,1488.313317
587.467492,432,1489.651873
302.541089,432,1491.063042
755.355188,432,1492.574928
702.814497,432,1493.874507
751.144533,432,1495.061388
721.33297,432,1496.359472
711.937972,432,1497.685532
653.112196,432,1498.983952
677.025427,432,1500.287359
744.406542,432,1501.681287
700.575501,432,1503.114432
622.320219,432,1504.456053
691.43084,432,1505.780341
537.722783,432,1507.12042
477.180461,432,1508.461341
759.191362,432,1509.781661
666.506794,432,1511.111533
488.669336,432,1512.517597
667.841448,432,1513.966893
584.657321,432,1515.300636
648.616356,432,1516.655716
407.733131,432,1517.98795
589.881806,432,1519.307579
337.884514,432,1520.630737
566.819064,432,1521.968589
629.032062,432,1523.361787
624.759135,432,1524.773096
710.398484,432,1526.164619
511.706686,432,1527.500229
752.441707,432,1528.820565
720.861302,432,1530.131047
620.289177,432,1531.454223
577.172071,432,1532.779607
665.256445,432,1534.120608
695.16054,432,1535.504098
463.250473,432,1536.906743
657.463398,432,1538.24955
554.573123,432,1539.585089
725.717835,432,1540.900506
705.261587,432,1542.217036
536.104613,432,1543.559533
722.229484,432,1544.991714
668.938396,432,1546.405738
689.711832,432,1547.727687
626.642478,432,1549.038621
686.476885,432,1550.383782
734.894594,432,1551.708072
584.584589,432,1553.02236
521.944914,432,1554.334124
750.764899,432,1555.865122
712.61824,432,1557.206313
577.214858,432,1558.458795
646.699036,432,1559.750517
650.602127,432,1561.071501
624.779757,432,1562.365088
611.242104,432,1563.66717
735.25132,432,1564.995239
671.984113,432,1566.385941
748.288901,432,1567.82593
671.859801,432,1569.191759
709.107414,432,1570.535231
674.645864,432,1571.87866
598.315009,432,1573.199666
567.96151,432,1574.523627
591.658897,432,1575.847725
705.320624,432,1577.225007
734.079567,432,1578.628522
771.125789,432,1580.025666
694.679748,432,1581.038482
768.314854,432,1581.635171
721.500555,432,1582.213808
727.811681,432,1582.811823
770.808117,432,1583.405856
553.553706,432,1584.831353
751.964316,432,1586.226589
455.439998,432,1587.642439
692.053568,432,1589.040478
624.491095,432,1590.382213
755.611949,432,1591.712903
704.041957,432,1593.035309
639.083263,432,1594.340373
575.180614,432,1595.648605
657.144139,432,1597.007794
689.100363,432,1598.403377
691.749649,432,1599.808859
554.001024,432,1601.134044
735.673676,432,1602.478307
587.450033,432,1603.800848
698.087132,432,1605.117799
736.298698,432,1606.474238
715.90733,432,1607.89301
720.789508,432,1609.3288
718.380519,432,1610.674243
553.901297,432,1612.000843
562.361057,432,1613.361724
691.299253,432,1614.720733
691.997928,432,1616.028926
644.274255,432,1617.369618
707.573717,432,1618.889987
740.379721,432,1620.24678
642.370279,432,1621.49925
740.312675,432,1622.78913
498.341289,432,1624.102514
711.885914,432,1625.398879
678.259691,432,1626.725102
724.354797,432,1628.05834
632.424441,432,1629.430567
701.286171,432,1630.851487
664.653373,432,1632.190034
731.031976,432,1633.565769
600.331704,432,1634.88489
575.528587,432,1636.207499
455.084703,432,1637.527326
737.362773,432,1638.857135
664.740977,432,1640.234961
746.282665,432,1641.602487
618.202166,432,1642.967582
750.327061,432,1644.295317
616.928631,432,1645.634625
655.65017,432,1646.970589
739.711314,432,1648.30472
729.903141,432,1649.656424
544.549474,432,1651.037853
558.728441,432,1652.448975
552.277748,432,1653.792314
524.404951,432,1655.110574
634.299642,432,1656.450609
666.450031,432,1657.76248
531.061961,432,1659.080302
566.93624,432,1660.423461
690.324002,432,1661.793967
726.211892,432,1663.19534
586.96241,432,1664.521302
723.312272,432,1665.848458
360.494831,432,1667.196208
690.975833,432,1668.521955
305.929506,432,1669.852436
721.414298,432,1671.178263
638.512643,432,1672.552299
587.021922,432,1673.988254
725.77405,432,1675.30812
609.707447,432,1676.6495
611.07743,432,1677.986991
689.026323,432,1679.312196
708.218885,432,1680.644342
718.672329,432,1682.116416
649.456127,432,1683.382968
759.306222,432,1684.689573
718.706511,432,1686.028881
578.848842,432,1687.344957
393.835559,432,1688.676981
673.307565,432,1689.987649
737.448944,432,1691.304949
725.167299,432,1692.660754
577.62528,432,1694.070186
713.209627,432,1695.482877
733.74098,432,1696.813871
675.713603,432,1698.137863
717.135268,432,1699.180359
708.925735,432,1699.766753
747.753346,432,1700.360133
711.581296,432,1700.95389
704.073913,432,1701.552186
688.488945,432,1702.933787
740.859868,432,1704.331441
571.312218,432,1705.732399
620.700675,432,1707.101388
660.639959,432,1708.446594
749.712216,432,1709.769572
731.813393,432,1711.080047
764.522038,432,1712.42421
738.984385,432,1713.810738
644.334448,432,1715.245929
618.336789,432,1716.580889
673.923095,432,1717.916451
669.678064,432,1719.256241
639.279309,432,1720.579681
617.75412,432,1721.925652
749.874293,432,1723.245296
726.368949,432,1724.630931
751.715298,432,1726.067175
601.91227,432,1727.40366
620.924287,432,1728.750636
556.626276,432,1730.077401
639.976577,432,1731.40024
726.983714,432,1732.719161
631.80406,432,1734.047189
775.333754,432,1735.448512
485.560863,432,1736.862576
680.509552,432,1738.250262
695.500907,432,1739.611389
628.742092,432,1740.937735
559.696176,432,1742.263651
685.955209,432,1743.579353
663.301988,432,1745.012407
672.009533,432,1746.270544
651.585262,432,1747.596357
654.913379,432,1748.965527
697.676815,432,1750.273945
657.79686,432,1751.602328
714.892916,432,1752.922502
714.971157,432,1754.240449
672.902054,432,1755.612981
367.961605,432,1757.052859
633.407808,432,1758.481066
742.345281,432,1759.808579
699.232557,432,1761.139308
628.020294,432,1762.496631
707.560332,432,1763.834955
573.36919,432,1765.139908
611.693993,432,1766.471766
478.923816,432,1767.87612
704.300382,432,1769.318115
692.465077,432,1770.656016
751.955758,432,1771.988211
614.135228,432,1773.320683
750.001546,432,1774.633403
662.806534,432,1775.978655
683.405404,432,1777.30953
693.713717,432,1778.684477
699.388226,432,1780.117669
510.314493,432,1781.444937
636.543879,432,1782.790126
733.647572,432,1784.1377
577.783298,432,1785.455853
566.252446,432,1786.776309
536.587403,432,1788.104013
693.326502,432,1789.526329
748.115905,432,1790.938201
626.561942,432,1792.315068
605.494376,432,1793.664652
718.739838,432,1794.985042
573.074711,432,1796.316517
651.736617,432,1797.649245
607.774998,432,1798.981733
726.915359,432,1800.35481
747.199959,432,1801.727903
714.918326,432,1803.143597
676.161389,432,1804.505476
518.018436,432,1805.823978
693.703864,432,1807.142328
639.875643,432,1808.560926
710.164783,432,1809.776122
690.804283,432,1811.138004
621.927888,432,1812.50948
547.263288,432,1813.883266
537.467086,432,1815.207419
686.858652,432,1816.574307
692.559558,432,1817.582061
729.295122,432,1818.165139
759.779864,432,1818.756503
734.860823,432,1819.352571
510.558519,432,1819.949374
672.808188,432,1821.33678
755.633932,432,1822.785506
720.448488,432,1824.248613
605.781243,432,1825.603726
735.596449,432,1826.92506
575.68194,432,1828.25067
649.96641,432,1829.600163
734.393778,432,1831.028156
669.005963,432,1832.474252
734.050357,432,1833.808266
618.75934,432,1835.13764
460.583414,432,1836.486796
570.913138,432,1837.825658
609.592156,432,1839.148784
667.120632,432,1840.487711
529.577822,432,1841.876249
673.292357,432,1843.272826
683.863782,432,1844.599105
708.798544,432,1845.916113
746.546821,432,1847.245756
564.44233,432,1848.561786
750.327982,432,1849.871133
701.979467,432,1851.20128
537.197701,432,1852.580187
717.892058,432,1854.017338
738.111229,432,1855.356056
730.645008,432,1856.676625
592.58364,432,1858.035508
711.453149,432,1859.359432
743.283326,432,1860.677747
581.680459,432,1862.002188
527.607956,432,1863.381747
695.946559,432,1864.770337
681.179008,432,1866.142227
752.865016,432,1867.528907
747.125589,432,1868.859744
760.655495,432,1870.184591
712.452327,432,1871.601255
580.883466,432,1872.800613
687.617877,432,1874.154386
767.070696,432,1875.545073
660.87414,432,1876.926611
727.699139,432,1878.273362
553.107909,432,1879.602361
624.197529,432,1880.921091
753.498531,432,1882.23645
647.546699,432,1883.581402
610.404586,432,1885.038752
568.312064,432,1886.468436
733.689438,432,1887.79533
681.318135,432,1889.120394
711.603,432,1890.467104
736.761896,432,1891.797855
691.74707,432,1893.119043
672.169873,432,1894.45089
589.05181,432,1895.835132
695.417842,432,1897.261178
443.801894,432,1898.609238
546.392452,432,1899.940931
535.507472,432,1901.290377
672.358896,432,1902.604848
748.295109,432,1903.919915
631.865321,432,1905.252377
337.046025,432,1906.651019
722.225437,432,1908.078405
743.549546,432,1909.412512
678.828276,432,1910.729632
583.200564,432,1912.084633
688.591456,432,1913.445877
581.963061,432,1914.760724
611.70002,432,1916.082764
676.053986,432,1917.496914
541.845566,432,1918.904022
647.460914,432,1920.283344
689.31464,432,1921.634074
705.007703,432,1922.951624
381.192651,432,1924.274137
675.736035,432,1925.603728
651.129818,432,1926.928905
476.50617,432,1928.302209
731.885001,432,1929.724353
672.923133,432,1931.103237
591.152905,432,1932.451814
612.582843,432,1933.908863
704.935038,432,1935.111655
627.483289,432,1936.033613
709.731996,432,1936.598037
675.117142,432,1937.162618
721.62899,432,1937.737431
721.084398,432,1938.320872
737.827962,432,1939.719822
594.45392,432,1941.068544
660.260172,432,1942.46155
653.406021,432,1943.906341
616.100493,432,1945.245301
601.156384,432,1946.592324
737.330438,432,1947.911072
520.902822,432,1949.221321
714.981566,432,1950.527107
712.880404,432,1951.844524
646.717942,432,1953.224505
718.89537,432,1954.649382
681.868698,432,1956.045293
600.811761,432,1957.382536
740.278498,432,1958.738569
529.628527,432,1960.072316
720.676446,432,1961.387764
570.797855,432,1962.710895
693.943151,432,1964.063073
695.575387,432,1965.488323
663.813467,432,1966.898287
749.960654,432,1968.233214
659.191882,432,1969.575492
704.970449,432,1970.899744
724.57734,432,1972.222675
616.462257,432,1973.592385
352.647659,432,1974.994891
727.684714,432,1976.418083
746.225779,432,1977.77025
704.136338,432,1979.08912
716.833049,432,1980.437336
698.000718,432,1981.754723
694.96727,432,1983.07316
685.393662,432,1984.398903
755.636225,432,1985.769859
561.956,432,1987.234981
726.178094,432,1988.569787
690.933012,432,1989.899035
563.36128,432,1991.237726
667.480775,432,1992.560579
680.570813,432,1993.88991
572.486854,432,1995.221955
677.883196,432,1996.739512
714.864511,432,1998.118195
721.882716,432,1999.34791
613.484251,432,2000.653686
713.775724,432,2001.959584
691.839115,432,2003.254537
730.390422,432,2004.571985
730.278951,432,2005.872663
678.580942,432,2007.2825
703.970494,432,2008.71765
711.576709,432,2010.096356
552.360554,432,2011.432216
494.003148,432,2012.768993
718.624197,432,2014.100548
687.741823,432,2015.404884
713.418572,432,2016.724049
697.426525,432,2018.109103
721.199421,432,2019.522317
519.677576,432,2020.944856
740.902598,432,2022.28737
657.108114,432,2023.629136
707.098058,432,2024.954439
728.257402,432,2026.276215
619.007821,432,2027.647319
728.887362,432,2029.040066
675.507727,432,2030.44934
707.630314,432,2031.783961
722.399744,432,2033.108295
593.172842,432,2034.45892
707.605938,432,2035.770847
715.933449,432,2037.081222
710.822379,432,2038.430506
500.61942,432,2039.824277
609.276676,432,2041.28419
718.08987,432,2042.611914
766.989415,432,2043.92576
539.828803,432,2045.280633
705.286332,432,2046.603062
710.537882,432,2047.934116
721.757565,432,2049.25922
618.791171,432,2050.655904
649.190483,432,2052.116537
734.954413,432,2053.455364
577.824826,432,2054.481412
716.609713,432,2055.049536
728.610408,432,2055.6531
736.078621,432,2056.264112
605.838027,432,2056.880517
692.857804,432,2058.266343
577.23278,432,2059.828001
708.287308,432,2061.215488
699.236446,432,2062.444374
652.245596,432,2063.726439
677.179193,432,2065.037937
641.244352,432,2066.328479
688.607987,432,2067.639288
586.752899,432,2068.958113
557.825018,432,2070.354441
688.728889,432,2071.770164
757.613624,432,2073.142605
544.711255,432,2074.47994
711.424025,432,2075.824489
665.88351,432,2077.153045
766.801757,432,2078.472021
623.824492,432,2079.797146
558.263229,432,2081.18087
509.878196,432,2082.610853
694.727148,432,2083.994488
740.774032,432,2085.314711
734.442816,432,2086.662841
664.353365,432,2087.98334
742.58127,432,2089.315709
689.319102,432,2090.63488
401.15007,432,2091.977343
669.231118,432,2093.348104
717.844387,432,2094.726914
693.313561,432,2096.061333
627.086205,432,2097.416268
671.808032,432,2098.749638
713.682914,432,2100.061117
549.130604,432,2101.378031
688.267664,432,2102.817175
712.391024,432,2104.263253
686.902761,432,2105.590169
731.412139,432,2106.917417
665.388718,432,2108.258949
676.791284,432,2109.599787
460.941701,432,2110.931401
747.240565,432,2112.260072
706.346211,432,2113.648436
390.060634,432,2115.068371
644.090295,432,2116.413736
627.097144,432,2117.750643
670.968164,432,2119.102044
431.845468,432,2120.433464
777.124551,432,2121.759143
674.157174,432,2123.239405
719.073955,432,2124.507733
579.442611,432,2125.871989
614.958127,432,2127.189071
718.155089,432,2128.508404
764.045483,432,2129.828486
743.763469,432,2131.138422
688.78475,432,2132.452528
641.552223,432,2133.769944
710.280965,432,2135.135439
643.094316,432,2136.553619
573.723166,432,2137.942733
629.193798,432,2139.270988
574.332941,432,2140.613394
734.223368,432,2141.931791
641.515644,432,2143.269714
698.600379,432,2144.629368
760.612283,432,2146.008109
512.863267,432,2147.400261
729.124003,432,2148.7299
677.327009,432,2150.069127
506.457443,432,2151.411402
645.352735,432,2152.736901
639.006734,432,2154.054317
676.808002,432,2155.36573
680.289782,432,2156.793869
685.376218,432,2158.231629
652.245935,432,2159.551647
709.145643,432,2160.882339
687.942285,432,2162.246539
605.491121,432,2163.575706
602.755992,432,2164.895096
445.339771,432,2166.213875
767.793121,432,2167.588902
681.912428,432,2169.043055
592.203387,432,2170.393296
729.781465,432,2171.712208
657.495369,432,2172.742788
750.076938,432,2173.315547
620.375408,432,2173.90534
741.20735,432,2174.508468
748.137153,432,2175.104197
692.691751,432,2176.517321
727.689249,432,2177.964123
702.190125,432,2179.372167
774.696765,432,2180.706095
695.722058,432,2182.055449
627.45887,432,2183.373218
721.186167,432,2184.701004
679.720676,432,2186.148789
395.927358,432,2187.409409
717.375151,432,2188.74789
662.991156,432,2190.086939
750.21918,432,2191.41476
649.293814,432,2192.737491
708.012641,432,2194.038354
751.25389,432,2195.350607
658.479925,432,2196.673227
541.666206,432,2198.060371
696.959703,432,2199.444515
707.192442,432,2200.842609
670.00328,432,2202.158772
683.735573,432,2203.490261
734.207404,432,2204.822544
712.532047,432,2206.136224
731.122326,432,2207.47676
693.790031,432,2208.855352
738.407463,432,2210.267279
676.821337,432,2211.612234
663.068318,432,2212.956768
759.046172,432,2214.373139
740.269326,432,2215.68756
624.737263,432,2217.01333
685.741088,432,2218.365674
709.230248,432,2219.787926
528.749806,432,2221.23724
732.693814,432,2222.57186
738.786512,432,2223.895286
644.58018,432,2225.239258
714.437123,432,2226.561614
760.518213,432,2227.882401
715.838386,432,2229.207904
665.640985,432,2230.595114
671.823149,432,2232.041627
711.275511,432,2233.366694
556.580508,432,2234.686404
730.28445,432,2236.024999
766.313278,432,2237.350775
757.814071,432,2238.686125
722.204987,432,2240.028385
616.430314,432,2241.394278
762.681357,432,2242.809208
569.471016,432,2244.206469
659.643816,432,2245.566372
713.470126,432,2246.90222
486.712129,432,2248.217751
721.787989,432,2249.612015
732.321158,432,2250.807227
594.039399,432,2252.171976
743.943667,432,2253.536101
697.886305,432,2254.901239
697.398891,432,2256.212507
694.300432,432,2257.54086
573.683739,432,2258.861409
664.389474,432,2260.17265
696.488083,432,2261.50368
726.927597,432,2262.91039
680.171207,432,2264.318031
699.420484,432,2265.655753
630.975989,432,2266.978351
681.86388,432,2268.318011
654.124144,432,2269.635777
746.908665,432,2270.94707
714.81608,432,2272.282135
761.541968,432,2273.650765
678.465267,432,2275.066579
685.057961,432,2276.400294
674.561229,432,2277.743359
714.745895,432,2279.102291
694.60656,432,2280.411688
732.954579,432,2281.720075
507.405789,432,2283.040796
658.591766,432,2284.428372
484.696703,432,2285.878464
595.111623,432,2287.237764
735.11286,432,2288.584405
750.596848,432,2289.909925
636.528337,432,2290.933362
770.784108,432,2291.512012
643.778424,432,2292.096561
740.444565,432,2292.69244
709.994098,432,2293.287827
763.729626,432,2294.728353
722.496062,432,2296.146801
674.156246,432,2297.599741
734.28636,432,2298.938582
718.263922,432,2300.276464
693.348837,432,2301.59583
575.773539,432,2302.917255
592.72442,432,2304.319849
659.137335,432,2305.71113
745.342969,432,2307.111699
507.309039,432,2308.451976
672.917928,432,2309.787503
711.291277,432,2311.098843
684.390761,432,2312.512959
690.428609,432,2313.710961
696.978048,432,2315.020071
716.560143,432,2316.380803
675.736035,432,2317.748694
716.104366,432,2319.075184
605.422072,432,2320.411304
675.370879,432,2321.721478
655.036388,432,2323.042522
691.583643,432,2324.361735
618.949484,432,2325.754101
697.311258,432,2327.212283
595.577078,432,2328.536278
618.186534,432,2329.853751
727.967043,432,2331.188359
634.817397,432,2332.501286
698.661815,432,2333.837185
717.215916,432,2335.154535
697.72656,432,2336.549081
696.404403,432,2338.0088
503.901303,432,2339.345819
689.010257,432,2340.68479
575.085437,432,2342.026609
748.272226,432,2343.340157
684.693326,432,2344.651429
774.774028,432,2345.970354
636.268477,432,2347.365272
622.952153,432,2348.761115
529.536737,432,2350.134635
624.974316,432,2351.468732
629.326233,432,2352.787731
694.312387,432,2354.116894
735.225802,432,2355.440463
733.756308,432,2356.770534
585.585443,432,2358.138113
738.615191,432,2359.497058
672.27348,432,2360.902858
309.096673,432,2362.231464
714.55844,432,2363.562908
654.248019,432,2364.891091
756.061614,432,2366.204381
509.030365,432,2367.575816
670.326132,432,2368.997814
556.216337,432,2370.401687
643.002441,432,2371.727722
714.805472,432,2373.046967
649.517589,432,2374.399485
710.887997,432,2375.798484
746.568229,432,2376.97617
613.670165,432,2378.239598
715.707287,432,2379.60968
684.696718,432,2381.000309
602.895857,432,2382.308231
729.515224,432,2383.647393
663.313225,432,2384.962768
696.491393,432,2386.34107
722.073691,432,2387.684044
713.702558,432,2389.017775
662.741428,432,2390.4099
736.846727,432,2391.835
616.633419,432,2393.205605
754.675824,432,2394.593693
750.394453,432,2395.942824
696.417101,432,2397.267504
711.486055,432,2398.604443
688.571466,432,2399.945962
551.321736,432,2401.346613
780.736539,432,2402.776841
606.556528,432,2404.142886
528.604051,432,2405.488351
736.648105,432,2406.823574
719.626266,432,2408.171629
706.165831,432,2409.178095
741.111896,432,2409.760074
743.679253,432,2410.352139
748.94611,432,2410.949384
636.711731,432,2411.543065
725.294079,432,2412.942938
704.886367,432,2414.291078
532.814473,432,2415.717776
363.223609,432,2417.187167
610.80183,432,2418.516593
598.163665,432,2419.844277
752.483294,432,2421.179901
600.457589,432,2422.510064
728.865769,432,2423.830137
687.218406,432,2425.161213
697.208941,432,2426.552982
488.942928,432,2427.984039
758.756757,432,2429.336128
699.030179,432,2430.662894
753.802909,432,2431.999994
693.29441,432,2433.30834
632.311129,432,2434.612789
703.80577,432,2435.938869
741.916433,432,2437.340669
719.370327,432,2438.79106
773.110943,432,2440.036406
716.437724,432,2441.316411
712.612248,432,2442.658668
612.470388,432,2443.962062
634.023941,432,2445.275151
557.490785,432,2446.609087
685.727204,432,2448.004773
739.533239,432,2449.414289
494.663364,432,2450.733471
389.971994,432,2452.052866
668.439865,432,2453.388052
677.931446,432,2454.714627
549.349288,432,2456.047128
568.281848,432,2457.382132
704.870666,432,2458.770096
742.813303,432,2460.188325
619.935136,432,2461.514081
703.312023,432,2462.856818
658.031247,432,2464.196585
698.21453,432,2465.517884
574.247478,432,2466.837672
713.151111,432,2468.175884
654.469675,432,2469.634334
719.861154,432,2471.072313
730.317972,432,2472.40006
724.540774,432,2473.72211
744.740984,432,2475.070029
727.591888,432,2476.398385
580.079404,432,2477.713379
675.328053,432,2479.048485
710.256889,432,2480.486486
649.694648,432,2481.911205
738.96985,432,2483.27529
644.605177,432,2484.628614
711.284802,432,2485.933604
627.537853,432,2487.241963
701.664674,432,2488.558069
678.546176,432,2489.892111
477.098966,432,2491.267815
742.376457,432,2492.670838
618.143698,432,2494.085006
582.649113,432,2495.596778
715.664143,432,2497.290373
705.272993,432,2498.512105
506.586959,432,2499.798921
686.720058,432,2501.164026
618.923691,432,2502.497397
723.563717,432,2503.972584
760.588995,432,2505.305651
727.844093,432,2506.683767
758.377084,432,2508.019737
728.488843,432,2509.35038
692.221501,432,2510.69111
702.23986,432,2512.013258
496.783746,432,2513.436057
648.793761,432,2514.864198
683.251166,432,2516.252251
621.448475,432,2517.630061
753.833346,432,2518.965371
618.044267,432,2520.307047
719.228798,432,2521.632083
605.093281,432,2522.981055
747.670823,432,2524.370978
719.263223,432,2525.774414
651.323861,432,2527.162597
719.880106,432,2528.181051
733.524566,432,2528.792837
699.649458,432,2529.377716
740.245109,432,2529.978767
676.076098,432,2530.574702
722.671872,432,2531.989945
409.609405,432,2533.393044
714.173479,432,2534.801548
640.694506,432,2536.185108
448.44505,432,2537.543555
747.753144,432,2538.882554
753.821496,432,2540.211082
723.918103,432,2541.525433
633.193306,432,2542.848906
464.622743,432,2544.243318
619.994546,432,2545.616768
619.785698,432,2546.994758
747.123059,432,2548.309668
570.154583,432,2549.652642
712.18705,432,2550.983905
657.444066,432,2552.315711
505.702686,432,2553.637375
731.52155,432,2555.176865
587.855271,432,2556.439111
539.958129,432,2557.786363
668.548456,432,2559.10432
680.09917,432,2560.558208
641.808605,432,2561.744583
361.360131,432,2562.977956
652.834825,432,2564.280396
731.571645,432,2565.6793
639.958097,432,2567.111153
645.526954,432,2568.429266
733.523489,432,2569.767123
675.910218,432,2571.191275
727.285427,432,2572.514102
717.455524,432,2573.833802
602.943965,432,2575.168658
590.263114,432,2576.565767
775.789901,432,2578.042518
673.040783,432,2579.395555
723.567437,432,2580.726683
725.318259,432,2582.069183
440.012987,432,2583.399107
703.75301,432,2584.721644
752.08823,432,2586.073213
704.323917,432,2587.462923
677.317927,432,2588.89071
566.80415,432,2590.246478
724.265489,432,2591.614193
738.658654,432,2592.967136
761.430881,432,2594.302356
739.031934,432,2595.631582
738.101062,432,2596.993127
739.117143,432,2598.371153
638.833171,432,2599.800721
458.015068,432,2601.185201
728.204651,432,2602.543907
645.190108,432,2603.891015
671.098725,432,2605.235667
747.919733,432,2606.570309
726.005242,432,2607.893097
680.587489,432,2609.264153
717.58858,432,2610.679759
650.631756,432,2612.057963
576.310216,432,2613.414492
669.194744,432,2614.76192
721.594438,432,2616.083757
379.898332,432,2617.572922
763.470295,432,2618.833186
727.680023,432,2620.102287
694.594926,432,2621.454963
741.956727,432,2623.000606
727.007697,432,2624.249784
701.222784,432,2625.466264
298.301975,432,2626.759862
694.990458,432,2628.043428
686.43037,432,2629.339479
687.496587,432,2630.759151
501.928615,432,2632.158785
584.016223,432,2633.501723
570.574524,432,2634.839283
510.121603,432,2636.18091
751.867846,432,2637.509332
527.869761,432,2638.850849
717.623586,432,2640.199447
750.91642,432,2641.583793
772.473885,432,2643.047026
706.569393,432,2644.395194
594.78077,432,2645.752839
723.099954,432,2646.810477
709.047123,432,2647.387337
702.209849,432,2647.964939
642.636797,432,2648.580535
706.2,432,2649.199929
654.471365,432,2650.631042
677.623877,432,2652.057722
677.378383,432,2653.487399
684.170964,432,2654.869175
751.826199,432,2656.230312
682.174551,432,2657.557233
697.462196,432,2658.886476
719.211981,432,2660.227741
635.379336,432,2661.626031
719.194757,432,2663.04853
750.280325,432,2664.395091
719.158757,432,2665.719748
683.191489,432,2667.061893
611.709892,432,2668.403037
685.742215,432,2669.725431
647.360386,432,2671.055628
581.184667,432,2672.470991
594.43292,432,2673.886894
347.553302,432,2675.269887
682.326794,432,2676.632889
605.09253,432,2677.96717
662.99036,432,2679.297168
718.666216,432,2680.772071
698.406365,432,2682.004848
705.259968,432,2683.301115
755.201912,432,2684.659883
768.565316,432,2686.124798
518.481253,432,2687.314744
699.022686,432,2688.608079
706.214554,432,2689.890847
630.139338,432,2691.220288
709.431439,432,2692.546172
604.127922,432,2693.93833
643.791918,432,2695.372453
731.861762,432,2696.69496
730.342712,432,2698.052583
459.469917,432,2699.412997
695.923297,432,2700.741913
668.083426,432,2702.086336
729.85616,432,2703.438149
694.613522,432,2704.842694
723.665396,432,2706.251791
665.563269,432,2707.591132
647.324795,432,2708.932586
710.750778,432,2710.277091
655.810941,432,2711.594203
679.533574,432,2712.917551
641.287434,432,2714.243122
741.52163,432,2715.666156
592.629256,432,2717.123329
711.07734,432,2718.459538
725.932171,432,2719.78292
735.750497,432,2721.122953
631.691994,432,2722.467171
501.572337,432,2723.79364
691.823886,432,2725.130524
636.898159,432,2726.509206
754.33357,432,2727.964289
710.516747,432,2729.306525
732.296155,432,2730.645942
638.710293,432,2731.971231
741.700516,432,2733.296648
712.798768,432,2734.623188
663.355027,432,2735.966593
669.744099,432,2737.339084
743.17283,432,2738.752295
628.494418,432,2740.137618
623.032481,432,2741.46808
724.248973,432,2742.808526
749.114351,432,2744.114565
657.343019,432,2745.433661
657.613446,432,2746.749977
663.021891,432,2748.139068
717.974486,432,2749.597125
723.261803,432,2750.865554
682.69275,432,2752.15063
749.455591,432,2753.461194
743.233298,432,2754.749285
666.320892,432,2756.061948
748.724513,432,2757.390764
739.268817,432,2758.794473
713.49331,432,2760.225982
621.457379,432,2761.579363
642.490497,432,2762.954933
700.013153,432,2764.299139
715.776302,432,2765.307391
712.528165,432,2765.898066
755.539503,432,2766.490465
692.03053,432,2767.08994
724.053298,432,2767.693243
742.036137,432,2769.091782
688.507471,432,2770.533007
574.385628,432,2771.973887
601.675315,432,2773.331382
732.991109,432,2774.664146
712.296519,432,2775.98209
670.346401,432,2777.319086
721.654248,432,2778.724983
698.14434,432,2780.171926
708.83246,432,2781.515487
732.736968,432,2782.84413
773.526528,432,2784.212906
569.03669,432,2785.501076
758.23988,432,2786.798693
678.85229,432,2788.111755
642.696091,432,2789.459214
689.137379,432,2790.869657
724.422048,432,2792.21803
692.615307,432,2793.565533
664.984636,432,2794.888649
716.629931,432,2796.228542
547.624072,432,2797.55643
705.518153,432,2798.93018
744.811158,432,2800.345806
731.051805,432,2801.787938
700.811657,432,2803.214051
680.139617,432,2804.587844
758.97457,432,2805.925382
606.001238,432,2807.262433
630.435019,432,2808.599628
685.75608,432,2809.924662
713.051008,432,2811.322287
718.949926,432,2812.854125
557.551392,432,2814.194193
750.73266,432,2815.495827
581.341646,432,2816.811712
749.891128,432,2818.150831
741.664068,432,2819.46581
451.082744,432,2820.795055
632.992058,432,2822.155391
687.718918,432,2823.5387
686.961659,432,2824.948874
747.236597,432,2826.283616
744.4623,432,2827.627613
741.200355,432,2828.952897
700.357165,432,2830.275833
675.519843,432,2831.638714
719.256983,432,2833.051349
696.009043,432,2834.482379
730.813816,432,2835.800666
737.109479,432,2837.133095
719.528284,432,2838.496205
686.439214,432,2839.80727
574.329811,432,2841.121302
711.938726,432,2842.439386
685.12646,432,2843.841026
692.331124,432,2845.278181
444.04462,432,2846.606921
716.031145,432,2847.943488
706.044236,432,2849.278674
715.779586,432,2850.598937
661.540645,432,2851.933165
588.901082,432,2853.247062
704.257338,432,2854.651582
685.41103,432,2856.104859
641.125328,432,2857.441303
691.220676,432,2858.795753
729.642409,432,2860.139649
681.618208,432,2861.45595
699.819655,432,2862.76536
750.317099,432,2864.07706
760.492506,432,2865.497304
654.873813,432,2866.936417
726.69061,432,2868.263352
737.905265,432,2869.609169
674.51199,432,2870.92893
678.169862,432,2872.264878
691.483893,432,2873.573462
733.231703,432,2875.034634
640.579733,432,2876.327855
716.99849,432,2877.625288
547.913047,432,2878.985734
653.371694,432,2880.27921
713.234405,432,2881.589456
753.164308,432,2882.895356
738.196023,432,2883.913728
761.457889,432,2884.493333
730.980886,432,2885.083705
753.965527,432,2885.67779
729.474792,432,2886.272407
684.091522,432,2887.704297
623.66115,432,2889.05154
655.794835,432,2890.450206
733.793465,432,2891.849581
603.789017,432,2893.230324
648.272287,432,2894.589076
761.781084,432,2895.89913
654.457642,432,2897.207786
643.269435,432,2898.520692
751.261494,432,2899.849931
771.788588,432,2901.253372
760.561012,432,2902.654468
768.937538,432,2904.052747
712.256691,432,2905.410858
698.12248,432,2906.750094
739.898519,432,2908.060768
470.983219,432,2909.385993
698.360804,432,2910.715716
747.260182,432,2912.106757
745.71209,432,2913.484869
663.199212,432,2914.864456
734.58604,432,2916.205338
756.403768,432,2917.554671
749.412075,432,2918.868915
654.948765,432,2920.199725
711.394082,432,2921.543106
721.967706,432,2922.953121
721.37565,432,2924.374454
719.181503,432,2925.719716
733.270417,432,2927.063359
690.963149,432,2928.410669
428.505249,432,2929.725646
675.52877,432,2931.046059
734.710961,432,2932.394028
726.642246,432,2933.806154
646.061378,432,2935.239939
714.278892,432,2936.558806
680.501076,432,2938.014751
690.236185,432,2939.302193
658.846847,432,2940.491364
569.958113,432,2941.736713
729.913884,432,2943.027888
691.684925,432,2944.395576
697.108022,432,2945.779509
762.038881,432,2947.165105
717.390139,432,2948.501918
701.414709,432,2949.817625
651.420694,432,2951.124464
678.076034,432,2952.448195
620.923655,432,2953.789309
674.488265,432,2955.179152
719.015323,432,2956.558478
704.887452,432,2957.957905
652.520886,432,2959.356827
696.957554,432,2960.715781
756.515347,432,2962.030718
657.518049,432,2963.345843
748.91432,432,2964.67601
744.264031,432,2966.024399
763.881968,432,2967.438223
678.705819,432,2968.82572
727.204291,432,2970.139999
708.254801,432,2971.481175
716.769118,432,2972.806169
693.604815,432,2974.137838
680.524636,432,2975.461463
735.388563,432,2976.854785
723.39962,432,2978.261157
703.726006,432,2979.579763
748.989065,432,2980.909269
645.429379,432,2982.249911
742.09037,432,2983.566703
606.033209,432,2984.892691
684.230866,432,2986.222415
721.016537,432,2987.637009
722.791704,432,2989.0909
588.136215,432,2990.415808
441.519965,432,2991.743761
703.581298,432,2993.073298
767.145875,432,2994.394704
736.865557,432,2995.702062
703.011352,432,2997.014716
716.093036,432,2998.425895
732.09321,432,2999.815804
704.511105,432,3001.286242
732.898042,432,3002.311597
745.597622,432,3002.891727
763.401013,432,3003.445275
781.740643,432,3004.038145
697.641858,432,3004.633856
742.071767,432,3006.064038
706.44091,432,3007.457857
684.662551,432,3008.926437
716.437105,432,3010.283128
723.855915,432,3011.704843
592.98663,432,3013.070327
463.976019,432,3014.429163
755.562008,432,3015.768966
732.230537,432,3017.095639
767.46812,432,3018.512535
731.682999,432,3019.968038
677.471,432,3021.307825
687.764135,432,3022.660646
744.43621,432,3023.992596
703.057064,432,3025.309986
672.831297,432,3026.610403
693.155467,432,3027.918932
753.08918,432,3029.293345
718.77902,432,3030.670916
743.194908,432,3032.052985
687.876846,432,3033.385116
739.41435,432,3034.704854
711.575573,432,3036.046884
678.463331,432,3037.360985
684.830732,432,3038.688294
669.862852,432,3040.078808
708.048601,432,3041.453682
676.697086,432,3042.888622
456.945465,432,3044.221349
737.359081,432,3045.566301
726.604792,432,3046.88584
629.389661,432,3048.197214
743.098909,432,3049.546929
670.780349,432,3050.929382
688.710943,432,3052.318662
728.497736,432,3053.64948
640.203728,432,3054.986425
680.29323,432,3056.347523
717.583952,432,3057.689545
676.848889,432,3059.088574
664.283058,432,3060.425539
572.185138,432,3061.813317
537.242134,432,3063.301947
669.700825,432,3064.758863
728.797732,432,3065.959287
625.815076,432,3067.228086
729.042582,432,3068.536593
733.447353,432,3069.852963
562.787316,432,3071.168244
653.002346,432,3072.554845
674.071638,432,3073.958702
730.297472,432,3075.315463
736.095937,432,3076.686796
693.585479,432,3078.01988
690.818478,432,3079.329343
383.936674,432,3080.639177
653.591112,432,3081.955077
761.791187,432,3083.35348
749.513843,432,3084.753693
689.027139,432,3086.130058
711.274355,432,3087.473935
753.063736,432,3088.815469
715.916321,432,3090.150059
627.848694,432,3091.47258
703.041293,432,3092.789413
765.927055,432,3094.161794
581.050393,432,3095.576251
621.641954,432,3096.987533
710.746215,432,3098.318486
734.41552,432,3099.65784
663.670095,432,3100.971923
712.85735,432,3102.279195
726.936087,432,3103.640712
624.141836,432,3105.023433
735.507746,432,3106.473987
732.253385,432,3107.811473
726.640662,432,3109.140312
661.113172,432,3110.506052
709.104103,432,3111.827012
696.178473,432,3113.146268
755.108432,432,3114.526842
734.859696,432,3115.908186
744.560567,432,3117.376465
705.91126,432,3118.734826
707.783099,432,3120.071705
657.554482,432,3121.113029
620.934533,432,3121.685858
652.856984,432,3122.297291
746.406781,432,3122.915239
598.036694,432,3123.537992
713.879647,432,3124.949857
688.489505,432,3126.345806
753.570747,432,3127.934627
684.669628,432,3129.148406
745.040556,432,3130.410664
685.471428,432,3131.705885
689.520386,432,3132.998831
693.659026,432,3134.301586
703.808444,432,3135.662161
716.088787,432,3137.092745
736.667205,432,3138.427843
707.393726,432,3139.757424
715.490354,432,3141.089926
741.324697,432,3142.39388
645.82839,432,3143.705632
748.393895,432,3145.056517
749.814586,432,3146.419972
760.019818,432,3147.83063
691.920588,432,3149.199608
760.840494,432,3150.537292
705.132358,432,3151.877597
659.187185,432,3153.204046
616.36663,432,3154.508909
625.145359,432,3155.836192
732.753626,432,3157.216566
721.001858,432,3158.632406
766.142751,432,3160.013285
675.20293,432,3161.338275
562.88261,432,3162.66921
717.380523,432,3163.982511
678.610745,432,3165.311723
707.916038,432,3166.68322
724.142795,432,3168.107368
732.601323,432,3169.511677
693.356177,432,3170.848522
727.495472,432,3172.182466
749.95927,432,3173.514832
701.034339,432,3174.827744
714.584005,432,3176.136148
736.005845,432,3177.478366
583.487125,432,3178.910402
640.352318,432,3180.325672
725.428982,432,3181.645124
736.381204,432,3182.979299
586.34105,432,3184.313112
573.680986,432,3185.650645
695.333394,432,3186.974859
544.264295,432,3188.299816
705.242771,432,3189.694048
719.547158,432,3191.248334
646.179957,432,3192.44096
737.887107,432,3193.731656
621.910952,432,3195.041804
712.300285,432,3196.350589
703.907685,432,3197.654212
742.737838,432,3198.981656
736.28722,432,3200.358249
654.798493,432,3201.78569
744.438582,432,3203.155778
723.774799,432,3204.504719
710.218155,432,3205.838232
699.342625,432,3207.15046
691.116389,432,3208.462505
689.543781,432,3209.777754
745.470872,432,3211.133272
701.063959,432,3212.530934
727.095102,432,3213.915865
704.391889,432,3215.23622
720.845156,432,3216.557176
544.424325,432,3217.882347
778.268865,432,3219.207505
635.16413,432,3220.559031
732.419869,432,3221.954611
733.405293,432,3223.405142
713.917652,432,3224.750297
738.002734,432,3226.08619
721.197824,432,3227.425407
713.217696,432,3228.747365
709.687565,432,3230.064027
719.908853,432,3231.397767
698.046328,432,3232.826394
746.697544,432,3234.256347
715.63983,432,3235.588916
682.64005,432,3236.908872
719.173975,432,3238.264001
713.015433,432,3239.296588
758.359078,432,3239.881114
772.78714,432,3240.472915
737.124087,432,3241.067276
748.253715,432,3241.666706
678.399102,432,3243.098486
617.257955,432,3244.51043
667.588526,432,3245.979153
656.11455,432,3247.347118
741.833096,432,3248.673617
720.301793,432,3249.988647
681.952941,432,3251.30728
601.508857,432,3252.711783
691.9631,432,3254.288522
552.741397,432,3255.475275
573.347071,432,3256.722915
741.082714,432,3258.024983
675.791351,432,3259.309005
685.950318,432,3260.623375
695.160077,432,3261.932476
563.783953,432,3263.302555
721.390777,432,3264.724697
740.742389,432,3266.09022
750.067156,432,3267.436382
691.953222,432,3268.757112
762.431096,432,3270.06181
601.648586,432,3271.372593
678.530227,432,3272.71662
728.844477,432,3274.102716
745.888088,432,3275.528995
741.177108,432,3276.952578
707.896918,432,3278.296959
489.40001,432,3279.647428
676.664503,432,3280.978553
774.855616,432,3282.297909
713.263606,432,3283.640641
482.369556,432,3285.080261
746.957439,432,3286.505937
622.13533,432,3287.850634
615.125169,432,3289.176664
182.642685,432,3290.522755
720.264089,432,3291.841963
474.901378,432,3293.165976
672.553794,432,3294.520007
719.723931,432,3295.957042
669.257036,432,3297.382153
705.593885,432,3298.710757
695.836883,432,3300.048949
672.170158,432,3301.396302
601.321168,432,3302.713343
626.069085,432,3304.019345
654.414202,432,3305.336178
674.379846,432,3306.763257
708.895799,432,3308.21044
757.234843,432,3309.542049
654.843287,432,3310.869297
696.987676,432,3312.205808
746.375075,432,3313.534986
474.22772,432,3314.871458
713.438216,432,3316.202879
738.01775,432,3317.796692
757.478226,432,3319.110723
698.911251,432,3320.36463
764.116697,432,3321.677251
642.734805,432,3322.994819
685.211246,432,3324.324296
752.932608,432,3325.646505
582.276879,432,3326.977489
770.772119,432,3328.398582
721.008216,432,3329.801052
668.692941,432,3331.178607
723.797243,432,3332.533769
702.6109,432,3333.924535
746.649378,432,3335.347758
764.563315,432,3336.695589
472.131615,432,3338.04871
339.92635,432,3339.436966
550.242205,432,3340.839875
658.612677,432,3342.227288
742.789082,432,3343.591706
542.062241,432,3344.926871
703.83846,432,3346.248523
567.60005,432,3347.580483
640.510474,432,3348.928678
697.867333,432,3350.292453
705.201819,432,3351.682725
557.921271,432,3353.066545
735.379882,432,3354.402976
712.444719,432,3355.751229
661.815144,432,3357.086612
746.401043,432,3358.129394
730.315733,432,3358.721303
765.080955,432,3359.317992
730.253406,432,3359.915565
732.724697,432,3360.512586
595.597072,432,3361.938224
742.172809,432,3363.331029
694.079562,432,3364.790789
626.463382,432,3366.232625
674.011345,432,3367.574319
647.374364,432,3368.909451
750.345473,432,3370.27617
699.587005,432,3371.588588
710.239404,432,3372.90672
736.312276,432,3374.27799
642.919286,432,3375.763482
759.850254,432,3377.077146
674.030701,432,3378.374274
676.463988,432,3379.764335
743.180208,432,3381.143922
404.452957,432,3382.325402
730.107718,432,3383.589749
737.921895,432,3384.895189
574.346141,432,3386.246142
722.965519,432,3387.639176
625.510268,432,3389.019604
685.286175,432,3390.414445
587.57229,432,3391.749658
718.501147,432,3393.08517
690.519382,432,3394.423096
708.955866,432,3395.761667
741.911655,432,3397.19802
720.339949,432,3398.630477
698.769122,432,3400.038932
720.772867,432,3401.416759
754.58914,432,3402.766707
674.275197,432,3404.118717
668.423874,432,3405.471026
685.557952,432,3406.819442
724.757027,432,3408.204377
662.382401,432,3409.626094
710.952044,432,3411.064474
751.621841,432,3412.428575
754.641881,432,3413.832442
710.335824,432,3415.172623
759.682454,432,3416.525364
738.227122,432,3417.912976
704.252933,432,3419.313861
719.583326,432,3420.756351
686.822497,432,3422.180401
713.027528,432,3423.574103
758.475021,432,3424.92649
670.553965,432,3426.269875
512.100499,432,3427.601516
699.705448,432,3428.959613
746.068062,432,3430.355746
688.639957,432,3431.810527
721.351778,432,3433.222073
725.129141,432,3434.607569
694.620937,432,3435.943883
713.552029,432,3437.352023
706.730045,432,3438.773606
704.407768,432,3439.97091
636.648827,432,3441.285498
702.631785,432,3442.709908
716.412596,432,3444.168036
737.307742,432,3445.419261
666.457132,432,3446.728426
538.366947,432,3448.036905
741.973447,432,3449.356279
701.696122,432,3450.699934
676.924286,432,3452.089345
416.19792,432,3453.487257
725.573305,432,3454.896789
524.316125,432,3456.246314
681.687833,432,3457.599414
444.689805,432,3458.94524
764.036991,432,3460.273982
723.742808,432,3461.628747
757.75889,432,3463.011384
778.328497,432,3464.458779
776.912149,432,3465.818967
709.457579,432,3467.163633
716.87923,432,3468.505533
644.441768,432,3469.834283
588.007121,432,3471.156423
540.379506,432,3472.535479
689.43056,432,3474.001759
695.686068,432,3475.473208
683.669,432,3476.851146
770.906189,432,3477.948593
763.907457,432,3478.568305
765.366819,432,3479.202634
770.466639,432,3479.836542
734.850387,432,3480.438132
714.394437,432,3481.879133
596.645104,432,3483.305641
748.530168,432,3484.737497
706.501408,432,3486.13795
735.401309,432,3487.531482
597.115048,432,3488.89248
739.281422,432,3490.240084
756.143957,432,3491.567804
729.335987,432,3492.895112
673.045611,432,3494.287722
664.006576,432,3495.740852
676.109742,432,3497.133765
742.792859,432,3498.484521
733.154391,432,3499.833915
734.380957,432,3501.373498
665.732044,432,3502.571031
774.699215,432,3503.768615
756.97933,432,3505.156103
744.187111,432,3506.707448
672.286484,432,3507.979455
697.558886,432,3509.255303
621.607242,432,3510.571594
671.948041,432,3511.920355
734.064253,432,3513.233447
714.14229,432,3514.595523
707.755259,432,3516.012902
723.961091,432,3517.449076
579.238853,432,3518.791618
731.447002,432,3520.132513
718.065378,432,3521.503792
715.057873,432,3522.834279
689.934744,432,3524.148998
788.17135,432,3525.495563
708.474065,432,3526.887736
624.134429,432,3528.341931
768.966371,432,3529.682368
694.690491,432,3531.015352
696.977296,432,3532.363794
707.821533,432,3533.692616
674.405689,432,3535.039119
689.393647,432,3536.372663
615.932498,432,3537.801661
754.407135,432,3539.231311
743.196327,432,3540.578891
545.947093,432,3541.935437
655.565624,432,3543.285426
725.259927,432,3544.614281
700.641005,432,3545.940294
697.142803,432,3547.28563
759.548668,432,3548.735203
756.365929,432,3550.165966
639.360325,432,3551.52821
741.557637,432,3552.898042
706.657211,432,3554.257996
673.797942,432,3555.609591
725.090194,432,3556.927925
684.067178,432,3558.265051
646.394404,432,3559.679025
546.392509,432,3561.107162
753.570693,432,3562.45276
713.906161,432,3563.915314
650.953992,432,3565.223449
563.019062,432,3566.401186
738.403551,432,3567.679508
669.612584,432,3569.107608
615.4177,432,3570.513372
519.109274,432,3571.796074
671.849696,432,3573.128626
732.707062,432,3574.433352
706.106606,432,3575.76559
745.494872,432,3577.08092
461.709951,432,3578.404364
690.957668,432,3579.736314
588.658447,432,3581.098927
665.556196,432,3582.554421
708.920254,432,3583.9434
771.843117,432,3585.278535
528.292272,432,3586.626379
654.357611,432,3587.947915
683.867132,432,3589.284696
667.737903,432,3590.6408
740.72625,432,3592.034926
672.92999,432,3593.4865
38.526304,432,3594.816736
688.824066,432,3596.161891
736.872162,432,3597.192555
704.069055,432,3597.813413
741.462025,432,3598.43126
654.437241,432,3599.055692
725.702596,432,3599.674104
646.949043,432,3601.082636
651.214446,432,3602.476776
698.519704,432,3603.907305
702.9694,432,3605.284028
687.598704,432,3606.641142
194.999665,432,3607.960966
742.426998,432,3609.288427
698.075811,432,3610.65444
601.355418,432,3612.052901
746.862786,432,3613.470785
724.416721,432,3614.794813
733.174062,432,3616.126862
592.567494,432,3617.489078
695.490522,432,3618.811167
697.672331,432,3620.132112
735.811967,432,3621.46532
723.77918,432,3622.885619
757.131974,432,3624.365109
750.961934,432,3625.669073
708.185752,432,3627.12906
600.003642,432,3628.390933
727.127031,432,3629.58664
717.494525,432,3630.872098
719.356391,432,3632.315286
724.835091,432,3633.65387
477.085459,432,3634.914857
552.057682,432,3636.201449
708.197667,432,3637.524992
715.81675,432,3638.820062
584.535356,432,3640.119933
673.892108,432,3641.433671
699.897013,432,3642.75078
620.358082,432,3644.14269
628.775241,432,3645.602754
747.972303,432,3647.006372
671.744832,432,3648.358134
587.770198,432,3649.705278
720.396624,432,3651.051396
720.928834,432,3652.363933
571.264814,432,3653.687036
757.941159,432,3655.060456
684.223487,432,3656.49444
722.63128,432,3657.940592
698.934016,432,3659.284184
720.470363,432,3660.644759
690.271731,432,3661.967439
668.216772,432,3663.287949
634.7768,432,3664.659674
710.901951,432,3666.020386
699.965159,432,3667.417193
614.639672,432,3668.744609
699.550228,432,3670.086506
604.334239,432,3671.442049
606.509017,432,3672.761541
685.782252,432,3674.080462
718.34687,432,3675.423167
694.516039,432,3676.80212
614.75851,432,3678.230262
675.098845,432,3679.561792
706.080306,432,3680.899769
663.059635,432,3682.242312
555.823391,432,3683.572996
575.868987,432,3684.927584
617.852335,432,3686.241423
672.57129,432,3687.655195
666.586157,432,3689.095513
625.766576,432,3690.583251
674.407708,432,3691.783092
568.294246,432,3693.050299
68.300423,432,3694.332564
669.38199,432,3695.875673
758.599399,432,3697.081149
680.191499,432,3698.407635
719.09344,432,3699.776791
-91.884659,432,3701.142057
651.80549,432,3702.501132
696.714633,432,3703.83792
711.634057,432,3705.173393
716.626673,432,3706.493634
738.056559,432,3707.818219
660.196444,432,3709.202847
684.932782,432,3710.586241
706.909285,432,3712.00312
697.638062,432,3713.355953
758.455766,432,3714.741458
721.84286,432,3715.774429
746.118554,432,3716.370746
777.96737,432,3716.984114
742.76191,432,3717.61956
606.804564,432,3718.223366
669.318408,432,3719.697357
717.310922,432,3721.153833
11.252908,432,3722.618558
742.057434,432,3723.970719
750.009771,432,3725.3045
682.955252,432,3726.642498
712.579873,432,3727.962612
641.886972,432,3729.352644
737.080028,432,3730.752381
757.469295,432,3732.144909
689.705667,432,3733.523934
685.466221,432,3734.870478
642.016213,432,3736.197932
651.250325,432,3737.519214
669.598599,432,3738.859079
505.753655,432,3740.273347
730.386961,432,3741.726745
685.619616,432,3743.12624
742.125682,432,3744.508579
760.481592,432,3745.845001
541.680541,432,3747.187279
725.114767,432,3748.512604
695.377673,432,3749.837829
627.939933,432,3751.210836
717.418714,432,3752.732041
580.868841,432,3754.102391
765.774418,432,3755.288759
571.838045,432,3756.554425
643.211143,432,3757.913081
700.885524,432,3759.280568
720.824327,432,3760.514511
741.034524,432,3761.877997
700.832778,432,3763.27923
696.290573,432,3764.590339
709.524047,432,3765.915225
630.60109,432,3767.273245
672.419339,432,3768.599033
696.879095,432,3769.917471
631.677321,432,3771.243285
713.385812,432,3772.627385
649.364693,432,3774.06075
606.663098,432,3775.401026
654.668345,432,3776.742013
715.126557,432,3778.101371
609.707167,432,3779.414951
560.503505,432,3780.749648
612.359978,432,3782.07498
720.491952,432,3783.474652
234.696373,432,3784.916563
721.419022,432,3786.279457
597.267571,432,3787.664437
678.838027,432,3789.000606
688.662547,432,3790.325745
651.07484,432,3791.666032
723.106933,432,3792.99626
636.42396,432,3794.401844
677.111172,432,3795.795136
717.062913,432,3797.184423
728.002971,432,3798.53716
756.780881,432,3799.861241
546.578962,432,3801.200557
711.875806,432,3802.525203
702.81619,432,3803.873193
749.171402,432,3805.305731
650.036704,432,3806.680181
694.374039,432,3808.077998
648.962196,432,3809.442532
518.371243,432,3810.781752
745.440436,432,3812.109308
671.673402,432,3813.434089
745.906786,432,3814.79104
723.065283,432,3816.362637
712.494823,432,3817.625989
573.427546,432,3818.929437
700.280868,432,3820.215696
720.109626,432,3821.726061
685.143749,432,3822.938754
686.887627,432,3824.161836
694.71596,432,3825.477795
686.610676,432,3826.857181
670.261771,432,3828.302775
-57.648126,432,3829.639301
725.940755,432,3830.981911
667.643785,432,3832.321134
684.046663,432,3833.648604
750.461377,432,3834.678153
761.368918,432,3835.254986
676.899609,432,3835.842104
734.32097,432,3836.442214
775.664936,432,3837.038189
729.784513,432,3838.478706
728.275255,432,3839.925593
727.882829,432,3841.391199
651.730575,432,3842.76728
735.155425,432,3844.106206
737.792567,432,3845.453647
756.202594,432,3846.816009
594.627729,432,3848.138964
647.228361,432,3849.483391
592.986561,432,3850.809674
729.172153,432,3852.181904
712.352097,432,3853.58679
702.830867,432,3854.977412
143.60361,432,3856.353505
752.867054,432,3857.694315
706.780263,432,3859.020064
679.619314,432,3860.342544
651.88347,432,3861.686598
751.983572,432,3863.08821
722.214007,432,3864.478942
702.108747,432,3865.86133
669.507101,432,3867.197615
683.142454,432,3868.545601
530.959539,432,3869.892212
706.137717,432,3871.209145
735.499659,432,3872.544252
692.027861,432,3873.934947
701.660523,432,3875.353503
670.805338,432,3876.706708
610.338171,432,3878.03826
142.593103,432,3879.555085
733.224718,432,3880.73007
602.682303,432,3881.934373
741.846426,432,3883.225369
706.965771,432,3884.78445
617.451032,432,3886.097125
676.296527,432,3887.299979
663.620614,432,3888.609996
557.116667,432,3889.914071
682.665216,432,3891.227564
749.757166,432,3892.534286
741.567317,432,3893.853878
740.816434,432,3895.232746
518.699577,432,3896.64497
752.663094,432,3898.053734
586.879652,432,3899.402028
743.708869,432,3900.736466
660.260629,432,3902.053727
725.518886,432,3903.391244
652.648361,432,3904.709826
694.874177,432,3906.080855
715.734227,432,3907.473814
716.127052,432,3908.880736
727.943416,432,3910.226894
720.235475,432,3911.574719
680.192587,432,3912.898284
707.905245,432,3914.224522
593.554485,432,3915.602783
672.537292,432,3917.015402
607.558762,432,3918.439606
644.509878,432,3919.779764
684.32013,432,3921.119485
511.207313,432,3922.472951
479.345219,432,3923.820857
12.019968,432,3925.136491
725.471991,432,3926.465376
673.538445,432,3927.893718
726.288247,432,3929.307168
729.246126,432,3930.655598
672.004021,432,3931.992235
722.506912,432,3933.329743
736.088286,432,3934.650739
691.337531,432,3935.96701
727.318736,432,3937.301677
742.276544,432,3938.701956
640.992956,432,3940.130917
613.540514,432,3941.547379
723.33197,432,3942.936956
669.771336,432,3944.160086
726.11544,432,3945.427228
673.510487,432,3946.714595
704.796342,432,3948.181204
732.685338,432,3949.439291
676.044958,432,3950.787252
623.407475,432,3952.127474
703.958535,432,3953.13449
745.697682,432,3953.73324
739.365605,432,3954.321815
748.884457,432,3954.917444
601.014834,432,3955.511853
725.733328,432,3956.9126
652.289056,432,3958.378417
685.403297,432,3959.774781
735.073435,432,3961.17369
728.015988,432,3962.528895
703.259933,432,3963.859806
722.845142,432,3965.200125
679.10398,432,3966.543348
611.10398,432,3967.883783
538.730374,432,3969.265587
673.551283,432,3970.647022
756.138569,432,3972.0575
660.778511,432,3973.420182
566.003975,432,3974.775001
472.095141,432,3976.105066
627.503112,432,3977.450074
722.801674,432,3978.807516
692.670283,432,3980.201849
766.821716,432,3981.602504
731.914426,432,3982.997198
648.689284,432,3984.336874
663.728617,432,3985.713892
672.798456,432,3987.031363
630.981724,432,3988.360644
753.286181,432,3989.698095
707.248642,432,3991.085437
749.928286,432,3992.492757
566.584639,432,3993.920418
650.058149,432,3995.278971
550.282012,432,3996.63421
616.059409,432,3997.958004
549.295859,432,3999.306943
689.478994,432,4000.670101
759.007601,432,4002.051463
668.737536,432,4003.502666
719.113924,432,4004.961573
643.544781,432,4006.27845
742.23233,432,4007.479912
500.087555,432,4008.740648
715.371871,432,4010.144267
681.439181,432,4011.501802
723.669939,432,4012.772054
758.490624,432,4014.191173
706.662491,432,4015.486436
687.419693,432,4016.794696
736.459229,432,4018.136466
700.934611,432,4019.476849
674.612284,432,4020.793115
751.570736,432,4022.125059
729.488399,432,4023.517146
750.722729,432,4024.922304
573.238877,432,4026.300699
582.669413,432,4027.658705
725.50747,432,4028.985833
513.38101,432,4030.300774
747.481714,432,4031.626827
649.139549,432,4032.956394
726.688732,432,4034.33756
762.718118,432,4035.720571
737.433085,432,4037.104699
367.815476,432,4038.448836
659.412709,432,4039.810447
594.113759,432,4041.14096
518.842633,432,4042.46589
767.679163,432,4043.787704
738.223775,432,4045.170889
693.139546,432,4046.573765
593.082564,432,4047.969465
682.698781,432,4049.31816
699.273276,432,4050.657258
732.358983,432,4051.982226
636.487041,432,4053.321773
744.613026,432,4054.653665
639.362892,432,4056.04759
711.658909,432,4057.404602
671.382001,432,4058.771232
628.835963,432,4060.073214
698.249315,432,4061.386514
710.874004,432,4062.70133
754.494935,432,4064.018598
548.526389,432,4065.338474
629.64422,432,4066.764617
741.356631,432,4068.34734
724.85302,432,4069.576786
526.129926,432,4070.780464
727.177671,432,4071.813023
749.646824,432,4072.395567
776.276773,432,4073.148353
738.275179,432,4073.997958
743.74403,432,4074.58072
743.371882,432,4075.909615
629.311431,432,4077.319455
721.725415,432,4078.729176
654.004985,432,4080.125869
747.774001,432,4081.510456
737.992098,432,4082.832973
701.873483,432,4084.166515
676.813344,432,4085.504249
691.947233,432,4086.915249
719.143906,432,4088.354575
559.925321,432,4089.700205
675.748757,432,4091.031874
711.370447,432,4092.391162
741.830727,432,4093.72664
727.388158,432,4095.060354
481.055102,432,4096.383894
743.529433,432,4097.824375
712.799714,432,4099.251891
749.405945,432,4100.591017
647.26344,432,4101.935145
691.35281,432,4103.278909
672.181546,432,4104.635548
763.269232,432,4105.955431
654.723954,432,4107.296904
51.680954,432,4108.718099
761.188351,432,4110.184641
656.000691,432,4111.528229
741.823592,432,4112.878232
671.816526,432,4114.229573
742.942066,432,4115.574493
608.437828,432,4116.905696
770.574134,432,4118.244309
634.843668,432,4119.662047
710.527804,432,4121.105727
725.740296,432,4122.468125
703.421247,432,4123.804822
700.003511,432,4125.156123
711.044556,432,4126.496053
726.97745,432,4127.832703
690.858572,432,4129.192913
647.670924,432,4130.691485
606.808679,432,4132.136728
698.633736,432,4133.321545
613.887326,432,4134.605586
754.8594,432,4136.002835
697.372556,432,4137.400193
676.380489,432,4138.601593
692.635004,432,4139.882512
740.939335,432,4141.237197
707.686402,432,4142.645044
757.193995,432,4144.018461
702.194413,432,4145.340604
181.893932,432,4146.682345
672.398194,432,4148.001108
558.006395,432,4149.342786
699.167004,432,4150.671836
695.517154,432,4152.055477
704.924192,432,4153.462801
706.852481,432,4154.872535
706.183573,432,4156.235645
709.975157,432,4157.619219
724.009496,432,4158.978964
638.017443,432,4160.317826
735.647995,432,4161.66264
704.508447,432,4163.068017
672.017265,432,4164.51994
734.99202,432,4165.909059
668.542867,432,4167.113689
724.421389,432,4168.42033
698.281401,432,4169.741425
648.145317,432,4171.046318
755.979017,432,4172.369701
588.797551,432,4173.823607
748.887865,432,4175.386973
673.148405,432,4176.843693
553.172839,432,4178.095109
684.062667,432,4179.546428
739.595249,432,4180.920733
653.024583,432,4182.197803
612.417943,432,4183.530656
710.459858,432,4184.887384
538.00221,432,4186.273625
666.880066,432,4187.591407
678.467576,432,4188.913722
688.462193,432,4190.258576
764.110484,432,4191.261448
760.091669,432,4191.845371
739.314473,432,4192.455158
753.887591,432,4193.052749
759.327326,432,4193.646768
686.98953,432,4195.04845
723.196724,432,4196.451589
694.326638,432,4197.92942
713.64232,432,4199.325241
694.415313,432,4200.649612
713.233179,432,4201.959481
527.881261,432,4203.276001
674.863231,432,4204.674868
732.732372,432,4206.111091
707.319225,432,4207.43236
724.959091,432,4208.757997
675.402903,432,4210.083323
707.092118,432,4211.407467
670.816213,432,4212.720327
663.236763,432,4214.035772
392.106564,432,4215.451823
521.162826,432,4216.829705
692.892164,432,4218.229019
677.338104,432,4219.583511
700.228878,432,4220.90896
725.1671,432,4222.22934
688.919341,432,4223.550625
703.301538,432,4224.880959
696.487602,432,4226.236008
687.423444,432,4227.602856
715.609741,432,4228.971999
708.329915,432,4230.296089
743.390283,432,4231.643845
723.197957,432,4232.9546
685.99425,432,4234.347508
714.584107,432,4235.55438
34.884231,432,4236.843932
723.558879,432,4238.212492
655.082534,432,4239.664488
662.312167,432,4240.88563
534.308596,432,4242.171849
691.609639,432,4243.477697
708.427548,432,4244.809228
735.42418,432,4246.131105
715.006026,432,4247.52736
720.93028,432,4248.974845
616.618004,432,4250.3507
722.24988,432,4251.7145
640.698438,432,4253.065325
105.517451,432,4254.382818
764.923782,432,4255.691746
688.590665,432,4256.998443
677.855152,432,4258.453038
559.650807,432,4259.920626
719.355948,432,4261.242482
695.862938,432,4262.585479
667.828807,432,4263.901257
631.218126,432,4265.234911
653.521277,432,4266.547443
749.97102,432,4267.861119
714.978218,432,4269.2828
696.789015,432,4270.724378
605.144173,432,4272.121939
682.388395,432,4273.463773
727.877115,432,4274.787446
702.467212,432,4276.114497
642.512211,432,4277.432043
675.57367,432,4278.775167
745.548703,432,4280.13616
600.858921,432,4281.534737
717.572652,432,4282.92401
666.052858,432,4284.249666
687.051896,432,4285.608443
609.842728,432,4286.917556
775.247317,432,4288.227684
708.241015,432,4289.569561
574.989382,432,4290.989594
725.733636,432,4292.444687
642.265877,432,4293.762745
535.31848,432,4295.086022
754.142697,432,4296.429727
632.827627,432,4297.775853
707.10728,432,4298.984472
54.779638,432,4300.281005
677.198769,432,4301.681627
755.564415,432,4303.198123
524.692956,432,4304.468754
711.451161,432,4305.786798
465.337865,432,4307.098209
699.865582,432,4308.400089
753.401171,432,4309.398918
707.220622,432,4309.973815
744.0271,432,4310.566429
762.568727,432,4311.158109
696.935633,432,4311.749558
754.01431,432,4313.16704
734.630446,432,4314.554355
693.81915,432,4315.997229
702.672615,432,4317.432009
763.880902,432,4318.765839
755.024554,432,4320.121547
744.771838,432,4321.467379
699.341328,432,4322.787457
564.408634,432,4324.108067
756.900619,432,4325.445523
680.780729,432,4326.827628
728.275811,432,4328.301591
754.078817,432,4329.646249
710.599963,432,4330.976079
708.451701,432,4332.325647
571.652886,432,4333.650049
761.43475,432,4334.969966
727.869071,432,4336.287449
749.505513,432,4337.698518
754.105207,432,4339.123933
695.359143,432,4340.476508
684.904755,432,4341.7996
707.758234,432,4343.12519
762.821645,432,4344.44022
729.862921,432,4345.752947
746.256075,432,4347.092346
555.296769,432,4348.505359
732.470101,432,4349.889915
668.336493,432,4351.261761
684.375721,432,4352.619337
658.898554,432,4353.95008
744.199988,432,4355.263655
678.934182,432,4356.588485
738.197233,432,4357.9086
675.475406,432,4359.276615
584.517417,432,4360.698268
724.574488,432,4361.957088
650.427133,432,4363.256057
748.461818,432,4364.578176
63.4866,432,4365.921575
648.881619,432,4367.125284
720.187845,432,4368.43293
761.667099,432,4369.811315
695.875962,432,4371.215172
734.902413,432,4372.521778
725.450067,432,4373.845374
722.81279,432,4375.1654
761.793993,432,4376.483945
631.326606,432,4377.799531
710.558654,432,4379.1059
698.193188,432,4380.548716
719.140851,432,4381.973736
765.332651,432,4383.30548
590.126264,432,4384.650102
604.720999,432,4385.972146
747.043309,432,4387.300293
713.346525,432,4388.614775
647.96763,432,4389.925445
700.219177,432,4391.305767
757.702754,432,4392.680396
775.104427,432,4394.048823
753.711252,432,4395.361849
657.525608,432,4396.686512
483.727747,432,4398.000892
744.108317,432,4399.304767
743.051799,432,4400.646988
706.591186,432,4402.017167
749.561545,432,4403.39962
742.771991,432,4404.880597
587.399381,432,4406.202297
589.778289,432,4407.544111
-74.5115,432,4408.848709
699.902204,432,4410.167816
721.494656,432,4411.500908
121.724541,432,4412.896611
751.398805,432,4414.368974
682.391437,432,4415.710668
-29.024578,432,4417.032672
718.382387,432,4418.372791
727.736335,432,4419.674525
755.864598,432,4420.994161
700.553374,432,4422.308338
731.639887,432,4423.727424
681.691469,432,4425.143245
390.808542,432,4426.463998
726.214943,432,4427.50022
737.023972,432,4428.112769
753.876642,432,4428.758883
744.27405,432,4429.359318
652.647689,432,4429.951232
585.184308,432,4431.335363
767.319214,432,4432.782954
690.540106,432,4434.245991
737.489473,432,4435.596294
695.94057,432,4436.925326
751.911758,432,4438.269239
622.22203,432,4439.581173
662.354896,432,4440.891031
684.445217,432,4442.21531
693.833856,432,4443.60858
596.073723,432,4445.007886
673.542417,432,4446.33823
690.868144,432,4447.663035
680.202514,432,4449.005922
754.416382,432,4450.316936
728.647304,432,4451.616779
660.560578,432,4452.930156
706.003444,432,4454.329287
761.558147,432,4455.711423
747.235441,432,4457.075762
676.811527,432,4458.413766
738.242379,432,4459.762954
717.735914,432,4461.146157
736.337174,432,4462.514612
757.893376,432,4463.846721
453.704611,432,4465.215228
726.405276,432,4466.563596
742.490236,432,4467.923918
742.853094,432,4469.25322
577.394189,432,4470.573352
712.231466,432,4471.883046
551.063483,432,4473.184813
742.360967,432,4474.514237
744.108827,432,4475.892349
615.595107,432,4477.332935
559.121154,432,4478.656645
10.239921,432,4479.965997
701.793463,432,4481.288538
712.060436,432,4482.605765
714.252706,432,4483.908543
546.413439,432,4485.217381
674.476697,432,4486.584066
751.199027,432,4487.986252
729.758784,432,4489.30851
729.138752,432,4490.640776
-299.329647,432,4492.004707
703.882558,432,4493.197944
724.393644,432,4494.454811
633.880586,432,4495.769286
736.748616,432,4497.154709
702.309329,432,4498.530397
662.885906,432,4499.952359
736.08532,432,4501.274794
589.309777,432,4502.619214
741.413999,432,4503.919217
719.725766,432,4505.221892
592.146921,432,4506.556945
686.149963,432,4507.954972
664.186645,432,4509.37074
716.18693,432,4510.696985
750.983087,432,4512.020122
724.562819,432,4513.349308
76.221646,432,4514.662855
728.323501,432,4515.983535
767.981832,432,4517.30819
-46.664251,432,4518.681715
760.127296,432,4520.164866
553.454573,432,4521.489609
707.111952,432,4522.817804
730.896191,432,4524.150003
704.189825,432,4525.461211
748.015958,432,4526.765579
641.432187,432,4528.074024
722.828171,432,4529.468349
568.466307,432,4530.891378
86.230883,432,4532.236725
682.086614,432,4533.571525
573.406905,432,4534.877781
676.940944,432,4536.200291
711.819063,432,4537.504092
608.924127,432,4538.813657
487.13102,432,4540.218001
731.092657,432,4541.633522
635.736954,432,4543.013658
728.538566,432,4544.332059
673.471876,432,4545.351264
713.046262,432,4545.933196
766.962077,432,4546.522416
598.428049,432,4547.115047
747.277794,432,4547.708592
342.537142,432,4549.103619
756.066961,432,4550.581213
732.503358,432,4552.018706
747.83951,432,4553.347291
687.536244,432,4554.745336
698.474914,432,4555.938871
768.859794,432,4557.188113
671.570486,432,4558.548985
743.818648,432,4559.988343
693.751674,432,4561.401376
682.597456,432,4562.723064
711.903136,432,4564.049887
721.173249,432,4565.376883
753.855273,432,4566.677887
627.16497,432,4567.990297
688.003001,432,4569.324946
720.899236,432,4570.768603
766.079881,432,4572.19814
673.893825,432,4573.528371
689.323465,432,4574.845874
718.759281,432,4576.174792
744.945688,432,4577.506359
688.907958,432,4578.840085
702.124087,432,4580.154093
742.10754,432,4581.548099
687.315178,432,4582.994578
636.282008,432,4584.334494
658.351687,432,4585.652349
728.527939,432,4586.98288
753.852016,432,4588.286389
743.239434,432,4589.589338
672.208229,432,4590.912626
692.970777,432,4592.289332
708.326549,432,4593.691341
669.313027,432,4595.058095
679.164771,432,4596.399871
645.452224,432,4597.741135
730.647169,432,4599.051745
650.768971,432,4600.361994
690.685601,432,4601.671388
618.372055,432,4603.01858
727.0483,432,4604.382327
646.95152,432,4605.768954
724.675962,432,4607.083258
703.569516,432,4608.413278
689.877938,432,4609.715096
682.971092,432,4611.061646
66.471183,432,4612.426825
705.230591,432,4613.834938
718.484398,432,4615.269728
686.947597,432,4616.595077
740.711059,432,4618.028099
572.709072,432,4619.328526
752.873324,432,4620.607758
669.688887,432,4621.894053
660.684416,432,4623.210651
572.606791,432,4624.607454
453.776602,432,4626.026003
650.990225,432,4627.33674
740.989437,432,4628.66341
695.516621,432,4629.986767
709.800017,432,4631.308828
588.417769,432,4632.618052
638.739794,432,4633.932981
759.20057,432,4635.322158
737.440266,432,4636.705042
597.716579,432,4638.090082
664.205325,432,4639.410389
656.831342,432,4640.732435
624.092267,432,4642.037346
717.098529,432,4643.341134
730.561457,432,4644.675786
601.572446,432,4646.029151
742.518998,432,4647.422078
650.117257,432,4648.798132
765.127051,432,4650.11597
762.313785,432,4651.456917
740.942557,432,4652.764661
721.998714,432,4654.066179
709.834094,432,4655.38051
725.451734,432,4656.818905
716.784142,432,4658.252939
743.2305,432,4659.576263
161.931078,432,4660.891872
752.023886,432,4662.234734
756.950253,432,4663.249271
747.490499,432,4663.818521
759.858946,432,4664.390987
776.668002,432,4664.982226
732.5229,432,4665.578559
693.207074,432,4666.972102
717.563086,432,4668.341391
460.191839,432,4669.77027
717.169438,432,4671.164559
604.250998,432,4672.487687
696.147033,432,4673.792171
753.329628,432,4675.127272
551.99462,432,4676.575267
659.95652,432,4678.012589
64.632908,432,4679.347922
719.644871,432,4680.719289
748.110345,432,4682.038538
673.679949,432,4683.308643
131.64124,432,4684.594601
751.312328,432,4685.909057
708.565987,432,4687.250175
703.442851,432,4688.628234
678.946639,432,4690.000252
713.285028,432,4691.322322
646.142697,432,4692.668031
694.279602,432,4693.979134
660.046494,432,4695.28219
719.196511,432,4696.612741
651.6309,432,4698.002665
236.942571,432,4699.410998
736.576028,432,4700.715841
159.259957,432,4702.040446
741.15404,432,4703.372141
545.008082,432,4704.707916
644.989391,432,4706.030001
-70.364348,432,4707.341015
702.756539,432,4708.756726
628.11418,432,4710.218749
-127.844564,432,4711.532145
654.920139,432,4712.857468
-85.583599,432,4714.183324
684.750456,432,4715.494015
549.390358,432,4716.802249
508.955216,432,4718.110665
757.597803,432,4719.483342
598.155792,432,4720.831059
639.514256,432,4722.191275
105.501558,432,4723.530748
674.824862,432,4724.845549
735.838474,432,4726.179478
741.603143,432,4727.490634
732.44218,432,4728.834957
653.399858,432,4730.209897
697.362705,432,4731.587646
655.794977,432,4732.977682
662.855766,432,4734.282675
737.560482,432,4735.606241
510.964571,432,4736.910459
642.381867,432,4738.234493
-92.805838,432,4739.574087
726.792272,432,4740.921338
672.393418,432,4742.314502
691.563539,432,4743.663891
48.24598,432,4744.961448
735.113266,432,4746.229568
700.646445,432,4747.531867
716.553149,432,4748.852629
706.846915,432,4750.175492
775.114286,432,4751.559503
720.157289,432,4752.962678
683.172788,432,4754.335674
743.018971,432,4755.665508
738.483746,432,4756.992545
695.522485,432,4758.303391
709.656213,432,4759.632403
728.33414,432,4760.949539
568.221955,432,4762.371638
702.855429,432,4763.765981
598.830874,432,4765.134745
495.508232,432,4766.481017
597.965199,432,4767.804795
687.316569,432,4769.119793
758.229175,432,4770.434212
712.804885,432,4771.746542
703.976374,432,4773.136556
737.48361,432,4774.506273
725.245593,432,4775.886746
769.66407,432,4777.202297
633.94502,432,4778.535696
731.810624,432,4779.86823
665.18069,432,4780.870893
747.212818,432,4781.450866
746.664538,432,4782.040369
725.772201,432,4782.634269
582.92046,432,4783.227679
587.513353,432,4784.707182
741.85856,432,4786.174133
544.479641,432,4787.619044
732.85804,432,4788.959736
715.852049,432,4790.289359
734.572746,432,4791.624633
692.91373,432,4792.93049
568.670559,432,4794.259329
717.428058,432,4795.572526
675.120771,432,4796.892626
699.072378,432,4798.286171
752.605706,432,4799.708324
738.091414,432,4801.119146
722.639565,432,4802.490435
743.487385,432,4803.697808
731.432909,432,4804.992479
738.541584,432,4806.289131
604.667815,432,4807.728316
679.077529,432,4808.987213
706.782597,432,4810.372095
617.762433,432,4811.694705
683.649824,432,4813.029623
548.321132,432,4814.395041
674.442234,432,4815.724312
704.147619,432,4817.050802
768.260184,432,4818.381399
683.101436,432,4819.754269
673.554981,432,4821.166119
603.662925,432,4822.487315
706.84189,432,4823.824148
723.677771,432,4825.17186
733.598092,432,4826.48816
691.643752,432,4827.811077
702.344334,432,4829.128116
688.228467,432,4830.493932
731.744129,432,4831.899448
724.686708,432,4833.271841
638.263051,432,4834.642862
642.419929,432,4835.948282
727.630272,432,4837.291639
707.944509,432,4838.680335
705.511509,432,4840.013499
682.075848,432,4841.418538
748.69403,432,4842.825369
717.392482,432,4844.203831
727.754315,432,4845.535743
745.002993,432,4846.85442
696.027949,432,4848.186901
741.224598,432,4849.507625
715.178429,432,4850.828449
719.237288,432,4852.193797
692.420007,432,4853.619063
695.077674,432,4855.038667
690.13367,432,4856.386848
751.349475,432,4857.747895
741.296428,432,4859.068251
695.3442,432,4860.392164
638.712893,432,4861.737732
678.551763,432,4863.118548
685.054295,432,4864.561525
751.516016,432,4865.97476
693.094154,432,4867.254408
694.666313,432,4868.57758
689.752156,432,4869.924646
677.517787,432,4871.192524
734.905148,432,4872.459404
710.804203,432,4873.841708
737.178792,432,4875.325882
767.085281,432,4876.641297
699.739528,432,4877.975187
696.42085,432,4879.310044
737.053983,432,4880.619991
723.681833,432,4881.939008
487.229032,432,4883.269892
700.96452,432,4884.652143
712.584499,432,4886.101761
742.269269,432,4887.423012
731.120554,432,4888.746408
739.904014,432,4890.071659
731.10005,432,4891.387691
720.098666,432,4892.695731
756.279466,432,4893.999273
678.844199,432,4895.3766
673.538271,432,4896.738982
752.446104,432,4898.112905
735.132882,432,4899.131187
606.464799,432,4899.73876
716.748294,432,4900.317669
697.261201,432,4900.9147
769.387073,432,4901.509676
735.563977,432,4902.91879
632.078231,432,4904.313656
2.185731,432,4905.686735
697.979844,432,4907.064173
740.95938,432,4908.393391
587.236914,432,4909.730542
95.949001,432,4911.057857
706.067925,432,4912.377378
602.043971,432,4913.702511
727.396573,432,4915.105419
560.632072,432,4916.492877
659.347816,432,4917.893505
576.071742,432,4919.245014
690.53336,432,4920.581835
673.42265,432,4921.888031
718.376978,432,4923.217828
712.797346,432,4924.554548
697.664975,432,4925.930066
710.434212,432,4927.334442
707.778662,432,4928.649313
598.419346,432,4929.892679
721.593955,432,4931.204212
578.136958,432,4932.503288
748.74743,432,4933.815524
639.342575,432,4935.034243
759.436068,432,4936.405993
720.141324,432,4937.779623
739.887793,432,4939.144554
654.210747,432,4940.486629
685.139532,432,4941.819697
691.466643,432,4943.148947
670.018585,432,4944.465377
695.441755,432,4945.777567
745.338742,432,4947.17977
742.999838,432,4948.553885
757.017121,432,4949.950073
626.940439,432,4951.278477
641.045513,432,4952.619881
685.554219,432,4953.940174
710.388534,432,4955.252773
725.349832,432,4956.621562
664.45586,432,4958.03036
658.588363,432,4959.504806
711.919462,432,4960.822065
686.39032,432,4962.147773
710.2737,432,4963.509225
669.141649,432,4964.826675
691.331003,432,4966.139053
706.146388,432,4967.471748
702.744477,432,4968.852922
737.207461,432,4970.343795
694.267477,432,4971.67252
286.083992,432,4973.003335
737.2231,432,4974.333653
697.657903,432,4975.654379
747.923484,432,4976.979984
675.488332,432,4978.333916
719.170195,432,4979.799412
699.142433,432,4981.223793
691.691317,432,4982.539601
697.730993,432,4983.873853
728.261132,432,4985.219559
661.320259,432,4986.530119
412.854159,432,4987.837154
736.858376,432,4989.151804
764.515188,432,4990.570309
725.634353,432,4992.019843
747.903676,432,4993.29642
728.046758,432,4994.602336
722.736324,432,4995.930955
734.62911,432,4997.222844
713.901316,432,4998.453152
667.438915,432,4999.763736
575.044138,432,5001.116487
660.385867,432,5002.584319
686.919909,432,5004.241498
687.121952,432,5005.770799
708.062058,432,5007.123133
730.99891,432,5008.459409
697.692958,432,5009.780025
724.587328,432,5011.116912
739.649853,432,5012.511476
766.288418,432,5013.931715
669.14538,432,5015.285968
647.463669,432,5016.637777
734.412733,432,5017.655237
743.370934,432,5018.247863
695.964406,432,5018.872765
734.533652,432,5019.467559
740.579548,432,5020.08018
705.095176,432,5021.51119
752.114896,432,5022.92247
770.251824,432,5024.351608
728.950141,432,5025.709563
517.529709,432,5027.047844
513.29465,432,5028.360648
139.440536,432,5029.671946
626.165822,432,5030.986161
703.469405,432,5032.374854
694.047186,432,5033.767739
728.586182,432,5035.149615
730.922324,432,5036.489371
746.875297,432,5037.828506
745.259855,432,5039.156106
746.602413,432,5040.469054
684.382151,432,5041.793757
738.814474,432,5043.16646
709.259495,432,5044.568397
731.166555,432,5045.973594
719.005107,432,5047.307949
702.311514,432,5048.643899
140.344214,432,5049.961442
712.656234,432,5051.26936
102.604381,432,5052.619263
745.805948,432,5054.048906
672.696672,432,5055.432362
680.094907,432,5056.69861
720.249601,432,5057.992456
645.07843,432,5059.367876
722.052125,432,5060.584921
540.749167,432,5061.852197
637.849358,432,5063.172412
430.810738,432,5064.568229
627.326942,432,5066.015327
-46.176048,432,5067.333207
700.487575,432,5068.651119
683.17494,432,5069.984763
696.541389,432,5071.296293
566.862956,432,5072.620158
484.125756,432,5073.934289
748.389228,432,5075.306786
707.736099,432,5076.689069
611.031186,432,5078.063018
745.521958,432,5079.420649
688.262973,432,5080.760483
721.933738,432,5082.07422
704.637483,432,5083.384617
558.322509,432,5084.697659
731.785375,432,5086.093007
733.336074,432,5087.481838
723.512312,432,5088.875163
698.554401,432,5090.204585
676.569502,432,5091.53784
709.409381,432,5092.871645
709.324985,432,5094.18681
665.882892,432,5095.522244
45.003331,432,5096.952748
688.946402,432,5098.384736
582.560127,432,5099.725662
585.49777,432,5101.051841
725.638614,432,5102.400829
532.525212,432,5103.712718
748.205059,432,5105.018366
657.010348,432,5106.352914
744.160957,432,5107.734928
739.0073,432,5109.137686
696.551397,432,5110.49094
694.820699,432,5111.842617
677.378546,432,5113.186786
139.846904,432,5114.499981
679.224502,432,5115.806938
181.492173,432,5117.164755
711.167985,432,5118.438409
724.024284,432,5119.842067
659.00057,432,5121.186352
-158.305266,432,5122.58715
694.660688,432,5123.800962
718.222094,432,5125.069219
649.663276,432,5126.387585
731.50141,432,5127.698014
703.839394,432,5129.074963
738.071551,432,5130.498559
688.610685,432,5131.897783
721.079618,432,5133.249629
532.853461,432,5134.589716
572.281615,432,5135.594128
614.563124,432,5136.171531
641.424325,432,5136.745016
736.533682,432,5137.340078
702.911719,432,5137.93315
631.594562,432,5139.340009
702.224949,432,5140.779843
699.493837,432,5142.206213
693.39505,432,5143.554544
739.087968,432,5144.866997
586.248542,432,5146.17312
690.599453,432,5147.534318
750.09266,432,5148.939326
622.590675,432,5150.370119
667.049128,432,5151.688993
713.829643,432,5153.028986
653.978257,432,5154.368652
697.339546,432,5155.680967
715.921065,432,5156.987481
741.86244,432,5158.326038
548.392843,432,5159.690379
723.508139,432,5161.116954
682.324847,432,5162.460338
740.149646,432,5163.786745
670.08614,432,5165.129142
732.529215,432,5166.450457
738.152189,432,5167.793404
720.531055,432,5169.119238
753.278207,432,5170.503791
713.278263,432,5171.921929
748.089993,432,5173.263776
693.146044,432,5174.634308
672.996924,432,5175.958643
650.35815,432,5177.284538
733.62545,432,5178.602814
748.189003,432,5179.983929
715.589994,432,5181.294158
681.514489,432,5182.659708
665.358418,432,5184.037419
718.230201,432,5185.433869
689.256149,432,5186.690308
726.76588,432,5187.943188
499.750344,432,5189.246122
706.780471,432,5190.587138
711.733133,432,5192.011873
711.994981,432,5193.442156
704.194864,432,5194.791717
657.335606,432,5196.117917
729.970762,432,5197.447802
720.428754,432,5198.762116
667.127589,432,5200.072865
742.311407,432,5201.411905
718.026886,432,5202.789043
747.307863,432,5204.189096
749.154732,432,5205.521872
552.882929,432,5206.850473
-14.090907,432,5208.18143
733.275956,432,5209.498167
701.482279,432,5210.810784
749.268193,432,5212.131307
712.599926,432,5213.570448
565.029191,432,5215.023136
607.002184,432,5216.352029
722.791147,432,5217.693626
671.025628,432,5219.019202
668.638192,432,5220.350104
754.873641,432,5221.675041
755.123043,432,5222.989047
669.263838,432,5224.342107
690.460476,432,5225.700522
177.414091,432,5227.075736
623.428062,432,5228.432299
738.968832,432,5229.766377
584.131143,432,5231.080914
755.716674,432,5232.391141
728.120828,432,5233.707964
694.890858,432,5235.09529
672.819633,432,5236.509647
222.435607,432,5237.899806
692.815996,432,5239.242829
727.337161,432,5240.580959
652.864567,432,5241.921923
688.760328,432,5243.306964
739.474909,432,5244.518705
747.957185,432,5245.843975
777.164168,432,5247.180973
570.547793,432,5248.68677
705.211668,432,5249.909941
721.243219,432,5251.186604
742.480397,432,5252.499089
775.678489,432,5253.525357
757.598786,432,5254.092606
771.97422,432,5254.667937
787.001677,432,5255.259511
782.431024,432,5255.852539
698.128013,432,5257.285082
695.432747,432,5258.63903
687.517792,432,5260.032517
699.405414,432,5261.441388
617.359351,432,5262.783548
721.694451,432,5264.10086
710.676196,432,5265.419135
625.034622,432,5266.731524
597.013753,432,5268.047477
750.045831,432,5269.38375
717.847323,432,5270.772277
713.421657,432,5272.186899
635.231488,432,5273.497719
672.835379,432,5274.829387
775.891387,432,5276.175075
679.417057,432,5277.522045
753.159797,432,5278.83675
736.322377,432,5280.169602
751.549671,432,5281.592625
745.841483,432,5283.042066
760.459463,432,5284.373044
602.585937,432,5285.693845
719.071574,432,5287.029984
634.570845,432,5288.342077
602.454647,432,5289.669462
596.864239,432,5290.983227
643.187817,432,5292.334748
176.872971,432,5293.732399
750.094441,432,5295.109805
707.850399,432,5296.454365
751.796392,432,5297.778649
687.149482,432,5299.089095
588.640749,432,5300.40287
121.379341,432,5301.711934
