,mean_episode_rewards,std_episode_rewards,episodes,Q_values_policy,Q_values_target,steps,action_randomness
0,-1.5062267505291067,1.7990030034076225,0,1.300751805305481,0.5156266689300537,288.0,0.96875
1,-1.661764094681291,1.5335790660465916,1,1.0488712787628174,0.3604488968849182,288.0,0.9444444444444444
2,-1.4691041150817994,1.74498452811101,2,1.1642751693725586,0.35314881801605225,288.0,0.9444444444444444
3,-1.8946565342318555,1.486158181514543,3,1.1018025875091553,0.49013787508010864,288.0,0.9548611111111112
4,-1.9636380976214147,1.4287080199253186,4,1.0907829999923706,0.5745062828063965,288.0,0.9548611111111112
5,-1.183279390820371,1.830791048647496,5,1.4433834552764893,0.7713174819946289,288.0,0.9618055555555556
6,-1.5861994602272664,1.7365868769615063,6,1.5533006191253662,0.8494125604629517,288.0,0.9479166666666666
7,-1.69940048306045,1.4597478037189189,7,1.6267945766448975,0.9949394464492798,288.0,0.9652777777777778
8,-1.8170546060397201,1.590670185867554,8,1.5936920642852783,1.0641663074493408,288.0,0.9375
9,-1.9157179888575204,1.5070764783890545,9,1.8184685707092285,1.212339162826538,288.0,0.9479166666666666
10,-1.5433201603597715,1.7560241916913408,10,1.8926799297332764,1.299911379814148,288.0,0.9409722222222222
11,-1.7988738185760829,1.5603219640542225,11,2.0862314701080322,1.5073009729385376,288.0,0.9305555555555556
12,-1.290353544630136,1.800539248113358,12,2.349088191986084,1.6430306434631348,288.0,0.9513888888888888
13,-2.080237584963866,1.4062049081450856,13,2.3925318717956543,1.704968810081482,288.0,0.9236111111111112
14,-1.254291145523891,1.7985763014146876,14,2.752803325653076,2.028958320617676,288.0,0.9409722222222222
15,-1.86853234650486,1.4820572076117657,15,2.7340900897979736,2.038555145263672,288.0,0.9305555555555556
16,-1.341375892238855,1.7500559572655758,16,2.9891817569732666,2.310901165008545,288.0,0.9479166666666666
17,-1.4262278745004968,1.7108982208067323,17,3.1577024459838867,2.4832777976989746,288.0,0.8854166666666666
18,-1.8204643429162348,1.4237428833314174,18,3.3283047676086426,2.7316737174987793,288.0,0.9409722222222222
19,-1.8029483263130872,1.4503097237594162,19,3.085181474685669,2.635277032852173,288.0,0.9305555555555556
20,-1.8612277850086443,1.44760992239421,20,3.708674907684326,3.121579170227051,288.0,0.9340277777777778
21,-1.529270868901867,1.6452319655200807,21,3.538412570953369,2.9351718425750732,288.0,0.9270833333333334
22,-1.5760908205539161,1.6170011244110998,22,3.694183826446533,3.1125876903533936,288.0,0.9444444444444444
23,-1.7645573789669042,1.4963541737510169,23,4.015064239501953,3.3672573566436768,288.0,0.9236111111111112
24,-0.9408039021002581,1.8898427727006486,24,4.030566215515137,3.3893141746520996,288.0,0.9340277777777778
25,-1.801675736529833,1.5897534346961362,25,4.254212856292725,3.7424981594085693,288.0,0.9340277777777778
26,-1.0726340813784663,1.9680734303748244,26,4.668054580688477,3.9747443199157715,288.0,0.9479166666666666
27,-1.3783595124942758,1.7448389411999128,27,4.788924694061279,3.965829849243164,288.0,0.9201388888888888
28,-1.712888155815566,1.6146371981654795,28,4.636702060699463,4.037164211273193,288.0,0.90625
29,-1.4985905428542112,1.7202361842693603,29,5.025515556335449,4.241701602935791,288.0,0.9340277777777778
30,-1.732761322421378,1.4714236167411636,30,5.116336822509766,4.444570541381836,288.0,0.8993055555555556
31,-1.764305739216316,1.5900281352758843,31,5.478743076324463,4.719289779663086,288.0,0.9583333333333334
32,-1.5570679892956594,1.5907071313135301,32,5.900668144226074,5.078824996948242,288.0,0.9027777777777778
33,-1.7130215594346605,1.5149698132176013,33,5.759136199951172,5.047563552856445,288.0,0.8993055555555556
34,-1.817138270557678,1.4547315569498553,34,5.943711757659912,5.170632839202881,288.0,0.9305555555555556
35,-1.3081310646060365,1.8014537238977784,35,5.844812393188477,5.141815662384033,288.0,0.9236111111111112
36,-1.795272248903794,1.4736213750386915,36,6.439157962799072,5.65205192565918,288.0,0.8993055555555556
37,-1.3615066118677805,1.6525035875772873,37,6.216450214385986,5.547767639160156,288.0,0.9270833333333334
38,-1.727296405051516,1.5633527904688083,38,6.564807891845703,5.876308441162109,288.0,0.9236111111111112
39,-1.4742658877827033,1.6396853228278738,39,6.733517646789551,6.061988830566406,288.0,0.9270833333333334
40,-1.7217128290272619,1.5365914939770562,40,6.897885322570801,6.334994316101074,288.0,0.9097222222222222
41,-1.375975070946136,1.8756381350520468,41,7.1475725173950195,6.468303680419922,288.0,0.9270833333333334
42,-1.3594625475002802,1.7961436423249721,42,7.349815368652344,6.612001419067383,288.0,0.9097222222222222
43,-1.2894837963392216,1.742793436196991,43,7.204756736755371,6.466541290283203,288.0,0.9027777777777778
44,-1.7452118979397016,1.4989813726696806,44,8.076662063598633,7.230316162109375,288.0,0.9236111111111112
45,-1.5365079818001637,1.6355575719156827,45,7.9745283126831055,7.1963701248168945,288.0,0.9305555555555556
46,-1.1670636455655152,1.7013794244562093,46,8.263094902038574,7.439937591552734,288.0,0.8680555555555556
47,-1.4625935209133984,1.4969815005695613,47,8.39417839050293,7.555931091308594,288.0,0.9027777777777778
48,-1.4533914254664273,1.6615086023873509,48,8.64393424987793,7.802003383636475,288.0,0.9340277777777778
49,-1.489707546865753,1.628661608046556,49,8.609857559204102,7.823063373565674,288.0,0.8888888888888888
50,-1.5403176125733233,1.4355690898003146,50,9.188161849975586,8.311767578125,288.0,0.9027777777777778
51,-1.6295410013656992,1.6862267130397837,51,9.660067558288574,8.713325500488281,288.0,0.9375
52,-1.7112508339081325,1.483579200899211,52,9.899971961975098,9.000030517578125,288.0,0.875
53,-1.7985521508175522,1.476047512051611,53,9.72275161743164,8.923616409301758,288.0,0.9201388888888888
54,-1.3228875487226024,1.7899825769734476,54,10.068458557128906,9.146560668945312,288.0,0.9131944444444444
55,-1.6968883774238552,1.5072077481464368,55,10.564828872680664,9.722131729125977,288.0,0.8958333333333334
56,-1.227003076435378,1.844822961567436,56,10.36996078491211,9.561502456665039,288.0,0.8993055555555556
57,-1.714552379086192,1.5056467266544478,57,11.186616897583008,10.199877738952637,288.0,0.8958333333333334
58,-1.451121861636648,1.660236350211817,58,11.085139274597168,10.140300750732422,288.0,0.8923611111111112
59,-1.244414621243724,1.7359337604685994,59,11.049409866333008,10.140284538269043,288.0,0.8854166666666666
60,-1.3867745607902444,1.6859492971993137,60,11.422168731689453,10.574860572814941,288.0,0.9027777777777778
61,-0.9297096214527705,1.8776959290254913,61,11.73898983001709,10.813514709472656,288.0,0.8784722222222222
62,-1.1627628700560622,1.871037788116192,62,12.550907135009766,11.672266006469727,288.0,0.9201388888888888
63,-1.224833694342139,1.7278086803742816,63,12.34280014038086,11.430906295776367,288.0,0.8993055555555556
64,-1.827148098860501,1.4275746489235916,64,12.878450393676758,11.968442916870117,288.0,0.8958333333333334
65,-1.6995638757544436,1.6216932227021053,65,13.256574630737305,12.271197319030762,288.0,0.9097222222222222
66,-1.1966550221746735,1.8064828248332174,66,13.043086051940918,12.11411190032959,288.0,0.9027777777777778
67,-1.628084821826049,1.5988420124495446,67,13.527217864990234,12.65627670288086,288.0,0.9236111111111112
68,-1.6962811681643053,1.6503062815556089,68,13.811759948730469,12.829307556152344,288.0,0.8784722222222222
69,-1.6354548981095616,1.6047806656602353,69,14.723617553710938,13.606010437011719,288.0,0.8784722222222222
70,-1.8119290273653346,1.4689885725040919,70,14.126041412353516,13.119726181030273,288.0,0.8854166666666666
71,-1.5460654271036185,1.5685788228645559,71,15.32491397857666,14.255871772766113,288.0,0.9027777777777778
72,-1.584232781736423,1.7011192445094536,72,15.242634773254395,14.129405975341797,288.0,0.8819444444444444
73,-1.4796081102252172,1.6003717790694587,73,15.835224151611328,14.657007217407227,288.0,0.8715277777777778
74,-1.204107853202885,1.840119344756793,74,16.007427215576172,14.818992614746094,288.0,0.8472222222222222
75,-1.420001023836926,1.522727936886132,75,16.607624053955078,15.403838157653809,288.0,0.8680555555555556
76,-1.3832310791886389,1.695603322398284,76,17.084875106811523,15.884451866149902,288.0,0.8923611111111112
77,-1.8574099431881845,1.511758490824269,77,17.39873504638672,16.248504638671875,288.0,0.9236111111111112
78,-1.1619542024965346,1.8249384422455073,78,17.859952926635742,16.493942260742188,288.0,0.8784722222222222
79,-1.5750255951785408,1.5567180228987105,79,18.016063690185547,16.78729248046875,288.0,0.8611111111111112
80,-1.629527341943003,1.4939025095134573,80,17.58843231201172,16.320125579833984,288.0,0.875
81,-1.6117939606957317,1.6210043585861726,81,17.94047737121582,16.61434555053711,288.0,0.8888888888888888
82,-1.621133279302597,1.5397096404658086,82,18.55370330810547,17.32767105102539,288.0,0.8923611111111112
83,-1.7845915250348128,1.5060618805752553,83,18.83855438232422,17.591886520385742,288.0,0.8819444444444444
84,-1.64518296881747,1.5418837059422408,84,19.770648956298828,18.533811569213867,288.0,0.8888888888888888
85,-1.5458185662336983,1.6196396556250792,85,20.10594940185547,18.781980514526367,288.0,0.8715277777777778
86,-1.5370549873602033,1.553686831358077,86,20.244096755981445,18.8756160736084,288.0,0.8854166666666666
87,-1.4014245482155812,1.7143228107531443,87,20.191564559936523,18.896785736083984,288.0,0.8819444444444444
88,-1.6130859376017026,1.4796724025616568,88,21.136959075927734,19.831924438476562,288.0,0.8680555555555556
89,-1.2955297635883207,1.7978975266492458,89,21.306699752807617,19.954511642456055,288.0,0.8888888888888888
90,-1.5976593462860142,1.5145861095589148,90,21.989906311035156,20.62373924255371,288.0,0.8576388888888888
91,-1.7280067668718055,1.4843495673705434,91,22.037256240844727,20.691884994506836,288.0,0.8854166666666666
92,-1.754386833265066,1.548021931767084,92,22.048118591308594,20.644922256469727,288.0,0.8784722222222222
93,-1.5348405207415938,1.5246910295814768,93,22.726272583007812,21.34518814086914,288.0,0.8784722222222222
94,-1.2667168401804103,1.68038969491329,94,23.025684356689453,21.595149993896484,288.0,0.8854166666666666
95,-1.7095220895189525,1.6005912428936415,95,23.418292999267578,22.00743293762207,288.0,0.875
96,-1.5323789631956606,1.5263084058312726,96,24.415857315063477,22.996673583984375,288.0,0.8576388888888888
97,-1.4979930667897767,1.5256213395860276,97,23.766895294189453,22.305204391479492,288.0,0.8402777777777778
98,-1.300593545907084,1.756725932299773,98,24.853084564208984,23.351669311523438,288.0,0.8472222222222222
99,-1.167816180305396,1.7904681909093125,99,24.70099639892578,23.101917266845703,288.0,0.8645833333333334
100,-1.0958350983844096,1.8341376891786603,100,25.922080993652344,24.242725372314453,288.0,0.8541666666666666
101,-1.4750531024094802,1.528279903235253,101,26.761507034301758,25.113168716430664,288.0,0.8680555555555556
102,-1.4605097747559763,1.518184275654914,102,26.607013702392578,24.884571075439453,288.0,0.8402777777777778
103,-1.3068909790988061,1.675287549699276,103,27.58985137939453,25.898605346679688,288.0,0.84375
104,-1.469060287532488,1.6182742270681267,104,28.936912536621094,27.169696807861328,288.0,0.8472222222222222
105,-1.336589110224798,1.546303786455068,105,29.390941619873047,27.429397583007812,288.0,0.8055555555555556
106,-1.6197548148341647,1.6064252869760238,106,29.464134216308594,27.572696685791016,288.0,0.8506944444444444
107,-1.111849437383622,1.7025936828138428,107,30.311405181884766,28.367530822753906,288.0,0.8611111111111112
108,-1.2189284350773977,1.712408331604943,108,31.0865421295166,29.04608726501465,288.0,0.8645833333333334
109,-1.6096853887997533,1.5799383595626977,109,30.56604766845703,28.4151554107666,288.0,0.8506944444444444
110,-1.623867164753683,1.454147227633518,110,32.782196044921875,30.448240280151367,288.0,0.8715277777777778
111,-1.3014850973804635,1.7633114238948138,111,32.642303466796875,30.39761734008789,288.0,0.875
112,-1.5450914519819616,1.3733594641470113,112,34.047340393066406,31.901206970214844,288.0,0.8333333333333334
113,-0.9057383874599455,1.8625518372303351,113,34.701576232910156,32.260902404785156,288.0,0.8263888888888888
114,-1.2684349655183051,1.6743881770799744,114,34.28142547607422,31.83898162841797,288.0,0.84375
115,-1.6003745400626765,1.5234110417490556,115,37.028656005859375,34.535118103027344,288.0,0.8645833333333334
116,-1.2853871212755874,1.680604360385338,116,35.081546783447266,32.6813850402832,288.0,0.8611111111111112
117,-1.298325304636852,1.813096200477179,117,35.95249557495117,33.48912811279297,288.0,0.8298611111111112
118,-1.483807858078663,1.5621909224499158,118,36.353111267089844,33.924476623535156,288.0,0.8819444444444444
119,-1.6193732504464275,1.5890764257952077,119,36.63146209716797,34.07347869873047,288.0,0.8298611111111112
120,-1.68823233684044,1.4356529022993876,120,40.09638595581055,37.41291809082031,288.0,0.84375
121,-1.4883450199588428,1.5422221417832926,121,38.90679168701172,36.43987274169922,288.0,0.8368055555555556
122,-1.4933740798771435,1.7207105761236756,122,40.6392707824707,37.918731689453125,288.0,0.8784722222222222
123,-1.6400424418921469,1.562227490711472,123,41.216217041015625,38.5582275390625,288.0,0.8645833333333334
124,-1.4283576914320453,1.6552590778097,124,40.917396545410156,38.24382400512695,288.0,0.8611111111111112
125,-1.4716936504748679,1.6124493439801042,125,42.78133773803711,40.057708740234375,288.0,0.8541666666666666
126,-1.656301679074446,1.4897766800065109,126,43.82464599609375,40.870513916015625,288.0,0.8020833333333334
127,-1.5386985763275034,1.5328757690281951,127,45.25617218017578,42.25932312011719,288.0,0.8020833333333334
128,-1.3733003907421968,1.5743727163390013,128,44.75762176513672,41.73191833496094,288.0,0.8020833333333334
129,-1.6000155068559896,1.5609530269725183,129,46.88811492919922,43.91166687011719,288.0,0.8368055555555556
130,-1.4233901934034432,1.6783111059093272,130,47.80938720703125,44.771575927734375,288.0,0.8506944444444444
131,-1.4524694467765449,1.6680788724391302,131,47.23838424682617,44.1441764831543,288.0,0.8368055555555556
132,-1.3265034119747918,1.6427404901899363,132,50.436622619628906,47.17211151123047,288.0,0.8125
133,-1.6668217999697106,1.5018950064646832,133,49.09656524658203,45.92066955566406,288.0,0.8263888888888888
134,-1.7065898797350099,1.5490995780392132,134,52.26592254638672,48.96112823486328,288.0,0.7951388888888888
135,-1.5390298873118127,1.5114980652330126,135,51.43419647216797,48.084442138671875,288.0,0.8715277777777778
136,-1.7012364680897696,1.6187931094765782,136,53.652870178222656,50.189308166503906,288.0,0.8506944444444444
137,-1.335373706287136,1.818395987819764,137,54.03837203979492,50.49173355102539,288.0,0.8541666666666666
138,-1.7265637294786216,1.6507613768962086,138,54.66175842285156,51.0396842956543,288.0,0.78125
139,-1.5942360392435784,1.6130981531506334,139,57.32283020019531,53.51713562011719,288.0,0.84375
140,-1.4890066313627026,1.7223733834754773,140,55.99884033203125,52.32478713989258,288.0,0.8263888888888888
141,-1.5702748950623246,1.6292017365601563,141,59.54938507080078,55.78490447998047,288.0,0.8402777777777778
142,-1.4404774759489365,1.6263478851735391,142,59.41797637939453,55.77607727050781,288.0,0.8472222222222222
143,-1.4478285820541497,1.509950453539213,143,58.560157775878906,54.93439483642578,288.0,0.84375
144,-1.508535326186427,1.4442608767905936,144,60.319271087646484,56.638580322265625,288.0,0.7951388888888888
145,-1.5330457702763647,1.4981945071319067,145,62.023719787597656,58.307350158691406,288.0,0.8125
146,-1.793176011996503,1.5740488124454723,146,63.605506896972656,59.80302810668945,288.0,0.8159722222222222
147,-1.9226488406473317,1.4313146646333628,147,63.87855529785156,60.1029167175293,288.0,0.8194444444444444
148,-1.6209248041748818,1.7693092978614633,148,65.92840576171875,62.138580322265625,288.0,0.8402777777777778
149,-1.5957525327539093,1.7252775020225215,149,67.37126159667969,63.42208480834961,288.0,0.7986111111111112
150,-2.0058434498647326,1.5345766628058426,150,68.65567016601562,64.865234375,288.0,0.8020833333333334
151,-1.5485851413162273,1.5550344010055202,151,68.79898834228516,65.01725769042969,288.0,0.84375
152,-1.741808142530987,1.5166950069866834,152,71.01714324951172,67.18097686767578,288.0,0.8298611111111112
153,-1.7267751025510085,1.6728420810993092,153,70.5726318359375,66.74765014648438,288.0,0.84375
154,-1.795087597972152,1.4879997436614798,154,72.10430145263672,68.23667907714844,288.0,0.7951388888888888
155,-1.441135047887979,1.6517253825334204,155,73.67218780517578,69.80168914794922,288.0,0.7777777777777778
156,-1.8129107166043126,1.6389583059062725,156,72.4030532836914,68.73286437988281,288.0,0.8194444444444444
157,-1.5322881432972904,1.755868769580349,157,74.82182312011719,71.01194763183594,288.0,0.7708333333333334
158,-1.6471902383974257,1.526715865771856,158,76.65074157714844,72.89318084716797,288.0,0.84375
159,-1.6496970142941307,1.590476547366349,159,76.59564208984375,72.94286346435547,288.0,0.8298611111111112
160,-1.9551195308684588,1.385136884469641,160,78.02445983886719,74.175537109375,288.0,0.8368055555555556
161,-1.9296477275146897,1.4116383470611853,161,78.85633850097656,75.00057220458984,288.0,0.8194444444444444
162,-1.2936402320431668,1.6574721848415201,162,82.14872741699219,78.26925659179688,288.0,0.8055555555555556
163,-1.7462083846274021,1.6049011560734003,163,82.36713409423828,78.48664093017578,288.0,0.84375
164,-1.4309090048282238,1.6888991214327647,164,83.09159088134766,79.23884582519531,288.0,0.8159722222222222
165,-1.760775545462903,1.4676750424972294,165,84.68096923828125,80.78191375732422,288.0,0.7951388888888888
166,-1.459942229991543,1.7416664904199148,166,84.43876647949219,80.73507690429688,288.0,0.7986111111111112
167,-1.8946127685400138,1.400552521594067,167,86.7434310913086,83.02169036865234,288.0,0.8194444444444444
168,-1.7537368143482883,1.5347947688031347,168,89.21754455566406,85.59617614746094,288.0,0.8263888888888888
169,-1.7547790665266116,1.5661573166849085,169,89.76765441894531,86.11219787597656,288.0,0.8125
170,-1.4992614187874898,1.6806262487945678,170,88.59818267822266,85.18263244628906,288.0,0.8194444444444444
171,-1.3395501372015575,1.7998491168895898,171,90.17658996582031,86.68113708496094,288.0,0.8020833333333334
172,-1.5519817417198578,1.6885105011389812,172,90.93696594238281,87.50743103027344,288.0,0.7326388888888888
173,-1.92752999315846,1.382366498724914,173,92.58029174804688,89.08981323242188,288.0,0.8368055555555556
174,-1.76371108921255,1.6026943500213133,174,93.47516632080078,90.06510162353516,288.0,0.7847222222222222
175,-1.8036549467483733,1.4730819844385017,175,95.07270812988281,91.64682006835938,288.0,0.7916666666666666
176,-1.7532202147140796,1.7052282555224054,176,94.25535583496094,90.93374633789062,288.0,0.7777777777777778
177,-2.1727719827541296,1.3900672448652016,177,94.64656066894531,91.40663146972656,288.0,0.7465277777777778
178,-1.5306819404623146,1.6420784659219556,178,97.44392395019531,94.27417755126953,288.0,0.8055555555555556
179,-1.6242309366949865,1.5332044427748674,179,95.62216186523438,92.59793090820312,288.0,0.8020833333333334
180,-1.9022518112477844,1.4945206261853883,180,98.56173706054688,95.58999633789062,288.0,0.7986111111111112
181,-1.668619275347633,1.5727383830116668,181,98.40142822265625,95.50430297851562,288.0,0.8090277777777778
182,-1.3010013209330882,1.8746258027861102,182,99.578857421875,96.6450424194336,288.0,0.7673611111111112
183,-1.9514722222489682,1.4080054396644683,183,100.18014526367188,97.35873413085938,288.0,0.7534722222222222
184,-1.4221981579107736,1.7403431754311454,184,102.37701416015625,99.47525024414062,288.0,0.78125
185,-1.835892075929318,1.6042860299160075,185,100.4844741821289,97.6590576171875,288.0,0.7465277777777778
186,-1.468813153350511,1.7621610649344017,186,102.65390014648438,99.84416198730469,288.0,0.8263888888888888
187,-1.5427065821769874,1.8964202636881489,187,103.23896789550781,100.47545623779297,288.0,0.7708333333333334
188,-1.7326242404165426,1.5527155848017018,188,102.5497817993164,99.88522338867188,288.0,0.7777777777777778
189,-1.6021514241066395,1.5873502809088358,189,103.39682006835938,100.7456283569336,288.0,0.8125
190,-2.0075011687228126,1.5150810862603443,190,105.19188690185547,102.4989013671875,288.0,0.7569444444444444
191,-1.535030961874211,1.7683211124327813,191,105.98277282714844,103.3352279663086,288.0,0.8194444444444444
192,-1.616383910570441,1.784613538955805,192,105.63386535644531,103.1024169921875,288.0,0.7951388888888888
193,-1.7804221190753589,1.4446713581952049,193,106.26917266845703,103.781494140625,288.0,0.7673611111111112
194,-1.3521459337068984,1.795493900831668,194,109.17098236083984,106.67962646484375,288.0,0.7777777777777778
195,-1.7296151878629675,1.5103935687412389,195,109.4935302734375,107.11372375488281,288.0,0.7638888888888888
196,-1.6247591218325685,1.511205844015935,196,109.38740539550781,107.03169250488281,288.0,0.7638888888888888
197,-1.4124799262631025,1.689373238256916,197,110.61913299560547,108.30612182617188,288.0,0.7847222222222222
198,-1.1879698906072094,1.8960460273210609,198,109.68879699707031,107.41820526123047,288.0,0.7569444444444444
199,-1.6187512802455803,1.606318385597627,199,113.72418975830078,111.45771789550781,288.0,0.7847222222222222
200,-1.5657880705232867,1.6002386965185913,200,113.46546936035156,111.28828430175781,288.0,0.78125
201,-1.754355711151436,1.5380839540278641,201,111.78313446044922,109.69699096679688,288.0,0.8298611111111112
202,-1.4807989979256015,1.7795751793698915,202,113.3858871459961,111.25759887695312,288.0,0.75
203,-1.354648696646772,1.7811578919279476,203,112.88665008544922,110.78385162353516,288.0,0.7708333333333334
204,-1.8292747740801987,1.508680826179168,204,114.655517578125,112.60208129882812,288.0,0.7847222222222222
205,-1.839733677916573,1.532822115636543,205,116.95257568359375,114.85869598388672,288.0,0.7847222222222222
206,-1.4442614097180515,1.7194323477579319,206,115.5888900756836,113.57272338867188,288.0,0.8298611111111112
207,-1.2838767064288166,1.8357990429915354,207,112.29110717773438,110.36907958984375,288.0,0.78125
208,-1.4743842998325194,1.564543141258974,208,116.97946166992188,115.03473663330078,288.0,0.7638888888888888
209,-1.7812012919143168,1.5341750609646292,209,118.60910034179688,116.67486572265625,288.0,0.7465277777777778
210,-1.8686614106153965,1.474468068620836,210,120.38310241699219,118.50061798095703,288.0,0.7847222222222222
211,-1.3923213029342838,1.7854816863717873,211,118.72003173828125,116.87882995605469,288.0,0.7743055555555556
212,-1.4770077806884254,1.7224735840398258,212,118.73228454589844,116.92240905761719,288.0,0.7847222222222222
213,-1.5196685649025055,1.6192590800383853,213,120.30276489257812,118.5509033203125,288.0,0.7395833333333334
214,-1.7744543406887672,1.4708241287508608,214,121.33366394042969,119.63059997558594,288.0,0.7708333333333334
215,-1.7236918090390105,1.3297281011144508,215,121.54560089111328,119.85477447509766,288.0,0.7743055555555556
216,-1.9327595910101758,1.4713628480017122,216,122.59217834472656,120.97187042236328,288.0,0.7430555555555556
217,-1.5920125742025175,1.6697610551140503,217,115.40760803222656,113.94090270996094,288.0,0.7638888888888888
218,-1.6427646273336243,1.5368611055615704,218,121.23873138427734,119.75962829589844,288.0,0.7916666666666666
219,-1.9413471814283705,1.415504408102816,219,121.90750885009766,120.45001220703125,288.0,0.7638888888888888
220,-1.8094733083094963,1.4910306423901056,220,121.39637756347656,120.01900482177734,288.0,0.7604166666666666
221,-1.8436995601930386,1.5350690843679955,221,124.96607208251953,123.57402038574219,288.0,0.75
222,-1.546702299746871,1.6420938833456986,222,120.57907104492188,119.27735900878906,288.0,0.7673611111111112
223,-1.449453123452597,1.8888529010967032,223,125.11798095703125,123.79550170898438,288.0,0.7326388888888888
224,-1.5351611003952388,1.6920383892653428,224,125.32870483398438,124.05902099609375,288.0,0.7569444444444444
225,-1.7448028706553564,1.5642622275226936,225,125.83120727539062,124.57032775878906,288.0,0.7638888888888888
226,-1.9949647466879468,1.3684173373732482,226,125.0015869140625,123.76866912841797,288.0,0.7465277777777778
227,-1.7052303177100738,1.685044166185152,227,126.98210144042969,125.79792785644531,288.0,0.7361111111111112
228,-1.3762272590435864,1.6904313262403794,228,120.09918212890625,118.97713470458984,288.0,0.7256944444444444
229,-1.499680541155608,1.745729326137737,229,124.9598159790039,123.81352233886719,288.0,0.7430555555555556
230,-1.8007012504643845,1.4774816952251832,230,125.7151107788086,124.6260986328125,288.0,0.78125
231,-1.9044300437529769,1.5421489410523486,231,125.7474594116211,124.6864013671875,288.0,0.7604166666666666
232,-1.70959786839245,1.5446547144652896,232,127.49067687988281,126.46192932128906,288.0,0.7465277777777778
233,-1.3987371638922654,1.7468826736252419,233,128.106201171875,127.10932922363281,288.0,0.7326388888888888
234,-1.5281075290570307,1.8204427602742226,234,129.805908203125,128.82232666015625,288.0,0.7534722222222222
235,-1.9333830963232523,1.5271309258894112,235,130.78741455078125,129.8204345703125,288.0,0.7152777777777778
236,-1.7005543332648827,1.6475929411773573,236,125.71092987060547,124.81460571289062,288.0,0.7534722222222222
237,-1.3518785656247614,1.8759915301871404,237,125.78106689453125,124.92906188964844,288.0,0.7361111111111112
238,-1.9913405241180533,1.4403561035680184,238,123.20320892333984,122.39370727539062,288.0,0.7256944444444444
239,-1.3221621476208054,1.8271871491351734,239,129.05426025390625,128.25735473632812,288.0,0.7638888888888888
240,-1.1974532240090494,1.9291208739180075,240,129.4164276123047,128.6378173828125,288.0,0.7430555555555556
241,-1.8459798653914976,1.5025796945793954,241,130.3140106201172,129.553955078125,288.0,0.7326388888888888
242,-1.857846159182098,1.6548179631332227,242,129.98721313476562,129.23468017578125,288.0,0.7569444444444444
243,-1.726636481063851,1.5033659633848158,243,128.33363342285156,127.6078872680664,288.0,0.7569444444444444
244,-1.4341459261613432,1.7063912264163812,244,131.01727294921875,130.30294799804688,288.0,0.71875
245,-1.7539113860600841,1.49231836305836,245,131.23788452148438,130.54782104492188,288.0,0.7326388888888888
246,-1.9076583523476627,1.4741563655545784,246,132.70950317382812,132.02883911132812,288.0,0.7152777777777778
247,-1.9440072273500084,1.4802872048027162,247,129.3309326171875,128.67555236816406,288.0,0.7291666666666666
248,-1.5772362735436078,1.6955961970775923,248,130.91152954101562,130.26068115234375,288.0,0.7395833333333334
249,-1.637004602710512,1.721607861373296,249,129.69338989257812,129.0658416748047,288.0,0.7638888888888888
250,-1.9867830345145434,1.38922851788312,250,130.49578857421875,129.8776092529297,288.0,0.7465277777777778
251,-1.4934329371360182,1.707400666336951,251,132.58566284179688,131.97508239746094,288.0,0.7430555555555556
252,-1.5931142017061124,1.5625749692709803,252,131.84017944335938,131.23504638671875,288.0,0.7569444444444444
253,-1.6654624401869649,1.425955780955952,253,131.46804809570312,130.8861083984375,288.0,0.7465277777777778
254,-1.6896142064535074,1.6544626890824743,254,131.82632446289062,131.25003051757812,288.0,0.7743055555555556
255,-1.4974087797284776,1.6539057775514792,255,133.453369140625,132.89498901367188,288.0,0.7326388888888888
256,-1.8197282892444737,1.4594044198608402,256,128.7286834716797,128.20619201660156,288.0,0.7291666666666666
257,-1.8871865074044594,1.5261325128644012,257,133.4971160888672,132.98049926757812,288.0,0.75
258,-1.6382220937608514,1.6951734018491678,258,131.89764404296875,131.37490844726562,288.0,0.7638888888888888
259,-1.4180032899222286,1.832929059547599,259,132.3579559326172,131.85275268554688,288.0,0.6979166666666666
260,-1.5195151410403156,1.7032489659075514,260,131.79835510253906,131.31610107421875,288.0,0.7604166666666666
261,-1.4458732039473607,1.6841727033208391,261,133.93614196777344,133.46514892578125,288.0,0.7222222222222222
262,-1.8241810914530285,1.4882196233618854,262,132.34490966796875,131.9053192138672,288.0,0.7361111111111112
263,-1.2736565476476687,1.6251373861510419,263,132.20526123046875,131.77978515625,288.0,0.7326388888888888
264,-1.3858529671017852,1.7822598055343346,264,132.75665283203125,132.336181640625,288.0,0.7534722222222222
265,-1.7724875487236709,1.5367922013075896,265,132.25936889648438,131.84727478027344,288.0,0.7847222222222222
266,-1.984806922596106,1.417724355205203,266,135.87745666503906,135.46983337402344,288.0,0.7326388888888888
267,-1.9231463843602654,1.4063913599306515,267,132.8355712890625,132.45069885253906,288.0,0.7395833333333334
268,-1.3254938769748381,1.8062699334993626,268,134.71022033691406,134.32211303710938,288.0,0.7465277777777778
269,-1.9751379495372063,1.4727618283634345,269,133.90478515625,133.53656005859375,288.0,0.7118055555555556
270,-1.047196461907951,1.8801628194572002,270,133.6918487548828,133.33102416992188,288.0,0.6979166666666666
271,-1.7105184534686226,1.5415067909356395,271,131.30308532714844,130.95765686035156,288.0,0.6597222222222222
272,-1.7597220081137515,1.5808309638408722,272,132.4793243408203,132.1381072998047,288.0,0.7291666666666666
273,-1.5872311639624617,1.6122178500261994,273,133.7851104736328,133.439697265625,288.0,0.7083333333333334
274,-1.3878737170705258,1.69778138290921,274,134.6561279296875,134.32110595703125,288.0,0.7291666666666666
275,-1.7877597698799548,1.5090009323627098,275,133.30703735351562,132.984130859375,288.0,0.6736111111111112
276,-1.6531286077125331,1.4490829583446123,276,135.9293212890625,135.61660766601562,288.0,0.6979166666666666
277,-1.597687842178834,1.5932911328958943,277,136.43743896484375,136.13888549804688,288.0,0.7638888888888888
278,-1.8419548106302004,1.516560712416574,278,131.70724487304688,131.4281005859375,288.0,0.71875
279,-1.8361355994567705,1.4902967522152606,279,136.4302215576172,136.15573120117188,288.0,0.6979166666666666
280,-1.6281235583462705,1.5712713810166252,280,134.9790496826172,134.7069091796875,288.0,0.6979166666666666
281,-1.5027680382755895,1.57154701609798,281,134.2342529296875,133.9710693359375,288.0,0.7326388888888888
282,-1.5448708506142852,1.6663509532938436,282,133.26223754882812,133.00045776367188,288.0,0.7534722222222222
283,-1.7408486389006717,1.5232678313328272,283,133.27345275878906,133.01998901367188,288.0,0.7222222222222222
284,-2.0036268524121374,1.4657934890390842,284,134.5619659423828,134.3158416748047,288.0,0.7118055555555556
285,-1.4528040239315347,1.7514552483371981,285,135.86534118652344,135.62142944335938,288.0,0.7222222222222222
286,-1.7209392481621526,1.4803015345362915,286,134.62408447265625,134.38601684570312,288.0,0.7048611111111112
287,-1.2657904780617946,1.6964013007456789,287,136.8518829345703,136.62057495117188,288.0,0.6770833333333334
288,-1.8020781273662791,1.5427766010107555,288,135.75894165039062,135.53231811523438,288.0,0.7222222222222222
289,-1.770547240101842,1.565841014846512,289,136.02005004882812,135.80026245117188,288.0,0.7326388888888888
290,-1.7050003713633322,1.4297250595887705,290,134.54115295410156,134.33059692382812,288.0,0.7326388888888888
291,-1.7871688225022824,1.5815710796198277,291,136.6405487060547,136.43106079101562,288.0,0.7118055555555556
292,-1.680365156622712,1.4861645100136012,292,135.94918823242188,135.7450714111328,288.0,0.7291666666666666
293,-1.8517830036814356,1.4992592873850266,293,135.20135498046875,135.00439453125,288.0,0.7569444444444444
294,-1.7607153533761641,1.5946651629416813,294,135.31126403808594,135.120849609375,288.0,0.7291666666666666
295,-1.5716413593319958,1.470309806008803,295,136.103515625,135.9130859375,288.0,0.7083333333333334
296,-1.6058325996090737,1.6731998793542593,296,134.51705932617188,134.33071899414062,288.0,0.71875
297,-1.879083101271642,1.4278256950799983,297,135.88758850097656,135.70457458496094,288.0,0.6527777777777778
298,-1.5924811779848316,1.6068884321440482,298,134.47633361816406,134.2978057861328,288.0,0.7465277777777778
299,-1.5715508958751845,1.628524270314645,299,136.5521240234375,136.37551879882812,288.0,0.6875
300,-1.7980115745155854,1.4101286583046753,300,133.46954345703125,133.29891967773438,288.0,0.6979166666666666
301,-1.7457399184592266,1.4718318499888636,301,134.67495727539062,134.50662231445312,288.0,0.7395833333333334
302,-1.4827809547817843,1.6850293808909338,302,136.9960174560547,136.83309936523438,288.0,0.7256944444444444
303,-1.265689815019457,1.8904967378654973,303,136.20248413085938,136.03952026367188,288.0,0.6979166666666666
304,-1.7763287728466728,1.5221873333442653,304,134.136962890625,133.98214721679688,288.0,0.6840277777777778
305,-1.618318731130351,1.5280746386387178,305,135.79351806640625,135.64370727539062,288.0,0.6944444444444444
306,-1.9731013473818872,1.3995232651246508,306,137.18460083007812,137.03668212890625,288.0,0.6979166666666666
307,-1.4731866898498782,1.7897059956930004,307,137.1283416748047,136.98593139648438,288.0,0.7395833333333334
308,-1.8779729889564025,1.4403153785920702,308,132.4273681640625,132.29135131835938,288.0,0.7048611111111112
309,-1.8463150803402735,1.659416479198935,309,134.25807189941406,134.12197875976562,288.0,0.7013888888888888
310,-1.6085521208276776,1.5998168639435635,310,134.28573608398438,134.15328979492188,288.0,0.7118055555555556
311,-1.688303082334871,1.5055160247006822,311,136.7980194091797,136.66619873046875,288.0,0.6909722222222222
312,-1.9033567092632744,1.4849755474477881,312,131.89808654785156,131.77272033691406,288.0,0.7395833333333334
313,-1.7777123559399142,1.5639242193485128,313,136.49856567382812,136.37155151367188,288.0,0.6909722222222222
314,-1.684615682499549,1.4738320508984795,314,136.39044189453125,136.26589965820312,288.0,0.6666666666666666
315,-1.5836428533403781,1.6848137171580713,315,136.1161346435547,135.9957275390625,288.0,0.71875
316,-1.4723442527143087,1.7699141578931255,316,135.92630004882812,135.80789184570312,288.0,0.6979166666666666
317,-1.7596139215929116,1.4007001498926197,317,137.0430145263672,136.92735290527344,288.0,0.6840277777777778
318,-1.9167220316327946,1.5204097441442268,318,137.42013549804688,137.30905151367188,288.0,0.7048611111111112
319,-1.596951632259067,1.642648858683391,319,137.47865295410156,137.36790466308594,288.0,0.6805555555555556
320,-1.4891662116241233,1.6364991458261902,320,137.54385375976562,137.43569946289062,288.0,0.7013888888888888
321,-1.84355747683541,1.4854028267707684,321,136.43179321289062,136.32540893554688,288.0,0.6215277777777778
322,-1.4413565685270302,1.609418355196953,322,134.8577117919922,134.75640869140625,288.0,0.6527777777777778
323,-1.8621421695732276,1.40457524070559,323,137.65066528320312,137.5521240234375,288.0,0.6666666666666666
324,-1.7416450224616227,1.5210562358034185,324,133.31765747070312,133.224853515625,288.0,0.6354166666666666
325,-1.4358853373655078,1.6379226988620539,325,135.5254364013672,135.43385314941406,288.0,0.6631944444444444
326,-1.5562134475844829,1.6508014754430973,326,130.00970458984375,129.92628479003906,288.0,0.6493055555555556
327,-1.922123824109836,1.449800042896453,327,137.63735961914062,137.55035400390625,288.0,0.6770833333333334
328,-1.4833588767028827,1.7482525533224325,328,138.07986450195312,137.99594116210938,288.0,0.6736111111111112
329,-1.5110171346954988,1.675022079839041,329,137.19094848632812,137.1104278564453,288.0,0.6736111111111112
330,-1.4161891816230285,1.7408716426952573,330,136.86178588867188,136.78237915039062,288.0,0.71875
331,-1.2625403562172657,1.7485213770489825,331,135.13458251953125,135.05760192871094,288.0,0.7152777777777778
332,-1.5351573710799455,1.6837303861174475,332,138.99127197265625,138.9129638671875,288.0,0.7048611111111112
333,-1.8988869087218054,1.4954794014783879,333,135.6734619140625,135.59780883789062,288.0,0.6631944444444444
334,-1.6029672522659197,1.632437067314019,334,136.4092254638672,136.33609008789062,288.0,0.65625
335,-1.4235782294695776,1.6666427793675855,335,134.25111389160156,134.17759704589844,288.0,0.6805555555555556
336,-1.715484836310121,1.5013987787409093,336,138.3473663330078,138.27532958984375,288.0,0.6423611111111112
337,-1.9674499980880595,1.4400765540894285,337,137.53759765625,137.46652221679688,288.0,0.6736111111111112
338,-1.7346775142848154,1.4636776161142493,338,136.21046447753906,136.1423797607422,288.0,0.6631944444444444
339,-1.3853070854948184,1.7142188471605655,339,135.7143096923828,135.6477813720703,288.0,0.7395833333333334
340,-1.7032712988376628,1.4833002832091147,340,137.25765991210938,137.190673828125,288.0,0.6736111111111112
341,-1.8835208276025561,1.4488067868732228,341,136.2628173828125,136.1968994140625,288.0,0.6875
342,-1.799387038797059,1.4683308856610662,342,138.18618774414062,138.12106323242188,288.0,0.6840277777777778
343,-1.7446388368386143,1.4835994116383528,343,136.8415985107422,136.77737426757812,288.0,0.6770833333333334
344,-1.6984504531984106,1.701831236225153,344,138.37490844726562,138.31011962890625,288.0,0.6666666666666666
345,-1.615411538095433,1.6495710385435158,345,135.9298858642578,135.86672973632812,288.0,0.6944444444444444
346,-1.6938691293098553,1.496789725359299,346,137.6111297607422,137.54815673828125,288.0,0.6701388888888888
347,-1.4819297883541789,1.7394184194486588,347,136.51113891601562,136.45010375976562,288.0,0.6493055555555556
348,-1.3562500507336008,1.8033343239996404,348,137.35781860351562,137.2959747314453,288.0,0.6666666666666666
349,-1.3081263983644402,1.6461180373798638,349,138.220703125,138.1605987548828,288.0,0.6631944444444444
350,-1.7796882541961807,1.4198382076970144,350,137.33673095703125,137.27545166015625,288.0,0.6145833333333334
351,-1.597860545811594,1.5313091431644505,351,137.4891815185547,137.4290008544922,288.0,0.6527777777777778
352,-1.4516725320691184,1.6446871299523715,352,136.76663208007812,136.70675659179688,288.0,0.6909722222222222
353,-1.4253274351365444,1.6316617683393149,353,138.130126953125,138.0707550048828,288.0,0.6909722222222222
354,-1.4505579480316912,1.7415160989699932,354,135.13134765625,135.0734100341797,288.0,0.6944444444444444
355,-1.7497681376817384,1.5253511525750125,355,136.62686157226562,136.56996154785156,288.0,0.6666666666666666
356,-1.7779246047021209,1.3912079453683228,356,137.18112182617188,137.12371826171875,288.0,0.7013888888888888
357,-2.000094987134357,1.33875594410274,357,134.5257110595703,134.4692840576172,288.0,0.65625
358,-1.8620530449420245,1.3882684287982336,358,137.72625732421875,137.66934204101562,288.0,0.6458333333333334
359,-1.6299384107619244,1.5850019478581612,359,135.89918518066406,135.84268188476562,288.0,0.7152777777777778
360,-1.894402058745962,1.538916334434058,360,137.55392456054688,137.49591064453125,288.0,0.6493055555555556
361,-2.0070100221272233,1.3693630564105808,361,134.95762634277344,134.90267944335938,288.0,0.7048611111111112
362,-1.754047047151155,1.5058138811646724,362,137.81988525390625,137.76309204101562,288.0,0.6527777777777778
363,-1.6623762519755174,1.5364829096785981,363,136.46022033691406,136.40420532226562,288.0,0.7083333333333334
364,-1.6656213543589327,1.6174837727112388,364,136.51377868652344,136.45811462402344,288.0,0.6493055555555556
365,-1.328111037987136,1.7280256857397953,365,135.86279296875,135.80859375,288.0,0.6631944444444444
366,-1.681134638854962,1.5060783858996472,366,137.4539031982422,137.39871215820312,288.0,0.65625
367,-1.9608799116913391,1.39148156492862,367,136.5035400390625,136.44766235351562,288.0,0.6284722222222222
368,-1.5025108609584314,1.6349484165627637,368,137.40048217773438,137.34530639648438,288.0,0.6666666666666666
369,-1.9026987640918047,1.4328715912956351,369,135.64369201660156,135.5894775390625,288.0,0.65625
370,-1.2029391919659087,1.8234248923605867,370,137.9803009033203,137.92544555664062,288.0,0.6111111111111112
371,-1.6640567128406798,1.6026100162418495,371,138.6216278076172,138.5672149658203,288.0,0.6388888888888888
372,-2.007577217449536,1.3755978319441058,372,136.5022735595703,136.44801330566406,288.0,0.6666666666666666
373,-1.813264081890628,1.4566337608380884,373,138.4980010986328,138.44290161132812,288.0,0.6458333333333334
374,-1.6572321461182848,1.5498888376815994,374,136.81800842285156,136.76409912109375,288.0,0.7013888888888888
375,-1.9578157971556476,1.3942648569453382,375,135.78695678710938,135.7340545654297,288.0,0.6597222222222222
376,-1.6765734336012084,1.672857966012233,376,137.32176208496094,137.26785278320312,288.0,0.6631944444444444
377,-1.8430559688616428,1.4854501822013146,377,135.68292236328125,135.6302947998047,288.0,0.6423611111111112
378,-1.8391981827092971,1.3626501321953322,378,135.1858367919922,135.13259887695312,288.0,0.6909722222222222
379,-1.3540185679064916,1.8022080416479909,379,136.64532470703125,136.59246826171875,288.0,0.6388888888888888
380,-1.6961096297839005,1.4566384799900576,380,138.79959106445312,138.74586486816406,288.0,0.6180555555555556
381,-1.4442987760115826,1.6402757424293586,381,137.48391723632812,137.43092346191406,288.0,0.5833333333333334
382,-1.6634812861407273,1.5582267732110089,382,135.45233154296875,135.39971923828125,288.0,0.6076388888888888
383,-1.4717625326436974,1.6914051544918436,383,138.2908172607422,138.23651123046875,288.0,0.6006944444444444
384,-1.8628259399147054,1.4575522519548996,384,135.3707275390625,135.318603515625,288.0,0.6666666666666666
385,-1.439279906285093,1.6274929392344393,385,137.34121704101562,137.28823852539062,288.0,0.6736111111111112
386,-1.5845926544202245,1.530270585724501,386,135.15451049804688,135.1021728515625,288.0,0.6423611111111112
387,-1.3226897596386211,1.6490224008907615,387,138.2679443359375,138.21426391601562,288.0,0.6284722222222222
388,-1.7473706347896039,1.5004734958336967,388,136.7103271484375,136.65673828125,288.0,0.6180555555555556
389,-1.8760600419273195,1.421942424205586,389,136.46481323242188,136.41217041015625,288.0,0.6354166666666666
390,-1.7589180459069431,1.4859336985668252,390,134.84805297851562,134.79693603515625,288.0,0.5972222222222222
391,-1.767525967153794,1.467341454260183,391,137.20309448242188,137.15003967285156,288.0,0.6145833333333334
392,-1.4493941656944935,1.643980179528279,392,137.4556121826172,137.40286254882812,288.0,0.6284722222222222
393,-1.827276613148529,1.4210032854497112,393,136.00112915039062,135.94845581054688,288.0,0.6527777777777778
394,-1.7062749382894162,1.5140338040605805,394,136.0474853515625,135.9956817626953,288.0,0.6527777777777778
395,-1.543568987298189,1.5245232412160863,395,137.38711547851562,137.3348846435547,288.0,0.65625
396,-1.5645725696353034,1.4928753024450783,396,138.121826171875,138.06800842285156,288.0,0.5902777777777778
397,-1.8349838939183707,1.4141494475232308,397,135.64035034179688,135.58935546875,288.0,0.6631944444444444
398,-1.3249901293180697,1.5763094361891221,398,138.19195556640625,138.13912963867188,288.0,0.6736111111111112
399,-1.1419197707283872,1.637193798437336,399,138.56521606445312,138.51222229003906,288.0,0.6111111111111112
400,-1.9096749117715592,1.4649727863947986,400,139.37176513671875,139.31866455078125,288.0,0.65625
401,-1.8759041368447988,1.4962065904956898,401,140.51571655273438,140.46266174316406,288.0,0.6701388888888888
402,-1.8201313061972497,1.339104076496709,402,135.90818786621094,135.85560607910156,288.0,0.5902777777777778
403,-1.4011495931270836,1.7127742531324492,403,136.4759979248047,136.4236297607422,288.0,0.6041666666666666
404,-1.4461922063258688,1.781811182875879,404,138.54483032226562,138.49160766601562,288.0,0.6701388888888888
405,-1.4570138738826397,1.543854911196897,405,138.1905517578125,138.1378173828125,288.0,0.6076388888888888
406,-1.6934875135660628,1.6495036334055115,406,138.0023193359375,137.9497528076172,288.0,0.6458333333333334
407,-1.3828171242032785,1.8239884549753433,407,137.48483276367188,137.43206787109375,288.0,0.6458333333333334
408,-1.463388194719754,1.7492160105514545,408,139.30450439453125,139.25274658203125,288.0,0.6354166666666666
409,-1.7202311890061628,1.6183789720822501,409,134.9754180908203,134.92393493652344,288.0,0.6527777777777778
410,-1.170317028977105,1.7072819930818524,410,135.53704833984375,135.48638916015625,288.0,0.5902777777777778
411,-1.702655377978611,1.5047527913921654,411,136.937744140625,136.885986328125,288.0,0.6319444444444444
412,-1.6791092670543404,1.5214876828009207,412,136.68844604492188,136.6376495361328,288.0,0.6180555555555556
413,-1.5297146976942688,1.518413754383308,413,138.26026916503906,138.20773315429688,288.0,0.6215277777777778
414,-1.6625240605316252,1.6124833702481896,414,138.3521270751953,138.29983520507812,288.0,0.6284722222222222
415,-1.3951896538108914,1.5897375845445012,415,138.08270263671875,138.03097534179688,288.0,0.625
416,-1.7703651337279989,1.3749706200124447,416,138.98397827148438,138.931396484375,288.0,0.625
417,-1.2361466661875644,1.6130082942235806,417,138.622314453125,138.57012939453125,288.0,0.5416666666666666
418,-2.1060977565855814,1.3452345857381787,418,134.76016235351562,134.70989990234375,288.0,0.6319444444444444
419,-1.9256854797200509,1.381564065828532,419,134.99664306640625,134.9455108642578,288.0,0.6354166666666666
420,-1.7319095933913375,1.4760552866718095,420,136.5289764404297,136.4786376953125,288.0,0.6041666666666666
421,-1.8215383006152466,1.5732174513748056,421,137.8069610595703,137.75509643554688,288.0,0.65625
422,-1.8569014857838044,1.443486453601686,422,136.57247924804688,136.52191162109375,288.0,0.7013888888888888
423,-1.4322744895507689,1.578879078180641,423,139.17486572265625,139.12356567382812,288.0,0.6076388888888888
424,-1.5839365783437875,1.6080313624974516,424,134.4798583984375,134.43031311035156,288.0,0.6215277777777778
425,-1.5660705956174183,1.6472449238967104,425,135.9833984375,135.93209838867188,288.0,0.6388888888888888
426,-1.6672649289039034,1.5501828837988265,426,136.85513305664062,136.80320739746094,288.0,0.6423611111111112
427,-1.3920454581789614,1.700586778045626,427,136.0099334716797,135.9586944580078,288.0,0.6041666666666666
428,-1.3966563173115365,1.5771449163502327,428,136.43701171875,136.38534545898438,288.0,0.6041666666666666
429,-1.3733134158767872,1.7936930153821504,429,137.90609741210938,137.85382080078125,288.0,0.6666666666666666
430,-1.5383817565541267,1.5277070077981592,430,139.01651000976562,138.96414184570312,288.0,0.5763888888888888
431,-1.9100231439953903,1.4057983513443657,431,138.4035186767578,138.3511962890625,288.0,0.5902777777777778
432,-1.9910322947819925,1.3673445823010741,432,136.3366241455078,136.28561401367188,288.0,0.6458333333333334
433,-1.6600377342779504,1.683700840987144,433,135.74278259277344,135.69088745117188,288.0,0.6423611111111112
434,-1.699526453811816,1.5244979878847804,434,134.36273193359375,134.31204223632812,288.0,0.6111111111111112
435,-1.6133401462352108,1.5552386552071746,435,138.83004760742188,138.77728271484375,288.0,0.6145833333333334
436,-1.6186305167401234,1.514802171068124,436,138.27101135253906,138.21914672851562,288.0,0.6215277777777778
437,-1.7191360224629701,1.4654535484441071,437,136.0634765625,136.01132202148438,288.0,0.625
438,-1.4101347860434632,1.621478252495063,438,137.7281494140625,137.6760711669922,288.0,0.5416666666666666
439,-1.6265471773458136,1.5670111975626289,439,136.16824340820312,136.11618041992188,288.0,0.5729166666666666
440,-1.2721580393007068,1.734395015897489,440,135.2144317626953,135.16403198242188,288.0,0.6006944444444444
441,-1.704766224108082,1.5066862982506548,441,138.78323364257812,138.73001098632812,288.0,0.6180555555555556
442,-1.3671895406779524,1.6236239953123002,442,137.31614685058594,137.26438903808594,288.0,0.6041666666666666
443,-1.6237162381049397,1.5114471701286172,443,136.79730224609375,136.7451934814453,288.0,0.5902777777777778
444,-1.6663441231004752,1.602664629703941,444,136.26470947265625,136.21298217773438,288.0,0.625
445,-1.3282752629854828,1.6832350388843837,445,137.8902130126953,137.8388671875,288.0,0.6076388888888888
446,-1.477630927420198,1.5968098019113393,446,135.43582153320312,135.38369750976562,288.0,0.5763888888888888
447,-1.5429066512096556,1.4637617054181615,447,138.25595092773438,138.20404052734375,288.0,0.5590277777777778
448,-1.4403082350450924,1.6655698528785339,448,135.92535400390625,135.87489318847656,288.0,0.5902777777777778
449,-1.3966170967183484,1.648117040567923,449,137.44049072265625,137.38958740234375,288.0,0.6006944444444444
450,-1.539160814245414,1.6084095306598358,450,138.8822021484375,138.82958984375,288.0,0.6145833333333334
451,-1.2364760340772674,1.676879944752315,451,136.4003143310547,136.34884643554688,288.0,0.5763888888888888
452,-1.3859850713953028,1.5736792919623226,452,136.7819366455078,136.7296142578125,288.0,0.5868055555555556
453,-1.3531789269729124,1.7855458122473065,453,137.25367736816406,137.20269775390625,288.0,0.625
454,-1.6571933169886257,1.5508122593551008,454,137.12005615234375,137.06910705566406,288.0,0.6180555555555556
455,-1.9033176400292326,1.3852192527258043,455,138.8359375,138.78396606445312,288.0,0.6388888888888888
456,-1.6342417415985944,1.4596287063753999,456,136.9711151123047,136.91961669921875,288.0,0.6111111111111112
457,-1.3862665284881008,1.6374759330557462,457,138.70126342773438,138.64788818359375,288.0,0.5729166666666666
458,-1.6694807793057527,1.5309009845560977,458,138.24417114257812,138.1923370361328,288.0,0.6006944444444444
459,-1.6186130431748187,1.5309647140567677,459,139.48194885253906,139.4293670654297,288.0,0.5729166666666666
460,-1.7005388754097805,1.4667336274050315,460,138.5513153076172,138.5008544921875,288.0,0.5694444444444444
461,-1.742641575078014,1.5191452556640963,461,137.86239624023438,137.80923461914062,288.0,0.6319444444444444
462,-1.1906077419673895,1.6785009055354547,462,137.32554626464844,137.27288818359375,288.0,0.5972222222222222
463,-1.194016104424471,1.6118167190954384,463,137.22018432617188,137.1685791015625,288.0,0.5659722222222222
464,-1.8665888922397318,1.494013632963062,464,139.7838897705078,139.73147583007812,288.0,0.59375
465,-1.7483955851349502,1.4784899067472133,465,137.9965057373047,137.9444580078125,288.0,0.6041666666666666
466,-1.7353589950301922,1.4043390805501377,466,139.0279541015625,138.97589111328125,288.0,0.5763888888888888
467,-1.3996626021530847,1.6441607714884237,467,136.87484741210938,136.82321166992188,288.0,0.6111111111111112
468,-1.5978456036361304,1.4515265874787762,468,138.7965545654297,138.7442626953125,288.0,0.5277777777777778
469,-1.2580523672388704,1.5291786544341937,469,138.71484375,138.66226196289062,288.0,0.5833333333333334
470,-1.6000758075817112,1.6170005159809409,470,138.50909423828125,138.45587158203125,288.0,0.5833333333333334
471,-1.7468348697688338,1.4072830931166223,471,137.289306640625,137.23654174804688,288.0,0.6770833333333334
472,-1.688903425548941,1.4184281504922516,472,139.75759887695312,139.70494079589844,288.0,0.6006944444444444
473,-1.5490823011314339,1.5575039678815903,473,136.78375244140625,136.7319793701172,288.0,0.6215277777777778
474,-1.3461878355868933,1.6449141830576703,474,138.06903076171875,138.01705932617188,288.0,0.5590277777777778
475,-1.535416165897446,1.54011280239742,475,135.76329040527344,135.71151733398438,288.0,0.5659722222222222
476,-1.5833617452988866,1.6292887190277836,476,139.4374542236328,139.3837432861328,288.0,0.6423611111111112
477,-1.4379125657267606,1.5972635570735487,477,138.2767791748047,138.22463989257812,288.0,0.6180555555555556
478,-1.7040183145135037,1.5124303372825891,478,138.58726501464844,138.53543090820312,288.0,0.6006944444444444
479,-1.736523711678279,1.4896549951885536,479,136.67135620117188,136.61865234375,288.0,0.6076388888888888
480,-1.397603211830835,1.5041057702405778,480,138.01075744628906,137.95838928222656,288.0,0.5868055555555556
481,-1.415304415755726,1.5189277784644897,481,138.23764038085938,138.18582153320312,288.0,0.5451388888888888
482,-1.7583659420081794,1.5273419222574396,482,137.03219604492188,136.9801025390625,288.0,0.5520833333333334
483,-1.8109992630068017,1.4657721237288346,483,135.30609130859375,135.2554473876953,288.0,0.5729166666666666
484,-1.70699573698971,1.5659593186821381,484,137.17791748046875,137.12606811523438,288.0,0.6180555555555556
485,-1.880492596176683,1.380559148923714,485,137.5959930419922,137.54379272460938,288.0,0.5833333333333334
486,-1.173580907051551,1.5865314339548116,486,138.6492919921875,138.5959014892578,288.0,0.5694444444444444
487,-1.7943521316970152,1.4121860644148698,487,138.6405792236328,138.58856201171875,288.0,0.5763888888888888
488,-1.5236742799255032,1.5561301230017937,488,139.0286407470703,138.97618103027344,288.0,0.6180555555555556
489,-1.756497917898537,1.5110942349571126,489,137.3120880126953,137.25999450683594,288.0,0.5902777777777778
490,-1.2189912910810201,1.7476839112117994,490,138.5964813232422,138.54457092285156,288.0,0.5104166666666666
491,-1.7534733210042177,1.493621659487502,491,137.79092407226562,137.73910522460938,288.0,0.6006944444444444
492,-1.3438200304423418,1.7587232569312632,492,137.08950805664062,137.037353515625,288.0,0.5763888888888888
493,-1.6467698469848142,1.4533229298937174,493,135.6958465576172,135.64425659179688,288.0,0.5868055555555556
494,-1.8623430954981695,1.448794306065558,494,136.50674438476562,136.45492553710938,288.0,0.6111111111111112
495,-1.675477688144108,1.5438416864235538,495,138.26492309570312,138.21339416503906,288.0,0.6076388888888888
496,-1.3063961416839887,1.6755290740879936,496,136.18649291992188,136.13580322265625,288.0,0.6180555555555556
497,-1.4899840111496383,1.5193407242864265,497,136.28359985351562,136.2318115234375,288.0,0.6006944444444444
498,-1.682735967561226,1.3739020977728225,498,138.46347045898438,138.41079711914062,288.0,0.5520833333333334
499,-1.5145797579818436,1.6131613654593857,499,137.32632446289062,137.27371215820312,288.0,0.5659722222222222
500,-1.8549845935330973,1.3527528691895645,500,137.0169677734375,136.96624755859375,288.0,0.5902777777777778
501,-1.5860925786293727,1.6095519585344924,501,136.01312255859375,135.96038818359375,288.0,0.5416666666666666
502,-1.5849407858107247,1.5153355039732985,502,138.16522216796875,138.11363220214844,288.0,0.625
503,-1.5862004775684362,1.469542826607702,503,135.93350219726562,135.88165283203125,288.0,0.5277777777777778
504,-1.2297759165554898,1.7079641517679842,504,136.615234375,136.5636749267578,288.0,0.5520833333333334
505,-1.5904011730186136,1.4892230414188445,505,136.510986328125,136.45956420898438,288.0,0.5590277777777778
506,-1.9128528513572514,1.4645792593533342,506,135.36798095703125,135.31747436523438,288.0,0.5729166666666666
507,-1.5403796465638242,1.6904003570776833,507,137.8920135498047,137.83914184570312,288.0,0.59375
508,-1.846557011095329,1.465255597232889,508,135.54263305664062,135.49151611328125,288.0,0.5798611111111112
509,-1.7415661115722412,1.4152486567241347,509,134.140380859375,134.08981323242188,288.0,0.5138888888888888
510,-1.2823579170495694,1.6180710215261498,510,136.38302612304688,136.3306427001953,288.0,0.5694444444444444
511,-1.5316067600098764,1.6375645322349266,511,134.79019165039062,134.7386016845703,288.0,0.6145833333333334
512,-1.8277459739833641,1.4533469894161675,512,137.01492309570312,136.96243286132812,288.0,0.5625
513,-1.525593175384279,1.60038016479833,513,137.15792846679688,137.1053924560547,288.0,0.5451388888888888
514,-1.7499275943380934,1.499192989864875,514,136.80421447753906,136.75143432617188,288.0,0.5763888888888888
515,-1.4493892000845645,1.6651257217054454,515,136.07769775390625,136.02593994140625,288.0,0.5381944444444444
516,-1.7693412317007144,1.5114444416451867,516,136.5757598876953,136.5229034423828,288.0,0.6076388888888888
517,-1.4519504159124932,1.5127407780287405,517,135.26800537109375,135.21743774414062,288.0,0.53125
518,-1.600187463367317,1.48468383310801,518,137.43325805664062,137.38063049316406,288.0,0.5972222222222222
519,-1.8514199566043166,1.5425870954757588,519,132.38327026367188,132.33416748046875,288.0,0.6111111111111112
520,-1.6810392104735488,1.4913983433791205,520,136.21832275390625,136.16555786132812,288.0,0.5486111111111112
521,-1.7782244904327689,1.4339643218536209,521,134.86874389648438,134.81649780273438,288.0,0.6041666666666666
522,-1.7646255451138417,1.4596172298206558,522,135.81491088867188,135.7636260986328,288.0,0.5347222222222222
523,-1.4919432321582278,1.6461381587021202,523,137.55474853515625,137.50218200683594,288.0,0.6180555555555556
524,-1.754807859096765,1.4554390834781106,524,138.93370056152344,138.8820037841797,288.0,0.6041666666666666
525,-1.9104853893479836,1.4592043733470486,525,135.21324157714844,135.16159057617188,288.0,0.5763888888888888
526,-1.702346182346271,1.4943673673287972,526,136.4400634765625,136.38818359375,288.0,0.5520833333333334
527,-1.6621590410958402,1.4990207210089477,527,138.40745544433594,138.35545349121094,288.0,0.6006944444444444
528,-1.763033502007286,1.3583332749463652,528,137.53610229492188,137.4833984375,288.0,0.5451388888888888
529,-1.5033809831201626,1.5576188402260471,529,137.29502868652344,137.2425994873047,288.0,0.5381944444444444
530,-1.2230246627795376,1.6566059764394105,530,137.93028259277344,137.87969970703125,288.0,0.5520833333333334
531,-1.6683505797771063,1.4276716725955096,531,137.63467407226562,137.58212280273438,288.0,0.5659722222222222
532,-1.629320134902578,1.5302841304579229,532,137.93072509765625,137.87911987304688,288.0,0.5659722222222222
533,-1.6667426234679112,1.5032545801289576,533,136.5947265625,136.54331970214844,288.0,0.5347222222222222
534,-1.710245083242737,1.4972058342031462,534,137.80686950683594,137.7540283203125,288.0,0.5833333333333334
535,-1.5018640411920976,1.617435465785113,535,135.51158142089844,135.45941162109375,288.0,0.6388888888888888
536,-1.4672050863498356,1.504571459837752,536,136.63796997070312,136.587646484375,288.0,0.4895833333333333
537,-1.6567421317901416,1.5501062280712579,537,137.50637817382812,137.4542694091797,288.0,0.5590277777777778
538,-1.3253732751793745,1.5924648902570357,538,137.48121643066406,137.42938232421875,288.0,0.5763888888888888
539,-1.3356044626956467,1.5110681548176352,539,139.42559814453125,139.37359619140625,288.0,0.5555555555555556
540,-1.63200631265501,1.517997934362118,540,137.07479858398438,137.0218048095703,288.0,0.5590277777777778
541,-1.4787812682931876,1.5913838876021666,541,139.396240234375,139.34423828125,288.0,0.5625
542,-1.6407750500390452,1.4320175834837876,542,135.5833740234375,135.53179931640625,288.0,0.5520833333333334
543,-1.1132522816976342,1.5555546780092153,543,138.4405517578125,138.38809204101562,288.0,0.53125
544,-1.0109168327351938,1.7540558208916914,544,138.7330322265625,138.68130493164062,288.0,0.5833333333333334
545,-1.4018827902014306,1.5909592704726796,545,137.71632385253906,137.66485595703125,288.0,0.5902777777777778
546,-1.6533472048707496,1.4269663193576247,546,138.12017822265625,138.0680389404297,288.0,0.5347222222222222
547,-1.3912130176287159,1.5672700554192753,547,136.39500427246094,136.3445281982422,288.0,0.5451388888888888
548,-1.1098894198501115,1.7425327712467966,548,136.2705078125,136.21791076660156,288.0,0.5138888888888888
549,-1.407965074528365,1.620090322623823,549,139.15504455566406,139.10299682617188,288.0,0.5520833333333334
550,-1.3818218261325903,1.6319285571365736,550,139.35450744628906,139.30203247070312,288.0,0.5729166666666666
551,-1.8017165932077228,1.4775300027560496,551,138.9475860595703,138.8970489501953,288.0,0.6076388888888888
552,-1.665255055879148,1.5025010514402108,552,136.84869384765625,136.79615783691406,288.0,0.5902777777777778
553,-1.8737993977611032,1.3577599069501132,553,136.94761657714844,136.89556884765625,288.0,0.5416666666666666
554,-1.5076871385486155,1.500786935009482,554,135.8693389892578,135.8185577392578,288.0,0.5277777777777778
555,-1.6945607639869424,1.524349142094732,555,136.89111328125,136.8407745361328,288.0,0.5520833333333334
556,-1.17329334903165,1.67805449332633,556,138.25241088867188,138.2002410888672,288.0,0.5381944444444444
557,-1.8255190161623922,1.3912451301587032,557,136.93228149414062,136.8804931640625,288.0,0.5381944444444444
558,-1.6042329136520868,1.419852075081637,558,137.49832153320312,137.44622802734375,288.0,0.5173611111111112
559,-1.3607382662955818,1.6775056154857915,559,138.27597045898438,138.22283935546875,288.0,0.6527777777777778
560,-1.722243554616408,1.534445478551677,560,138.19772338867188,138.1449737548828,288.0,0.5659722222222222
561,-1.2307899760389784,1.66342613288945,561,135.359375,135.3087921142578,288.0,0.5763888888888888
562,-1.5101590515745391,1.5099960199063558,562,137.20901489257812,137.1573486328125,288.0,0.5243055555555556
563,-1.4207704357865494,1.5757843253552624,563,137.0145721435547,136.96368408203125,288.0,0.5555555555555556
564,-1.86028116672359,1.3772261285315246,564,137.3028564453125,137.2508544921875,288.0,0.5590277777777778
565,-1.566402771944997,1.535321395081521,565,136.20907592773438,136.15756225585938,288.0,0.5694444444444444
566,-1.647911590773563,1.412100961258541,566,135.770263671875,135.7189178466797,288.0,0.6006944444444444
567,-1.3266180285584706,1.6439437562793187,567,137.57485961914062,137.52406311035156,288.0,0.5451388888888888
568,-1.6343379689604791,1.4762183736636711,568,136.53216552734375,136.48028564453125,288.0,0.5347222222222222
569,-1.5503694771639833,1.4452079020759345,569,139.08285522460938,139.03167724609375,288.0,0.5520833333333334
570,-1.3461541682962341,1.5939814107579582,570,138.42047119140625,138.3691864013672,288.0,0.5034722222222222
571,-1.6542569813110082,1.5425510549598966,571,138.91555786132812,138.86376953125,288.0,0.5243055555555556
572,-1.2947633029078094,1.6813857955388887,572,140.4313201904297,140.37767028808594,288.0,0.5729166666666666
573,-1.2876522275694071,1.6589916113882068,573,139.39559936523438,139.34344482421875,288.0,0.5520833333333334
574,-1.3254573882521816,1.6271654603333856,574,137.83567810058594,137.78443908691406,288.0,0.5972222222222222
575,-1.1873148565278369,1.6165111402335226,575,138.0128936767578,137.96090698242188,288.0,0.5590277777777778
576,-1.21676114103217,1.701895701277909,576,136.4847412109375,136.4336395263672,288.0,0.5451388888888888
577,-1.2241376551240424,1.654402521839245,577,136.24671936035156,136.19451904296875,288.0,0.5729166666666666
578,-1.545553982336627,1.4929340496271502,578,135.39242553710938,135.34234619140625,288.0,0.5451388888888888
579,-1.8012930298371355,1.45656579972262,579,137.23243713378906,137.18109130859375,288.0,0.6006944444444444
580,-1.6216336724655886,1.530111641978901,580,139.2495880126953,139.19703674316406,288.0,0.5381944444444444
581,-1.5325761842684813,1.484548275749122,581,138.69081115722656,138.63877868652344,288.0,0.5347222222222222
582,-1.3843187584355183,1.5667212228543184,582,137.6346893310547,137.5826416015625,288.0,0.5486111111111112
583,-1.4560487059669522,1.516894802341662,583,137.99911499023438,137.94595336914062,288.0,0.4965277777777778
584,-1.4504094009747643,1.5570153932033617,584,135.18035888671875,135.1287841796875,288.0,0.5104166666666666
585,-1.6022844035613493,1.4291705921619435,585,137.49325561523438,137.44073486328125,288.0,0.5243055555555556
586,-1.5034939314708913,1.550165814967108,586,137.8750457763672,137.822265625,288.0,0.5034722222222222
587,-1.1948781675641935,1.6391642985226675,587,136.9599609375,136.90838623046875,288.0,0.5243055555555556
588,-1.749942985558806,1.380268011722953,588,136.61416625976562,136.5619354248047,288.0,0.5347222222222222
589,-1.6284609073918983,1.6305319712801667,589,137.97064208984375,137.91903686523438,288.0,0.5729166666666666
590,-1.6660295156945177,1.479265656855952,590,136.3650360107422,136.31407165527344,288.0,0.5451388888888888
591,-1.0275821861439922,1.739480946907774,591,138.20809936523438,138.15591430664062,288.0,0.5347222222222222
592,-1.5109581956656788,1.6242774769185264,592,138.0328369140625,137.9796905517578,288.0,0.5347222222222222
593,-1.4340575819220855,1.5537869235257884,593,136.5286407470703,136.47756958007812,288.0,0.5520833333333334
594,-1.2782523749753227,1.58386865101717,594,134.37130737304688,134.32168579101562,288.0,0.5520833333333334
595,-1.4823095808490747,1.4798039879606526,595,134.93515014648438,134.88363647460938,288.0,0.5069444444444444
596,-1.517750300593056,1.4489499979227598,596,139.7102508544922,139.6577606201172,288.0,0.5347222222222222
597,-1.4867991649542611,1.4968061973167743,597,136.98187255859375,136.93051147460938,288.0,0.5555555555555556
598,-1.5994482041496159,1.5584030382647553,598,137.9405975341797,137.8887939453125,288.0,0.5069444444444444
599,-1.2679442336149824,1.6233338961826405,599,135.86680603027344,135.81549072265625,288.0,0.5104166666666666
600,-1.5577253493987646,1.5318210973187947,600,136.8730010986328,136.8201904296875,288.0,0.5347222222222222
601,-1.7603064560798394,1.332621837407584,601,136.1599884033203,136.10743713378906,288.0,0.5138888888888888
602,-1.715982917522667,1.4874793036734326,602,134.5438232421875,134.4930419921875,288.0,0.5173611111111112
603,-1.4639344955728322,1.5982799688818603,603,137.92630004882812,137.8743133544922,288.0,0.4930555555555556
604,-1.2416878972143057,1.5322697649276524,604,136.72682189941406,136.67454528808594,288.0,0.5104166666666666
605,-1.2459269722714659,1.6393559232176276,605,139.205078125,139.1523895263672,288.0,0.5069444444444444
606,-1.4407070948082006,1.586455309787907,606,135.61871337890625,135.5665283203125,288.0,0.5138888888888888
607,-1.6475737678206213,1.4137644457909078,607,138.70506286621094,138.65316772460938,288.0,0.5104166666666666
608,-1.2145808575757637,1.7167382946833776,608,135.8701171875,135.8190460205078,288.0,0.6006944444444444
609,-1.3417965997223729,1.6323244321724149,609,137.11532592773438,137.06314086914062,288.0,0.4652777777777778
610,-1.5324788203278423,1.538607297766524,610,136.2215576171875,136.17074584960938,288.0,0.5173611111111112
611,-1.4694517545039818,1.4904825022240966,611,135.72763061523438,135.67562866210938,288.0,0.5069444444444444
612,-1.3273837208276678,1.5939368779477503,612,138.71156311035156,138.65939331054688,288.0,0.5277777777777778
613,-1.3231774014160025,1.615737783165978,613,134.28811645507812,134.2378387451172,288.0,0.4826388888888889
614,-1.7099889046775807,1.3928989530309914,614,134.44708251953125,134.39645385742188,288.0,0.4965277777777778
615,-1.2658398996718212,1.6937299930693446,615,137.6611328125,137.60891723632812,288.0,0.53125
616,-1.3462252168918072,1.5151325773553987,616,137.80563354492188,137.75387573242188,288.0,0.4548611111111111
617,-1.6171882212160302,1.5005536430386275,617,135.89614868164062,135.84576416015625,288.0,0.4965277777777778
618,-1.309234251854674,1.5341427779270946,618,135.78009033203125,135.72821044921875,288.0,0.4791666666666667
619,-1.6768890179420906,1.4114892968105193,619,134.50967407226562,134.45947265625,288.0,0.5486111111111112
620,-1.5442972956752645,1.512988274401195,620,137.30337524414062,137.25254821777344,288.0,0.5034722222222222
621,-1.2387483029113897,1.5817155906576528,621,136.437744140625,136.38584899902344,288.0,0.5381944444444444
622,-1.2726800100988878,1.655779132911272,622,138.3196258544922,138.26626586914062,288.0,0.5138888888888888
623,-1.2691674211336925,1.621944082214031,623,137.309814453125,137.2578582763672,288.0,0.5625
624,-1.6624854891133012,1.4815677839896912,624,136.16986083984375,136.11752319335938,288.0,0.5069444444444444
625,-1.5952771136150812,1.3264271950277233,625,138.45480346679688,138.40301513671875,288.0,0.4722222222222222
626,-1.6807504044040895,1.4032810195964736,626,136.88021850585938,136.8299560546875,288.0,0.5416666666666666
627,-1.592898232313443,1.4330581984616175,627,137.83558654785156,137.78378295898438,288.0,0.5034722222222222
628,-1.6785384350925772,1.3847071624490097,628,136.12881469726562,136.0774688720703,288.0,0.5069444444444444
629,-1.6488201028152782,1.3495114612911068,629,135.95550537109375,135.9032745361328,288.0,0.46875
630,-1.621498928045779,1.3963308574087043,630,139.09646606445312,139.0436553955078,288.0,0.5138888888888888
631,-1.5607518006578018,1.3432416879181703,631,139.06796264648438,139.0155487060547,288.0,0.4791666666666667
632,-1.1639837426886068,1.7068803592444053,632,138.96827697753906,138.91629028320312,288.0,0.4861111111111111
633,-1.267990985171912,1.6122208424862767,633,138.01222229003906,137.96044921875,288.0,0.5138888888888888
634,-1.334541164178958,1.5165159320282382,634,137.126220703125,137.0742950439453,288.0,0.4756944444444444
635,-1.6132346273742324,1.3620980358410986,635,138.69271850585938,138.6407470703125,288.0,0.4895833333333333
636,-1.4650897405888406,1.4891358152432737,636,134.05410766601562,134.00302124023438,288.0,0.5138888888888888
637,-1.8378054941327788,1.3524485448876864,637,137.04644775390625,136.99520874023438,288.0,0.4930555555555556
638,-1.553076549937567,1.6041189209162325,638,136.6915740966797,136.64096069335938,288.0,0.5416666666666666
639,-1.1738853397469324,1.5870245742427993,639,136.75381469726562,136.70147705078125,288.0,0.4861111111111111
640,-1.3124805486894315,1.5368239973613338,640,137.03302001953125,136.98207092285156,288.0,0.4583333333333333
641,-1.3002100860575174,1.562230926872956,641,137.20709228515625,137.1561279296875,288.0,0.4965277777777778
642,-1.0922095977090638,1.62476204859254,642,136.39053344726562,136.33889770507812,288.0,0.4791666666666667
643,-1.799119925050692,1.4261593221518705,643,139.12295532226562,139.0701141357422,288.0,0.5
644,-1.372727660867947,1.5056039723430121,644,138.78997802734375,138.73724365234375,288.0,0.4513888888888889
645,-1.5915809047311111,1.455881420213234,645,135.36094665527344,135.3099822998047,288.0,0.4826388888888889
646,-1.4944722413149947,1.3600996613214589,646,135.56085205078125,135.5103302001953,288.0,0.5069444444444444
647,-1.3152509418762637,1.46667695181761,647,136.93350219726562,136.88206481933594,288.0,0.5
648,-1.439318029239524,1.5058662730498098,648,140.55670166015625,140.5039520263672,288.0,0.4895833333333333
649,-1.295215449825858,1.6331427823889095,649,136.94534301757812,136.89361572265625,288.0,0.5243055555555556
650,-1.1414258098027732,1.6300978032334956,650,137.3287353515625,137.27574157714844,288.0,0.5555555555555556
651,-1.7492552942557065,1.405443933853392,651,137.3610382080078,137.30801391601562,288.0,0.5590277777777778
652,-1.3065158741585994,1.5196441216321523,652,137.91339111328125,137.86154174804688,288.0,0.4375
653,-1.6405931705201813,1.429354942602173,653,138.66958618164062,138.61721801757812,288.0,0.5208333333333334
654,-1.3637606177287045,1.5455651630230043,654,134.2022705078125,134.1526641845703,288.0,0.5104166666666666
655,-1.4045411646826373,1.471793609118803,655,134.62684631347656,134.57620239257812,288.0,0.4375
656,-1.4560412537806937,1.4955952560184331,656,138.59902954101562,138.5468292236328,288.0,0.4861111111111111
657,-1.6408793493560028,1.3701552708407292,657,137.91847229003906,137.86715698242188,288.0,0.5069444444444444
658,-1.5400613889730281,1.4458172696592044,658,138.61416625976562,138.56277465820312,288.0,0.4652777777777778
659,-1.5193485066062062,1.3685086220310005,659,141.14743041992188,141.0944366455078,288.0,0.4618055555555556
660,-1.3165238487001467,1.4533306537168784,660,138.01214599609375,137.95919799804688,288.0,0.4548611111111111
661,-1.6927848564779238,1.434098765134119,661,136.32876586914062,136.27651977539062,288.0,0.5034722222222222
662,-1.512142106463904,1.4268799164875852,662,138.3452606201172,138.29327392578125,288.0,0.4895833333333333
663,-1.4585851999128172,1.5071833687845761,663,138.54049682617188,138.4884033203125,288.0,0.4791666666666667
664,-1.6706386386943735,1.4564591568995262,664,140.15269470214844,140.1001739501953,288.0,0.5138888888888888
665,-1.4743520688758989,1.4404260084994605,665,136.5982666015625,136.5467529296875,288.0,0.4895833333333333
666,-1.7124141824247174,1.379046939240145,666,136.08973693847656,136.0374755859375,288.0,0.4930555555555556
667,-1.34317559138036,1.5178421101309363,667,133.01669311523438,132.96673583984375,288.0,0.4861111111111111
668,-1.5407501424403662,1.4644030381286712,668,136.25222778320312,136.2017822265625,288.0,0.4375
669,-1.3175410756153398,1.5087190197254567,669,133.846923828125,133.79736328125,288.0,0.4513888888888889
670,-1.6634352152270269,1.3942259744951266,670,132.13389587402344,132.0839080810547,288.0,0.5
671,-1.2355036433720759,1.5385069405713119,671,134.19813537597656,134.14788818359375,288.0,0.4756944444444444
672,-1.4912054959398746,1.6308168026797603,672,138.19761657714844,138.14599609375,288.0,0.5381944444444444
673,-1.590262478739484,1.446684348376812,673,137.29629516601562,137.24423217773438,288.0,0.5173611111111112
674,-1.72721093358068,1.4890804712423173,674,136.52853393554688,136.47677612304688,288.0,0.5138888888888888
675,-1.6813873152640935,1.3633320616541609,675,136.68560791015625,136.63404846191406,288.0,0.4791666666666667
676,-1.0696183368713852,1.6719634105851313,676,136.5390625,136.48846435546875,288.0,0.4861111111111111
677,-1.488729684355937,1.4842584414756033,677,138.9674072265625,138.91494750976562,288.0,0.5173611111111112
678,-1.3667087807463478,1.4374980276093088,678,137.36911010742188,137.318359375,288.0,0.4722222222222222
679,-1.6974460223736803,1.4880720174707982,679,137.65469360351562,137.603515625,288.0,0.4895833333333333
680,-1.686708811617905,1.4970982964626418,680,135.83203125,135.7803192138672,288.0,0.5069444444444444
681,-1.599611042285675,1.3809970969608265,681,137.3697509765625,137.31752014160156,288.0,0.4479166666666667
682,-1.1382418508803285,1.5014047134469777,682,136.39883422851562,136.3473663330078,288.0,0.4409722222222222
683,-1.4743955876387107,1.395907138060147,683,139.1023712158203,139.05010986328125,288.0,0.4583333333333333
684,-1.8550904503810957,1.4369004486449974,684,136.45587158203125,136.40457153320312,288.0,0.5451388888888888
685,-1.549405165687437,1.441468667091556,685,136.8658447265625,136.81387329101562,288.0,0.4791666666666667
686,-1.5643039077622554,1.4681395220825715,686,138.16151428222656,138.10916137695312,288.0,0.4826388888888889
687,-1.6741752909580494,1.3460493774301352,687,136.0364532470703,135.98529052734375,288.0,0.4340277777777778
688,-1.5583170153568195,1.4177534863745558,688,137.58126831054688,137.52854919433594,288.0,0.4444444444444444
689,-1.7710787255116325,1.3874375716764493,689,136.01019287109375,135.95907592773438,288.0,0.4895833333333333
690,-1.4158536347948565,1.4110828869963286,690,138.1124267578125,138.06056213378906,288.0,0.4583333333333333
691,-1.434591804410344,1.5072340496348273,691,138.62490844726562,138.57235717773438,288.0,0.5243055555555556
692,-1.0660723677408093,1.611359790475755,692,136.46022033691406,136.40817260742188,288.0,0.5381944444444444
693,-1.4856941051624442,1.566357600379155,693,138.15782165527344,138.105712890625,288.0,0.4930555555555556
694,-1.0612578118271392,1.6598695794549405,694,136.33187866210938,136.27938842773438,288.0,0.4756944444444444
695,-1.3366511440089057,1.4942994497210773,695,136.8557586669922,136.80349731445312,288.0,0.4548611111111111
696,-1.277802735851792,1.5242908322714355,696,135.355224609375,135.30340576171875,288.0,0.4722222222222222
697,-1.226688019481782,1.5712594429355204,697,136.61976623535156,136.56787109375,288.0,0.4652777777777778
698,-1.3068112005530985,1.5589950418701641,698,138.14871215820312,138.09593200683594,288.0,0.4409722222222222
699,-1.6366001573552864,1.4653033648766527,699,137.13006591796875,137.0779266357422,288.0,0.5138888888888888
700,-1.289843498133395,1.5925489816606713,700,137.92459106445312,137.87210083007812,288.0,0.4895833333333333
701,-1.7262227643725858,1.4101495771786583,701,137.4259490966797,137.37368774414062,288.0,0.4965277777777778
702,-1.5761394203759496,1.4057764472677854,702,138.34164428710938,138.28965759277344,288.0,0.4791666666666667
703,-1.7582254156036758,1.4355741905664838,703,136.65286254882812,136.60134887695312,288.0,0.5
704,-1.342683805756125,1.589894111397869,704,138.06341552734375,138.01011657714844,288.0,0.5
705,-1.7009500621008133,1.4896770183480441,705,135.8058624267578,135.75448608398438,288.0,0.4826388888888889
706,-1.1604463251548844,1.57525831057341,706,136.4478759765625,136.3962860107422,288.0,0.4756944444444444
707,-0.9547318920944912,1.5567438636815014,707,136.19256591796875,136.14031982421875,288.0,0.4236111111111111
708,-1.1552705163571053,1.5781845902081908,708,135.11309814453125,135.0639190673828,288.0,0.4444444444444444
709,-1.6633669825448862,1.4720184614582104,709,134.5972900390625,134.54681396484375,288.0,0.4895833333333333
710,-1.3389457216884222,1.5381904758791372,710,135.18104553222656,135.1299285888672,288.0,0.4305555555555556
711,-1.3321585022389393,1.6124176712878375,711,136.88333129882812,136.83242797851562,288.0,0.5208333333333334
712,-1.412419923522335,1.4465283073232293,712,135.02389526367188,134.97291564941406,288.0,0.4548611111111111
713,-1.0939862209222646,1.4838457161220877,713,137.66769409179688,137.616455078125,288.0,0.4791666666666667
714,-1.1600177388883663,1.565602949997625,714,133.197509765625,133.14776611328125,288.0,0.4375
715,-1.232400103120956,1.5563596557285562,715,138.04769897460938,137.99557495117188,288.0,0.4409722222222222
716,-1.2394397686674692,1.681465634296277,716,136.6886444091797,136.6361541748047,288.0,0.4618055555555556
717,-1.1002668350172538,1.5367639375052493,717,137.73524475097656,137.6834716796875,288.0,0.4270833333333333
718,-0.9380499570564491,1.5524226588228647,718,139.15362548828125,139.10150146484375,288.0,0.4340277777777778
719,-1.2161688048779924,1.5981642225823407,719,137.9278564453125,137.87704467773438,288.0,0.5034722222222222
720,-1.536976571648302,1.4717164250391794,720,135.19039916992188,135.13914489746094,288.0,0.4618055555555556
721,-1.0253333252573347,1.6093564698182186,721,137.52122497558594,137.46878051757812,288.0,0.4340277777777778
722,-1.623661974884854,1.475208704356273,722,137.27462768554688,137.22390747070312,288.0,0.46875
723,-1.4965579078760756,1.3394349876837368,723,136.40280151367188,136.35104370117188,288.0,0.4513888888888889
724,-1.1166177656738816,1.5195758393942806,724,137.28076171875,137.228515625,288.0,0.4583333333333333
725,-1.3223993882088159,1.443980875774729,725,139.67124938964844,139.61856079101562,288.0,0.4479166666666667
726,-1.6323578811886332,1.4073533269631266,726,136.57464599609375,136.52215576171875,288.0,0.4826388888888889
727,-1.1100762940039413,1.5908532869199763,727,137.49395751953125,137.44131469726562,288.0,0.4652777777777778
728,-1.111320448114598,1.6439379627270034,728,138.75152587890625,138.6993865966797,288.0,0.4722222222222222
729,-1.567426491545957,1.3854875046444575,729,136.49993896484375,136.44680786132812,288.0,0.4652777777777778
730,-1.2028545259168315,1.7448012833753443,730,136.88238525390625,136.831298828125,288.0,0.5243055555555556
731,-1.6770178075085649,1.4602357923183693,731,136.86883544921875,136.816650390625,288.0,0.5104166666666666
732,-1.5297724362883065,1.442491192224498,732,134.1871795654297,134.13681030273438,288.0,0.46875
733,-1.0646484836999623,1.5412605126315502,733,138.19772338867188,138.14553833007812,288.0,0.4548611111111111
734,-1.562426095387836,1.3726890520136135,734,137.3883056640625,137.33592224121094,288.0,0.4305555555555556
735,-1.3970701860175077,1.5983272027933408,735,139.55508422851562,139.50355529785156,288.0,0.46875
736,-1.4054239733874299,1.4320734065723433,736,137.24853515625,137.19667053222656,288.0,0.4375
737,-1.389006206831692,1.4610238704094354,737,138.78245544433594,138.7299041748047,288.0,0.4097222222222222
738,-1.6466759046804573,1.3965555152731661,738,138.55404663085938,138.501953125,288.0,0.4201388888888889
739,-1.4694520557369286,1.5572302045087751,739,136.81199645996094,136.7598114013672,288.0,0.46875
740,-1.4754323509478513,1.4743012593070444,740,135.7711944580078,135.7210235595703,288.0,0.4375
741,-1.3388376578328307,1.621544956243408,741,139.2191162109375,139.1683349609375,288.0,0.4722222222222222
742,-1.6535491405435339,1.342075575409699,742,137.74623107910156,137.69491577148438,288.0,0.4270833333333333
743,-1.4399777877736615,1.451274599590492,743,137.343994140625,137.29173278808594,288.0,0.4791666666666667
744,-1.165143638387875,1.4740067464261557,744,138.06072998046875,138.00845336914062,288.0,0.4826388888888889
745,-1.2964389135462895,1.63623709220682,745,139.21823120117188,139.16629028320312,288.0,0.5
746,-1.4097602479109093,1.4497391337051329,746,140.89743041992188,140.84463500976562,288.0,0.4861111111111111
747,-1.556424113120063,1.3406640326149264,747,135.88429260253906,135.83309936523438,288.0,0.4513888888888889
748,-1.232624264923712,1.6289215383343927,748,134.88116455078125,134.828857421875,288.0,0.4652777777777778
749,-1.0858715876632639,1.495490274108942,749,137.03671264648438,136.9834747314453,288.0,0.4513888888888889
750,-1.560944618062699,1.4015599977330382,750,138.18252563476562,138.1302490234375,288.0,0.4409722222222222
751,-1.5269954566574628,1.3746172771541103,751,137.7794952392578,137.72677612304688,288.0,0.4201388888888889
752,-1.441176908456633,1.4386942359442667,752,137.01788330078125,136.9649658203125,288.0,0.4722222222222222
753,-1.3734309933430695,1.4165211679755192,753,137.343017578125,137.29103088378906,288.0,0.4131944444444444
754,-1.6800337294615992,1.3792585042927457,754,140.572265625,140.5196533203125,288.0,0.4479166666666667
755,-1.6097424389764585,1.5084445393406456,755,140.45188903808594,140.40025329589844,288.0,0.4861111111111111
756,-1.1810312389811952,1.5428142568810022,756,136.31143188476562,136.2591094970703,288.0,0.4409722222222222
757,-1.6242781129534085,1.3896220443178824,757,138.4359893798828,138.3841094970703,288.0,0.4756944444444444
758,-1.149685894244051,1.6207821754275318,758,138.82171630859375,138.76971435546875,288.0,0.4375
759,-1.2456837197845583,1.46490601472526,759,136.43299865722656,136.38034057617188,288.0,0.4583333333333333
760,-1.368199901911966,1.4262025259626077,760,138.31539916992188,138.26333618164062,288.0,0.4201388888888889
761,-1.4445516762774455,1.5171378458437494,761,137.6402587890625,137.58834838867188,288.0,0.4652777777777778
762,-1.5566089753034347,1.4087041389134591,762,136.88973999023438,136.83885192871094,288.0,0.4444444444444444
763,-1.5250566162600214,1.4351374075311734,763,138.11459350585938,138.06236267089844,288.0,0.4548611111111111
764,-0.9795574071202585,1.659133950742034,764,139.700439453125,139.64755249023438,288.0,0.4652777777777778
765,-1.2872135740180335,1.5304678535479956,765,139.9978790283203,139.94601440429688,288.0,0.4930555555555556
766,-1.183824929615743,1.5307575544801209,766,139.30596923828125,139.25457763671875,288.0,0.4479166666666667
767,-1.1729036407705609,1.490545942163245,767,136.11358642578125,136.06314086914062,288.0,0.4027777777777778
768,-1.4872619182032432,1.3640894937018861,768,137.9501495361328,137.89886474609375,288.0,0.3958333333333333
769,-1.4253644011071696,1.403314003973655,769,139.74404907226562,139.69125366210938,288.0,0.4409722222222222
770,-1.4428580740951067,1.4024411448255192,770,137.6080322265625,137.55535888671875,288.0,0.4618055555555556
771,-1.0969965193955287,1.5451469605889216,771,137.1181182861328,137.0654296875,288.0,0.4027777777777778
772,-1.3529377918827896,1.6403022759963521,772,137.0011444091797,136.94924926757812,288.0,0.5104166666666666
773,-1.6621353439769346,1.4100979937469396,773,138.4453125,138.39227294921875,288.0,0.46875
774,-1.416958807114254,1.403348331789254,774,134.05357360839844,134.0032958984375,288.0,0.4270833333333333
775,-1.1646390886999476,1.4332118865826264,775,136.28561401367188,136.23486328125,288.0,0.4305555555555556
776,-1.4147189217729024,1.4336983367611649,776,139.69912719726562,139.64659118652344,288.0,0.4409722222222222
777,-1.4673342681238235,1.4253588416561254,777,137.42677307128906,137.37477111816406,288.0,0.4131944444444444
778,-1.5606255399478506,1.402855359953401,778,137.27481079101562,137.22352600097656,288.0,0.4548611111111111
779,-1.149169296998679,1.502329902275384,779,130.9578857421875,130.908203125,288.0,0.4583333333333333
780,-1.4040322751809708,1.5693361284649558,780,138.13099670410156,138.07888793945312,288.0,0.4652777777777778
781,-1.1539130342172426,1.5019352576999965,781,137.56600952148438,137.51507568359375,288.0,0.4756944444444444
782,-1.038944891758724,1.549128394560896,782,138.230712890625,138.17800903320312,288.0,0.3923611111111111
783,-1.147787217207392,1.5747061695274673,783,137.32489013671875,137.27395629882812,288.0,0.4479166666666667
784,-1.6611919024958064,1.40091944523664,784,136.71890258789062,136.6678924560547,288.0,0.4097222222222222
785,-1.0358013892211606,1.5863714490065657,785,137.1411590576172,137.08978271484375,288.0,0.4131944444444444
786,-1.0091962483932675,1.5704551961492053,786,135.31085205078125,135.25942993164062,288.0,0.4340277777777778
787,-1.4446053144441846,1.4462775286753415,787,137.4427947998047,137.39093017578125,288.0,0.4166666666666667
788,-1.5743823254461076,1.3627947451207203,788,133.01797485351562,132.96762084960938,288.0,0.4375
789,-1.5163749049275002,1.4243087827077858,789,138.12405395507812,138.07241821289062,288.0,0.4444444444444444
790,-1.3703567521191002,1.380165730588279,790,138.13551330566406,138.08338928222656,288.0,0.4340277777777778
791,-1.233451591949409,1.4528373827474268,791,135.07151794433594,135.02127075195312,288.0,0.4305555555555556
792,-1.0840796157371129,1.5524222378030046,792,137.3929901123047,137.3414764404297,288.0,0.4375
793,-1.529457959292018,1.367249771976464,793,140.3833465576172,140.33004760742188,288.0,0.4583333333333333
794,-1.341643338829533,1.5073123792232972,794,138.44705200195312,138.39483642578125,288.0,0.4340277777777778
795,-1.2825530010830033,1.5387253320123733,795,138.19471740722656,138.14254760742188,288.0,0.4444444444444444
796,-1.7661340227070563,1.3619820602770163,796,136.59815979003906,136.54605102539062,288.0,0.4756944444444444
797,-1.2917341265832887,1.5028212249391748,797,138.48684692382812,138.43399047851562,288.0,0.40625
798,-1.061301574636841,1.5425237857607126,798,136.94436645507812,136.8922576904297,288.0,0.4305555555555556
799,-1.5890604394814505,1.4025981996682961,799,136.26535034179688,136.21444702148438,288.0,0.4236111111111111
800,-1.5727463643188306,1.4247713784677427,800,138.0266571044922,137.97413635253906,288.0,0.4479166666666667
801,-1.234421897966732,1.5142270141017145,801,137.3516082763672,137.29888916015625,288.0,0.3993055555555556
802,-1.174343945623526,1.5054798612901337,802,138.5048828125,138.4537353515625,288.0,0.4270833333333333
803,-1.3887613982327442,1.4999337278764908,803,137.32421875,137.27426147460938,288.0,0.4513888888888889
804,-1.3448781555803488,1.4459650371480917,804,137.56887817382812,137.51744079589844,288.0,0.4131944444444444
805,-1.5146958002519817,1.4060416334143564,805,138.33291625976562,138.27978515625,288.0,0.4513888888888889
806,-1.4283378250997498,1.3979740403791212,806,138.1455535888672,138.09341430664062,288.0,0.4409722222222222
807,-1.2037498884894646,1.4516738018794266,807,134.94729614257812,134.89718627929688,288.0,0.3854166666666667
808,-1.2584733093051406,1.6327323754901188,808,135.07151794433594,135.01918029785156,288.0,0.4305555555555556
809,-1.7330920471907478,1.3179255924803674,809,137.16848754882812,137.11668395996094,288.0,0.3993055555555556
810,-1.6153377890105185,1.3383919008199823,810,137.01824951171875,136.96798706054688,288.0,0.3993055555555556
811,-1.6619023295044706,1.4185876800390367,811,136.42893981933594,136.37789916992188,288.0,0.4305555555555556
812,-1.3611653940404804,1.43721267874122,812,135.740478515625,135.68832397460938,288.0,0.4756944444444444
813,-1.6449355643585946,1.4249915677155915,813,135.1489715576172,135.09811401367188,288.0,0.4270833333333333
814,-1.54689862857501,1.4327171435061516,814,139.2879180908203,139.2359619140625,288.0,0.4340277777777778
815,-1.2774496738530654,1.5279148447907183,815,136.31838989257812,136.26708984375,288.0,0.4201388888888889
816,-1.5235940976629776,1.4722954305511686,816,136.3201904296875,136.26882934570312,288.0,0.4270833333333333
817,-1.412014217896583,1.5983651481247978,817,136.43861389160156,136.38772583007812,288.0,0.4201388888888889
818,-1.5214415962221863,1.4424730272686241,818,136.53204345703125,136.48037719726562,288.0,0.4340277777777778
819,-1.5986038859007579,1.4003100405966329,819,135.81396484375,135.7622528076172,288.0,0.3819444444444444
820,-1.18842024827824,1.5610980330392568,820,136.96620178222656,136.91616821289062,288.0,0.3784722222222222
821,-1.2733474292334135,1.4753703741469026,821,135.15187072753906,135.09942626953125,288.0,0.3993055555555556
822,-1.5863713933580703,1.4292791646499121,822,132.44076538085938,132.39125061035156,288.0,0.4375
823,-1.2144496785478873,1.5406323254223944,823,137.38455200195312,137.3323211669922,288.0,0.4548611111111111
824,-1.5823220951792125,1.4235951144111076,824,134.61328125,134.5618896484375,288.0,0.4722222222222222
825,-1.3491199696834333,1.37307210472381,825,135.77032470703125,135.71949768066406,288.0,0.3611111111111111
826,-1.040119592860116,1.6670136386832681,826,136.9044189453125,136.85296630859375,288.0,0.4548611111111111
827,-1.559592754152283,1.4222067913313357,827,135.9971466064453,135.94534301757812,288.0,0.4409722222222222
828,-1.609906621696347,1.5368058585383157,828,136.46389770507812,136.41265869140625,288.0,0.4583333333333333
829,-1.4274014934438695,1.419114151764189,829,137.28369140625,137.23194885253906,288.0,0.3784722222222222
830,-1.3423645334186876,1.43322937026463,830,132.15631103515625,132.1064453125,288.0,0.3958333333333333
831,-1.5245653885992458,1.4192249921531395,831,133.93264770507812,133.88238525390625,288.0,0.4201388888888889
832,-1.1723743151155186,1.4688572325613989,832,135.4115447998047,135.3605499267578,288.0,0.4201388888888889
833,-1.2096735119541786,1.5344892140230495,833,137.62979125976562,137.5767822265625,288.0,0.4270833333333333
834,-1.7047549031556168,1.3896061733787626,834,132.25277709960938,132.20228576660156,288.0,0.4166666666666667
835,-1.279589655394293,1.5368861774698954,835,136.19857788085938,136.14666748046875,288.0,0.3993055555555556
836,-1.4819577592394175,1.43211749239707,836,136.64456176757812,136.59182739257812,288.0,0.4652777777777778
837,-1.1117314713863806,1.5874511786001049,837,136.17506408691406,136.1240234375,288.0,0.3819444444444444
838,-1.4394970699219662,1.3531370724598963,838,135.5694580078125,135.51841735839844,288.0,0.3888888888888889
839,-1.662509812096531,1.3873727605497423,839,138.67022705078125,138.61834716796875,288.0,0.4479166666666667
840,-1.4718137456812288,1.3409611226125768,840,134.7314910888672,134.6807861328125,288.0,0.3819444444444444
841,-1.4991347161166166,1.4208199166110316,841,135.77305603027344,135.72244262695312,288.0,0.4201388888888889
842,-1.4704789196425243,1.3457007942362595,842,134.27357482910156,134.22341918945312,288.0,0.3958333333333333
843,-1.4752488446226917,1.2606324882498054,843,138.4810028076172,138.42921447753906,288.0,0.4097222222222222
844,-1.288205518353279,1.3707138477131022,844,137.62860107421875,137.57716369628906,288.0,0.4027777777777778
845,-1.2817401796880719,1.464007521321058,845,133.16525268554688,133.1146240234375,288.0,0.4305555555555556
846,-1.4708798950890243,1.35433641079832,846,137.6490936279297,137.59701538085938,288.0,0.375
847,-1.3490995356913582,1.5618820405447411,847,137.009521484375,136.9575653076172,288.0,0.3888888888888889
848,-1.3579276137323357,1.437209930473229,848,137.8833770751953,137.8320770263672,288.0,0.4270833333333333
849,-1.2213368214164668,1.5429404289990005,849,137.99716186523438,137.94430541992188,288.0,0.40625
850,-1.6444257264502147,1.3125949577629337,850,139.09024047851562,139.03697204589844,288.0,0.4340277777777778
851,-1.4666000073005623,1.3579795337743865,851,137.18646240234375,137.1343994140625,288.0,0.3993055555555556
852,-1.2229808217852467,1.4576138983613796,852,136.0631103515625,136.01275634765625,288.0,0.3854166666666667
853,-0.9923643404589905,1.4777502448536508,853,137.4390869140625,137.3874969482422,288.0,0.3576388888888889
854,-1.42191961494662,1.3814234436882467,854,138.1116943359375,138.05931091308594,288.0,0.40625
855,-1.298293740588983,1.4976258690256599,855,135.85598754882812,135.80477905273438,288.0,0.4444444444444444
856,-1.4643868761886523,1.3422400599489026,856,138.7801971435547,138.7291259765625,288.0,0.3784722222222222
857,-1.0572497382779957,1.4808685635711352,857,138.86831665039062,138.81578063964844,288.0,0.3888888888888889
858,-1.579084754875938,1.3091318884546388,858,138.248046875,138.19525146484375,288.0,0.3993055555555556
859,-0.9580381372651657,1.5934185513216392,859,137.36318969726562,137.3118896484375,288.0,0.3993055555555556
860,-1.3948648969135053,1.4140482581016733,860,137.27474975585938,137.22250366210938,288.0,0.4201388888888889
861,-1.0983188919518367,1.5113258689936298,861,136.06724548339844,136.0166473388672,288.0,0.3715277777777778
862,-1.5063942907851138,1.3301194077106213,862,131.93280029296875,131.88230895996094,288.0,0.4270833333333333
863,-1.1647857247073634,1.4830983630012953,863,137.91177368164062,137.8599853515625,288.0,0.4097222222222222
864,-1.5410100175980557,1.3320483752963574,864,137.55987548828125,137.50827026367188,288.0,0.40625
865,-1.5328780098573394,1.404620760357237,865,137.55677795410156,137.50437927246094,288.0,0.40625
866,-1.6264898341883536,1.4486463622373458,866,138.0767059326172,138.02552795410156,288.0,0.4583333333333333
867,-1.4603513511280526,1.3556489048980946,867,140.0023193359375,139.95028686523438,288.0,0.4444444444444444
868,-1.4366190522543196,1.3986399003138823,868,134.49290466308594,134.44175720214844,288.0,0.3958333333333333
869,-1.2438506342197744,1.4134991932866787,869,138.19644165039062,138.14454650878906,288.0,0.3819444444444444
870,-1.543602233887688,1.3678920216977817,870,138.04159545898438,137.98919677734375,288.0,0.40625
871,-1.3776382247147572,1.3755112727310912,871,138.12939453125,138.076904296875,288.0,0.4270833333333333
872,-1.195106517556419,1.4466467126418163,872,137.69552612304688,137.64344787597656,288.0,0.3819444444444444
873,-1.4786137249832179,1.39452116368515,873,138.99102783203125,138.93966674804688,288.0,0.4027777777777778
874,-1.5613062766041725,1.2909719285170502,874,137.85421752929688,137.8021240234375,288.0,0.4340277777777778
875,-1.0044072800727342,1.460309629742735,875,132.8042755126953,132.75352478027344,288.0,0.3784722222222222
876,-1.065801008461227,1.65393773614076,876,138.34999084472656,138.29782104492188,288.0,0.40625
877,-0.9904694811616458,1.3759597946216737,877,138.48724365234375,138.43539428710938,288.0,0.3506944444444444
878,-1.186119879472666,1.5848737046917576,878,139.9414825439453,139.88894653320312,288.0,0.4236111111111111
879,-1.4337909677698588,1.5725353385162437,879,140.29275512695312,140.2400360107422,288.0,0.40625
880,-1.6318462637898665,1.3918803287214854,880,136.43798828125,136.3869171142578,288.0,0.4513888888888889
881,-1.5819922147111274,1.2900167040497408,881,137.49176025390625,137.43899536132812,288.0,0.3784722222222222
882,-1.0680604365527482,1.566196363752188,882,134.87884521484375,134.82748413085938,288.0,0.4166666666666667
883,-1.3450011573075928,1.3726174809910614,883,137.77481079101562,137.72372436523438,288.0,0.3715277777777778
884,-1.5981600352214644,1.39561927885929,884,138.35841369628906,138.305908203125,288.0,0.4236111111111111
885,-1.4935016346402012,1.4563243710687206,885,138.67889404296875,138.62789916992188,288.0,0.3715277777777778
886,-1.2353115747925658,1.5205809619558865,886,137.4976806640625,137.4452667236328,288.0,0.4166666666666667
887,-1.1928087176776396,1.5193522401843398,887,137.3182373046875,137.26593017578125,288.0,0.3645833333333333
888,-1.1050674295914886,1.5120203489156816,888,137.688232421875,137.6364288330078,288.0,0.3993055555555556
889,-1.5341258703791667,1.4080219236887075,889,133.87669372558594,133.82595825195312,288.0,0.3993055555555556
890,-1.6614434533116866,1.3235788331998635,890,136.81973266601562,136.76873779296875,288.0,0.4131944444444444
891,-1.031832368976857,1.4731366648228936,891,133.6119842529297,133.56173706054688,288.0,0.3819444444444444
892,-1.5511969942925228,1.406517323690951,892,136.93983459472656,136.88790893554688,288.0,0.4166666666666667
893,-0.9416768354837415,1.460207760206627,893,135.2197265625,135.16888427734375,288.0,0.3784722222222222
894,-1.1713774188640433,1.5338398232496415,894,136.7083282470703,136.65614318847656,288.0,0.3645833333333333
895,-1.392254100448578,1.3767650345974707,895,135.86178588867188,135.810302734375,288.0,0.3680555555555556
896,-0.8984086054503371,1.6186722811939547,896,134.86802673339844,134.81729125976562,288.0,0.3993055555555556
897,-1.2130052092489232,1.4037507001667167,897,138.47232055664062,138.41964721679688,288.0,0.3819444444444444
898,-1.3028104474369446,1.5274696635755496,898,133.5190887451172,133.4691162109375,288.0,0.4097222222222222
899,-1.4558950739077607,1.4174978811602423,899,137.33668518066406,137.2843475341797,288.0,0.3993055555555556
900,-1.4427508013977832,1.3114167836740394,900,134.04266357421875,133.993408203125,288.0,0.4027777777777778
901,-1.209213338719252,1.4935252547001687,901,137.23062133789062,137.17788696289062,288.0,0.4236111111111111
902,-1.4152570421940718,1.4172024021464058,902,138.43283081054688,138.38092041015625,288.0,0.3680555555555556
903,-1.3177055240009938,1.339351938856906,903,138.6564178466797,138.60433959960938,288.0,0.3784722222222222
904,-1.1362448723747849,1.522500448306628,904,138.31448364257812,138.26202392578125,288.0,0.4444444444444444
905,-1.4520722178959562,1.3153913214614832,905,137.87673950195312,137.82473754882812,288.0,0.3611111111111111
906,-1.2088952310572971,1.5496982472615701,906,137.55203247070312,137.50082397460938,288.0,0.3958333333333333
907,-1.2284847473547673,1.6069491073131097,907,138.95089721679688,138.899169921875,288.0,0.4305555555555556
908,-1.0174112390513517,1.5197667854060235,908,138.3077392578125,138.25558471679688,288.0,0.3923611111111111
909,-1.0104491535641555,1.5277486310816948,909,137.7766571044922,137.72314453125,288.0,0.4027777777777778
910,-1.436220885877642,1.4154854921535662,910,138.71884155273438,138.66653442382812,288.0,0.3472222222222222
911,-1.4239435294503968,1.3608780266462865,911,137.2998046875,137.24826049804688,288.0,0.375
912,-1.2472055948256724,1.3930238864412057,912,136.12741088867188,136.07559204101562,288.0,0.3680555555555556
913,-0.9595957813582151,1.5424336976290962,913,138.54701232910156,138.49508666992188,288.0,0.3645833333333333
914,-1.51911678792714,1.3973747521254247,914,136.1380615234375,136.0888671875,288.0,0.3993055555555556
915,-1.5080642643388944,1.4135507325282977,915,139.1948699951172,139.1418914794922,288.0,0.3923611111111111
916,-1.4062398904399152,1.4266648015802756,916,136.39886474609375,136.34747314453125,288.0,0.3958333333333333
917,-1.2076412835134345,1.5371958123839664,917,138.064453125,138.0126953125,288.0,0.4027777777777778
918,-1.3937943855136459,1.4841763002287822,918,136.61495971679688,136.56350708007812,288.0,0.3923611111111111
919,-1.029347270861894,1.5076754728533837,919,139.26397705078125,139.212158203125,288.0,0.375
920,-1.4449871450923917,1.3747868115914519,920,137.789306640625,137.7375030517578,288.0,0.3888888888888889
921,-1.4904252759937155,1.3794531424328693,921,139.00355529785156,138.9503936767578,288.0,0.3923611111111111
922,-1.6635064193096676,1.3786248949089757,922,139.30560302734375,139.252685546875,288.0,0.3854166666666667
923,-1.2248418673521952,1.4057366333407908,923,135.6068878173828,135.55572509765625,288.0,0.375
924,-1.4859621097038758,1.335375000818311,924,135.083740234375,135.03355407714844,288.0,0.3784722222222222
925,-1.323114224957449,1.3715268252846538,925,136.9887237548828,136.9373779296875,288.0,0.3715277777777778
926,-1.4484363118009804,1.4939549319081162,926,135.86611938476562,135.8154754638672,288.0,0.40625
927,-1.2698384160496081,1.3901611870588242,927,138.29759216308594,138.24545288085938,288.0,0.3125
928,-1.3274906327046294,1.5253499668539765,928,139.09642028808594,139.04391479492188,288.0,0.4236111111111111
929,-1.2898378669331223,1.473830314466467,929,138.22470092773438,138.17193603515625,288.0,0.375
930,-1.1100041203793896,1.485493416008401,930,137.774169921875,137.72250366210938,288.0,0.3923611111111111
931,-1.4133548107589553,1.502697214759711,931,136.76437377929688,136.7133331298828,288.0,0.375
932,-1.4874991012218333,1.405223941607709,932,134.80577087402344,134.7549285888672,288.0,0.3923611111111111
933,-1.0427050870687935,1.438249057529161,933,136.60794067382812,136.5564727783203,288.0,0.3576388888888889
934,-1.491788900349418,1.3931146350760188,934,138.67852783203125,138.6265106201172,288.0,0.40625
935,-1.1777257585037584,1.4934767597679057,935,137.55081176757812,137.49810791015625,288.0,0.3854166666666667
936,-1.4187224826181135,1.3605189331186458,936,136.83169555664062,136.7799835205078,288.0,0.375
937,-0.9709065456083622,1.4812053485033887,937,138.30950927734375,138.25743103027344,288.0,0.3854166666666667
938,-1.3654272897895374,1.2154131656800258,938,137.08253479003906,137.03025817871094,288.0,0.3368055555555556
939,-1.1737290487637482,1.425969191773105,939,138.3521728515625,138.29991149902344,288.0,0.34375
940,-1.35988235873697,1.2990841670244693,940,137.08099365234375,137.02999877929688,288.0,0.3715277777777778
941,-0.9275827646426964,1.4609495989200423,941,136.83895874023438,136.7869873046875,288.0,0.3576388888888889
942,-1.413090476924217,1.3439025233612676,942,137.54904174804688,137.49659729003906,288.0,0.3020833333333333
943,-1.1515667226686614,1.4088292700197884,943,137.60458374023438,137.55128479003906,288.0,0.3784722222222222
944,-1.158800925264487,1.3733842621072865,944,139.20408630371094,139.15219116210938,288.0,0.3402777777777778
945,-1.4190535682841963,1.347810392487439,945,138.48455810546875,138.4317626953125,288.0,0.3888888888888889
946,-1.5853409064105901,1.3955570588888138,946,139.02577209472656,138.97352600097656,288.0,0.4236111111111111
947,-1.4474968304963538,1.3470347818965371,947,137.30218505859375,137.25,288.0,0.3958333333333333
948,-1.5233941894301362,1.3979540341169394,948,136.9539794921875,136.9021453857422,288.0,0.3715277777777778
949,-1.2115843341369075,1.3115843040186346,949,137.05255126953125,137.0006103515625,288.0,0.3472222222222222
950,-1.360481108191482,1.3326565217079331,950,137.5138397216797,137.461669921875,288.0,0.375
951,-1.428835334538213,1.4743398099324527,951,136.21505737304688,136.16307067871094,288.0,0.4131944444444444
952,-1.5110942998921617,1.3651558652852838,952,137.91976928710938,137.86807250976562,288.0,0.3680555555555556
953,-1.0158021916720108,1.4307040438316916,953,137.59320068359375,137.54156494140625,288.0,0.3576388888888889
954,-1.2659870265509683,1.4896568255678353,954,137.38455200195312,137.33216857910156,288.0,0.3611111111111111
955,-1.2732541349112947,1.4177853432102614,955,137.16204833984375,137.11050415039062,288.0,0.3784722222222222
956,-1.4106241968158677,1.3830098903708643,956,136.77774047851562,136.72544860839844,288.0,0.3333333333333333
957,-1.3336605664434795,1.3712323931019166,957,138.65701293945312,138.60537719726562,288.0,0.3472222222222222
958,-0.8906079312959059,1.3962093272892935,958,135.59442138671875,135.5433349609375,288.0,0.3055555555555556
959,-1.3562466799999116,1.4393799196313404,959,139.49896240234375,139.4460906982422,288.0,0.375
960,-0.8908906397507322,1.5243857673647536,960,139.235595703125,139.18359375,288.0,0.3576388888888889
961,-1.3177273220158057,1.4326096684093625,961,139.20281982421875,139.14990234375,288.0,0.3854166666666667
962,-1.1705079011276909,1.4450924643504675,962,136.60601806640625,136.5548553466797,288.0,0.3923611111111111
963,-1.1963260744139594,1.4159577603784308,963,137.1636199951172,137.112548828125,288.0,0.3576388888888889
964,-1.4652616946137285,1.393572721107587,964,139.84109497070312,139.78927612304688,288.0,0.3402777777777778
965,-1.1433414830884001,1.546095700563516,965,136.37147521972656,136.31936645507812,288.0,0.3854166666666667
966,-1.3273252936597737,1.4301414245544228,966,134.93280029296875,134.8812255859375,288.0,0.3368055555555556
967,-1.6100533283814025,1.3375450688901402,967,137.5927734375,137.54043579101562,288.0,0.3645833333333333
968,-1.4210229956745295,1.422945195022691,968,136.4092559814453,136.35748291015625,288.0,0.3576388888888889
969,-1.3818423952159087,1.325778097766592,969,139.86825561523438,139.81655883789062,288.0,0.3993055555555556
970,-1.438453281287205,1.3251286927734744,970,135.6049041748047,135.55384826660156,288.0,0.3923611111111111
971,-1.4218113015972484,1.3090680511506712,971,136.51437377929688,136.46287536621094,288.0,0.3472222222222222
972,-0.8245054247929515,1.4101283177771915,972,138.76382446289062,138.71218872070312,288.0,0.3055555555555556
973,-1.390589971956908,1.3579852840212996,973,137.17391967773438,137.12228393554688,288.0,0.3402777777777778
974,-0.9891213038952714,1.4837677974383858,974,138.4849853515625,138.4329833984375,288.0,0.3715277777777778
975,-1.1002876963369916,1.4887552576233392,975,138.4603729248047,138.40786743164062,288.0,0.3541666666666667
976,-1.2172321379592868,1.470613003899123,976,138.922607421875,138.87106323242188,288.0,0.3333333333333333
977,-1.4209194692664804,1.5573742262464882,977,136.98931884765625,136.9367218017578,288.0,0.4027777777777778
978,-1.1038763618592422,1.4427832478645648,978,137.88470458984375,137.83258056640625,288.0,0.3958333333333333
979,-1.0163652910483902,1.4261364725113794,979,137.39822387695312,137.3468475341797,288.0,0.3298611111111111
980,-1.149847585671887,1.467556810978353,980,137.10377502441406,137.05142211914062,288.0,0.34375
981,-1.4539654475140962,1.3518727364129888,981,135.5537109375,135.50289916992188,288.0,0.3854166666666667
982,-1.3710392711396207,1.319762721807452,982,137.54183959960938,137.49090576171875,288.0,0.3784722222222222
983,-1.3971264498953775,1.3210021371659881,983,137.2921600341797,137.24053955078125,288.0,0.3020833333333333
984,-1.1791624898054862,1.4098566880978685,984,135.86090087890625,135.81031799316406,288.0,0.2986111111111111
985,-1.4526876009098242,1.4095696893247984,985,137.25747680664062,137.20516967773438,288.0,0.3819444444444444
986,-1.485872017061376,1.29104374565851,986,135.88771057128906,135.83648681640625,288.0,0.3090277777777778
987,-1.279737216955188,1.3806832528243562,987,136.23019409179688,136.17807006835938,288.0,0.3263888888888889
988,-0.8678385034974351,1.451733557267602,988,136.86485290527344,136.8125,288.0,0.3541666666666667
989,-1.375313732229329,1.3830842019356053,989,132.9817657470703,132.93153381347656,288.0,0.375
990,-1.362945265098248,1.5909013513995576,990,138.64480590820312,138.59298706054688,288.0,0.3819444444444444
991,-0.928758966270522,1.3610063175261502,991,138.3217010498047,138.269775390625,288.0,0.3298611111111111
992,-0.7764305169010668,1.5098355682140463,992,136.85577392578125,136.8031005859375,288.0,0.3368055555555556
993,-0.95742717955445,1.4239714823238925,993,139.00999450683594,138.9575958251953,288.0,0.3611111111111111
994,-0.9464611207407534,1.4499041924518854,994,137.7666473388672,137.71487426757812,288.0,0.3333333333333333
995,-1.4297234892938755,1.334923297012335,995,135.95968627929688,135.90945434570312,288.0,0.3333333333333333
996,-1.0099961099642067,1.4251751256762224,996,137.9835662841797,137.93179321289062,288.0,0.3229166666666667
997,-1.5047857446483999,1.327842384961404,997,136.7439422607422,136.69190979003906,288.0,0.3506944444444444
998,-1.335147945770331,1.2810406357309525,998,137.99887084960938,137.94627380371094,288.0,0.2881944444444444
999,-1.013727454050778,1.3459768623999886,999,137.36436462402344,137.31344604492188,288.0,0.3333333333333333
1000,-1.2784025709431952,1.2565273075887953,1000,136.60513305664062,136.5535430908203,288.0,0.3402777777777778
1001,-1.3952869400440113,1.2855923718016766,1001,138.24298095703125,138.19082641601562,288.0,0.3333333333333333
1002,-0.9073144028529954,1.472684343765125,1002,136.86392211914062,136.81126403808594,288.0,0.3263888888888889
1003,-0.9350895227749668,1.600279783730817,1003,136.60171508789062,136.55030822753906,288.0,0.3680555555555556
1004,-1.3804370459112318,1.2427692699215076,1004,137.56918334960938,137.51788330078125,288.0,0.28125
1005,-0.9876083750120294,1.6246993581207572,1005,136.69876098632812,136.6471710205078,288.0,0.3402777777777778
1006,-0.8591014615056111,1.625439490962217,1006,139.27752685546875,139.2251434326172,288.0,0.3472222222222222
1007,-1.1787474155271438,1.4653446507871617,1007,136.6797637939453,136.62921142578125,288.0,0.4131944444444444
1008,-1.3622179709261013,1.371455868507956,1008,138.43719482421875,138.384765625,288.0,0.3368055555555556
1009,-1.3998665011831644,1.2472935653345876,1009,138.14727783203125,138.0966796875,288.0,0.3263888888888889
1010,-1.4331343502628955,1.263111044878531,1010,136.134765625,136.08274841308594,288.0,0.3298611111111111
1011,-1.2970318570251977,1.3323289032180001,1011,138.62020874023438,138.56866455078125,288.0,0.3541666666666667
1012,-1.043812604516057,1.4184118275478736,1012,139.69483947753906,139.6417694091797,288.0,0.3576388888888889
1013,-0.9313874671451762,1.4292559085075813,1013,137.80992126464844,137.75653076171875,288.0,0.3854166666666667
1014,-1.453288978057242,1.3610038757027467,1014,139.90631103515625,139.85337829589844,288.0,0.3298611111111111
1015,-1.2560073956284405,1.3355035247788587,1015,137.40377807617188,137.35293579101562,288.0,0.3055555555555556
1016,-1.3455022887107893,1.3407764351825333,1016,138.90872192382812,138.85606384277344,288.0,0.3854166666666667
1017,-1.340186790837498,1.4462080527844472,1017,136.76422119140625,136.71392822265625,288.0,0.3993055555555556
1018,-1.4099456546725437,1.3776792109101215,1018,138.46844482421875,138.41555786132812,288.0,0.3715277777777778
1019,-1.3268837821504333,1.449681954136722,1019,136.92486572265625,136.8725128173828,288.0,0.3402777777777778
1020,-1.3444876721959582,1.3615344334114128,1020,137.4475555419922,137.3966064453125,288.0,0.3159722222222222
1021,-1.4045300402230714,1.3689596188833393,1021,138.89971923828125,138.84800720214844,288.0,0.3923611111111111
1022,-1.43188151929228,1.262980357518554,1022,139.3604736328125,139.30819702148438,288.0,0.3402777777777778
1023,-1.2766799755517302,1.3218137671286687,1023,135.71701049804688,135.66539001464844,288.0,0.2743055555555556
1024,-1.29765601053026,1.447257670935445,1024,138.99400329589844,138.94065856933594,288.0,0.2916666666666667
1025,-1.143614201461067,1.4180673544735012,1025,139.60118103027344,139.54885864257812,288.0,0.3402777777777778
1026,-1.0437813099630135,1.5101227005641242,1026,138.5994873046875,138.5464630126953,288.0,0.3715277777777778
1027,-1.4516618758376605,1.417568143224729,1027,138.44752502441406,138.396484375,288.0,0.3368055555555556
1028,-1.4750420510250537,1.32059330264684,1028,135.9833984375,135.93203735351562,288.0,0.3298611111111111
1029,-1.1794657458800444,1.3542923962429119,1029,138.41171264648438,138.36013793945312,288.0,0.3229166666666667
1030,-1.2929664445518085,1.3609748749800632,1030,136.85409545898438,136.80181884765625,288.0,0.2986111111111111
1031,-1.552494668578864,1.2717441133026657,1031,136.66946411132812,136.61749267578125,288.0,0.3333333333333333
1032,-1.5694093817781531,1.3939972746057172,1032,136.97442626953125,136.92184448242188,288.0,0.3368055555555556
1033,-1.3946320713846376,1.3621299154098239,1033,138.28515625,138.23184204101562,288.0,0.3194444444444444
1034,-1.262828618329002,1.2746559178340566,1034,136.19830322265625,136.14744567871094,288.0,0.3194444444444444
1035,-1.1768849499088967,1.4044433923083142,1035,137.22811889648438,137.1759033203125,288.0,0.3333333333333333
1036,-1.2888942284046339,1.1904408642579278,1036,132.19676208496094,132.14663696289062,288.0,0.2743055555555556
1037,-1.1288846094728828,1.5551664662050113,1037,138.37701416015625,138.32437133789062,288.0,0.3715277777777778
1038,-1.4431518986945486,1.4085594369761787,1038,138.52120971679688,138.46875,288.0,0.3715277777777778
1039,-1.378140734126982,1.355541690279666,1039,138.5526580810547,138.50021362304688,288.0,0.3229166666666667
1040,-1.0777601586821648,1.4015095834656206,1040,137.39295959472656,137.3406219482422,288.0,0.3298611111111111
1041,-1.3429167511685747,1.3916444008306006,1041,138.23098754882812,138.1786346435547,288.0,0.3645833333333333
1042,-1.3503424142903055,1.2872887481125201,1042,137.412109375,137.3593292236328,288.0,0.3298611111111111
1043,-1.394557015410435,1.3607668352471578,1043,135.71591186523438,135.66470336914062,288.0,0.3020833333333333
1044,-1.428516135864242,1.3345291104215082,1044,135.555419921875,135.50326538085938,288.0,0.3333333333333333
1045,-1.3326862886668005,1.3401159176137565,1045,137.2799530029297,137.22796630859375,288.0,0.3368055555555556
1046,-0.9452873079287382,1.3718591622675622,1046,133.10498046875,133.05633544921875,288.0,0.3298611111111111
1047,-1.151846159126273,1.6002038450677638,1047,137.596435546875,137.54388427734375,288.0,0.3402777777777778
1048,-0.9219184952935409,1.4980434174347532,1048,137.886474609375,137.8348388671875,288.0,0.3263888888888889
1049,-0.81165359019441,1.3481347074344168,1049,137.77590942382812,137.723388671875,288.0,0.34375
1050,-1.1132031915240224,1.3997815934977214,1050,138.653076171875,138.60018920898438,288.0,0.3055555555555556
1051,-1.110057507368261,1.4474871852012927,1051,138.41787719726562,138.36587524414062,288.0,0.3576388888888889
1052,-1.1986570964185645,1.4752071581338253,1052,138.6031951904297,138.55120849609375,288.0,0.3229166666666667
1053,-1.3547579917545642,1.5617809513217422,1053,137.22073364257812,137.1685333251953,288.0,0.4201388888888889
1054,-1.1680323643439872,1.4423513427486494,1054,132.61888122558594,132.56979370117188,288.0,0.3541666666666667
1055,-1.2020809594470636,1.3715908043303748,1055,137.63186645507812,137.57957458496094,288.0,0.3402777777777778
1056,-1.2641719727076262,1.2471977428828518,1056,138.57763671875,138.5255584716797,288.0,0.2847222222222222
1057,-1.3893787377518751,1.382460096709671,1057,138.17355346679688,138.12103271484375,288.0,0.3472222222222222
1058,-1.3638988397923917,1.3493670932269222,1058,136.38754272460938,136.3347625732422,288.0,0.28125
1059,-1.4731007359259882,1.2720468791261532,1059,138.0974884033203,138.04541015625,288.0,0.2847222222222222
1060,-0.8883630352527027,1.398094574232239,1060,135.77638244628906,135.72540283203125,288.0,0.2673611111111111
1061,-1.4942083501823527,1.269893890904274,1061,135.1621551513672,135.11151123046875,288.0,0.3125
1062,-1.213143837759452,1.3826720176434706,1062,136.39389038085938,136.34243774414062,288.0,0.2847222222222222
1063,-1.2646379417841491,1.5047390366052993,1063,137.04579162597656,136.99481201171875,288.0,0.3680555555555556
1064,-1.0962932583429192,1.366109494843364,1064,136.18348693847656,136.13241577148438,288.0,0.3368055555555556
1065,-1.1800721289119331,1.573517055129705,1065,138.34393310546875,138.29148864746094,288.0,0.3506944444444444
1066,-1.4902841024049176,1.4548000949226596,1066,136.95718383789062,136.90536499023438,288.0,0.3715277777777778
1067,-0.9208745168549508,1.3738151778580814,1067,137.7770233154297,137.72506713867188,288.0,0.3263888888888889
1068,-1.2443370695498164,1.3274720613167295,1068,135.23377990722656,135.1827392578125,288.0,0.34375
1069,-1.1933899475244152,1.495649556206059,1069,138.40992736816406,138.3574676513672,288.0,0.3125
1070,-1.4089526233156688,1.478082139003918,1070,136.03021240234375,135.97982788085938,288.0,0.3298611111111111
1071,-1.3279727686729639,1.4619993949108054,1071,135.97955322265625,135.92672729492188,288.0,0.3298611111111111
1072,-1.3726279707560307,1.3603780486386752,1072,137.04763793945312,136.99607849121094,288.0,0.3298611111111111
1073,-1.296619535428596,1.448076395134643,1073,135.9033203125,135.85064697265625,288.0,0.3506944444444444
1074,-1.3377472822875218,1.3487665146654084,1074,139.8794708251953,139.8270263671875,288.0,0.3020833333333333
1075,-0.9690297017690092,1.609922358338972,1075,138.61654663085938,138.56455993652344,288.0,0.3229166666666667
1076,-1.0248072238099073,1.4165546646035274,1076,136.83145141601562,136.78082275390625,288.0,0.3020833333333333
1077,-0.6816937879877019,1.4498348974388984,1077,138.02914428710938,137.9771270751953,288.0,0.3159722222222222
1078,-1.3880551154575165,1.3561124868041954,1078,136.0240020751953,135.97178649902344,288.0,0.3055555555555556
1079,-1.2330592761704997,1.3320715331380877,1079,138.18280029296875,138.13067626953125,288.0,0.2916666666666667
1080,-1.4303563353234539,1.2882713825493533,1080,138.3799285888672,138.32778930664062,288.0,0.3368055555555556
1081,-1.4119945332353727,1.3258919043366948,1081,137.0770263671875,137.02456665039062,288.0,0.3125
1082,-1.1170593687745975,1.4425374930803,1082,137.5545654296875,137.5018310546875,288.0,0.3576388888888889
1083,-1.0065465871057644,1.3644724846122345,1083,137.322509765625,137.27093505859375,288.0,0.3125
1084,-0.8970756788013965,1.3690724634690017,1084,136.29800415039062,136.24612426757812,288.0,0.3263888888888889
1085,-1.372026034557794,1.487849159954637,1085,137.99996948242188,137.94761657714844,288.0,0.3645833333333333
1086,-1.0701070339858925,1.4317241333344388,1086,135.95166015625,135.9003143310547,288.0,0.3472222222222222
1087,-1.4594125071417094,1.270241341993659,1087,134.4746856689453,134.42431640625,288.0,0.3472222222222222
1088,-1.2814446486870974,1.3490785962436576,1088,138.4713592529297,138.4199981689453,288.0,0.28125
1089,-1.457967920407872,1.365768532259933,1089,136.11947631835938,136.0693817138672,288.0,0.3472222222222222
1090,-0.9687659380458479,1.4633418361650308,1090,137.15284729003906,137.10140991210938,288.0,0.3194444444444444
1091,-0.9397246122146249,1.4544727016139496,1091,136.030029296875,135.978759765625,288.0,0.3194444444444444
1092,-1.31849273070621,1.308129923957971,1092,136.81549072265625,136.76409912109375,288.0,0.3090277777777778
1093,-0.8225521456195459,1.5416378138644566,1093,137.6481475830078,137.59693908691406,288.0,0.3229166666666667
1094,-1.1960263690658666,1.3410530816530155,1094,135.31967163085938,135.26747131347656,288.0,0.2569444444444444
1095,-1.2515025483657682,1.396476912756512,1095,135.01014709472656,134.95864868164062,288.0,0.3645833333333333
1096,-1.2193033746097561,1.4361595046981424,1096,139.06500244140625,139.01268005371094,288.0,0.3125
1097,-0.9426226659935423,1.4277723782445195,1097,137.68283081054688,137.62997436523438,288.0,0.2847222222222222
1098,-1.089010361437267,1.3894312324218037,1098,137.45111083984375,137.3987579345703,288.0,0.3090277777777778
1099,-1.0748105357590458,1.3623718771503608,1099,136.7481231689453,136.69659423828125,288.0,0.2361111111111111
1100,-1.3441579500834147,1.4673812397950792,1100,136.33486938476562,136.28497314453125,288.0,0.3541666666666667
1101,-1.4313045336290078,1.3784757187897045,1101,136.406982421875,136.3557586669922,288.0,0.3159722222222222
1102,-1.0908128376076052,1.4114236193788108,1102,137.09364318847656,137.0418701171875,288.0,0.3298611111111111
1103,-1.1906515854162858,1.4947484927502397,1103,136.02783203125,135.97654724121094,288.0,0.3888888888888889
1104,-0.9382658626762785,1.470953890904281,1104,136.56671142578125,136.5130615234375,288.0,0.3402777777777778
1105,-1.0847192981650937,1.4108197145932277,1105,138.17379760742188,138.12168884277344,288.0,0.3020833333333333
1106,-1.1173452303297506,1.463426376278705,1106,136.4998016357422,136.4469757080078,288.0,0.3541666666666667
1107,-1.0411124920085983,1.5488996372530437,1107,139.0536346435547,139.0009765625,288.0,0.3506944444444444
1108,-1.2716079512916936,1.3392198791738055,1108,137.61199951171875,137.56044006347656,288.0,0.3263888888888889
1109,-1.086792344181677,1.5702701929624145,1109,133.7548828125,133.70436096191406,288.0,0.3263888888888889
1110,-1.6026241426120598,1.328879932030866,1110,139.4778289794922,139.42442321777344,288.0,0.3541666666666667
1111,-1.3991675689963203,1.3670835387275304,1111,135.8697967529297,135.818115234375,288.0,0.2881944444444444
1112,-1.1867486918412937,1.3294349355419082,1112,135.18572998046875,135.13552856445312,288.0,0.3125
1113,-1.069397864901053,1.5316889633176096,1113,134.500732421875,134.44956970214844,288.0,0.3229166666666667
1114,-1.446145143862537,1.287843950463506,1114,139.62095642089844,139.56820678710938,288.0,0.2881944444444444
1115,-1.0937839483116067,1.4896360183657982,1115,135.48150634765625,135.4318084716797,288.0,0.3472222222222222
1116,-0.9533211605884827,1.334078870101419,1116,135.9249267578125,135.8729248046875,288.0,0.2638888888888889
1117,-1.2127993558870547,1.4232349737141923,1117,139.52935791015625,139.4770050048828,288.0,0.3020833333333333
1118,-1.3923470120392112,1.3776238530596658,1118,134.41848754882812,134.36767578125,288.0,0.3263888888888889
1119,-1.1402749740787255,1.4920102484549866,1119,134.79312133789062,134.7412109375,288.0,0.3368055555555556
1120,-1.2990442563423708,1.5173013399296982,1120,136.23667907714844,136.1859130859375,288.0,0.3576388888888889
1121,-1.384258415858118,1.4000219741558517,1121,135.37405395507812,135.3238525390625,288.0,0.3055555555555556
1122,-0.9398005774736278,1.5698768651816428,1122,138.1049041748047,138.05288696289062,288.0,0.3263888888888889
1123,-1.1621568502432227,1.444914668194048,1123,139.22972106933594,139.17764282226562,288.0,0.3159722222222222
1124,-0.9084573561068238,1.3978290191200442,1124,136.42225646972656,136.3705291748047,288.0,0.2604166666666667
1125,-0.9986439688908667,1.6081485294496547,1125,137.78466796875,137.732666015625,288.0,0.3368055555555556
1126,-1.485920727800617,1.3428623585188344,1126,138.26368713378906,138.2112579345703,288.0,0.3020833333333333
1127,-1.1444787080308507,1.45965828782487,1127,135.63726806640625,135.58602905273438,288.0,0.3229166666666667
1128,-1.0414990157442543,1.3504069754434758,1128,138.63040161132812,138.57882690429688,288.0,0.2673611111111111
1129,-1.4446765165332585,1.347568231702207,1129,138.2025146484375,138.15054321289062,288.0,0.3263888888888889
1130,-1.0968048000011286,1.4136173548227466,1130,138.89663696289062,138.8452911376953,288.0,0.2951388888888889
1131,-0.9698511713638036,1.5593486575824562,1131,134.63037109375,134.57852172851562,288.0,0.3194444444444444
1132,-1.1867811696319015,1.2598403460663652,1132,137.5814971923828,137.52978515625,288.0,0.2881944444444444
1133,-1.4986233116915342,1.2798204523599994,1133,137.08071899414062,137.0290069580078,288.0,0.3090277777777778
1134,-1.0487053930815544,1.3639086382684313,1134,135.45846557617188,135.40684509277344,288.0,0.3125
1135,-1.2032646529217312,1.2554950545202512,1135,135.1717071533203,135.1202392578125,288.0,0.2638888888888889
1136,-1.0371909586223254,1.3291695962476908,1136,137.2794647216797,137.22720336914062,288.0,0.3090277777777778
1137,-0.9971615654373773,1.434514621734664,1137,137.74205017089844,137.6894989013672,288.0,0.2881944444444444
1138,-1.0441430051555183,1.3369114537058424,1138,135.68740844726562,135.63519287109375,288.0,0.2951388888888889
1139,-1.0020253799928567,1.4576221052298253,1139,138.23582458496094,138.18331909179688,288.0,0.3020833333333333
1140,-1.3414852202112568,1.2762121248549354,1140,136.202880859375,136.15097045898438,288.0,0.2777777777777778
1141,-0.8516406886077414,1.336373437575424,1141,137.5303955078125,137.47811889648438,288.0,0.2743055555555556
1142,-1.1435323365467225,1.5015247460995693,1142,135.12405395507812,135.0721435546875,288.0,0.3159722222222222
1143,-1.348019186302815,1.34010516299754,1143,137.25596618652344,137.20428466796875,288.0,0.2604166666666667
1144,-1.3797923633093068,1.331504766894393,1144,137.00067138671875,136.94839477539062,288.0,0.2916666666666667
1145,-1.1900340041466633,1.4570672394938595,1145,136.25982666015625,136.2071990966797,288.0,0.3229166666666667
1146,-1.2988946831114856,1.3992432900288552,1146,136.4381561279297,136.38595581054688,288.0,0.2881944444444444
1147,-1.3838475669845627,1.4993112362939254,1147,136.92459106445312,136.87350463867188,288.0,0.3159722222222222
1148,-1.0511933081143303,1.315643357599044,1148,137.53955078125,137.48681640625,288.0,0.3194444444444444
1149,-1.526639875147065,1.3422895154418288,1149,138.36813354492188,138.31715393066406,288.0,0.3645833333333333
1150,-1.3796832696262276,1.3597646389663092,1150,136.20626831054688,136.15594482421875,288.0,0.2986111111111111
1151,-1.2555597107173762,1.3707588035570017,1151,135.75730895996094,135.7054443359375,288.0,0.3159722222222222
1152,-1.5421983780723707,1.248122437082466,1152,138.93963623046875,138.88739013671875,288.0,0.2604166666666667
1153,-0.8574614500403188,1.5023671043722868,1153,137.73049926757812,137.6782684326172,288.0,0.3020833333333333
1154,-1.532210370493043,1.330806402979524,1154,138.83895874023438,138.78656005859375,288.0,0.34375
1155,-1.3924397899960341,1.1883589222936464,1155,132.72239685058594,132.67349243164062,288.0,0.2673611111111111
1156,-1.3618176148590178,1.3293245079510343,1156,137.23477172851562,137.18316650390625,288.0,0.2986111111111111
1157,-1.0823298216110555,1.344688388847462,1157,136.48538208007812,136.43359375,288.0,0.3194444444444444
1158,-1.353731472103232,1.3327993558088425,1158,135.41192626953125,135.35995483398438,288.0,0.2743055555555556
1159,-1.2845776389956498,1.495221821310197,1159,138.50634765625,138.45310974121094,288.0,0.3159722222222222
1160,-1.4088747720431676,1.2533886027418444,1160,134.27133178710938,134.219970703125,288.0,0.3125
1161,-1.3332418693598658,1.2500594154220468,1161,135.89315795898438,135.84103393554688,288.0,0.2534722222222222
1162,-1.3773551186974449,1.2968742914797122,1162,138.96224975585938,138.91067504882812,288.0,0.28125
1163,-1.1920544053714925,1.4417113625748574,1163,138.577880859375,138.52650451660156,288.0,0.3020833333333333
1164,-1.235317163817412,1.3464713457819648,1164,137.68028259277344,137.62765502929688,288.0,0.2604166666666667
1165,-0.8070379988551425,1.4382262242307613,1165,134.235107421875,134.18353271484375,288.0,0.2777777777777778
1166,-1.1670098419837016,1.329677037537643,1166,138.09759521484375,138.0457305908203,288.0,0.2534722222222222
1167,-1.3611967683267487,1.4382968403390046,1167,139.14340209960938,139.09176635742188,288.0,0.3090277777777778
1168,-1.4407576767550312,1.2778688358328285,1168,135.2191162109375,135.16720581054688,288.0,0.2916666666666667
1169,-1.220605151098599,1.3071260200856467,1169,136.9576416015625,136.90573120117188,288.0,0.3055555555555556
1170,-1.4605506882290546,1.3746055050148667,1170,137.52825927734375,137.47653198242188,288.0,0.3263888888888889
1171,-1.325377277284189,1.3303190347594647,1171,133.58810424804688,133.53814697265625,288.0,0.2569444444444444
1172,-1.2459951910887488,1.477646485130115,1172,136.6504364013672,136.59786987304688,288.0,0.3298611111111111
1173,-1.3473264029538075,1.3256450346931552,1173,134.70486450195312,134.6540069580078,288.0,0.2986111111111111
1174,-0.963479790950076,1.3803376664305087,1174,136.61416625976562,136.5627899169922,288.0,0.2638888888888889
1175,-0.856677529421216,1.3477641833824798,1175,136.1643524169922,136.1116180419922,288.0,0.2847222222222222
1176,-0.9322761327304252,1.358660664158903,1176,139.753662109375,139.70115661621094,288.0,0.2777777777777778
1177,-1.2073352658057674,1.3507708255406843,1177,137.93435668945312,137.88162231445312,288.0,0.2708333333333333
1178,-1.1552140599915752,1.391567861738776,1178,136.8189239501953,136.76565551757812,288.0,0.23958333333333334
1179,-1.235729703696384,1.2814891508364288,1179,133.872314453125,133.82110595703125,288.0,0.3020833333333333
1180,-1.2083090525743236,1.1600437336712723,1180,133.57369995117188,133.5233154296875,288.0,0.2638888888888889
1181,-1.1494503654815875,1.400123606728036,1181,136.1075897216797,136.0572509765625,288.0,0.2604166666666667
1182,-1.2402655148175488,1.4156063155983936,1182,136.74404907226562,136.6918182373047,288.0,0.2708333333333333
1183,-1.4432783621675602,1.3893936518163246,1183,134.03985595703125,133.98867797851562,288.0,0.34375
1184,-1.372844995784013,1.300316573868767,1184,136.89581298828125,136.84475708007812,288.0,0.3090277777777778
1185,-1.1654973181302148,1.254313466899443,1185,137.02944946289062,136.97628784179688,288.0,0.2777777777777778
1186,-1.5441640663966356,1.2960879755836034,1186,137.70330810546875,137.6513671875,288.0,0.3263888888888889
1187,-1.3159933041798595,1.3779607803670848,1187,136.79837036132812,136.7465362548828,288.0,0.2916666666666667
1188,-1.1693740217460291,1.4234972911052992,1188,138.16604614257812,138.11407470703125,288.0,0.2916666666666667
1189,-1.0019719121559474,1.4053691119859624,1189,137.46511840820312,137.41432189941406,288.0,0.28125
1190,-1.3475967220844969,1.2626219533030174,1190,134.6937713623047,134.6437530517578,288.0,0.2986111111111111
1191,-1.3927883399223533,1.2087548691929042,1191,135.4325408935547,135.3802490234375,288.0,0.25
1192,-0.9247509616008267,1.5106037768604856,1192,137.32029724121094,137.2684783935547,288.0,0.2986111111111111
1193,-1.5912019513966653,1.2786166447112928,1193,138.16546630859375,138.11370849609375,288.0,0.2951388888888889
1194,-0.9604499926796746,1.3214346330680369,1194,137.79995727539062,137.74734497070312,288.0,0.2708333333333333
1195,-1.4463381378154097,1.3305643804426683,1195,137.13031005859375,137.07785034179688,288.0,0.3125
1196,-1.3887654375647505,1.185917078329008,1196,138.5002899169922,138.44790649414062,288.0,0.2638888888888889
1197,-1.3198254287197058,1.3009848402756574,1197,136.57928466796875,136.52706909179688,288.0,0.3159722222222222
1198,-1.0598047493169211,1.4768998591399958,1198,138.89700317382812,138.84495544433594,288.0,0.3645833333333333
1199,-1.0099263932083602,1.4157286087263892,1199,136.53607177734375,136.48397827148438,288.0,0.2708333333333333
1200,-1.5539241134091983,1.3711038753847435,1200,136.44662475585938,136.39427185058594,288.0,0.3055555555555556
1201,-1.177231347461812,1.3093496734521624,1201,138.09481811523438,138.0430145263672,288.0,0.2881944444444444
1202,-1.0093546368390625,1.3887621664813754,1202,137.39041137695312,137.33810424804688,288.0,0.2604166666666667
1203,-0.9243706204640547,1.4491146198430984,1203,137.9781036376953,137.92620849609375,288.0,0.3506944444444444
1204,-0.9284707637278977,1.2931566712319678,1204,136.53933715820312,136.48672485351562,288.0,0.22569444444444445
1205,-1.4567005996239726,1.3505270627883705,1205,137.83462524414062,137.78286743164062,288.0,0.3090277777777778
1206,-1.2610114207616865,1.3067498602918197,1206,137.5030517578125,137.45059204101562,288.0,0.2847222222222222
1207,-1.2444615097494323,1.4416272792969207,1207,138.97332763671875,138.92056274414062,288.0,0.34375
1208,-1.1392522209311968,1.2807885931156493,1208,137.67532348632812,137.62339782714844,288.0,0.2465277777777778
1209,-1.1196570904890182,1.4529737254323976,1209,134.48126220703125,134.429443359375,288.0,0.3159722222222222
1210,-1.0331986203974801,1.424166279851558,1210,135.8649444580078,135.8132781982422,288.0,0.2708333333333333
1211,-1.077010592254414,1.304420136312664,1211,137.8421630859375,137.7895965576172,288.0,0.25
1212,-0.940318419524983,1.4310980577707764,1212,135.88677978515625,135.8350830078125,288.0,0.2569444444444444
1213,-0.8262464180411526,1.4610509280068735,1213,136.4957275390625,136.44485473632812,288.0,0.3090277777777778
1214,-1.5479929472550724,1.3202444814862644,1214,136.90899658203125,136.85716247558594,288.0,0.3194444444444444
1215,-1.1023471009359451,1.4060606696480449,1215,137.9176788330078,137.8660888671875,288.0,0.2708333333333333
1216,-0.9997525529407782,1.4938638770765786,1216,139.17599487304688,139.123046875,288.0,0.3159722222222222
1217,-1.559817657539683,1.3399078025483269,1217,138.62086486816406,138.56710815429688,288.0,0.2986111111111111
1218,-1.231992497058555,1.250214475106277,1218,138.42462158203125,138.3727569580078,288.0,0.2638888888888889
1219,-1.4598007046482466,1.2328693064341583,1219,136.59841918945312,136.5460205078125,288.0,0.25
1220,-1.343177396008365,1.3090531181820655,1220,137.38351440429688,137.33145141601562,288.0,0.3055555555555556
1221,-1.486105832412977,1.3625355794430962,1221,135.04867553710938,134.99783325195312,288.0,0.3368055555555556
1222,-1.0086339653788354,1.4999209919346883,1222,134.94290161132812,134.89129638671875,288.0,0.3159722222222222
1223,-1.2550314131861948,1.38825944575201,1223,137.724853515625,137.67214965820312,288.0,0.2534722222222222
1224,-1.2984643105073437,1.3451483488098224,1224,136.23098754882812,136.1783905029297,288.0,0.3402777777777778
1225,-1.2079595461710997,1.3181507454275567,1225,136.24826049804688,136.19712829589844,288.0,0.2638888888888889
1226,-1.3380556347090422,1.2078889526105139,1226,138.8852081298828,138.83349609375,288.0,0.2638888888888889
1227,-0.8422897022266861,1.3464410034625536,1227,135.1062774658203,135.0552215576172,288.0,0.2534722222222222
1228,-0.9565224348980439,1.2977373011245332,1228,137.6909942626953,137.6388397216797,288.0,0.24305555555555555
1229,-0.9903647172824895,1.5320054418695184,1229,135.97413635253906,135.92288208007812,288.0,0.28125
1230,-1.418192187939808,1.309588410162691,1230,138.53453063964844,138.48243713378906,288.0,0.2986111111111111
1231,-1.295046029170277,1.3722079959474747,1231,135.69784545898438,135.64605712890625,288.0,0.3125
1232,-1.3720998915451008,1.222442309627007,1232,133.70974731445312,133.65916442871094,288.0,0.2604166666666667
1233,-1.1982190303719653,1.2717458064685345,1233,135.4080810546875,135.3570556640625,288.0,0.2777777777777778
1234,-1.031730262748775,1.5505295738607794,1234,138.758056640625,138.7059326171875,288.0,0.28125
1235,-1.2741189940495052,1.2385127938438942,1235,138.473388671875,138.42092895507812,288.0,0.2986111111111111
1236,-0.9269755107750862,1.3944107425577696,1236,135.81253051757812,135.76063537597656,288.0,0.28125
1237,-1.085235973324807,1.450297408192373,1237,136.015380859375,135.96340942382812,288.0,0.22916666666666666
1238,-1.3642286773490655,1.2597230290436618,1238,137.57003784179688,137.5185089111328,288.0,0.2777777777777778
1239,-1.34740570685148,1.3572228702287286,1239,137.03184509277344,136.9801025390625,288.0,0.2847222222222222
1240,-1.001733128343834,1.4075875261133692,1240,136.7533721923828,136.7021484375,288.0,0.2743055555555556
1241,-0.9488668964627492,1.3203731786814843,1241,137.07827758789062,137.02694702148438,288.0,0.28125
1242,-1.2255309699593582,1.3910043915005723,1242,138.8115692138672,138.75949096679688,288.0,0.2534722222222222
1243,-1.3173202373200732,1.3317975086444447,1243,134.4798583984375,134.42791748046875,288.0,0.2743055555555556
1244,-1.17955997418153,1.2159980195622058,1244,135.8936767578125,135.84234619140625,288.0,0.28125
1245,-1.3759891773267985,1.4135759218962887,1245,135.7265167236328,135.67379760742188,288.0,0.3159722222222222
1246,-1.2165428166690542,1.4024096185820965,1246,138.1474609375,138.09494018554688,288.0,0.2638888888888889
1247,-0.9603140083263157,1.364589330059857,1247,136.783935546875,136.73165893554688,288.0,0.25
1248,-1.2405906971094975,1.4543422112282984,1248,137.26974487304688,137.2176971435547,288.0,0.2708333333333333
1249,-1.4150709150171492,1.323900180305395,1249,136.2642822265625,136.21340942382812,288.0,0.28125
1250,-1.0891218846721158,1.3489786772397547,1250,137.10374450683594,137.0514678955078,288.0,0.2708333333333333
1251,-1.281581071315816,1.28200017145222,1251,138.08006286621094,138.0269775390625,288.0,0.3020833333333333
1252,-0.9320773415755075,1.4064054845053802,1252,137.6774444580078,137.6257781982422,288.0,0.3020833333333333
1253,-1.173563134054774,1.2779561578593976,1253,136.0357666015625,135.98370361328125,288.0,0.2361111111111111
1254,-0.9790700716695139,1.2990467764800777,1254,133.6741943359375,133.62429809570312,288.0,0.24305555555555555
1255,-0.8658167492346874,1.3355105128328557,1255,137.05003356933594,136.99766540527344,288.0,0.2638888888888889
1256,-1.2424636527796191,1.2486568136037015,1256,137.94078063964844,137.8883514404297,288.0,0.2604166666666667
1257,-1.05978372295869,1.376965967356346,1257,137.16847229003906,137.11631774902344,288.0,0.2986111111111111
1258,-1.0256715043617843,1.2966946938591128,1258,137.1129608154297,137.06015014648438,288.0,0.25
1259,-1.4588809188533531,1.2391424856337467,1259,137.57594299316406,137.52333068847656,288.0,0.3020833333333333
1260,-1.2999119288431036,1.343673013378569,1260,137.79298400878906,137.7408447265625,288.0,0.2916666666666667
1261,-1.3602451069066082,1.2031233173048108,1261,136.816650390625,136.7646484375,288.0,0.2743055555555556
1262,-1.0192182751709598,1.406352630710431,1262,136.03872680664062,135.98609924316406,288.0,0.3090277777777778
1263,-0.7541003026702211,1.388153630931354,1263,137.7440643310547,137.69113159179688,288.0,0.28125
1264,-1.256063840231616,1.3853537469886703,1264,135.99917602539062,135.947021484375,288.0,0.2569444444444444
1265,-1.1971895732333462,1.290237620779448,1265,137.31716918945312,137.2646484375,288.0,0.2604166666666667
1266,-1.3690747859435282,1.2185214723445739,1266,140.2843017578125,140.2321319580078,288.0,0.21875
1267,-1.2763565802890642,1.2749452340265663,1267,136.71495056152344,136.66238403320312,288.0,0.21875
1268,-1.294323741648009,1.3296048511481242,1268,136.32565307617188,136.27493286132812,288.0,0.22569444444444445
1269,-1.3474171414736849,1.33467782822655,1269,138.52493286132812,138.47293090820312,288.0,0.2569444444444444
1270,-1.058387874250191,1.276942396833779,1270,135.36129760742188,135.30996704101562,288.0,0.25
1271,-1.460063019855696,1.4068974119306852,1271,134.72470092773438,134.67401123046875,288.0,0.3298611111111111
1272,-1.1134457915482256,1.3970096859790708,1272,136.47760009765625,136.42642211914062,288.0,0.2986111111111111
1273,-1.1887147830507534,1.3543292973714478,1273,136.16647338867188,136.1135711669922,288.0,0.2847222222222222
1274,-1.2664676599978302,1.1958662566740366,1274,136.80178833007812,136.75033569335938,288.0,0.23958333333333334
1275,-0.9323016933619519,1.3827836901552935,1275,134.46627807617188,134.414306640625,288.0,0.22569444444444445
1276,-1.1826533933136263,1.316010877582897,1276,136.7551727294922,136.703369140625,288.0,0.2743055555555556
1277,-1.048462880470729,1.4238083319777417,1277,137.35816955566406,137.3052978515625,288.0,0.2916666666666667
1278,-1.5887187287673272,1.2745737120354914,1278,137.71438598632812,137.66189575195312,288.0,0.3020833333333333
1279,-1.388103652223679,1.3551851255676632,1279,137.68020629882812,137.6284942626953,288.0,0.2743055555555556
1280,-0.8026768541433444,1.290556426575945,1280,138.07342529296875,138.021484375,288.0,0.22569444444444445
1281,-1.1720547018265834,1.3240633555614398,1281,133.91122436523438,133.8616943359375,288.0,0.2881944444444444
1282,-1.3899902475932133,1.1714928757750611,1282,132.2027587890625,132.15206909179688,288.0,0.2847222222222222
1283,-0.8542396132545916,1.2933453497579177,1283,131.65145874023438,131.60179138183594,288.0,0.2361111111111111
1284,-0.8268757081886987,1.3173826148851255,1284,138.69375610351562,138.64114379882812,288.0,0.2569444444444444
1285,-1.3401410235671662,1.302047223668991,1285,135.9851531982422,135.93292236328125,288.0,0.2222222222222222
1286,-1.110945445368061,1.2841275405060983,1286,135.45162963867188,135.40130615234375,288.0,0.25
1287,-0.9813655659716969,1.3855796808530778,1287,134.960693359375,134.90902709960938,288.0,0.24305555555555555
1288,-0.9545141344151362,1.5271643141270497,1288,136.95399475097656,136.90139770507812,288.0,0.25
1289,-1.288223211183397,1.2528939591595796,1289,136.05410766601562,136.00244140625,288.0,0.21875
1290,-1.1247656794765792,1.2136005651228614,1290,138.7364959716797,138.683349609375,288.0,0.25
1291,-1.3346158950513214,1.3851491764799182,1291,137.30712890625,137.2556610107422,288.0,0.2708333333333333
1292,-1.1736660831559966,1.1912691435014924,1292,138.01522827148438,137.96298217773438,288.0,0.2708333333333333
1293,-1.0870451930189096,1.4264585863634838,1293,134.24806213378906,134.19622802734375,288.0,0.2951388888888889
1294,-1.4275754213847232,1.3028137029213112,1294,135.2079315185547,135.15768432617188,288.0,0.2847222222222222
1295,-0.8069908796598495,1.386317987739723,1295,135.86843872070312,135.8164520263672,288.0,0.2638888888888889
1296,-1.4088984837777505,1.3038528698496226,1296,135.7462158203125,135.69476318359375,288.0,0.25
1297,-1.182403131275721,1.2817835753712474,1297,136.11817932128906,136.06642150878906,288.0,0.21875
1298,-0.8844809594579269,1.3873099634837944,1298,136.44635009765625,136.39346313476562,288.0,0.2743055555555556
1299,-1.4433707783671792,1.3713627657986456,1299,135.32394409179688,135.27142333984375,288.0,0.2916666666666667
1300,-1.2656541353893307,1.160565313801613,1300,135.14572143554688,135.09523010253906,288.0,0.2361111111111111
1301,-1.3058246013231636,1.3025166774506727,1301,137.1566619873047,137.10450744628906,288.0,0.28125
1302,-1.248863269924299,1.2395791056280463,1302,136.55401611328125,136.5017547607422,288.0,0.2604166666666667
1303,-1.2470741741368618,1.2080650476721528,1303,137.64825439453125,137.5965576171875,288.0,0.22916666666666666
1304,-1.0301780325230865,1.4144901796948945,1304,136.4485321044922,136.3963623046875,288.0,0.3055555555555556
1305,-1.262588353850287,1.3583796893834421,1305,136.68621826171875,136.63372802734375,288.0,0.23958333333333334
1306,-1.0843385291626177,1.2400164255074242,1306,137.75595092773438,137.70388793945312,288.0,0.21180555555555555
1307,-1.1989366931220138,1.4133107449519873,1307,134.7335205078125,134.68289184570312,288.0,0.24305555555555555
1308,-1.3548324425764025,1.1587176955474594,1308,135.84410095214844,135.7933807373047,288.0,0.2534722222222222
1309,-0.725165856271651,1.3215041355713848,1309,135.26666259765625,135.21478271484375,288.0,0.2708333333333333
1310,-1.3997901323307702,1.2606379855067762,1310,137.91018676757812,137.85818481445312,288.0,0.2465277777777778
1311,-0.8589463471936719,1.16726783665345,1311,136.25611877441406,136.20431518554688,288.0,0.2048611111111111
1312,-1.401409450463815,1.3365865751565917,1312,135.8365478515625,135.78518676757812,288.0,0.2951388888888889
1313,-1.1097167545989497,1.2630987631243407,1313,137.13079833984375,137.07888793945312,288.0,0.2361111111111111
1314,-1.041639241671462,1.2853707284559552,1314,138.3998565673828,138.34698486328125,288.0,0.22569444444444445
1315,-1.443403820637474,1.24157429873924,1315,136.5694580078125,136.5172119140625,288.0,0.2951388888888889
1316,-1.167004385387763,1.2562916994581128,1316,138.10032653808594,138.0480499267578,288.0,0.2048611111111111
1317,-1.3211776075178097,1.2858140232880955,1317,136.48440551757812,136.43150329589844,288.0,0.22569444444444445
1318,-1.4274085552581137,1.3167682086328563,1318,136.29202270507812,136.2420654296875,288.0,0.2777777777777778
1319,-1.2417367018294105,1.3209084968543652,1319,135.3468017578125,135.29534912109375,288.0,0.2152777777777778
1320,-1.3517902698303723,1.410204477535486,1320,135.59918212890625,135.5478515625,288.0,0.3194444444444444
1321,-1.2628253738685382,1.3403762924368254,1321,134.16064453125,134.1094970703125,288.0,0.2986111111111111
1322,-0.8647853973407194,1.3410100054758178,1322,134.7412109375,134.69064331054688,288.0,0.2847222222222222
1323,-1.385155142734274,1.2944947272308756,1323,137.26187133789062,137.20965576171875,288.0,0.2361111111111111
1324,-0.9204369758681344,1.3599837134726724,1324,136.86480712890625,136.81353759765625,288.0,0.22916666666666666
1325,-1.0226059801171723,1.379620570051161,1325,137.79812622070312,137.74545288085938,288.0,0.2534722222222222
1326,-1.125778675966109,1.424809783168822,1326,136.9968719482422,136.94586181640625,288.0,0.2604166666666667
1327,-1.257053050977012,1.3286357634279995,1327,134.8250732421875,134.77561950683594,288.0,0.22916666666666666
1328,-0.9117442935943237,1.3649362612601963,1328,134.47976684570312,134.4282684326172,288.0,0.2326388888888889
1329,-1.2643420482071426,1.2622291465149007,1329,135.62091064453125,135.5707244873047,288.0,0.2708333333333333
1330,-1.0467813551772651,1.415208428312344,1330,135.02645874023438,134.97451782226562,288.0,0.25
1331,-0.7956230349102663,1.2537931507642202,1331,134.48214721679688,134.43170166015625,288.0,0.19791666666666666
1332,-1.3121970325164902,1.2166773072678454,1332,135.81185913085938,135.7596435546875,288.0,0.20833333333333334
1333,-1.1814277932251198,1.2182670604689159,1333,133.71200561523438,133.66134643554688,288.0,0.2326388888888889
1334,-0.9846000442518381,1.371884990524792,1334,135.60369873046875,135.55174255371094,288.0,0.23958333333333334
1335,-1.0416873358325605,1.4099087054980863,1335,136.8799591064453,136.8284912109375,288.0,0.24305555555555555
1336,-1.006131483722931,1.4244863482065424,1336,134.740234375,134.68893432617188,288.0,0.2534722222222222
1337,-1.0943832898273742,1.3823351552959469,1337,138.65171813964844,138.59951782226562,288.0,0.2534722222222222
1338,-1.275325876191643,1.3645259860228578,1338,133.38876342773438,133.3386993408203,288.0,0.2465277777777778
1339,-0.9403294201003862,1.453798444682737,1339,137.19752502441406,137.14639282226562,288.0,0.23958333333333334
1340,-1.4283519940861455,1.3751308247530671,1340,136.62290954589844,136.5708770751953,288.0,0.2847222222222222
1341,-1.0960820340799649,1.275472556037098,1341,138.12249755859375,138.0697479248047,288.0,0.2326388888888889
1342,-1.3093993317714472,1.351717630371187,1342,135.47845458984375,135.4260711669922,288.0,0.25
1343,-0.7544244734284804,1.4312088570584283,1343,136.11148071289062,136.05886840820312,288.0,0.2708333333333333
1344,-1.3656008450603838,1.340117356186969,1344,136.39244079589844,136.3411407470703,288.0,0.25
1345,-1.3074757832249033,1.254448655794545,1345,135.0118865966797,134.96124267578125,288.0,0.24305555555555555
1346,-1.2764810119368235,1.2865121685904712,1346,134.11380004882812,134.064453125,288.0,0.22916666666666666
1347,-1.2828817942423605,1.3913232817780006,1347,133.80975341796875,133.7581329345703,288.0,0.25
1348,-0.9813407860474229,1.346028301253763,1348,137.97975158691406,137.92691040039062,288.0,0.24305555555555555
1349,-1.2917877822637172,1.3238481555431556,1349,136.38302612304688,136.331787109375,288.0,0.2534722222222222
1350,-1.0140567539879453,1.435962197486543,1350,135.58648681640625,135.5338134765625,288.0,0.2326388888888889
1351,-1.3664514143801607,1.3510370333396784,1351,136.3890838623047,136.33665466308594,288.0,0.2638888888888889
1352,-0.8490022669189945,1.3561282494482518,1352,136.89842224121094,136.84530639648438,288.0,0.22916666666666666
1353,-0.9329446571665483,1.4085381328848225,1353,136.9154052734375,136.8625946044922,288.0,0.28125
1354,-1.1573117075715644,1.3285748677889724,1354,135.66978454589844,135.6188201904297,288.0,0.23958333333333334
1355,-1.4139548223115126,1.197209552646717,1355,138.14605712890625,138.09429931640625,288.0,0.25
1356,-0.946324734513883,1.4025469556908887,1356,134.013916015625,133.963623046875,288.0,0.2152777777777778
1357,-0.9566810503424585,1.386005921734128,1357,136.930419921875,136.87840270996094,288.0,0.2638888888888889
1358,-1.3195708791149914,1.3029891900818618,1358,135.9051971435547,135.85317993164062,288.0,0.2222222222222222
1359,-0.9351253121823997,1.3036331670275974,1359,136.6002655029297,136.548583984375,288.0,0.2465277777777778
1360,-1.0135214572712161,1.4450358940841106,1360,136.48207092285156,136.4294891357422,288.0,0.2986111111111111
1361,-1.3108160981515136,1.3865961012566344,1361,136.69296264648438,136.64126586914062,288.0,0.2604166666666667
1362,-0.9590379817474926,1.3855150713992632,1362,137.81390380859375,137.76309204101562,288.0,0.2743055555555556
1363,-1.0013325578944179,1.3988261274965554,1363,138.03408813476562,137.98165893554688,288.0,0.24305555555555555
1364,-0.9506484838397034,1.3496883066473042,1364,135.43817138671875,135.38626098632812,288.0,0.22916666666666666
1365,-1.1077127816214256,1.296153742348982,1365,137.38140869140625,137.33055114746094,288.0,0.21875
1366,-0.9429763276751539,1.342823647220918,1366,136.15957641601562,136.10763549804688,288.0,0.2708333333333333
1367,-0.8096683673641222,1.3329388446541666,1367,136.37997436523438,136.3301544189453,288.0,0.2222222222222222
1368,-1.2860801836721643,1.2838658787570572,1368,136.58668518066406,136.5373077392578,288.0,0.25
1369,-1.2623358525599855,1.285542800237851,1369,137.72276306152344,137.67111206054688,288.0,0.25
1370,-0.7881231550094897,1.349008156782877,1370,138.41433715820312,138.3621826171875,288.0,0.21180555555555555
1371,-1.1197461773956705,1.3140477799355865,1371,132.24978637695312,132.20101928710938,288.0,0.2673611111111111
1372,-1.4271310677919806,1.419555980098996,1372,137.75286865234375,137.69989013671875,288.0,0.3090277777777778
1373,-1.0659364184415296,1.3296100367449286,1373,139.08824157714844,139.03530883789062,288.0,0.22916666666666666
1374,-0.7969141071601622,1.3993614717222302,1374,136.806396484375,136.75576782226562,288.0,0.19791666666666666
1375,-1.162542875780491,1.1336034556498165,1375,137.82369995117188,137.7706298828125,288.0,0.24305555555555555
1376,-1.0993332717792046,1.3055361428251906,1376,137.01805114746094,136.96510314941406,288.0,0.2569444444444444
1377,-1.3408679709703222,1.2729504505825333,1377,137.1228485107422,137.07150268554688,288.0,0.24305555555555555
1378,-0.8338072045008268,1.5425427895959107,1378,136.64947509765625,136.59783935546875,288.0,0.2881944444444444
1379,-1.4266649100335906,1.3460376447619313,1379,137.5475311279297,137.49612426757812,288.0,0.2638888888888889
1380,-0.9449708019386635,1.4227815370506225,1380,137.72366333007812,137.6719512939453,288.0,0.2534722222222222
1381,-0.9724537209103299,1.3670105442066207,1381,135.8531494140625,135.80267333984375,288.0,0.1736111111111111
1382,-1.0981493291342932,1.27480936104002,1382,137.3057861328125,137.2531280517578,288.0,0.22569444444444445
1383,-0.9342219038309582,1.419789103129776,1383,137.26718139648438,137.21498107910156,288.0,0.2673611111111111
1384,-0.850623666945748,1.3759782054792942,1384,137.8883514404297,137.8349609375,288.0,0.2048611111111111
1385,-1.087271545786033,1.2979436283540686,1385,137.2303466796875,137.17840576171875,288.0,0.2638888888888889
1386,-1.2690263800892851,1.2800509849439217,1386,135.33627319335938,135.28396606445312,288.0,0.2604166666666667
1387,-0.9841917219389857,1.3388226966435512,1387,137.4591827392578,137.40719604492188,288.0,0.2326388888888889
1388,-0.8747938839925565,1.4742613472982395,1388,135.21170043945312,135.16009521484375,288.0,0.2638888888888889
1389,-1.1226146706854763,1.2396219353681481,1389,136.64523315429688,136.5950164794922,288.0,0.2013888888888889
1390,-1.2142468477884505,1.236829421620888,1390,135.40830993652344,135.3564453125,288.0,0.18055555555555555
1391,-1.268821072361457,1.3507739500708873,1391,138.24685668945312,138.1942138671875,288.0,0.28125
1392,-1.077936677362526,1.3422969305109242,1392,134.81454467773438,134.7646026611328,288.0,0.2534722222222222
1393,-1.3587895194615793,1.2948156324024438,1393,133.08975219726562,133.04013061523438,288.0,0.22916666666666666
1394,-0.76992558306128,1.486198271966746,1394,134.12911987304688,134.0790557861328,288.0,0.2569444444444444
1395,-1.2410884436719267,1.258154792521268,1395,137.04107666015625,136.98904418945312,288.0,0.19791666666666666
1396,-1.2213039107519128,1.279155605097364,1396,135.3065643310547,135.25482177734375,288.0,0.1875
1397,-1.3961221286434327,1.244046196277198,1397,137.3143310546875,137.261474609375,288.0,0.22569444444444445
1398,-1.2009523273281344,1.2226678286170098,1398,136.452880859375,136.40097045898438,288.0,0.1875
1399,-1.3019159749644587,1.1771479511076637,1399,135.9646759033203,135.91278076171875,288.0,0.23958333333333334
1400,-1.3426691073748458,1.1312894953893466,1400,136.60899353027344,136.55612182617188,288.0,0.2743055555555556
1401,-1.4491679431285347,1.2204368721737289,1401,137.0858612060547,137.03329467773438,288.0,0.2638888888888889
1402,-0.8203068698444302,1.2366899634044661,1402,136.33026123046875,136.2802734375,288.0,0.2361111111111111
1403,-0.824477797902509,1.4509043643051536,1403,138.46678161621094,138.4141387939453,288.0,0.2361111111111111
1404,-1.1456751703709889,1.25992459731051,1404,136.64523315429688,136.59283447265625,288.0,0.22569444444444445
1405,-1.1285541963146994,1.3569177535152017,1405,131.4569091796875,131.4073486328125,288.0,0.21875
1406,-1.2543295403958628,1.200582733959353,1406,134.96282958984375,134.91091918945312,288.0,0.2326388888888889
1407,-0.7828458515382007,1.4201869246106498,1407,137.6872100830078,137.63502502441406,288.0,0.2222222222222222
1408,-1.0487214722359082,1.4117227787768112,1408,137.00335693359375,136.9517059326172,288.0,0.2777777777777778
1409,-1.3954501413933267,1.185786685403144,1409,137.74655151367188,137.69482421875,288.0,0.22916666666666666
1410,-0.9531777112618527,1.3681398932492004,1410,132.03823852539062,131.99061584472656,288.0,0.2361111111111111
1411,-0.9920856551161985,1.2262545638881497,1411,137.3043212890625,137.2515411376953,288.0,0.23958333333333334
1412,-1.2380730051060849,1.3333419981393502,1412,136.1002655029297,136.04776000976562,288.0,0.2013888888888889
1413,-0.9402690392554922,1.4196072900701393,1413,136.2469940185547,136.19589233398438,288.0,0.22916666666666666
1414,-1.228532659620384,1.2131779188682215,1414,135.62420654296875,135.57225036621094,288.0,0.2465277777777778
1415,-1.2209293102586178,1.2681664064537672,1415,137.38522338867188,137.33392333984375,288.0,0.2673611111111111
1416,-1.0201112256450782,1.3133626089760702,1416,135.87893676757812,135.82676696777344,288.0,0.22916666666666666
1417,-1.2362664713019218,1.3270183252255179,1417,132.57235717773438,132.52188110351562,288.0,0.25
1418,-1.3256140868197543,1.1825130238181387,1418,137.03024291992188,136.97824096679688,288.0,0.25
1419,-1.4019429963195777,1.2112893368382704,1419,134.3572998046875,134.30545043945312,288.0,0.19444444444444445
1420,-0.8593719484514332,1.2559706865914873,1420,136.50448608398438,136.45245361328125,288.0,0.1909722222222222
1421,-0.8489966238751049,1.2948527001352408,1421,137.11013793945312,137.05760192871094,288.0,0.23958333333333334
1422,-0.6942592070255789,1.346710222403663,1422,134.1914825439453,134.13978576660156,288.0,0.19791666666666666
1423,-1.2026730569396635,1.3513444442957168,1423,137.17202758789062,137.11956787109375,288.0,0.23958333333333334
1424,-1.1776156477566835,1.4170574477826814,1424,135.21539306640625,135.1636199951172,288.0,0.2465277777777778
1425,-1.3825753148514333,1.2665585757988889,1425,137.40158081054688,137.34915161132812,288.0,0.22569444444444445
1426,-0.7853063583628614,1.3925125994800738,1426,135.64511108398438,135.59323120117188,288.0,0.2673611111111111
1427,-1.3442916154804736,1.2088871095336329,1427,136.40606689453125,136.35385131835938,288.0,0.2673611111111111
1428,-1.2842768972282235,1.181654998568433,1428,135.08682250976562,135.03558349609375,288.0,0.17708333333333334
1429,-1.1870989204971056,1.3353526313498079,1429,137.2405548095703,137.18893432617188,288.0,0.2222222222222222
1430,-0.7735518687541553,1.2170436731282581,1430,135.74398803710938,135.69342041015625,288.0,0.20833333333333334
1431,-1.0950808408862533,1.4512457729179506,1431,136.85748291015625,136.8055419921875,288.0,0.2152777777777778
1432,-1.3040882575935906,1.2472451352885248,1432,136.48257446289062,136.43194580078125,288.0,0.22569444444444445
1433,-0.778916287280474,1.4420050350235838,1433,136.99639892578125,136.9441680908203,288.0,0.2604166666666667
1434,-1.4257874144428395,1.134130571942006,1434,136.25399780273438,136.2012176513672,288.0,0.2048611111111111
1435,-1.4309436168879484,1.2574278024232288,1435,137.2103729248047,137.15748596191406,288.0,0.2361111111111111
1436,-0.7262271355865628,1.3217284265826141,1436,134.9912109375,134.93972778320312,288.0,0.2361111111111111
1437,-1.35489593189051,1.3408399839886915,1437,138.288330078125,138.23590087890625,288.0,0.25
1438,-1.220472196750996,1.384232121691931,1438,135.54193115234375,135.49090576171875,288.0,0.2604166666666667
1439,-0.7115432592840099,1.2721807137081684,1439,134.51844787597656,134.4659423828125,288.0,0.2048611111111111
1440,-1.0819717815669156,1.2098881297559914,1440,138.98101806640625,138.92822265625,288.0,0.2048611111111111
1441,-1.4718047122989855,1.2758703582168314,1441,136.82919311523438,136.77713012695312,288.0,0.2534722222222222
1442,-1.3962802801163212,1.290476207673506,1442,139.35330200195312,139.30117797851562,288.0,0.25
1443,-0.8567847362671167,1.2053338106708302,1443,135.82791137695312,135.77610778808594,288.0,0.2152777777777778
1444,-1.4378441032282743,1.259044167337286,1444,135.18374633789062,135.1332550048828,288.0,0.25
1445,-1.2935313984984063,1.2492047107175477,1445,137.1470947265625,137.09486389160156,288.0,0.21180555555555555
1446,-1.0071981594446362,1.3165493450465535,1446,135.1014862060547,135.0494842529297,288.0,0.22569444444444445
1447,-1.1285831866592686,1.2704359372999383,1447,136.6675262451172,136.61618041992188,288.0,0.21180555555555555
1448,-1.3384889265900173,1.304060446336887,1448,136.43096923828125,136.38009643554688,288.0,0.19791666666666666
1449,-0.9091992727075251,1.4254409594484407,1449,135.1063232421875,135.05419921875,288.0,0.2222222222222222
1450,-1.3546279927503195,1.2840038278741575,1450,138.945068359375,138.89208984375,288.0,0.2361111111111111
1451,-1.2555919581085253,1.1968779321243763,1451,135.873046875,135.82131958007812,288.0,0.2638888888888889
1452,-1.2106797995784844,1.4744162794113027,1452,135.74671936035156,135.69569396972656,288.0,0.2013888888888889
1453,-1.0969648524614324,1.3947573699493228,1453,138.18701171875,138.13424682617188,288.0,0.2777777777777778
1454,-0.8426253249724076,1.4309116089961615,1454,135.54183959960938,135.49038696289062,288.0,0.2534722222222222
1455,-1.4539976037422047,1.287655167855726,1455,135.80783081054688,135.75611877441406,288.0,0.2361111111111111
1456,-1.4611807537880512,1.2792722319746237,1456,136.20352172851562,136.151123046875,288.0,0.2569444444444444
1457,-1.041851289745842,1.2708841925687568,1457,136.04318237304688,135.99107360839844,288.0,0.21180555555555555
1458,-1.107405150558834,1.1914463784079024,1458,135.69281005859375,135.64100646972656,288.0,0.17708333333333334
1459,-1.3249844576427334,1.4548265279574872,1459,137.34396362304688,137.29119873046875,288.0,0.2604166666666667
1460,-1.1716093955258304,1.344151061244816,1460,136.20599365234375,136.15432739257812,288.0,0.1875
1461,-1.4978871988065279,1.2581813927050152,1461,132.26109313964844,132.21095275878906,288.0,0.25
1462,-1.1589854185335757,1.3216982178007386,1462,136.3569793701172,136.3064727783203,288.0,0.22916666666666666
1463,-1.13026710598362,1.3023724039194113,1463,135.58872985839844,135.5362548828125,288.0,0.22916666666666666
1464,-1.166005267561967,1.3383536404900171,1464,137.40533447265625,137.35391235351562,288.0,0.21875
1465,-1.3329369919974812,1.1971651560956766,1465,137.00790405273438,136.95716857910156,288.0,0.2048611111111111
1466,-1.1965171456533075,1.221548736247251,1466,137.44436645507812,137.3924102783203,288.0,0.21875
1467,-1.3307286045876436,1.3104063796790668,1467,136.75233459472656,136.70166015625,288.0,0.2152777777777778
1468,-1.224116760600456,1.2070960208357597,1468,132.446533203125,132.39578247070312,288.0,0.2465277777777778
1469,-1.0070537167419187,1.3462333284352173,1469,136.48919677734375,136.43734741210938,288.0,0.2673611111111111
1470,-1.0320819460936315,1.2893983293031261,1470,137.9940643310547,137.94203186035156,288.0,0.21180555555555555
1471,-1.0483065411843588,1.3342318750387971,1471,136.50210571289062,136.45147705078125,288.0,0.23958333333333334
1472,-1.2915079127742075,1.2814374435731553,1472,134.5419464111328,134.48934936523438,288.0,0.2222222222222222
1473,-1.2062235390115488,1.2042924393334038,1473,134.5462646484375,134.4957275390625,288.0,0.21875
1474,-1.3368203215497994,1.2402961250505138,1474,137.07615661621094,137.0237274169922,288.0,0.2152777777777778
1475,-1.2494054929697649,1.2327868214835025,1475,137.78375244140625,137.73175048828125,288.0,0.2222222222222222
1476,-0.9976508511875335,1.219703481494797,1476,136.30702209472656,136.25502014160156,288.0,0.16319444444444445
1477,-1.2032035799410483,1.3322038368417066,1477,135.6182861328125,135.56781005859375,288.0,0.2465277777777778
1478,-1.1931469251295195,1.1821843344891934,1478,137.67422485351562,137.62228393554688,288.0,0.2326388888888889
1479,-1.310458130285856,1.293680016608463,1479,137.85440063476562,137.8020782470703,288.0,0.20833333333333334
1480,-0.9246335046134669,1.2706498654244662,1480,134.17218017578125,134.12081909179688,288.0,0.22569444444444445
1481,-0.8800648885007772,1.2248684118816129,1481,133.83352661132812,133.78268432617188,288.0,0.19791666666666666
1482,-1.3723250943607246,1.2422194225480008,1482,136.23574829101562,136.18402099609375,288.0,0.2152777777777778
1483,-1.2543150528614118,1.3377192993153941,1483,134.36724853515625,134.31536865234375,288.0,0.21875
1484,-1.2924191389823187,1.3011159730550377,1484,135.34423828125,135.2920684814453,288.0,0.2222222222222222
1485,-0.8982572852738121,1.3183210616431433,1485,137.0309295654297,136.9779052734375,288.0,0.1909722222222222
1486,-1.1940423755776584,1.4798746325466454,1486,130.29229736328125,130.2416534423828,288.0,0.21875
1487,-1.1408277472283217,1.4123306777804951,1487,136.9468231201172,136.8955078125,288.0,0.2361111111111111
1488,-1.3699343341927848,1.201387222607579,1488,137.3645782470703,137.3125,288.0,0.2048611111111111
1489,-0.9880083632817279,1.2133733529404573,1489,134.18264770507812,134.1322479248047,288.0,0.2326388888888889
1490,-1.157841984845345,1.2973457902670924,1490,136.94863891601562,136.8961944580078,288.0,0.19791666666666666
1491,-1.3361654295064112,1.2934741006653698,1491,133.07269287109375,133.02249145507812,288.0,0.2465277777777778
1492,-1.3402223057670406,1.292175186111957,1492,135.34803771972656,135.29638671875,288.0,0.2361111111111111
1493,-1.506406447201925,1.247576882566888,1493,136.2777862548828,136.22503662109375,288.0,0.2222222222222222
1494,-1.0940386431718574,1.2685328461254963,1494,135.27772521972656,135.22476196289062,288.0,0.22569444444444445
1495,-1.3344004052744012,1.2634808271382665,1495,133.11968994140625,133.0697021484375,288.0,0.1736111111111111
1496,-1.2054963900691409,1.3257781157864943,1496,133.896728515625,133.84652709960938,288.0,0.21875
1497,-1.2313479925628767,1.338252887715987,1497,136.3856201171875,136.3338165283203,288.0,0.2152777777777778
1498,-0.9070904600830699,1.4639336846837991,1498,136.55657958984375,136.5041961669922,288.0,0.23958333333333334
1499,-1.2505424537114596,1.3489525396464919,1499,135.44589233398438,135.39376831054688,288.0,0.21180555555555555
1500,-1.220740515833034,1.2916911223221237,1500,135.18084716796875,135.12905883789062,288.0,0.2326388888888889
1501,-1.1481160732380349,1.2230183718638805,1501,135.863037109375,135.81114196777344,288.0,0.18055555555555555
1502,-1.2812043461966942,1.1775940558401432,1502,133.76962280273438,133.71990966796875,288.0,0.22916666666666666
1503,-1.4237220716703551,1.2319438923339296,1503,135.33782958984375,135.28628540039062,288.0,0.2152777777777778
1504,-0.8742909335226074,1.325468432880788,1504,135.4685821533203,135.41802978515625,288.0,0.2534722222222222
1505,-1.089541354959182,1.423919767098176,1505,137.1183624267578,137.06704711914062,288.0,0.2673611111111111
1506,-1.1221307908454556,1.1994575037301083,1506,133.2760009765625,133.22511291503906,288.0,0.24305555555555555
1507,-1.0116595020709351,1.3172771512177748,1507,129.50184631347656,129.45216369628906,288.0,0.19444444444444445
1508,-1.0361212175988526,1.2472130805279478,1508,134.33547973632812,134.28359985351562,288.0,0.1909722222222222
1509,-1.1729020162645516,1.2147889229527078,1509,136.48095703125,136.42886352539062,288.0,0.2222222222222222
1510,-1.1130024825351574,1.1868244041479754,1510,138.53604125976562,138.48419189453125,288.0,0.2013888888888889
1511,-1.2675344883739494,1.1787652436632656,1511,130.63644409179688,130.5869598388672,288.0,0.18055555555555555
1512,-1.060557973716661,1.330917146931238,1512,135.33782958984375,135.28717041015625,288.0,0.1875
1513,-0.9201260179768599,1.3055735912410278,1513,136.32940673828125,136.277587890625,288.0,0.25
1514,-1.1305046185524463,1.2451166200408799,1514,138.60475158691406,138.55307006835938,288.0,0.21875
1515,-1.0797140907904152,1.3445644595485116,1515,129.77818298339844,129.72885131835938,288.0,0.2569444444444444
1516,-1.1710177162510425,1.2939470866934122,1516,136.53634643554688,136.48580932617188,288.0,0.18055555555555555
1517,-1.1634323411503427,1.1302351003657711,1517,137.57986450195312,137.52737426757812,288.0,0.18055555555555555
1518,-0.916248330560241,1.289121633986494,1518,136.4119110107422,136.35897827148438,288.0,0.20833333333333334
1519,-0.8392696947315262,1.0449200706401165,1519,136.5143280029297,136.46189880371094,288.0,0.16666666666666666
1520,-0.9832085083165656,1.3291396689435766,1520,134.575439453125,134.5242462158203,288.0,0.19791666666666666
1521,-1.3523315158563152,1.2061534686264872,1521,136.50869750976562,136.45672607421875,288.0,0.19444444444444445
1522,-1.177341858374325,1.362845048805384,1522,135.4023895263672,135.35035705566406,288.0,0.2465277777777778
1523,-0.7320536425191755,1.3398816328849128,1523,136.1283721923828,136.0764923095703,288.0,0.20833333333333334
1524,-1.319540701317753,1.361302989065727,1524,136.42984008789062,136.37815856933594,288.0,0.2847222222222222
1525,-1.0074327049136196,1.1130315691263364,1525,137.4391632080078,137.38739013671875,288.0,0.18055555555555555
1526,-1.1418015606522944,1.1246366528577867,1526,137.1578826904297,137.10595703125,288.0,0.17708333333333334
1527,-0.8769775007473601,1.3660722420840905,1527,137.74949645996094,137.69775390625,288.0,0.25
1528,-1.1012821720067498,1.3924624584583793,1528,137.0183563232422,136.96630859375,288.0,0.22569444444444445
1529,-1.312921706417178,1.1593272265472194,1529,137.4239501953125,137.3720703125,288.0,0.1527777777777778
1530,-1.2764963175190145,1.1746246562472222,1530,135.55511474609375,135.50294494628906,288.0,0.19444444444444445
1531,-1.0392392754474402,1.3979045609691585,1531,139.2596893310547,139.2075958251953,288.0,0.2708333333333333
1532,-1.0328132483107397,1.4458280751967452,1532,136.33584594726562,136.28343200683594,288.0,0.20833333333333334
1533,-1.3432385501063715,1.2693615523344357,1533,134.79827880859375,134.74664306640625,288.0,0.21875
1534,-1.0977281408711586,1.2091154646433848,1534,137.31414794921875,137.26248168945312,288.0,0.2013888888888889
1535,-1.2625620038419898,1.2378434701965664,1535,136.45919799804688,136.40786743164062,288.0,0.2152777777777778
1536,-0.8800746062595471,1.3534177520564885,1536,138.99240112304688,138.94003295898438,288.0,0.2013888888888889
1537,-1.0388671842203867,1.459706725826786,1537,137.41778564453125,137.36599731445312,288.0,0.21180555555555555
1538,-1.178359638983475,1.2875744277865764,1538,135.9313507080078,135.8793182373047,288.0,0.2361111111111111
1539,-1.2053244058392099,1.268544442939382,1539,135.8892822265625,135.83746337890625,288.0,0.1840277777777778
1540,-1.0749736540196706,1.256904533610979,1540,137.01516723632812,136.9644775390625,288.0,0.2569444444444444
1541,-1.2631701871879033,1.1735315452764892,1541,136.686767578125,136.635009765625,288.0,0.17708333333333334
1542,-1.2784116733578197,1.30102324259239,1542,137.17018127441406,137.11843872070312,288.0,0.19791666666666666
1543,-1.3243245774633066,1.234918026224037,1543,137.44520568847656,137.39329528808594,288.0,0.1909722222222222
1544,-1.2410344355498575,1.2410808404716753,1544,138.51821899414062,138.46640014648438,288.0,0.2222222222222222
1545,-1.2563898328343726,1.2950067023558747,1545,138.9889373779297,138.93634033203125,288.0,0.21180555555555555
1546,-1.2138607968783175,1.1980341060517923,1546,138.102783203125,138.0509033203125,288.0,0.22569444444444445
1547,-1.031662792082815,1.1163828658957062,1547,136.46632385253906,136.41526794433594,288.0,0.15625
1548,-1.10380356429354,1.1928266427805538,1548,136.17572021484375,136.12319946289062,288.0,0.18055555555555555
1549,-1.0223910436583121,1.33543927896785,1549,137.61135864257812,137.55953979492188,288.0,0.2013888888888889
1550,-1.153286437865644,1.1903034469722265,1550,136.18423461914062,136.1329345703125,288.0,0.14583333333333334
1551,-0.6790814400379306,1.3655924915247533,1551,136.82974243164062,136.77818298339844,288.0,0.2013888888888889
1552,-1.3203208042571757,1.196132419934164,1552,135.20101928710938,135.14938354492188,288.0,0.2048611111111111
1553,-1.3167820833107222,1.2746584401285888,1553,135.68814086914062,135.635986328125,288.0,0.2152777777777778
1554,-1.057379142210163,1.256574032563328,1554,136.48648071289062,136.4344482421875,288.0,0.19444444444444445
1555,-1.180365533027497,1.3088421516620474,1555,135.15682983398438,135.10675048828125,288.0,0.20833333333333334
1556,-1.2131440788922474,1.2419305588816865,1556,138.27520751953125,138.22360229492188,288.0,0.22569444444444445
1557,-1.163359100501513,1.2881262197091856,1557,135.88914489746094,135.8388671875,288.0,0.18055555555555555
1558,-1.2659239373255116,1.2163509880437096,1558,138.04188537597656,137.98939514160156,288.0,0.18055555555555555
1559,-1.059083633152311,1.0711635317917947,1559,137.0718231201172,137.0201873779297,288.0,0.16666666666666666
1560,-1.0673968461068302,1.3322136708179124,1560,136.02554321289062,135.9742431640625,288.0,0.18055555555555555
1561,-0.8846143719916143,1.2419246702469673,1561,137.35104370117188,137.29934692382812,288.0,0.21180555555555555
1562,-0.9163535372172187,1.2468130664757164,1562,138.43344116210938,138.3804931640625,288.0,0.19791666666666666
1563,-1.1430791847525867,1.1312555661602748,1563,138.436279296875,138.38385009765625,288.0,0.16319444444444445
1564,-1.2457031867838364,1.2241324000276184,1564,137.47216796875,137.4197998046875,288.0,0.20833333333333334
1565,-0.9609491094797592,1.3539408796361825,1565,135.73870849609375,135.68687438964844,288.0,0.21875
1566,-0.9201712921486364,1.186971066815198,1566,136.7327117919922,136.6811065673828,288.0,0.14930555555555555
1567,-0.9642889019404256,1.3213143935331697,1567,134.0325927734375,133.9805450439453,288.0,0.21875
1568,-0.7912450083711717,1.3153703986328986,1568,138.54824829101562,138.498046875,288.0,0.17708333333333334
1569,-1.4142400946373144,1.203360251011295,1569,137.70526123046875,137.65391540527344,288.0,0.19791666666666666
1570,-1.1509895392503773,1.17560058383141,1570,136.03659057617188,135.985107421875,288.0,0.17708333333333334
1571,-0.9322907154743554,1.3512874887478943,1571,133.29844665527344,133.247314453125,288.0,0.20833333333333334
1572,-1.1206672285409678,1.2911186090131819,1572,135.33155822753906,135.27960205078125,288.0,0.2013888888888889
1573,-1.3942964002146614,1.2450909394927634,1573,137.6046600341797,137.55264282226562,288.0,0.19444444444444445
1574,-1.2929807523091952,1.3335680020803942,1574,137.7672576904297,137.71517944335938,288.0,0.2222222222222222
1575,-1.0715489797673998,1.301608774183273,1575,136.60069274902344,136.54962158203125,288.0,0.16666666666666666
1576,-1.3534623562358177,1.3707452143589889,1576,138.5237579345703,138.4716796875,288.0,0.2222222222222222
1577,-1.1837999589575317,1.3644844817204786,1577,135.63177490234375,135.5801544189453,288.0,0.2013888888888889
1578,-1.1575133776052973,1.2491917049525068,1578,136.91651916503906,136.86453247070312,288.0,0.20833333333333334
1579,-1.1786234772504132,1.3030471372929373,1579,135.32260131835938,135.27264404296875,288.0,0.16319444444444445
1580,-1.2110430386977487,1.426976927963705,1580,138.12380981445312,138.0716552734375,288.0,0.22569444444444445
1581,-1.2844347295600067,1.3599585598821229,1581,138.38233947753906,138.330078125,288.0,0.21875
1582,-1.3236180602430407,1.2056028750679917,1582,137.81179809570312,137.75985717773438,288.0,0.1736111111111111
1583,-0.9967473958961032,1.2095201719129458,1583,135.3598175048828,135.30960083007812,288.0,0.14930555555555555
1584,-0.975039160749285,1.3622111833861366,1584,134.03109741210938,133.98025512695312,288.0,0.2152777777777778
1585,-1.137190648415416,1.3644981755828764,1585,135.23411560058594,135.18370056152344,288.0,0.2152777777777778
1586,-1.1042384778203467,1.3997363375985699,1586,136.52658081054688,136.47500610351562,288.0,0.2326388888888889
1587,-1.4047377963435106,1.207047992579736,1587,136.58853149414062,136.53726196289062,288.0,0.1875
1588,-1.2142401783971277,1.2925297223043575,1588,137.087646484375,137.03567504882812,288.0,0.2569444444444444
1589,-0.8379217898487801,1.27702236865021,1589,134.2704315185547,134.217529296875,288.0,0.13194444444444445
1590,-1.1339241475977577,1.0922406351185192,1590,135.1160125732422,135.06356811523438,288.0,0.1909722222222222
1591,-1.1623707251171476,1.315977120534577,1591,137.5204315185547,137.4678955078125,288.0,0.23958333333333334
1592,-1.2844436994331692,1.1463960395391828,1592,136.3458251953125,136.2938232421875,288.0,0.1736111111111111
1593,-1.001257910241518,1.164803200365614,1593,134.43167114257812,134.38156127929688,288.0,0.1736111111111111
1594,-1.4304251176980274,1.2445580654828508,1594,135.5029296875,135.45095825195312,288.0,0.2152777777777778
1595,-0.951547598349572,1.2788235333085591,1595,137.08453369140625,137.0318603515625,288.0,0.21875
1596,-1.1747371993472417,1.1008304524348342,1596,135.49954223632812,135.44772338867188,288.0,0.16666666666666666
1597,-1.1390995580911267,1.2136746860109529,1597,136.87583923339844,136.8233642578125,288.0,0.22569444444444445
1598,-0.7995337633646283,1.4533746032482213,1598,137.99951171875,137.94680786132812,288.0,0.2152777777777778
1599,-1.2401907780518815,1.231570537022099,1599,134.99949645996094,134.9479522705078,288.0,0.2048611111111111
1600,-0.9920331425706421,1.2858627754517664,1600,136.502685546875,136.4514617919922,288.0,0.1875
1601,-0.8300612465636087,1.2500833533699487,1601,135.57321166992188,135.52163696289062,288.0,0.1527777777777778
1602,-1.1066212086767857,1.2394622395445025,1602,136.96102905273438,136.9098358154297,288.0,0.1875
1603,-1.418457364767901,1.1990295228184393,1603,134.28025817871094,134.23040771484375,288.0,0.1701388888888889
1604,-1.2309630238849039,1.1842392933416488,1604,136.4330596923828,136.38134765625,288.0,0.2152777777777778
1605,-1.1639782693218181,1.2021320801683282,1605,136.9273681640625,136.87625122070312,288.0,0.1909722222222222
1606,-1.2624248135202005,1.275368354825758,1606,136.83053588867188,136.7795867919922,288.0,0.22569444444444445
1607,-1.2099748380540996,1.302719795087548,1607,136.52102661132812,136.46934509277344,288.0,0.19791666666666666
1608,-0.7529505028160287,1.1323716332673937,1608,136.71670532226562,136.66506958007812,288.0,0.17708333333333334
1609,-1.4502224806129864,1.237884388883007,1609,133.8306884765625,133.7793426513672,288.0,0.2048611111111111
1610,-1.2242574613098842,1.317667123315459,1610,133.90060424804688,133.84776306152344,288.0,0.21875
1611,-0.9418265551844454,1.2370118093921474,1611,135.14122009277344,135.08999633789062,288.0,0.19444444444444445
1612,-1.218567756628125,1.156914873809935,1612,137.06256103515625,137.01051330566406,288.0,0.17708333333333334
1613,-1.3614421638039162,1.160857011286355,1613,135.95294189453125,135.90042114257812,288.0,0.18055555555555555
1614,-1.172573161560248,1.2329189620035264,1614,135.12619018554688,135.07479858398438,288.0,0.22569444444444445
1615,-0.9845247736465088,1.1747800130547719,1615,137.41983032226562,137.36669921875,288.0,0.1875
1616,-0.8058952891977581,1.2828624500190329,1616,137.30221557617188,137.24948120117188,288.0,0.1875
1617,-1.0508881842285747,1.3369224587036839,1617,137.49415588378906,137.44168090820312,288.0,0.1909722222222222
1618,-1.2872371620717924,1.3143444674182145,1618,135.89096069335938,135.83871459960938,288.0,0.2326388888888889
1619,-0.691381484499507,1.3780061539021986,1619,135.2105255126953,135.15829467773438,288.0,0.2222222222222222
1620,-1.1266626856430781,1.06333033649055,1620,133.89602661132812,133.84475708007812,288.0,0.15625
1621,-1.2990805010951745,1.2150313297509512,1621,134.2273406982422,134.17587280273438,288.0,0.19791666666666666
1622,-1.376104528081483,1.1955333901331346,1622,135.51666259765625,135.4646453857422,288.0,0.14583333333333334
1623,-1.054690929749431,1.2334070162099524,1623,135.7412567138672,135.69107055664062,288.0,0.1909722222222222
1624,-1.061178216198608,1.3347722945773262,1624,134.8282470703125,134.7774658203125,288.0,0.21180555555555555
1625,-0.9050183661047492,1.2362298280057706,1625,134.14024353027344,134.08956909179688,288.0,0.14930555555555555
1626,-0.9697230721654475,1.2986955316781628,1626,135.87164306640625,135.82089233398438,288.0,0.18055555555555555
1627,-1.3483822103021563,1.2521118641108613,1627,134.8590087890625,134.80816650390625,288.0,0.2326388888888889
1628,-1.0264687009296383,1.2981939174570643,1628,136.2176513671875,136.1661376953125,288.0,0.2222222222222222
1629,-1.1711329441901694,1.2398374947897928,1629,137.2196807861328,137.16744995117188,288.0,0.21180555555555555
1630,-0.9157733355725468,1.3784584605404158,1630,138.3789520263672,138.32675170898438,288.0,0.1909722222222222
1631,-1.4044295480704045,1.2120702023196748,1631,136.48406982421875,136.43148803710938,288.0,0.17708333333333334
1632,-1.2303130344255182,1.3070131130774953,1632,137.41969299316406,137.36782836914062,288.0,0.2361111111111111
1633,-1.1728467044875683,1.1556783271636133,1633,137.79811096191406,137.74600219726562,288.0,0.1875
1634,-0.717645174023686,1.2258111848119824,1634,132.97576904296875,132.92420959472656,288.0,0.1423611111111111
1635,-0.8514971632146078,1.3031838672048282,1635,137.0546875,137.00328063964844,288.0,0.20833333333333334
1636,-1.408984959898125,1.2350538781351486,1636,137.39486694335938,137.34228515625,288.0,0.2152777777777778
1637,-1.1597845349514324,1.1389870217674034,1637,136.21875,136.1659698486328,288.0,0.2048611111111111
1638,-1.2078103444359036,1.3378933572880185,1638,134.37777709960938,134.32589721679688,288.0,0.14583333333333334
1639,-1.1705683225855852,1.1638238635307245,1639,136.74465942382812,136.69276428222656,288.0,0.1527777777777778
1640,-1.3869407066245774,1.1876996156023154,1640,135.93780517578125,135.88699340820312,288.0,0.19791666666666666
1641,-0.9792700475707152,1.4283874698788859,1641,133.39016723632812,133.33982849121094,288.0,0.19791666666666666
1642,-1.2502980239876607,1.1654373490136003,1642,135.99575805664062,135.9435272216797,288.0,0.1736111111111111
1643,-1.062019294306523,1.0555769249839466,1643,136.9253692626953,136.87319946289062,288.0,0.15625
1644,-1.034033109154234,1.0979546444659691,1644,136.72442626953125,136.67324829101562,288.0,0.1527777777777778
1645,-0.8044090987751571,1.2898173869574772,1645,138.93362426757812,138.88040161132812,288.0,0.19444444444444445
1646,-1.2772762708695045,1.241604345800571,1646,135.5853729248047,135.53384399414062,288.0,0.16666666666666666
1647,-1.3089071416821711,1.0727977023883648,1647,137.73170471191406,137.67935180664062,288.0,0.18055555555555555
1648,-0.8626071378536643,1.405912911051846,1648,136.71353149414062,136.66192626953125,288.0,0.18055555555555555
1649,-1.34299781557816,1.152863007616757,1649,136.75582885742188,136.70391845703125,288.0,0.2013888888888889
1650,-0.9689395947388826,1.201435609249287,1650,135.1675567626953,135.11557006835938,288.0,0.18055555555555555
1651,-1.185493212871513,1.240786425720816,1651,134.6832275390625,134.6318359375,288.0,0.1875
1652,-1.1694849112444008,1.4072384752034177,1652,134.4254150390625,134.37496948242188,288.0,0.18055555555555555
1653,-1.031114877569445,1.3495111788876482,1653,137.44686889648438,137.3935546875,288.0,0.19791666666666666
1654,-1.0882532596542163,1.1964960700009697,1654,135.74832153320312,135.69757080078125,288.0,0.16319444444444445
1655,-1.1242595736393954,1.223762141827682,1655,133.3767852783203,133.326904296875,288.0,0.18055555555555555
1656,-1.208993762398688,1.2761201507259667,1656,135.63052368164062,135.57981872558594,288.0,0.2013888888888889
1657,-0.88553953569602,1.3802293204993206,1657,134.96531677246094,134.9134063720703,288.0,0.16666666666666666
1658,-0.7060150899586531,1.3111540635517174,1658,134.614990234375,134.5648651123047,288.0,0.1840277777777778
1659,-1.1636151951171998,1.1553185140063371,1659,136.49325561523438,136.44107055664062,288.0,0.18055555555555555
1660,-0.9766447515080464,1.3477582978197964,1660,135.111083984375,135.05914306640625,288.0,0.17708333333333334
1661,-1.2643923677280786,1.1892941734195173,1661,137.307373046875,137.2547607421875,288.0,0.19444444444444445
1662,-1.144403412333075,1.2522815368943876,1662,131.72525024414062,131.67642211914062,288.0,0.1701388888888889
1663,-1.1679512192389678,1.1937893568744642,1663,136.62725830078125,136.5765380859375,288.0,0.1840277777777778
1664,-0.8677346581723963,1.2717438698893144,1664,135.52932739257812,135.47799682617188,288.0,0.19791666666666666
1665,-1.2948751899195543,1.2782803567384726,1665,133.07913208007812,133.02833557128906,288.0,0.1701388888888889
1666,-1.4138440952136448,1.268544021033259,1666,135.50723266601562,135.45611572265625,288.0,0.1909722222222222
1667,-1.2048866863306584,1.063976874393911,1667,137.9020538330078,137.85012817382812,288.0,0.1875
1668,-0.7088169384764611,1.2832855079348804,1668,136.9197998046875,136.86807250976562,288.0,0.17708333333333334
1669,-0.7343421473534922,1.1175071388121325,1669,135.31578063964844,135.26365661621094,288.0,0.1909722222222222
1670,-1.0307246811625639,1.1985318899623698,1670,134.60137939453125,134.55172729492188,288.0,0.1840277777777778
1671,-1.2953419550819258,1.238331557698926,1671,134.88113403320312,134.82955932617188,288.0,0.1701388888888889
1672,-0.9024335159804101,1.2466654533453005,1672,132.5670166015625,132.5171661376953,288.0,0.17708333333333334
1673,-1.2668900320812477,1.1240622549992239,1673,135.53533935546875,135.4840087890625,288.0,0.1701388888888889
1674,-1.251152015570946,1.2541932897585961,1674,137.10147094726562,137.04888916015625,288.0,0.18055555555555555
1675,-0.9907836543579572,1.270808196144256,1675,137.6304931640625,137.5782470703125,288.0,0.1423611111111111
1676,-0.7158317656793205,1.389221247138712,1676,135.52926635742188,135.47726440429688,288.0,0.19791666666666666
1677,-1.22203677408241,1.1494998543460027,1677,137.37171936035156,137.31869506835938,288.0,0.1597222222222222
1678,-0.6986078941832287,1.1511199389879403,1678,135.4268798828125,135.37527465820312,288.0,0.14583333333333334
1679,-1.044297398159105,1.3258361080809578,1679,137.58987426757812,137.53651428222656,288.0,0.17708333333333334
1680,-1.118408268524907,1.329091115893779,1680,137.51751708984375,137.46548461914062,288.0,0.1840277777777778
1681,-0.8431323427192479,1.4777600196382694,1681,134.37828063964844,134.328125,288.0,0.2048611111111111
1682,-1.0735577327818833,1.251023583507648,1682,134.13702392578125,134.08642578125,288.0,0.14583333333333334
1683,-1.1893431336928273,1.208587574374689,1683,136.33900451660156,136.2871551513672,288.0,0.1909722222222222
1684,-0.9596028713932753,1.2436345204796704,1684,136.91717529296875,136.86480712890625,288.0,0.1736111111111111
1685,-1.1749231067979784,1.2362718039529663,1685,136.12596130371094,136.07382202148438,288.0,0.20833333333333334
1686,-1.188615632284117,1.2700576564894446,1686,137.41319274902344,137.36138916015625,288.0,0.19791666666666666
1687,-1.0188730595718627,1.2603470549944216,1687,136.9898681640625,136.93898010253906,288.0,0.1875
1688,-0.6880590861195173,1.4811020471318201,1688,135.86346435546875,135.81103515625,288.0,0.16319444444444445
1689,-1.3165879533691494,1.1416577745750003,1689,136.91854858398438,136.86721801757812,288.0,0.16666666666666666
1690,-0.8415520184808911,1.2799517705849504,1690,136.60289001464844,136.5516815185547,288.0,0.18055555555555555
1691,-1.2327445684067178,1.2061235422201453,1691,134.99818420410156,134.9473876953125,288.0,0.1736111111111111
1692,-0.7987634997466775,1.4863309483841536,1692,136.91543579101562,136.86270141601562,288.0,0.1909722222222222
1693,-1.1863996424428471,1.2375343561116114,1693,135.61264038085938,135.56170654296875,288.0,0.1736111111111111
1694,-1.2074776297026117,1.1825595603896017,1694,132.53518676757812,132.48556518554688,288.0,0.14930555555555555
1695,-1.0021391587588186,1.386688540812749,1695,135.83697509765625,135.78631591796875,288.0,0.21875
1696,-0.8115128863053118,1.2542487458197886,1696,136.4384765625,136.38665771484375,288.0,0.16319444444444445
1697,-0.6262814639084474,1.323116410735656,1697,135.4929656982422,135.4416046142578,288.0,0.1423611111111111
1698,-1.1332070754979895,1.3373414477888195,1698,136.18942260742188,136.137451171875,288.0,0.1701388888888889
1699,-0.9072792007475774,1.5314386503121586,1699,137.01573181152344,136.96359252929688,288.0,0.1736111111111111
1700,-1.1020544597452637,1.381424891280458,1700,136.7864990234375,136.73513793945312,288.0,0.1840277777777778
1701,-1.1629629674230888,1.2278250102294772,1701,136.29833984375,136.24789428710938,288.0,0.2048611111111111
1702,-1.0535952225920953,1.3299016715709422,1702,135.97384643554688,135.92184448242188,288.0,0.1597222222222222
1703,-1.1614569287249077,1.3185962776638478,1703,133.82089233398438,133.7699432373047,288.0,0.2048611111111111
1704,-1.105936600437046,1.362261002587919,1704,132.12936401367188,132.08018493652344,288.0,0.2048611111111111
1705,-0.7609126938556672,0.9942129209040486,1705,135.75155639648438,135.69931030273438,288.0,0.13194444444444445
1706,-0.9453091576039454,1.3379160382288602,1706,137.40899658203125,137.35910034179688,288.0,0.1909722222222222
1707,-0.9917207896067981,1.235195518282639,1707,134.9652099609375,134.914306640625,288.0,0.2222222222222222
1708,-0.8274501709031709,1.4054231109742295,1708,136.21310424804688,136.16229248046875,288.0,0.20833333333333334
1709,-1.2178314742539884,1.213322347336984,1709,135.37225341796875,135.32252502441406,288.0,0.1388888888888889
1710,-1.1444461925881153,1.1689347574063722,1710,137.24009704589844,137.18954467773438,288.0,0.17708333333333334
1711,-1.2244733899507065,1.2347536693574854,1711,137.10992431640625,137.05789184570312,288.0,0.16319444444444445
1712,-0.8936023122024639,1.1387954329749297,1712,135.6592559814453,135.60903930664062,288.0,0.13541666666666666
1713,-1.3684836654021386,1.2858564466235463,1713,137.3529815673828,137.30154418945312,288.0,0.1909722222222222
1714,-0.7848551596489267,1.2561016952904285,1714,136.7468719482422,136.69436645507812,288.0,0.13541666666666666
1715,-0.9289286712638634,1.380056116279223,1715,138.1124725341797,138.06044006347656,288.0,0.1909722222222222
1716,-1.044673167369723,1.2032408561668733,1716,133.496337890625,133.4466552734375,288.0,0.15625
1717,-1.046425030253833,1.2626993237943014,1717,136.5452423095703,136.49383544921875,288.0,0.2048611111111111
1718,-0.7009137794540468,1.2135176080831758,1718,137.1990203857422,137.14630126953125,288.0,0.2222222222222222
1719,-1.0394262441103947,1.2621701851192035,1719,136.8231201171875,136.7718048095703,288.0,0.1909722222222222
1720,-0.6952208001431771,1.046816813502267,1720,134.98687744140625,134.9349822998047,288.0,0.13194444444444445
1721,-1.11853873203816,1.1605043228866214,1721,137.22833251953125,137.17587280273438,288.0,0.16319444444444445
1722,-0.775263748681539,1.2555616254493274,1722,135.624755859375,135.57229614257812,288.0,0.1423611111111111
1723,-1.1836891709186448,1.1718739887774905,1723,135.3568572998047,135.30494689941406,288.0,0.1284722222222222
1724,-0.9310325758928608,1.2633787646494825,1724,137.52566528320312,137.47496032714844,288.0,0.1597222222222222
1725,-1.3584201921525834,1.2359131282324534,1725,135.9425048828125,135.89144897460938,288.0,0.18055555555555555
1726,-0.6052830606763459,1.3389930758009065,1726,135.04788208007812,134.9965057373047,288.0,0.14583333333333334
1727,-1.09478377252407,1.0692921713153973,1727,136.083740234375,136.03384399414062,288.0,0.2048611111111111
1728,-0.8674567183236551,1.3559635805465509,1728,136.6720428466797,136.6204376220703,288.0,0.1736111111111111
1729,-1.095442449828444,1.1485627135787846,1729,133.71937561035156,133.66928100585938,288.0,0.18055555555555555
1730,-1.18409735037288,1.2680231706548557,1730,134.44508361816406,134.39334106445312,288.0,0.16666666666666666
1731,-1.386569067945037,1.3206861675831867,1731,137.81301879882812,137.76014709472656,288.0,0.19444444444444445
1732,-1.370984205800139,1.26100053109317,1732,135.72891235351562,135.67706298828125,288.0,0.21180555555555555
1733,-1.2408302714793988,1.1947272013579238,1733,138.33700561523438,138.28494262695312,288.0,0.17708333333333334
1734,-1.0654756102907124,1.2165491701759106,1734,136.47366333007812,136.4227294921875,288.0,0.1597222222222222
1735,-1.0639723760854511,1.2808167931136885,1735,132.51124572753906,132.46238708496094,288.0,0.18055555555555555
1736,-1.0014354751797059,1.3455160305043516,1736,135.34848022460938,135.29627990722656,288.0,0.1597222222222222
1737,-1.3811158921601117,1.1994756045164834,1737,136.77499389648438,136.72259521484375,288.0,0.2222222222222222
1738,-1.3407398600791869,1.1910153462282318,1738,134.08941650390625,134.03933715820312,288.0,0.2013888888888889
1739,-1.0499704077362433,1.2073909947087136,1739,135.7974853515625,135.745849609375,288.0,0.17708333333333334
1740,-1.2061076049372739,1.1971913033308126,1740,137.23336791992188,137.1806640625,288.0,0.14930555555555555
1741,-0.6459886988625446,1.34083192576567,1741,134.26937866210938,134.21798706054688,288.0,0.1423611111111111
1742,-0.8317494070995178,1.425465367028345,1742,135.88796997070312,135.83567810058594,288.0,0.14930555555555555
1743,-0.7434480131221664,1.229357986737177,1743,136.55409240722656,136.50338745117188,288.0,0.1701388888888889
1744,-0.8807978306162546,1.250623147612069,1744,137.8971405029297,137.843994140625,288.0,0.1701388888888889
1745,-0.8576871710024473,1.331742802934907,1745,134.38650512695312,134.3356170654297,288.0,0.16666666666666666
1746,-1.510245959282363,1.234888164098873,1746,137.20150756835938,137.1487579345703,288.0,0.1909722222222222
1747,-1.1375636860647231,1.2080119076273714,1747,136.06265258789062,136.01171875,288.0,0.1388888888888889
1748,-1.1616255385782668,1.2346484097885317,1748,136.479736328125,136.42825317382812,288.0,0.1423611111111111
1749,-0.9138286609480519,1.2018772916170182,1749,136.16098022460938,136.1083984375,288.0,0.1701388888888889
1750,-1.2399815721077476,1.0719454703250508,1750,137.02203369140625,136.97076416015625,288.0,0.1597222222222222
1751,-1.2051410716387645,1.1665495806815156,1751,134.85116577148438,134.7994842529297,288.0,0.17708333333333334
1752,-1.1917559650432574,1.236779078120916,1752,134.58981323242188,134.53880310058594,288.0,0.16666666666666666
1753,-0.7360274460193996,1.0400376689785562,1753,134.74388122558594,134.6943359375,288.0,0.1423611111111111
1754,-1.1946559111442698,1.178461862042165,1754,134.59109497070312,134.54086303710938,288.0,0.16666666666666666
1755,-1.2209425463055292,1.2131318920639216,1755,137.65211486816406,137.6011199951172,288.0,0.14930555555555555
1756,-0.9676058582547857,1.40937067041349,1756,134.813720703125,134.76171875,288.0,0.1840277777777778
1757,-0.870781194716577,1.0297698861589943,1757,137.8348846435547,137.78375244140625,288.0,0.14930555555555555
1758,-0.9838785590066905,1.11091918077813,1758,133.14178466796875,133.09194946289062,288.0,0.14930555555555555
1759,-0.652781506621787,1.2822867134316938,1759,136.26223754882812,136.21163940429688,288.0,0.1527777777777778
1760,-1.106619444095929,1.2879627726799159,1760,138.31875610351562,138.26693725585938,288.0,0.1701388888888889
1761,-0.6521247762416142,1.2534992271660337,1761,137.11050415039062,137.05860900878906,288.0,0.1111111111111111
1762,-0.7726208382244436,1.521109457768493,1762,137.78546142578125,137.7328338623047,288.0,0.16319444444444445
1763,-0.9658431858819294,1.1514064035585412,1763,135.29049682617188,135.23878479003906,288.0,0.1701388888888889
1764,-0.9694737249676579,1.2820723309676785,1764,131.227294921875,131.177978515625,288.0,0.16319444444444445
1765,-0.9673461703860087,1.281064151038173,1765,134.0850830078125,134.0326385498047,288.0,0.18055555555555555
1766,-1.1042178342140025,1.332879978385203,1766,136.1612548828125,136.10995483398438,288.0,0.1527777777777778
1767,-0.9609920026215887,1.1989412806421742,1767,134.40762329101562,134.3574981689453,288.0,0.1909722222222222
1768,-0.9137493281375628,1.4623613653457932,1768,135.94638061523438,135.89527893066406,288.0,0.18055555555555555
1769,-1.2687222316914633,1.1521717785824828,1769,132.426025390625,132.37625122070312,288.0,0.1736111111111111
1770,-1.1037939327416442,1.183721569372163,1770,136.7860107421875,136.73521423339844,288.0,0.1597222222222222
1771,-1.075623833824804,1.4181315327557635,1771,137.92295837402344,137.87081909179688,288.0,0.15625
1772,-0.791110697619081,1.324583183660862,1772,133.42886352539062,133.37974548339844,288.0,0.16319444444444445
1773,-0.7061769514227026,1.4736245287443597,1773,135.83229064941406,135.78048706054688,288.0,0.1423611111111111
1774,-1.0736912421444704,1.0802460243241905,1774,132.20269775390625,132.15274047851562,288.0,0.1284722222222222
1775,-1.3785433217587002,1.2976022738387074,1775,134.7232666015625,134.6727752685547,288.0,0.1875
1776,-0.7524104807351204,1.409335083526853,1776,136.56671142578125,136.51388549804688,288.0,0.14583333333333334
1777,-0.722933667187813,1.2795571162291823,1777,135.9710693359375,135.91940307617188,288.0,0.1875
1778,-0.9222317643136329,1.1561049735486575,1778,135.052490234375,135.0006103515625,288.0,0.1388888888888889
1779,-0.8472346123355953,1.2946277135215476,1779,134.98812866210938,134.93576049804688,288.0,0.14930555555555555
1780,-1.1990204574211196,1.1103664265605984,1780,136.54547119140625,136.49395751953125,288.0,0.18055555555555555
1781,-0.7908288098601494,1.3879062784827483,1781,134.50962829589844,134.46035766601562,288.0,0.17708333333333334
1782,-0.8533279655242426,1.0822056448502435,1782,135.8625946044922,135.8101806640625,288.0,0.1736111111111111
1783,-1.307384530324245,1.2121797759409312,1783,135.0623321533203,135.01071166992188,288.0,0.1875
1784,-0.7972270599207738,1.2614281499979003,1784,135.95074462890625,135.89869689941406,288.0,0.11805555555555555
1785,-0.9440870813683193,1.4386205366944098,1785,133.12579345703125,133.07650756835938,288.0,0.16666666666666666
1786,-1.162800749636305,1.3041681098372346,1786,134.4754180908203,134.424072265625,288.0,0.2152777777777778
1787,-1.3295225085592282,1.2806552158756352,1787,136.19375610351562,136.14385986328125,288.0,0.17708333333333334
1788,-1.1562707369133491,1.2896223900166504,1788,136.46478271484375,136.41357421875,288.0,0.2013888888888889
1789,-0.9686732901036748,1.1710307953290726,1789,135.81521606445312,135.76458740234375,288.0,0.1597222222222222
1790,-1.2106273751295427,1.158769113035646,1790,136.61203002929688,136.5604248046875,288.0,0.14583333333333334
1791,-1.0820329787876823,1.4500338528007104,1791,137.2017364501953,137.1487579345703,288.0,0.16319444444444445
1792,-1.0741934148539412,1.2575097384751213,1792,137.73240661621094,137.67984008789062,288.0,0.125
1793,-0.6596814129951577,1.292143654384914,1793,134.65469360351562,134.60276794433594,288.0,0.1284722222222222
1794,-0.9789901515997843,1.3892442653597705,1794,136.4881591796875,136.4361572265625,288.0,0.16666666666666666
1795,-1.185367296803158,1.177684322424787,1795,137.00936889648438,136.9593048095703,288.0,0.1875
1796,-1.1461365443493925,1.2314168212370342,1796,135.68496704101562,135.6341552734375,288.0,0.1423611111111111
1797,-1.0857074042084134,1.2912794479706942,1797,137.37228393554688,137.31973266601562,288.0,0.1909722222222222
1798,-1.0394591612500672,1.2422368263180046,1798,134.9541015625,134.90174865722656,288.0,0.11458333333333333
1799,-1.0447850366868165,1.2599595677802096,1799,138.4709930419922,138.42013549804688,288.0,0.1597222222222222
1800,-0.7450350443324343,1.1055471450000405,1800,137.06971740722656,137.0174560546875,288.0,0.13541666666666666
1801,-1.1051410498935643,1.272506692447197,1801,136.8411102294922,136.78851318359375,288.0,0.17708333333333334
1802,-0.8816148402418629,1.2125297749892112,1802,135.1097412109375,135.0590057373047,288.0,0.16319444444444445
1803,-0.8969462442634202,1.144295212961117,1803,136.55496215820312,136.50250244140625,288.0,0.1527777777777778
1804,-0.9543737441518615,1.020956969493583,1804,135.47900390625,135.4288330078125,288.0,0.1597222222222222
1805,-1.2790281392408382,1.2759217469659294,1805,137.99249267578125,137.93927001953125,288.0,0.1527777777777778
1806,-0.9165660978802934,1.2440778347934303,1806,133.29983520507812,133.24952697753906,288.0,0.14930555555555555
1807,-1.2194603519667244,1.1905314351550542,1807,131.25494384765625,131.20445251464844,288.0,0.15625
1808,-1.0672318915853505,1.1274985852278012,1808,136.98934936523438,136.9365234375,288.0,0.16319444444444445
1809,-0.9249235248156236,1.2843427605917788,1809,136.089111328125,136.03729248046875,288.0,0.14583333333333334
1810,-1.3532494003454838,1.2155985429378926,1810,136.78689575195312,136.7347412109375,288.0,0.1527777777777778
1811,-0.9153603709992564,1.1740699443191298,1811,132.26536560058594,132.21575927734375,288.0,0.1284722222222222
1812,-1.1673651789552295,1.3389365149960106,1812,137.4347686767578,137.3824005126953,288.0,0.1736111111111111
1813,-0.8282251578756011,1.302151904873763,1813,137.26499938964844,137.21359252929688,288.0,0.15625
1814,-0.958957880806047,1.2115104464644344,1814,134.85049438476562,134.79965209960938,288.0,0.1527777777777778
1815,-1.1810414852207711,1.1936771248345872,1815,136.80404663085938,136.75146484375,288.0,0.125
1816,-0.8921377324973686,0.9253648284049507,1816,134.54425048828125,134.49407958984375,288.0,0.12152777777777778
1817,-0.8279912025508795,1.4343192635942403,1817,136.4119873046875,136.36009216308594,288.0,0.14583333333333334
1818,-1.004811284194543,1.2158858234495986,1818,131.2675018310547,131.21783447265625,288.0,0.12152777777777778
1819,-0.821663532515937,1.289198535677,1819,136.087158203125,136.03489685058594,288.0,0.16319444444444445
1820,-0.9791217412510428,1.288654736981465,1820,136.52206420898438,136.4700164794922,288.0,0.13541666666666666
1821,-0.8822911595654976,1.3048879402597777,1821,129.89068603515625,129.84092712402344,288.0,0.15625
1822,-1.0859210470162273,1.2291821416316229,1822,136.22897338867188,136.17611694335938,288.0,0.18055555555555555
1823,-0.6644954765039226,1.3326114499883444,1823,128.04698181152344,127.99784088134766,288.0,0.13541666666666666
1824,-1.1949491412898747,1.242449127720578,1824,133.86416625976562,133.8115234375,288.0,0.22569444444444445
1825,-1.2990002880077156,1.2301601465539207,1825,131.92669677734375,131.8773651123047,288.0,0.16666666666666666
1826,-0.9535554242688337,1.3974372634808732,1826,133.09426879882812,133.0433807373047,288.0,0.16319444444444445
1827,-0.9802053850049245,1.3485265624149143,1827,133.97354125976562,133.92098999023438,288.0,0.125
1828,-0.9379678103986132,1.4403830994837694,1828,136.03863525390625,135.98684692382812,288.0,0.14583333333333334
1829,-0.8976769677312504,1.1382912615327374,1829,135.09906005859375,135.04721069335938,288.0,0.1284722222222222
1830,-0.7354832819136867,1.2686242623362223,1830,133.3869171142578,133.33590698242188,288.0,0.11805555555555555
1831,-1.0725651284025433,1.4791136038439954,1831,132.36178588867188,132.31155395507812,288.0,0.16319444444444445
1832,-1.0880618113208647,1.384892334482977,1832,134.90757751464844,134.856201171875,288.0,0.1909722222222222
1833,-1.156884608641936,1.3143708912148402,1833,132.00827026367188,131.9577178955078,288.0,0.15625
1834,-0.8524039487685192,1.4451558169481855,1834,135.05264282226562,135.00051879882812,288.0,0.16666666666666666
1835,-0.6619710990874026,1.2848323256268193,1835,135.06280517578125,135.01214599609375,288.0,0.13541666666666666
1836,-0.7949888604943038,1.278814876729208,1836,130.64111328125,130.59120178222656,288.0,0.1840277777777778
1837,-1.2630303618121028,1.2724570651900964,1837,133.7433624267578,133.69320678710938,288.0,0.14930555555555555
1838,-1.0202670465774633,1.4466655531662225,1838,134.95301818847656,134.90243530273438,288.0,0.16319444444444445
1839,-1.033360002172902,1.2919074747755588,1839,132.8859405517578,132.83602905273438,288.0,0.1527777777777778
1840,-1.072503093854638,1.1508812056707576,1840,133.30288696289062,133.2530517578125,288.0,0.12152777777777778
1841,-1.090804551501559,1.1731849737147033,1841,135.94662475585938,135.8938751220703,288.0,0.14930555555555555
1842,-1.1505779838677532,1.3336236434339355,1842,135.3135986328125,135.2635040283203,288.0,0.1909722222222222
1843,-0.8710570099003205,1.203743932889716,1843,136.020263671875,135.96875,288.0,0.16666666666666666
1844,-0.8233015511757974,1.3922050362489213,1844,136.57933044433594,136.52706909179688,288.0,0.1736111111111111
1845,-0.7541359619632546,1.2894501777969594,1845,136.8134765625,136.76150512695312,288.0,0.15625
1846,-0.8397408232160528,1.2249056079129976,1846,136.69732666015625,136.64500427246094,288.0,0.16319444444444445
1847,-1.2555573620273526,1.207054599599775,1847,134.2789764404297,134.22850036621094,288.0,0.1527777777777778
1848,-1.2712019268192207,1.2450309812185143,1848,136.62109375,136.56967163085938,288.0,0.1527777777777778
1849,-0.8775590385294824,1.3062233845051952,1849,134.4276580810547,134.3780059814453,288.0,0.12152777777777778
1850,-0.8307016163343895,1.3495495018591317,1850,135.12779235839844,135.07754516601562,288.0,0.1597222222222222
1851,-0.9864121594780203,1.137800038410612,1851,138.4693603515625,138.41712951660156,288.0,0.12152777777777778
1852,-0.7166847733045278,1.440639383236784,1852,137.396728515625,137.34568786621094,288.0,0.12152777777777778
1853,-0.7617084169176243,1.1701017197385724,1853,137.19842529296875,137.14686584472656,288.0,0.1527777777777778
1854,-1.4102588334158683,1.2786507101709859,1854,137.28688049316406,137.23544311523438,288.0,0.1527777777777778
1855,-1.1303063159774764,1.272201081329763,1855,137.40267944335938,137.35086059570312,288.0,0.18055555555555555
1856,-1.2913227897236428,1.2672248625752338,1856,134.8535614013672,134.80184936523438,288.0,0.1388888888888889
1857,-1.1235635293391573,1.071258139251476,1857,137.2713623046875,137.218994140625,288.0,0.1423611111111111
1858,-1.2449213309820841,1.155277269245455,1858,135.7285919189453,135.67684936523438,288.0,0.11458333333333333
1859,-1.23543790584729,1.319500132771255,1859,135.544921875,135.49484252929688,288.0,0.18055555555555555
1860,-0.686455000877173,1.3247009406187837,1860,135.33668518066406,135.28677368164062,288.0,0.1527777777777778
1861,-1.157077828571077,1.0882967855088763,1861,135.64779663085938,135.59681701660156,288.0,0.14583333333333334
1862,-0.6794154584658216,1.0467629817125694,1862,135.93450927734375,135.8834991455078,288.0,0.1076388888888889
1863,-0.8957055889499722,1.0995166557502032,1863,136.8421630859375,136.78982543945312,288.0,0.1284722222222222
1864,-0.9383226274706148,1.16978050302282,1864,134.49533081054688,134.44357299804688,288.0,0.1527777777777778
1865,-0.9200981905338206,1.375766896825919,1865,135.92431640625,135.8711395263672,288.0,0.1388888888888889
1866,-0.8558215593498623,1.2694290653938343,1866,136.63821411132812,136.58670043945312,288.0,0.1736111111111111
1867,-1.0952116343366727,1.3139038211461436,1867,136.689208984375,136.63711547851562,288.0,0.1284722222222222
1868,-0.921019172288879,1.2983274700680163,1868,137.27886962890625,137.22708129882812,288.0,0.1284722222222222
1869,-1.0477047721555452,1.3484228723161837,1869,133.85772705078125,133.80593872070312,288.0,0.1388888888888889
1870,-1.3044678754653927,1.131704032428923,1870,132.1209259033203,132.07012939453125,288.0,0.13541666666666666
1871,-1.2364338922771625,1.2134569378966955,1871,134.54891967773438,134.4984130859375,288.0,0.1423611111111111
1872,-1.1675455590293082,1.261031212214375,1872,136.40065002441406,136.34866333007812,288.0,0.1597222222222222
1873,-0.9953753294832014,1.170055645436291,1873,137.21875,137.16773986816406,288.0,0.11458333333333333
1874,-0.7747510486771614,1.0392129234135796,1874,135.34181213378906,135.28955078125,288.0,0.12152777777777778
1875,-1.096066915256423,1.1786075756851377,1875,135.6768798828125,135.62673950195312,288.0,0.1840277777777778
1876,-0.8832273599543046,1.1695755566756698,1876,133.3235321044922,133.27252197265625,288.0,0.13194444444444445
1877,-0.9645467952095841,1.277913519880677,1877,130.94464111328125,130.8958740234375,288.0,0.13194444444444445
1878,-1.0538460576995348,1.1070482116983538,1878,136.15843200683594,136.10626220703125,288.0,0.1423611111111111
1879,-0.8054952802984321,1.4057740506626606,1879,137.099365234375,137.0471954345703,288.0,0.1284722222222222
1880,-1.159837088296307,1.218130274791501,1880,135.10595703125,135.0564727783203,288.0,0.14583333333333334
1881,-1.1242867728189434,1.1187110341816955,1881,132.7528533935547,132.70306396484375,288.0,0.14583333333333334
1882,-0.9365081006240721,1.3587688612457332,1882,136.07415771484375,136.0214385986328,288.0,0.1423611111111111
1883,-1.1664143623506849,1.1952309072442908,1883,136.1284637451172,136.07562255859375,288.0,0.16319444444444445
1884,-0.9398117179959016,1.2136087067628314,1884,136.18096923828125,136.12994384765625,288.0,0.18055555555555555
1885,-0.9592537395569636,1.2884468196218626,1885,137.41944885253906,137.36643981933594,288.0,0.1701388888888889
1886,-0.7346017275272408,1.1255475458934459,1886,134.60415649414062,134.55332946777344,288.0,0.1701388888888889
1887,-1.0369490904845082,1.4786439423470565,1887,134.80984497070312,134.75820922851562,288.0,0.1736111111111111
1888,-1.291838805467888,1.203450268570543,1888,137.76065063476562,137.70889282226562,288.0,0.1597222222222222
1889,-0.9027703426157961,1.2861933281213376,1889,135.65505981445312,135.6039581298828,288.0,0.11805555555555555
1890,-1.0908141388719297,1.156610770882358,1890,136.07171630859375,136.0205078125,288.0,0.14583333333333334
1891,-1.1018880748826323,1.1304192310861838,1891,135.2476806640625,135.19677734375,288.0,0.1388888888888889
1892,-1.008152278856408,1.1960264660418198,1892,133.4344940185547,133.38438415527344,288.0,0.13194444444444445
1893,-1.1792604593634772,1.2097576949524678,1893,133.8394775390625,133.78732299804688,288.0,0.1284722222222222
1894,-0.7164859546482253,1.181460966403332,1894,134.38766479492188,134.3367156982422,288.0,0.1388888888888889
1895,-1.1189536874422261,1.2925476429178269,1895,135.08900451660156,135.037353515625,288.0,0.14583333333333334
1896,-0.9197130826669304,1.442597249445261,1896,134.30828857421875,134.25819396972656,288.0,0.14930555555555555
1897,-1.1459533347697155,1.2615139698289999,1897,135.1411895751953,135.0899658203125,288.0,0.1423611111111111
1898,-0.9190060416193947,1.2070615379218692,1898,134.5477294921875,134.49636840820312,288.0,0.12152777777777778
1899,-0.9184710955681976,1.304931908072212,1899,136.2903594970703,136.23899841308594,288.0,0.1284722222222222
1900,-1.0403222917280155,1.3274612547379647,1900,135.4908447265625,135.43881225585938,288.0,0.1423611111111111
1901,-1.1769879676298691,1.1209572572601951,1901,135.48617553710938,135.43409729003906,288.0,0.13541666666666666
1902,-0.8765460149440011,1.4005891425657233,1902,133.23614501953125,133.18531799316406,288.0,0.1527777777777778
1903,-0.8414950503482852,1.2762625050786458,1903,135.568603515625,135.51657104492188,288.0,0.13194444444444445
1904,-0.7804477797340194,1.3240922291495436,1904,134.13954162597656,134.08953857421875,288.0,0.12152777777777778
1905,-1.0254930152796098,1.182939245430354,1905,134.91888427734375,134.86729431152344,288.0,0.1076388888888889
1906,-0.7108408649322695,1.3718438941155804,1906,131.21861267089844,131.16693115234375,288.0,0.11805555555555555
1907,-0.9855682936184466,1.1090977905104202,1907,136.54608154296875,136.4945831298828,288.0,0.1597222222222222
1908,-1.1373612398773407,1.2697906229949478,1908,135.50222778320312,135.4510040283203,288.0,0.1423611111111111
1909,-0.9524426756871165,1.1191129130960038,1909,136.197265625,136.14434814453125,288.0,0.14583333333333334
1910,-1.13148909079347,1.3920247358217455,1910,134.55699157714844,134.5065460205078,288.0,0.1284722222222222
1911,-0.8456662071052468,1.102990385341587,1911,137.49143981933594,137.4393310546875,288.0,0.11805555555555555
1912,-0.8529277817840079,1.2555104546885087,1912,134.90762329101562,134.85528564453125,288.0,0.13541666666666666
1913,-0.7365655147982015,1.161347018246015,1913,136.48582458496094,136.43463134765625,288.0,0.12152777777777778
1914,-0.8747810489634433,1.3279726655997262,1914,134.83682250976562,134.78518676757812,288.0,0.13194444444444445
1915,-1.2133155205146862,1.232578418520327,1915,134.5166015625,134.46524047851562,288.0,0.1597222222222222
1916,-1.305219009400828,1.1579727062832428,1916,135.40785217285156,135.35597229003906,288.0,0.13194444444444445
1917,-1.2924198847863135,1.1934250892821225,1917,136.45361328125,136.40135192871094,288.0,0.1423611111111111
1918,-1.0554228970393278,1.328455692655782,1918,135.35552978515625,135.30331420898438,288.0,0.13194444444444445
1919,-1.3671114752877174,1.161803232338998,1919,136.68801879882812,136.63665771484375,288.0,0.14930555555555555
1920,-0.9874078140146422,1.3663139533987312,1920,135.72308349609375,135.67172241210938,288.0,0.14930555555555555
1921,-1.0764276929912553,1.2504459835882593,1921,134.75357055664062,134.70057678222656,288.0,0.125
1922,-0.9595091330331158,1.318029155379451,1922,135.29672241210938,135.24789428710938,288.0,0.1111111111111111
1923,-0.9750118430105843,1.278897982619522,1923,134.8114013671875,134.759765625,288.0,0.1388888888888889
1924,-1.25852844778238,1.1256211524005308,1924,136.12838745117188,136.0758056640625,288.0,0.12152777777777778
1925,-1.1507132398531175,1.1653500232533698,1925,131.57131958007812,131.52145385742188,288.0,0.12152777777777778
1926,-0.7568992689885015,1.4581145794628891,1926,134.95452880859375,134.90354919433594,288.0,0.14930555555555555
1927,-1.0171577518667951,1.28915084143187,1927,132.58111572265625,132.5303955078125,288.0,0.1423611111111111
1928,-1.3254233896668375,1.1303090965983635,1928,134.4693603515625,134.41915893554688,288.0,0.14930555555555555
1929,-1.1833521870681492,1.3533682662071527,1929,136.1934051513672,136.142333984375,288.0,0.1701388888888889
1930,-1.14836607117988,1.2782387985091037,1930,134.07814025878906,134.0260009765625,288.0,0.1736111111111111
1931,-0.9761666867217949,1.2115753624163714,1931,136.28103637695312,136.22898864746094,288.0,0.1388888888888889
1932,-1.1818334340273386,1.2046830810032085,1932,135.58737182617188,135.53582763671875,288.0,0.1527777777777778
1933,-0.7028185091989914,1.1004606003812583,1933,136.382568359375,136.3296356201172,288.0,0.11458333333333333
1934,-0.951065473568751,1.1209708788245667,1934,136.70001220703125,136.64808654785156,288.0,0.09722222222222222
1935,-0.8093929875709582,1.1537727795851553,1935,137.2596435546875,137.20697021484375,288.0,0.13541666666666666
1936,-0.906469130675544,1.1718007828846815,1936,134.87950134277344,134.82830810546875,288.0,0.15625
1937,-0.7494233138040265,1.0930725457927566,1937,133.46011352539062,133.4097442626953,288.0,0.1388888888888889
1938,-1.1566690395604828,1.307951462245346,1938,137.533447265625,137.4820556640625,288.0,0.1423611111111111
1939,-1.2234101489829863,1.1999937543755919,1939,135.0891876220703,135.03753662109375,288.0,0.10416666666666667
1940,-1.1881627447008851,1.2282859104086983,1940,135.0524444580078,135.00131225585938,288.0,0.1597222222222222
1941,-0.8733483307793757,1.3784696952748894,1941,136.3173828125,136.26596069335938,288.0,0.13541666666666666
1942,-0.8607229764016533,1.1458378877496884,1942,136.56982421875,136.51739501953125,288.0,0.15625
1943,-0.7029515413036942,1.3268967988669065,1943,135.25277709960938,135.20220947265625,288.0,0.1388888888888889
1944,-0.8571491765130291,1.2691823178199555,1944,135.61634826660156,135.56491088867188,288.0,0.1597222222222222
1945,-1.0397355168450249,1.2569594516449976,1945,138.5449676513672,138.4930877685547,288.0,0.10069444444444445
1946,-0.8503566552088364,1.1509399407724328,1946,136.9257049560547,136.87387084960938,288.0,0.11458333333333333
1947,-1.131973244346391,1.139286057800638,1947,133.8838653564453,133.8323974609375,288.0,0.11458333333333333
1948,-0.9079296070776112,0.9852470351387598,1948,135.79843139648438,135.7467498779297,288.0,0.08680555555555555
1949,-0.9844229514437998,1.4311299435402114,1949,134.81155395507812,134.7606201171875,288.0,0.14583333333333334
1950,-1.2825381655747998,1.2343888039385102,1950,136.03488159179688,135.9837646484375,288.0,0.1736111111111111
1951,-0.940924745620653,1.237757451848358,1951,133.92633056640625,133.87515258789062,288.0,0.10416666666666667
1952,-1.203119038468672,1.1470313750803236,1952,137.44235229492188,137.3902587890625,288.0,0.13194444444444445
1953,-0.7621262141543041,1.2735126966615478,1953,134.9947052001953,134.94219970703125,288.0,0.1111111111111111
1954,-1.0385301710071768,1.3685232858853518,1954,132.64463806152344,132.59527587890625,288.0,0.1527777777777778
1955,-0.8335682357298331,1.480713844951789,1955,137.26492309570312,137.21214294433594,288.0,0.11458333333333333
1956,-0.7637143588643267,1.2838185901518795,1956,134.30215454101562,134.2516632080078,288.0,0.10416666666666667
1957,-1.3693432048752225,1.1910026993949665,1957,136.8236541748047,136.77285766601562,288.0,0.1527777777777778
1958,-1.0526533494776318,1.1002163385002564,1958,138.46527099609375,138.41256713867188,288.0,0.1423611111111111
1959,-1.2160236412220793,1.2026819797154855,1959,133.96292114257812,133.9110107421875,288.0,0.1388888888888889
1960,-0.8282139368180513,1.2130042683951872,1960,133.53128051757812,133.48159790039062,288.0,0.08333333333333333
1961,-1.2100202391197388,1.2453941534637207,1961,137.43753051757812,137.38406372070312,288.0,0.1284722222222222
1962,-1.1775312854885762,1.2230166819160535,1962,137.3795623779297,137.32760620117188,288.0,0.13194444444444445
1963,-0.9544342310376308,1.1100342902049463,1963,132.03675842285156,131.98670959472656,288.0,0.1423611111111111
1964,-0.8989755946212203,1.5436922221028204,1964,130.7119140625,130.66329956054688,288.0,0.125
1965,-0.9440989615213677,1.3918586382238736,1965,135.406494140625,135.3552703857422,288.0,0.13541666666666666
1966,-1.070377704256578,1.159922849815103,1966,129.51373291015625,129.4652099609375,288.0,0.13541666666666666
1967,-1.0115450444834855,1.4274547523414407,1967,131.02981567382812,130.98187255859375,288.0,0.1284722222222222
1968,-0.7957406210197089,1.4060673527593632,1968,138.4267578125,138.37435913085938,288.0,0.1388888888888889
1969,-0.9465406526421898,1.1020174343705826,1969,134.81915283203125,134.767333984375,288.0,0.11458333333333333
1970,-1.0154097067523697,1.240548605961629,1970,134.4820556640625,134.43206787109375,288.0,0.09375
1971,-1.1287509940865643,1.136636327976317,1971,132.66075134277344,132.61178588867188,288.0,0.1701388888888889
1972,-1.3044511550191125,1.1997574758842606,1972,135.83917236328125,135.78707885742188,288.0,0.15625
1973,-1.2005539512760424,1.3280930102436959,1973,134.7979736328125,134.74713134765625,288.0,0.1423611111111111
1974,-1.219691572035838,1.2074430170169306,1974,135.1995086669922,135.14891052246094,288.0,0.1388888888888889
1975,-1.2682786572574873,1.2321770677699448,1975,136.602783203125,136.5513458251953,288.0,0.13541666666666666
1976,-1.1418435031395837,1.2279124256903005,1976,138.6600799560547,138.60768127441406,288.0,0.1527777777777778
1977,-1.0141183807850283,1.317169350121026,1977,134.67578125,134.62469482421875,288.0,0.14583333333333334
1978,-0.7218685100333766,1.3244938640711195,1978,133.11984252929688,133.06979370117188,288.0,0.11805555555555555
1979,-1.200208993040327,1.1706814177287264,1979,135.89378356933594,135.842529296875,288.0,0.11805555555555555
1980,-0.8992808967184458,1.2047790763881157,1980,134.43975830078125,134.38796997070312,288.0,0.13541666666666666
1981,-0.9167906529716416,1.266148947363529,1981,135.52255249023438,135.47152709960938,288.0,0.1701388888888889
1982,-1.2005811386745553,1.3359768743823888,1982,136.92449951171875,136.8737030029297,288.0,0.16319444444444445
1983,-1.190409792305274,1.1705431503406514,1983,136.72537231445312,136.67404174804688,288.0,0.11458333333333333
1984,-1.1117494826399437,1.232703753067404,1984,136.85362243652344,136.80239868164062,288.0,0.12152777777777778
1985,-0.8389569688306189,1.1166554206219037,1985,133.04315185546875,132.99246215820312,288.0,0.1423611111111111
1986,-0.9773616059239276,1.1545419213901,1986,135.47726440429688,135.4250030517578,288.0,0.09722222222222222
1987,-0.6725252720691792,1.161633679568194,1987,133.59376525878906,133.54473876953125,288.0,0.16319444444444445
1988,-0.7496599508473221,0.975312259593496,1988,135.55857849121094,135.50662231445312,288.0,0.11458333333333333
1989,-0.9048412892363618,1.1246360888360583,1989,132.49429321289062,132.44378662109375,288.0,0.11458333333333333
1990,-0.8679434231511989,1.3408234555605123,1990,133.96173095703125,133.90980529785156,288.0,0.13541666666666666
1991,-0.8923532026373925,1.1742483220013629,1991,135.34567260742188,135.2950439453125,288.0,0.1527777777777778
1992,-0.8740259441765362,1.301549237092024,1992,135.8723602294922,135.82040405273438,288.0,0.13194444444444445
1993,-1.1313992436905567,1.3195026249844293,1993,136.48348999023438,136.4315185546875,288.0,0.13194444444444445
1994,-1.0318918141044746,1.1873298995537829,1994,135.4249725341797,135.37271118164062,288.0,0.16319444444444445
1995,-0.8471420163001038,1.1575920369162955,1995,134.66851806640625,134.61610412597656,288.0,0.12152777777777778
1996,-0.9583989652896536,1.3650161233071654,1996,133.76805114746094,133.71763610839844,288.0,0.1423611111111111
1997,-1.077065892907109,1.194568772494804,1997,136.11935424804688,136.067626953125,288.0,0.1527777777777778
1998,-1.1084159669636573,1.0660345467060472,1998,133.38623046875,133.33572387695312,288.0,0.12152777777777778
1999,-0.8382543939676855,0.9568330535542267,1999,133.69239807128906,133.64019775390625,288.0,0.11458333333333333
2000,-0.9371685726369918,1.3616798975911593,2000,136.2381591796875,136.1867218017578,288.0,0.17708333333333334
2001,-1.0038757469548547,1.0060769543889856,2001,135.5155029296875,135.4638671875,288.0,0.11805555555555555
2002,-1.2275778914798454,1.0882454670625437,2002,133.511474609375,133.46063232421875,288.0,0.1284722222222222
2003,-0.816783110820472,1.0895302610400284,2003,135.71621704101562,135.66404724121094,288.0,0.14583333333333334
2004,-0.9932343999012383,1.2617294403742616,2004,136.54039001464844,136.4879913330078,288.0,0.125
2005,-0.9611925651964859,1.1603672945599828,2005,135.00723266601562,134.9556427001953,288.0,0.11805555555555555
2006,-1.0248285243176833,1.197493989611213,2006,133.6226806640625,133.5712127685547,288.0,0.1111111111111111
2007,-0.8908017464049564,1.3877860445007377,2007,134.62655639648438,134.574951171875,288.0,0.09375
2008,-0.9423572036743,1.2193615448439494,2008,137.02410888671875,136.97206115722656,288.0,0.10069444444444445
2009,-0.9581938032940557,1.2767139086325958,2009,136.918212890625,136.86618041992188,288.0,0.1076388888888889
2010,-0.8290726181131485,1.249333607255853,2010,136.32522583007812,136.27371215820312,288.0,0.12152777777777778
2011,-1.2019557712285815,1.3022010375000757,2011,130.04873657226562,130.00033569335938,288.0,0.11458333333333333
2012,-0.7701403062402714,1.0239446044151457,2012,136.1634063720703,136.11141967773438,288.0,0.13541666666666666
2013,-0.9173307925127597,1.1580417722528542,2013,134.59494018554688,134.54278564453125,288.0,0.15625
2014,-0.9567499641938374,1.356585706219128,2014,133.84646606445312,133.79541015625,288.0,0.09722222222222222
2015,-1.2149475476454736,1.1641126538765512,2015,136.67385864257812,136.62184143066406,288.0,0.1284722222222222
2016,-0.8681727944905602,1.2099529021645203,2016,137.0732421875,137.02084350585938,288.0,0.11458333333333333
2017,-1.1514709174848994,1.3134756956259812,2017,134.94989013671875,134.89883422851562,288.0,0.14930555555555555
2018,-1.2502248668815956,1.3549097719804843,2018,136.30609130859375,136.25350952148438,288.0,0.1388888888888889
2019,-1.1897589226975185,1.1643380185510777,2019,133.26695251464844,133.21585083007812,288.0,0.1111111111111111
2020,-0.8190122106845918,1.3012716808035067,2020,136.44500732421875,136.39297485351562,288.0,0.1388888888888889
2021,-0.5318778537134179,1.360286234876061,2021,132.87774658203125,132.82752990722656,288.0,0.15625
2022,-1.0680089207905787,1.1274353989176011,2022,133.3069305419922,133.255859375,288.0,0.14583333333333334
2023,-1.1270955094641255,1.331725637877405,2023,134.32211303710938,134.27011108398438,288.0,0.1388888888888889
2024,-0.895209406106183,1.1542054799877455,2024,136.03799438476562,135.9855194091797,288.0,0.11805555555555555
2025,-1.0286162397273735,1.2720137534531082,2025,134.40367126464844,134.35406494140625,288.0,0.10416666666666667
2026,-1.181876390278769,1.076916654235333,2026,133.81637573242188,133.76461791992188,288.0,0.1423611111111111
2027,-0.9358952873861414,1.497695804700261,2027,136.11302185058594,136.06292724609375,288.0,0.16666666666666666
2028,-1.0542798428062918,1.0520731256122402,2028,135.4732666015625,135.4226837158203,288.0,0.12152777777777778
2029,-1.2633053304062212,1.1575966598940217,2029,134.92457580566406,134.87277221679688,288.0,0.1284722222222222
2030,-0.7767335548196534,0.9858826457742816,2030,136.67251586914062,136.6211700439453,288.0,0.11458333333333333
2031,-1.0696698008594234,1.1403344636318204,2031,132.8960723876953,132.84506225585938,288.0,0.1076388888888889
2032,-0.914390621803515,1.3531458421284337,2032,135.74842834472656,135.69708251953125,288.0,0.1388888888888889
2033,-1.0006356415443278,1.1569241836354365,2033,128.5740203857422,128.52474975585938,288.0,0.14583333333333334
2034,-1.2351095501638159,1.2512922236788508,2034,136.85467529296875,136.80337524414062,288.0,0.09027777777777778
2035,-1.0444696215498148,1.2430655704897535,2035,135.2330322265625,135.18399047851562,288.0,0.1284722222222222
2036,-0.8797319963114854,1.254433513803042,2036,137.0455780029297,136.99420166015625,288.0,0.11458333333333333
2037,-1.213821327830843,1.182326455487073,2037,136.29141235351562,136.2398681640625,288.0,0.12152777777777778
2038,-1.2545963197213186,1.1324719548694364,2038,133.42279052734375,133.37237548828125,288.0,0.16666666666666666
2039,-0.9154092007270774,1.2981519397621772,2039,136.3878173828125,136.33804321289062,288.0,0.1284722222222222
2040,-1.1483673485725907,1.202944479867703,2040,134.42274475097656,134.37130737304688,288.0,0.10069444444444445
2041,-1.3689776573495702,1.1975497132036639,2041,135.02455139160156,134.97329711914062,288.0,0.1388888888888889
2042,-0.9590797739890043,1.1824182543253476,2042,130.62152099609375,130.57313537597656,288.0,0.10069444444444445
2043,-1.1302340301046714,1.1442039331345963,2043,135.39553833007812,135.3433837890625,288.0,0.1076388888888889
2044,-1.0167043775880247,1.3206541268158676,2044,132.40696716308594,132.35731506347656,288.0,0.13194444444444445
2045,-0.7797334757738671,1.2417685623423145,2045,133.8765869140625,133.82598876953125,288.0,0.1284722222222222
2046,-1.0082595262671552,0.912986844095994,2046,137.53652954101562,137.48504638671875,288.0,0.1111111111111111
2047,-1.029480976474949,1.1352197915852436,2047,137.77542114257812,137.72299194335938,288.0,0.12152777777777778
2048,-1.2028043572144231,1.173741690317282,2048,130.51177978515625,130.46324157714844,288.0,0.10069444444444445
2049,-1.0128465744907038,1.2039275825690896,2049,135.81085205078125,135.75808715820312,288.0,0.13541666666666666
2050,-0.6484699004600978,1.029169412104114,2050,137.50872802734375,137.4559783935547,288.0,0.1111111111111111
2051,-1.0986649660447985,1.2010354340801035,2051,138.6996612548828,138.64691162109375,288.0,0.125
2052,-1.2831510444478982,1.1808011322696892,2052,135.41473388671875,135.3626708984375,288.0,0.16666666666666666
2053,-1.2951046570335925,1.1414469625937407,2053,129.94740295410156,129.8974151611328,288.0,0.16666666666666666
2054,-0.8588208492571852,1.2665732481197376,2054,136.9095916748047,136.85714721679688,288.0,0.12152777777777778
2055,-0.9917516569411107,1.4084097734435757,2055,136.12582397460938,136.07327270507812,288.0,0.12152777777777778
2056,-1.129551033816275,1.1223519287467572,2056,134.7892608642578,134.73794555664062,288.0,0.10416666666666667
2057,-0.9507412024520107,1.284841887553301,2057,134.55093383789062,134.5004425048828,288.0,0.11805555555555555
2058,-1.4221625957105741,1.139960174335951,2058,136.77212524414062,136.720458984375,288.0,0.13194444444444445
2059,-0.7975256509714745,1.1717143292389776,2059,137.58798217773438,137.53598022460938,288.0,0.1076388888888889
2060,-0.9546953828600943,0.9817779656943959,2060,134.96859741210938,134.91696166992188,288.0,0.11458333333333333
2061,-0.8467735454274563,0.8288218209756625,2061,134.24945068359375,134.1976318359375,288.0,0.09027777777777778
2062,-0.7936631681770412,1.138400646740403,2062,129.7435302734375,129.69493103027344,288.0,0.125
2063,-1.02133283328816,1.0681529148898672,2063,131.55917358398438,131.50831604003906,288.0,0.16666666666666666
2064,-0.9096834593296172,1.1195648824985944,2064,134.76248168945312,134.7117919921875,288.0,0.11458333333333333
2065,-1.100627649463443,1.0987747949929125,2065,135.93325805664062,135.88076782226562,288.0,0.0798611111111111
2066,-1.0639338642878038,1.333621677168022,2066,132.43377685546875,132.38327026367188,288.0,0.1076388888888889
2067,-0.9725127263596227,1.1969184462509055,2067,135.2820281982422,135.2313232421875,288.0,0.11805555555555555
2068,-1.1938450546052093,1.0530185442944147,2068,134.663330078125,134.61209106445312,288.0,0.09375
2069,-1.1318803544159382,1.25899664932621,2069,135.13601684570312,135.08450317382812,288.0,0.09722222222222222
2070,-0.9165882230379923,1.1587147641684983,2070,135.94769287109375,135.89598083496094,288.0,0.125
2071,-0.9412411015265479,1.3369608744306862,2071,131.78262329101562,131.73268127441406,288.0,0.1111111111111111
2072,-1.1931849500915224,1.2941779638717295,2072,133.39645385742188,133.34677124023438,288.0,0.14930555555555555
2073,-1.1019435600255711,1.1306794293051075,2073,131.502685546875,131.4515838623047,288.0,0.11805555555555555
2074,-0.5468255683739385,1.2250542749424398,2074,132.83680725097656,132.78729248046875,288.0,0.11458333333333333
2075,-1.2287293314360566,1.376384498555646,2075,132.8072967529297,132.75579833984375,288.0,0.15625
2076,-1.1485310533977957,1.2623335325818013,2076,135.72027587890625,135.6681365966797,288.0,0.10069444444444445
2077,-0.6590995095830442,1.0207271267016085,2077,132.91732788085938,132.8675079345703,288.0,0.09722222222222222
2078,-1.1955465752813506,1.207597170543457,2078,136.74746704101562,136.696044921875,288.0,0.11805555555555555
2079,-0.7189522729916777,1.362329938394005,2079,132.42007446289062,132.36903381347656,288.0,0.13541666666666666
2080,-0.9714456666645128,1.3800813953148976,2080,135.94845581054688,135.89682006835938,288.0,0.1388888888888889
2081,-1.1556065799514794,1.1454884079499392,2081,135.74111938476562,135.68896484375,288.0,0.10069444444444445
2082,-0.8949702703793828,1.2660166303706855,2082,132.79257202148438,132.743408203125,288.0,0.10416666666666667
2083,-1.2364810558452166,1.139747821942143,2083,135.8459930419922,135.79486083984375,288.0,0.1076388888888889
2084,-0.8270078707035267,1.2892496405294886,2084,136.549072265625,136.49819946289062,288.0,0.13541666666666666
2085,-1.0164865986027347,1.0930581304682303,2085,136.9276123046875,136.87588500976562,288.0,0.10069444444444445
2086,-1.1180356140015786,1.1686111814603974,2086,133.599609375,133.5489501953125,288.0,0.11458333333333333
2087,-0.864595086952266,1.1511386200147122,2087,136.52122497558594,136.47076416015625,288.0,0.11805555555555555
2088,-0.8420974729833665,1.3235752074419962,2088,136.03036499023438,135.97811889648438,288.0,0.1284722222222222
2089,-1.1532607658611334,1.2038525917392107,2089,136.96646118164062,136.91587829589844,288.0,0.1111111111111111
2090,-0.7057701056325106,1.0334565950563406,2090,136.2739715576172,136.22207641601562,288.0,0.09722222222222222
2091,-0.7102482810643084,0.9915845121990511,2091,133.79608154296875,133.7447509765625,288.0,0.1284722222222222
2092,-1.0985272786569036,1.2180002825621004,2092,133.86917114257812,133.82077026367188,288.0,0.1423611111111111
2093,-1.1132159859016966,1.1740221103766895,2093,134.16494750976562,134.11300659179688,288.0,0.10416666666666667
2094,-1.3341718846598623,1.2216598572276491,2094,135.53952026367188,135.48910522460938,288.0,0.14583333333333334
2095,-0.77269699210741,1.1425740901835413,2095,133.6229705810547,133.57176208496094,288.0,0.125
2096,-1.0525865572448976,1.0744964958778276,2096,133.72732543945312,133.67727661132812,288.0,0.11805555555555555
2097,-1.1324561783204763,1.0935717033445487,2097,135.25071716308594,135.19920349121094,288.0,0.13541666666666666
2098,-1.1526559499006104,1.1107408963931191,2098,135.9752197265625,135.924072265625,288.0,0.12152777777777778
2099,-1.0927459923897294,1.1911770416072298,2099,132.81851196289062,132.76901245117188,288.0,0.1111111111111111
2100,-0.8969520848151608,1.426358029901929,2100,135.22769165039062,135.17672729492188,288.0,0.10416666666666667
2101,-1.0299932481788263,1.1163549361118725,2101,133.99179077148438,133.94000244140625,288.0,0.11805555555555555
2102,-0.9418430538835197,1.0813812221462809,2102,135.9550323486328,135.90322875976562,288.0,0.1111111111111111
2103,-1.3316638876843316,1.1116155086082866,2103,135.5594482421875,135.50811767578125,288.0,0.1076388888888889
2104,-0.9336559694210378,1.2948669049836934,2104,135.8814697265625,135.82955932617188,288.0,0.09722222222222222
2105,-1.1324610076072987,1.2593531360507135,2105,136.24212646484375,136.19053649902344,288.0,0.11458333333333333
2106,-1.0924528393412436,1.327133236827891,2106,135.84796142578125,135.796875,288.0,0.1111111111111111
2107,-0.8383944813283759,1.4610093541280627,2107,134.25753784179688,134.20608520507812,288.0,0.1076388888888889
2108,-1.2647401613909488,1.1410683758909106,2108,136.99241638183594,136.94024658203125,288.0,0.09722222222222222
2109,-1.0980915617800602,1.149336025856194,2109,132.98666381835938,132.93798828125,288.0,0.09375
2110,-1.072755702194923,1.0382028173919318,2110,136.50497436523438,136.4532470703125,288.0,0.09722222222222222
2111,-0.9856784012497433,1.2669182041809504,2111,136.813232421875,136.76141357421875,288.0,0.09722222222222222
2112,-1.058898033141566,1.1833482620430689,2112,135.9722900390625,135.92112731933594,288.0,0.1111111111111111
2113,-1.068203055920341,1.0256545590700443,2113,133.85401916503906,133.80322265625,288.0,0.11805555555555555
2114,-0.9867264891275832,1.1919110169450176,2114,136.83181762695312,136.779052734375,288.0,0.11458333333333333
2115,-1.151451832676055,1.2017779396444248,2115,135.20025634765625,135.15045166015625,288.0,0.1111111111111111
2116,-1.109453556836578,1.2617126775030902,2116,136.13912963867188,136.08749389648438,288.0,0.08333333333333333
2117,-0.889066702300308,1.27501686016566,2117,134.0677490234375,134.01885986328125,288.0,0.1388888888888889
2118,-0.8953653452152308,0.9685418382561016,2118,133.39198303222656,133.34205627441406,288.0,0.09722222222222222
2119,-1.1872297922333748,1.1397674801449365,2119,135.75869750976562,135.70672607421875,288.0,0.1111111111111111
2120,-1.240317591587282,1.2293753402012344,2120,135.3445281982422,135.29258728027344,288.0,0.11805555555555555
2121,-0.9189867607419545,1.1939414350966946,2121,135.49493408203125,135.44329833984375,288.0,0.11458333333333333
2122,-1.1256012913789302,1.1566265490580852,2122,135.0404052734375,134.9886474609375,288.0,0.11458333333333333
2123,-1.1576098661994356,1.0715908423113936,2123,132.9074249267578,132.85726928710938,288.0,0.09027777777777778
2124,-1.0241253745323422,1.0134548513016206,2124,136.7246551513672,136.67193603515625,288.0,0.10416666666666667
2125,-1.138270528225632,1.236447511098045,2125,135.25059509277344,135.2001190185547,288.0,0.08680555555555555
2126,-1.2097943169798817,1.0605073871508173,2126,134.97265625,134.9205322265625,288.0,0.10069444444444445
2127,-0.7836218922323073,0.9940720770120625,2127,135.96145629882812,135.90963745117188,288.0,0.09375
2128,-0.9947554339058011,1.1294830412444568,2128,134.96353149414062,134.91156005859375,288.0,0.11458333333333333
2129,-1.2249722056982946,1.2828366679940535,2129,134.37713623046875,134.32626342773438,288.0,0.13194444444444445
2130,-0.8894355555050704,0.834901740495785,2130,134.50567626953125,134.45472717285156,288.0,0.13194444444444445
2131,-0.7444251724669447,0.9094422928891825,2131,134.87464904785156,134.82260131835938,288.0,0.1076388888888889
2132,-1.067699523550134,1.2509873536443128,2132,134.2744140625,134.224609375,288.0,0.12152777777777778
2133,-0.9513040050571663,1.286181578568512,2133,133.38958740234375,133.33859252929688,288.0,0.1076388888888889
2134,-0.7362372112104408,1.2609067545374495,2134,136.0547332763672,136.0029296875,288.0,0.06944444444444445
2135,-1.0829116949664712,1.1887323415389492,2135,134.2665557861328,134.21621704101562,288.0,0.11805555555555555
2136,-0.7490083806846022,1.0150886632933567,2136,133.64324951171875,133.59262084960938,288.0,0.1111111111111111
2137,-1.1129487954142887,1.1188269770191264,2137,130.34071350097656,130.29164123535156,288.0,0.1076388888888889
2138,-0.7843182747855209,1.2114902822739022,2138,135.44187927246094,135.3895263671875,288.0,0.08680555555555555
2139,-0.6395057652284142,1.3540453328648956,2139,136.94871520996094,136.89666748046875,288.0,0.11458333333333333
2140,-1.1780704419923969,1.1557759014558957,2140,134.86441040039062,134.81173706054688,288.0,0.1111111111111111
2141,-0.6478572191984987,1.2216853314353273,2141,136.22459411621094,136.173583984375,288.0,0.0763888888888889
2142,-0.7764142390578416,1.091714419002877,2142,135.46192932128906,135.41128540039062,288.0,0.09027777777777778
2143,-0.8374612750842171,1.1854414154273918,2143,135.98870849609375,135.93740844726562,288.0,0.1423611111111111
2144,-0.8264465105427596,1.4067358706622106,2144,134.65940856933594,134.60894775390625,288.0,0.11458333333333333
2145,-0.6819786911630233,1.406797563595681,2145,135.7118682861328,135.66065979003906,288.0,0.08333333333333333
2146,-0.8214730533438848,1.1328909174470316,2146,134.16346740722656,134.11166381835938,288.0,0.11805555555555555
2147,-1.1164839294528963,1.3665412068022105,2147,133.24786376953125,133.1968536376953,288.0,0.10416666666666667
2148,-1.194077301746623,1.250482296625236,2148,133.18002319335938,133.1302490234375,288.0,0.125
2149,-1.1865790286591285,1.128367280287157,2149,131.82693481445312,131.77548217773438,288.0,0.08680555555555555
2150,-1.013246844669441,1.2799593247396084,2150,135.8225555419922,135.77078247070312,288.0,0.11458333333333333
2151,-1.2589824734926496,1.1551465237358178,2151,135.74429321289062,135.69322204589844,288.0,0.0798611111111111
2152,-1.2845573926948488,1.239129867845416,2152,135.16165161132812,135.11050415039062,288.0,0.08333333333333333
2153,-0.9188854833770042,1.0914383099489993,2153,133.5901336669922,133.53872680664062,288.0,0.09027777777777778
2154,-1.1251872411182047,1.2145892296256025,2154,135.9308319091797,135.87857055664062,288.0,0.1111111111111111
2155,-0.8920338426403513,1.3284422155230726,2155,134.29403686523438,134.24476623535156,288.0,0.09722222222222222
2156,-1.1852673012801045,1.2347830326173548,2156,133.885498046875,133.8348388671875,288.0,0.16666666666666666
2157,-1.030937934662897,1.3710392742239454,2157,136.78875732421875,136.7369384765625,288.0,0.125
2158,-0.7890711988907678,1.350682743366501,2158,132.311279296875,132.25949096679688,288.0,0.09375
2159,-1.1386182888084226,1.2432172486087114,2159,134.0844268798828,134.03369140625,288.0,0.1284722222222222
2160,-0.7543585153132341,1.357338959815597,2160,135.81509399414062,135.76443481445312,288.0,0.10069444444444445
2161,-0.8966098307330349,1.3552030484100044,2161,133.86328125,133.8123321533203,288.0,0.10069444444444445
2162,-1.0827545546536461,1.3130030568663358,2162,133.995849609375,133.94403076171875,288.0,0.1423611111111111
2163,-1.1573520164504976,1.2065446362911607,2163,135.11337280273438,135.06199645996094,288.0,0.11458333333333333
2164,-0.8750254314374735,1.152427976151607,2164,135.4149627685547,135.36306762695312,288.0,0.09375
2165,-0.9009779364747392,1.137864840408626,2165,134.5130615234375,134.46212768554688,288.0,0.11805555555555555
2166,-0.7076137579150962,1.2846002202688076,2166,135.67840576171875,135.62710571289062,288.0,0.09375
2167,-1.1612011400834303,1.1308225508487664,2167,134.04200744628906,133.99179077148438,288.0,0.11458333333333333
2168,-0.8281123515265926,1.515696274961108,2168,136.18495178222656,136.13314819335938,288.0,0.08680555555555555
2169,-0.68610357186693,1.1654074293735104,2169,136.94818115234375,136.89593505859375,288.0,0.1111111111111111
2170,-0.9523750116596837,1.4483617963525313,2170,136.18112182617188,136.13067626953125,288.0,0.1076388888888889
2171,-1.2454971664106183,1.1881745910024846,2171,136.284423828125,136.23338317871094,288.0,0.125
2172,-0.6242798801779426,1.3975351198582808,2172,136.88258361816406,136.83099365234375,288.0,0.10069444444444445
2173,-0.849103591008061,1.0730990237096305,2173,133.25796508789062,133.20928955078125,288.0,0.10069444444444445
2174,-0.8618594517444144,1.2999275413493052,2174,136.50599670410156,136.4539794921875,288.0,0.06944444444444445
2175,-0.8171132264971693,1.3432064079179131,2175,135.51712036132812,135.46597290039062,288.0,0.14583333333333334
2176,-1.2148482693142038,1.2181938488623902,2176,135.93516540527344,135.8837890625,288.0,0.125
2177,-0.8539695991620524,1.2165342932847625,2177,136.3839874267578,136.33197021484375,288.0,0.10416666666666667
2178,-1.195099080213915,1.1203670156494705,2178,135.89404296875,135.84182739257812,288.0,0.11458333333333333
2179,-1.029658723739025,1.2192593792428168,2179,137.32925415039062,137.27830505371094,288.0,0.11458333333333333
2180,-0.8775667950751942,1.1121066184537893,2180,133.23463439941406,133.18553161621094,288.0,0.11805555555555555
2181,-0.6893687703603647,1.0293841531855734,2181,134.57843017578125,134.52789306640625,288.0,0.12152777777777778
2182,-0.9550306872901451,1.4351964773441037,2182,134.86495971679688,134.81338500976562,288.0,0.11805555555555555
2183,-0.9623437915143135,1.1224762139045472,2183,136.65345764160156,136.60311889648438,288.0,0.08333333333333333
2184,-1.1064781533391685,1.3230682813306822,2184,137.47463989257812,137.42257690429688,288.0,0.10069444444444445
2185,-0.9982422212945468,1.0803302842883329,2185,132.28778076171875,132.23948669433594,288.0,0.06597222222222222
2186,-0.9366835730833816,1.240622986801256,2186,136.00262451171875,135.9497528076172,288.0,0.10069444444444445
2187,-1.0577557584708883,1.2121932691552384,2187,137.02896118164062,136.97708129882812,288.0,0.14930555555555555
2188,-1.0219426556860585,1.3032829419080452,2188,137.52597045898438,137.4741668701172,288.0,0.11805555555555555
2189,-0.7716887478027427,1.1391324369054636,2189,135.41175842285156,135.36056518554688,288.0,0.1111111111111111
2190,-0.9170651217125277,1.3238094787362709,2190,137.770751953125,137.71920776367188,288.0,0.09027777777777778
2191,-0.8671699939836068,1.1661286243762279,2191,134.87738037109375,134.82553100585938,288.0,0.12152777777777778
2192,-0.9633749328577296,1.147466173767631,2192,135.86212158203125,135.81024169921875,288.0,0.11458333333333333
2193,-0.8578769632776296,1.0503361842861176,2193,130.87420654296875,130.8255157470703,288.0,0.1076388888888889
2194,-0.9632888371961776,1.288051035405494,2194,135.49761962890625,135.44554138183594,288.0,0.11805555555555555
2195,-0.9662044886235461,1.3430604623398852,2195,134.52130126953125,134.46942138671875,288.0,0.1284722222222222
2196,-0.9360808240095275,1.264282216616872,2196,135.2386474609375,135.18753051757812,288.0,0.09375
2197,-0.9475186171344832,1.2885520426959687,2197,136.36985778808594,136.31832885742188,288.0,0.13194444444444445
2198,-0.7978216254196271,1.3940451400139442,2198,133.7228546142578,133.6713104248047,288.0,0.11458333333333333
2199,-1.0887443954219151,1.15642189207063,2199,136.706298828125,136.6551513671875,288.0,0.12152777777777778
2200,-1.076910817490574,1.2250025750693123,2200,133.86822509765625,133.81838989257812,288.0,0.09375
2201,-1.0754100797205026,1.17659015582097,2201,137.95944213867188,137.90753173828125,288.0,0.0625
2202,-1.1220678701146634,1.0923840493160162,2202,134.9683837890625,134.91744995117188,288.0,0.1076388888888889
2203,-1.0302838895553417,1.235876293007436,2203,134.6811981201172,134.63119506835938,288.0,0.09027777777777778
2204,-0.7995068415571098,1.2115272703987605,2204,135.48773193359375,135.43734741210938,288.0,0.0763888888888889
2205,-0.7885566016646128,1.1557084850282713,2205,135.18406677246094,135.13186645507812,288.0,0.1111111111111111
2206,-1.0536439822109782,1.3496249377259195,2206,134.40892028808594,134.35772705078125,288.0,0.13194444444444445
2207,-1.3153496036626735,1.2102828682439142,2207,136.82766723632812,136.77622985839844,288.0,0.10416666666666667
2208,-1.256674629701762,1.0776638240910743,2208,135.83331298828125,135.78265380859375,288.0,0.10069444444444445
2209,-0.8540662250065298,1.0983102670027294,2209,134.2418212890625,134.1923828125,288.0,0.1076388888888889
2210,-1.0065453689365937,1.1069707663480701,2210,133.8734130859375,133.82347106933594,288.0,0.08333333333333333
2211,-0.8630975393506288,1.1120762079798612,2211,133.47299194335938,133.42271423339844,288.0,0.08333333333333333
2212,-0.7413487403324032,0.9680422744395255,2212,135.9595489501953,135.90756225585938,288.0,0.09722222222222222
2213,-1.050735891830985,1.1766506314402565,2213,134.78453063964844,134.7353973388672,288.0,0.11805555555555555
2214,-0.8007292085382213,1.113376113546547,2214,133.72816467285156,133.6772918701172,288.0,0.09027777777777778
2215,-0.7958653645374429,0.9995410201795484,2215,135.42327880859375,135.37193298339844,288.0,0.1111111111111111
2216,-1.0801246235739441,1.3141951008092563,2216,130.5970916748047,130.5486602783203,288.0,0.1076388888888889
2217,-1.0049295557927915,1.3177474664422706,2217,135.91184997558594,135.8592529296875,288.0,0.09722222222222222
2218,-0.9483079224633373,1.3493269045472798,2218,137.05801391601562,137.00559997558594,288.0,0.125
2219,-1.2306916626191686,1.1462114788782645,2219,136.33184814453125,136.2799072265625,288.0,0.12152777777777778
2220,-1.160745200039228,1.1385022346705997,2220,136.52645874023438,136.474365234375,288.0,0.11458333333333333
2221,-0.9039109384250309,1.3070925647577296,2221,132.34527587890625,132.29595947265625,288.0,0.0763888888888889
2222,-1.2005152912407817,1.0394435853014423,2222,134.96319580078125,134.91163635253906,288.0,0.09027777777777778
2223,-1.1219863681163658,1.212627197448388,2223,135.00830078125,134.95794677734375,288.0,0.10069444444444445
2224,-0.7719204261885884,1.2377508970883757,2224,134.12252807617188,134.0707550048828,288.0,0.07291666666666667
2225,-0.8663766665583675,1.3648280294716473,2225,135.74786376953125,135.69508361816406,288.0,0.11805555555555555
2226,-1.202791065016509,1.119417092423814,2226,134.203857421875,134.15499877929688,288.0,0.09375
2227,-1.1414704265725621,1.2377705732649549,2227,134.3109130859375,134.2608184814453,288.0,0.11805555555555555
2228,-0.5675361604602683,1.374733904080182,2228,136.9911346435547,136.93914794921875,288.0,0.09375
2229,-0.7766870560464452,0.9197712770518433,2229,136.30853271484375,136.25729370117188,288.0,0.10416666666666667
2230,-1.347267354865461,1.1269375291688786,2230,133.70907592773438,133.65921020507812,288.0,0.12152777777777778
2231,-0.9060662180119606,1.0418493197677374,2231,135.81973266601562,135.76849365234375,288.0,0.09375
2232,-0.9023240548593873,1.3146913680334773,2232,134.5740966796875,134.52239990234375,288.0,0.125
2233,-1.0460880488326287,1.3737225729777305,2233,135.08941650390625,135.03793334960938,288.0,0.08680555555555555
2234,-0.8591803092857597,1.167386145688539,2234,136.1682586669922,136.11770629882812,288.0,0.10416666666666667
2235,-1.1318349129226533,1.1204839133801707,2235,130.50448608398438,130.45474243164062,288.0,0.09027777777777778
2236,-1.202792091626568,1.1356521283072711,2236,135.38955688476562,135.3392333984375,288.0,0.10416666666666667
2237,-1.1767852040421933,1.1816256288321894,2237,137.15457153320312,137.10247802734375,288.0,0.1111111111111111
2238,-0.9081993418974837,1.1961422057249633,2238,137.54141235351562,137.48953247070312,288.0,0.0798611111111111
2239,-0.8354819289417104,1.3075108401883044,2239,133.86712646484375,133.81573486328125,288.0,0.15625
2240,-1.001367862762615,1.1058210741397814,2240,135.19821166992188,135.14715576171875,288.0,0.0763888888888889
2241,-1.0323105077781582,1.3244496385753384,2241,133.6436767578125,133.59422302246094,288.0,0.06944444444444445
2242,-0.6776359146435844,1.1310825437869687,2242,135.8607177734375,135.80906677246094,288.0,0.08680555555555555
2243,-0.9143894319978306,1.0601208317218842,2243,136.43771362304688,136.38568115234375,288.0,0.06597222222222222
2244,-1.1575325301193904,1.2268248132662762,2244,136.4353485107422,136.3837127685547,288.0,0.14930555555555555
2245,-1.0459853024124528,1.109591691992944,2245,136.08255004882812,136.0316162109375,288.0,0.08680555555555555
2246,-0.681441771376496,1.446041815347389,2246,134.64761352539062,134.59600830078125,288.0,0.1111111111111111
2247,-0.900383958850629,1.3326754734813806,2247,135.75421142578125,135.7023162841797,288.0,0.09375
2248,-0.7116503716899045,1.1517778018352332,2248,136.99392700195312,136.94326782226562,288.0,0.11458333333333333
2249,-1.1701567331659182,1.2186958157175456,2249,136.63217163085938,136.58035278320312,288.0,0.08680555555555555
2250,-0.858691567175644,1.3662792530448076,2250,135.41714477539062,135.3658905029297,288.0,0.08333333333333333
2251,-1.1232037893417646,1.0995538041339996,2251,136.9158935546875,136.86398315429688,288.0,0.11458333333333333
2252,-0.9967210680517735,1.075195444859967,2252,136.37054443359375,136.32040405273438,288.0,0.09027777777777778
2253,-1.293746938734429,1.1591919165770885,2253,136.10232543945312,136.05068969726562,288.0,0.09722222222222222
2254,-0.9631277519066602,1.0433990004173859,2254,133.97802734375,133.92901611328125,288.0,0.11805555555555555
2255,-1.1177068688391796,1.2438295753689312,2255,136.24351501464844,136.19192504882812,288.0,0.125
2256,-0.9603171875806006,1.1854965753209665,2256,136.47528076171875,136.42462158203125,288.0,0.06944444444444445
2257,-1.110407478517636,1.0985835036710787,2257,134.01052856445312,133.9595489501953,288.0,0.13194444444444445
2258,-1.1925609099733658,1.1009145660959903,2258,134.4933624267578,134.4425048828125,288.0,0.09375
2259,-1.0624585223539131,1.2084356227106992,2259,135.90943908691406,135.85816955566406,288.0,0.13194444444444445
2260,-1.2640613833956205,1.1574631420956614,2260,137.59832763671875,137.54571533203125,288.0,0.10416666666666667
2261,-0.6802798517309186,1.2455861493755278,2261,137.1768341064453,137.12571716308594,288.0,0.1111111111111111
2262,-1.0675983479536195,1.2411347126904815,2262,136.16055297851562,136.1083984375,288.0,0.10069444444444445
2263,-0.7830812680506827,1.1025194876402566,2263,138.1129913330078,138.06097412109375,288.0,0.08680555555555555
2264,-1.2169179120908455,1.1275432614208887,2264,137.07705688476562,137.02532958984375,288.0,0.1284722222222222
2265,-0.8902929134342384,1.3319605530699796,2265,138.06234741210938,138.01026916503906,288.0,0.08680555555555555
2266,-0.9861597793137571,1.3284300508266882,2266,137.14471435546875,137.09446716308594,288.0,0.06597222222222222
2267,-1.0831247152544805,1.1509227632658015,2267,134.5184326171875,134.4680633544922,288.0,0.09722222222222222
2268,-0.8435069728600467,1.071745362002232,2268,136.78390502929688,136.73133850097656,288.0,0.08333333333333333
2269,-1.1507224341297124,1.1063783808502652,2269,136.2698974609375,136.2193603515625,288.0,0.09027777777777778
2270,-1.0847863585114281,1.063251512571116,2270,134.611083984375,134.56076049804688,288.0,0.08680555555555555
2271,-0.9166421720771889,1.2955088320502701,2271,135.06838989257812,135.01718139648438,288.0,0.09375
2272,-0.9003481895771182,1.430311187753851,2272,135.23666381835938,135.18490600585938,288.0,0.1076388888888889
2273,-0.7395747477057408,1.3034573742119344,2273,135.03451538085938,134.98422241210938,288.0,0.1111111111111111
2274,-0.8123887978545208,1.4157773798322153,2274,138.0306396484375,137.97947692871094,288.0,0.125
2275,-0.7456840596795701,1.180385256284416,2275,133.242919921875,133.19223022460938,288.0,0.1284722222222222
2276,-0.9749547886778502,1.0464983379427546,2276,134.6202850341797,134.56976318359375,288.0,0.09375
2277,-0.6793390673681693,0.9576109462599722,2277,132.04278564453125,131.99322509765625,288.0,0.10069444444444445
2278,-1.1524477103986501,1.1662890682371854,2278,136.13116455078125,136.07901000976562,288.0,0.07291666666666667
2279,-0.9289015556770691,1.3805031963741123,2279,135.94805908203125,135.89588928222656,288.0,0.10416666666666667
2280,-0.772843922387973,0.93750722355046,2280,135.27713012695312,135.22476196289062,288.0,0.10069444444444445
2281,-1.1656033211232055,1.0879669148754174,2281,134.56964111328125,134.51991271972656,288.0,0.09722222222222222
2282,-0.9527741682630213,1.1136900053979621,2282,131.07431030273438,131.02503967285156,288.0,0.09375
2283,-1.0845591411550402,1.2192004805489491,2283,136.07110595703125,136.01904296875,288.0,0.09375
2284,-1.1647223105401854,1.3220915095527332,2284,137.44894409179688,137.39678955078125,288.0,0.09722222222222222
2285,-0.9320157171984919,1.3620435115001983,2285,136.71084594726562,136.6582489013672,288.0,0.09722222222222222
2286,-0.8525560953393954,1.1395910618622112,2286,135.13845825195312,135.0870361328125,288.0,0.1111111111111111
2287,-0.7466967718680162,1.2958823351397908,2287,137.250732421875,137.19973754882812,288.0,0.08680555555555555
2288,-1.0198916686675743,1.2849642973591207,2288,137.3353271484375,137.2841033935547,288.0,0.10069444444444445
2289,-1.12167598955986,1.1300106218315191,2289,136.42242431640625,136.37136840820312,288.0,0.10416666666666667
2290,-1.2429988493133266,1.1738113990121322,2290,132.49461364746094,132.44439697265625,288.0,0.10416666666666667
2291,-0.819430701269718,1.0847115748915301,2291,137.37884521484375,137.32725524902344,288.0,0.06597222222222222
2292,-1.2838387724415554,1.1531164315065396,2292,136.66989135742188,136.61770629882812,288.0,0.1423611111111111
2293,-1.1902293048602783,1.1828480373096752,2293,132.31985473632812,132.26971435546875,288.0,0.08680555555555555
2294,-1.015041555430575,1.2106228173255795,2294,135.47557067871094,135.423828125,288.0,0.10416666666666667
2295,-1.319635425761933,1.2091313167992825,2295,138.47589111328125,138.42318725585938,288.0,0.09027777777777778
2296,-1.0663481243598412,1.2924282446501811,2296,133.78729248046875,133.73519897460938,288.0,0.10069444444444445
2297,-1.21466880761458,1.2661434548580668,2297,136.20156860351562,136.15090942382812,288.0,0.1111111111111111
2298,-1.322983700101183,1.2753451693466396,2298,134.57955932617188,134.5281219482422,288.0,0.14930555555555555
2299,-0.8508045149624613,1.1427980705504213,2299,133.88270568847656,133.83364868164062,288.0,0.08333333333333333
2300,-1.0426913866312937,1.3087492751703325,2300,134.7433319091797,134.6936798095703,288.0,0.09375
2301,-1.0931758768538602,1.0722603686818057,2301,135.48922729492188,135.43934631347656,288.0,0.08333333333333333
2302,-1.2560756496911212,1.08255878018245,2302,135.10301208496094,135.05165100097656,288.0,0.12152777777777778
2303,-1.040571526510468,1.2099883077356377,2303,137.49307250976562,137.44110107421875,288.0,0.13194444444444445
2304,-1.2437621029244577,1.1354247098412737,2304,136.6648712158203,136.61380004882812,288.0,0.10416666666666667
2305,-0.8375473781759813,1.2098521771069635,2305,136.01446533203125,135.963623046875,288.0,0.04513888888888889
2306,-0.9770544841710337,0.824672044638354,2306,135.6812286376953,135.62953186035156,288.0,0.0625
2307,-0.9019513288190867,1.3539162909929676,2307,134.63385009765625,134.5846405029297,288.0,0.11458333333333333
2308,-0.6860757854103201,1.1258539945137682,2308,135.92503356933594,135.8751220703125,288.0,0.09722222222222222
2309,-1.224607731138275,1.114954246269954,2309,136.17178344726562,136.11972045898438,288.0,0.1111111111111111
2310,-0.8830873654444861,1.4639239554809405,2310,132.76483154296875,132.71633911132812,288.0,0.10069444444444445
2311,-0.8353675292059918,1.2674712290998706,2311,133.833251953125,133.782470703125,288.0,0.09722222222222222
2312,-0.6917771349628242,1.1277056555794074,2312,134.3385009765625,134.28900146484375,288.0,0.10416666666666667
2313,-1.1116420225978683,1.0857408006263818,2313,135.0629425048828,135.01290893554688,288.0,0.10416666666666667
2314,-1.0657384388545432,1.0917995964735647,2314,136.36627197265625,136.31491088867188,288.0,0.1076388888888889
2315,-0.8180073538835617,1.4002732995140077,2315,136.95770263671875,136.9073486328125,288.0,0.1111111111111111
2316,-0.7720370645691224,1.2187087600322595,2316,133.2377166748047,133.18850708007812,288.0,0.09375
2317,-1.0117686984697571,1.3548867570197012,2317,132.04644775390625,131.9962921142578,288.0,0.11805555555555555
2318,-1.3044586253139547,1.184645971080126,2318,132.9934539794922,132.9442138671875,288.0,0.10069444444444445
2319,-1.0914272147952917,1.3514531840110402,2319,136.09738159179688,136.04627990722656,288.0,0.08680555555555555
2320,-0.9494178933453702,1.0589283224943875,2320,135.0448760986328,134.99285888671875,288.0,0.10069444444444445
2321,-0.979176526004528,0.9892651256854734,2321,136.0361328125,135.98472595214844,288.0,0.08680555555555555
2322,-1.2789135760352022,1.1285011979335142,2322,137.90850830078125,137.85647583007812,288.0,0.11805555555555555
2323,-1.1582345139414738,1.1231157972129913,2323,134.36102294921875,134.31011962890625,288.0,0.1076388888888889
2324,-0.7576627341064156,1.3067872815133939,2324,134.75135803222656,134.70103454589844,288.0,0.1076388888888889
2325,-0.5420689344759927,1.1547272541820714,2325,134.82164001464844,134.77023315429688,288.0,0.1076388888888889
2326,-0.6869263384996683,1.4042795512978956,2326,132.14260864257812,132.09207153320312,288.0,0.10069444444444445
2327,-0.8283445638687063,1.2978812619048068,2327,135.38133239746094,135.33197021484375,288.0,0.08333333333333333
2328,-1.2005353701053423,1.1247784915542018,2328,134.7752685546875,134.72433471679688,288.0,0.0798611111111111
2329,-0.9513642510717312,1.1648336659425385,2329,136.07589721679688,136.02310180664062,288.0,0.09027777777777778
2330,-1.0326020203088342,1.1694515054038035,2330,136.56597900390625,136.51417541503906,288.0,0.09722222222222222
2331,-0.7700690481451089,0.9294965451260206,2331,134.81222534179688,134.7608184814453,288.0,0.08680555555555555
2332,-0.7905752375427278,1.1583946393516746,2332,136.77679443359375,136.72531127929688,288.0,0.05555555555555555
2333,-1.0043275698339922,1.3082099365113684,2333,135.13372802734375,135.08151245117188,288.0,0.13194444444444445
2334,-1.0308167995128332,1.1666704842871152,2334,136.34169006347656,136.290283203125,288.0,0.0798611111111111
2335,-1.12164134440337,1.0100135288653986,2335,135.3238525390625,135.27175903320312,288.0,0.09027777777777778
2336,-0.6301518648392671,1.4398394261826424,2336,133.9647674560547,133.91473388671875,288.0,0.10416666666666667
2337,-1.1670643032584698,1.1561042123507574,2337,136.55516052246094,136.50338745117188,288.0,0.09375
2338,-0.9949427101915753,1.180628570076301,2338,135.11077880859375,135.0595703125,288.0,0.10069444444444445
2339,-0.9360951471426431,1.3436164859482718,2339,133.71986389160156,133.6685791015625,288.0,0.10069444444444445
2340,-0.900572705056319,1.4031658731546603,2340,136.90380859375,136.85195922851562,288.0,0.07291666666666667
2341,-0.6919346249954378,1.3389599302075357,2341,133.95046997070312,133.9003448486328,288.0,0.1111111111111111
2342,-0.820342433606712,1.1613267538099012,2342,133.25775146484375,133.20628356933594,288.0,0.10069444444444445
2343,-0.9852183677673317,1.2885870099700167,2343,135.5753936767578,135.5238494873047,288.0,0.09375
2344,-0.9274560372075938,1.3123986566363017,2344,136.32699584960938,136.27796936035156,288.0,0.09375
2345,-0.785187578589031,1.2579717535594774,2345,136.30062866210938,136.24864196777344,288.0,0.10069444444444445
2346,-1.1466015976766302,1.1040385759061768,2346,137.46624755859375,137.41647338867188,288.0,0.08680555555555555
2347,-1.1237133773507253,1.1136708162064528,2347,136.37380981445312,136.32327270507812,288.0,0.10069444444444445
2348,-0.9913462962418751,1.1699812660691375,2348,135.846923828125,135.79641723632812,288.0,0.0798611111111111
2349,-1.051928785335833,1.2991091244434794,2349,132.90463256835938,132.85411071777344,288.0,0.09027777777777778
2350,-1.1397645659644158,1.3171498735615905,2350,131.66650390625,131.61544799804688,288.0,0.09027777777777778
2351,-1.022272942651242,1.3249378514006245,2351,133.86752319335938,133.8163299560547,288.0,0.09375
2352,-1.0388766804681322,1.0358377763693773,2352,135.5887451171875,135.53738403320312,288.0,0.08680555555555555
2353,-0.8552725165274888,1.2657672712811956,2353,136.4538116455078,136.40194702148438,288.0,0.052083333333333336
2354,-0.9604956470400323,1.0981616066591953,2354,133.4109649658203,133.35894775390625,288.0,0.0763888888888889
2355,-0.8115818720922167,1.1553146176372526,2355,133.24098205566406,133.18922424316406,288.0,0.06944444444444445
2356,-1.034493477933402,1.17792725257352,2356,135.35440063476562,135.30331420898438,288.0,0.09027777777777778
2357,-1.050375776620897,1.3188364372495536,2357,132.77569580078125,132.7257537841797,288.0,0.0798611111111111
2358,-0.9309950605063138,1.3489656812939537,2358,134.64126586914062,134.5911865234375,288.0,0.10069444444444445
2359,-0.6504029498401078,1.2819905468912607,2359,135.28616333007812,135.2344970703125,288.0,0.07291666666666667
2360,-0.8688341030937048,1.173402343040601,2360,136.28836059570312,136.23779296875,288.0,0.1076388888888889
2361,-1.1075158417615063,1.1761267426238682,2361,135.46194458007812,135.41079711914062,288.0,0.10069444444444445
2362,-1.1094277080122354,1.2454316459346626,2362,135.7176971435547,135.66683959960938,288.0,0.07291666666666667
2363,-1.127868377239041,1.1577717990479601,2363,134.55419921875,134.50375366210938,288.0,0.09027777777777778
2364,-1.2072575970430484,1.047149004043839,2364,135.86651611328125,135.81607055664062,288.0,0.09027777777777778
2365,-1.2831880274747418,1.1492992761976923,2365,134.18316650390625,134.13299560546875,288.0,0.09027777777777778
2366,-1.0520686681104978,1.2498908055929574,2366,135.18272399902344,135.131591796875,288.0,0.1076388888888889
2367,-0.7100964097413232,1.2354684588381417,2367,136.59486389160156,136.54409790039062,288.0,0.08680555555555555
2368,-1.062492543591402,0.9478362394134687,2368,137.3646240234375,137.31466674804688,288.0,0.10069444444444445
2369,-0.9151219552560411,1.1265327201900641,2369,133.2769317626953,133.22560119628906,288.0,0.10069444444444445
2370,-1.019727412169306,1.0135918467745815,2370,136.03334045410156,135.98165893554688,288.0,0.09375
2371,-0.8801677827372222,1.39174998291394,2371,136.73464965820312,136.6840057373047,288.0,0.0625
2372,-0.9066822957725305,1.2846192378703722,2372,134.78335571289062,134.7308349609375,288.0,0.052083333333333336
2373,-0.9350427902076291,1.1289794729261569,2373,133.77139282226562,133.71945190429688,288.0,0.0763888888888889
2374,-1.0017931545781567,1.3519062859271178,2374,135.6707763671875,135.61788940429688,288.0,0.1076388888888889
2375,-1.0967132454204105,1.1560826398143111,2375,136.02365112304688,135.97250366210938,288.0,0.052083333333333336
2376,-0.813926688339511,1.2109558455794938,2376,134.1438751220703,134.09246826171875,288.0,0.09375
2377,-1.0813008404764501,1.159680284775045,2377,136.04525756835938,135.99290466308594,288.0,0.09722222222222222
2378,-1.0320030309845896,1.081746324434027,2378,135.44528198242188,135.3956298828125,288.0,0.0763888888888889
2379,-1.0160208585416761,1.2425573234533687,2379,137.64186096191406,137.5897216796875,288.0,0.09722222222222222
2380,-0.9762764536326313,1.247339662177551,2380,134.5667724609375,134.51693725585938,288.0,0.1076388888888889
2381,-1.0098318110405606,1.1858875571925052,2381,135.03164672851562,134.9798583984375,288.0,0.0763888888888889
2382,-0.9800611155696181,1.0301507598444142,2382,134.96514892578125,134.91439819335938,288.0,0.0798611111111111
2383,-1.0195728885959658,1.2326023308215193,2383,135.6934051513672,135.64169311523438,288.0,0.09027777777777778
2384,-1.023160405697138,1.2936317697795618,2384,135.93826293945312,135.88671875,288.0,0.0763888888888889
2385,-0.9941127407922856,1.1206138806075896,2385,136.66830444335938,136.61622619628906,288.0,0.07291666666666667
2386,-1.0786061227739685,1.191049999986237,2386,135.52969360351562,135.4774169921875,288.0,0.1076388888888889
2387,-0.8676255922809799,1.066665440619181,2387,135.484619140625,135.43284606933594,288.0,0.09027777777777778
2388,-0.8815367282112769,1.1963400771420314,2388,136.3099822998047,136.25759887695312,288.0,0.07291666666666667
2389,-1.2015863361143417,1.1212032491743882,2389,136.8706512451172,136.81875610351562,288.0,0.1076388888888889
2390,-0.987923476381627,1.1866251188924586,2390,137.05230712890625,137.00079345703125,288.0,0.08680555555555555
2391,-1.0496116730246483,1.2306265857628154,2391,135.48001098632812,135.42861938476562,288.0,0.06944444444444445
2392,-1.1389454401696268,1.1853828342464827,2392,135.35516357421875,135.304931640625,288.0,0.1076388888888889
2393,-0.8447120644874229,1.2633306083635891,2393,135.54833984375,135.49624633789062,288.0,0.09027777777777778
2394,-0.9641244424654363,1.2413236950941127,2394,137.42901611328125,137.376953125,288.0,0.09722222222222222
2395,-0.7433264757617972,1.1528988440901384,2395,136.81065368652344,136.758056640625,288.0,0.0763888888888889
2396,-1.021315849626156,1.0660505811039598,2396,136.22280883789062,136.17022705078125,288.0,0.09027777777777778
2397,-0.9610389547195352,0.9386827996778454,2397,135.3941650390625,135.34213256835938,288.0,0.06944444444444445
2398,-0.9088949762368621,0.9770781813606235,2398,135.25341796875,135.20106506347656,288.0,0.05555555555555555
2399,-1.0303851186286614,1.1863547834220596,2399,136.3136749267578,136.26199340820312,288.0,0.0798611111111111
2400,-0.9969884241373571,1.2584318754865453,2400,134.22036743164062,134.16952514648438,288.0,0.0798611111111111
2401,-1.2533366618090416,1.0499322977362746,2401,136.92742919921875,136.87612915039062,288.0,0.08333333333333333
2402,-0.8278238473915529,1.1370286831603549,2402,136.48541259765625,136.43270874023438,288.0,0.09375
2403,-0.9308676500628721,1.0984011748766302,2403,135.78575134277344,135.73428344726562,288.0,0.06944444444444445
2404,-0.9823558415092466,1.2107077765808936,2404,135.57696533203125,135.52432250976562,288.0,0.10069444444444445
2405,-0.6951227168095505,0.9624484068349061,2405,135.01132202148438,134.95953369140625,288.0,0.0798611111111111
2406,-0.6554656127257297,1.2251858194222636,2406,135.34796142578125,135.2973175048828,288.0,0.09375
2407,-0.9006338556023028,1.1602947428661246,2407,135.473876953125,135.42221069335938,288.0,0.052083333333333336
2408,-0.896019719438442,0.9685820694907988,2408,135.4049072265625,135.35394287109375,288.0,0.0763888888888889
2409,-1.1855846246900563,1.1967970468242684,2409,135.84754943847656,135.794921875,288.0,0.1076388888888889
2410,-1.109897372892725,1.1033057614285557,2410,136.81222534179688,136.7603302001953,288.0,0.10069444444444445
2411,-1.2245506690519106,1.0097020638643526,2411,135.38629150390625,135.3340301513672,288.0,0.09027777777777778
2412,-0.9990717805875798,1.107410403580092,2412,136.41998291015625,136.36810302734375,288.0,0.059027777777777776
2413,-0.9790043572984304,1.1790684258689104,2413,133.544677734375,133.49557495117188,288.0,0.11805555555555555
2414,-1.0358893360826391,1.2954176063441796,2414,136.3211669921875,136.26922607421875,288.0,0.10069444444444445
2415,-0.8607924170091462,1.3065465698108851,2415,135.81863403320312,135.76588439941406,288.0,0.09027777777777778
2416,-0.8451523074122914,1.0795151854633966,2416,136.92794799804688,136.8765106201172,288.0,0.08333333333333333
2417,-1.014026005419701,1.0992796907145528,2417,135.11874389648438,135.0666046142578,288.0,0.0625
2418,-0.5977177359779094,1.0998107193097826,2418,134.8847198486328,134.83331298828125,288.0,0.08680555555555555
2419,-1.009484724245935,1.2917476984589813,2419,134.36048889160156,134.30856323242188,288.0,0.0763888888888889
2420,-1.1084770804901762,1.1512770524687794,2420,134.99667358398438,134.9452667236328,288.0,0.059027777777777776
2421,-1.0921108575324407,1.3228976564142811,2421,136.0660400390625,136.01467895507812,288.0,0.09722222222222222
2422,-0.9987618452078034,1.0738571863850839,2422,135.31358337402344,135.2619171142578,288.0,0.08680555555555555
2423,-1.1087457039235211,1.2836442253233762,2423,134.68341064453125,134.63101196289062,288.0,0.1111111111111111
2424,-1.1169781605324294,1.0613651717128147,2424,134.4818878173828,134.4296112060547,288.0,0.07291666666666667
2425,-0.8796132075780806,1.2801878020517605,2425,135.77725219726562,135.72523498535156,288.0,0.08333333333333333
2426,-0.7960468642181697,0.7955846185134221,2426,136.9921875,136.94105529785156,288.0,0.09027777777777778
2427,-0.98007844061043,1.1414995311229834,2427,134.5100860595703,134.458251953125,288.0,0.09027777777777778
2428,-1.0361414621495355,1.0917795529826229,2428,134.16845703125,134.11666870117188,288.0,0.07291666666666667
2429,-1.0406352488069315,1.118441880207877,2429,134.60870361328125,134.55810546875,288.0,0.09027777777777778
2430,-1.0309062836144978,1.2971134145356789,2430,136.64813232421875,136.5975341796875,288.0,0.06597222222222222
2431,-1.0810763688941558,1.1455816093285518,2431,133.50930786132812,133.45823669433594,288.0,0.05555555555555555
2432,-0.94989646931771,1.306914690020489,2432,133.3810272216797,133.33059692382812,288.0,0.059027777777777776
2433,-0.8556621585715312,1.0283164619172969,2433,136.92630004882812,136.87527465820312,288.0,0.07291666666666667
2434,-0.7092371568800773,1.1124789175815344,2434,134.46197509765625,134.41026306152344,288.0,0.059027777777777776
2435,-1.0604708036670167,1.3278016410396565,2435,136.2553253173828,136.2039031982422,288.0,0.11458333333333333
2436,-0.9737266844259577,1.1736212984305694,2436,132.451171875,132.4010009765625,288.0,0.06944444444444445
2437,-1.013875316289297,1.3117353496106838,2437,137.27554321289062,137.22323608398438,288.0,0.09375
2438,-0.7945366258745854,0.878312212549829,2438,135.99285888671875,135.9416961669922,288.0,0.0763888888888889
2439,-1.2461624795164952,1.1100988779487182,2439,135.16026306152344,135.10891723632812,288.0,0.08333333333333333
2440,-1.2346979293320133,1.1133539372291286,2440,134.6863250732422,134.63426208496094,288.0,0.08680555555555555
2441,-0.9621040666762745,0.9151311761670912,2441,134.13330078125,134.08212280273438,288.0,0.0798611111111111
2442,-1.1025420007586466,1.105660720582598,2442,132.81651306152344,132.76617431640625,288.0,0.08333333333333333
2443,-0.9231197577259231,1.1363131984807349,2443,136.3475341796875,136.2970733642578,288.0,0.06597222222222222
2444,-1.0058175182745102,1.0178866735837515,2444,134.34686279296875,134.2972869873047,288.0,0.0763888888888889
2445,-0.7979552503643859,1.1851337548673313,2445,136.02328491210938,135.97210693359375,288.0,0.0798611111111111
2446,-0.8253793491888002,1.2390312793069775,2446,136.62051391601562,136.56961059570312,288.0,0.0798611111111111
2447,-0.8971728972818789,1.263871540444014,2447,136.84066772460938,136.78868103027344,288.0,0.05555555555555555
2448,-1.051502049349911,1.2753976768269246,2448,135.79522705078125,135.74374389648438,288.0,0.0763888888888889
2449,-0.7745128044424927,0.9041113784346221,2449,135.73199462890625,135.68194580078125,288.0,0.0798611111111111
2450,-1.1050196999750672,1.0097377467334496,2450,136.44894409179688,136.39761352539062,288.0,0.0798611111111111
2451,-1.1079107205676257,1.1629547527693858,2451,136.90048217773438,136.84909057617188,288.0,0.08680555555555555
2452,-0.8056467671942354,0.8451024194805745,2452,136.41534423828125,136.3634490966797,288.0,0.0798611111111111
2453,-0.8227888389040989,1.1142886938853263,2453,136.28546142578125,136.23345947265625,288.0,0.09722222222222222
2454,-1.0517020801886887,1.1147682444544342,2454,136.05328369140625,136.00144958496094,288.0,0.09027777777777778
2455,-1.1479024157399231,1.2935052121399644,2455,135.377685546875,135.32598876953125,288.0,0.0763888888888889
2456,-0.8354756324416726,1.0762882520493835,2456,136.1201171875,136.068359375,288.0,0.0625
2457,-0.8167372609060022,1.3161581029314033,2457,136.72303771972656,136.672607421875,288.0,0.09375
2458,-1.0404312768572044,1.033368427946257,2458,134.7579345703125,134.70635986328125,288.0,0.06944444444444445
2459,-0.5870246726869914,1.4101497306053183,2459,136.11668395996094,136.06591796875,288.0,0.10416666666666667
2460,-0.765231233498861,1.2869574439706883,2460,134.4949951171875,134.44479370117188,288.0,0.10069444444444445
2461,-0.9603514584661925,1.1482767064900368,2461,132.4052276611328,132.35455322265625,288.0,0.09027777777777778
2462,-1.200831823600984,1.0790037898219274,2462,134.2864990234375,134.2359619140625,288.0,0.07291666666666667
2463,-0.8615195038408471,0.9523635706769812,2463,136.7574462890625,136.70687866210938,288.0,0.06944444444444445
2464,-1.0609801788263522,1.1996401926785687,2464,134.17990112304688,134.12921142578125,288.0,0.08680555555555555
2465,-0.9839068314241559,1.3238350847353566,2465,134.64022827148438,134.58868408203125,288.0,0.08333333333333333
2466,-0.9826018943107329,1.1163162811328584,2466,136.4891357421875,136.43588256835938,288.0,0.07291666666666667
2467,-0.794633474127518,1.4563018321876526,2467,133.47601318359375,133.42453002929688,288.0,0.052083333333333336
2468,-0.7995285413848232,0.7640970530275654,2468,135.02940368652344,134.97747802734375,288.0,0.041666666666666664
2469,-0.8719875688542397,1.3069541253338985,2469,133.86317443847656,133.81277465820312,288.0,0.09722222222222222
2470,-1.1091940614172806,1.1295727290667046,2470,131.5543670654297,131.50343322753906,288.0,0.09375
2471,-1.1217399019832837,1.1166417707409946,2471,132.5729217529297,132.52304077148438,288.0,0.06944444444444445
2472,-1.0186123564292444,1.2823502023183224,2472,135.36544799804688,135.31361389160156,288.0,0.07291666666666667
2473,-1.2062483251734757,1.1046035947397101,2473,134.7915802001953,134.7406768798828,288.0,0.10069444444444445
2474,-1.0731886114635905,1.014900534397144,2474,131.3213348388672,131.27032470703125,288.0,0.0798611111111111
2475,-0.9927046184244868,1.0697307961341846,2475,134.9163360595703,134.86497497558594,288.0,0.0798611111111111
2476,-0.6625582853506339,1.2743998927213052,2476,131.759033203125,131.70718383789062,288.0,0.12152777777777778
2477,-1.1845998391542731,1.095767507414526,2477,130.0321044921875,129.98306274414062,288.0,0.06944444444444445
2478,-0.6293664855761862,1.018732275457413,2478,135.39443969726562,135.34312438964844,288.0,0.09027777777777778
2479,-0.8786817631887809,0.9500440509651982,2479,130.64576721191406,130.59698486328125,288.0,0.07291666666666667
2480,-1.08760397575915,1.213957687931199,2480,136.30892944335938,136.25729370117188,288.0,0.0763888888888889
2481,-1.061742802709799,1.214355752457854,2481,135.85812377929688,135.80709838867188,288.0,0.059027777777777776
2482,-0.7777993085316924,1.0415196801389799,2482,136.96331787109375,136.91006469726562,288.0,0.07291666666666667
2483,-0.9908722207790412,1.3704589164731589,2483,134.0367431640625,133.9862518310547,288.0,0.1076388888888889
2484,-0.6919333540349172,1.4012852057990561,2484,135.49703979492188,135.44515991210938,288.0,0.08333333333333333
2485,-1.1524357586104532,1.3153493560024283,2485,135.491455078125,135.44009399414062,288.0,0.10416666666666667
2486,-0.9167868947885517,1.4917256951469982,2486,134.79510498046875,134.74427795410156,288.0,0.1111111111111111
2487,-1.0272844132402696,1.0352065525186431,2487,133.79971313476562,133.74935913085938,288.0,0.09375
2488,-1.0598227649773106,1.1250406058004112,2488,134.70523071289062,134.65350341796875,288.0,0.10416666666666667
2489,-1.2384736464028832,1.1353364306095588,2489,133.94847106933594,133.89662170410156,288.0,0.09722222222222222
2490,-0.569718103163887,1.1442501023106815,2490,135.98150634765625,135.93109130859375,288.0,0.0763888888888889
2491,-0.7584873199443698,1.5039352505293548,2491,137.33163452148438,137.2794189453125,288.0,0.0798611111111111
2492,-1.1078873399200606,1.0856868755534257,2492,135.1206512451172,135.06875610351562,288.0,0.04513888888888889
2493,-1.0966668115042661,1.1530996782309881,2493,136.6195831298828,136.56851196289062,288.0,0.08680555555555555
2494,-0.823787687125124,1.2158087231587917,2494,137.4957275390625,137.44400024414062,288.0,0.07291666666666667
2495,-0.9202116163224119,1.3416661081477503,2495,135.54708862304688,135.49610900878906,288.0,0.0763888888888889
2496,-0.9098790488310807,1.1184360533931097,2496,133.29405212402344,133.24346923828125,288.0,0.052083333333333336
2497,-1.0801629155515482,1.0760807931479028,2497,135.37039184570312,135.32044982910156,288.0,0.0625
2498,-1.0435442171842642,1.2676561471259535,2498,133.458984375,133.40870666503906,288.0,0.0798611111111111
2499,-1.0500247941783591,1.1712253702538522,2499,135.4518585205078,135.3995819091797,288.0,0.07291666666666667
2500,-0.8439545125938436,1.02919186898241,2500,133.83355712890625,133.78347778320312,288.0,0.06597222222222222
2501,-0.8190769832038337,1.1639862041121343,2501,136.63726806640625,136.58506774902344,288.0,0.05555555555555555
2502,-0.7964575139096284,1.064018955547028,2502,135.06887817382812,135.01803588867188,288.0,0.06944444444444445
2503,-0.7114888824231855,0.9048261992165231,2503,134.15774536132812,134.1082763671875,288.0,0.0798611111111111
2504,-1.1063045248019994,1.0706361073904285,2504,136.5592041015625,136.50784301757812,288.0,0.08680555555555555
2505,-0.702787034659955,0.9266290233075493,2505,133.87696838378906,133.82669067382812,288.0,0.0763888888888889
2506,-0.7692736504005282,1.1042208872582522,2506,136.1336669921875,136.0822296142578,288.0,0.0763888888888889
2507,-0.9242325786436018,1.0968643493391774,2507,135.5084228515625,135.45755004882812,288.0,0.0798611111111111
2508,-1.2662074656387254,1.079341214263931,2508,133.89718627929688,133.8462371826172,288.0,0.0798611111111111
2509,-0.6671437555004941,1.3831933341939426,2509,134.2508544921875,134.19992065429688,288.0,0.0798611111111111
2510,-0.8404662710753149,1.2484342152288788,2510,132.67361450195312,132.62286376953125,288.0,0.0625
2511,-1.1271508570258069,1.018649128583942,2511,134.51614379882812,134.46461486816406,288.0,0.06597222222222222
2512,-0.7061703981612659,1.2801105136773678,2512,135.24752807617188,135.19647216796875,288.0,0.09375
2513,-1.0002131505195184,1.2054147595575286,2513,133.8433074951172,133.79226684570312,288.0,0.0763888888888889
2514,-0.9084800176320016,1.4556303042502958,2514,137.33993530273438,137.28872680664062,288.0,0.1076388888888889
2515,-1.1046439425525885,1.2756446271323385,2515,135.17723083496094,135.12673950195312,288.0,0.06597222222222222
2516,-0.7299172208294133,0.8892526861706619,2516,135.4984588623047,135.44752502441406,288.0,0.08680555555555555
2517,-0.8394757693830098,1.1134000534243587,2517,135.6387939453125,135.5877685546875,288.0,0.10416666666666667
2518,-1.0836295845516695,1.2398897774068447,2518,137.55104064941406,137.49884033203125,288.0,0.09375
2519,-0.9397490518494003,1.401422895830092,2519,133.08810424804688,133.0389404296875,288.0,0.07291666666666667
2520,-0.8240796057042882,1.3249613947028889,2520,134.37884521484375,134.32774353027344,288.0,0.07291666666666667
2521,-0.8552687565864922,0.9246276462066519,2521,135.34658813476562,135.29541015625,288.0,0.052083333333333336
2522,-0.9527991213132859,1.2980828222813072,2522,135.78269958496094,135.7316131591797,288.0,0.059027777777777776
2523,-1.105753515934334,1.304827555606637,2523,137.4099578857422,137.3572998046875,288.0,0.11805555555555555
2524,-0.7180181272055266,0.9808985102491302,2524,134.92880249023438,134.87728881835938,288.0,0.0798611111111111
2525,-0.8351442608466793,1.3015505820211946,2525,135.95547485351562,135.90267944335938,288.0,0.08680555555555555
2526,-0.9216552275981539,1.2213491058778958,2526,135.57078552246094,135.52088928222656,288.0,0.04861111111111111
2527,-0.8529122177528284,1.1049179823333293,2527,135.56597900390625,135.5146484375,288.0,0.1111111111111111
2528,-1.0911211755517227,1.1458118048311092,2528,134.8488311767578,134.7968292236328,288.0,0.08680555555555555
2529,-1.0205852560553283,1.301249981549103,2529,135.50425720214844,135.4533233642578,288.0,0.09027777777777778
2530,-1.0708179830928743,1.080931453698038,2530,133.39974975585938,133.34954833984375,288.0,0.08680555555555555
2531,-0.8731950183287844,1.2627160491856535,2531,133.2977294921875,133.2466583251953,288.0,0.0625
2532,-0.788513052096701,1.534864971321515,2532,135.67938232421875,135.6283416748047,288.0,0.09722222222222222
2533,-0.8532889848217855,0.6506709033407474,2533,134.49343872070312,134.44398498535156,288.0,0.052083333333333336
2534,-1.2060959388282846,1.0784036650447268,2534,136.3758087158203,136.3244171142578,288.0,0.059027777777777776
2535,-0.9928986099275016,1.1364177243044156,2535,135.30616760253906,135.25653076171875,288.0,0.0625
2536,-0.713631656904299,1.3891305588514131,2536,135.51988220214844,135.4684295654297,288.0,0.0625
2537,-0.8548319255031123,1.1329351449359122,2537,136.3547821044922,136.30360412597656,288.0,0.0798611111111111
2538,-0.9360236369683506,0.8160408296624113,2538,135.32293701171875,135.27194213867188,288.0,0.04861111111111111
2539,-1.2833360393777289,1.155180278256841,2539,136.85955810546875,136.8084716796875,288.0,0.10416666666666667
2540,-0.8049649948715718,1.4151897435443468,2540,136.15940856933594,136.10830688476562,288.0,0.06944444444444445
2541,-0.9373331711754473,1.2537212960070387,2541,131.91250610351562,131.86264038085938,288.0,0.0798611111111111
2542,-0.8911215904342461,1.0969070940272512,2542,135.806640625,135.75543212890625,288.0,0.06944444444444445
2543,-0.8182638443959136,1.290893513139434,2543,137.29644775390625,137.24441528320312,288.0,0.06597222222222222
2544,-0.9650079853403503,0.810029614189932,2544,136.1216583251953,136.0706329345703,288.0,0.052083333333333336
2545,-0.9089936088178108,1.2124978434239921,2545,136.93283081054688,136.88095092773438,288.0,0.06597222222222222
2546,-0.9052275235922962,1.3474018339094014,2546,135.97630310058594,135.9249725341797,288.0,0.0798611111111111
2547,-0.6386801363331037,1.3522472115475135,2547,131.51968383789062,131.46856689453125,288.0,0.052083333333333336
2548,-1.0885565579470693,1.1960336787838328,2548,135.7321014404297,135.6810760498047,288.0,0.09027777777777778
2549,-0.9783804392328947,1.2467611744871199,2549,136.2297821044922,136.17816162109375,288.0,0.07291666666666667
2550,-0.8346575543926098,1.1753968267470718,2550,134.99383544921875,134.94325256347656,288.0,0.0798611111111111
2551,-1.1474410536229969,1.1745094101731002,2551,134.65045166015625,134.60006713867188,288.0,0.06944444444444445
2552,-0.830434758139267,1.4560547962934796,2552,134.63670349121094,134.58612060546875,288.0,0.09722222222222222
2553,-0.8525350152073905,1.065773585901196,2553,136.10134887695312,136.05032348632812,288.0,0.08680555555555555
2554,-0.7022225432782409,1.2817463261249948,2554,135.367919921875,135.31661987304688,288.0,0.07291666666666667
2555,-0.945098759763407,1.142003891039702,2555,134.70159912109375,134.65028381347656,288.0,0.0798611111111111
2556,-1.1581669861683457,1.1433559595640734,2556,137.61898803710938,137.56781005859375,288.0,0.08333333333333333
2557,-0.8677174294620454,1.0723756189393756,2557,137.60411071777344,137.5521240234375,288.0,0.09722222222222222
2558,-0.8732388822641189,0.7539012258562062,2558,136.67721557617188,136.62521362304688,288.0,0.052083333333333336
2559,-0.8233099505327074,1.0661292121662427,2559,135.02951049804688,134.9782257080078,288.0,0.0798611111111111
2560,-1.1127936130222882,1.2695824876393693,2560,136.33712768554688,136.28549194335938,288.0,0.09375
2561,-0.7307905712289468,1.350316470312607,2561,136.77732849121094,136.7252197265625,288.0,0.09027777777777778
2562,-1.2842886698640728,1.0813591245478869,2562,136.71519470214844,136.66445922851562,288.0,0.08333333333333333
2563,-1.113300173045401,1.0767332320287597,2563,134.92001342773438,134.86874389648438,288.0,0.0798611111111111
2564,-0.8805702995383146,1.1012316506848243,2564,136.6553955078125,136.60543823242188,288.0,0.08333333333333333
2565,-0.7691745154242512,1.1473688243635904,2565,135.6381378173828,135.58660888671875,288.0,0.06944444444444445
2566,-0.5818504083135132,1.4380456955688472,2566,135.3988494873047,135.34896850585938,288.0,0.09722222222222222
2567,-0.65226889334244,1.1167584448298038,2567,134.01382446289062,133.9618682861328,288.0,0.07291666666666667
2568,-0.8771528577253199,1.4689827909702502,2568,135.61605834960938,135.5643310546875,288.0,0.0763888888888889
2569,-1.0559738290460996,1.1806434941455093,2569,134.15774536132812,134.10690307617188,288.0,0.06597222222222222
2570,-0.7023948488344564,0.9322575875787921,2570,134.7086181640625,134.65737915039062,288.0,0.07291666666666667
2571,-0.7234483501084843,1.3099702630384011,2571,137.47640991210938,137.42453002929688,288.0,0.052083333333333336
2572,-1.0094487385765798,1.2133608099633522,2572,133.20858764648438,133.15724182128906,288.0,0.06944444444444445
2573,-1.1653807121047912,1.17339343747944,2573,135.23355102539062,135.18231201171875,288.0,0.08680555555555555
2574,-1.241226977352545,1.1991771672929805,2574,135.2230682373047,135.17263793945312,288.0,0.08680555555555555
2575,-0.8833010862831908,1.015492095743122,2575,136.51612854003906,136.46536254882812,288.0,0.07291666666666667
2576,-0.8941586855083467,1.2698180229643605,2576,136.71017456054688,136.65829467773438,288.0,0.06944444444444445
2577,-0.6869670352039948,1.2120564425839326,2577,134.64971923828125,134.5986328125,288.0,0.0798611111111111
2578,-0.9524842594843635,1.2428909157850598,2578,134.31031799316406,134.25985717773438,288.0,0.06597222222222222
2579,-0.9483463093359575,1.189420539758897,2579,136.79522705078125,136.7432098388672,288.0,0.09375
2580,-0.8885729841555398,1.1497585150454168,2580,135.29592895507812,135.24591064453125,288.0,0.0798611111111111
2581,-1.046031322539835,1.3044492757747943,2581,134.20071411132812,134.15025329589844,288.0,0.0798611111111111
2582,-1.100936234102529,0.9706938101957931,2582,134.92996215820312,134.88104248046875,288.0,0.06597222222222222
2583,-1.1530309618435428,1.0519072256581525,2583,135.09356689453125,135.04251098632812,288.0,0.0798611111111111
2584,-0.9530874980973025,1.2124638626218904,2584,135.466552734375,135.41436767578125,288.0,0.10416666666666667
2585,-1.0040971432038477,1.3156858286297515,2585,134.6361083984375,134.58377075195312,288.0,0.07291666666666667
2586,-0.8462140381165937,1.2637558817906671,2586,133.83023071289062,133.77932739257812,288.0,0.06944444444444445
2587,-1.182130006321454,1.0433118525700054,2587,135.93826293945312,135.88613891601562,288.0,0.05555555555555555
2588,-1.1575548742551818,1.1348349269863733,2588,135.77699279785156,135.72543334960938,288.0,0.059027777777777776
2589,-1.0345788106573535,1.2307870790287505,2589,136.8329315185547,136.7808380126953,288.0,0.05555555555555555
2590,-0.784411333964033,0.9322018530424608,2590,134.41604614257812,134.3648681640625,288.0,0.0763888888888889
2591,-0.9691181066705042,1.336318713164106,2591,133.17637634277344,133.12713623046875,288.0,0.0798611111111111
2592,-0.7930585517977303,1.3641383310071802,2592,134.42115783691406,134.36964416503906,288.0,0.052083333333333336
2593,-0.9021196557319678,1.1298703782151711,2593,134.30250549316406,134.2516326904297,288.0,0.0798611111111111
2594,-1.1728328730953619,1.1275067896923283,2594,134.69390869140625,134.64266967773438,288.0,0.09027777777777778
2595,-1.081346161783612,1.180035246907783,2595,136.62017822265625,136.56765747070312,288.0,0.0625
2596,-0.8750067785867726,1.3408734219295908,2596,132.3492431640625,132.29885864257812,288.0,0.034722222222222224
2597,-1.029329994038035,1.1362092905660675,2597,135.4207763671875,135.36892700195312,288.0,0.08680555555555555
2598,-0.6957549820607185,0.9523101817091786,2598,133.43441772460938,133.38278198242188,288.0,0.0763888888888889
2599,-0.6772421210873603,0.9904721226250542,2599,133.30148315429688,133.25111389160156,288.0,0.07291666666666667
2600,-1.0402993467256507,1.084346250200745,2600,134.9880828857422,134.9368438720703,288.0,0.07291666666666667
2601,-0.9950337983984353,1.317928385582172,2601,135.0905303955078,135.04006958007812,288.0,0.08680555555555555
2602,-0.9484746650085114,1.0071287272316134,2602,134.54391479492188,134.49310302734375,288.0,0.0798611111111111
2603,-0.6901038538082409,1.0172024097703658,2603,132.99295043945312,132.9415283203125,288.0,0.08680555555555555
2604,-0.8186219023290268,0.792970690081869,2604,134.1038055419922,134.0531005859375,288.0,0.059027777777777776
2605,-0.7636185673579542,0.880705625221971,2605,132.03248596191406,131.98257446289062,288.0,0.05555555555555555
2606,-0.7738990435784413,0.828415538559475,2606,134.43565368652344,134.38560485839844,288.0,0.0625
2607,-0.9561549907244442,1.1605425187250566,2607,131.35043334960938,131.30148315429688,288.0,0.06944444444444445
2608,-0.8086420648473939,1.2452032251820828,2608,132.14935302734375,132.0985107421875,288.0,0.06597222222222222
2609,-0.8087137816947398,1.4343137240313089,2609,135.76849365234375,135.71649169921875,288.0,0.08333333333333333
2610,-0.938890381464057,1.2084752791047229,2610,132.4745330810547,132.4261474609375,288.0,0.06944444444444445
2611,-0.6638955176542621,1.3053065642786126,2611,132.70230102539062,132.651611328125,288.0,0.08333333333333333
2612,-1.4004229585349566,1.1765822265178247,2612,131.43463134765625,131.3851318359375,288.0,0.06944444444444445
2613,-0.8453647181923016,1.3341119664056205,2613,131.75289916992188,131.70181274414062,288.0,0.0625
2614,-0.9215699465196133,1.4158552920652268,2614,136.806640625,136.75436401367188,288.0,0.08680555555555555
2615,-1.0266205823043721,1.0926061180249096,2615,134.4094696044922,134.35960388183594,288.0,0.06597222222222222
2616,-0.9671689336738036,1.2959591007029112,2616,133.57608032226562,133.5252685546875,288.0,0.0625
2617,-0.829547506405779,1.2864571740550352,2617,131.52133178710938,131.46998596191406,288.0,0.0798611111111111
2618,-0.7364102963456999,1.1840687196695567,2618,132.65509033203125,132.60321044921875,288.0,0.04861111111111111
2619,-0.6889432742979801,0.9277444736638519,2619,135.36837768554688,135.3173828125,288.0,0.05555555555555555
2620,-1.0496044473509512,1.0568337995122787,2620,134.36651611328125,134.31478881835938,288.0,0.07291666666666667
2621,-1.1902560763202439,1.0429850487939796,2621,133.20045471191406,133.15216064453125,288.0,0.06597222222222222
2622,-0.9195825674708052,1.2410183853478056,2622,132.77096557617188,132.71987915039062,288.0,0.0763888888888889
2623,-0.944944145821005,1.293473270331148,2623,135.55487060546875,135.50228881835938,288.0,0.059027777777777776
2624,-1.0434564305033263,1.124607726885073,2624,131.37261962890625,131.32354736328125,288.0,0.05555555555555555
2625,-0.9061322431260527,1.2763668394524943,2625,135.43292236328125,135.38119506835938,288.0,0.09027777777777778
2626,-0.9342331153723001,1.2191726816397912,2626,136.96383666992188,136.91152954101562,288.0,0.0625
2627,-1.0135062338073126,1.2056609357385504,2627,134.41729736328125,134.3673095703125,288.0,0.07291666666666667
2628,-1.176754686812571,1.1805595791571621,2628,134.22335815429688,134.17193603515625,288.0,0.08680555555555555
2629,-0.9259256909699324,1.1511030080939872,2629,130.77267456054688,130.72418212890625,288.0,0.059027777777777776
2630,-1.1352024995142613,1.2247846044200383,2630,134.6407012939453,134.58871459960938,288.0,0.06597222222222222
2631,-0.8763035088723714,1.1378525186259842,2631,135.576171875,135.52577209472656,288.0,0.06597222222222222
2632,-1.0603502968042418,1.2613890019692213,2632,134.08294677734375,134.03091430664062,288.0,0.06597222222222222
2633,-0.7777193547562381,1.1303018234021762,2633,133.44766235351562,133.39627075195312,288.0,0.05555555555555555
2634,-0.9870423413970629,1.2110146771522103,2634,133.53163146972656,133.47999572753906,288.0,0.0798611111111111
2635,-0.9893192990102655,1.2639441037696346,2635,136.05064392089844,135.99871826171875,288.0,0.09722222222222222
2636,-0.8197576010666302,1.3556496711808463,2636,134.99954223632812,134.94784545898438,288.0,0.06597222222222222
2637,-0.8204142549071859,1.1235261190774168,2637,136.25416564941406,136.2025146484375,288.0,0.08333333333333333
2638,-1.2165453199026595,1.04242321838732,2638,132.68112182617188,132.63082885742188,288.0,0.0625
2639,-1.0231222122676005,1.2205893454362893,2639,137.01004028320312,136.9582061767578,288.0,0.07291666666666667
2640,-1.1440971544588188,1.0642103343134761,2640,139.01766967773438,138.96641540527344,288.0,0.05555555555555555
2641,-0.8053579908263129,1.2253301177287035,2641,137.96688842773438,137.91531372070312,288.0,0.04513888888888889
2642,-1.1144691065101149,1.1002490891361938,2642,135.97445678710938,135.9236602783203,288.0,0.08680555555555555
2643,-0.8218141261578827,1.2715909478258323,2643,137.197998046875,137.14662170410156,288.0,0.059027777777777776
2644,-0.8678831763293972,1.2448010585995264,2644,135.94195556640625,135.8897705078125,288.0,0.0763888888888889
2645,-0.9895438294644509,1.2515895079969581,2645,136.90618896484375,136.85440063476562,288.0,0.06944444444444445
2646,-0.9589955460642469,1.1070537129580396,2646,136.2886962890625,136.23614501953125,288.0,0.07291666666666667
2647,-1.2392804514174256,1.105489036492196,2647,137.60638427734375,137.55491638183594,288.0,0.052083333333333336
2648,-1.1091681453779516,1.1339871457206938,2648,138.30450439453125,138.25335693359375,288.0,0.08333333333333333
2649,-0.8102760448618871,1.168869791203488,2649,136.95257568359375,136.9000244140625,288.0,0.07291666666666667
2650,-0.9473865042371656,1.2090602989371355,2650,135.73931884765625,135.6880340576172,288.0,0.06597222222222222
2651,-0.8120931307126721,0.7556203267789665,2651,133.30841064453125,133.25819396972656,288.0,0.05555555555555555
2652,-1.1165681038654536,1.069340579333955,2652,135.01095581054688,134.960693359375,288.0,0.0798611111111111
2653,-0.7595436766028899,1.2442336658834876,2653,135.27474975585938,135.22354125976562,288.0,0.08333333333333333
2654,-0.8281106377068184,1.052563891159388,2654,134.474853515625,134.4239501953125,288.0,0.05555555555555555
2655,-0.8981650381353118,1.3837765299225444,2655,136.030517578125,135.97821044921875,288.0,0.06597222222222222
2656,-1.1912958176666757,1.106305016452916,2656,137.09860229492188,137.04669189453125,288.0,0.04861111111111111
2657,-0.957334450366322,1.1153270665398702,2657,137.47705078125,137.425537109375,288.0,0.06597222222222222
2658,-0.9188306888351971,1.16326798757468,2658,135.80235290527344,135.75030517578125,288.0,0.09375
2659,-1.0047524931910483,0.9935263622365933,2659,134.5126953125,134.46267700195312,288.0,0.0625
2660,-1.0828867503279085,1.391244247417209,2660,135.57626342773438,135.52536010742188,288.0,0.07291666666666667
2661,-1.1612511702647035,1.0513290990174509,2661,131.9378662109375,131.8865509033203,288.0,0.07291666666666667
2662,-0.7570388098017956,1.2698759816884317,2662,136.34652709960938,136.2943115234375,288.0,0.0625
2663,-0.852481457625552,0.824037530128861,2663,135.6212158203125,135.56951904296875,288.0,0.059027777777777776
2664,-1.0582773908366667,1.0741297856297334,2664,133.54005432128906,133.4883575439453,288.0,0.059027777777777776
2665,-1.1181230421387542,1.2088381433222215,2665,136.89523315429688,136.84397888183594,288.0,0.0625
2666,-0.6645887900372753,1.2769318856595013,2666,133.26760864257812,133.21841430664062,288.0,0.07291666666666667
2667,-0.9465204574369938,1.4118820878294414,2667,132.82681274414062,132.77679443359375,288.0,0.06944444444444445
2668,-0.5814929821735203,1.3786968802598807,2668,134.1974334716797,134.1468505859375,288.0,0.09375
2669,-1.151929231986282,1.1815885858319186,2669,136.20245361328125,136.15057373046875,288.0,0.08680555555555555
2670,-1.0298575925743825,1.2087731514692854,2670,136.41036987304688,136.3585205078125,288.0,0.06597222222222222
2671,-0.7208655111463054,1.4095413649291912,2671,137.86558532714844,137.81407165527344,288.0,0.052083333333333336
2672,-0.8272843157468658,0.9825871736110002,2672,134.62484741210938,134.57513427734375,288.0,0.059027777777777776
2673,-0.9179826298139465,0.9344775877554017,2673,136.58023071289062,136.52886962890625,288.0,0.04513888888888889
2674,-1.1029299387938174,1.0706251097164436,2674,133.22476196289062,133.1755828857422,288.0,0.07291666666666667
2675,-0.710363194376526,1.415862070243374,2675,133.29541015625,133.24330139160156,288.0,0.04861111111111111
2676,-1.1436676253488307,1.182246576233062,2676,133.78070068359375,133.72882080078125,288.0,0.06597222222222222
2677,-0.6670364991624579,1.1964354779124375,2677,136.9731903076172,136.92147827148438,288.0,0.09722222222222222
2678,-1.208350095978513,1.2088137853194338,2678,137.2515411376953,137.19967651367188,288.0,0.059027777777777776
2679,-0.6302220192985765,1.162691285777828,2679,134.1821746826172,134.12969970703125,288.0,0.0798611111111111
2680,-0.9318162370975414,1.2901149628889321,2680,133.72547912597656,133.67376708984375,288.0,0.059027777777777776
2681,-0.896272604406733,1.2563175252123984,2681,136.78323364257812,136.731201171875,288.0,0.0763888888888889
2682,-0.8553871289443139,1.1681981269556028,2682,135.33694458007812,135.28379821777344,288.0,0.08333333333333333
2683,-0.8961224653419263,0.572890657751948,2683,135.3399200439453,135.28936767578125,288.0,0.034722222222222224
2684,-0.768188957753567,0.8803010579291793,2684,134.7750244140625,134.72262573242188,288.0,0.06944444444444445
2685,-0.6926752058553216,1.3062709301521769,2685,135.80113220214844,135.7484130859375,288.0,0.0625
2686,-0.9046800748372014,1.1313581906440129,2686,136.73770141601562,136.6849365234375,288.0,0.03819444444444445
2687,-0.9225742218411851,1.3070787020066905,2687,133.44464111328125,133.39259338378906,288.0,0.06944444444444445
2688,-0.8795745496211971,1.2360120733958961,2688,132.7056884765625,132.6549835205078,288.0,0.06944444444444445
2689,-0.8126530222467435,1.4353336699234205,2689,133.76121520996094,133.71006774902344,288.0,0.041666666666666664
2690,-0.8465408548704633,1.0932262182682362,2690,133.85842895507812,133.80697631835938,288.0,0.09027777777777778
2691,-0.9158287540694258,1.290655944477246,2691,136.18344116210938,136.13104248046875,288.0,0.07291666666666667
2692,-1.1037512180838316,0.8795446943426635,2692,136.60870361328125,136.55780029296875,288.0,0.06944444444444445
2693,-0.7388982990856032,1.4075737576187564,2693,135.96719360351562,135.9154052734375,288.0,0.0763888888888889
2694,-1.2031253017114796,1.1127688435696914,2694,136.00180053710938,135.95004272460938,288.0,0.08680555555555555
2695,-1.185010963031585,1.1108765758135826,2695,135.3818359375,135.330078125,288.0,0.0625
2696,-0.9749554373959283,1.0809845530914437,2696,135.77392578125,135.72174072265625,288.0,0.0625
2697,-1.1296576171871149,1.0939101044119761,2697,134.59170532226562,134.53955078125,288.0,0.05555555555555555
2698,-0.7439174447766437,1.1744817206268168,2698,135.73504638671875,135.68270874023438,288.0,0.07291666666666667
2699,-0.9318726079674629,0.9780352196461931,2699,135.69754028320312,135.64483642578125,288.0,0.052083333333333336
2700,-1.0883217671178975,1.2033671116046116,2700,136.43899536132812,136.3872528076172,288.0,0.059027777777777776
2701,-1.0234874840016723,0.9646105824940054,2701,133.93988037109375,133.88803100585938,288.0,0.059027777777777776
2702,-1.100335138631343,1.224666282689928,2702,135.95162963867188,135.89932250976562,288.0,0.0625
2703,-0.8410688198873442,1.08213474449746,2703,134.3323516845703,134.2821502685547,288.0,0.0763888888888889
2704,-0.829009168780344,1.3604867280185364,2704,132.4089813232422,132.35910034179688,288.0,0.04861111111111111
2705,-0.6976284202051706,1.0006815435973484,2705,135.36094665527344,135.30953979492188,288.0,0.06597222222222222
2706,-0.831317766075934,0.8899812154685578,2706,136.8972625732422,136.84597778320312,288.0,0.07291666666666667
2707,-0.6630096487397631,0.9605047815829317,2707,136.3203582763672,136.26812744140625,288.0,0.05555555555555555
2708,-1.1480997224063012,1.3287988241672624,2708,132.17129516601562,132.11962890625,288.0,0.0798611111111111
2709,-0.7859845476066984,0.8333514324922225,2709,133.10711669921875,133.05825805664062,288.0,0.07291666666666667
2710,-0.7993741232307673,1.3098712919682634,2710,132.14596557617188,132.09567260742188,288.0,0.0625
2711,-1.243609905839187,1.0949282781592613,2711,131.1986541748047,131.14846801757812,288.0,0.04513888888888889
2712,-0.9453844672212415,1.0304122412799877,2712,131.26968383789062,131.2188262939453,288.0,0.06597222222222222
2713,-0.891309889302032,1.259873964677778,2713,133.34469604492188,133.2938232421875,288.0,0.052083333333333336
2714,-0.8791842295409034,1.3876679518390815,2714,136.8583526611328,136.80654907226562,288.0,0.08680555555555555
2715,-0.8054181113393535,1.2779465573980546,2715,133.66165161132812,133.61138916015625,288.0,0.06944444444444445
2716,-0.9164568499944321,1.2459493668583552,2716,137.73873901367188,137.68731689453125,288.0,0.07291666666666667
2717,-1.1116400588860722,1.0081961039142386,2717,135.59829711914062,135.54611206054688,288.0,0.06597222222222222
2718,-1.1137036054037484,0.910989434074336,2718,132.7259521484375,132.67457580566406,288.0,0.041666666666666664
2719,-0.761499382016666,0.8099982964117243,2719,135.60623168945312,135.5540008544922,288.0,0.0625
2720,-1.0897825147820082,0.8717868853784604,2720,134.88204956054688,134.83009338378906,288.0,0.04513888888888889
2721,-1.1072238610783125,1.0937088088532003,2721,134.39837646484375,134.3462371826172,288.0,0.06944444444444445
2722,-1.116870613332898,1.1429832504533683,2722,133.34336853027344,133.29415893554688,288.0,0.04861111111111111
2723,-1.1148217426074656,1.1023880746039432,2723,133.81362915039062,133.76315307617188,288.0,0.0625
2724,-0.6441573186132141,1.0279246537186337,2724,136.39157104492188,136.3403778076172,288.0,0.059027777777777776
2725,-0.9298757104846993,1.3536973803177381,2725,135.8539581298828,135.80172729492188,288.0,0.052083333333333336
2726,-0.7070788396733106,1.254406801789362,2726,134.71929931640625,134.66848754882812,288.0,0.041666666666666664
2727,-0.8314645759946645,1.0387572639362734,2727,136.8483123779297,136.79713439941406,288.0,0.04513888888888889
2728,-0.7600965003464034,1.3494816635520397,2728,133.82754516601562,133.77664184570312,288.0,0.0798611111111111
2729,-0.6863385408215962,1.3090401697981542,2729,135.9877166748047,135.9365234375,288.0,0.0763888888888889
2730,-1.109007196008971,1.1659005139133416,2730,135.3319091796875,135.28106689453125,288.0,0.06597222222222222
2731,-0.90944832216464,1.2553639423287295,2731,133.87112426757812,133.81976318359375,288.0,0.06597222222222222
2732,-1.0234935950745936,1.1020849771353884,2732,131.66043090820312,131.6111297607422,288.0,0.04861111111111111
2733,-0.6167383182286597,1.0446430605505514,2733,134.897705078125,134.846923828125,288.0,0.0625
2734,-0.9802406854874223,1.1582826644977149,2734,136.9190673828125,136.86679077148438,288.0,0.07291666666666667
2735,-0.8876542476774305,1.159642360505983,2735,134.32736206054688,134.2764434814453,288.0,0.0625
2736,-1.022586903719416,1.204680022088262,2736,132.02658081054688,131.97763061523438,288.0,0.0625
2737,-0.9394238433648575,1.404822278288198,2737,134.60247802734375,134.54995727539062,288.0,0.059027777777777776
2738,-1.1835854046810463,1.1203034334642221,2738,133.66201782226562,133.6114501953125,288.0,0.052083333333333336
2739,-0.9541339479674629,1.1668525236252953,2739,133.08253479003906,133.03228759765625,288.0,0.08680555555555555
2740,-1.061375841676381,1.134723632495392,2740,134.81541442871094,134.76519775390625,288.0,0.06597222222222222
2741,-0.7379816606605171,0.8689542410002493,2741,137.8341522216797,137.78219604492188,288.0,0.059027777777777776
2742,-0.7403900208273549,0.8515740035634899,2742,133.8499755859375,133.79769897460938,288.0,0.05555555555555555
2743,-1.0898595557233017,1.1062972835450835,2743,134.150634765625,134.09939575195312,288.0,0.0798611111111111
2744,-0.957011813109109,1.3091400532529514,2744,136.3389892578125,136.28729248046875,288.0,0.059027777777777776
2745,-0.9889373694939066,0.8595657049838944,2745,129.7035369873047,129.65444946289062,288.0,0.059027777777777776
2746,-0.9825386948132713,0.9374358062380309,2746,135.46734619140625,135.41485595703125,288.0,0.05555555555555555
2747,-0.7232671807222629,0.9289871591799839,2747,132.27999877929688,132.23056030273438,288.0,0.059027777777777776
2748,-1.1343174996303516,0.9895218285672716,2748,131.87815856933594,131.82821655273438,288.0,0.07291666666666667
2749,-0.7510298457250103,0.9386918678822731,2749,134.49966430664062,134.44729614257812,288.0,0.06597222222222222
2750,-0.9161820336931432,1.4555228847932293,2750,134.2819366455078,134.2304229736328,288.0,0.06597222222222222
2751,-0.7779035170422518,1.0556793605516557,2751,133.28602600097656,133.23568725585938,288.0,0.059027777777777776
2752,-0.9245900304411424,1.3645490839174828,2752,135.41928100585938,135.3670654296875,288.0,0.08680555555555555
2753,-0.9544252301643031,1.2786183193127063,2753,134.88983154296875,134.83880615234375,288.0,0.05555555555555555
2754,-0.7549882658506019,1.4992709717489072,2754,130.49090576171875,130.44100952148438,288.0,0.06944444444444445
2755,-0.7679498781048105,0.8022259552916711,2755,135.02984619140625,134.97862243652344,288.0,0.06597222222222222
2756,-0.8455266567346009,1.331492685122747,2756,132.50250244140625,132.45098876953125,288.0,0.03819444444444445
2757,-1.0154160159072527,1.379487576380352,2757,136.8653564453125,136.81478881835938,288.0,0.09027777777777778
2758,-0.928201721682668,1.3395446386202616,2758,136.28408813476562,136.23245239257812,288.0,0.0625
2759,-0.8852382133944511,1.0836488362483288,2759,133.21990966796875,133.16964721679688,288.0,0.05555555555555555
2760,-1.1552465802755603,1.2312267994412949,2760,136.8803253173828,136.8289794921875,288.0,0.06944444444444445
2761,-0.5663089276840277,1.3424664048692887,2761,137.95391845703125,137.90235900878906,288.0,0.0763888888888889
2762,-0.9013851107930849,1.3355954374614694,2762,136.7191162109375,136.6667938232422,288.0,0.08333333333333333
2763,-0.8975590159438269,1.2939745685355515,2763,133.28875732421875,133.23782348632812,288.0,0.06944444444444445
2764,-1.155732811734673,1.2188321121900987,2764,135.84149169921875,135.7901153564453,288.0,0.052083333333333336
2765,-1.091455820948748,1.223946299761912,2765,134.3118896484375,134.25933837890625,288.0,0.08680555555555555
2766,-1.066394049449751,1.2081262417632057,2766,135.26559448242188,135.2156982421875,288.0,0.05555555555555555
2767,-0.8011425902441471,1.138779917765361,2767,134.75186157226562,134.7007293701172,288.0,0.0798611111111111
2768,-0.945520801115101,1.1438166718761433,2768,133.03659057617188,132.98553466796875,288.0,0.06597222222222222
2769,-0.8210954248281003,0.988547106211462,2769,136.51522827148438,136.4634246826172,288.0,0.041666666666666664
2770,-1.0164920105597974,1.1903584453847962,2770,134.50111389160156,134.44923400878906,288.0,0.06597222222222222
2771,-0.9394923820787854,0.8735525833117067,2771,132.2132568359375,132.16270446777344,288.0,0.041666666666666664
2772,-0.8548047502137216,1.3448147457003585,2772,133.6992645263672,133.64707946777344,288.0,0.059027777777777776
2773,-1.0110538795270751,1.3797401191220833,2773,135.95094299316406,135.89907836914062,288.0,0.059027777777777776
2774,-0.9391632314231279,1.2272446524094442,2774,134.89141845703125,134.84042358398438,288.0,0.041666666666666664
2775,-0.6776795584696733,1.226026527450122,2775,134.2384796142578,134.1881866455078,288.0,0.04513888888888889
2776,-1.0869606463727872,1.2256807865345827,2776,134.56219482421875,134.51112365722656,288.0,0.052083333333333336
2777,-1.1042457102214687,1.1407011633084583,2777,136.72933959960938,136.67755126953125,288.0,0.059027777777777776
2778,-1.0096638130794264,1.065802361320918,2778,137.47396850585938,137.4224853515625,288.0,0.06944444444444445
2779,-0.7844216160079542,1.4824743420380917,2779,135.2634735107422,135.2126922607422,288.0,0.059027777777777776
2780,-0.7081902342724568,1.0716911559257831,2780,136.42864990234375,136.37745666503906,288.0,0.09375
2781,-0.9966135337215883,1.174162314732374,2781,135.2881317138672,135.2374725341797,288.0,0.06597222222222222
2782,-1.051265242161271,1.1856307478601564,2782,135.21531677246094,135.16421508789062,288.0,0.06597222222222222
2783,-0.7364826791726016,1.3329345565549162,2783,132.6806640625,132.63107299804688,288.0,0.04861111111111111
2784,-0.8252641545419398,1.260511077968471,2784,133.95269775390625,133.90089416503906,288.0,0.05555555555555555
2785,-1.0172428954893868,1.2439716347217735,2785,135.43894958496094,135.38723754882812,288.0,0.0763888888888889
2786,-0.8767864397102898,1.3250382348792227,2786,135.94183349609375,135.89183044433594,288.0,0.04513888888888889
2787,-0.8381526177083027,0.6583182503546366,2787,136.03359985351562,135.98257446289062,288.0,0.027777777777777776
2788,-0.9436227099700969,1.2195571156273297,2788,134.47616577148438,134.42584228515625,288.0,0.04513888888888889
2789,-0.7772216729460764,1.0931323978438958,2789,135.35972595214844,135.30784606933594,288.0,0.08680555555555555
2790,-0.8044362556723041,1.1648220044998,2790,134.29837036132812,134.24752807617188,288.0,0.05555555555555555
2791,-0.8979777275053158,0.9436911294411644,2791,138.39138793945312,138.33908081054688,288.0,0.059027777777777776
2792,-0.8539664747180973,1.1554262941057865,2792,135.995849609375,135.9445343017578,288.0,0.0625
2793,-1.0179181710806249,1.261022199750934,2793,135.0284423828125,134.9776611328125,288.0,0.05555555555555555
2794,-1.1445492763230842,1.14160297691563,2794,132.76809692382812,132.71742248535156,288.0,0.05555555555555555
2795,-0.9019018202177285,1.2898176064764497,2795,132.70849609375,132.6577606201172,288.0,0.06944444444444445
2796,-0.7039916176693175,1.4081079673813923,2796,132.06993103027344,132.02085876464844,288.0,0.052083333333333336
2797,-1.033969194710441,1.3228376407197389,2797,132.51800537109375,132.46755981445312,288.0,0.0625
2798,-1.1236678279123267,0.9364175277809893,2798,133.71157836914062,133.66241455078125,288.0,0.059027777777777776
2799,-1.047038712818208,1.045060880377094,2799,132.30584716796875,132.25421142578125,288.0,0.059027777777777776
2800,-1.004186100035034,0.9902956837725881,2800,135.28775024414062,135.2357635498047,288.0,0.06944444444444445
2801,-1.2667284031972343,1.157620329649004,2801,136.5823974609375,136.5322723388672,288.0,0.059027777777777776
2802,-0.9352651930163396,1.182633971923363,2802,133.86326599121094,133.8130645751953,288.0,0.04513888888888889
2803,-1.1954980973859013,1.0366335365210566,2803,136.50625610351562,136.45602416992188,288.0,0.04861111111111111
2804,-0.7869536647131605,1.0727447979048403,2804,134.07481384277344,134.02407836914062,288.0,0.06597222222222222
2805,-0.9627499367702299,1.1137553946825123,2805,133.6273651123047,133.57650756835938,288.0,0.04513888888888889
2806,-0.8858990529204873,1.0861019125662252,2806,134.57040405273438,134.52218627929688,288.0,0.0625
2807,-0.9428713054090883,1.167930372002832,2807,132.35028076171875,132.3015594482422,288.0,0.04861111111111111
2808,-0.9985027271742989,0.9377455391641085,2808,137.02297973632812,136.97218322753906,288.0,0.04861111111111111
2809,-0.943162054284712,1.2209220941408006,2809,132.84335327148438,132.79388427734375,288.0,0.059027777777777776
2810,-1.0346888518431312,1.244185459417355,2810,135.0643768310547,135.01271057128906,288.0,0.04861111111111111
2811,-0.8528754819820313,1.1285403077523957,2811,134.1163330078125,134.06466674804688,288.0,0.0798611111111111
2812,-1.1681470249413692,1.1009097127067735,2812,134.99508666992188,134.94369506835938,288.0,0.059027777777777776
2813,-0.8896486517594416,1.322289984755489,2813,134.8533935546875,134.80087280273438,288.0,0.059027777777777776
2814,-0.912680846159377,1.2345743745533664,2814,133.98580932617188,133.9354248046875,288.0,0.06597222222222222
2815,-1.0053005223002047,1.0455522416034968,2815,133.89556884765625,133.8436279296875,288.0,0.059027777777777776
2816,-0.9404615046116871,1.0232903533909223,2816,131.82948303222656,131.7790985107422,288.0,0.05555555555555555
2817,-0.9099570728231932,1.1419931889170756,2817,132.91836547851562,132.86911010742188,288.0,0.03819444444444445
2818,-0.9574333582570422,1.0932467171300715,2818,134.07797241210938,134.02767944335938,288.0,0.0625
2819,-1.1851137202881388,1.076028329282322,2819,134.95294189453125,134.90113830566406,288.0,0.05555555555555555
2820,-0.6401547947230964,1.03170353478627,2820,134.64614868164062,134.5941162109375,288.0,0.059027777777777776
2821,-0.986417374231715,1.304979265740918,2821,136.73440551757812,136.68301391601562,288.0,0.07291666666666667
2822,-1.0974083527670426,1.068222333474074,2822,133.24826049804688,133.1971893310547,288.0,0.05555555555555555
2823,-0.6660299466421354,1.4206700691247394,2823,136.66749572753906,136.61497497558594,288.0,0.07291666666666667
2824,-0.9415624999597091,1.1997852290525566,2824,135.86102294921875,135.80947875976562,288.0,0.06597222222222222
2825,-0.9816126900199053,1.0317979105411912,2825,136.78277587890625,136.7306671142578,288.0,0.059027777777777776
2826,-0.9455799656776224,1.257664621837739,2826,132.55914306640625,132.50961303710938,288.0,0.07291666666666667
2827,-1.0830115037970554,1.029394078419809,2827,135.19772338867188,135.1461181640625,288.0,0.0625
2828,-1.2193248342463248,1.1305304459138465,2828,134.44577026367188,134.3942413330078,288.0,0.06944444444444445
2829,-1.0956243708792663,0.9874113992984546,2829,132.8526611328125,132.80062866210938,288.0,0.03125
2830,-0.7743852419051337,0.8443571518875588,2830,134.9337615966797,134.88241577148438,288.0,0.052083333333333336
2831,-0.8171880378913838,1.2726257020915295,2831,136.34906005859375,136.29666137695312,288.0,0.059027777777777776
2832,-0.8431267960079016,1.0877665543576478,2832,135.65365600585938,135.602294921875,288.0,0.06597222222222222
2833,-1.1627277652534214,1.3118320473075504,2833,136.6215057373047,136.56927490234375,288.0,0.052083333333333336
2834,-0.9698440020306934,0.83535312176048,2834,133.34591674804688,133.29400634765625,288.0,0.041666666666666664
2835,-0.9506312574516507,1.1580045123284621,2835,134.6328125,134.58131408691406,288.0,0.0625
2836,-0.7856832416277618,0.9466573964663654,2836,134.24461364746094,134.1924285888672,288.0,0.09027777777777778
2837,-1.1378069079606756,1.277210661629047,2837,136.46237182617188,136.41055297851562,288.0,0.06597222222222222
2838,-0.8926683983419186,1.2030591114000988,2838,135.6284637451172,135.57603454589844,288.0,0.05555555555555555
2839,-0.8341788657934351,0.6812632604013258,2839,133.20120239257812,133.1499481201172,288.0,0.041666666666666664
2840,-1.0529688572284053,1.1236412709963313,2840,136.23782348632812,136.1854248046875,288.0,0.06944444444444445
2841,-0.7724814451002913,1.121606878184499,2841,135.12802124023438,135.0775604248047,288.0,0.04861111111111111
2842,-1.1231795958195816,1.0702067565087714,2842,133.23052978515625,133.1788330078125,288.0,0.09027777777777778
2843,-0.9286086590100696,0.5766175950157879,2843,133.37628173828125,133.32528686523438,288.0,0.024305555555555556
2844,-0.9531123187531669,1.3436482503112301,2844,136.7157440185547,136.66409301757812,288.0,0.0625
2845,-0.9378936223500458,1.468915911609237,2845,134.4683074951172,134.41644287109375,288.0,0.059027777777777776
2846,-0.8497515018176165,1.1556050846358632,2846,132.80955505371094,132.75906372070312,288.0,0.07291666666666667
2847,-0.7259937384424148,1.2709128792630238,2847,136.69866943359375,136.6469268798828,288.0,0.04861111111111111
2848,-0.8386863606001081,0.6840976935421199,2848,131.51475524902344,131.4657745361328,288.0,0.04513888888888889
2849,-0.8289077221278737,0.8396410589964605,2849,133.6205291748047,133.57107543945312,288.0,0.04861111111111111
2850,-0.727378392065958,0.9163565662809439,2850,134.36654663085938,134.31524658203125,288.0,0.052083333333333336
2851,-0.8389951046809999,1.1422631292451793,2851,134.59683227539062,134.5455322265625,288.0,0.03819444444444445
2852,-0.9399003972644198,1.3136219556796513,2852,131.85040283203125,131.79830932617188,288.0,0.059027777777777776
2853,-0.7662759921427098,0.8174594608067907,2853,135.9296875,135.8786163330078,288.0,0.052083333333333336
2854,-0.8875378533925274,0.9770308639771611,2854,132.58607482910156,132.53408813476562,288.0,0.06597222222222222
2855,-1.076187303300651,1.151768783442315,2855,133.6512451171875,133.59954833984375,288.0,0.059027777777777776
2856,-0.840460901116162,1.2233312313758649,2856,135.98013305664062,135.92872619628906,288.0,0.059027777777777776
2857,-0.851191839781596,1.0082509269513085,2857,130.81314086914062,130.76284790039062,288.0,0.059027777777777776
2858,-1.167373955503469,1.2679431359092588,2858,134.271484375,134.2198486328125,288.0,0.027777777777777776
2859,-0.9278778864503181,1.3085916131755948,2859,133.69558715820312,133.64434814453125,288.0,0.06597222222222222
2860,-1.0286816737046272,1.1333423792882495,2860,136.1485595703125,136.09767150878906,288.0,0.04513888888888889
2861,-0.6810873536253642,1.2010340083975117,2861,133.25340270996094,133.20245361328125,288.0,0.0798611111111111
2862,-0.8871761265550876,1.1480962050665076,2862,137.11154174804688,137.05911254882812,288.0,0.059027777777777776
2863,-0.9365740573983454,1.196485126655361,2863,131.64866638183594,131.59771728515625,288.0,0.052083333333333336
2864,-0.8723788685785848,1.4218929959043625,2864,132.36080932617188,132.30908203125,288.0,0.08333333333333333
2865,-0.9208270065482823,0.896326490503243,2865,134.15066528320312,134.0996551513672,288.0,0.04513888888888889
2866,-0.8944203635606185,0.9701252569835298,2866,134.27285766601562,134.2220916748047,288.0,0.059027777777777776
2867,-0.8160010696035365,1.3603111642053771,2867,133.359375,133.3082275390625,288.0,0.041666666666666664
2868,-1.0213046794510043,1.2557049180890318,2868,133.22598266601562,133.17393493652344,288.0,0.052083333333333336
2869,-1.1954694170292166,1.156526269119901,2869,131.82455444335938,131.77349853515625,288.0,0.04513888888888889
2870,-0.9284939813834598,1.127096927605145,2870,135.61642456054688,135.56546020507812,288.0,0.06944444444444445
2871,-0.9090602780572014,1.2722983432934192,2871,136.0254669189453,135.97311401367188,288.0,0.06597222222222222
2872,-0.8974544153409545,1.0204138949270771,2872,134.5445556640625,134.49435424804688,288.0,0.05555555555555555
2873,-1.122100678980351,1.1308174531714017,2873,136.09820556640625,136.0457763671875,288.0,0.03819444444444445
2874,-0.944657605022644,1.2832868352226166,2874,131.97140502929688,131.9202423095703,288.0,0.04513888888888889
2875,-0.8186149512008485,1.3701899735072007,2875,134.54342651367188,134.49282836914062,288.0,0.05555555555555555
2876,-1.027232241864256,1.0135035586982095,2876,130.7257080078125,130.67507934570312,288.0,0.04861111111111111
2877,-1.1952005465119475,1.0035035783418065,2877,135.0150909423828,134.96385192871094,288.0,0.06944444444444445
2878,-1.03557121614616,1.1197332384389893,2878,134.48324584960938,134.43545532226562,288.0,0.06944444444444445
2879,-1.008148096646901,1.3523979059190887,2879,135.8997802734375,135.84811401367188,288.0,0.0625
2880,-0.9085516450510992,1.1271259129779754,2880,135.72991943359375,135.67843627929688,288.0,0.052083333333333336
2881,-1.2058683846807579,1.2083179753295485,2881,134.484619140625,134.43475341796875,288.0,0.08333333333333333
2882,-1.0203367389902054,1.4629804009959844,2882,134.5592041015625,134.50909423828125,288.0,0.06597222222222222
2883,-0.8269111586803368,1.500823396308681,2883,135.89251708984375,135.84164428710938,288.0,0.05555555555555555
2884,-1.2608361380409288,1.16842688386148,2884,136.12310791015625,136.07106018066406,288.0,0.0763888888888889
2885,-0.9636002657361613,1.0553393624722687,2885,135.02218627929688,134.9716339111328,288.0,0.04513888888888889
2886,-1.2208968213376814,1.007043818342487,2886,134.8515167236328,134.80059814453125,288.0,0.04513888888888889
2887,-0.7973674944794973,1.3610139395738432,2887,134.59933471679688,134.54812622070312,288.0,0.059027777777777776
2888,-0.7475535625290812,0.8812175141639148,2888,134.90579223632812,134.85533142089844,288.0,0.05555555555555555
2889,-1.1144178647654799,0.9891496135177636,2889,136.82327270507812,136.77227783203125,288.0,0.059027777777777776
2890,-0.7670335275385076,1.3446899261114003,2890,135.05386352539062,135.0043487548828,288.0,0.059027777777777776
2891,-0.8619321173083119,0.9942871782634704,2891,135.63714599609375,135.5848388671875,288.0,0.041666666666666664
2892,-0.9106988928119869,1.1572196765135085,2892,136.4923858642578,136.44174194335938,288.0,0.027777777777777776
2893,-1.1405391560116611,0.9759016143152129,2893,136.51083374023438,136.45806884765625,288.0,0.06597222222222222
2894,-0.8403778673672061,1.0138664127545747,2894,131.7705841064453,131.72061157226562,288.0,0.0763888888888889
2895,-0.8388766407331184,0.7389202517725354,2895,136.65505981445312,136.60272216796875,288.0,0.0625
2896,-0.776729098317666,0.8276473844801895,2896,132.0527801513672,132.00262451171875,288.0,0.041666666666666664
2897,-0.8462249913844122,1.0771682421999962,2897,137.56790161132812,137.51687622070312,288.0,0.059027777777777776
2898,-0.8360567675074662,1.241808349415658,2898,134.20065307617188,134.15029907226562,288.0,0.03125
2899,-1.178824197040528,1.0715766823686534,2899,135.6905517578125,135.6387939453125,288.0,0.03819444444444445
2900,-1.1933626929385543,1.130752643093591,2900,134.77239990234375,134.72084045410156,288.0,0.05555555555555555
2901,-1.1122483753360766,1.0541857669726453,2901,136.06500244140625,136.0133056640625,288.0,0.03125
2902,-1.083316461709811,1.1910811643409376,2902,135.71119689941406,135.6588134765625,288.0,0.0625
2903,-1.0371297782644868,1.1059123090498444,2903,134.2180633544922,134.16726684570312,288.0,0.0625
2904,-1.0792624946682379,0.9889076260933848,2904,135.64012145996094,135.58856201171875,288.0,0.03125
2905,-1.1791371939472564,1.036690576162535,2905,134.8739013671875,134.8223114013672,288.0,0.052083333333333336
2906,-0.8907055608703315,0.9723944049602704,2906,135.62991333007812,135.57733154296875,288.0,0.05555555555555555
2907,-1.0617286054115,1.0028928996857949,2907,133.32290649414062,133.27255249023438,288.0,0.06944444444444445
2908,-1.1394063342580756,1.0736586569852844,2908,134.96551513671875,134.91403198242188,288.0,0.06944444444444445
2909,-1.0950939321242583,0.9424999368816452,2909,135.628173828125,135.5773162841797,288.0,0.06944444444444445
2910,-0.8295173847278485,0.8308556858614777,2910,137.3271942138672,137.27578735351562,288.0,0.06597222222222222
2911,-1.0401341437930318,1.335805794077657,2911,135.9857177734375,135.934814453125,288.0,0.034722222222222224
2912,-0.8010757609388492,1.379484416656292,2912,135.21151733398438,135.16110229492188,288.0,0.03819444444444445
2913,-0.771887493489624,1.1494333065414428,2913,133.86700439453125,133.81614685058594,288.0,0.06944444444444445
2914,-0.9648389579298483,0.9365230778102351,2914,132.83615112304688,132.78457641601562,288.0,0.059027777777777776
2915,-1.0967989349149327,1.120598054606807,2915,132.0426025390625,131.9915008544922,288.0,0.06944444444444445
2916,-0.712680026806756,1.242926484777347,2916,135.7816162109375,135.72918701171875,288.0,0.05555555555555555
2917,-0.778975604316573,0.8225384581708641,2917,132.13931274414062,132.087890625,288.0,0.041666666666666664
2918,-1.0180538776681236,1.0351914406872094,2918,133.86541748046875,133.8125,288.0,0.04513888888888889
2919,-0.990037935865903,1.2658164368564022,2919,132.88836669921875,132.83682250976562,288.0,0.0763888888888889
2920,-1.0100172571992903,1.1317698335617727,2920,132.6394805908203,132.58700561523438,288.0,0.03125
2921,-0.86285591202834,1.059604105074777,2921,130.818359375,130.76925659179688,288.0,0.052083333333333336
2922,-1.15227656835685,1.1529625880398755,2922,133.8270263671875,133.7754364013672,288.0,0.052083333333333336
2923,-1.0139269907533508,0.8780507514900867,2923,136.16029357910156,136.1082763671875,288.0,0.05555555555555555
2924,-1.0371180154876047,1.1913738369374678,2924,134.72604370117188,134.6741943359375,288.0,0.06944444444444445
2925,-1.0829915114581818,1.1183785686917063,2925,132.14157104492188,132.09197998046875,288.0,0.03125
2926,-0.815400473301247,1.2896611234793551,2926,131.12118530273438,131.07107543945312,288.0,0.0763888888888889
2927,-0.7948614697392222,1.2067993141879694,2927,133.19241333007812,133.14077758789062,288.0,0.052083333333333336
2928,-1.1976549288533826,1.0081996127363868,2928,134.58299255371094,134.53091430664062,288.0,0.052083333333333336
2929,-0.9057586321404312,1.3501278954858928,2929,130.77151489257812,130.7223358154297,288.0,0.052083333333333336
2930,-0.9879650997425549,0.9356637481856904,2930,133.12661743164062,133.0755615234375,288.0,0.052083333333333336
2931,-0.9180703021643575,0.7127780796342185,2931,135.39080810546875,135.33892822265625,288.0,0.052083333333333336
2932,-1.0201127811568196,1.262387120642506,2932,134.44369506835938,134.39151000976562,288.0,0.0625
2933,-1.0143803626427728,1.2072382788686924,2933,134.69412231445312,134.64222717285156,288.0,0.059027777777777776
2934,-1.2083099900157386,1.0704734893898902,2934,135.50125122070312,135.45071411132812,288.0,0.041666666666666664
2935,-0.9283891585947752,1.2008428447364599,2935,135.07513427734375,135.0225372314453,288.0,0.05555555555555555
2936,-0.7643893188723379,1.3270581513378206,2936,135.50701904296875,135.45596313476562,288.0,0.03819444444444445
2937,-1.061020444139125,1.1693561044408178,2937,130.162353515625,130.11270141601562,288.0,0.08333333333333333
2938,-0.8120124980021497,1.1707778749227231,2938,132.57765197753906,132.52700805664062,288.0,0.05555555555555555
2939,-1.03272483247933,0.9871812848796555,2939,132.403076171875,132.35186767578125,288.0,0.04513888888888889
2940,-1.01626717028787,1.0379284547962657,2940,134.30502319335938,134.2532958984375,288.0,0.052083333333333336
2941,-0.8172979645416647,1.1306331396796723,2941,134.99130249023438,134.94149780273438,288.0,0.06944444444444445
2942,-0.8211677154885487,1.243864980202194,2942,132.53756713867188,132.48779296875,288.0,0.07291666666666667
2943,-0.9121005338740653,1.0635189229064708,2943,135.81332397460938,135.76097106933594,288.0,0.04513888888888889
2944,-0.751344337099877,1.4547886838002797,2944,132.58029174804688,132.53036499023438,288.0,0.0625
2945,-0.6849257295631617,0.9731514128129103,2945,135.4684295654297,135.41603088378906,288.0,0.03819444444444445
2946,-0.8462580665438107,1.1709583815268465,2946,136.52923583984375,136.47726440429688,288.0,0.04513888888888889
2947,-0.9223016634626826,1.3470141283340338,2947,134.78549194335938,134.7333984375,288.0,0.059027777777777776
2948,-0.8918657160568597,1.100317194383332,2948,131.56103515625,131.51226806640625,288.0,0.05555555555555555
2949,-0.8916278356136892,1.0444701306609752,2949,132.2117919921875,132.1612091064453,288.0,0.04513888888888889
2950,-1.2127387691805092,1.1550540000682707,2950,127.93488311767578,127.88631439208984,288.0,0.04513888888888889
2951,-0.8332928417439304,1.0723553949291489,2951,133.39866638183594,133.34706115722656,288.0,0.04513888888888889
2952,-0.9080849560528121,1.2776006262721646,2952,136.8530731201172,136.800048828125,288.0,0.052083333333333336
2953,-0.942309423653325,1.4154862814115723,2953,135.45103454589844,135.3993682861328,288.0,0.059027777777777776
2954,-1.1275003288147127,1.1296228505078643,2954,133.5325927734375,133.4820556640625,288.0,0.052083333333333336
2955,-1.2134067032210862,1.1268827465635347,2955,134.72390747070312,134.67164611816406,288.0,0.04861111111111111
2956,-1.015230459193806,1.0044836575822116,2956,138.15414428710938,138.10162353515625,288.0,0.0625
2957,-0.9701417703565807,1.261623282089629,2957,135.55047607421875,135.4982147216797,288.0,0.059027777777777776
2958,-0.820876363058767,1.0507306926317779,2958,132.02383422851562,131.97390747070312,288.0,0.04861111111111111
2959,-1.0314589307872803,1.353613133562337,2959,130.81832885742188,130.7679443359375,288.0,0.041666666666666664
2960,-0.9233148453708293,1.1814278004908887,2960,135.67730712890625,135.62567138671875,288.0,0.04861111111111111
2961,-0.703634611299553,1.0491597579490457,2961,137.0613555908203,137.00958251953125,288.0,0.06597222222222222
2962,-0.8277088187476811,1.0518401146074037,2962,135.09764099121094,135.0456085205078,288.0,0.052083333333333336
2963,-0.9732371988209868,1.0870677058073972,2963,131.093994140625,131.0443115234375,288.0,0.059027777777777776
2964,-0.9558011564657024,1.4221813607435458,2964,133.86624145507812,133.8149871826172,288.0,0.03819444444444445
2965,-0.9160304396791887,0.9186911068117292,2965,129.822021484375,129.77334594726562,288.0,0.04861111111111111
2966,-1.0026158631083588,0.862438863309802,2966,129.25131225585938,129.20416259765625,288.0,0.034722222222222224
2967,-0.9832777788449388,1.203949055346935,2967,130.89820861816406,130.8497314453125,288.0,0.05555555555555555
2968,-0.6568606611121983,1.2719632077299887,2968,135.6839599609375,135.63148498535156,288.0,0.059027777777777776
2969,-1.2346699972240907,1.098434773392746,2969,135.12460327148438,135.0732879638672,288.0,0.027777777777777776
2970,-1.009424177740803,1.112383276511479,2970,132.98825073242188,132.9379425048828,288.0,0.04861111111111111
2971,-0.8786563368810749,1.1495795846079344,2971,133.99501037597656,133.94406127929688,288.0,0.04861111111111111
2972,-0.9257290720253667,1.0207607792250395,2972,134.49319458007812,134.44305419921875,288.0,0.03125
2973,-0.8534423327278352,1.4181686260111661,2973,133.854248046875,133.80352783203125,288.0,0.041666666666666664
2974,-1.0591115682892278,1.2110944720802221,2974,134.5232696533203,134.47048950195312,288.0,0.08333333333333333
2975,-0.8559547017965679,0.7304734096457531,2975,135.72283935546875,135.67141723632812,288.0,0.04861111111111111
2976,-0.778856965970845,0.8215263734761933,2976,133.38198852539062,133.33079528808594,288.0,0.03819444444444445
2977,-0.8607133797376437,1.2738839221834537,2977,132.8505401611328,132.8001708984375,288.0,0.03819444444444445
2978,-1.0815674564088145,1.175683741254974,2978,130.5659637451172,130.5171356201172,288.0,0.052083333333333336
2979,-1.101117657769431,0.8736964982626544,2979,133.72821044921875,133.67807006835938,288.0,0.04861111111111111
2980,-1.1296411918627487,1.0513736272486103,2980,134.97836303710938,134.92733764648438,288.0,0.04861111111111111
2981,-0.9562615470597368,1.1117898969989342,2981,130.98707580566406,130.93801879882812,288.0,0.04861111111111111
2982,-0.8113683563930202,1.099295238091718,2982,136.53231811523438,136.48077392578125,288.0,0.04513888888888889
2983,-1.12338977505663,1.0817420203284829,2983,132.03500366210938,131.98513793945312,288.0,0.052083333333333336
2984,-1.095586732153836,1.1181890690326564,2984,130.49478149414062,130.4451904296875,288.0,0.034722222222222224
2985,-1.03432361303988,1.239162461636451,2985,133.70419311523438,133.65274047851562,288.0,0.034722222222222224
2986,-0.8724639250802081,1.2493820521017571,2986,130.58102416992188,130.5315704345703,288.0,0.04861111111111111
2987,-1.1307846814966753,0.9271854098065695,2987,133.56838989257812,133.51858520507812,288.0,0.041666666666666664
2988,-0.8046341033556484,1.3140837462948498,2988,135.00112915039062,134.95094299316406,288.0,0.0625
2989,-0.6862465785759091,1.4426559853391507,2989,131.19342041015625,131.1440887451172,288.0,0.041666666666666664
2990,-1.0364762402301824,1.2343988386774143,2990,133.0712890625,133.02052307128906,288.0,0.027777777777777776
2991,-1.099583659579996,0.9290373189144161,2991,136.87371826171875,136.82156372070312,288.0,0.04861111111111111
2992,-0.8795185022820876,0.8669948288431991,2992,134.36390686035156,134.31350708007812,288.0,0.03125
2993,-0.9163559160671171,0.9025198242983149,2993,135.83334350585938,135.78158569335938,288.0,0.04861111111111111
2994,-0.8214167800750476,0.7773851427498941,2994,133.3519744873047,133.30270385742188,288.0,0.04513888888888889
2995,-1.0304305648194618,1.2537946579343817,2995,135.15109252929688,135.09963989257812,288.0,0.041666666666666664
2996,-0.9234490827740223,1.3225808978855242,2996,136.21685791015625,136.16461181640625,288.0,0.03125
2997,-1.1344561248782687,0.9893043836483698,2997,135.78512573242188,135.73394775390625,288.0,0.020833333333333332
2998,-1.1872812385433953,1.0259361907723419,2998,135.32113647460938,135.26869201660156,288.0,0.052083333333333336
2999,-0.6548499239572422,1.0060228743442705,2999,136.62191772460938,136.57000732421875,288.0,0.059027777777777776
3000,-1.009177577816991,0.8703784620101233,3000,135.88311767578125,135.83193969726562,288.0,0.04513888888888889
3001,-0.9447779166058703,1.3091157724816558,3001,132.52249145507812,132.47210693359375,288.0,0.05555555555555555
3002,-1.2082759668851584,1.0163363530531069,3002,136.7691650390625,136.71682739257812,288.0,0.03819444444444445
3003,-0.8586254563044557,1.1438093743113038,3003,134.20187377929688,134.1525115966797,288.0,0.04513888888888889
3004,-1.1052964275530028,1.2136822924293516,3004,132.9293212890625,132.8788299560547,288.0,0.05555555555555555
3005,-0.903130661508557,0.906688378339892,3005,135.9954071044922,135.94309997558594,288.0,0.05555555555555555
3006,-0.9936543416342913,1.0382357440828092,3006,134.3804931640625,134.329345703125,288.0,0.034722222222222224
3007,-1.1459940540679563,0.9434494429246976,3007,135.60400390625,135.55133056640625,288.0,0.03819444444444445
3008,-0.813601298659388,1.2636976276604464,3008,131.70974731445312,131.6609344482422,288.0,0.041666666666666664
3009,-1.053165607696804,1.0795078382152583,3009,135.9440460205078,135.8920135498047,288.0,0.03819444444444445
3010,-0.9486405770102068,0.9583785355955774,3010,135.25485229492188,135.2031707763672,288.0,0.034722222222222224
3011,-1.014846652705076,1.3275097300995933,3011,133.82969665527344,133.77854919433594,288.0,0.06597222222222222
3012,-1.2694192796022379,1.032584899799345,3012,134.59695434570312,134.54737854003906,288.0,0.03125
3013,-0.8187821846100329,1.0263396128678428,3013,136.17703247070312,136.1258544921875,288.0,0.06597222222222222
3014,-0.8442177128069978,1.4993960682182716,3014,135.1808624267578,135.1287841796875,288.0,0.07291666666666667
3015,-0.9840525334625596,1.0478111511229264,3015,134.07846069335938,134.02755737304688,288.0,0.041666666666666664
3016,-0.6341050704274862,1.3998953635701443,3016,136.6519012451172,136.6003875732422,288.0,0.059027777777777776
3017,-0.9616410951441776,0.6642134597330615,3017,135.0634765625,135.01156616210938,288.0,0.04513888888888889
3018,-1.0085288751260992,0.9269598582978993,3018,133.49684143066406,133.4456787109375,288.0,0.04513888888888889
3019,-1.0185695475464198,1.0282213688000683,3019,136.1540069580078,136.10198974609375,288.0,0.020833333333333332
3020,-1.0637118469801783,1.078129242140607,3020,133.22164916992188,133.17013549804688,288.0,0.07291666666666667
3021,-1.0476507672933804,1.0942603103449082,3021,135.04623413085938,134.9945831298828,288.0,0.059027777777777776
3022,-1.1741374656758845,1.1361625796389825,3022,136.01260375976562,135.96034240722656,288.0,0.041666666666666664
3023,-0.6308060588782687,1.2135448424370692,3023,136.2415771484375,136.19134521484375,288.0,0.041666666666666664
3024,-1.1545142271049824,1.1509781985560714,3024,135.06472778320312,135.01223754882812,288.0,0.06597222222222222
3025,-0.8108727833679281,1.1213670703641092,3025,135.20614624023438,135.1548614501953,288.0,0.03819444444444445
3026,-0.9997984855957481,1.1666348310904513,3026,132.37257385253906,132.32220458984375,288.0,0.052083333333333336
3027,-0.9866917274637029,1.0358192920413416,3027,135.97140502929688,135.92041015625,288.0,0.041666666666666664
3028,-1.07479919380284,0.9390889253939497,3028,132.61207580566406,132.56307983398438,288.0,0.059027777777777776
3029,-0.8722891635773036,1.341164741003258,3029,134.60964965820312,134.55972290039062,288.0,0.05555555555555555
3030,-0.7655262314305756,1.2174931384870191,3030,131.1777801513672,131.12725830078125,288.0,0.04513888888888889
3031,-0.96453769226093,1.249992712463234,3031,136.60606384277344,136.55502319335938,288.0,0.03125
3032,-0.8613311520392489,0.9640742442177753,3032,136.4554443359375,136.4040069580078,288.0,0.034722222222222224
3033,-1.1809184348339041,1.0755386490794594,3033,132.88351440429688,132.83346557617188,288.0,0.03125
3034,-0.9956944276609332,1.0986530254479536,3034,133.39804077148438,133.34657287597656,288.0,0.059027777777777776
3035,-0.8696589418683036,0.6381578758055739,3035,134.92727661132812,134.8764190673828,288.0,0.027777777777777776
3036,-1.065655570769656,1.1709186704714287,3036,129.41360473632812,129.36419677734375,288.0,0.041666666666666664
3037,-0.7908509322966277,1.346910773595211,3037,133.4622039794922,133.41195678710938,288.0,0.04861111111111111
3038,-0.8470307154312321,1.3178097899406829,3038,138.00390625,137.95217895507812,288.0,0.03819444444444445
3039,-0.8458052693431141,0.6979524453376088,3039,133.20301818847656,133.1529998779297,288.0,0.04513888888888889
3040,-0.9887735705680742,1.0785626711530263,3040,134.06805419921875,134.0159912109375,288.0,0.027777777777777776
3041,-0.9131028793635134,1.3129622517600774,3041,135.51939392089844,135.46768188476562,288.0,0.05555555555555555
3042,-0.7902887459643462,0.8474108347027394,3042,134.10250854492188,134.05120849609375,288.0,0.041666666666666664
3043,-0.7850407722917405,0.8259451966730492,3043,133.25259399414062,133.20066833496094,288.0,0.05555555555555555
3044,-1.0088638754477703,1.302165379675384,3044,129.65838623046875,129.60731506347656,288.0,0.0625
3045,-0.8294350217926466,1.090411299831025,3045,135.18368530273438,135.1339111328125,288.0,0.06944444444444445
3046,-1.0676349352882717,0.9810059894842682,3046,132.90042114257812,132.84889221191406,288.0,0.041666666666666664
3047,-1.039802119432059,1.1151920731461837,3047,136.5164794921875,136.46377563476562,288.0,0.04861111111111111
3048,-0.9624628576524723,1.2971169341409836,3048,134.0767822265625,134.025390625,288.0,0.03819444444444445
3049,-0.7304225521908355,1.3424809730766876,3049,134.23727416992188,134.18702697753906,288.0,0.059027777777777776
3050,-0.8467756293496054,1.3749442430694503,3050,135.18063354492188,135.12777709960938,288.0,0.05555555555555555
3051,-1.2412145474420009,1.0787037844978287,3051,133.49826049804688,133.44688415527344,288.0,0.04513888888888889
3052,-1.1312611065822953,1.1080344561162219,3052,133.73379516601562,133.68304443359375,288.0,0.027777777777777776
3053,-0.7117253008713017,0.9239720782796086,3053,135.0884246826172,135.0364227294922,288.0,0.059027777777777776
3054,-1.1740249426852574,1.0700466968712308,3054,134.77308654785156,134.7224578857422,288.0,0.0625
3055,-0.7421228465860347,1.3674904919665798,3055,133.32791137695312,133.27635192871094,288.0,0.052083333333333336
3056,-1.0657764085699606,1.139219626680366,3056,133.19444274902344,133.14266967773438,288.0,0.04513888888888889
3057,-0.7555976109362562,0.8624950035292459,3057,132.5877685546875,132.53729248046875,288.0,0.05555555555555555
3058,-0.9765939652805768,0.9533133999490514,3058,132.222900390625,132.171142578125,288.0,0.041666666666666664
3059,-0.996008068341101,1.055278861383931,3059,135.0123291015625,134.96188354492188,288.0,0.052083333333333336
3060,-1.1347200943926632,1.145282871958532,3060,134.50132751464844,134.45188903808594,288.0,0.06597222222222222
3061,-0.8511596383217915,0.9928663415865299,3061,131.94439697265625,131.8933563232422,288.0,0.052083333333333336
3062,-0.8931840541313851,1.1170796828090819,3062,129.52316284179688,129.47288513183594,288.0,0.04861111111111111
3063,-1.0888660329747075,1.1062426065135103,3063,131.90841674804688,131.85836791992188,288.0,0.052083333333333336
3064,-0.7815020354337793,1.165052067534432,3064,135.0710906982422,135.01898193359375,288.0,0.04513888888888889
3065,-1.2243936266342672,1.0351138180739066,3065,134.71798706054688,134.66650390625,288.0,0.03819444444444445
3066,-0.7872433962170551,1.274619275483011,3066,135.37619018554688,135.32432556152344,288.0,0.034722222222222224
3067,-1.072668092348855,1.1225220411177066,3067,131.7694091796875,131.71803283691406,288.0,0.04513888888888889
3068,-1.0539009256372232,1.1225111099673246,3068,134.04632568359375,133.99630737304688,288.0,0.04513888888888889
3069,-0.7323674892012897,1.1229332766819156,3069,133.82785034179688,133.77578735351562,288.0,0.05555555555555555
3070,-1.0706355194906547,1.04945538059651,3070,133.5336151123047,133.48309326171875,288.0,0.0625
3071,-1.1681982284717274,1.1205234248681037,3071,133.50901794433594,133.45826721191406,288.0,0.05555555555555555
3072,-1.0372184867662373,1.1064189045101434,3072,132.86532592773438,132.81411743164062,288.0,0.041666666666666664
3073,-1.075084248123365,1.029017948036061,3073,133.94093322753906,133.889404296875,288.0,0.034722222222222224
3074,-0.9938689368164417,1.1112158945853816,3074,135.31814575195312,135.26580810546875,288.0,0.03125
3075,-1.1667245251252223,0.9704503557921359,3075,133.7027587890625,133.65179443359375,288.0,0.03819444444444445
3076,-0.8107715553651348,1.065316875423072,3076,134.4285125732422,134.3767852783203,288.0,0.052083333333333336
3077,-0.8129312797652148,1.046668026994994,3077,132.92230224609375,132.87152099609375,288.0,0.059027777777777776
3078,-1.0423278702201597,1.0145773621504457,3078,134.2900390625,134.24037170410156,288.0,0.03125
3079,-1.0867305112376637,1.234297216495892,3079,133.46072387695312,133.41070556640625,288.0,0.03125
3080,-1.1184691814784575,1.12125033660463,3080,133.8669891357422,133.81536865234375,288.0,0.03125
3081,-1.1371232748256803,1.0157957621488973,3081,134.56710815429688,134.51544189453125,288.0,0.03125
3082,-1.0966887032821335,1.032637313154502,3082,132.99258422851562,132.941650390625,288.0,0.05555555555555555
3083,-0.9273355539904942,1.2509302121855386,3083,132.63328552246094,132.58273315429688,288.0,0.052083333333333336
3084,-0.8391249056919491,0.6904792518605871,3084,135.80587768554688,135.7547149658203,288.0,0.03819444444444445
3085,-0.9035851973958933,1.221099206191412,3085,136.49119567871094,136.43939208984375,288.0,0.03819444444444445
3086,-1.1465088096394187,1.0167081012250754,3086,131.63150024414062,131.5806884765625,288.0,0.027777777777777776
3087,-1.1516658844928456,1.2772023897295737,3087,133.129638671875,133.0809326171875,288.0,0.04861111111111111
3088,-0.9775582429068123,1.1396705603675443,3088,133.27481079101562,133.22415161132812,288.0,0.03125
3089,-0.9769388926139944,1.042818648627151,3089,136.24208068847656,136.19081115722656,288.0,0.027777777777777776
3090,-0.9824482328998404,1.211078792014675,3090,129.59573364257812,129.54737854003906,288.0,0.059027777777777776
3091,-1.0262838673521888,1.088949694192998,3091,137.75344848632812,137.7017059326172,288.0,0.041666666666666664
3092,-1.198831453421538,1.0128926126148183,3092,134.79168701171875,134.74107360839844,288.0,0.05555555555555555
3093,-0.8275944000156689,1.0329352567079813,3093,137.30709838867188,137.2554931640625,288.0,0.03819444444444445
3094,-0.8826217031068432,1.2965274028977165,3094,133.51889038085938,133.4676513671875,288.0,0.034722222222222224
3095,-0.6306461808537875,1.0444924193225762,3095,134.04852294921875,133.99810791015625,288.0,0.03819444444444445
3096,-0.9851284359201862,1.0694698516151229,3096,129.79266357421875,129.74472045898438,288.0,0.04861111111111111
3097,-0.9177715899272272,1.0756198989668952,3097,135.63970947265625,135.58807373046875,288.0,0.04861111111111111
3098,-1.1444182054866658,1.0171193153074622,3098,135.80810546875,135.756591796875,288.0,0.03125
3099,-0.7688993600079408,1.1562877310219675,3099,133.99301147460938,133.94155883789062,288.0,0.04861111111111111
3100,-0.9820803695915035,0.7501858882760005,3100,131.33135986328125,131.28321838378906,288.0,0.034722222222222224
3101,-0.9729110943413242,1.1563567478827796,3101,133.66751098632812,133.61607360839844,288.0,0.034722222222222224
3102,-0.9675728987939185,0.9506937694621235,3102,135.08258056640625,135.03057861328125,288.0,0.04513888888888889
3103,-1.0964569702596672,0.9721590630514008,3103,135.20188903808594,135.15078735351562,288.0,0.04861111111111111
3104,-0.9716051074627106,1.3657351085945242,3104,133.58169555664062,133.53173828125,288.0,0.06597222222222222
3105,-0.8342363537642213,1.1821477845574504,3105,134.6632537841797,134.6117401123047,288.0,0.04513888888888889
3106,-0.7786762155067781,1.1114422966665654,3106,136.84124755859375,136.78955078125,288.0,0.04861111111111111
3107,-0.9219359741928614,1.0748910124631426,3107,134.36114501953125,134.31082153320312,288.0,0.06944444444444445
3108,-0.9926199218860029,1.1667067993671514,3108,135.51966857910156,135.46902465820312,288.0,0.034722222222222224
3109,-0.9852188756885761,0.9471182025279683,3109,135.95339965820312,135.90109252929688,288.0,0.020833333333333332
3110,-1.187301666290052,1.127619814130247,3110,135.82339477539062,135.77157592773438,288.0,0.06597222222222222
3111,-0.9177885678397524,1.319290313898971,3111,135.38308715820312,135.33111572265625,288.0,0.041666666666666664
3112,-0.9070317080073598,1.0903940708557596,3112,133.6094512939453,133.55862426757812,288.0,0.04861111111111111
3113,-0.911897095361556,0.9426180703978236,3113,130.36224365234375,130.3121795654297,288.0,0.04513888888888889
3114,-0.8871276600270476,1.1259398446365585,3114,135.19357299804688,135.1444091796875,288.0,0.027777777777777776
3115,-0.9724528725676104,1.1761878174410716,3115,137.2567138671875,137.20404052734375,288.0,0.034722222222222224
3116,-0.8287722713249901,1.0500033864906053,3116,136.765869140625,136.71328735351562,288.0,0.052083333333333336
3117,-0.8672596030097149,1.1383280961659552,3117,135.8299102783203,135.77883911132812,288.0,0.024305555555555556
3118,-1.1482450203799668,0.9565154129742012,3118,135.39920043945312,135.34730529785156,288.0,0.04861111111111111
3119,-1.0172462778286038,1.1335976296543395,3119,136.63815307617188,136.58551025390625,288.0,0.04513888888888889
3120,-0.8477512683401565,1.023348196143443,3120,132.68202209472656,132.63226318359375,288.0,0.052083333333333336
3121,-1.067159081624815,0.9531034391651609,3121,134.67794799804688,134.62611389160156,288.0,0.059027777777777776
3122,-0.7292309782506309,1.2692313155693806,3122,134.81871032714844,134.7666473388672,288.0,0.04513888888888889
3123,-0.9476257020721829,1.034707292413696,3123,133.25881958007812,133.20968627929688,288.0,0.03819444444444445
3124,-1.2393225957596512,1.154488145066226,3124,135.15391540527344,135.10214233398438,288.0,0.05555555555555555
3125,-0.8686158876870792,1.0499389767213754,3125,134.9256134033203,134.87359619140625,288.0,0.034722222222222224
3126,-1.0447579535353806,0.9255247261711234,3126,132.8749542236328,132.82371520996094,288.0,0.013888888888888888
3127,-0.6760029555796636,1.046964540684128,3127,136.6304168701172,136.57789611816406,288.0,0.0625
3128,-0.9506755291888324,1.1878282183167734,3128,134.9285888671875,134.87564086914062,288.0,0.03819444444444445
3129,-0.8494831903621941,1.3453337722880638,3129,135.30206298828125,135.25086975097656,288.0,0.024305555555555556
3130,-1.0145975110150978,0.7972927015511486,3130,132.42276000976562,132.37408447265625,288.0,0.020833333333333332
3131,-0.8182837451386423,0.7354418545074601,3131,134.38351440429688,134.3319091796875,288.0,0.041666666666666664
3132,-1.015722223603712,1.1942412474652695,3132,133.7714385986328,133.7212677001953,288.0,0.052083333333333336
3133,-0.7549620062554703,0.8993291029195877,3133,132.64093017578125,132.5897216796875,288.0,0.041666666666666664
3134,-0.972899007331873,1.1110611352863005,3134,137.06915283203125,137.01705932617188,288.0,0.03819444444444445
3135,-1.0763328189477006,1.1806399375328724,3135,136.2796173095703,136.2273406982422,288.0,0.03819444444444445
3136,-0.9960325410902003,1.2766889262399432,3136,135.71023559570312,135.65850830078125,288.0,0.059027777777777776
3137,-1.0912044230808462,1.226733825262954,3137,129.74172973632812,129.69284057617188,288.0,0.03819444444444445
3138,-1.0551907061579793,1.2331166399104807,3138,135.06985473632812,135.0181427001953,288.0,0.04861111111111111
3139,-0.9453155964564756,1.1253077384941987,3139,133.94866943359375,133.89723205566406,288.0,0.052083333333333336
3140,-0.9749344964221714,1.0991514207147388,3140,136.43417358398438,136.38214111328125,288.0,0.03819444444444445
3141,-0.9759149568986751,1.1450707872653219,3141,130.25259399414062,130.20147705078125,288.0,0.03819444444444445
3142,-0.9133973700957311,1.0610124648661268,3142,133.53811645507812,133.48635864257812,288.0,0.07291666666666667
3143,-0.9035905610302252,1.0363800177446394,3143,136.92591857910156,136.8740692138672,288.0,0.03819444444444445
3144,-0.7791179147605871,1.0395860806398682,3144,134.93231201171875,134.880126953125,288.0,0.0625
3145,-0.8355000987574461,1.3645588719279251,3145,134.93695068359375,134.88519287109375,288.0,0.04861111111111111
3146,-1.1904008811347322,0.9664599356546264,3146,133.45004272460938,133.3995361328125,288.0,0.034722222222222224
3147,-0.8816314401033982,1.0748733872529248,3147,132.13687133789062,132.08641052246094,288.0,0.027777777777777776
3148,-0.9984088795314826,1.1977801387610538,3148,134.853515625,134.80258178710938,288.0,0.04861111111111111
3149,-1.1325117467923596,1.0823983116613867,3149,135.21005249023438,135.15794372558594,288.0,0.034722222222222224
3150,-0.9562811425613338,0.8912897824939705,3150,136.74981689453125,136.69805908203125,288.0,0.0625
3151,-0.8530240183285189,1.2248469662269048,3151,134.45986938476562,134.40919494628906,288.0,0.041666666666666664
3152,-1.015133766045482,1.0330092282791024,3152,134.48573303222656,134.43499755859375,288.0,0.04861111111111111
3153,-0.8070507307668375,0.7411105184747677,3153,136.24551391601562,136.1942138671875,288.0,0.03125
3154,-1.113620753388197,1.1228409972503957,3154,136.47933959960938,136.42808532714844,288.0,0.0625
3155,-0.898821385879057,1.088086640943246,3155,134.17379760742188,134.12249755859375,288.0,0.041666666666666664
3156,-0.6434000541160858,0.9860469628515269,3156,133.962646484375,133.91143798828125,288.0,0.04513888888888889
3157,-1.1681409249883263,0.9502212299503923,3157,133.61093139648438,133.5618438720703,288.0,0.04861111111111111
3158,-0.9162557034095278,1.2220343865060743,3158,133.3136749267578,133.26365661621094,288.0,0.03125
3159,-1.0173129635879163,1.39081417013133,3159,133.9449920654297,133.89443969726562,288.0,0.03819444444444445
3160,-0.996294312657478,1.2446854023238385,3160,137.69970703125,137.64776611328125,288.0,0.04513888888888889
3161,-1.087696690833929,1.0514923958332552,3161,136.40509033203125,136.3533172607422,288.0,0.03125
3162,-0.9884184097705584,1.1790005202597538,3162,137.4506072998047,137.39956665039062,288.0,0.052083333333333336
3163,-1.0604848032308698,1.1811218770212157,3163,131.88241577148438,131.832275390625,288.0,0.04513888888888889
3164,-0.851180904973754,0.6597420074959734,3164,133.23785400390625,133.187255859375,288.0,0.024305555555555556
3165,-0.7319735949348554,0.8932075099441883,3165,134.6111297607422,134.56092834472656,288.0,0.052083333333333336
3166,-0.8530763891089495,1.1441006400846896,3166,134.39169311523438,134.33990478515625,288.0,0.013888888888888888
3167,-0.7703461054141376,1.2475488815913656,3167,135.546142578125,135.49545288085938,288.0,0.0625
3168,-0.9912656663974337,1.192560050273903,3168,134.0624237060547,134.01251220703125,288.0,0.03125
3169,-0.7523553031913579,1.2934693993003974,3169,134.57305908203125,134.52188110351562,288.0,0.034722222222222224
3170,-0.9145456814680443,1.0609712353535716,3170,132.88491821289062,132.83419799804688,288.0,0.04513888888888889
3171,-1.143680995830399,0.9978669773983787,3171,135.55711364746094,135.50775146484375,288.0,0.05555555555555555
3172,-1.0348837869920193,1.1614277849394776,3172,137.04544067382812,136.9955596923828,288.0,0.03125
3173,-1.2191839475382302,1.0465097080829195,3173,136.33505249023438,136.28294372558594,288.0,0.041666666666666664
3174,-0.9438871377171599,0.362631735208581,3174,135.65167236328125,135.60061645507812,288.0,0.024305555555555556
3175,-1.0213761392318739,1.267553395992399,3175,130.99705505371094,130.9478759765625,288.0,0.0625
3176,-1.2144109884534398,1.116233565779627,3176,132.5064697265625,132.45684814453125,288.0,0.052083333333333336
3177,-0.7149098317397261,1.1909729987660795,3177,135.8821258544922,135.83255004882812,288.0,0.03125
3178,-1.0193851549397253,1.3594149377601275,3178,136.0215606689453,135.97030639648438,288.0,0.034722222222222224
3179,-0.8309676910685759,1.1593257899079488,3179,134.9283447265625,134.87660217285156,288.0,0.041666666666666664
3180,-0.9444232613179895,1.0854361683922134,3180,130.435791015625,130.38693237304688,288.0,0.052083333333333336
3181,-0.8581214633327056,1.0599966125101294,3181,133.4718017578125,133.42135620117188,288.0,0.052083333333333336
3182,-0.828090565388337,1.0911976474042502,3182,134.48435974121094,134.43402099609375,288.0,0.027777777777777776
3183,-0.6572583973202369,1.3394330854722019,3183,134.73963928222656,134.6897735595703,288.0,0.059027777777777776
3184,-0.7075151211591809,1.2778456067828643,3184,132.66836547851562,132.6190643310547,288.0,0.034722222222222224
3185,-0.7980008981493009,0.987300651545236,3185,132.38973999023438,132.33978271484375,288.0,0.010416666666666666
3186,-1.0763979039536495,1.1391191870955233,3186,136.68408203125,136.63238525390625,288.0,0.03819444444444445
3187,-0.8708996060931247,1.184249781063699,3187,135.5126953125,135.46087646484375,288.0,0.017361111111111112
3188,-0.9198841029759544,1.0592073944067464,3188,134.73159790039062,134.68084716796875,288.0,0.05555555555555555
3189,-1.0245520507076131,1.016183806815978,3189,135.22372436523438,135.17359924316406,288.0,0.052083333333333336
3190,-1.0027619416971223,0.7501436421033574,3190,133.64166259765625,133.59054565429688,288.0,0.024305555555555556
3191,-0.9638336933760578,1.1115912181793781,3191,132.77993774414062,132.72930908203125,288.0,0.034722222222222224
3192,-1.1453994014739308,1.0215722905599642,3192,132.92398071289062,132.87277221679688,288.0,0.034722222222222224
3193,-0.8993993509119238,1.267124407794416,3193,134.69639587402344,134.64401245117188,288.0,0.052083333333333336
3194,-0.7711071503846002,1.424117743758872,3194,135.39027404785156,135.33810424804688,288.0,0.05555555555555555
3195,-0.9821657643949074,0.979876380081682,3195,135.06838989257812,135.01698303222656,288.0,0.04513888888888889
3196,-0.86384751085835,1.2581491507261255,3196,135.59039306640625,135.53895568847656,288.0,0.059027777777777776
3197,-1.0173482567397611,1.0820431088675249,3197,131.55267333984375,131.50143432617188,288.0,0.03125
3198,-0.8680266019059438,0.6252119878174797,3198,133.22462463378906,133.17457580566406,288.0,0.03125
3199,-0.7570122521670436,1.1852108743956244,3199,136.7852020263672,136.732666015625,288.0,0.041666666666666664
3200,-1.0531406041383304,0.9052214573212565,3200,134.2257843017578,134.17559814453125,288.0,0.020833333333333332
3201,-0.9608897706101386,0.9203887208137922,3201,135.31558227539062,135.2637939453125,288.0,0.034722222222222224
3202,-0.8625449874363635,0.7608132589241062,3202,133.54385375976562,133.49197387695312,288.0,0.013888888888888888
3203,-0.9898703593204868,1.054066110934587,3203,136.32501220703125,136.27349853515625,288.0,0.052083333333333336
3204,-0.8646932011913151,0.6281267867167276,3204,132.45094299316406,132.40060424804688,288.0,0.03125
3205,-0.9429476870690038,1.04348765827174,3205,132.80154418945312,132.750732421875,288.0,0.03819444444444445
3206,-1.0108255268157857,1.1200744195948098,3206,129.7510223388672,129.7009735107422,288.0,0.017361111111111112
3207,-0.9808123364598992,1.17513080572504,3207,134.3812255859375,134.3291778564453,288.0,0.041666666666666664
3208,-1.0200796913436656,1.144555635445141,3208,133.9357452392578,133.88504028320312,288.0,0.03125
3209,-0.8553941558546384,1.1720293359929197,3209,132.426513671875,132.37559509277344,288.0,0.04513888888888889
3210,-1.0190109899861157,1.1505129332071766,3210,134.46339416503906,134.41143798828125,288.0,0.024305555555555556
3211,-1.0203893675367417,0.9616753891570868,3211,134.22323608398438,134.17367553710938,288.0,0.041666666666666664
3212,-1.0920028777082165,1.1254872985280846,3212,136.91622924804688,136.86463928222656,288.0,0.034722222222222224
3213,-0.7764113721408665,1.1678851519722435,3213,134.29736328125,134.2456817626953,288.0,0.041666666666666664
3214,-0.8951074734994356,1.3629224586679773,3214,136.7578125,136.70547485351562,288.0,0.034722222222222224
3215,-0.8533481153278538,1.2515965273279428,3215,133.54147338867188,133.489013671875,288.0,0.04861111111111111
3216,-0.795982507895746,1.3490189448311996,3216,133.7410888671875,133.68988037109375,288.0,0.041666666666666664
3217,-0.7645316048730891,1.258434312330454,3217,131.12741088867188,131.07879638671875,288.0,0.04861111111111111
3218,-0.8196838128373897,0.9728566976931511,3218,133.38555908203125,133.33518981933594,288.0,0.04861111111111111
3219,-0.9279993556652728,1.3856736765921238,3219,135.75436401367188,135.70375061035156,288.0,0.052083333333333336
3220,-0.8143708579170134,1.0600933599679188,3220,136.68846130371094,136.6365203857422,288.0,0.03819444444444445
3221,-0.9805499534655868,1.3834052912205386,3221,136.4468994140625,136.39498901367188,288.0,0.03125
3222,-0.6581134021556161,1.219558497598212,3222,136.0703125,136.01846313476562,288.0,0.052083333333333336
3223,-0.7539892276621598,1.1003322654882246,3223,132.11683654785156,132.06710815429688,288.0,0.04861111111111111
3224,-0.9257830348771717,1.2426618142168104,3224,137.81069946289062,137.7582550048828,288.0,0.059027777777777776
3225,-1.141506392537309,1.0274440809303667,3225,136.82733154296875,136.775146484375,288.0,0.010416666666666666
3226,-1.0246274803101212,1.087620448106875,3226,135.04006958007812,134.9888916015625,288.0,0.03819444444444445
3227,-1.133314940245224,1.262668139203064,3227,136.26783752441406,136.2164306640625,288.0,0.0625
3228,-0.9609603207916249,0.9879149142726193,3228,133.09280395507812,133.04067993164062,288.0,0.04513888888888889
3229,-0.9823229177253694,1.126777054515538,3229,134.2440643310547,134.1937255859375,288.0,0.027777777777777776
3230,-0.8731219953144236,0.6511304154053985,3230,133.65948486328125,133.6099090576172,288.0,0.024305555555555556
3231,-0.9322990031640322,1.3066513958717338,3231,135.56358337402344,135.5120849609375,288.0,0.03125
3232,-1.0920587275956568,1.1400374365993593,3232,135.4498748779297,135.39840698242188,288.0,0.027777777777777776
3233,-0.9994548335882354,1.0538295126758317,3233,135.84323120117188,135.7904052734375,288.0,0.024305555555555556
3234,-0.9523193463442419,1.2115518657171198,3234,132.9720001220703,132.9215087890625,288.0,0.04513888888888889
3235,-0.8524937992483536,1.3092968260685975,3235,136.00445556640625,135.952392578125,288.0,0.04513888888888889
3236,-1.036593102988149,0.8245902638093399,3236,134.58831787109375,134.53761291503906,288.0,0.010416666666666666
3237,-0.8783539934095855,1.0600345904674662,3237,137.960205078125,137.90890502929688,288.0,0.024305555555555556
3238,-0.8597532393613858,0.9877817764919314,3238,134.31198120117188,134.2603759765625,288.0,0.04513888888888889
3239,-1.0409896946348447,1.2223852803156279,3239,135.66812133789062,135.6153564453125,288.0,0.027777777777777776
3240,-1.0033604372732026,0.9326529767208156,3240,137.3026580810547,137.2498016357422,288.0,0.034722222222222224
3241,-1.1211615156132078,1.1343155377696736,3241,135.85792541503906,135.80670166015625,288.0,0.034722222222222224
3242,-1.2323958078244706,1.1377712723952318,3242,133.67431640625,133.62350463867188,288.0,0.0625
3243,-1.045433541540469,1.166638102574399,3243,135.15774536132812,135.10740661621094,288.0,0.027777777777777776
3244,-0.9090342232003891,1.2836200998776341,3244,135.2942657470703,135.2423553466797,288.0,0.017361111111111112
3245,-0.8619164774683362,1.1221185144250998,3245,135.22174072265625,135.169921875,288.0,0.03125
3246,-0.6922437731379212,1.4182696178657677,3246,134.68759155273438,134.63633728027344,288.0,0.041666666666666664
3247,-1.0892319746991816,1.2085748604236737,3247,134.80776977539062,134.75753784179688,288.0,0.04513888888888889
3248,-1.0379742578241244,1.238404909707285,3248,135.834716796875,135.78387451171875,288.0,0.052083333333333336
3249,-0.9087046257177334,1.0538925023943493,3249,134.58351135253906,134.53196716308594,288.0,0.03819444444444445
3250,-0.959640252459387,1.209904538604173,3250,133.82542419433594,133.77496337890625,288.0,0.017361111111111112
3251,-1.175019688110426,1.1624916334403257,3251,136.3673553466797,136.317138671875,288.0,0.041666666666666664
3252,-0.8471540636970784,0.923833450353246,3252,134.16290283203125,134.1129150390625,288.0,0.05555555555555555
3253,-1.036460051471578,1.32643074816842,3253,133.36367797851562,133.31234741210938,288.0,0.04513888888888889
3254,-0.8602861954751225,1.231686271006812,3254,135.08563232421875,135.03553771972656,288.0,0.05555555555555555
3255,-1.099684187574068,1.196015436648652,3255,133.23977661132812,133.18959045410156,288.0,0.03125
3256,-0.8909402250058053,1.06995916722441,3256,133.49545288085938,133.44432067871094,288.0,0.03819444444444445
3257,-0.9281769923552718,1.349087150687491,3257,135.41676330566406,135.3660888671875,288.0,0.041666666666666664
3258,-1.2497278272197316,1.217479383998518,3258,135.06227111816406,135.0110626220703,288.0,0.034722222222222224
3259,-1.002328624845905,0.8643031544023239,3259,134.2069091796875,134.15528869628906,288.0,0.052083333333333336
3260,-0.9432983852321899,1.2961586688672908,3260,135.77877807617188,135.72653198242188,288.0,0.03125
3261,-1.1305336085842101,1.0744114754947844,3261,133.02252197265625,132.971435546875,288.0,0.059027777777777776
3262,-0.7947886963513501,0.7780715188756897,3262,133.51516723632812,133.4637451171875,288.0,0.041666666666666664
3263,-0.8842514552467831,1.336773247530443,3263,136.00543212890625,135.95399475097656,288.0,0.03819444444444445
3264,-0.7728352439201114,0.9036775707588818,3264,130.96923828125,130.91943359375,288.0,0.013888888888888888
3265,-0.8217991522722163,1.1599350085954443,3265,131.93255615234375,131.8834228515625,288.0,0.04861111111111111
3266,-0.9366869511601978,1.2029719495888764,3266,133.41653442382812,133.36692810058594,288.0,0.027777777777777776
3267,-1.0161711085464151,1.282864929442646,3267,134.87240600585938,134.82177734375,288.0,0.03819444444444445
3268,-1.1779281271222455,0.9914912659046762,3268,132.83790588378906,132.7864990234375,288.0,0.03819444444444445
3269,-1.0621986663533876,1.0744649869157596,3269,135.79991149902344,135.74961853027344,288.0,0.04861111111111111
3270,-0.6500834474116434,1.3028571898499934,3270,135.86334228515625,135.81187438964844,288.0,0.04861111111111111
3271,-1.034000842873026,0.9508100904135207,3271,136.2572479248047,136.20550537109375,288.0,0.027777777777777776
3272,-0.8768268341442993,1.201111141920375,3272,134.7047119140625,134.65505981445312,288.0,0.03819444444444445
3273,-0.992928745234161,0.9908660467732191,3273,137.08973693847656,137.03900146484375,288.0,0.03125
3274,-0.9366976078858625,1.0450533372153235,3274,136.7834930419922,136.73193359375,288.0,0.03819444444444445
3275,-0.9015350657012292,1.3908975644364336,3275,134.0032501220703,133.95297241210938,288.0,0.024305555555555556
3276,-0.9634879286997986,1.1792069832648095,3276,134.77606201171875,134.72491455078125,288.0,0.024305555555555556
3277,-1.006725890787604,1.127161125008198,3277,134.345458984375,134.2938232421875,288.0,0.04861111111111111
3278,-0.8524565095526769,1.122797372355173,3278,135.15025329589844,135.09983825683594,288.0,0.052083333333333336
3279,-1.1286608327908465,1.1027204164198037,3279,137.78651428222656,137.73394775390625,288.0,0.020833333333333332
3280,-0.8567997493312632,1.2982125319854139,3280,135.31053161621094,135.25865173339844,288.0,0.041666666666666664
3281,-1.0542715729903085,0.9952970930163992,3281,135.5114288330078,135.46035766601562,288.0,0.041666666666666664
3282,-0.7376109331079524,1.1265796786993925,3282,134.8953857421875,134.84384155273438,288.0,0.052083333333333336
3283,-1.039709471943909,1.0599779222747765,3283,136.07611083984375,136.02537536621094,288.0,0.024305555555555556
3284,-1.0089851079834398,1.178509939666719,3284,135.79229736328125,135.74029541015625,288.0,0.034722222222222224
3285,-0.9645878965044761,1.3193562303399788,3285,132.69252014160156,132.6415252685547,288.0,0.03125
3286,-0.9340243955799886,1.0577604027993641,3286,135.6529083251953,135.60043334960938,288.0,0.03125
3287,-0.7334176896252514,0.8830364949175282,3287,134.40843200683594,134.357666015625,288.0,0.04861111111111111
3288,-1.0565421756448856,0.6854439205354946,3288,134.0357208251953,133.98385620117188,288.0,0.010416666666666666
3289,-0.9683313601206905,0.5416720435614076,3289,131.00814819335938,130.9584503173828,288.0,0.03125
3290,-1.017518999451936,1.0859269834882872,3290,134.614990234375,134.5631561279297,288.0,0.03819444444444445
3291,-1.014875775488539,0.8175723907352028,3291,135.9618377685547,135.91049194335938,288.0,0.027777777777777776
3292,-0.8694908817450692,1.0094608183210176,3292,134.59385681152344,134.54257202148438,288.0,0.034722222222222224
3293,-0.7049182132254886,1.2462539676223374,3293,131.4094696044922,131.35940551757812,288.0,0.041666666666666664
3294,-1.244859437428218,1.0848475166822453,3294,131.94338989257812,131.8934326171875,288.0,0.027777777777777776
3295,-0.9133144353401347,1.1648820173673284,3295,133.4396209716797,133.387939453125,288.0,0.041666666666666664
3296,-1.0012206752414383,0.817617004346933,3296,133.84310913085938,133.79212951660156,288.0,0.020833333333333332
3297,-1.0211550850938156,1.2616547935787852,3297,138.92092895507812,138.8680877685547,288.0,0.03819444444444445
3298,-1.194786286372432,1.1039942453155978,3298,136.905029296875,136.85345458984375,288.0,0.04513888888888889
3299,-0.7490542621482176,1.0209836372288705,3299,134.75856018066406,134.7067413330078,288.0,0.059027777777777776
3300,-0.7777135778803013,1.3918244452981496,3300,133.47393798828125,133.42225646972656,288.0,0.04513888888888889
3301,-1.105321108743051,1.0460731706786262,3301,134.8623046875,134.81094360351562,288.0,0.034722222222222224
3302,-0.83299078976028,1.2657070639780432,3302,136.23379516601562,136.18199157714844,288.0,0.03819444444444445
3303,-0.990568898102373,1.133061560298569,3303,137.60768127441406,137.5554656982422,288.0,0.024305555555555556
3304,-0.9241360552192943,0.9988090168625368,3304,134.5351104736328,134.48333740234375,288.0,0.03125
3305,-0.7378220300707711,1.3150071654936044,3305,135.6233673095703,135.5719757080078,288.0,0.041666666666666664
3306,-0.869522478724907,1.1552313473286517,3306,135.84291076660156,135.7914581298828,288.0,0.03125
3307,-0.9732390286046354,0.9060984761542912,3307,135.26962280273438,135.21771240234375,288.0,0.017361111111111112
3308,-0.978447168823795,0.9817735181218595,3308,134.0609588623047,134.01043701171875,288.0,0.03125
3309,-1.0475001698188708,0.9672931198450331,3309,134.31008911132812,134.25999450683594,288.0,0.024305555555555556
3310,-0.8689817808335146,0.8589284876320101,3310,133.24765014648438,133.19631958007812,288.0,0.04513888888888889
3311,-1.0472594648597513,1.0934404150468786,3311,134.32699584960938,134.2757110595703,288.0,0.04861111111111111
3312,-0.857042943244889,1.2649690496916668,3312,135.06057739257812,135.00953674316406,288.0,0.059027777777777776
3313,-0.959388698827917,1.1865796555911863,3313,134.33306884765625,134.28250122070312,288.0,0.03819444444444445
3314,-1.065752636882367,1.1330388712592732,3314,132.33279418945312,132.28211975097656,288.0,0.04513888888888889
3315,-1.0542789548878178,0.9642902350319713,3315,135.83660888671875,135.78529357910156,288.0,0.034722222222222224
3316,-0.9086415130768928,1.0662069989288854,3316,136.33499145507812,136.28311157226562,288.0,0.041666666666666664
3317,-0.8555221867364109,1.3185823714689329,3317,133.37356567382812,133.3224639892578,288.0,0.041666666666666664
3318,-1.1038381404215623,1.1226253993657223,3318,135.602294921875,135.550048828125,288.0,0.034722222222222224
3319,-0.9455288754063399,1.2326161055130849,3319,135.24203491210938,135.19097900390625,288.0,0.04513888888888889
3320,-1.300958492360084,1.1701645832229957,3320,136.04074096679688,135.98931884765625,288.0,0.05555555555555555
3321,-0.9608479938074459,1.0828825301532368,3321,135.79220581054688,135.74139404296875,288.0,0.027777777777777776
3322,-0.942690628119265,1.0710924171708074,3322,133.13330078125,133.08251953125,288.0,0.052083333333333336
3323,-1.1570352454448123,1.0526633014185354,3323,135.41099548339844,135.3594970703125,288.0,0.04513888888888889
3324,-0.8976564915345434,0.9382329944360023,3324,134.46058654785156,134.40896606445312,288.0,0.027777777777777776
3325,-0.9048859236327718,1.1814417613527655,3325,133.63983154296875,133.58877563476562,288.0,0.04513888888888889
3326,-0.814787461529222,0.7042962079235677,3326,135.8321533203125,135.78070068359375,288.0,0.027777777777777776
3327,-0.8787435328647857,0.8936083139107528,3327,135.62680053710938,135.5751953125,288.0,0.04861111111111111
3328,-0.9158124516825588,1.2116206245181382,3328,136.3173828125,136.26541137695312,288.0,0.05555555555555555
3329,-0.9255489163004845,0.9205755276269979,3329,136.14732360839844,136.09559631347656,288.0,0.059027777777777776
3330,-0.8179251901282957,1.2796917166231976,3330,136.056884765625,136.0052490234375,288.0,0.034722222222222224
3331,-0.8950929209753937,1.2446618956376674,3331,134.919921875,134.86795043945312,288.0,0.052083333333333336
3332,-0.9547566320904559,1.2203426555734036,3332,134.4835205078125,134.4327392578125,288.0,0.024305555555555556
3333,-0.9565637410329464,0.9259082869027757,3333,132.44383239746094,132.39349365234375,288.0,0.04513888888888889
3334,-0.7832313069057154,0.8360197851633631,3334,133.4740753173828,133.42404174804688,288.0,0.041666666666666664
3335,-1.094202303604997,0.9150622952367689,3335,133.0716552734375,133.0203857421875,288.0,0.04513888888888889
3336,-1.1578713021838973,1.06363834481209,3336,134.19500732421875,134.14344787597656,288.0,0.03819444444444445
3337,-0.9196307707098464,1.349729378611539,3337,134.4266815185547,134.37606811523438,288.0,0.03125
3338,-0.9309101062147549,0.9822837764773918,3338,134.52069091796875,134.46820068359375,288.0,0.017361111111111112
3339,-1.050681840700947,0.8027867470738759,3339,131.00254821777344,130.9522705078125,288.0,0.020833333333333332
3340,-0.9333023005776361,1.0734282538445408,3340,133.14190673828125,133.09133911132812,288.0,0.027777777777777776
3341,-0.9261787938095369,1.3037517641510132,3341,134.3936004638672,134.34239196777344,288.0,0.03819444444444445
3342,-0.9553621687325674,1.0979078039185663,3342,132.36788940429688,132.31787109375,288.0,0.020833333333333332
3343,-0.9012402583503208,1.2380186180459425,3343,134.76980590820312,134.71832275390625,288.0,0.027777777777777776
3344,-1.211026231700683,1.018404196190733,3344,134.94400024414062,134.892822265625,288.0,0.03125
3345,-0.9686935092244054,1.296083447793804,3345,134.0696258544922,134.01840209960938,288.0,0.052083333333333336
3346,-1.0721194104430447,0.8769809110175012,3346,134.3067169189453,134.25430297851562,288.0,0.020833333333333332
3347,-1.0297574709758597,1.2263156093613254,3347,132.77032470703125,132.7202606201172,288.0,0.041666666666666664
3348,-0.9811622988457925,1.211931751186299,3348,135.021240234375,134.96865844726562,288.0,0.013888888888888888
3349,-0.8099190109791073,1.0480943675339551,3349,136.4798126220703,136.43038940429688,288.0,0.04861111111111111
3350,-0.8969331471657447,0.9519367356990154,3350,134.2908172607422,134.2401885986328,288.0,0.03125
3351,-0.8993577928122021,1.0004015799453652,3351,133.7100830078125,133.66094970703125,288.0,0.052083333333333336
3352,-1.1272789954266276,1.1065200310705168,3352,132.24072265625,132.19033813476562,288.0,0.020833333333333332
3353,-0.8673793311054107,1.099393267283094,3353,136.04835510253906,135.99636840820312,288.0,0.013888888888888888
3354,-0.9715523348380728,1.2093644803140473,3354,135.79037475585938,135.7390899658203,288.0,0.034722222222222224
3355,-0.9137684497760085,1.2391116522015226,3355,136.66416931152344,136.6138916015625,288.0,0.027777777777777776
3356,-0.888094161111192,1.3391298544204298,3356,134.42947387695312,134.37747192382812,288.0,0.020833333333333332
3357,-0.9830540638304277,0.9103888988088757,3357,132.5425262451172,132.49160766601562,288.0,0.027777777777777776
3358,-0.8799942809826641,1.2409076301785273,3358,136.16737365722656,136.115478515625,288.0,0.027777777777777776
3359,-0.9156265474376996,0.945963939457457,3359,134.7214813232422,134.6699981689453,288.0,0.017361111111111112
3360,-0.9113854345129853,0.9195733961777897,3360,135.52818298339844,135.47686767578125,288.0,0.03819444444444445
3361,-0.9459902370336533,0.7747573516239501,3361,135.33489990234375,135.28314208984375,288.0,0.03819444444444445
3362,-0.9500390125575398,1.0886869657237754,3362,130.87619018554688,130.8262939453125,288.0,0.027777777777777776
3363,-0.893501485858509,0.6426696749827803,3363,136.79444885253906,136.74319458007812,288.0,0.020833333333333332
3364,-0.863231919982902,0.9436536013046459,3364,134.46270751953125,134.41098022460938,288.0,0.034722222222222224
3365,-0.9333399261005345,0.4113700601534526,3365,133.97723388671875,133.9257354736328,288.0,0.024305555555555556
3366,-0.805668267365315,1.2982730592904956,3366,135.46475219726562,135.414306640625,288.0,0.06597222222222222
3367,-0.9456260910154478,1.17800507868521,3367,133.65158081054688,133.60113525390625,288.0,0.03819444444444445
3368,-1.1132821160589021,1.2644536863991926,3368,134.97601318359375,134.9238739013672,288.0,0.041666666666666664
3369,-0.8757829054625221,0.8601165760362957,3369,134.64923095703125,134.5968017578125,288.0,0.027777777777777776
3370,-0.8374008839115848,1.0471351097492956,3370,131.70758056640625,131.6555633544922,288.0,0.041666666666666664
3371,-0.7598041563578993,0.9831949619607268,3371,133.8643798828125,133.8126983642578,288.0,0.034722222222222224
3372,-0.8938766845201731,1.3828458461481294,3372,135.66705322265625,135.61599731445312,288.0,0.05555555555555555
3373,-0.9460732209221412,1.074183510742571,3373,132.66444396972656,132.6144256591797,288.0,0.027777777777777776
3374,-0.8904310371252553,0.5595987183456947,3374,131.30093383789062,131.250244140625,288.0,0.024305555555555556
3375,-0.9748052097575722,1.2817227395346416,3375,135.07196044921875,135.02090454101562,288.0,0.03125
3376,-0.8565761470216646,1.1988399473548565,3376,135.606689453125,135.55548095703125,288.0,0.041666666666666664
3377,-0.8594032921908009,0.9796775949874817,3377,135.20745849609375,135.15499877929688,288.0,0.03125
3378,-0.9106067666453517,0.9805959771597378,3378,133.24209594726562,133.19036865234375,288.0,0.027777777777777776
3379,-0.8269163153732553,1.1122022417235113,3379,133.00621032714844,132.9567108154297,288.0,0.04513888888888889
3380,-0.8332771022785992,1.0762282563526329,3380,133.39825439453125,133.34646606445312,288.0,0.027777777777777776
3381,-0.9670937348751204,1.168856527090384,3381,131.14849853515625,131.09719848632812,288.0,0.027777777777777776
3382,-1.0501179820769684,1.1091339467752528,3382,132.92813110351562,132.877685546875,288.0,0.03125
3383,-0.8858424054349388,0.603145631631308,3383,135.85604858398438,135.8037872314453,288.0,0.020833333333333332
3384,-0.8838101539302627,1.1916784782957377,3384,132.8397216796875,132.7884063720703,288.0,0.034722222222222224
3385,-0.9597544394061417,1.2380263149659076,3385,135.63189697265625,135.57945251464844,288.0,0.04861111111111111
3386,-1.0641652771835428,1.07730049630392,3386,135.31813049316406,135.2677001953125,288.0,0.03125
3387,-1.064931116100973,1.0585349893036087,3387,134.05577087402344,134.005126953125,288.0,0.034722222222222224
3388,-0.8152861784068849,1.2720004382797747,3388,133.46945190429688,133.41758728027344,288.0,0.034722222222222224
3389,-0.8808620760725907,1.0361565597839633,3389,134.39907836914062,134.3482208251953,288.0,0.024305555555555556
3390,-0.8718396080211246,1.0534890639121008,3390,132.22442626953125,132.172607421875,288.0,0.04513888888888889
3391,-0.9934815092001479,1.1186909649867827,3391,131.33499145507812,131.28338623046875,288.0,0.034722222222222224
3392,-0.8142160157782061,0.8863378195373464,3392,132.80099487304688,132.75106811523438,288.0,0.03125
3393,-0.9518548492260087,1.2859348108001645,3393,134.36741638183594,134.31515502929688,288.0,0.034722222222222224
3394,-0.7364859299477529,1.1163213161336434,3394,132.8942413330078,132.8436737060547,288.0,0.03819444444444445
3395,-0.9640040419219107,0.8202490116466666,3395,132.99449157714844,132.94467163085938,288.0,0.024305555555555556
3396,-0.8688064426934444,1.0517396069870422,3396,132.34988403320312,132.2996368408203,288.0,0.034722222222222224
3397,-0.8538113460303138,1.273857980364944,3397,134.1966552734375,134.14627075195312,288.0,0.041666666666666664
3398,-0.9071090568428511,1.3427690886615857,3398,133.36546325683594,133.3150634765625,288.0,0.041666666666666664
3399,-0.9112617715718346,0.8900113491474044,3399,136.6636962890625,136.61239624023438,288.0,0.034722222222222224
3400,-0.8950088066962409,1.2773573614191984,3400,133.99484252929688,133.94349670410156,288.0,0.020833333333333332
3401,-1.0767294283046498,1.1628248847370113,3401,135.94985961914062,135.89796447753906,288.0,0.034722222222222224
3402,-1.3101271086636421,1.0984398945009497,3402,134.66073608398438,134.60995483398438,288.0,0.027777777777777776
3403,-1.1050596623615174,1.223717940732258,3403,135.57772827148438,135.52598571777344,288.0,0.03125
3404,-1.2465584196925557,1.0951222241375154,3404,135.69140625,135.64117431640625,288.0,0.059027777777777776
3405,-0.8413811105765792,1.0555945489278604,3405,132.55076599121094,132.5000762939453,288.0,0.034722222222222224
3406,-0.910109001763971,1.3143884678238453,3406,133.01730346679688,132.96713256835938,288.0,0.03125
3407,-0.9838335781632952,1.2110275716633006,3407,137.46446228027344,137.4131317138672,288.0,0.03125
3408,-1.1003160112224917,1.1330888684523814,3408,136.8706817626953,136.81932067871094,288.0,0.027777777777777776
3409,-0.8011989211944085,1.222165238524661,3409,132.7342529296875,132.6834259033203,288.0,0.04861111111111111
3410,-0.8797919635507628,1.2853323333530753,3410,135.80665588378906,135.75604248046875,288.0,0.024305555555555556
3411,-0.8997466794190819,1.0688236638190076,3411,133.86521911621094,133.81472778320312,288.0,0.041666666666666664
3412,-0.8779579709010845,0.9968276012692233,3412,136.7430877685547,136.69161987304688,288.0,0.024305555555555556
3413,-0.9383463947967603,0.39020292694602104,3413,134.9237060546875,134.8724822998047,288.0,0.027777777777777776
3414,-0.903084168112028,1.0675512034933707,3414,135.61557006835938,135.56475830078125,288.0,0.027777777777777776
3415,-0.933547147997432,1.2681070748359333,3415,129.69842529296875,129.64927673339844,288.0,0.04861111111111111
3416,-0.9374802722328468,1.277167546538598,3416,135.9447784423828,135.89340209960938,288.0,0.017361111111111112
3417,-0.8839403788148471,1.1522442128103159,3417,133.98648071289062,133.93563842773438,288.0,0.03125
3418,-0.9480202161866829,1.3456103916231978,3418,135.97421264648438,135.9229736328125,288.0,0.027777777777777776
3419,-0.9022310007655656,1.05820166761604,3419,132.12646484375,132.07546997070312,288.0,0.03125
3420,-1.0137275339435092,0.846877392833375,3420,133.6614227294922,133.6103057861328,288.0,0.027777777777777776
3421,-0.9412554215104818,1.1750836411510273,3421,135.39720153808594,135.346435546875,288.0,0.034722222222222224
3422,-0.8844486828611158,0.866827236854676,3422,135.28140258789062,135.22984313964844,288.0,0.034722222222222224
3423,-0.864496955412615,0.6455303224009173,3423,135.3350830078125,135.28355407714844,288.0,0.03125
3424,-0.67960762294392,0.9737469824656274,3424,134.49020385742188,134.4388885498047,288.0,0.04861111111111111
3425,-0.9279954966483471,1.270438937257639,3425,132.95181274414062,132.90106201171875,288.0,0.034722222222222224
3426,-0.9404997133900754,1.1402935994089278,3426,133.05169677734375,133.0006103515625,288.0,0.006944444444444444
3427,-0.9292386493658322,1.1943991759091304,3427,132.43304443359375,132.38157653808594,288.0,0.034722222222222224
3428,-1.0786335086799332,1.1759355666293403,3428,134.40264892578125,134.35166931152344,288.0,0.034722222222222224
3429,-1.0465363103441994,0.8355685934852748,3429,134.06890869140625,134.01699829101562,288.0,0.020833333333333332
3430,-1.0124847707904001,1.0807317737320221,3430,136.11181640625,136.05999755859375,288.0,0.034722222222222224
3431,-0.8111672395692593,1.075105633269768,3431,133.1218719482422,133.07159423828125,288.0,0.03125
3432,-0.7839257617171937,1.1813976295245896,3432,134.3746337890625,134.3240203857422,288.0,0.05555555555555555
3433,-0.9478061084635727,1.1324214963001187,3433,134.7458953857422,134.69595336914062,288.0,0.027777777777777776
3434,-0.976921663668556,0.8581549348075423,3434,133.23023986816406,133.17965698242188,288.0,0.027777777777777776
3435,-0.7125500629900661,1.22670318124923,3435,133.78741455078125,133.73728942871094,288.0,0.04513888888888889
3436,-0.968791146143863,1.091453066227227,3436,135.97918701171875,135.92730712890625,288.0,0.04513888888888889
3437,-1.061176143001289,1.1228997728155687,3437,133.54412841796875,133.49295043945312,288.0,0.020833333333333332
3438,-0.8741586695110042,1.3134344983456805,3438,134.9934539794922,134.94143676757812,288.0,0.034722222222222224
3439,-0.8024429218980917,0.9284621928801465,3439,133.665283203125,133.61508178710938,288.0,0.04861111111111111
3440,-1.024988618269842,1.2163845649683356,3440,135.58572387695312,135.53443908691406,288.0,0.027777777777777776
3441,-0.786736216869128,0.987683076502774,3441,133.88284301757812,133.83090209960938,288.0,0.027777777777777776
3442,-1.0855467365335723,0.7854693711352497,3442,130.0927276611328,130.04180908203125,288.0,0.024305555555555556
3443,-1.084081255238412,1.1699230157138019,3443,135.31893920898438,135.26898193359375,288.0,0.03125
3444,-0.8069299692025148,1.2892593401023025,3444,136.9271240234375,136.87498474121094,288.0,0.03125
3445,-0.9612360947574009,0.912725756007445,3445,133.08050537109375,133.0321044921875,288.0,0.03819444444444445
3446,-0.7353391868573621,1.1500594965029,3446,133.5806884765625,133.53076171875,288.0,0.017361111111111112
3447,-1.066647177963206,1.0103938404336397,3447,134.85952758789062,134.80923461914062,288.0,0.041666666666666664
3448,-1.0513818959784693,1.085472364657368,3448,133.94338989257812,133.89334106445312,288.0,0.024305555555555556
3449,-0.9319071545171048,1.2449139308871142,3449,135.07167053222656,135.02020263671875,288.0,0.034722222222222224
3450,-0.6999960747574401,1.166644854522218,3450,131.6185760498047,131.56936645507812,288.0,0.03125
3451,-1.1185776872977127,1.0186983320750362,3451,134.05807495117188,134.00698852539062,288.0,0.03125
3452,-1.1385934144798513,1.2448639473299772,3452,132.7404327392578,132.68954467773438,288.0,0.034722222222222224
3453,-0.9251457027573223,0.4752775533672957,3453,134.70819091796875,134.65768432617188,288.0,0.020833333333333332
3454,-0.8632069122561644,1.2425100451704831,3454,133.25563049316406,133.20513916015625,288.0,0.024305555555555556
3455,-0.9590064318210436,1.399711673107016,3455,133.5565643310547,133.50677490234375,288.0,0.024305555555555556
3456,-1.1049706394888108,1.0868020637645148,3456,132.94418334960938,132.89439392089844,288.0,0.024305555555555556
3457,-0.7664031067672104,0.9270401554477907,3457,133.67068481445312,133.62091064453125,288.0,0.027777777777777776
3458,-0.7161027488591308,1.1382275245373876,3458,134.47286987304688,134.42236328125,288.0,0.05555555555555555
3459,-0.7482358793534996,1.124034250702582,3459,136.5287322998047,136.47706604003906,288.0,0.034722222222222224
3460,-1.263810580312726,1.0695366502840293,3460,130.779052734375,130.7299041748047,288.0,0.041666666666666664
3461,-1.1781513842629365,1.0035422665478473,3461,135.0068359375,134.95611572265625,288.0,0.04513888888888889
3462,-1.053038625145663,1.078804108506791,3462,133.17526245117188,133.12435913085938,288.0,0.034722222222222224
3463,-0.9914699400211755,1.2007669613163123,3463,135.08255004882812,135.03118896484375,288.0,0.04513888888888889
3464,-0.9517346487299404,0.8357176364347983,3464,135.88133239746094,135.83023071289062,288.0,0.017361111111111112
3465,-0.8917560202721452,0.9511800215154727,3465,136.12911987304688,136.07736206054688,288.0,0.034722222222222224
3466,-1.2211114454647858,1.128590858546517,3466,135.34603881835938,135.29531860351562,288.0,0.024305555555555556
3467,-0.9215952330176577,0.9590703709504296,3467,133.69911193847656,133.648193359375,288.0,0.034722222222222224
3468,-0.9042301226853596,1.295661111322801,3468,133.98080444335938,133.92971801757812,288.0,0.027777777777777776
3469,-0.877245114221648,1.1513806180225563,3469,135.149169921875,135.09805297851562,288.0,0.020833333333333332
3470,-0.7872630299378263,1.2172701036585265,3470,136.92881774902344,136.8778839111328,288.0,0.024305555555555556
3471,-0.951430653231674,0.4812569760658294,3471,135.5708770751953,135.51898193359375,288.0,0.020833333333333332
3472,-0.8087094317564556,1.0987730197381425,3472,135.22604370117188,135.17465209960938,288.0,0.020833333333333332
3473,-0.8863482500447016,1.2044028877309192,3473,134.38319396972656,134.33206176757812,288.0,0.03125
3474,-0.9622479513632661,1.14550135698597,3474,135.6751708984375,135.62286376953125,288.0,0.024305555555555556
3475,-0.9905244481722247,1.0744850018080914,3475,135.76856994628906,135.71649169921875,288.0,0.017361111111111112
3476,-0.9246868186765241,1.1482151766832778,3476,134.82008361816406,134.76937866210938,288.0,0.03125
3477,-0.9417542576909939,0.8741646210289686,3477,137.34449768066406,137.29293823242188,288.0,0.034722222222222224
3478,-0.9632728323082517,0.9974308213057785,3478,131.46286010742188,131.412353515625,288.0,0.034722222222222224
3479,-0.9506852384430127,0.9784025974477101,3479,135.77456665039062,135.7232208251953,288.0,0.013888888888888888
3480,-0.9128476835874663,1.202210357150404,3480,132.47154235839844,132.4219512939453,288.0,0.04513888888888889
3481,-1.0370153476475414,1.1395520327713038,3481,134.2081298828125,134.15634155273438,288.0,0.041666666666666664
3482,-0.7746452281434753,1.2345353439178854,3482,136.2532958984375,136.2022705078125,288.0,0.020833333333333332
3483,-0.9909374705362551,1.0248734233293413,3483,135.47727966308594,135.42620849609375,288.0,0.034722222222222224
3484,-1.1166873870385805,1.0901850782686813,3484,135.80172729492188,135.7510986328125,288.0,0.027777777777777776
3485,-0.8533029319857663,0.9883088593887309,3485,136.60806274414062,136.55642700195312,288.0,0.04513888888888889
3486,-0.9974190575726823,1.4612859965251415,3486,135.72137451171875,135.67034912109375,288.0,0.027777777777777776
3487,-1.0800693902695626,0.945815696153038,3487,135.192626953125,135.1413116455078,288.0,0.027777777777777776
3488,-0.9497598305993892,1.18380633852258,3488,132.89151000976562,132.84291076660156,288.0,0.03125
3489,-0.826104835633591,1.1804312406907123,3489,135.33087158203125,135.27867126464844,288.0,0.041666666666666664
3490,-0.9046812264014784,0.8919767795390197,3490,136.0933380126953,136.0416259765625,288.0,0.027777777777777776
3491,-1.0272662774814014,1.0793572089006784,3491,132.8982391357422,132.8470458984375,288.0,0.04513888888888889
3492,-0.8366207299367147,1.202533647582221,3492,132.83139038085938,132.78118896484375,288.0,0.017361111111111112
3493,-0.9760602609087196,0.515040784307355,3493,133.67770385742188,133.62860107421875,288.0,0.010416666666666666
3494,-1.0795711190401736,1.077604423809212,3494,135.59324645996094,135.5424041748047,288.0,0.024305555555555556
3495,-1.1009926311112634,1.207044720005211,3495,133.038818359375,132.9903106689453,288.0,0.041666666666666664
3496,-0.8142821928309445,0.9861633233448839,3496,134.12493896484375,134.07318115234375,288.0,0.034722222222222224
3497,-0.9678475818271975,1.2052000750639773,3497,134.20602416992188,134.15542602539062,288.0,0.041666666666666664
3498,-1.2222960203276907,1.0644325592305464,3498,134.15478515625,134.1038818359375,288.0,0.020833333333333332
3499,-1.0236575923178668,1.3101057436838632,3499,133.55613708496094,133.50460815429688,288.0,0.020833333333333332
3500,-0.7388777166951381,1.3625256222411413,3500,134.67694091796875,134.62548828125,288.0,0.027777777777777776
3501,-0.8707484284341191,1.0257909837904151,3501,136.5894775390625,136.53756713867188,288.0,0.024305555555555556
3502,-0.8063051824933234,1.1019265125642301,3502,132.95126342773438,132.90072631835938,288.0,0.03819444444444445
3503,-1.0595764005029886,1.1042653155898192,3503,137.09510803222656,137.04473876953125,288.0,0.024305555555555556
3504,-0.9160245349544004,0.9233977390943378,3504,134.49533081054688,134.44439697265625,288.0,0.03819444444444445
3505,-0.9056224589532508,0.9066850345969947,3505,135.0484619140625,134.99868774414062,288.0,0.024305555555555556
3506,-0.9668680161448262,1.2550138071623524,3506,133.4190673828125,133.3690948486328,288.0,0.059027777777777776
3507,-1.0950010073998597,1.1279626326175536,3507,136.21011352539062,136.15847778320312,288.0,0.034722222222222224
3508,-1.1153138953615285,0.9822905141480309,3508,133.8455047607422,133.794189453125,288.0,0.04861111111111111
3509,-0.7854198033954625,1.182324923217692,3509,131.59075927734375,131.539794921875,288.0,0.024305555555555556
3510,-0.9678823928667413,1.3149445351471938,3510,134.28982543945312,134.23927307128906,288.0,0.03125
3511,-0.9533630948283053,0.928734344354441,3511,134.4667205810547,134.4159393310547,288.0,0.034722222222222224
3512,-0.9124177490488614,1.2398827804685866,3512,136.64938354492188,136.59674072265625,288.0,0.020833333333333332
3513,-0.9809686727646026,0.8954554353637628,3513,134.23907470703125,134.1886444091797,288.0,0.034722222222222224
3514,-0.9204872702179736,1.2095588068555654,3514,134.7898406982422,134.73927307128906,288.0,0.017361111111111112
3515,-1.0880674452515666,0.7615438094811249,3515,134.41946411132812,134.36849975585938,288.0,0.024305555555555556
3516,-0.9123777095003549,0.9292532784479334,3516,131.47569274902344,131.42611694335938,288.0,0.041666666666666664
3517,-0.7963185349534238,1.0342300308516468,3517,135.5685272216797,135.51730346679688,288.0,0.013888888888888888
3518,-0.9988141649930711,0.8349421149311539,3518,136.04244995117188,135.99118041992188,288.0,0.034722222222222224
3519,-0.9698074669236844,1.1898211039320925,3519,136.72055053710938,136.66952514648438,288.0,0.027777777777777776
3520,-1.1638464866305958,1.2779765739312843,3520,134.349853515625,134.298828125,288.0,0.027777777777777776
3521,-0.83714833897431,0.8214895525778115,3521,134.2813720703125,134.23056030273438,288.0,0.027777777777777776
3522,-0.9311976579371462,1.2631566478361327,3522,125.64785766601562,125.60041809082031,288.0,0.027777777777777776
3523,-0.8114107167146234,1.1197841769708878,3523,134.60142517089844,134.5492401123047,288.0,0.024305555555555556
3524,-0.9498877957414883,1.1751274650615335,3524,135.41659545898438,135.36477661132812,288.0,0.020833333333333332
3525,-1.0521645259193089,0.8805510503365626,3525,133.03439331054688,132.9829559326172,288.0,0.027777777777777776
3526,-0.9867293641958841,1.132291827305553,3526,134.9393310546875,134.8888702392578,288.0,0.024305555555555556
3527,-0.957678025884652,0.9731707285302662,3527,135.3157958984375,135.2646026611328,288.0,0.027777777777777776
3528,-0.9956930978737897,1.1209242531107928,3528,134.8535919189453,134.80413818359375,288.0,0.020833333333333332
3529,-1.0922519026707957,1.0578569449499557,3529,135.41819763183594,135.365966796875,288.0,0.024305555555555556
3530,-0.6733380866438967,0.9632516782149041,3530,136.0955352783203,136.04443359375,288.0,0.024305555555555556
3531,-1.0614884287740436,1.1760569780623422,3531,134.3188018798828,134.26719665527344,288.0,0.024305555555555556
3532,-1.271277013082879,1.061542097754679,3532,133.68017578125,133.63027954101562,288.0,0.020833333333333332
3533,-0.979089863124518,1.1488535674707714,3533,131.27647399902344,131.22650146484375,288.0,0.024305555555555556
3534,-0.7995410991567213,1.3034832540156298,3534,130.49400329589844,130.44403076171875,288.0,0.03125
3535,-0.8720316113239034,1.046710495276859,3535,136.36363220214844,136.31085205078125,288.0,0.034722222222222224
3536,-0.9470951697326468,1.022733104670936,3536,135.63418579101562,135.58251953125,288.0,0.027777777777777776
3537,-1.028687317108316,1.1197988084073258,3537,131.4129638671875,131.3630828857422,288.0,0.027777777777777776
3538,-1.058269914170748,1.100357520475207,3538,132.20169067382812,132.15081787109375,288.0,0.024305555555555556
3539,-1.0289566847650322,0.9286603323906533,3539,135.77761840820312,135.724853515625,288.0,0.034722222222222224
3540,-1.0748297718921769,1.1013743623577843,3540,134.47640991210938,134.42529296875,288.0,0.034722222222222224
3541,-0.9402759448668038,1.0570787766778407,3541,133.04786682128906,132.9979705810547,288.0,0.034722222222222224
3542,-1.1920368580278162,1.0589702956125957,3542,135.5519561767578,135.50006103515625,288.0,0.034722222222222224
3543,-1.0151036502292088,0.9183580455881108,3543,135.18199157714844,135.13076782226562,288.0,0.017361111111111112
3544,-0.9516669702785568,0.8470660459362035,3544,133.96910095214844,133.91775512695312,288.0,0.013888888888888888
3545,-0.9263125169541466,0.4515872587933409,3545,134.67770385742188,134.62606811523438,288.0,0.010416666666666666
3546,-1.0114703543671575,0.7374178104876561,3546,136.1702880859375,136.1184539794922,288.0,0.024305555555555556
3547,-1.1259175613318027,0.9590736547983818,3547,135.12847900390625,135.07760620117188,288.0,0.027777777777777776
3548,-0.7273661222719661,1.4820953821215335,3548,135.6575927734375,135.6055908203125,288.0,0.04513888888888889
3549,-0.9220544552474599,0.885297808599377,3549,133.66781616210938,133.61788940429688,288.0,0.024305555555555556
3550,-1.0585234567856783,1.158212401953805,3550,134.9110565185547,134.8594970703125,288.0,0.024305555555555556
3551,-0.8815830393175371,1.0328645384525543,3551,135.2131805419922,135.16175842285156,288.0,0.017361111111111112
3552,-1.0859867278266526,0.8576641889477076,3552,134.33895874023438,134.28675842285156,288.0,0.027777777777777776
3553,-0.9669080819984414,1.335833607198462,3553,133.08810424804688,133.0384521484375,288.0,0.027777777777777776
3554,-1.0447506462800273,1.1178241022696043,3554,135.22802734375,135.17640686035156,288.0,0.034722222222222224
3555,-1.2170331575750426,1.1613157472782558,3555,135.6032257080078,135.55313110351562,288.0,0.034722222222222224
3556,-1.125021367720618,1.1005914333115825,3556,135.1307373046875,135.08099365234375,288.0,0.020833333333333332
3557,-0.8969713957416386,1.0434019050972207,3557,135.2320098876953,135.1807098388672,288.0,0.05555555555555555
3558,-1.1166876178203422,0.9104185780748382,3558,135.146484375,135.0966796875,288.0,0.024305555555555556
3559,-0.8900920369647302,1.232475458915545,3559,137.1595001220703,137.10781860351562,288.0,0.027777777777777776
3560,-0.9235072595429781,0.8354113119077425,3560,133.643310546875,133.59268188476562,288.0,0.027777777777777776
3561,-0.9519470268480367,1.1927470040433101,3561,133.99920654296875,133.94883728027344,288.0,0.017361111111111112
3562,-1.0428524961192875,1.0230506184466588,3562,135.96194458007812,135.91049194335938,288.0,0.027777777777777776
3563,-1.1898327807861144,1.1148101133025707,3563,136.71096801757812,136.65933227539062,288.0,0.017361111111111112
3564,-0.7985074544555884,1.308027110165276,3564,135.45265197753906,135.40170288085938,288.0,0.013888888888888888
3565,-1.0328997320479394,0.893351614340088,3565,133.87974548339844,133.82949829101562,288.0,0.04513888888888889
3566,-1.0515698672564204,0.6674037742251224,3566,134.4586944580078,134.40756225585938,288.0,0.03819444444444445
3567,-0.8270726218667247,1.086997737348464,3567,133.67437744140625,133.62522888183594,288.0,0.034722222222222224
3568,-1.1146163552994364,0.9448552296542625,3568,136.25820922851562,136.20663452148438,288.0,0.017361111111111112
3569,-0.9798367790078552,1.1911644310830398,3569,135.09591674804688,135.04466247558594,288.0,0.020833333333333332
3570,-0.8715622632154104,1.0191958695712298,3570,134.93154907226562,134.8797607421875,288.0,0.006944444444444444
3571,-0.9530928862190277,0.8640879173861743,3571,135.44952392578125,135.39862060546875,288.0,0.024305555555555556
3572,-1.072226350867727,0.99160384304538,3572,134.35690307617188,134.30599975585938,288.0,0.027777777777777776
3573,-0.8747204169495887,0.9136350672065119,3573,134.45811462402344,134.40814208984375,288.0,0.024305555555555556
3574,-0.9956818547720074,1.0969245634640914,3574,135.25137329101562,135.20013427734375,288.0,0.013888888888888888
3575,-1.0492158576775823,0.9409705007696682,3575,135.91921997070312,135.86795043945312,288.0,0.027777777777777776
3576,-0.6876211831426942,1.2476377018090157,3576,134.93637084960938,134.885986328125,288.0,0.034722222222222224
3577,-0.9595376022253836,0.927775538359303,3577,134.84442138671875,134.79266357421875,288.0,0.024305555555555556
3578,-0.905062245307522,1.1979725683399478,3578,136.56735229492188,136.5167694091797,288.0,0.034722222222222224
3579,-0.8372627865186482,1.202255090104929,3579,134.37213134765625,134.32070922851562,288.0,0.03819444444444445
3580,-0.7422116243106154,1.091843343016324,3580,133.5855255126953,133.53561401367188,288.0,0.034722222222222224
3581,-0.8665843307781262,0.6027470955675068,3581,133.45703125,133.4056396484375,288.0,0.03125
3582,-0.8073742256072174,1.2322984265300008,3582,137.5872344970703,137.5360565185547,288.0,0.017361111111111112
3583,-1.1821706758053487,0.996310204331063,3583,134.3137664794922,134.2628631591797,288.0,0.017361111111111112
3584,-0.7222018117265779,1.1799930900740139,3584,136.11532592773438,136.06344604492188,288.0,0.020833333333333332
3585,-0.7508331704772899,1.1683589146033868,3585,136.85104370117188,136.80032348632812,288.0,0.03819444444444445
3586,-0.8750089379648345,1.2222092423481579,3586,134.12742614746094,134.07577514648438,288.0,0.017361111111111112
3587,-0.9778794887187454,0.8753562486730413,3587,135.06478881835938,135.01380920410156,288.0,0.03125
3588,-0.9309147357031387,0.5427914312929543,3588,133.15127563476562,133.10166931152344,288.0,0.017361111111111112
3589,-1.1443442464520297,1.0233469652674327,3589,132.55435180664062,132.50306701660156,288.0,0.05555555555555555
3590,-0.8536877446094235,1.3067665203266718,3590,133.51498413085938,133.46466064453125,288.0,0.03125
3591,-0.8693285469743335,1.1340859081095525,3591,131.473388671875,131.42501831054688,288.0,0.020833333333333332
3592,-1.0732555518737874,1.0115021104341788,3592,133.64593505859375,133.5953369140625,288.0,0.034722222222222224
3593,-0.9891557954160459,0.8549451819577417,3593,134.02061462402344,133.96969604492188,288.0,0.034722222222222224
3594,-0.9135169778825838,0.9876814260470692,3594,135.4449462890625,135.3939208984375,288.0,0.024305555555555556
3595,-0.9810683695990924,1.0619202626709332,3595,132.73394775390625,132.68331909179688,288.0,0.013888888888888888
3596,-0.9537536261836936,1.091320245019189,3596,136.12203979492188,136.07040405273438,288.0,0.052083333333333336
3597,-0.9435054155655548,0.36023621116476784,3597,131.92271423339844,131.87149047851562,288.0,0.013888888888888888
3598,-0.9292125324943648,0.8794463466447872,3598,131.79244995117188,131.7410125732422,288.0,0.024305555555555556
3599,-0.9646159243621164,1.2145271338860868,3599,134.48033142089844,134.42771911621094,288.0,0.03125
3600,-0.8755701763655145,1.3738071330119015,3600,134.52255249023438,134.47119140625,288.0,0.017361111111111112
3601,-1.0254357929113587,1.0057925339765674,3601,133.45254516601562,133.4026641845703,288.0,0.024305555555555556
3602,-0.915861245819538,1.204712647907541,3602,134.7118377685547,134.66021728515625,288.0,0.020833333333333332
3603,-0.8978683620460317,1.1785310536848683,3603,133.6984405517578,133.64743041992188,288.0,0.013888888888888888
3604,-0.9464020376075646,1.2677525965280765,3604,135.25982666015625,135.208251953125,288.0,0.024305555555555556
3605,-1.0348473525480868,1.220977683347403,3605,131.98043823242188,131.93051147460938,288.0,0.020833333333333332
3606,-0.71932412505377,0.9198258838797568,3606,133.15994262695312,133.10952758789062,288.0,0.03125
3607,-0.7918292420744598,1.126530180144477,3607,132.68954467773438,132.6387939453125,288.0,0.03819444444444445
3608,-0.9944878715020877,1.180735368489082,3608,137.08843994140625,137.03677368164062,288.0,0.03125
3609,-1.0131497417278037,1.0244018183453223,3609,131.93002319335938,131.8792266845703,288.0,0.034722222222222224
3610,-0.8110746569388716,1.0833971927648556,3610,131.7376251220703,131.68667602539062,288.0,0.020833333333333332
3611,-0.9054120775461693,1.0789671743108429,3611,135.0167236328125,134.9668426513672,288.0,0.020833333333333332
3612,-1.0256378706861549,1.2765625592044232,3612,135.39556884765625,135.34393310546875,288.0,0.013888888888888888
3613,-0.9907645763547165,0.9043561941008668,3613,135.5487060546875,135.49725341796875,288.0,0.03125
3614,-0.7365059248823804,1.165695427242532,3614,135.75132751464844,135.70068359375,288.0,0.04513888888888889
3615,-0.9756178846546253,0.905334564990873,3615,133.73553466796875,133.6846160888672,288.0,0.017361111111111112
3616,-1.0236668923464092,1.0742892787200726,3616,134.92434692382812,134.8742218017578,288.0,0.034722222222222224
3617,-0.8724748501735531,0.9681285344649532,3617,131.66912841796875,131.6182098388672,288.0,0.024305555555555556
3618,-0.8967966119700679,1.1669048857667528,3618,135.49951171875,135.44692993164062,288.0,0.017361111111111112
3619,-0.8565429757173559,1.0836217749058663,3619,134.0493621826172,133.99856567382812,288.0,0.03819444444444445
3620,-1.0338365002982424,1.2444944512810892,3620,135.45399475097656,135.40318298339844,288.0,0.03125
3621,-1.1654250200950749,1.0668579529472146,3621,133.16383361816406,133.11317443847656,288.0,0.034722222222222224
3622,-1.04838170200645,1.1961654808004523,3622,136.68995666503906,136.63804626464844,288.0,0.034722222222222224
3623,-0.8866909685880666,0.9906614487933905,3623,134.16641235351562,134.11495971679688,288.0,0.013888888888888888
3624,-0.8629742285852097,0.907694782547926,3624,135.25384521484375,135.20294189453125,288.0,0.03819444444444445
3625,-0.8542706944916569,0.6633028717378576,3625,133.9510040283203,133.9000244140625,288.0,0.017361111111111112
3626,-0.9789769298170801,1.1025759148320464,3626,134.75743103027344,134.7059326171875,288.0,0.03125
3627,-0.9304496252374863,1.088504256157532,3627,134.90560913085938,134.85531616210938,288.0,0.020833333333333332
3628,-0.9342685583662029,0.7894593754450531,3628,132.51974487304688,132.46957397460938,288.0,0.017361111111111112
3629,-0.919048556787318,1.1379665774922678,3629,134.48715209960938,134.43768310546875,288.0,0.03819444444444445
3630,-1.204086281474839,1.1728715828930554,3630,137.12826538085938,137.07733154296875,288.0,0.034722222222222224
3631,-0.8935601260090995,1.2183058888635945,3631,136.24404907226562,136.19253540039062,288.0,0.03125
3632,-1.0132782431199034,0.8061659443189879,3632,131.45654296875,131.40679931640625,288.0,0.034722222222222224
3633,-1.020487455045615,0.7871565713713841,3633,132.1090545654297,132.05938720703125,288.0,0.03125
3634,-1.0257090625871963,1.177939520595224,3634,134.58450317382812,134.5352783203125,288.0,0.027777777777777776
3635,-0.8560960852603255,0.9919035533382764,3635,134.7565155029297,134.70553588867188,288.0,0.024305555555555556
3636,-1.1343774084555724,1.0271395018193772,3636,135.75714111328125,135.70574951171875,288.0,0.03125
3637,-0.9733330928103049,1.0826424160882746,3637,133.65188598632812,133.60006713867188,288.0,0.020833333333333332
3638,-0.8505651448982624,1.154394295248838,3638,132.67410278320312,132.6230926513672,288.0,0.027777777777777776
3639,-0.9448122247949234,1.0061900537103352,3639,134.32298278808594,134.27227783203125,288.0,0.017361111111111112
3640,-0.8350485231719964,0.9455293928161678,3640,133.26449584960938,133.21290588378906,288.0,0.027777777777777776
3641,-1.1324947072331324,1.2443296870439335,3641,134.56088256835938,134.50970458984375,288.0,0.013888888888888888
3642,-0.7976838546222987,1.1053122680491518,3642,133.72573852539062,133.67367553710938,288.0,0.024305555555555556
3643,-0.9061337547496409,1.2665339147602013,3643,135.7700653076172,135.71792602539062,288.0,0.024305555555555556
3644,-0.8173296275882325,0.6574005250212073,3644,135.88687133789062,135.83493041992188,288.0,0.024305555555555556
3645,-0.9827501834878775,1.0735672141772106,3645,133.03482055664062,132.9835662841797,288.0,0.03819444444444445
3646,-0.8174947569653329,0.7399494359535393,3646,133.7593994140625,133.7073211669922,288.0,0.024305555555555556
3647,-0.9497152611111335,0.8395402430712394,3647,133.07627868652344,133.0255584716797,288.0,0.013888888888888888
3648,-0.8930687798773403,1.2149199981743617,3648,132.839111328125,132.78866577148438,288.0,0.024305555555555556
3649,-1.0439772404424328,1.1618626396913196,3649,133.676513671875,133.6265869140625,288.0,0.03125
3650,-1.2175991845316976,1.0566474764420544,3650,136.30577087402344,136.25408935546875,288.0,0.024305555555555556
3651,-1.1679778225883095,1.1373184060860726,3651,132.2856903076172,132.23562622070312,288.0,0.024305555555555556
3652,-1.1766348921817995,1.0093439589260556,3652,133.060791015625,133.01144409179688,288.0,0.03125
3653,-0.8698021065500642,0.9615975540136272,3653,134.245361328125,134.19448852539062,288.0,0.03125
3654,-0.8527443080950543,1.2118388806453702,3654,135.09788513183594,135.0463104248047,288.0,0.024305555555555556
3655,-0.7091414386921078,1.1862996312244358,3655,135.1602783203125,135.10882568359375,288.0,0.03125
3656,-1.1156848678026148,0.7863040858315431,3656,134.73248291015625,134.68124389648438,288.0,0.020833333333333332
3657,-0.7411211034945309,1.145842442660602,3657,134.08218383789062,134.03109741210938,288.0,0.020833333333333332
3658,-0.8980736125933994,0.4856634550446656,3658,133.65159606933594,133.59979248046875,288.0,0.03125
3659,-0.9674177197484508,0.8288254039203734,3659,135.65982055664062,135.60867309570312,288.0,0.03125
3660,-0.6084682492285265,1.24852270354324,3660,133.08087158203125,133.02984619140625,288.0,0.027777777777777776
3661,-1.1716135213285186,1.0609486135934547,3661,136.2725830078125,136.2216339111328,288.0,0.017361111111111112
3662,-1.2073660184553274,1.0595648871899763,3662,135.77435302734375,135.72235107421875,288.0,0.04861111111111111
3663,-1.2263162394797256,1.030552497759428,3663,133.65245056152344,133.6009521484375,288.0,0.034722222222222224
3664,-1.0133363623674658,1.0548220484627735,3664,135.9842987060547,135.93307495117188,288.0,0.024305555555555556
3665,-1.0151677196936741,0.7249620086862893,3665,133.80984497070312,133.75924682617188,288.0,0.017361111111111112
3666,-1.054982738211275,1.058076511674715,3666,134.66644287109375,134.61473083496094,288.0,0.03819444444444445
3667,-0.8427818326254901,0.9871710141734701,3667,133.1014404296875,133.0522918701172,288.0,0.03125
3668,-0.8294097874613799,1.2331240461800044,3668,135.60447692871094,135.55288696289062,288.0,0.027777777777777776
3669,-1.014407308390622,0.8586302927966674,3669,133.7259521484375,133.67471313476562,288.0,0.041666666666666664
3670,-0.9795124263442134,0.9835402487913907,3670,135.91571044921875,135.86495971679688,288.0,0.017361111111111112
3671,-0.911077571533792,1.2745974053670257,3671,133.2855224609375,133.23483276367188,288.0,0.017361111111111112
3672,-1.0944963301778212,0.8340296778442099,3672,135.5902862548828,135.53915405273438,288.0,0.017361111111111112
3673,-0.8099735659214088,1.3171977282232799,3673,135.80343627929688,135.75070190429688,288.0,0.034722222222222224
3674,-1.1883857709606682,1.0146672083790411,3674,133.54273986816406,133.49285888671875,288.0,0.017361111111111112
3675,-0.9091345882069395,1.2687248003931775,3675,134.86715698242188,134.81524658203125,288.0,0.027777777777777776
3676,-0.7875503583018851,1.361997873067825,3676,137.02548217773438,136.97433471679688,288.0,0.027777777777777776
3677,-0.8954756412968771,1.0580215900055265,3677,137.93060302734375,137.87918090820312,288.0,0.010416666666666666
3678,-0.9612434932849108,1.0571660883683194,3678,133.74658203125,133.69598388671875,288.0,0.034722222222222224
3679,-0.8721833963270011,0.9985511594160517,3679,136.62451171875,136.57373046875,288.0,0.03125
3680,-1.0377045480848475,1.029052778437064,3680,132.94192504882812,132.8916778564453,288.0,0.017361111111111112
3681,-0.9111325619030749,0.9962654480449454,3681,135.02767944335938,134.97581481933594,288.0,0.013888888888888888
3682,-0.9861641251352649,1.332166891453481,3682,136.70262145996094,136.65211486816406,288.0,0.034722222222222224
3683,-0.9398516198502627,0.9284497861865586,3683,135.19384765625,135.141845703125,288.0,0.027777777777777776
3684,-1.0501274127733113,1.3005870572190235,3684,138.26861572265625,138.21676635742188,288.0,0.027777777777777776
3685,-1.0403758672595973,1.0108117534196375,3685,136.5570068359375,136.5047607421875,288.0,0.006944444444444444
3686,-1.087623193927143,1.02985069973424,3686,135.5159912109375,135.4651641845703,288.0,0.010416666666666666
3687,-1.1330517502789297,1.1129109884854063,3687,137.85519409179688,137.80380249023438,288.0,0.017361111111111112
3688,-0.8758026762695563,1.0103902940841318,3688,135.5178985595703,135.4677734375,288.0,0.03819444444444445
3689,-0.8631428385107048,1.0391915059179542,3689,135.84866333007812,135.79847717285156,288.0,0.024305555555555556
3690,-0.935490426175591,1.3358831822976944,3690,132.72003173828125,132.6710662841797,288.0,0.024305555555555556
3691,-0.9491424331320649,1.1575306605164597,3691,136.46005249023438,136.40890502929688,288.0,0.013888888888888888
3692,-0.8777666994940874,0.925056079042478,3692,134.52438354492188,134.47344970703125,288.0,0.017361111111111112
3693,-1.1265875354930313,1.1568969146256376,3693,135.30911254882812,135.258544921875,288.0,0.03125
3694,-0.8813075111818421,0.882770479661277,3694,136.0105438232422,135.95994567871094,288.0,0.017361111111111112
3695,-0.9238432374586396,0.849210219766576,3695,136.84426879882812,136.79306030273438,288.0,0.034722222222222224
3696,-1.137609354716283,0.8104901095709836,3696,134.77493286132812,134.7237091064453,288.0,0.024305555555555556
3697,-0.8637060536824935,1.2809720596424852,3697,133.99609375,133.94476318359375,288.0,0.017361111111111112
3698,-1.051827571845128,0.8118593667972985,3698,134.9541778564453,134.90257263183594,288.0,0.017361111111111112
3699,-0.8636264424569793,0.9568828794735842,3699,131.9840850830078,131.9351806640625,288.0,0.024305555555555556
3700,-1.0485480724229999,0.9053184178543825,3700,135.26046752929688,135.21075439453125,288.0,0.024305555555555556
3701,-1.037788728876094,1.0488235455643378,3701,134.15643310546875,134.10641479492188,288.0,0.013888888888888888
3702,-0.9932458540181549,0.8658933048239675,3702,137.0768280029297,137.02627563476562,288.0,0.024305555555555556
3703,-0.9336309141715269,1.2000773615530833,3703,136.09320068359375,136.0414276123047,288.0,0.010416666666666666
3704,-1.038512733591038,0.8390189950151048,3704,134.78082275390625,134.72897338867188,288.0,0.03125
3705,-0.8800173999495807,1.2789520070642153,3705,136.4799041748047,136.4289093017578,288.0,0.024305555555555556
3706,-0.9631313075632382,0.7479467187253513,3706,135.40090942382812,135.34925842285156,288.0,0.020833333333333332
3707,-0.8761466054758524,0.9101248636293103,3707,136.17152404785156,136.12171936035156,288.0,0.024305555555555556
3708,-0.8623686674094083,0.9783823537406997,3708,131.99111938476562,131.9404296875,288.0,0.013888888888888888
3709,-0.9016991030167524,1.1807293476390772,3709,133.0160675048828,132.966064453125,288.0,0.027777777777777776
3710,-0.9301249707754062,1.1080793634048118,3710,133.44326782226562,133.39199829101562,288.0,0.020833333333333332
3711,-0.9902776866543308,1.122768653013261,3711,133.66415405273438,133.61447143554688,288.0,0.006944444444444444
3712,-0.9704870263531428,1.2190725254952526,3712,130.8107452392578,130.76126098632812,288.0,0.034722222222222224
3713,-0.933551986174796,1.3341902939088435,3713,133.27154541015625,133.2206573486328,288.0,0.024305555555555556
3714,-0.9516999417024046,1.1336759209274285,3714,132.63006591796875,132.5804443359375,288.0,0.003472222222222222
3715,-1.0524123436941075,1.1970055395379315,3715,134.55841064453125,134.50741577148438,288.0,0.006944444444444444
3716,-1.064439583135288,0.8424894530836596,3716,136.0428009033203,135.99154663085938,288.0,0.027777777777777776
3717,-0.9984219232752893,1.261090597480784,3717,135.7250518798828,135.6741180419922,288.0,0.024305555555555556
3718,-0.8879463615284547,0.9138962381879995,3718,133.7645721435547,133.71401977539062,288.0,0.013888888888888888
3719,-1.06363927149897,1.0603835385253193,3719,136.63265991210938,136.58187866210938,288.0,0.024305555555555556
3720,-1.0065376969721518,1.2108659763438856,3720,133.0171356201172,132.96676635742188,288.0,0.020833333333333332
3721,-1.107213616609959,1.0986976054514048,3721,135.69134521484375,135.6394805908203,288.0,0.013888888888888888
3722,-1.0353065817031242,1.3465154307370866,3722,132.5948028564453,132.54481506347656,288.0,0.013888888888888888
3723,-0.956183826366233,1.35570487652442,3723,136.97039794921875,136.9192657470703,288.0,0.010416666666666666
3724,-0.9087513946063799,0.855723652011568,3724,136.26272583007812,136.21096801757812,288.0,0.027777777777777776
3725,-0.8023867336303863,1.2270997486380937,3725,134.68560791015625,134.6350555419922,288.0,0.027777777777777776
3726,-0.7903409463490857,1.2221722783909887,3726,133.84559631347656,133.79574584960938,288.0,0.041666666666666664
3727,-0.8587801227937873,1.2070494131177627,3727,131.90927124023438,131.8599853515625,288.0,0.020833333333333332
3728,-0.9313253948547994,0.9626580128383814,3728,132.94430541992188,132.89349365234375,288.0,0.013888888888888888
3729,-0.9021905276579604,1.0072160932013858,3729,136.1072235107422,136.05581665039062,288.0,0.027777777777777776
3730,-0.8668228452290699,0.6746683770016141,3730,135.65020751953125,135.5970458984375,288.0,0.010416666666666666
3731,-0.8445560085638356,1.3950853078318697,3731,137.1139678955078,137.0625,288.0,0.041666666666666664
3732,-0.8346508708893015,1.1317464303544795,3732,133.95501708984375,133.90609741210938,288.0,0.020833333333333332
3733,-1.173299019861224,1.0271874891348662,3733,135.94564819335938,135.89413452148438,288.0,0.034722222222222224
3734,-0.842393101283354,0.9834782715405074,3734,134.67832946777344,134.62794494628906,288.0,0.020833333333333332
3735,-0.6695168420743673,1.2611281149210651,3735,132.98187255859375,132.93081665039062,288.0,0.027777777777777776
3736,-1.076518980608765,1.0483847891797178,3736,135.29934692382812,135.24815368652344,288.0,0.034722222222222224
3737,-0.8904761300213097,1.2021254850368992,3737,132.91818237304688,132.86691284179688,288.0,0.027777777777777776
3738,-1.025984933625923,1.3473312427861561,3738,132.19451904296875,132.14517211914062,288.0,0.017361111111111112
3739,-0.8533870638083012,1.0356152164086274,3739,134.56524658203125,134.51417541503906,288.0,0.024305555555555556
3740,-0.7431527289827758,1.0392086077027516,3740,133.28836059570312,133.23825073242188,288.0,0.03819444444444445
3741,-0.8848550471719387,1.279099248318355,3741,134.2906951904297,134.23960876464844,288.0,0.010416666666666666
3742,-0.8776221843032554,1.1026126240275331,3742,135.65965270996094,135.6086883544922,288.0,0.027777777777777776
3743,-0.9211735983190006,0.9443120028778873,3743,134.69749450683594,134.64553833007812,288.0,0.041666666666666664
3744,-1.1371567837918386,1.0380972038828589,3744,133.97486877441406,133.92288208007812,288.0,0.034722222222222224
3745,-0.761221369043832,0.9859029485522063,3745,134.2047119140625,134.15402221679688,288.0,0.034722222222222224
3746,-1.0866318744870154,1.0891323253499676,3746,136.21240234375,136.160400390625,288.0,0.041666666666666664
3747,-0.9821653231862312,0.8779243789255198,3747,135.8415985107422,135.78976440429688,288.0,0.006944444444444444
3748,-0.8772665411963305,0.692553331902756,3748,135.14439392089844,135.0927734375,288.0,0.027777777777777776
3749,-1.1991259581986313,1.0173428567319192,3749,135.72116088867188,135.66934204101562,288.0,0.020833333333333332
3750,-0.7184270820902798,0.8514818239439618,3750,134.15675354003906,134.10504150390625,288.0,0.03125
3751,-1.0122946214725266,0.8873261593372683,3751,134.14541625976562,134.0947265625,288.0,0.027777777777777776
3752,-0.8235394815689179,1.1662834688040364,3752,130.9907684326172,130.9412841796875,288.0,0.027777777777777776
3753,-0.9875328044963937,1.121198116890356,3753,131.10049438476562,131.0496826171875,288.0,0.017361111111111112
3754,-0.847783813358882,1.0873067285524318,3754,135.15367126464844,135.10284423828125,288.0,0.034722222222222224
3755,-0.9577154314578809,1.2556388978270394,3755,136.52261352539062,136.4709930419922,288.0,0.041666666666666664
3756,-0.9077492630682057,0.8839744926665286,3756,129.17843627929688,129.12893676757812,288.0,0.010416666666666666
3757,-1.0593986904139094,0.917195012303734,3757,131.55838012695312,131.5067138671875,288.0,0.010416666666666666
3758,-0.8349028513510481,1.0910093303532509,3758,134.33474731445312,134.28260803222656,288.0,0.013888888888888888
3759,-0.7524212129561106,1.1001830974922802,3759,133.72808837890625,133.67620849609375,288.0,0.027777777777777776
3760,-0.7698342157479995,1.27296088835564,3760,135.54800415039062,135.49691772460938,288.0,0.020833333333333332
3761,-0.7714726724063148,1.142548169646457,3761,133.49496459960938,133.4441375732422,288.0,0.034722222222222224
3762,-0.8619737849198404,1.2398582823482354,3762,136.3816375732422,136.3284454345703,288.0,0.017361111111111112
3763,-1.0386697506590647,0.864043105466878,3763,134.03701782226562,133.986328125,288.0,0.013888888888888888
3764,-0.7126427535942798,1.541077053977199,3764,132.94964599609375,132.89764404296875,288.0,0.013888888888888888
3765,-0.8583397080474081,1.0961542260298343,3765,132.7296905517578,132.67929077148438,288.0,0.03125
3766,-0.8848261682741291,1.2485788256850112,3766,134.62916564941406,134.57745361328125,288.0,0.024305555555555556
3767,-0.8056321237148769,1.2501523837511845,3767,134.31517028808594,134.2637939453125,288.0,0.017361111111111112
3768,-0.994683169963888,1.1826000437901847,3768,135.97073364257812,135.91940307617188,288.0,0.027777777777777776
3769,-0.5733281954568842,1.2201396032025575,3769,135.27322387695312,135.22164916992188,288.0,0.020833333333333332
3770,-0.8789437385494895,1.0324368869326146,3770,133.35687255859375,133.30520629882812,288.0,0.027777777777777776
3771,-0.7558305685519433,1.0939405740628507,3771,135.13955688476562,135.0870819091797,288.0,0.020833333333333332
3772,-0.8365246506946322,1.2745764830117727,3772,130.89378356933594,130.84231567382812,288.0,0.03125
3773,-1.004724373365472,1.1767926856023176,3773,133.45681762695312,133.4071044921875,288.0,0.027777777777777776
3774,-0.9103741408006525,1.1746762386455742,3774,135.4388885498047,135.388427734375,288.0,0.034722222222222224
3775,-0.8813788087386851,1.2464639221096039,3775,133.5548553466797,133.50555419921875,288.0,0.020833333333333332
3776,-0.9286723284566256,1.2235804529078251,3776,134.75729370117188,134.70596313476562,288.0,0.027777777777777776
3777,-0.7741237013411999,0.944597455602891,3777,134.56678771972656,134.515380859375,288.0,0.041666666666666664
3778,-1.0162152187408902,1.2172190036758883,3778,133.732421875,133.68138122558594,288.0,0.010416666666666666
3779,-1.0706624379801672,1.1732770614158567,3779,131.13897705078125,131.08724975585938,288.0,0.013888888888888888
3780,-0.8997015899955075,1.2051403879710705,3780,134.93038940429688,134.87823486328125,288.0,0.017361111111111112
3781,-1.0722411386295556,1.0587612564124729,3781,133.65892028808594,133.60816955566406,288.0,0.006944444444444444
3782,-1.0646850925411333,1.2883509332814203,3782,134.9618377685547,134.91104125976562,288.0,0.013888888888888888
3783,-0.902565632798876,1.3332289105204296,3783,133.44186401367188,133.3900146484375,288.0,0.027777777777777776
3784,-1.0963593574655637,1.1287671761494735,3784,133.87454223632812,133.82330322265625,288.0,0.027777777777777776
3785,-1.0647397058049481,1.1545553924152416,3785,133.5919952392578,133.54330444335938,288.0,0.024305555555555556
3786,-0.8798847561367266,0.6972281246159414,3786,134.32369995117188,134.2738037109375,288.0,0.017361111111111112
3787,-1.0086209317076846,1.2068715644612569,3787,135.6412353515625,135.58966064453125,288.0,0.013888888888888888
3788,-1.111524607155437,1.193420107018501,3788,133.659912109375,133.60848999023438,288.0,0.027777777777777776
3789,-0.9200813494378188,1.2938362969474861,3789,133.1030731201172,133.05209350585938,288.0,0.017361111111111112
3790,-0.8469025610344545,1.1964671941450515,3790,135.12229919433594,135.071533203125,288.0,0.03125
3791,-0.9233132321688152,0.8661840537145895,3791,136.0885772705078,136.03634643554688,288.0,0.024305555555555556
3792,-0.7042162145929411,1.2779395798074908,3792,135.06765747070312,135.0161895751953,288.0,0.024305555555555556
3793,-0.9536145817112498,1.1737299757779336,3793,136.56936645507812,136.51817321777344,288.0,0.017361111111111112
3794,-0.8726355161879102,0.6141225204027282,3794,134.49212646484375,134.4417266845703,288.0,0.017361111111111112
3795,-0.9216550656525678,1.1138424386801906,3795,132.79824829101562,132.746826171875,288.0,0.03819444444444445
3796,-0.8036273072341682,1.3464296803050095,3796,133.41729736328125,133.36611938476562,288.0,0.010416666666666666
3797,-0.9399719632552623,0.8405722894826193,3797,132.58546447753906,132.5355682373047,288.0,0.003472222222222222
3798,-0.9323797829489789,0.9371939838131738,3798,135.34986877441406,135.2982177734375,288.0,0.017361111111111112
3799,-0.8894607170873299,1.0428795537355533,3799,129.5453338623047,129.49708557128906,288.0,0.034722222222222224
3800,-0.8550890950799661,1.0169104973217118,3800,134.71395874023438,134.66268920898438,288.0,0.013888888888888888
3801,-0.7978893545751046,0.785762634097417,3801,134.29183959960938,134.24075317382812,288.0,0.03125
3802,-0.7858603953269537,1.1687411411326463,3802,135.48904418945312,135.43746948242188,288.0,0.013888888888888888
3803,-0.9815560115908776,1.027272045575887,3803,134.03836059570312,133.98609924316406,288.0,0.024305555555555556
3804,-0.8062921596199233,1.1425899882796804,3804,135.42735290527344,135.37664794921875,288.0,0.027777777777777776
3805,-0.8966724312548445,0.5707569692275164,3805,136.8690643310547,136.8169403076172,288.0,0.027777777777777776
3806,-0.7221255923397744,1.0706382466402247,3806,136.7707977294922,136.71888732910156,288.0,0.04513888888888889
3807,-0.9128573126880212,0.7870374924965852,3807,135.05538940429688,135.00279235839844,288.0,0.034722222222222224
3808,-0.9583819034971965,0.8600839422170571,3808,134.55984497070312,134.51043701171875,288.0,0.027777777777777776
3809,-0.9101303168174996,0.4794633661898675,3809,134.9375,134.88623046875,288.0,0.020833333333333332
3810,-1.1646182883712488,1.1447842871078664,3810,134.53421020507812,134.48294067382812,288.0,0.013888888888888888
3811,-1.2615743542056645,1.1469729887239837,3811,133.691162109375,133.63973999023438,288.0,0.020833333333333332
3812,-0.9247094011517341,1.1305310906827837,3812,136.39224243164062,136.34130859375,288.0,0.024305555555555556
3813,-0.778008842808597,1.3383071251489211,3813,133.7982177734375,133.74609375,288.0,0.024305555555555556
3814,-0.803361424183541,1.2983010895039708,3814,131.8619842529297,131.8123779296875,288.0,0.020833333333333332
3815,-0.9754442351568022,0.9869577034218687,3815,133.65347290039062,133.6029052734375,288.0,0.027777777777777776
3816,-0.8859732428283436,0.615774856237924,3816,133.04312133789062,132.99246215820312,288.0,0.034722222222222224
3817,-0.9481752502358832,1.1484869851621413,3817,133.8236541748047,133.77178955078125,288.0,0.013888888888888888
3818,-0.9368979837307949,1.3025562390155276,3818,135.41812133789062,135.36692810058594,288.0,0.017361111111111112
3819,-0.8621856324888321,1.2920730826031102,3819,131.8515167236328,131.7998504638672,288.0,0.017361111111111112
3820,-1.0519563255209308,1.1616881000157029,3820,130.60189819335938,130.55194091796875,288.0,0.03819444444444445
3821,-0.795992623250763,1.0925044573033351,3821,131.3888702392578,131.33929443359375,288.0,0.020833333333333332
3822,-0.8590415324263709,0.6431359762837838,3822,130.8392333984375,130.78912353515625,288.0,0.017361111111111112
3823,-0.8693024201677951,1.363181779778795,3823,133.57650756835938,133.52557373046875,288.0,0.03125
3824,-0.6484914182232158,1.039953202964693,3824,134.17947387695312,134.12811279296875,288.0,0.03125
3825,-1.0605647272776944,0.8038825230703615,3825,136.15174865722656,136.10067749023438,288.0,0.020833333333333332
3826,-0.9517106936578352,0.9530606241456099,3826,132.7413330078125,132.69076538085938,288.0,0.020833333333333332
3827,-0.9235813205170622,0.9187815139100002,3827,133.49237060546875,133.44149780273438,288.0,0.006944444444444444
3828,-0.7968819045777407,1.2169664519074612,3828,130.59616088867188,130.54461669921875,288.0,0.034722222222222224
3829,-0.9938475821488093,0.9630457365917064,3829,130.40185546875,130.35128784179688,288.0,0.027777777777777776
3830,-0.8252630194728054,1.2233961066491266,3830,129.83499145507812,129.78517150878906,288.0,0.024305555555555556
3831,-0.8250274344429465,0.9859630034276227,3831,134.99403381347656,134.94277954101562,288.0,0.006944444444444444
3832,-0.8540014320188714,1.1986043994147335,3832,129.64720153808594,129.5976104736328,288.0,0.020833333333333332
3833,-1.0815890544030207,0.9660770164906618,3833,131.35577392578125,131.30618286132812,288.0,0.03125
3834,-0.8310392318909836,1.1828315745761513,3834,131.677734375,131.62655639648438,288.0,0.013888888888888888
3835,-1.0397596893976218,0.6263717434648335,3835,133.3521728515625,133.30242919921875,288.0,0.006944444444444444
3836,-0.9296450306639318,1.062593828904153,3836,132.2335205078125,132.18438720703125,288.0,0.020833333333333332
3837,-0.9682510979340747,1.0196135602392393,3837,134.2032928466797,134.15272521972656,288.0,0.010416666666666666
3838,-0.924293057877413,1.2116901018134065,3838,130.57211303710938,130.5220947265625,288.0,0.024305555555555556
3839,-1.0088150081654588,0.8459124574368697,3839,132.8528594970703,132.80252075195312,288.0,0.020833333333333332
3840,-1.0431431436839231,1.080966629799491,3840,132.99301147460938,132.9422607421875,288.0,0.024305555555555556
3841,-1.0741643346662886,0.8689173887554812,3841,135.73243713378906,135.68154907226562,288.0,0.024305555555555556
3842,-0.8216371612931384,1.0257836504266373,3842,132.63751220703125,132.5870361328125,288.0,0.024305555555555556
3843,-1.1069939255402979,1.0020656658902558,3843,133.98013305664062,133.9296112060547,288.0,0.024305555555555556
3844,-0.990912051655078,0.8550867464566971,3844,132.0248565673828,131.9749755859375,288.0,0.041666666666666664
3845,-0.8223465379291451,1.0360129392307837,3845,134.87420654296875,134.82339477539062,288.0,0.020833333333333332
3846,-0.81164921264035,0.9816359649335252,3846,137.00735473632812,136.9552001953125,288.0,0.006944444444444444
3847,-0.9379909266435694,1.140568598630333,3847,129.8343963623047,129.78521728515625,288.0,0.020833333333333332
3848,-0.6856253576067163,1.298149330246574,3848,133.63507080078125,133.5850067138672,288.0,0.03819444444444445
3849,-0.7420024991117833,1.4684830324507456,3849,127.77633666992188,127.7279281616211,288.0,0.027777777777777776
3850,-0.9299042852384987,1.125911608606722,3850,133.6521453857422,133.5998992919922,288.0,0.03819444444444445
3851,-0.8446270661850709,1.2789602689307424,3851,134.66934204101562,134.6179656982422,288.0,0.03125
3852,-0.8821047629568719,1.2499624825770972,3852,134.5067138671875,134.4544677734375,288.0,0.013888888888888888
3853,-0.8311905706254787,1.019006480832182,3853,136.08352661132812,136.03289794921875,288.0,0.017361111111111112
3854,-0.8377103277547031,1.3231329939811625,3854,134.51585388183594,134.46519470214844,288.0,0.034722222222222224
3855,-0.8330281392061751,1.0311040508953944,3855,132.18307495117188,132.13336181640625,288.0,0.034722222222222224
3856,-0.8250562240558051,0.9942332284329674,3856,133.6234130859375,133.57334899902344,288.0,0.024305555555555556
3857,-0.9200849282119089,0.8560613546290894,3857,131.84866333007812,131.79898071289062,288.0,0.020833333333333332
3858,-1.0473992212764625,0.7034466109935636,3858,134.041259765625,133.9907989501953,288.0,0.017361111111111112
3859,-0.8930698009899094,1.0726839803540196,3859,126.9046401977539,126.85627746582031,288.0,0.017361111111111112
3860,-0.84765906956594,1.1158991908214915,3860,133.12477111816406,133.07469177246094,288.0,0.024305555555555556
3861,-0.9009093382379477,0.5166604979463186,3861,135.14747619628906,135.09799194335938,288.0,0.020833333333333332
3862,-0.9943236124334932,1.0360933989573595,3862,136.02186584472656,135.96978759765625,288.0,0.020833333333333332
3863,-0.9520204791632063,0.717607976227291,3863,137.31907653808594,137.26736450195312,288.0,0.003472222222222222
3864,-1.0512614483879958,1.2187044301593624,3864,133.86672973632812,133.81675720214844,288.0,0.020833333333333332
3865,-0.7030513112790544,1.3827909579910505,3865,136.0276641845703,135.97647094726562,288.0,0.024305555555555556
3866,-0.902268868061123,0.9294005994931299,3866,134.57855224609375,134.52883911132812,288.0,0.013888888888888888
3867,-0.7766368391333414,1.3599200912035838,3867,134.833740234375,134.7828369140625,288.0,0.020833333333333332
3868,-0.886779107801372,1.0145875306734067,3868,134.48141479492188,134.43026733398438,288.0,0.020833333333333332
3869,-0.8885085689482168,1.2104174255422973,3869,132.8052978515625,132.75668334960938,288.0,0.013888888888888888
3870,-0.8695741191886843,0.9256558038105612,3870,131.2519073486328,131.20237731933594,288.0,0.024305555555555556
3871,-0.8504130583720413,1.1390449045439057,3871,135.28659057617188,135.23477172851562,288.0,0.006944444444444444
3872,-0.9041934108663937,1.2831586529011896,3872,133.6892547607422,133.638427734375,288.0,0.010416666666666666
3873,-0.7988014256469026,1.3638402467587625,3873,135.39755249023438,135.34576416015625,288.0,0.024305555555555556
3874,-1.044944731778249,1.2277568740526077,3874,136.4818115234375,136.4304962158203,288.0,0.003472222222222222
3875,-1.0761239599712253,0.97533093196967,3875,132.43968200683594,132.38858032226562,288.0,0.024305555555555556
3876,-0.9483251155722665,1.094197616664029,3876,131.33543395996094,131.28530883789062,288.0,0.04861111111111111
3877,-0.8572875111754946,1.2972552119598106,3877,132.52938842773438,132.47860717773438,288.0,0.013888888888888888
3878,-1.0590949345721306,1.1929294321353332,3878,134.95050048828125,134.8988037109375,288.0,0.020833333333333332
3879,-0.8174485185050087,1.0739518998735984,3879,132.7525634765625,132.70025634765625,288.0,0.013888888888888888
3880,-0.9497619374444572,1.2048354800342889,3880,133.90097045898438,133.85043334960938,288.0,0.03125
3881,-0.7840561689132778,1.087972687719308,3881,135.13748168945312,135.0860137939453,288.0,0.027777777777777776
3882,-0.8667699296516651,1.1752366632558482,3882,136.79212951660156,136.74156188964844,288.0,0.024305555555555556
3883,-0.8543780015320193,0.6979957053368224,3883,135.53384399414062,135.48313903808594,288.0,0.017361111111111112
3884,-0.9013001865453086,1.0837028936465647,3884,135.66725158691406,135.6167449951172,288.0,0.013888888888888888
3885,-0.9353369761243057,1.1067815856347225,3885,131.21853637695312,131.16842651367188,288.0,0.010416666666666666
3886,-0.8213270589938687,0.7670795697397308,3886,134.85720825195312,134.80628967285156,288.0,0.017361111111111112
3887,-0.813155597662972,1.2575920040402324,3887,130.36705017089844,130.3173370361328,288.0,0.017361111111111112
3888,-1.017901842058138,1.083921590104358,3888,131.87530517578125,131.82595825195312,288.0,0.024305555555555556
3889,-0.9411499476173807,1.2737481312378094,3889,136.26564025878906,136.21533203125,288.0,0.003472222222222222
3890,-1.0861102352841074,1.102404074578585,3890,133.05201721191406,133.0019073486328,288.0,0.027777777777777776
3891,-0.8985665302401016,1.2723799387702772,3891,135.85032653808594,135.7985382080078,288.0,0.020833333333333332
3892,-1.0598460401592626,1.064993815317103,3892,137.11453247070312,137.06356811523438,288.0,0.020833333333333332
3893,-0.8200136922377976,1.2094145088117405,3893,134.91062927246094,134.8614501953125,288.0,0.024305555555555556
3894,-0.9617379172769258,0.8552187568071075,3894,131.1901397705078,131.1412353515625,288.0,0.020833333333333332
3895,-0.8889674655688479,1.0041172890824273,3895,136.59808349609375,136.54635620117188,288.0,0.010416666666666666
3896,-0.9679716461495195,1.2565141918248999,3896,136.30551147460938,136.25347900390625,288.0,0.010416666666666666
3897,-0.924283651401836,0.5207414696695233,3897,136.2971954345703,136.24537658691406,288.0,0.017361111111111112
3898,-0.9363117294136979,1.087592484094631,3898,131.77366638183594,131.72470092773438,288.0,0.0
3899,-0.8984700405468335,1.210178207715507,3899,135.63632202148438,135.58526611328125,288.0,0.020833333333333332
3900,-0.8323491945976017,1.0652795040561422,3900,136.66580200195312,136.61514282226562,288.0,0.017361111111111112
3901,-0.8963065965248167,0.9561490262619692,3901,134.35470581054688,134.30361938476562,288.0,0.024305555555555556
3902,-0.928923576158987,1.1957462517103785,3902,130.24063110351562,130.1916961669922,288.0,0.010416666666666666
3903,-0.7116280391181586,1.110953039230391,3903,136.21461486816406,136.16238403320312,288.0,0.010416666666666666
3904,-0.9267635802168535,1.196874093571745,3904,136.21873474121094,136.16770935058594,288.0,0.027777777777777776
3905,-1.0399326115528353,1.2752784824903631,3905,137.10812377929688,137.0577392578125,288.0,0.027777777777777776
3906,-1.1204058161581232,0.9277603721130336,3906,137.4736328125,137.42205810546875,288.0,0.006944444444444444
3907,-1.0175193683950292,1.1946612679689714,3907,136.1664581298828,136.11477661132812,288.0,0.020833333333333332
3908,-1.0072852200198905,1.2899343478351841,3908,132.11534118652344,132.06497192382812,288.0,0.006944444444444444
3909,-0.9569906278462663,1.1129715800594147,3909,136.78350830078125,136.73248291015625,288.0,0.006944444444444444
3910,-0.9163530834743949,1.137956066799199,3910,135.097412109375,135.04576110839844,288.0,0.027777777777777776
3911,-0.9414530239591785,1.0176549907845012,3911,132.28427124023438,132.233642578125,288.0,0.013888888888888888
3912,-0.8735133681366387,0.5641993929965076,3912,130.45474243164062,130.40643310546875,288.0,0.024305555555555556
3913,-0.9852989393606032,1.0707466023883219,3913,134.45484924316406,134.40391540527344,288.0,0.010416666666666666
3914,-0.6851931608722422,1.2480469310110933,3914,135.51998901367188,135.46963500976562,288.0,0.020833333333333332
3915,-0.9099694742511857,1.1348590262014928,3915,131.45594787597656,131.40602111816406,288.0,0.020833333333333332
3916,-0.9972323955266178,1.0164627481266668,3916,135.36135864257812,135.30946350097656,288.0,0.03819444444444445
3917,-0.9664818196697849,1.0588290676041248,3917,135.28878784179688,135.2366943359375,288.0,0.010416666666666666
3918,-0.8753973085933576,0.9404858926332067,3918,132.11474609375,132.064208984375,288.0,0.010416666666666666
3919,-0.923070671165726,1.1526333934999249,3919,137.10678100585938,137.05429077148438,288.0,0.024305555555555556
3920,-1.0231696582652654,0.8688255345886589,3920,136.29014587402344,136.2406005859375,288.0,0.006944444444444444
3921,-0.9575301019235307,0.8171402352532438,3921,135.51910400390625,135.468505859375,288.0,0.03125
3922,-1.0834947214791133,1.190491145573493,3922,132.77032470703125,132.71974182128906,288.0,0.017361111111111112
3923,-0.911842410300641,1.1978216331022267,3923,132.54434204101562,132.49420166015625,288.0,0.027777777777777776
3924,-0.9173843932746427,1.1676221099740225,3924,135.38946533203125,135.33743286132812,288.0,0.013888888888888888
3925,-0.9347955301261754,1.107140464396592,3925,135.02342224121094,134.9726104736328,288.0,0.017361111111111112
3926,-1.0854095193233588,1.0879431049252344,3926,135.181396484375,135.130859375,288.0,0.010416666666666666
3927,-1.137468043220723,1.0227554446386815,3927,132.06976318359375,132.01974487304688,288.0,0.017361111111111112
3928,-0.935990864215133,1.2215810053707723,3928,135.32261657714844,135.27133178710938,288.0,0.034722222222222224
3929,-1.0886503355295747,1.193579375575172,3929,135.52740478515625,135.4761962890625,288.0,0.034722222222222224
3930,-0.8110616627791205,1.2156855525708492,3930,132.68182373046875,132.63143920898438,288.0,0.020833333333333332
3931,-0.9490649426200376,0.9544836574013102,3931,135.01840209960938,134.96713256835938,288.0,0.013888888888888888
3932,-0.8658772100340854,0.5816980918024802,3932,131.34393310546875,131.29339599609375,288.0,0.013888888888888888
3933,-0.7077601760980665,0.938378188976945,3933,132.05323791503906,132.00184631347656,288.0,0.034722222222222224
3934,-0.879576376571083,0.6199077455555151,3934,136.72515869140625,136.67384338378906,288.0,0.027777777777777776
3935,-0.9283852724453874,1.1586187439882396,3935,134.48519897460938,134.43272399902344,288.0,0.017361111111111112
3936,-0.9086078447094432,1.0879114568899266,3936,133.47064208984375,133.4207305908203,288.0,0.013888888888888888
3937,-0.8183048570449755,0.7757828169519695,3937,136.3538818359375,136.3020477294922,288.0,0.017361111111111112
3938,-1.0662635944296235,0.9123360711809134,3938,134.99188232421875,134.94190979003906,288.0,0.013888888888888888
3939,-0.9948556631197705,0.31840092610823995,3939,133.6298828125,133.57861328125,288.0,0.020833333333333332
3940,-1.1034866789407525,1.1257731012325125,3940,133.03298950195312,132.98269653320312,288.0,0.017361111111111112
3941,-0.9817069348411541,1.2103594459617584,3941,134.0120849609375,133.9619140625,288.0,0.020833333333333332
3942,-0.8573774507436495,0.9575176008110521,3942,136.25390625,136.20188903808594,288.0,0.003472222222222222
3943,-1.0070129258536353,1.118118341403657,3943,135.24440002441406,135.1928253173828,288.0,0.013888888888888888
3944,-0.924386897453473,1.2534000573200583,3944,132.0535888671875,132.004150390625,288.0,0.020833333333333332
3945,-0.6650067208725358,1.2408550461083194,3945,134.73388671875,134.68190002441406,288.0,0.020833333333333332
3946,-0.8531025695266585,1.0783099575947817,3946,131.78948974609375,131.73886108398438,288.0,0.027777777777777776
3947,-1.0530427665759696,1.194452774837177,3947,134.6326904296875,134.58067321777344,288.0,0.017361111111111112
3948,-1.0718757085904522,1.0064504019535003,3948,135.4137725830078,135.36260986328125,288.0,0.003472222222222222
3949,-0.9292425594037446,0.4495423943375181,3949,134.65774536132812,134.60586547851562,288.0,0.013888888888888888
3950,-0.8457670704789413,0.7799042837911336,3950,131.9544219970703,131.9032745361328,288.0,0.020833333333333332
3951,-1.0533289727617696,1.2288310309940191,3951,132.672607421875,132.62319946289062,288.0,0.010416666666666666
3952,-0.992740528556787,1.251575306060174,3952,134.75900268554688,134.70846557617188,288.0,0.03125
3953,-0.8850596530112145,0.8956294049301423,3953,133.1634521484375,133.11300659179688,288.0,0.027777777777777776
3954,-1.0794210806293991,0.9893021829957344,3954,133.217041015625,133.16702270507812,288.0,0.024305555555555556
3955,-0.8120008320941393,1.0713133929087397,3955,133.7254180908203,133.67445373535156,288.0,0.034722222222222224
3956,-1.0087291094935678,1.127459245640661,3956,132.16348266601562,132.11399841308594,288.0,0.024305555555555556
3957,-0.7044019650971225,1.180337717511754,3957,133.64505004882812,133.59381103515625,288.0,0.024305555555555556
3958,-1.0264369633235748,0.7110221303667952,3958,129.01170349121094,128.96182250976562,288.0,0.024305555555555556
3959,-1.0583770491299676,1.2963603874709688,3959,135.45150756835938,135.39990234375,288.0,0.017361111111111112
3960,-0.7433431608792986,1.1353891564063483,3960,135.96426391601562,135.91372680664062,288.0,0.024305555555555556
3961,-0.7306057706772392,1.1884751151479007,3961,134.87692260742188,134.82569885253906,288.0,0.024305555555555556
3962,-1.0004522579309085,0.8393323511027457,3962,133.9390411376953,133.8875732421875,288.0,0.020833333333333332
3963,-0.8847922134319786,1.2710019424521308,3963,135.6531982421875,135.60076904296875,288.0,0.020833333333333332
3964,-0.9952351987895217,1.2024871945222657,3964,133.6845703125,133.63308715820312,288.0,0.010416666666666666
3965,-1.202368492465758,1.0592958029766066,3965,136.52853393554688,136.47677612304688,288.0,0.024305555555555556
3966,-0.9376656300432137,0.970886109874898,3966,131.36785888671875,131.31732177734375,288.0,0.020833333333333332
3967,-1.0582312425582758,0.8062908489131508,3967,134.14614868164062,134.09388732910156,288.0,0.013888888888888888
3968,-1.166300383053609,1.0296551991650118,3968,134.78994750976562,134.73916625976562,288.0,0.024305555555555556
3969,-0.9613244375805576,0.9081692789803607,3969,133.77731323242188,133.72665405273438,288.0,0.010416666666666666
3970,-1.1963675499683328,1.070285809253317,3970,133.89205932617188,133.84129333496094,288.0,0.03125
3971,-0.7716944796744379,1.1698712481987041,3971,134.34866333007812,134.29779052734375,288.0,0.027777777777777776
3972,-0.879666836482801,1.2299297862298892,3972,134.62855529785156,134.577392578125,288.0,0.017361111111111112
3973,-0.9416936870725279,1.1522441220843584,3973,135.19317626953125,135.14239501953125,288.0,0.020833333333333332
3974,-0.9928226093690671,1.0409285983648584,3974,134.274169921875,134.22308349609375,288.0,0.020833333333333332
3975,-0.8388775767685337,0.7508829907896887,3975,132.97027587890625,132.92051696777344,288.0,0.027777777777777776
3976,-0.7938521610984924,0.750375301990746,3976,131.59176635742188,131.5425262451172,288.0,0.006944444444444444
3977,-1.161611841645584,1.1234282244805678,3977,134.02406311035156,133.97396850585938,288.0,0.03125
3978,-1.0418480453492946,1.1128563056787784,3978,134.27642822265625,134.22479248046875,288.0,0.03819444444444445
3979,-0.9212100791231695,1.3452452378586137,3979,137.240234375,137.18966674804688,288.0,0.020833333333333332
3980,-0.9393615899358055,1.1934848319084255,3980,133.87252807617188,133.82078552246094,288.0,0.020833333333333332
3981,-0.8674823237309108,1.211310155650454,3981,131.38253784179688,131.33309936523438,288.0,0.006944444444444444
3982,-0.8112708260991494,0.6346058682787836,3982,134.71649169921875,134.66476440429688,288.0,0.013888888888888888
3983,-1.0487379582022223,1.0524901658747279,3983,132.1470489501953,132.097412109375,288.0,0.013888888888888888
3984,-0.8725558908824194,1.1764006186419709,3984,133.91590881347656,133.86456298828125,288.0,0.017361111111111112
3985,-0.9372006447613452,1.2556436125608768,3985,134.5325927734375,134.4811553955078,288.0,0.017361111111111112
3986,-0.8658184582064108,1.0076253612231818,3986,133.09530639648438,133.04489135742188,288.0,0.024305555555555556
3987,-0.9915940364703955,1.2049474684233774,3987,133.66311645507812,133.61236572265625,288.0,0.020833333333333332
3988,-0.7804872516462485,1.304316914802325,3988,135.43768310546875,135.38723754882812,288.0,0.013888888888888888
3989,-0.8628078438212098,1.2262945411991817,3989,134.847900390625,134.79689025878906,288.0,0.017361111111111112
3990,-1.0013337440039394,0.6359114262357721,3990,133.64425659179688,133.5926513671875,288.0,0.010416666666666666
3991,-1.0133368402067846,1.24488342906817,3991,134.39041137695312,134.3395538330078,288.0,0.020833333333333332
3992,-0.9402561792720096,0.7730897411216782,3992,135.06956481933594,135.0181884765625,288.0,0.010416666666666666
3993,-0.9300647190934854,0.6079954462174909,3993,135.5623016357422,135.51112365722656,288.0,0.017361111111111112
3994,-1.0652705778006026,0.9162441233957286,3994,129.14329528808594,129.0948028564453,288.0,0.024305555555555556
3995,-0.8219593198988802,1.0803520922852015,3995,134.5861053466797,134.53541564941406,288.0,0.020833333333333332
3996,-1.0245675352086105,1.2718414851081195,3996,137.14508056640625,137.0934600830078,288.0,0.013888888888888888
3997,-1.0062101876790948,0.9384686427271657,3997,134.91879272460938,134.86685180664062,288.0,0.03125
3998,-0.7000399096700805,1.3535170723754026,3998,135.604736328125,135.55389404296875,288.0,0.013888888888888888
3999,-0.9053706245498501,1.17811592751606,3999,129.5790252685547,129.52862548828125,288.0,0.017361111111111112
