#{"t_start": 1749479552.2487283, "env_id": "None"}
r,l,t
-124.116123,432,5288.540904
-17.813753,432,5289.318427
85.084256,432,5290.059123
-2.346733,432,5290.839318
11.884082,432,5291.586554
21.850992,432,5292.504506
-23.611071,432,5293.528051
-73.181354,432,5294.270288
41.739821,432,5295.022703
39.83364,432,5295.810975
-33.911138,432,5296.567778
21.257838,432,5297.35096
28.513419,432,5298.104486
212.191577,432,5299.107706
-19.003858,432,5300.128412
9.019147,432,5300.881173
34.731546,432,5301.638772
101.738039,432,5302.420612
11.451266,432,5303.181495
13.751319,432,5303.926404
75.882275,432,5304.719147
134.415281,432,5305.682058
16.372566,432,5306.677781
41.078321,432,5307.429205
-1.268015,432,5308.181548
81.883368,432,5308.982464
46.772493,432,5309.735524
3.215872,432,5310.507017
-47.946711,432,5311.292943
-2.13297,432,5312.263613
12.721221,432,5313.249223
8.373476,432,5314.004117
19.658037,432,5314.779673
1.339063,432,5315.580618
105.981333,432,5316.33136
72.424522,432,5317.124141
8.498736,432,5317.883652
-7.806538,432,5318.822643
125.935182,432,5319.826536
39.498888,432,5320.576211
52.445245,432,5321.339367
50.062421,432,5322.13494
-31.424611,432,5322.88157
-1.694584,432,5323.65814
72.46992,432,5324.413124
8.385332,432,5325.393462
35.977214,432,5326.358836
58.891566,432,5327.107103
43.390272,432,5327.8825
32.654107,432,5328.676617
2.792436,432,5329.434319
62.451395,432,5330.218949
68.46318,432,5330.970646
24.24669,432,5331.902189
86.588753,432,5332.893584
-1.423318,432,5333.650079
-80.216232,432,5334.406216
110.581253,432,5335.213064
28.146084,432,5335.966346
95.283727,432,5336.749261
74.113611,432,5337.57481
43.247865,432,5338.696571
-10.584756,432,5339.612856
2.956654,432,5340.357043
-0.12996,432,5341.15873
20.466129,432,5341.965028
10.355364,432,5342.761646
91.398566,432,5343.519814
33.818579,432,5344.280624
160.441286,432,5345.32811
-27.977268,432,5346.254545
-29.201467,432,5347.079161
105.420825,432,5347.834725
20.639278,432,5348.596989
4.962957,432,5349.377214
102.746178,432,5350.139894
66.267868,432,5350.894962
22.136968,432,5351.938238
3.284556,432,5352.915884
103.085141,432,5353.703251
45.641406,432,5354.474484
74.230419,432,5355.281434
14.086159,432,5356.032554
138.007864,432,5356.788027
9.099958,432,5357.569628
7.035808,432,5358.38034
5.881528,432,5359.013536
1.966784,432,5359.442503
4.582443,432,5359.862522
7.723865,432,5360.276831
30.157219,432,5361.250633
-92.646023,432,5362.029019
-131.608206,432,5362.778553
108.462368,432,5363.583853
113.86886,432,5364.62446
176.565275,432,5365.551874
50.163767,432,5366.316702
-290.782066,432,5367.082539
-42.1273,432,5367.914177
-72.512195,432,5368.66835
119.479228,432,5369.411709
115.257528,432,5370.204
62.128682,432,5371.199257
107.530407,432,5372.156155
35.56773,432,5372.915038
56.524117,432,5373.669987
119.662472,432,5374.480343
-62.954237,432,5375.231783
221.238188,432,5376.053302
160.107853,432,5376.827904
199.441835,432,5377.832979
-77.427932,432,5378.826008
92.46886,432,5379.570845
518.037954,432,5380.331903
31.899193,432,5381.131224
-18.758048,432,5381.872015
51.110246,432,5382.650541
118.304841,432,5383.409809
28.254922,432,5384.49019
322.484996,432,5385.440833
255.846429,432,5386.185124
134.83486,432,5386.940971
94.740796,432,5387.730304
228.734141,432,5388.523338
253.483813,432,5389.304239
303.006392,432,5390.077644
296.119506,432,5391.102015
101.109064,432,5392.040575
435.577438,432,5392.789588
-21.419906,432,5393.543839
149.123781,432,5394.3391
226.173454,432,5395.089598
199.020792,432,5395.86014
173.092234,432,5396.624486
265.569551,432,5397.57361
250.547583,432,5398.541454
439.298389,432,5399.304384
316.938591,432,5400.059045
373.641652,432,5400.877408
250.188244,432,5401.631856
174.286184,432,5402.43287
262.802354,432,5403.217107
-5.536846,432,5404.267609
269.674958,432,5405.17555
271.199776,432,5405.928519
377.976242,432,5406.709622
135.212303,432,5407.477752
209.61184,432,5408.22698
281.911231,432,5409.032969
134.527224,432,5409.83345
206.658689,432,5410.8039
302.583149,432,5411.748745
290.833385,432,5412.491198
107.014687,432,5413.250845
152.074355,432,5414.042857
411.135799,432,5414.791881
530.429374,432,5415.570131
185.577769,432,5416.354226
368.658364,432,5417.350305
278.055504,432,5418.324775
301.909375,432,5419.099097
345.585008,432,5419.879144
257.493371,432,5420.691419
427.059226,432,5421.463188
448.936187,432,5422.252458
294.819879,432,5423.02006
536.558309,432,5424.036714
267.95653,432,5425.030471
461.28509,432,5425.799543
97.350514,432,5426.580994
215.249248,432,5427.385088
421.356734,432,5428.172547
317.036392,432,5428.979336
369.814563,432,5429.778481
289.692306,432,5430.875185
429.261526,432,5431.64533
373.754295,432,5432.060431
398.676411,432,5432.47862
584.670328,432,5432.912062
505.825396,432,5433.336531
113.133125,432,5434.316031
171.570455,432,5435.147252
270.028214,432,5435.916358
337.427918,432,5436.970125
245.199889,432,5437.983135
469.172769,432,5438.743274
381.728636,432,5439.501148
162.898793,432,5440.316451
109.682134,432,5441.073427
359.607178,432,5441.861142
279.484342,432,5442.63206
304.16004,432,5443.753469
454.38551,432,5444.729779
-276.22192,432,5445.498376
363.474729,432,5446.269262
-54.102033,432,5447.080966
382.940514,432,5447.84987
448.140513,432,5448.672034
381.356177,432,5449.432164
151.330651,432,5450.375572
-16.16893,432,5451.364078
433.443905,432,5452.128494
391.508206,432,5452.896715
329.638499,432,5453.697016
270.127983,432,5454.463724
601.448974,432,5455.259532
257.646304,432,5456.035108
74.528795,432,5457.026917
450.675093,432,5458.029421
376.566442,432,5458.795306
337.176009,432,5459.549465
625.836345,432,5460.359348
72.107303,432,5461.119863
307.525663,432,5461.947141
71.847557,432,5462.737443
562.829915,432,5463.678327
582.393804,432,5464.692263
735.802527,432,5465.4599
288.775892,432,5466.23422
435.141567,432,5467.094521
646.953002,432,5467.876528
445.362094,432,5468.668739
498.545873,432,5469.432916
812.899791,432,5470.408056
435.532077,432,5471.410917
676.361017,432,5472.184148
428.357885,432,5473.000984
313.768119,432,5473.80665
673.972409,432,5474.558246
455.636152,432,5475.319323
440.615176,432,5476.114694
388.280871,432,5477.071014
512.522222,432,5478.054118
107.145623,432,5478.810457
88.571489,432,5479.586107
417.040682,432,5480.390291
384.296794,432,5481.171276
153.866261,432,5481.968564
622.952087,432,5482.732731
533.299782,432,5483.762016
411.876492,432,5484.735816
530.892053,432,5485.503144
494.729472,432,5486.278933
375.567182,432,5487.073001
178.418079,432,5487.838625
597.908974,432,5488.631712
138.556984,432,5489.410938
501.722993,432,5490.387435
537.934218,432,5491.366092
421.141831,432,5492.134099
92.147972,432,5492.903916
515.038982,432,5493.761214
492.153096,432,5494.518248
585.754613,432,5495.267117
274.260318,432,5496.060954
81.333379,432,5497.103462
536.654036,432,5498.06968
230.507884,432,5498.836402
462.985601,432,5499.599509
35.786139,432,5500.415613
175.072088,432,5501.174533
590.745386,432,5501.973656
543.654082,432,5502.724883
329.592461,432,5503.660201
665.175455,432,5504.673826
772.982796,432,5505.333104
616.33408,432,5505.733191
701.655233,432,5506.133801
785.511037,432,5506.552782
491.629591,432,5506.981679
23.561652,432,5507.962937
578.879949,432,5508.739836
139.099331,432,5509.514467
105.306239,432,5510.295614
610.748506,432,5511.064034
368.901091,432,5511.821329
397.956448,432,5512.82475
630.318676,432,5513.730864
614.051587,432,5514.614068
653.050013,432,5515.423556
391.90076,432,5516.215564
577.12375,432,5517.033664
108.227255,432,5517.793581
472.769113,432,5518.572852
514.531969,432,5519.612131
200.562513,432,5520.522318
286.337622,432,5521.307032
608.152483,432,5522.093383
632.912048,432,5522.934969
619.316589,432,5523.711811
402.993879,432,5524.483711
710.570925,432,5525.278865
616.36621,432,5526.277869
581.734999,432,5527.229166
421.865782,432,5527.997292
31.818227,432,5528.763465
570.518843,432,5529.61458
537.209028,432,5530.413985
156.264489,432,5531.176215
400.63504,432,5531.961739
256.580825,432,5532.946838
224.364926,432,5533.807624
407.883697,432,5534.592818
586.746517,432,5535.387358
217.713282,432,5536.193758
403.459888,432,5536.980426
342.933302,432,5537.727041
526.50932,432,5538.506515
87.153222,432,5539.55444
644.503694,432,5540.403167
705.284073,432,5541.194636
556.388898,432,5541.952998
520.825755,432,5542.757146
364.277003,432,5543.514386
545.089231,432,5544.284936
104.330039,432,5545.085921
415.621921,432,5546.085083
685.300696,432,5547.027773
356.927965,432,5547.784476
747.697881,432,5548.565487
194.472782,432,5549.353174
123.889607,432,5550.103485
326.087162,432,5550.91534
380.023696,432,5551.686656
500.000235,432,5552.604127
473.351089,432,5553.58678
642.009322,432,5554.334431
338.8395,432,5555.088479
505.099912,432,5555.872108
506.972406,432,5556.636333
590.16209,432,5557.421525
532.738231,432,5558.201132
636.335772,432,5559.183951
465.279668,432,5560.175814
506.694923,432,5560.92076
146.214678,432,5561.674895
308.908076,432,5562.485368
583.598617,432,5563.228632
170.766404,432,5563.977755
326.964836,432,5564.769202
347.528736,432,5565.775107
216.228736,432,5566.740586
627.501792,432,5567.487015
289.874121,432,5568.243021
522.326678,432,5569.056322
462.270268,432,5569.820148
206.440468,432,5570.590533
643.698614,432,5571.361656
608.707666,432,5572.345232
-48.118941,432,5573.336643
528.277155,432,5574.086463
236.462784,432,5574.836979
336.282148,432,5575.632186
444.838936,432,5576.379822
643.667119,432,5577.163818
792.396191,432,5577.864213
753.184238,432,5578.268959
768.47986,432,5578.984496
674.754908,432,5579.550057
795.124168,432,5579.970305
696.450169,432,5580.933216
451.194038,432,5581.720916
529.200617,432,5582.478518
577.588283,432,5583.261832
168.211426,432,5584.024159
323.213169,432,5584.970575
578.932866,432,5585.975437
511.241456,432,5586.734765
360.030438,432,5587.481905
314.648228,432,5588.266788
13.407306,432,5589.016719
359.549448,432,5589.789624
436.714099,432,5590.556387
256.173572,432,5591.55381
28.108644,432,5592.575155
16.520853,432,5593.37414
369.160964,432,5594.156878
159.606729,432,5594.958379
7.736234,432,5595.707653
375.645233,432,5596.451932
691.193319,432,5597.234322
378.205367,432,5598.237511
361.302177,432,5599.248495
667.846617,432,5600.002822
524.322386,432,5600.775676
729.083139,432,5601.561622
659.17406,432,5602.317788
581.859966,432,5603.109904
432.521414,432,5603.893934
399.502945,432,5604.888518
572.606854,432,5605.88069
392.911181,432,5606.62719
668.083059,432,5607.38698
471.850241,432,5608.185155
647.039844,432,5608.934157
431.524191,432,5609.714884
556.590934,432,5610.465457
57.191826,432,5611.478531
59.605023,432,5612.452929
503.684805,432,5613.19849
634.45222,432,5613.960625
417.251288,432,5614.768801
695.835754,432,5615.543298
660.294909,432,5616.335594
688.285987,432,5617.095986
506.283495,432,5618.08186
433.00809,432,5619.10738
491.47123,432,5619.859912
321.167495,432,5620.61632
173.670599,432,5621.402383
513.078532,432,5622.165436
598.876085,432,5622.936601
497.535367,432,5623.749465
701.788122,432,5624.724078
566.62658,432,5625.658309
148.564252,432,5626.41378
466.868039,432,5627.168977
439.491666,432,5627.97198
505.10204,432,5628.728414
755.560215,432,5629.517249
173.759555,432,5630.274542
575.011639,432,5631.345062
638.657777,432,5632.339298
532.858911,432,5633.089262
455.976109,432,5633.858471
142.668815,432,5634.686311
411.19905,432,5635.428606
581.035933,432,5636.183271
360.453915,432,5636.968391
447.983695,432,5637.92008
259.172859,432,5638.921705
806.561405,432,5639.657832
640.547328,432,5640.40993
318.715844,432,5641.201736
547.655497,432,5641.963845
344.660719,432,5642.735092
425.287579,432,5643.536319
644.146283,432,5644.598445
411.251863,432,5645.510415
507.603683,432,5646.2591
438.578314,432,5647.014491
724.211967,432,5647.814748
717.104711,432,5648.579426
726.926682,432,5649.364068
701.111224,432,5650.119478
686.909034,432,5650.963398
788.820542,432,5651.559601
627.783401,432,5651.976378
567.439975,432,5652.406417
779.710724,432,5652.838834
506.276672,432,5653.804265
462.677875,432,5654.579597
290.861344,432,5655.327125
655.175389,432,5656.125285
515.570482,432,5657.190655
414.634553,432,5658.122811
674.290533,432,5658.872596
343.166778,432,5659.618788
755.066268,432,5660.411787
597.262434,432,5661.181907
152.438345,432,5661.995842
540.389742,432,5662.765463
643.287289,432,5663.740554
799.988822,432,5664.630008
336.356012,432,5665.406008
209.368554,432,5666.165087
586.727963,432,5666.954829
341.340846,432,5667.710184
369.920026,432,5668.464049
679.691184,432,5669.249544
714.842844,432,5670.222569
534.500611,432,5671.179779
606.999972,432,5671.933624
673.152386,432,5672.697295
597.961386,432,5673.478325
673.906976,432,5674.238629
760.052465,432,5674.995155
606.000003,432,5675.78367
463.481471,432,5676.762912
482.48057,432,5677.722226
7.34476,432,5678.467563
110.20408,432,5679.222029
18.00249,432,5680.001012
550.670801,432,5680.754938
601.17616,432,5681.513618
519.551737,432,5682.296261
606.991417,432,5683.263951
785.51443,432,5684.273505
731.281391,432,5685.020017
47.18437,432,5685.761357
751.83976,432,5686.554058
447.506319,432,5687.304395
655.633867,432,5688.057332
714.625592,432,5688.839629
393.151908,432,5689.819251
754.521357,432,5690.796399
340.141602,432,5691.549963
710.909755,432,5692.30728
205.024013,432,5693.105816
92.229105,432,5693.84947
629.471635,432,5694.638413
485.317707,432,5695.39576
535.894305,432,5696.343611
694.506831,432,5697.348509
606.201369,432,5698.094393
540.831073,432,5698.858424
618.29677,432,5699.658679
654.108785,432,5700.406745
715.520738,432,5701.189134
179.132507,432,5701.967867
208.385382,432,5702.9611
746.435932,432,5703.953533
566.533896,432,5704.702208
707.975678,432,5705.462374
524.888143,432,5706.291691
597.232374,432,5707.048223
373.192047,432,5707.798975
293.869189,432,5708.605448
288.298564,432,5709.605411
259.703568,432,5710.529902
645.369858,432,5711.28648
169.346771,432,5712.078358
683.229922,432,5712.883616
656.356585,432,5713.643111
703.027476,432,5714.420249
531.910079,432,5715.192164
670.189281,432,5716.121793
796.144544,432,5717.124943
451.945432,432,5717.878669
437.097354,432,5718.648626
315.396402,432,5719.522432
706.504764,432,5720.277472
649.295188,432,5721.091771
325.009039,432,5721.897964
393.987101,432,5722.830115
764.438487,432,5723.632753
764.517481,432,5724.082941
716.948821,432,5724.562646
799.878519,432,5725.030733
672.311666,432,5725.456389
397.137966,432,5726.41908
237.327479,432,5727.221621
592.070354,432,5727.98946
253.45688,432,5729.032942
715.796458,432,5730.037299
447.123783,432,5730.793739
663.732204,432,5731.556851
315.461858,432,5732.370077
401.69948,432,5733.132427
701.13677,432,5733.921176
424.890836,432,5734.678941
480.394467,432,5735.668468
569.380527,432,5736.662896
510.256968,432,5737.415336
735.308025,432,5738.166761
473.309113,432,5738.955275
83.420256,432,5739.705358
641.788775,432,5740.455671
509.735678,432,5741.282995
660.592205,432,5742.232756
458.552887,432,5743.188411
431.07159,432,5743.98829
658.254676,432,5744.751318
742.154429,432,5745.550708
655.088929,432,5746.303311
505.034927,432,5747.082843
518.146018,432,5747.840053
134.237066,432,5748.764426
78.562663,432,5749.78055
617.885258,432,5750.536065
758.684374,432,5751.302786
667.741743,432,5752.10569
671.275105,432,5752.855699
739.535798,432,5753.652334
345.90204,432,5754.413689
608.613125,432,5755.443747
730.414615,432,5756.531185
729.879808,432,5757.281434
486.171,432,5758.058935
404.764011,432,5758.889488
359.278922,432,5759.635458
644.87244,432,5760.386174
511.114129,432,5761.206544
160.245898,432,5762.263272
189.484318,432,5763.265325
725.909904,432,5764.096944
592.816941,432,5764.89836
631.582723,432,5765.707164
451.098311,432,5766.46712
622.889552,432,5767.250792
605.376174,432,5768.004258
389.118055,432,5768.972908
751.122405,432,5770.006564
591.709992,432,5770.753125
735.711236,432,5771.511373
708.677074,432,5772.300735
617.923303,432,5773.058135
678.360567,432,5773.812148
221.646996,432,5774.598591
694.204083,432,5775.60978
445.540748,432,5776.557904
168.096692,432,5777.30904
390.06549,432,5778.061117
192.348129,432,5778.86723
545.47568,432,5779.621668
762.034398,432,5780.397702
774.325119,432,5781.171002
453.381985,432,5782.124157
554.583763,432,5783.122904
781.085178,432,5783.8671
497.365947,432,5784.600389
712.12241,432,5785.386106
738.324044,432,5786.127689
464.697868,432,5786.909503
410.634999,432,5787.714108
449.610037,432,5788.675325
522.336449,432,5789.63268
676.546431,432,5790.378812
401.11449,432,5791.151021
663.302722,432,5791.96086
470.523225,432,5792.71238
603.789798,432,5793.510054
253.132442,432,5794.265773
559.08992,432,5795.291223
69.700186,432,5796.268288
810.627198,432,5796.925493
741.2238,432,5797.334147
800.433481,432,5797.737952
759.617221,432,5798.128445
801.535912,432,5798.535409
218.047254,432,5799.495331
456.327303,432,5800.28194
179.652992,432,5801.036334
34.531258,432,5801.825415
588.723545,432,5802.583477
642.53563,432,5803.334099
499.797453,432,5804.329405
605.891909,432,5805.231482
702.061676,432,5806.01167
739.519378,432,5806.781417
415.63596,432,5807.588153
595.595203,432,5808.373405
640.795129,432,5809.127566
535.07178,432,5809.906957
267.226668,432,5810.908055
295.613345,432,5811.807573
688.056129,432,5812.568821
556.756202,432,5813.327932
212.637085,432,5814.147466
476.04934,432,5814.893697
539.119985,432,5815.63038
568.987685,432,5816.438623
728.621716,432,5817.438696
668.060617,432,5818.400354
315.221277,432,5819.148479
413.330971,432,5819.902493
516.187559,432,5820.728893
588.494163,432,5821.47935
485.263452,432,5822.249634
336.909139,432,5823.043728
360.494359,432,5824.067158
643.122511,432,5825.023846
342.151125,432,5825.778422
501.832173,432,5826.533927
306.591526,432,5827.328863
544.942491,432,5828.086005
323.806088,432,5828.861374
281.141055,432,5829.640426
398.155603,432,5830.637842
565.004238,432,5831.622247
509.386354,432,5832.363446
628.429208,432,5833.131518
744.693547,432,5833.927387
567.827565,432,5834.670918
440.032907,432,5835.439317
595.388313,432,5836.242069
454.561575,432,5837.227331
722.492566,432,5838.341143
614.617845,432,5839.102344
590.410788,432,5839.858525
622.720789,432,5840.660956
482.589723,432,5841.424589
462.149351,432,5842.248557
79.328733,432,5843.036443
345.393153,432,5844.062794
475.970638,432,5845.048007
455.328886,432,5845.838123
548.466018,432,5846.592013
247.970079,432,5847.351507
509.548241,432,5848.129506
697.714995,432,5848.900943
639.784513,432,5849.689936
517.978986,432,5850.763061
113.485012,432,5851.620475
608.166799,432,5852.373854
596.399907,432,5853.132975
412.930375,432,5853.939348
663.414948,432,5854.692909
692.129312,432,5855.460502
373.051297,432,5856.279243
449.015112,432,5857.255166
501.634186,432,5858.230361
597.252129,432,5858.985664
59.157793,432,5859.748987
519.967591,432,5860.571618
758.722291,432,5861.325696
611.248787,432,5862.122128
632.647316,432,5862.88516
361.214853,432,5863.913972
271.601247,432,5864.930865
671.888032,432,5865.684703
98.046577,432,5866.459331
499.011807,432,5867.269487
326.776291,432,5868.026874
607.758011,432,5868.83548
564.989889,432,5869.505391
789.020337,432,5869.908167
784.15332,432,5870.67377
470.194451,432,5871.232019
806.656792,432,5871.653516
479.495586,432,5872.602034
483.540096,432,5873.394799
438.040124,432,5874.154271
588.115605,432,5874.930635
540.159919,432,5875.71226
307.260974,432,5876.741297
185.657068,432,5877.656113
360.049261,432,5878.411304
626.424695,432,5879.165076
119.824853,432,5880.013314
537.150602,432,5880.77009
499.642361,432,5881.550572
302.901298,432,5882.38778
514.096862,432,5883.427539
260.1067,432,5884.372607
601.789972,432,5885.127517
50.018562,432,5885.897026
644.191193,432,5886.710918
597.370453,432,5887.46074
584.476431,432,5888.255085
263.065951,432,5889.012578
268.487636,432,5890.0053
679.567559,432,5890.980807
427.640361,432,5891.729008
578.805134,432,5892.490751
443.186651,432,5893.293585
403.980595,432,5894.040972
268.4801,432,5894.825916
617.677208,432,5895.579782
-74.995684,432,5896.713094
661.205815,432,5897.617477
258.696812,432,5898.370119
606.687138,432,5899.131004
319.50624,432,5899.976119
534.78339,432,5900.738165
475.972683,432,5901.522829
694.519128,432,5902.282359
613.84342,432,5903.202446
344.250207,432,5904.221399
710.544394,432,5904.974771
404.361854,432,5905.734837
486.482381,432,5906.516313
510.393341,432,5907.273628
728.012376,432,5908.057158
511.984545,432,5908.856202
550.988201,432,5909.906549
346.610137,432,5910.75352
493.638511,432,5911.576722
393.237425,432,5912.340186
719.250543,432,5913.171495
632.186626,432,5913.958701
199.618711,432,5914.706586
528.135917,432,5915.472826
755.141452,432,5916.454909
274.545416,432,5917.347833
663.461918,432,5918.131133
500.141896,432,5918.885434
666.307715,432,5919.652492
165.246161,432,5920.437761
652.977019,432,5921.19726
525.716157,432,5921.99109
352.514682,432,5923.02588
540.012938,432,5923.912112
424.252866,432,5924.690289
721.252509,432,5925.458733
514.506985,432,5926.246975
580.334952,432,5927.018447
607.547811,432,5927.763816
464.915106,432,5928.545263
511.722727,432,5929.581633
545.134902,432,5930.515487
650.157343,432,5931.26899
540.695536,432,5932.028485
240.360791,432,5932.831815
420.537439,432,5933.597157
573.794007,432,5934.387295
475.011723,432,5935.154197
606.876132,432,5936.121143
506.345607,432,5937.103387
-138.141566,432,5937.857533
612.647955,432,5938.609332
505.548256,432,5939.417241
677.423676,432,5940.170184
535.7765,432,5940.955557
488.169957,432,5941.748781
797.967628,432,5942.749448
570.163854,432,5943.32667
574.430757,432,5943.762733
732.84433,432,5944.200335
804.13664,432,5944.639102
206.233052,432,5945.593285
78.616505,432,5946.368025
536.67103,432,5947.118357
611.562946,432,5947.905223
405.082727,432,5948.911601
346.150334,432,5949.817697
520.872198,432,5950.572547
267.590177,432,5951.331705
182.109393,432,5952.120636
13.120163,432,5952.878662
538.287422,432,5953.63202
19.14786,432,5954.424786
399.627136,432,5955.410157
582.061663,432,5956.400096
446.829114,432,5957.147874
769.511358,432,5957.898951
436.967832,432,5958.701443
616.968159,432,5959.465634
587.244344,432,5960.239593
574.535343,432,5961.03103
410.948924,432,5962.010328
642.667357,432,5962.98745
371.35736,432,5963.751284
432.032106,432,5964.519738
614.485681,432,5965.332184
710.621413,432,5966.083639
375.005114,432,5966.845508
304.047672,432,5967.615487
490.117358,432,5968.634446
461.276218,432,5969.621188
708.357181,432,5970.375812
607.901261,432,5971.161215
480.804459,432,5971.968094
464.251772,432,5972.748433
507.282441,432,5973.491106
643.653339,432,5974.274328
651.824847,432,5975.353854
363.528435,432,5976.214861
594.457407,432,5977.021291
531.718927,432,5977.803715
165.709547,432,5978.566519
701.881665,432,5979.317808
347.925422,432,5980.106432
494.437921,432,5980.865223
450.457088,432,5981.944591
299.60911,432,5982.893436
548.650709,432,5983.642783
487.113847,432,5984.413454
366.737428,432,5985.216092
622.770133,432,5985.96893
733.438067,432,5986.760335
709.252354,432,5987.510522
481.832406,432,5988.473361
285.260482,432,5989.51948
640.178435,432,5990.258623
438.4314,432,5991.011626
551.79923,432,5991.795177
627.83673,432,5992.577296
607.467845,432,5993.328917
222.371394,432,5994.149466
185.730234,432,5995.136039
92.291908,432,5996.043226
80.027361,432,5996.800036
587.564794,432,5997.553442
282.104202,432,5998.341701
166.402092,432,5999.092567
591.78768,432,5999.862933
250.82667,432,6000.625435
569.470362,432,6001.667648
636.017685,432,6002.658625
416.703709,432,6003.412804
569.175986,432,6004.178976
176.346796,432,6004.981931
634.273641,432,6005.74494
750.0367,432,6006.530426
516.490587,432,6007.293423
535.59969,432,6008.302515
543.068549,432,6009.287933
558.123739,432,6010.040764
724.70434,432,6010.791287
574.795698,432,6011.593266
551.22765,432,6012.337104
630.562447,432,6013.132691
242.078473,432,6013.899679
537.718623,432,6014.862005
420.551364,432,6015.707933
593.810221,432,6016.122584
594.729621,432,6016.552359
749.779981,432,6016.976469
597.141434,432,6017.401533
526.501303,432,6018.345762
714.090559,432,6019.134651
757.435915,432,6019.892826
622.477148,432,6021.085625
417.710987,432,6021.945487
543.412871,432,6022.706054
97.700524,432,6023.534017
426.3715,432,6024.312997
307.898334,432,6025.099138
387.222941,432,6025.905308
459.629783,432,6026.673871
495.903706,432,6027.69943
568.681099,432,6028.693582
265.193912,432,6029.457791
435.341141,432,6030.232662
100.576153,432,6031.050369
510.715999,432,6031.813487
565.042412,432,6032.62264
297.162345,432,6033.43539
534.122703,432,6034.506953
574.149957,432,6035.416557
637.009811,432,6036.178117
613.166723,432,6036.951529
685.454497,432,6037.748016
203.501418,432,6038.509284
385.930069,432,6039.340093
756.588737,432,6040.137963
534.023953,432,6041.15152
494.268499,432,6042.12047
285.898542,432,6042.879781
299.650424,432,6043.659617
99.418813,432,6044.486343
482.677877,432,6045.237802
195.233428,432,6046.027893
659.071344,432,6046.785097
517.086337,432,6047.851117
781.314778,432,6048.788273
577.552424,432,6049.549951
343.31095,432,6050.32755
608.117221,432,6051.137171
267.291376,432,6051.914951
640.635223,432,6052.84124
693.873564,432,6053.656233
450.57561,432,6054.680907
329.849575,432,6055.729797
570.863936,432,6056.500569
630.178591,432,6057.269598
301.909288,432,6058.176868
641.266936,432,6058.954746
683.125519,432,6059.723732
739.389963,432,6060.543394
265.164412,432,6061.606943
604.083541,432,6062.607547
551.546698,432,6063.373482
138.453759,432,6064.171743
487.823558,432,6064.990005
181.653926,432,6065.760774
699.655656,432,6066.559161
5.138513,432,6067.347003
486.816047,432,6068.335239
617.895479,432,6069.381905
254.419773,432,6070.142912
404.574406,432,6070.899151
714.704627,432,6071.705915
544.404663,432,6072.470102
782.588343,432,6073.282008
537.11977,432,6074.086328
265.390991,432,6075.178884
324.360954,432,6076.133564
645.89519,432,6076.88571
578.938332,432,6077.65305
560.284452,432,6078.461295
530.989609,432,6079.225954
359.707849,432,6080.01599
278.625008,432,6080.788687
729.09595,432,6081.776844
466.068101,432,6082.778541
507.300034,432,6083.537352
-53.688955,432,6084.317113
597.956575,432,6085.124548
199.785091,432,6085.91642
496.271144,432,6086.716898
392.850482,432,6087.50132
704.080102,432,6088.500378
653.036896,432,6089.488958
697.079952,432,6090.15885
759.446846,432,6090.567826
528.723699,432,6090.978032
588.055585,432,6091.399117
551.616941,432,6091.841204
549.390734,432,6092.7839
491.815561,432,6093.59434
595.105781,432,6094.353941
612.048051,432,6095.150958
332.585625,432,6095.909788
449.42933,432,6096.686182
489.899829,432,6097.870024
534.045961,432,6098.660265
350.086126,432,6099.428529
559.817172,432,6100.222568
183.869329,432,6100.991875
234.330474,432,6101.768867
620.582681,432,6102.573324
673.055805,432,6103.380195
566.01643,432,6104.540118
484.55388,432,6105.414613
346.297802,432,6106.178924
728.420235,432,6106.956942
233.784876,432,6107.782019
489.0758,432,6108.539306
122.673147,432,6109.326198
303.210678,432,6110.094228
516.495914,432,6111.080957
450.261032,432,6112.121473
346.228156,432,6112.893278
177.917904,432,6113.677222
58.783999,432,6114.518294
424.598582,432,6115.278617
238.817836,432,6116.048187
580.472358,432,6116.853218
547.688332,432,6117.869045
197.345526,432,6118.889308
586.631323,432,6119.647194
192.355773,432,6120.4156
582.333166,432,6121.222165
392.225941,432,6122.009092
532.077086,432,6122.794616
488.179267,432,6123.606465
560.844764,432,6124.622366
417.867841,432,6125.607178
413.427565,432,6126.369232
679.354722,432,6127.144319
249.842106,432,6127.948647
405.844116,432,6128.721771
480.606343,432,6129.531976
521.255756,432,6130.311296
319.538116,432,6131.394819
318.670519,432,6132.327118
547.140085,432,6133.102463
726.282932,432,6133.893493
445.393081,432,6134.688271
271.344191,432,6135.457248
413.110529,432,6136.277218
504.914216,432,6137.041068
82.35555,432,6138.061515
569.915793,432,6139.069238
607.725065,432,6139.841115
595.188895,432,6140.615114
698.111288,432,6141.445913
692.455489,432,6142.215598
364.014218,432,6143.015054
437.778852,432,6143.791518
186.328876,432,6144.811047
653.65262,432,6145.78944
556.887331,432,6146.555221
665.834159,432,6147.320096
514.002994,432,6148.127848
638.770396,432,6148.894758
380.129303,432,6149.699847
327.516112,432,6150.474712
506.946973,432,6151.444516
376.202798,432,6152.457223
311.576596,432,6153.21787
548.828865,432,6154.004999
324.47638,432,6154.81738
401.025816,432,6155.574158
673.817674,432,6156.394377
601.249776,432,6157.158588
638.322825,432,6158.122473
574.240873,432,6159.115264
619.312436,432,6159.892634
406.592906,432,6160.695814
482.161398,432,6161.464805
548.934106,432,6162.273948
737.483252,432,6163.027633
46.731481,432,6163.694459
695.199734,432,6164.113493
691.182414,432,6164.742433
609.554474,432,6165.385504
552.401206,432,6165.859266
168.325256,432,6166.788283
377.460907,432,6167.563894
196.832285,432,6168.312361
651.371889,432,6169.09515
223.737789,432,6169.854182
651.809129,432,6170.850151
615.348987,432,6171.831008
272.580255,432,6172.584705
694.162332,432,6173.348418
510.704517,432,6174.144075
509.457802,432,6174.894117
665.524188,432,6175.683138
281.174006,432,6176.442818
261.785958,432,6177.422644
442.343908,432,6178.426357
218.773618,432,6179.175478
630.403969,432,6179.939002
537.025057,432,6180.730366
634.743591,432,6181.481846
577.093245,432,6182.300148
244.35873,432,6183.065456
397.912323,432,6184.016458
321.830993,432,6185.023319
412.39185,432,6185.78375
636.149943,432,6186.542409
-21.167896,432,6187.362725
495.785475,432,6188.127663
543.33354,432,6188.888562
546.694608,432,6189.668459
594.066556,432,6190.625196
414.16901,432,6191.607647
561.64516,432,6192.368539
499.871013,432,6193.145305
580.154218,432,6193.956374
516.563388,432,6194.73354
539.230089,432,6195.529588
301.269238,432,6196.302244
640.800612,432,6197.337423
243.519707,432,6198.281542
527.884506,432,6199.03503
448.57277,432,6199.794058
466.853997,432,6200.606352
607.658595,432,6201.361097
479.09236,432,6202.147054
367.999695,432,6202.92885
561.868324,432,6203.934385
651.60399,432,6204.891332
518.787331,432,6205.645448
600.73553,432,6206.394762
209.036022,432,6207.229664
512.235808,432,6207.977577
633.421621,432,6208.765501
286.600719,432,6209.555519
453.776979,432,6210.541946
611.566055,432,6211.516369
-112.083639,432,6212.286974
177.772168,432,6213.097758
677.480696,432,6213.910243
592.251724,432,6214.722324
468.292276,432,6215.51841
601.147793,432,6216.284853
483.784446,432,6217.365745
515.395736,432,6218.344833
636.151399,432,6219.106032
564.523449,432,6219.877488
604.196391,432,6220.684311
445.429554,432,6221.455057
370.305269,432,6222.261244
507.13012,432,6223.062357
489.092781,432,6224.132231
587.209546,432,6225.024107
597.162027,432,6225.797438
505.453987,432,6226.589133
489.452395,432,6227.368777
711.848908,432,6228.139759
257.309298,432,6228.979256
682.910466,432,6229.748983
319.644477,432,6230.690565
249.591184,432,6231.688432
262.573424,432,6232.461283
644.843481,432,6233.329288
610.620614,432,6234.190524
492.468966,432,6234.944768
566.243939,432,6235.706852
524.834063,432,6236.495851
608.070998,432,6237.38125
383.320442,432,6237.983408
500.224886,432,6238.407002
459.504822,432,6238.838022
635.830616,432,6239.263192
478.233177,432,6240.226899
660.252142,432,6241.017483
531.197802,432,6241.814522
503.836027,432,6242.661591
390.111597,432,6243.72811
6.134035,432,6244.60518
391.581246,432,6245.366106
235.096809,432,6246.141176
369.931056,432,6246.94679
184.049674,432,6247.72776
466.579269,432,6248.524162
429.846801,432,6249.293114
376.404135,432,6250.320535
221.936099,432,6251.288306
581.712404,432,6252.065941
366.857134,432,6252.863917
383.84012,432,6253.693319
157.256602,432,6254.453358
36.692601,432,6255.231284
664.356066,432,6256.006588
579.288981,432,6257.026328
466.347713,432,6258.019704
576.478838,432,6258.790257
198.619724,432,6259.574118
432.606765,432,6260.417698
545.997074,432,6261.183389
375.05873,432,6261.96959
301.492228,432,6262.774394
560.056292,432,6263.805873
366.830386,432,6264.829306
663.36367,432,6265.593113
89.565831,432,6266.354127
409.379769,432,6267.170319
527.181403,432,6267.944851
293.288762,432,6268.751997
437.795855,432,6269.526426
214.802467,432,6270.558465
458.68325,432,6271.559835
365.536705,432,6272.311805
190.364084,432,6273.094279
521.919267,432,6273.933286
530.519788,432,6274.688677
657.284896,432,6275.451242
623.988427,432,6276.240831
453.507624,432,6277.257584
364.235892,432,6278.242797
554.428995,432,6279.003422
410.41087,432,6279.777442
609.499301,432,6280.685112
475.440282,432,6281.459508
693.152391,432,6282.227248
365.580793,432,6283.05688
391.821023,432,6284.127409
202.831722,432,6285.031278
526.021216,432,6285.805218
497.45048,432,6286.609798
492.278888,432,6287.419874
567.077088,432,6288.166005
604.154109,432,6288.916034
248.923941,432,6289.712426
485.517591,432,6290.719716
374.050796,432,6291.652398
423.020817,432,6292.43845
512.422325,432,6293.244497
573.973642,432,6294.040604
536.446633,432,6294.801941
706.170035,432,6295.59438
677.579229,432,6296.365216
536.779904,432,6297.41425
650.781502,432,6298.403375
500.226884,432,6299.171674
449.403321,432,6299.938666
649.773756,432,6300.752967
464.920001,432,6301.526579
646.184687,432,6302.356311
555.297591,432,6303.139953
45.858051,432,6304.158748
357.820264,432,6305.167167
263.006706,432,6305.930558
517.360704,432,6306.697398
340.010911,432,6307.51154
489.712038,432,6308.271846
471.456177,432,6309.059647
-91.64063,432,6309.819002
340.81253,432,6310.895787
385.827435,432,6311.741143
686.530278,432,6312.170698
664.179355,432,6312.59821
721.267523,432,6313.04323
430.850454,432,6313.463331
164.2795,432,6314.436303
567.277193,432,6315.25026
625.819903,432,6316.028159
442.02394,432,6317.101424
437.027387,432,6318.07066
672.994018,432,6318.824104
567.513503,432,6319.5774
287.880645,432,6320.380122
571.349928,432,6321.147188
564.334275,432,6321.938495
71.628035,432,6322.761313
422.394275,432,6323.76872
530.02826,432,6324.746657
162.674318,432,6325.506983
397.592204,432,6326.276618
617.886754,432,6327.109992
628.819517,432,6327.876266
601.975873,432,6328.655616
392.19111,432,6329.471824
57.089748,432,6330.466944
629.318166,432,6331.401066
410.222014,432,6332.163656
394.604852,432,6332.944466
326.454794,432,6333.77211
482.150598,432,6334.526356
482.105802,432,6335.301078
515.405935,432,6336.082094
515.356333,432,6337.057596
515.152664,432,6338.038611
392.273963,432,6338.795308
546.569295,432,6339.57172
132.180211,432,6340.375153
567.246146,432,6341.14979
391.606922,432,6341.971984
505.641337,432,6342.740533
427.774336,432,6343.712263
632.448884,432,6344.764236
707.176308,432,6345.542961
578.451509,432,6346.312149
514.078556,432,6347.141719
24.908921,432,6347.908039
543.16394,432,6348.670748
410.948524,432,6349.520727
668.725093,432,6350.521647
709.906502,432,6351.41226
599.835513,432,6352.174394
431.2006,432,6352.963406
595.815988,432,6353.744589
615.750382,432,6354.543198
288.595741,432,6355.343307
556.406379,432,6356.138484
653.594952,432,6357.170049
362.956085,432,6358.206867
611.572508,432,6358.967925
587.560817,432,6359.721618
282.174513,432,6360.527294
382.062256,432,6361.285721
295.477999,432,6362.097965
26.420267,432,6362.882431
490.245052,432,6363.943443
313.677415,432,6364.936866
498.559782,432,6365.69244
418.227261,432,6366.463803
256.318636,432,6367.268156
572.894115,432,6368.036423
541.652683,432,6368.840007
291.90643,432,6369.616093
427.266466,432,6370.608672
304.019637,432,6371.57012
642.250103,432,6372.333277
611.587862,432,6373.115647
408.284098,432,6373.948367
494.566113,432,6374.713961
372.480427,432,6375.493849
588.535373,432,6376.266936
618.90798,432,6377.198911
501.062355,432,6378.217461
650.963854,432,6378.988195
594.163718,432,6379.753984
400.395344,432,6380.5498
121.388193,432,6381.314002
568.197202,432,6382.095065
409.641178,432,6382.911488
646.74969,432,6383.988199
421.443026,432,6384.880615
660.206406,432,6385.535827
663.471111,432,6385.933187
632.760796,432,6386.336995
731.626833,432,6386.767075
649.438811,432,6387.211218
480.859774,432,6388.168735
544.211645,432,6388.936336
331.397294,432,6389.702742
576.045232,432,6390.538659
621.078961,432,6391.294535
702.805186,432,6392.086784
677.712106,432,6393.210345
625.918318,432,6394.037859
486.414202,432,6394.830549
462.182562,432,6395.584558
468.434771,432,6396.362552
441.496767,432,6397.152798
296.107588,432,6397.904165
370.045879,432,6398.711625
500.290098,432,6399.678613
353.223865,432,6400.585519
119.481548,432,6401.36678
587.932473,432,6402.129018
529.066687,432,6402.927215
299.740063,432,6403.681715
654.158812,432,6404.455075
400.415151,432,6405.245008
616.669231,432,6406.185987
-33.025568,432,6407.169004
259.825148,432,6407.921003
632.808149,432,6408.684335
614.260453,432,6409.483686
484.640759,432,6410.234351
453.706655,432,6411.028466
625.324278,432,6411.820139
352.39788,432,6412.896452
515.64457,432,6413.795804
417.96294,432,6414.548571
382.351191,432,6415.334516
169.304114,432,6416.107613
202.256958,432,6416.864484
637.414684,432,6417.723361
456.002462,432,6418.492389
530.154143,432,6419.457853
494.432149,432,6420.42637
474.0364,432,6421.190107
409.619818,432,6421.990459
687.137863,432,6422.811745
135.202153,432,6423.564918
639.95001,432,6424.336158
357.494026,432,6425.099875
606.157894,432,6426.07802
67.088117,432,6427.081895
452.229845,432,6427.848785
257.585702,432,6428.601182
263.619469,432,6429.404025
586.362015,432,6430.159653
673.39101,432,6430.944691
485.483763,432,6431.722184
602.405501,432,6432.79546
291.655117,432,6433.834203
385.787024,432,6434.586123
580.841208,432,6435.345345
398.222454,432,6436.140283
232.594129,432,6436.891166
298.744487,432,6437.664954
377.63832,432,6438.438319
630.892735,432,6439.371363
516.297573,432,6440.364859
375.208697,432,6441.201475
569.505647,432,6441.997621
181.17382,432,6442.805839
596.702105,432,6443.558043
443.260766,432,6444.374805
578.364828,432,6445.124896
433.710722,432,6446.144141
521.97696,432,6447.15026
757.216551,432,6447.911918
371.355385,432,6448.685285
607.434864,432,6449.537488
625.337117,432,6450.320621
435.139576,432,6451.107294
354.487182,432,6451.903418
661.828573,432,6452.96909
511.669852,432,6453.902268
167.136269,432,6454.658504
418.402089,432,6455.408117
374.110906,432,6456.205063
225.727901,432,6456.959635
200.351494,432,6457.730075
760.557942,432,6458.404664
654.260774,432,6458.78876
752.61296,432,6459.405039
788.136911,432,6460.084079
574.991882,432,6460.483207
577.879364,432,6461.423532
414.577492,432,6462.195898
401.694301,432,6462.947597
645.511184,432,6463.746983
423.152859,432,6464.504629
492.859099,432,6465.517999
520.045026,432,6466.500475
350.643488,432,6467.269889
429.884396,432,6468.033736
-65.874836,432,6468.833926
404.022897,432,6469.580832
639.484247,432,6470.368561
619.096202,432,6471.140296
549.495622,432,6472.153426
270.140427,432,6473.124612
553.711398,432,6473.874927
420.788318,432,6474.63054
652.381174,432,6475.466624
481.710502,432,6476.233484
486.394562,432,6476.970292
282.380413,432,6477.716438
743.087257,432,6478.723421
569.768353,432,6479.664958
362.990632,432,6480.458868
595.870018,432,6481.264668
276.784055,432,6482.092344
604.60235,432,6482.849115
569.420271,432,6483.596388
440.219221,432,6484.391356
654.162374,432,6485.383005
170.206533,432,6486.335736
171.108512,432,6487.097996
594.404319,432,6487.856706
368.144227,432,6488.691951
282.223017,432,6489.443357
495.725135,432,6490.208311
439.430432,432,6491.024947
-62.986108,432,6492.03164
701.607118,432,6492.936898
259.724697,432,6493.697523
593.115275,432,6494.445063
659.069381,432,6495.247416
657.733561,432,6496.002564
651.979184,432,6496.798665
47.9906,432,6497.559586
586.60304,432,6498.636905
-1.573071,432,6499.643714
366.399944,432,6500.389569
16.208915,432,6501.168819
674.640487,432,6501.977476
611.708353,432,6502.727206
727.606607,432,6503.508982
635.544698,432,6504.273081
516.254703,432,6505.274962
553.388023,432,6506.263294
408.746263,432,6507.011803
614.559694,432,6507.762806
161.865794,432,6508.547139
164.446304,432,6509.307096
304.215321,432,6510.088934
531.848605,432,6510.864182
562.600358,432,6511.901906
508.960509,432,6512.837489
548.385873,432,6513.59986
640.064613,432,6514.367419
379.774641,432,6515.161716
698.091028,432,6515.91757
720.803845,432,6516.694512
207.822504,432,6517.450335
-27.521779,432,6518.420262
342.312841,432,6519.405589
598.633594,432,6520.167756
507.380378,432,6520.933273
616.598675,432,6521.748501
177.222986,432,6522.502447
199.964454,432,6523.290228
496.510842,432,6524.042821
587.600917,432,6525.058228
392.690601,432,6526.044919
517.790577,432,6526.808202
649.191016,432,6527.56924
473.713804,432,6528.401685
345.445513,432,6529.158659
404.572363,432,6529.926919
591.711395,432,6530.770482
686.346247,432,6531.735414
754.851633,432,6532.276454
577.871367,432,6532.701296
547.247011,432,6533.12632
561.15887,432,6533.550808
535.765269,432,6534.497174
670.535853,432,6535.287356
666.153398,432,6536.046789
407.296123,432,6536.842274
533.617748,432,6537.986302
569.46078,432,6538.926608
493.238433,432,6539.689283
461.904602,432,6540.480793
474.937383,432,6541.26877
645.252042,432,6542.047139
354.318736,432,6542.83293
333.416204,432,6543.637818
699.706455,432,6544.684545
591.907006,432,6545.620433
420.494251,432,6546.388841
443.21009,432,6547.159008
621.118965,432,6547.998069
506.583989,432,6548.766834
564.683563,432,6549.556644
653.679835,432,6550.340152
677.933309,432,6551.33997
511.521267,432,6552.313829
427.823796,432,6553.085723
604.487844,432,6553.846512
705.514386,432,6554.653519
649.698616,432,6555.409389
464.598464,432,6556.208353
609.020621,432,6556.976285
472.83827,432,6557.974576
455.386016,432,6558.997642
659.486123,432,6559.746572
624.50393,432,6560.521614
271.267979,432,6561.358623
122.351226,432,6562.111285
486.455922,432,6562.869206
369.380264,432,6563.66315
466.520832,432,6564.759075
303.800692,432,6565.696197
285.48284,432,6566.450073
412.201354,432,6567.219341
491.35139,432,6568.019653
589.824692,432,6568.792115
474.760471,432,6569.589973
124.691743,432,6570.364468
326.182974,432,6571.349646
499.470692,432,6572.357047
601.839587,432,6573.119393
613.560429,432,6573.882228
437.249353,432,6574.681041
350.589245,432,6575.447926
714.403407,432,6576.232004
499.14749,432,6577.022696
736.534674,432,6578.03103
448.975495,432,6579.025991
206.611425,432,6579.791806
405.969188,432,6580.571635
485.804843,432,6581.413475
600.176102,432,6582.175059
589.570449,432,6582.938234
567.046283,432,6583.758058
225.122639,432,6584.752636
490.219656,432,6585.703715
495.918691,432,6586.465637
580.918988,432,6587.225356
243.202418,432,6588.042373
543.34996,432,6588.804263
601.620587,432,6589.622895
502.747659,432,6590.421842
569.289157,432,6591.394016
517.210363,432,6592.370235
496.49544,432,6593.13304
667.395107,432,6593.905475
448.003889,432,6594.709017
580.286111,432,6595.464041
616.393833,432,6596.262197
625.637312,432,6597.07578
514.435877,432,6598.121692
518.117205,432,6599.086156
484.394593,432,6599.849459
452.324988,432,6600.63028
581.141636,432,6601.505508
288.844238,432,6602.295111
572.263553,432,6603.053443
628.88307,432,6603.836575
493.569335,432,6604.795438
582.596566,432,6605.595819
465.327465,432,6606.024003
580.392941,432,6606.49107
482.781556,432,6606.957327
613.436827,432,6607.408587
667.802752,432,6608.365937
507.816402,432,6609.160631
593.014674,432,6609.937887
563.171432,432,6611.018458
605.199006,432,6611.928565
554.701802,432,6612.695758
548.285716,432,6613.493997
306.410485,432,6614.308205
373.127537,432,6615.061671
420.808607,432,6615.860065
587.24017,432,6616.623537
447.314586,432,6617.563323
580.755828,432,6618.532483
149.971753,432,6619.295405
383.762798,432,6620.083103
560.577289,432,6620.913798
597.842662,432,6621.662822
366.661756,432,6622.437058
310.353313,432,6623.208713
516.500734,432,6624.187149
268.975595,432,6625.205647
526.431796,432,6625.964093
512.891322,432,6626.724613
588.44021,432,6627.519503
419.591004,432,6628.291414
626.170121,432,6629.097118
457.062557,432,6629.877229
692.824583,432,6630.858147
709.320738,432,6631.849873
481.731431,432,6632.61393
519.992499,432,6633.382083
640.540011,432,6634.184454
484.860336,432,6634.948022
717.656845,432,6635.749788
595.594713,432,6636.539657
382.140665,432,6637.543221
385.772279,432,6638.513426
282.492678,432,6639.290973
140.984975,432,6640.079883
516.764686,432,6640.918808
681.685172,432,6641.678793
595.267576,432,6642.461187
257.642652,432,6643.259187
621.573505,432,6644.28397
194.550267,432,6645.26171
534.039383,432,6646.021178
489.966405,432,6646.777563
500.707762,432,6647.572157
614.135494,432,6648.330636
386.665347,432,6649.1274
592.668659,432,6649.898647
415.543091,432,6650.880135
621.766716,432,6651.871331
557.135205,432,6652.619155
663.832848,432,6653.386914
556.310443,432,6654.184032
249.524324,432,6654.937641
81.86931,432,6655.724835
619.877907,432,6656.47952
615.140733,432,6657.43878
562.153147,432,6658.466929
449.396732,432,6659.225494
666.400784,432,6659.986466
446.621193,432,6660.781376
552.519368,432,6661.534199
-24.704715,432,6662.333485
543.493447,432,6663.095803
221.026287,432,6664.198288
544.956531,432,6665.151873
573.297534,432,6665.898651
393.131301,432,6666.640058
336.121836,432,6667.436626
518.966341,432,6668.203387
78.760132,432,6668.943785
395.499096,432,6669.78476
631.295369,432,6670.796424
659.210678,432,6671.678348
454.587693,432,6672.433226
365.479201,432,6673.206814
613.375844,432,6673.99693
639.992571,432,6674.748394
388.808519,432,6675.528697
416.146545,432,6676.28458
505.342583,432,6677.244283
411.664355,432,6678.251564
728.120915,432,6678.896973
281.545937,432,6679.303888
774.688761,432,6679.702575
597.429999,432,6680.11694
391.941583,432,6680.543228
704.451261,432,6681.503717
415.021749,432,6682.281613
543.156607,432,6683.050109
437.045588,432,6683.839007
616.179488,432,6684.58947
549.906485,432,6685.34392
248.16847,432,6686.386693
431.637539,432,6687.308572
456.767827,432,6688.060473
467.483775,432,6688.844723
454.970846,432,6689.642524
461.110622,432,6690.390407
539.54123,432,6691.180013
519.459702,432,6691.938057
699.066403,432,6692.916401
575.883474,432,6693.929881
239.279931,432,6694.67911
633.458499,432,6695.442256
266.514017,432,6696.238119
326.585857,432,6696.985435
423.6925,432,6697.776837
375.302113,432,6698.541803
204.522639,432,6699.492885
429.9777,432,6700.473194
307.709515,432,6701.228374
621.364163,432,6701.992862
699.696139,432,6702.791868
58.147759,432,6703.648985
388.660909,432,6704.443615
513.596234,432,6705.207644
573.079645,432,6706.223146
437.868022,432,6707.213709
372.498374,432,6707.967556
484.273144,432,6708.744975
532.873462,432,6709.548488
604.399208,432,6710.306073
652.263672,432,6711.09087
640.224705,432,6711.86829
497.588015,432,6712.920151
-93.78942,432,6713.890738
712.923368,432,6714.649342
606.196599,432,6715.409158
446.158305,432,6716.225385
382.695267,432,6716.980053
523.501798,432,6717.76061
403.855181,432,6718.529528
728.064505,432,6719.502199
575.846239,432,6720.488504
533.530581,432,6721.243049
452.184002,432,6722.012586
565.263759,432,6722.830497
94.616037,432,6723.582264
471.871842,432,6724.370205
450.506774,432,6725.125111
571.004417,432,6726.144448
676.26338,432,6727.134678
582.317103,432,6727.91965
423.039656,432,6728.67525
700.377662,432,6729.47968
415.849287,432,6730.227903
578.76022,432,6730.981902
300.007278,432,6731.763413
209.188295,432,6732.735397
563.932307,432,6733.701846
414.395257,432,6734.450712
482.184716,432,6735.206256
478.161615,432,6736.005402
442.501506,432,6736.802563
473.75299,432,6737.587147
578.718486,432,6738.353281
569.443454,432,6739.339442
582.588483,432,6740.419919
609.941934,432,6741.181444
518.315721,432,6741.942524
503.9929,432,6742.736892
539.381838,432,6743.494479
456.229081,432,6744.280192
568.318332,432,6745.040537
593.650601,432,6746.001624
366.543598,432,6747.037056
755.69533,432,6747.791939
353.705623,432,6748.560251
241.282299,432,6749.367839
473.472397,432,6750.125586
545.734017,432,6750.907136
506.145695,432,6751.563307
605.693384,432,6751.96688
771.164679,432,6752.572316
745.206722,432,6753.167888
642.673579,432,6753.601451
456.021997,432,6754.538479
546.689631,432,6755.306525
375.660285,432,6756.059561
622.480007,432,6756.850056
169.410505,432,6757.611173
663.505022,432,6758.629815
697.577567,432,6759.595789
427.249403,432,6760.343927
425.07933,432,6761.098657
606.176085,432,6761.889665
498.060846,432,6762.65247
338.524351,432,6763.433276
518.239027,432,6764.200576
620.418132,432,6765.229988
519.708797,432,6766.192834
567.858723,432,6766.951878
560.531443,432,6767.7191
511.878876,432,6768.519352
420.757012,432,6769.28383
527.604088,432,6770.073386
619.453049,432,6770.836411
639.642854,432,6771.813837
520.129954,432,6772.816147
250.506136,432,6773.576706
687.943286,432,6774.334924
525.361499,432,6775.137856
546.512367,432,6775.90036
342.597177,432,6776.686123
48.030788,432,6777.477631
610.740789,432,6778.43738
505.979422,432,6779.424015
170.841752,432,6780.17872
601.199692,432,6780.930378
516.405975,432,6781.746993
626.426139,432,6782.504812
434.414963,432,6783.30466
549.171329,432,6784.065272
-77.277931,432,6784.975612
470.18444,432,6785.993977
554.119747,432,6786.74398
603.917629,432,6787.521259
264.15284,432,6788.355347
604.272822,432,6789.102851
383.201806,432,6789.866689
227.47557,432,6790.68712
679.314668,432,6791.798141
548.318145,432,6792.690187
214.515558,432,6793.435608
537.881623,432,6794.213836
91.646827,432,6795.004622
681.969864,432,6795.804085
522.66595,432,6796.584718
568.199707,432,6797.372811
414.803646,432,6798.390302
623.985997,432,6799.277894
374.700675,432,6800.044757
584.907831,432,6800.802876
471.692488,432,6801.618535
668.632157,432,6802.372661
293.85251,432,6803.116369
505.604825,432,6803.906227
623.144956,432,6804.853179
542.145554,432,6805.820145
496.427816,432,6806.572714
661.086308,432,6807.336335
631.068335,432,6808.150509
487.501785,432,6808.90393
336.99453,432,6809.690596
410.045961,432,6810.451019
379.218604,432,6811.376563
459.078943,432,6812.391264
675.074869,432,6813.14283
444.164483,432,6813.895603
534.971188,432,6814.689366
39.781627,432,6815.43915
535.194978,432,6816.230124
426.00189,432,6816.997574
569.232511,432,6818.025612
715.965297,432,6818.996844
589.784278,432,6819.742645
304.287279,432,6820.506343
719.028359,432,6821.305803
502.740223,432,6822.058714
698.50224,432,6822.850986
635.44827,432,6823.612309
700.063601,432,6824.438293
660.59448,432,6825.080557
439.459267,432,6825.502684
712.396589,432,6825.929209
719.361321,432,6826.355133
556.629424,432,6827.288602
243.067507,432,6828.060066
616.391936,432,6828.813992
405.749814,432,6829.639598
413.28365,432,6830.795185
734.119871,432,6831.654377
423.38377,432,6832.404736
623.997524,432,6833.153548
540.758454,432,6833.950449
144.009118,432,6834.702138
513.623854,432,6835.477135
452.984003,432,6836.242507
481.605061,432,6837.260596
292.719092,432,6838.243741
511.204938,432,6838.994968
349.017404,432,6839.74639
515.282796,432,6840.551246
437.602621,432,6841.299002
511.626063,432,6842.100048
517.455516,432,6842.857654
492.733047,432,6843.79645
228.957971,432,6844.823118
358.871229,432,6845.580119
517.952043,432,6846.364738
354.612219,432,6847.173562
389.024159,432,6847.926857
598.346341,432,6848.716154
389.099846,432,6849.474821
312.988369,432,6850.45682
279.885551,432,6851.430161
638.73345,432,6852.179747
306.892502,432,6852.950814
726.173582,432,6853.767503
513.238879,432,6854.565078
509.911686,432,6855.327405
477.370846,432,6856.087774
610.049984,432,6857.037014
553.676757,432,6857.918186
543.981243,432,6858.711814
566.856573,432,6859.497492
262.916938,432,6860.284855
251.590773,432,6861.032938
584.038521,432,6861.81311
431.253044,432,6862.575187
386.155546,432,6863.548414
664.55278,432,6864.546367
442.530518,432,6865.296337
748.744382,432,6866.049242
493.518457,432,6866.842373
634.702665,432,6867.593023
354.823727,432,6868.362249
264.963495,432,6869.129241
517.473562,432,6870.080744
344.131303,432,6871.066028
582.846757,432,6871.826481
294.742253,432,6872.588595
630.521722,432,6873.409716
345.844837,432,6874.1601
499.092395,432,6874.930273
682.50032,432,6875.714022
553.978314,432,6876.696755
633.580126,432,6877.634727
526.684316,432,6878.387129
667.131017,432,6879.150723
519.449855,432,6879.951502
483.933933,432,6880.704516
539.355364,432,6881.492185
582.121333,432,6882.24683
566.43071,432,6883.257344
598.508688,432,6884.235622
544.885072,432,6884.994742
574.094903,432,6885.770813
23.927674,432,6886.57153
482.103236,432,6887.331296
436.673169,432,6888.122059
483.489632,432,6888.87474
557.787772,432,6889.856248
580.100848,432,6890.836074
596.214415,432,6891.594383
321.628543,432,6892.348914
203.992389,432,6893.14503
446.161671,432,6893.902956
545.162046,432,6894.689876
607.907879,432,6895.472223
253.418716,432,6896.573608
767.036735,432,6897.427031
510.47938,432,6897.833562
742.41775,432,6898.245831
561.71908,432,6898.656339
629.449137,432,6899.074901
375.970175,432,6900.026942
393.041299,432,6900.821713
132.644746,432,6901.580539
463.916965,432,6902.685508
444.486988,432,6903.593661
349.005928,432,6904.346461
296.583858,432,6905.146507
697.128025,432,6905.952408
685.118399,432,6906.70674
264.007023,432,6907.507939
94.199546,432,6908.270012
635.727838,432,6909.443201
743.519995,432,6910.473167
338.322756,432,6911.230641
369.241237,432,6911.994791
631.039736,432,6912.827788
308.517314,432,6913.591876
130.618732,432,6914.358824
476.453686,432,6915.167424
433.918999,432,6916.182182
581.749547,432,6917.101592
93.728925,432,6917.86734
668.89083,432,6918.660833
645.123279,432,6919.429268
609.560264,432,6920.186528
730.169999,432,6920.966093
346.643595,432,6921.769103
461.407013,432,6922.977926
544.624842,432,6923.866372
531.821233,432,6924.61553
518.99029,432,6925.388139
197.619978,432,6926.198793
254.322207,432,6926.950129
711.913707,432,6927.725943
544.734004,432,6928.486531
236.106935,432,6929.513433
466.162788,432,6930.457106
414.938208,432,6931.214328
50.844531,432,6931.972197
633.195379,432,6932.768036
547.487889,432,6933.515439
697.910678,432,6934.304976
408.289009,432,6935.073389
665.932016,432,6936.129357
570.261618,432,6937.086586
309.885791,432,6937.843817
608.988392,432,6938.608291
23.748661,432,6939.421116
689.439445,432,6940.172788
558.197164,432,6940.960828
354.131113,432,6941.717
527.050197,432,6942.669736
183.961007,432,6943.680702
629.886045,432,6944.434092
566.405727,432,6945.233488
505.936474,432,6946.068206
418.361774,432,6946.839097
673.683174,432,6947.625871
605.133756,432,6948.379992
739.340422,432,6949.366323
586.84989,432,6950.376899
281.983729,432,6951.136767
605.840334,432,6951.901482
557.053693,432,6952.711835
651.711495,432,6953.467794
676.965117,432,6954.256439
621.887294,432,6955.038503
674.870382,432,6956.045699
202.624427,432,6957.008089
-148.607971,432,6957.76282
458.580941,432,6958.541666
730.122516,432,6959.38779
651.057435,432,6960.146221
516.963466,432,6960.919992
598.481703,432,6961.700623
521.369802,432,6962.657203
615.690571,432,6963.692539
623.036317,432,6964.446037
527.131996,432,6965.20817
321.57929,432,6966.046865
525.872344,432,6966.794923
260.942059,432,6967.548774
395.997813,432,6968.334222
660.496185,432,6969.305497
616.581887,432,6970.291948
597.478852,432,6970.941988
661.662002,432,6971.339286
556.035715,432,6971.739555
573.827606,432,6972.161465
463.803056,432,6972.596499
170.100673,432,6973.540056
597.204854,432,6974.343509
522.187328,432,6975.136853
482.784932,432,6975.91251
601.082511,432,6976.663604
473.884008,432,6977.417996
456.634556,432,6978.45541
734.456951,432,6979.426543
736.79679,432,6980.188428
713.893572,432,6980.934724
629.824854,432,6981.695235
599.193512,432,6982.472915
715.175839,432,6983.222879
512.151725,432,6983.982962
542.888092,432,6985.042486
97.10631,432,6985.927845
576.268685,432,6986.698832
628.151426,432,6987.476619
275.799832,432,6988.246148
692.935013,432,6989.041058
453.343675,432,6989.797863
686.734953,432,6990.552689
336.363114,432,6991.53998
603.365043,432,6992.433527
690.172504,432,6993.229206
582.076419,432,6994.008836
318.920977,432,6994.811683
543.9433,432,6995.591566
501.27444,432,6996.343991
500.026613,432,6997.134741
595.980212,432,6998.107742
583.72756,432,6999.013242
450.381007,432,6999.768087
584.550736,432,7000.520426
399.128827,432,7001.358945
207.512388,432,7002.120629
556.322844,432,7002.871592
744.060787,432,7003.676432
565.274827,432,7004.627984
525.402148,432,7005.609113
85.755223,432,7006.365583
319.189635,432,7007.119217
562.161066,432,7007.912525
76.489238,432,7008.666611
414.823684,432,7009.441471
786.441783,432,7010.262885
534.467261,432,7011.262713
116.337897,432,7012.167686
328.83084,432,7013.010123
556.511996,432,7013.775804
625.953824,432,7014.583596
608.417317,432,7015.332665
688.850295,432,7016.11748
211.792929,432,7016.869661
242.150158,432,7017.92135
224.190038,432,7018.857163
657.867419,432,7019.605144
301.323599,432,7020.357155
-52.435781,432,7021.147766
111.765355,432,7021.922517
648.579421,432,7022.709165
499.917249,432,7023.475208
190.636753,432,7024.437447
551.545067,432,7025.403439
517.062198,432,7026.159411
380.648542,432,7026.915907
559.591411,432,7027.718498
601.941389,432,7028.474284
567.427183,432,7029.259051
457.715062,432,7030.018471
501.276157,432,7030.965349
589.915466,432,7031.977628
499.90755,432,7032.757154
592.645572,432,7033.522682
670.180624,432,7034.3529
613.483296,432,7035.109886
28.907401,432,7035.876568
195.848666,432,7036.674306
525.251515,432,7037.58893
538.809736,432,7038.588159
513.47024,432,7039.33855
716.965301,432,7040.092806
56.289303,432,7040.889716
584.985959,432,7041.658098
-101.414575,432,7042.453666
754.928943,432,7043.137499
574.569,432,7043.571603
622.725552,432,7044.174615
704.72139,432,7044.76088
687.834256,432,7045.171715
361.521143,432,7046.106323
534.181388,432,7046.879229
547.433287,432,7047.664645
546.483147,432,7048.448514
566.446695,432,7049.269002
334.251829,432,7050.294156
137.051391,432,7051.194745
250.712247,432,7051.959002
481.659276,432,7052.732406
192.458338,432,7053.522272
160.432057,432,7054.281871
361.752414,432,7055.048608
640.319199,432,7055.831606
510.988578,432,7056.781647
319.33488,432,7057.772769
460.003831,432,7058.53853
657.870021,432,7059.305894
181.140648,432,7060.123112
390.420152,432,7060.883014
570.164896,432,7061.668621
572.511709,432,7062.439911
550.772808,432,7063.399127
657.911619,432,7064.440847
453.906513,432,7065.187149
327.183667,432,7065.931899
570.911277,432,7066.733254
507.489754,432,7067.478106
353.700795,432,7068.249504
599.561864,432,7069.025519
103.143084,432,7070.021391
749.874627,432,7070.980991
311.751583,432,7071.738314
620.030808,432,7072.51547
512.978656,432,7073.338053
201.928511,432,7074.095438
537.207355,432,7074.862372
225.276153,432,7075.630419
575.611502,432,7076.585486
636.750795,432,7077.596184
743.159791,432,7078.346773
564.234019,432,7079.10451
516.987474,432,7079.893707
424.394943,432,7080.648009
-77.083627,432,7081.436598
443.173873,432,7082.214823
549.04579,432,7083.157641
611.208382,432,7084.14657
459.04723,432,7084.906142
536.009347,432,7085.659226
651.58647,432,7086.446895
662.269845,432,7087.201714
525.3311,432,7087.979719
611.776853,432,7088.748281
495.646575,432,7089.762783
600.651166,432,7090.75904
594.619359,432,7091.517072
337.684183,432,7092.287725
644.496388,432,7093.108281
540.641491,432,7093.864428
374.59661,432,7094.645584
606.309432,432,7095.407087
763.197598,432,7096.366134
517.434622,432,7097.384176
561.265659,432,7098.130146
748.128913,432,7098.881051
608.353355,432,7099.673476
467.254542,432,7100.416852
444.606816,432,7101.177507
508.365675,432,7101.973422
623.830062,432,7103.049449
598.026941,432,7104.03817
650.347349,432,7104.783607
503.058176,432,7105.591846
591.942642,432,7106.367316
509.794452,432,7107.14923
680.731627,432,7107.897393
420.996071,432,7108.645489
410.216951,432,7109.665145
563.78339,432,7110.590724
418.707171,432,7111.383505
260.511363,432,7112.158349
547.419594,432,7112.926025
424.675319,432,7113.714491
700.682633,432,7114.471874
375.087631,432,7115.252632
531.796966,432,7116.112462
723.089369,432,7116.714085
607.113266,432,7117.128193
452.558972,432,7117.54614
571.293533,432,7117.948925
-20.27742,432,7118.897451
296.223954,432,7119.675192
533.103614,432,7120.426634
671.841966,432,7121.226177
407.336326,432,7122.23548
456.059231,432,7123.140916
698.688318,432,7123.8994
772.886189,432,7124.657172
446.53815,432,7125.476489
583.923303,432,7126.227991
503.597941,432,7126.996266
393.828316,432,7127.786235
525.642768,432,7128.77946
282.220834,432,7129.742247
547.532355,432,7130.492063
567.451969,432,7131.266222
426.486562,432,7132.064516
623.454291,432,7132.81251
110.997866,432,7133.595072
435.685706,432,7134.353388
512.171071,432,7135.397778
618.175517,432,7136.432044
463.320664,432,7137.182501
440.376921,432,7137.942248
449.696996,432,7138.726423
420.904461,432,7139.486027
362.662209,432,7140.258544
205.556108,432,7141.06793
398.083787,432,7142.139217
156.414202,432,7143.036704
243.926051,432,7143.796119
422.444348,432,7144.56041
376.454753,432,7145.346577
429.29659,432,7146.103604
233.799759,432,7146.889191
363.846714,432,7147.649401
708.065491,432,7148.602773
471.964743,432,7149.591485
698.54841,432,7150.345074
403.016362,432,7151.100825
551.504168,432,7151.900275
504.416924,432,7152.661581
561.506541,432,7153.438483
696.935253,432,7154.236139
624.580709,432,7155.185536
378.899812,432,7156.163392
371.833126,432,7156.918246
78.164441,432,7157.675261
539.591387,432,7158.482151
236.769253,432,7159.239243
291.998345,432,7160.031573
668.544149,432,7160.805345
607.198512,432,7161.686534
472.417257,432,7162.74526
222.353872,432,7163.496879
496.102207,432,7164.268794
77.839556,432,7165.069395
595.020465,432,7165.849643
550.170562,432,7166.645006
401.953408,432,7167.398088
590.445544,432,7168.423615
395.402509,432,7169.398532
590.137935,432,7170.144269
-215.192402,432,7170.941566
634.468453,432,7171.714652
220.674294,432,7172.487682
276.117416,432,7173.278901
520.737147,432,7174.076349
465.338111,432,7175.159087
555.088221,432,7176.055464
340.702111,432,7176.819495
670.746239,432,7177.595419
515.680637,432,7178.374071
702.825197,432,7179.12832
668.023268,432,7179.909437
673.891287,432,7180.697941
693.766628,432,7181.754114
444.932447,432,7182.662052
628.943192,432,7183.422612
481.908055,432,7184.189273
375.953495,432,7184.992986
246.516974,432,7185.751798
520.376206,432,7186.539881
751.714205,432,7187.297738
415.09382,432,7188.29686
551.60325,432,7189.126724
395.730368,432,7189.546777
513.000177,432,7189.968637
512.099103,432,7190.390481
464.056025,432,7190.803955
535.281405,432,7191.7599
584.282511,432,7192.530026
570.444221,432,7193.284143
628.1365,432,7194.318886
172.788373,432,7195.196611
685.68258,432,7195.979596
588.769182,432,7196.735329
240.539843,432,7197.50247
510.568733,432,7198.296365
21.75377,432,7199.048038
696.060426,432,7199.839139
240.427054,432,7200.778589
-227.384857,432,7201.71733
532.800162,432,7202.50528
499.36619,432,7203.260176
747.3058,432,7204.059913
517.15388,432,7204.815935
480.595409,432,7205.564914
413.345405,432,7206.365083
474.080342,432,7207.345751
499.670061,432,7208.369962
339.345146,432,7209.138061
563.242735,432,7209.908798
705.231464,432,7210.744085
623.125596,432,7211.496336
668.82805,432,7212.241983
173.424953,432,7213.026292
420.003528,432,7214.003066
604.337538,432,7214.925765
507.801833,432,7215.68151
420.868885,432,7216.436457
434.393099,432,7217.239386
130.729933,432,7217.993619
624.546835,432,7218.785618
437.82775,432,7219.560222
494.846864,432,7220.545254
570.577924,432,7221.52471
456.580265,432,7222.273681
526.556031,432,7223.037402
329.209968,432,7223.846303
579.107678,432,7224.598498
128.767885,432,7225.382447
224.29607,432,7226.136468
583.278684,432,7227.069811
749.536206,432,7228.061694
628.080646,432,7228.81677
336.579642,432,7229.603156
524.025616,432,7230.389438
596.839275,432,7231.17252
404.515667,432,7231.973942
672.260648,432,7232.725543
634.538662,432,7233.855846
587.896566,432,7234.789385
516.459044,432,7235.5493
641.00837,432,7236.314227
201.136575,432,7237.128883
452.0284,432,7237.893966
304.4988,432,7238.680275
489.930906,432,7239.460558
199.899304,432,7240.488954
691.380217,432,7241.456779
488.214886,432,7242.211761
417.602136,432,7242.961716
273.836181,432,7243.769859
663.194485,432,7244.519511
397.276616,432,7245.293274
593.768365,432,7246.051829
530.993218,432,7247.095177
638.976565,432,7248.090282
568.285239,432,7248.85506
581.932627,432,7249.624629
630.174937,432,7250.434225
226.717768,432,7251.187258
124.879565,432,7251.979598
600.31814,432,7252.73955
588.676109,432,7253.720041
731.064781,432,7254.700023
340.828142,432,7255.459293
524.490604,432,7256.226112
575.827263,432,7257.023096
377.809874,432,7257.778666
471.580036,432,7258.572377
646.826483,432,7259.350445
497.017788,432,7260.399348
546.418011,432,7261.360106
712.699266,432,7262.026477
574.478828,432,7262.423814
652.406448,432,7262.819286
679.53753,432,7263.233427
545.103599,432,7263.678165
661.907383,432,7264.614103
611.958933,432,7265.386055
629.49785,432,7266.157542
344.846402,432,7266.93648
305.482726,432,7267.702088
674.283709,432,7268.473781
524.896095,432,7269.507516
633.173206,432,7270.37391
505.016275,432,7271.153121
492.616356,432,7271.910811
351.4962,432,7272.71714
742.795643,432,7273.479512
472.461107,432,7274.230872
413.362327,432,7275.015894
692.282825,432,7275.957657
434.515709,432,7276.855726
379.928987,432,7277.616625
762.965373,432,7278.392381
162.219579,432,7279.218994
539.175766,432,7279.972063
559.317556,432,7280.727382
531.988273,432,7281.518254
131.897766,432,7282.550597
514.194542,432,7283.528214
211.337563,432,7284.2766
530.157688,432,7285.017537
636.124579,432,7285.811236
33.251038,432,7286.561718
573.231606,432,7287.319033
328.397082,432,7288.146125
441.696181,432,7289.19205
301.285017,432,7290.053265
545.895344,432,7290.809333
181.648206,432,7291.587231
652.442542,432,7292.381406
461.564077,432,7293.13369
401.175632,432,7293.936038
527.000373,432,7294.740011
362.225193,432,7295.737256
697.721935,432,7296.670032
343.769498,432,7297.418755
340.07003,432,7298.208182
588.233212,432,7298.996446
605.833894,432,7299.817695
502.554261,432,7300.629111
450.181479,432,7301.38382
302.152455,432,7302.364047
464.947291,432,7303.324742
247.10081,432,7304.079511
627.483005,432,7304.837216
549.63991,432,7305.631185
486.841515,432,7306.388386
278.73539,432,7307.178399
426.46271,432,7307.949568
694.088585,432,7309.009282
734.438624,432,7309.94803
632.214682,432,7310.706495
302.769858,432,7311.462995
605.944818,432,7312.271235
529.611462,432,7313.020243
544.392331,432,7313.802245
754.947538,432,7314.561405
503.271762,432,7315.590019
436.121762,432,7316.533545
521.254387,432,7317.297172
623.705494,432,7318.063278
342.917052,432,7318.878523
268.829284,432,7319.634706
433.264395,432,7320.413023
528.620108,432,7321.175727
105.928936,432,7322.281015
193.611822,432,7323.372046
342.86615,432,7324.147461
480.025791,432,7324.89972
447.963844,432,7325.697698
600.458617,432,7326.44952
534.488015,432,7327.221534
352.781585,432,7328.069624
594.29295,432,7329.095759
250.335878,432,7330.018547
534.988944,432,7330.775114
521.88894,432,7331.564173
572.291228,432,7332.43789
625.665137,432,7333.185413
458.633374,432,7333.937088
429.438006,432,7334.629733
588.965921,432,7335.043235
576.350855,432,7335.69943
760.242384,432,7336.267644
504.926589,432,7336.687667
645.778653,432,7337.63126
794.807682,432,7338.386292
144.217082,432,7339.132416
629.100267,432,7339.910944
505.894698,432,7340.665133
657.701987,432,7341.594007
655.704742,432,7342.595438
551.13868,432,7343.350201
374.281159,432,7344.098826
595.972407,432,7344.90326
596.877779,432,7345.653558
636.688146,432,7346.420754
422.530719,432,7347.198972
223.879398,432,7348.12956
469.120228,432,7349.159582
737.339978,432,7349.91121
643.93139,432,7350.663565
121.436508,432,7351.460983
519.444849,432,7352.214535
723.935735,432,7352.999175
527.225848,432,7353.764092
317.634673,432,7354.725385
668.4672,432,7355.718603
566.650232,432,7356.468582
691.984481,432,7357.2696
614.206476,432,7358.145185
578.946625,432,7358.882879
604.318302,432,7359.619172
711.21501,432,7360.379383
477.37446,432,7361.358736
343.62444,432,7362.243411
280.065169,432,7363.04027
681.720378,432,7363.81274
585.466082,432,7364.607108
263.157027,432,7365.374587
571.254601,432,7366.131352
518.482811,432,7366.930283
500.920163,432,7367.914548
575.39876,432,7368.850756
562.396344,432,7369.610113
504.219033,432,7370.36866
371.851152,432,7371.161178
640.332108,432,7371.920978
651.458857,432,7372.703161
456.154587,432,7373.473176
357.793077,432,7374.485264
258.151644,432,7375.458761
431.147226,432,7376.21285
646.466832,432,7376.981577
657.529363,432,7377.789632
282.930675,432,7378.545313
174.16821,432,7379.327819
425.569389,432,7380.097287
371.863203,432,7381.074517
489.723006,432,7382.106818
475.592178,432,7382.863189
565.697204,432,7383.623156
16.861136,432,7384.417771
605.72841,432,7385.169826
692.408078,432,7385.943883
518.181644,432,7386.729025
557.66486,432,7387.827755
356.183754,432,7388.792485
26.405908,432,7389.543561
396.528628,432,7390.305587
171.894801,432,7391.093233
512.81599,432,7391.843531
395.909316,432,7392.624638
600.330123,432,7393.41176
507.994322,432,7394.457367
652.332719,432,7395.397527
390.992875,432,7396.148581
580.466388,432,7396.910815
477.385544,432,7397.700032
464.077254,432,7398.458114
613.183848,432,7399.239009
177.465718,432,7399.994206
548.92295,432,7401.041725
780.996568,432,7402.005544
406.690858,432,7402.766315
429.381272,432,7403.525377
476.338619,432,7404.316974
576.398192,432,7405.072608
140.347866,432,7405.849046
574.469552,432,7406.624908
684.12119,432,7407.388992
665.434419,432,7408.047573
709.968671,432,7408.496403
740.509769,432,7408.926791
649.43522,432,7409.358867
476.48678,432,7410.312553
170.193088,432,7411.106894
208.881429,432,7411.860028
261.344903,432,7412.697918
139.054813,432,7413.748142
299.714826,432,7414.601402
564.732579,432,7415.353663
446.392804,432,7416.134871
233.506418,432,7416.940171
712.43085,432,7417.688653
404.381993,432,7418.478521
454.749442,432,7419.23476
469.630477,432,7420.336442
714.974845,432,7421.29457
470.940852,432,7422.036595
403.465159,432,7422.812409
293.882498,432,7423.572104
552.337779,432,7424.335097
391.847149,432,7425.119027
296.34433,432,7425.923656
625.428615,432,7427.021681
475.807706,432,7427.88626
85.849671,432,7428.648872
670.09795,432,7429.476106
600.924722,432,7430.263797
541.776219,432,7431.027407
217.084593,432,7431.811865
632.274551,432,7432.584685
675.417379,432,7433.77915
408.68455,432,7434.665523
496.202301,432,7435.427301
178.430195,432,7436.234403
510.674988,432,7437.090996
441.002062,432,7437.854513
496.869394,432,7438.675434
288.227372,432,7439.431374
558.030497,432,7440.375621
637.989316,432,7441.408763
410.929871,432,7442.184979
533.285387,432,7442.937742
452.590475,432,7443.734796
374.244346,432,7444.490688
291.002273,432,7445.282535
376.455966,432,7446.053735
248.437764,432,7447.155194
496.3683,432,7448.117982
432.876571,432,7448.874105
584.168163,432,7449.639356
287.218095,432,7450.45817
280.337918,432,7451.213912
555.561907,432,7451.996763
691.738309,432,7452.75747
640.477485,432,7453.71506
117.312836,432,7454.721326
519.285599,432,7455.47227
619.650903,432,7456.241231
709.50614,432,7457.039093
429.018908,432,7457.802546
543.405342,432,7458.583511
544.900704,432,7459.37827
139.246768,432,7460.369622
-42.161259,432,7461.32576
260.587179,432,7462.086518
615.482258,432,7462.843702
654.024745,432,7463.648675
450.636166,432,7464.409533
490.630713,432,7465.182072
242.250468,432,7465.988374
498.808614,432,7467.00175
475.740652,432,7467.923569
495.347971,432,7468.68594
512.012327,432,7469.444171
495.72531,432,7470.255121
602.828892,432,7471.005541
620.415407,432,7471.793636
391.719435,432,7472.549324
503.125074,432,7473.497111
535.59215,432,7474.478784
124.276732,432,7475.238063
371.31799,432,7476.006693
221.974086,432,7476.817294
159.582547,432,7477.571761
455.228063,432,7478.36034
321.594663,432,7479.127526
577.015522,432,7480.125232
764.266846,432,7480.969675
704.311437,432,7481.389676
743.320235,432,7481.818133
762.721823,432,7482.240625
657.838342,432,7482.662789
604.729052,432,7483.620877
538.868931,432,7484.411286
346.677729,432,7485.204529
650.362352,432,7486.180078
390.274443,432,7487.043842
359.917909,432,7487.82297
755.362597,432,7488.60677
645.312434,432,7489.399869
564.822101,432,7490.158474
491.508834,432,7490.933747
534.920357,432,7491.69274
553.283533,432,7492.693191
539.155414,432,7493.679265
48.117612,432,7494.42975
400.723892,432,7495.192729
383.332906,432,7495.993109
540.315804,432,7496.743517
562.694635,432,7497.524824
609.125031,432,7498.283222
642.422718,432,7499.218921
648.640798,432,7500.237482
535.73201,432,7500.989902
694.487558,432,7501.761762
360.172768,432,7502.567257
544.665868,432,7503.319414
320.574847,432,7504.133786
188.892536,432,7504.926572
353.956123,432,7505.974542
228.113801,432,7507.086646
436.630538,432,7507.862734
494.322585,432,7508.625758
568.088309,432,7509.422218
612.224993,432,7510.169383
478.349894,432,7510.956085
673.009132,432,7511.712332
334.130145,432,7512.721908
421.186382,432,7513.741811
548.12016,432,7514.482141
542.718434,432,7515.247295
658.029379,432,7516.036192
521.189507,432,7516.793787
386.1321,432,7517.569206
207.127335,432,7518.33287
578.482639,432,7519.307862
567.813684,432,7520.285553
533.414575,432,7521.057079
546.352009,432,7521.817242
395.604601,432,7522.61335
671.333486,432,7523.368812
470.106578,432,7524.172275
593.804266,432,7524.957639
274.042415,432,7525.963078
557.93594,432,7526.899471
728.646519,432,7527.658136
588.128137,432,7528.428039
277.548032,432,7529.252548
624.434335,432,7530.011061
443.931264,432,7530.798882
536.310867,432,7531.56031
516.560735,432,7532.562506
235.456241,432,7533.560318
662.982951,432,7534.316681
324.84077,432,7535.081565
479.971711,432,7535.880438
151.021055,432,7536.657487
527.483289,432,7537.451834
738.078456,432,7538.212615
377.915411,432,7539.210215
660.58195,432,7540.235323
416.842526,432,7540.984426
147.942192,432,7541.745063
593.667546,432,7542.570361
225.400891,432,7543.317539
632.626562,432,7544.063049
414.410854,432,7544.863817
419.824699,432,7545.902322
298.953807,432,7546.850509
320.005023,432,7547.61886
688.889881,432,7548.403748
338.827071,432,7549.177251
499.713875,432,7549.92931
519.47908,432,7550.71457
539.921247,432,7551.481528
589.185308,432,7552.644597
644.461674,432,7553.539559
730.678243,432,7554.203486
587.029506,432,7554.657727
652.646078,432,7555.062171
341.678323,432,7555.485912
668.319115,432,7555.910186
497.441085,432,7556.85556
666.859108,432,7557.614992
691.581968,432,7558.648932
519.547027,432,7559.62449
295.212151,432,7560.376916
330.370767,432,7561.127141
518.039599,432,7561.942411
611.235649,432,7562.695772
258.332586,432,7563.517521
466.588229,432,7564.3054
438.352209,432,7565.292392
414.363547,432,7566.313414
478.964603,432,7567.062256
521.752244,432,7567.832034
584.909324,432,7568.680905
420.596041,432,7569.431702
450.644384,432,7570.190818
699.527747,432,7570.980787
513.197819,432,7571.924139
301.526245,432,7572.915221
519.01543,432,7573.666959
482.829356,432,7574.435708
598.471951,432,7575.260208
675.731706,432,7576.016712
640.515875,432,7576.766025
233.384592,432,7577.552592
686.293327,432,7578.543385
761.393739,432,7579.501098
625.30335,432,7580.273807
515.406348,432,7581.035247
580.357653,432,7581.823612
334.321914,432,7582.579736
443.194326,432,7583.356889
533.361709,432,7584.147218
168.100341,432,7585.065415
429.507099,432,7586.04453
689.096329,432,7586.794233
621.886731,432,7587.544176
674.203334,432,7588.356079
605.375148,432,7589.111494
727.623842,432,7589.872345
656.831858,432,7590.649482
616.718633,432,7591.741047
681.505248,432,7592.684514
576.103839,432,7593.443846
247.284389,432,7594.212014
564.211162,432,7595.028342
690.689393,432,7595.777805
530.191283,432,7596.558503
442.39533,432,7597.326765
461.912817,432,7598.466183
264.69815,432,7599.442258
496.184228,432,7600.200015
446.259503,432,7600.972112
302.291085,432,7601.998591
517.455978,432,7602.872473
410.136525,432,7603.654179
693.070593,432,7604.41632
592.015421,432,7605.186511
169.8114,432,7605.973568
53.270207,432,7606.727978
349.71602,432,7607.513732
721.432259,432,7608.449448
245.966563,432,7609.371079
179.991808,432,7610.174861
529.958016,432,7610.957299
304.53085,432,7611.716158
587.517095,432,7612.523489
68.417355,432,7613.291335
267.745026,432,7614.060004
380.203819,432,7615.141627
650.272732,432,7616.062714
381.890832,432,7616.817743
522.021269,432,7617.613001
452.953164,432,7618.374558
609.624658,432,7619.132907
422.658055,432,7619.917637
392.084327,432,7620.669833
661.4629,432,7621.662906
513.061289,432,7622.70583
180.318989,432,7623.456996
429.646401,432,7624.234751
587.571501,432,7625.027885
544.032513,432,7625.792298
679.218134,432,7626.57594
665.663012,432,7627.225439
484.733542,432,7627.636724
594.207366,432,7628.216267
573.401667,432,7628.821671
741.29884,432,7629.241099
513.824426,432,7630.183664
498.840881,432,7631.305391
477.142601,432,7632.084283
539.796358,432,7632.858687
625.421723,432,7633.630945
445.298551,432,7634.670446
761.019744,432,7635.63026
185.208349,432,7636.394
462.084306,432,7637.146435
158.444661,432,7638.160013
493.643196,432,7639.047109
729.843493,432,7639.837043
596.883542,432,7640.596347
430.107511,432,7641.61257
612.920447,432,7642.58698
521.470739,432,7643.327958
475.641012,432,7644.116039
254.920285,432,7645.19202
464.397277,432,7646.022354
194.328414,432,7646.813328
-76.966427,432,7647.571409
443.009349,432,7648.665754
463.278346,432,7649.622261
395.310808,432,7650.373893
184.925692,432,7651.132191
477.690932,432,7652.204628
399.793155,432,7653.066925
355.670153,432,7653.856502
188.457621,432,7654.624535
548.774803,432,7655.658917
748.611768,432,7656.701057
265.749869,432,7657.45773
494.969513,432,7658.210726
317.372267,432,7659.184132
418.009307,432,7660.114939
174.176073,432,7660.89883
722.277304,432,7661.665853
511.244573,432,7662.676416
595.168662,432,7663.624643
541.06545,432,7664.38489
695.621811,432,7665.149348
462.900664,432,7666.205513
594.768204,432,7667.057986
484.729649,432,7667.842172
203.100581,432,7668.603227
603.175621,432,7669.623127
660.665233,432,7670.589006
759.191456,432,7671.359884
594.734288,432,7672.128848
527.148317,432,7673.464467
461.711114,432,7674.278925
470.381338,432,7675.043553
694.889165,432,7675.866085
210.288747,432,7676.631691
164.134575,432,7677.391496
638.243416,432,7678.18367
257.365162,432,7678.998639
646.216562,432,7679.939927
529.364411,432,7680.863428
319.936074,432,7681.61947
330.688285,432,7682.39037
278.162812,432,7683.561401
433.871086,432,7684.480736
619.825454,432,7685.236044
725.32402,432,7686.04091
535.08236,432,7687.045283
436.996129,432,7687.917151
299.992741,432,7688.681508
631.847108,432,7689.442891
636.794299,432,7690.647224
612.393229,432,7691.503701
659.807937,432,7692.342026
223.74558,432,7693.146219
615.954517,432,7694.193798
361.747102,432,7695.015787
109.741963,432,7695.783892
740.708806,432,7696.54051
360.433869,432,7697.572233
586.711349,432,7698.536037
364.909872,432,7699.283058
420.988674,432,7700.04096
625.818327,432,7700.8492
474.652526,432,7701.607708
91.605515,432,7702.391225
562.433717,432,7703.157505
720.16269,432,7703.998681
393.246942,432,7704.612334
717.287994,432,7705.041278
737.265588,432,7705.468774
628.569276,432,7705.895795
568.827933,432,7706.849761
705.485484,432,7708.010059
688.956972,432,7708.760868
533.842736,432,7709.538341
404.288909,432,7710.556239
239.712287,432,7711.498785
195.972384,432,7712.248459
544.021878,432,7713.015933
451.063334,432,7714.109648
485.480409,432,7714.938274
572.459989,432,7715.723167
375.648189,432,7716.473828
505.507091,432,7717.56231
558.775685,432,7718.538132
394.822422,432,7719.298884
573.44073,432,7720.065653
245.138916,432,7721.215657
775.130474,432,7722.016911
439.987029,432,7722.79644
492.024494,432,7723.559772
469.537332,432,7724.594659
644.143715,432,7725.543806
594.692688,432,7726.292778
729.638973,432,7727.047658
498.330647,432,7728.16457
133.150453,432,7729.002097
563.111828,432,7729.785042
750.726026,432,7730.549549
390.320024,432,7731.635081
603.585028,432,7732.576531
427.65281,432,7733.330662
344.133479,432,7734.097716
508.690869,432,7735.155818
546.602563,432,7736.032802
379.558941,432,7736.820703
745.028797,432,7737.575245
627.839837,432,7738.55376
549.925142,432,7739.505845
610.997804,432,7740.249586
692.631905,432,7741.066093
132.316347,432,7742.17418
244.411077,432,7743.059644
721.314694,432,7743.81218
636.64647,432,7744.565339
580.77923,432,7745.607735
483.666963,432,7746.509822
126.697662,432,7747.341003
496.342521,432,7748.135695
400.665964,432,7749.26958
635.432023,432,7750.175498
247.048767,432,7750.938603
723.669871,432,7751.699305
692.011541,432,7752.743708
406.726253,432,7753.600142
627.874488,432,7754.39723
197.363075,432,7755.169167
592.616375,432,7756.222614
444.491327,432,7757.155952
241.863796,432,7757.904925
387.969104,432,7758.663358
636.560962,432,7759.682434
538.346281,432,7760.557151
611.765583,432,7761.339898
325.563645,432,7762.103415
108.155877,432,7763.197336
678.579444,432,7764.099199
562.340842,432,7764.855512
644.590119,432,7765.630298
532.573189,432,7766.613351
507.907954,432,7767.494672
653.398554,432,7768.279412
387.341363,432,7769.047545
677.597768,432,7770.176605
682.635088,432,7771.058335
363.262432,432,7771.823834
507.211522,432,7772.592743
636.633942,432,7773.589593
468.515154,432,7774.464031
556.422574,432,7775.238263
493.839468,432,7776.012795
-14.062821,432,7777.310054
574.778956,432,7778.175993
687.440925,432,7778.928001
382.426337,432,7779.670176
698.071328,432,7780.736393
639.909282,432,7781.484706
681.630664,432,7781.900847
428.928875,432,7782.310591
560.473027,432,7782.715282
583.811791,432,7783.117049
227.698923,432,7784.07768
142.645528,432,7784.846653
526.303343,432,7785.606702
545.968615,432,7786.710459
601.054115,432,7787.628429
707.490481,432,7788.3799
562.929763,432,7789.143683
174.021106,432,7790.179975
347.62772,432,7791.028434
452.992984,432,7791.813681
442.324751,432,7792.579511
661.863566,432,7793.652372
747.327486,432,7794.597286
709.519276,432,7795.348316
479.284605,432,7796.118987
456.107145,432,7797.143824
655.321693,432,7798.063642
629.88926,432,7798.900601
573.743316,432,7799.65192
236.451811,432,7800.623449
54.974596,432,7801.546906
423.880014,432,7802.315568
604.788575,432,7803.124843
570.803335,432,7804.169379
536.862155,432,7805.029122
208.393644,432,7805.829264
120.728876,432,7806.573197
547.31889,432,7807.566872
747.181091,432,7808.550902
496.134364,432,7809.295605
283.497172,432,7810.062615
355.000206,432,7811.067897
378.381196,432,7811.971717
351.167142,432,7812.766895
141.585171,432,7813.524317
270.522599,432,7814.516247
428.412037,432,7815.457306
271.660218,432,7816.215247
451.151118,432,7816.992847
653.305061,432,7817.774782
-58.86542,432,7818.528366
537.63771,432,7819.317235
504.448146,432,7820.075552
476.718758,432,7821.196731
418.46641,432,7822.138427
384.214457,432,7822.889824
628.736091,432,7823.655008
620.446049,432,7824.747874
672.264152,432,7825.610686
408.564136,432,7826.388994
256.488419,432,7827.146712
528.37563,432,7828.203587
698.464023,432,7829.140002
456.672236,432,7829.885524
643.050727,432,7830.64485
565.085827,432,7831.596641
207.878672,432,7832.495955
395.942485,432,7833.281747
555.525625,432,7834.039746
373.188603,432,7835.059013
675.117311,432,7836.012551
409.262655,432,7836.762481
558.165103,432,7837.536206
125.864127,432,7838.589195
497.275128,432,7839.427206
611.549834,432,7840.217608
227.999013,432,7840.979092
710.939309,432,7842.082097
411.582993,432,7842.988256
703.535073,432,7843.740283
182.886163,432,7844.517725
402.632524,432,7845.647804
332.398598,432,7846.455282
389.024681,432,7847.260999
704.489988,432,7848.103672
556.958857,432,7849.288227
299.736729,432,7850.127256
479.371039,432,7850.892754
605.622363,432,7851.693539
459.492936,432,7852.704138
277.843745,432,7853.603741
154.881854,432,7854.3842
276.369397,432,7855.156731
285.528677,432,7856.204245
737.947724,432,7857.144754
776.230345,432,7857.817265
625.902895,432,7858.236462
733.786815,432,7858.644732
602.173055,432,7859.069415
612.107274,432,7859.496597
464.706545,432,7860.466006
525.140117,432,7861.247016
524.285729,432,7862.323761
431.875432,432,7863.227013
544.869995,432,7863.978149
483.507075,432,7864.744662
523.336726,432,7865.867321
697.034051,432,7866.70545
309.007017,432,7867.503371
311.51943,432,7868.281313
405.261657,432,7869.321978
700.714518,432,7870.166627
270.030208,432,7870.933393
623.060732,432,7871.701706
441.165841,432,7872.82321
573.58689,432,7873.77956
386.467898,432,7874.53367
665.729944,432,7875.29268
595.324411,432,7876.315547
376.868359,432,7877.197894
622.934841,432,7877.994094
223.081347,432,7878.764951
462.535253,432,7879.75912
661.065407,432,7880.676266
404.310657,432,7881.428722
447.892731,432,7882.217868
435.447726,432,7883.277673
-128.059436,432,7884.119503
617.89314,432,7884.909854
312.05554,432,7885.671818
602.278188,432,7886.798747
555.209038,432,7887.67551
560.046314,432,7888.429096
557.460477,432,7889.206152
418.69303,432,7890.237211
148.908107,432,7891.115632
424.809921,432,7891.908971
371.269334,432,7892.67939
714.554165,432,7893.74023
647.906028,432,7894.668877
621.789382,432,7895.433541
647.31216,432,7896.217302
651.004931,432,7897.237124
345.393294,432,7898.147472
686.37954,432,7898.92926
536.791903,432,7899.71962
643.588757,432,7900.914822
440.879313,432,7901.775383
591.306005,432,7902.523136
632.264909,432,7903.273668
274.230836,432,7904.343733
687.140699,432,7905.185803
616.768573,432,7905.962968
716.373221,432,7906.728397
114.734329,432,7907.765723
360.67194,432,7908.724604
730.902218,432,7909.47916
695.775471,432,7910.232991
75.357807,432,7911.309638
333.260046,432,7912.127512
461.811047,432,7912.921098
478.806819,432,7913.690087
576.650372,432,7914.68995
471.499862,432,7915.647746
608.445848,432,7916.393101
619.672105,432,7917.152355
329.68237,432,7918.192936
362.038498,432,7919.056366
305.614319,432,7919.844512
617.425275,432,7920.611826
598.356831,432,7921.737508
412.884805,432,7922.66083
485.530529,432,7923.431596
392.268897,432,7924.247567
98.959416,432,7925.335166
516.490968,432,7926.233852
608.253027,432,7927.015603
495.19465,432,7927.773453
561.737488,432,7928.772479
673.920132,432,7929.764714
386.304058,432,7930.558096
291.145283,432,7931.312895
556.95837,432,7932.372728
390.532087,432,7933.309435
290.800658,432,7934.064006
468.723139,432,7934.73708
529.489184,432,7935.167948
777.67472,432,7935.860981
747.243299,432,7936.40495
631.456907,432,7936.825452
524.514283,432,7937.753872
118.016307,432,7938.901665
176.232074,432,7939.650608
793.555264,432,7940.441231
742.190625,432,7941.208296
291.735056,432,7942.282072
266.431502,432,7943.202336
676.925944,432,7943.9509
273.572663,432,7944.721284
580.538823,432,7945.755095
701.51985,432,7946.616532
495.485743,432,7947.404257
563.777855,432,7948.165376
277.574576,432,7948.971164
599.472849,432,7949.727388
-10.489891,432,7950.488147
558.197259,432,7951.311663
581.703235,432,7952.36897
486.884286,432,7953.233813
524.090978,432,7953.984139
570.547643,432,7954.746029
109.61619,432,7955.785956
481.812363,432,7956.644712
316.161658,432,7957.439565
702.15539,432,7958.19801
409.517516,432,7959.175111
514.621628,432,7960.201974
39.204494,432,7960.95894
453.976515,432,7961.72471
730.7756,432,7962.788706
385.4004,432,7963.639956
625.474404,432,7964.427513
601.707539,432,7965.17824
735.959938,432,7966.344486
633.830336,432,7967.282318
562.645115,432,7968.031692
534.576999,432,7968.8041
511.873698,432,7969.597405
545.183586,432,7970.355416
399.968268,432,7971.139121
664.6034,432,7971.891622
296.094387,432,7972.805268
659.372022,432,7973.859756
651.147898,432,7974.62135
593.633572,432,7975.391139
594.022257,432,7976.408825
603.317108,432,7977.266072
515.565147,432,7978.048749
380.576341,432,7978.81883
626.817856,432,7979.8171
383.419605,432,7980.820396
314.013734,432,7981.575957
496.667248,432,7982.36095
617.812345,432,7983.390645
149.3058,432,7984.241165
704.734254,432,7985.018252
479.496597,432,7985.776601
629.634874,432,7986.74396
-9.203342,432,7987.720738
129.366154,432,7988.490301
512.628243,432,7989.27937
728.556322,432,7990.257658
327.604885,432,7991.159633
571.446444,432,7991.928524
450.26298,432,7992.721375
620.526822,432,7993.826876
580.078464,432,7994.687538
544.084697,432,7995.453058
495.954965,432,7996.253704
247.320987,432,7997.261303
694.10421,432,7998.128344
600.209868,432,7998.916634
648.601566,432,7999.676008
411.672295,432,8000.7364
660.478185,432,8001.69369
525.293685,432,8002.439239
543.210487,432,8003.205014
766.420493,432,8004.243811
382.656371,432,8005.08784
556.335634,432,8005.877258
581.354553,432,8006.634199
430.100465,432,8007.671115
499.287505,432,8008.674734
700.772942,432,8009.438929
410.115362,432,8010.211533
646.679425,432,8011.129392
589.644157,432,8011.705164
638.636904,432,8012.109504
537.387855,432,8012.52112
751.172889,432,8012.943918
431.242906,432,8013.890853
522.353253,432,8015.020493
565.141099,432,8015.77796
578.955732,432,8016.577393
419.089428,432,8017.619287
702.788568,432,8018.535209
578.557734,432,8019.374413
591.424157,432,8020.160326
297.319519,432,8021.184408
402.801007,432,8022.051485
593.378825,432,8022.83343
556.231375,432,8023.61434
581.674981,432,8024.844338
742.581808,432,8025.714715
473.956474,432,8026.465189
683.569126,432,8027.218875
583.022404,432,8028.235854
441.256563,432,8029.157501
285.144082,432,8029.947219
213.692045,432,8030.725338
168.837041,432,8031.688931
723.4073,432,8032.677689
234.694251,432,8033.431317
434.075074,432,8034.181449
617.82715,432,8035.16657
336.631575,432,8036.157303
625.564852,432,8036.95747
634.591074,432,8037.734257
743.786755,432,8038.813611
719.79748,432,8039.748626
717.396399,432,8040.501065
606.152877,432,8041.27039
547.943131,432,8042.396543
185.442829,432,8043.212371
517.246495,432,8043.993559
551.224455,432,8044.755368
395.746326,432,8045.791166
705.432368,432,8046.734999
586.545267,432,8047.484923
400.936553,432,8048.241878
463.177965,432,8049.31946
516.413446,432,8050.178604
637.075692,432,8050.979488
-23.233745,432,8051.785383
197.936539,432,8052.869131
569.292381,432,8053.694598
460.957526,432,8054.454396
771.366687,432,8055.221971
708.705847,432,8056.31421
565.96003,432,8057.149267
403.160027,432,8057.907718
700.18297,432,8058.725163
536.698587,432,8059.499319
166.455901,432,8060.291286
541.975436,432,8061.050335
531.681402,432,8061.807721
484.323604,432,8062.877956
362.917684,432,8063.762415
310.337325,432,8064.541465
608.020747,432,8065.314416
634.274964,432,8066.288805
513.942906,432,8067.259503
369.562615,432,8068.031627
607.465698,432,8068.782331
587.89946,432,8069.864268
737.925778,432,8070.69651
219.1984,432,8071.483124
629.648554,432,8072.252763
388.103296,432,8073.299896
678.409668,432,8074.247159
224.625639,432,8074.99112
378.643621,432,8075.753338
551.167109,432,8076.79272
324.233986,432,8077.626849
359.89874,432,8078.412137
606.184623,432,8079.180272
488.362161,432,8080.20386
531.461286,432,8081.15247
739.575311,432,8081.908698
599.301118,432,8082.677098
652.996929,432,8083.793202
363.990055,432,8084.612819
654.336415,432,8085.407563
656.658476,432,8086.169494
562.900078,432,8087.203355
683.220947,432,8088.023919
429.385664,432,8088.438258
791.704443,432,8088.857289
743.969467,432,8089.289019
739.343225,432,8089.713239
624.820713,432,8090.667862
626.854119,432,8091.933494
384.890545,432,8092.718117
227.689128,432,8093.753088
322.21579,432,8094.597043
738.973524,432,8095.389274
353.591645,432,8096.144671
639.770657,432,8097.198314
264.463131,432,8098.127667
87.631715,432,8098.894593
498.086683,432,8099.673877
598.70362,432,8100.661766
344.224856,432,8101.56193
633.363823,432,8102.37947
636.289595,432,8103.14018
382.276507,432,8104.16132
606.868018,432,8105.10103
390.969993,432,8105.869493
403.275633,432,8106.627507
591.518547,432,8107.653132
593.849803,432,8108.529408
451.510445,432,8109.312714
316.845321,432,8110.076787
382.271076,432,8111.104368
695.863,432,8112.084854
539.651142,432,8112.852979
645.877547,432,8113.666051
631.667457,432,8114.772631
503.851651,432,8115.708144
565.444072,432,8116.474885
553.293134,432,8117.258199
630.318935,432,8118.308271
671.500766,432,8119.26039
270.030743,432,8120.059105
677.225435,432,8120.850264
400.939688,432,8121.84178
182.695431,432,8122.779651
536.101739,432,8123.543489
712.108471,432,8124.343025
561.643281,432,8125.44098
531.242813,432,8126.322433
512.478601,432,8127.242269
375.373995,432,8128.067043
728.629743,432,8129.195533
603.153046,432,8130.159722
403.639037,432,8130.990292
501.063623,432,8131.754791
366.426323,432,8132.79933
540.699108,432,8133.648008
731.12027,432,8134.444349
449.951561,432,8135.213423
608.188135,432,8136.01158
587.204431,432,8136.784044
496.622886,432,8137.547306
757.859291,432,8138.34769
420.033549,432,8139.324698
594.962678,432,8140.3112
309.039534,432,8141.077821
610.788032,432,8141.848292
417.977162,432,8142.655792
348.365072,432,8143.419479
552.596584,432,8144.212092
644.338894,432,8145.014503
642.566449,432,8146.241063
707.369796,432,8147.278505
562.393505,432,8148.293493
303.719799,432,8149.160399
680.454847,432,8150.505186
498.728237,432,8151.306995
449.538498,432,8152.064507
717.443987,432,8152.854948
472.303717,432,8153.916524
233.034034,432,8154.796748
494.179249,432,8155.555961
636.693358,432,8156.334706
640.244467,432,8157.378307
509.634258,432,8158.292451
674.250104,432,8159.091244
590.391427,432,8159.934175
415.972261,432,8161.000811
622.80726,432,8161.85552
564.542068,432,8162.66017
592.892784,432,8163.434658
617.413429,432,8164.418339
491.770957,432,8165.528185
643.346158,432,8166.188897
762.593337,432,8166.591145
589.51988,432,8166.976396
549.967959,432,8167.3841
499.143688,432,8167.819564
593.206899,432,8168.764828
651.454305,432,8169.537881
497.679049,432,8170.585506
707.123337,432,8171.580257
329.845803,432,8172.333606
96.808235,432,8173.101201
540.337171,432,8174.12435
485.348923,432,8175.027244
634.260568,432,8175.820235
448.66525,432,8176.618977
486.832132,432,8177.72162
323.903014,432,8178.615126
606.111891,432,8179.373942
731.25152,432,8180.15239
750.718274,432,8181.149114
474.28564,432,8182.034664
432.178045,432,8182.815413
378.455051,432,8183.608979
448.882011,432,8184.605983
437.287049,432,8185.566039
715.651677,432,8186.317794
38.9007,432,8187.067386
229.588902,432,8188.154822
658.801728,432,8189.014739
629.960512,432,8189.803001
518.410231,432,8190.575806
370.675899,432,8191.736309
316.11809,432,8192.654525
740.812398,432,8193.410445
581.408212,432,8194.169839
769.759512,432,8195.196059
143.196688,432,8196.061695
216.334087,432,8196.858383
345.874451,432,8197.625959
517.100538,432,8198.6189
494.799814,432,8199.57177
618.533188,432,8200.329466
661.063478,432,8201.094679
351.151561,432,8202.121713
121.021365,432,8202.987432
538.720724,432,8203.774101
780.713246,432,8204.54227
594.087095,432,8205.517414
294.991381,432,8206.477274
231.345756,432,8207.228173
461.344869,432,8207.993623
621.276855,432,8209.014437
704.20959,432,8209.903222
376.825354,432,8210.694295
399.032872,432,8211.463225
502.357453,432,8212.491434
436.81356,432,8213.422909
-8.749323,432,8214.185578
575.934972,432,8214.940134
93.518642,432,8216.004817
536.467424,432,8216.850325
682.888366,432,8217.631631
752.65669,432,8218.408795
522.276701,432,8219.209251
608.901269,432,8219.962457
243.287521,432,8220.724403
369.739661,432,8221.513792
774.607725,432,8222.508662
678.778325,432,8223.457455
747.753645,432,8224.199638
289.840776,432,8224.967116
621.502913,432,8225.868233
461.984804,432,8226.742878
566.111767,432,8227.529004
526.728551,432,8228.284772
594.17495,432,8229.052094
505.101568,432,8229.830243
575.980586,432,8230.584713
666.432268,432,8231.375507
496.469538,432,8232.527519
418.444628,432,8233.387881
543.617241,432,8234.152266
656.567993,432,8234.91221
457.865694,432,8235.926157
312.579495,432,8236.793007
599.033463,432,8237.655779
229.40389,432,8238.481002
565.266342,432,8239.534452
406.733744,432,8240.431681
708.647276,432,8241.176302
526.997102,432,8241.825738
747.830131,432,8242.213786
745.622058,432,8242.786828
788.062612,432,8243.401209
633.231379,432,8243.835558
595.378388,432,8244.80767
557.368302,432,8245.916901
685.136141,432,8246.699637
162.562636,432,8247.455142
510.564916,432,8248.213671
645.045544,432,8249.252391
201.939089,432,8250.160309
176.722769,432,8250.946522
762.568013,432,8251.715396
333.709101,432,8252.500972
233.413295,432,8253.284775
437.893029,432,8254.058639
565.861857,432,8254.851858
422.555572,432,8255.839911
535.967527,432,8256.75108
565.624268,432,8257.51368
556.844687,432,8258.284837
333.20441,432,8259.323221
543.239109,432,8260.181135
684.869315,432,8260.960202
741.687107,432,8261.722846
445.222063,432,8262.725013
562.761784,432,8263.677118
548.931316,432,8264.428586
660.384844,432,8265.192683
355.415191,432,8266.196831
514.111993,432,8267.086015
265.181444,432,8267.86383
656.037858,432,8268.618778
501.431607,432,8269.590303
641.127947,432,8270.58444
536.127836,432,8271.334311
640.968789,432,8272.091681
746.70253,432,8273.112839
636.712558,432,8273.968261
586.030835,432,8274.763194
76.859503,432,8275.524978
704.895408,432,8276.551322
415.879072,432,8277.519434
528.926448,432,8278.26633
334.757096,432,8279.035886
415.562531,432,8279.835623
635.637881,432,8280.582482
563.983084,432,8281.36686
252.940934,432,8282.143787
713.674549,432,8283.157351
704.123467,432,8284.131061
396.98804,432,8284.878568
683.458268,432,8285.644909
549.435512,432,8286.740819
669.842468,432,8287.584633
652.611594,432,8288.375842
551.254549,432,8289.132015
486.357281,432,8290.167872
296.376325,432,8291.129898
754.631779,432,8291.884172
565.85477,432,8292.645546
631.538995,432,8293.745149
594.099876,432,8294.562587
769.94612,432,8295.335597
655.563605,432,8296.09259
409.339564,432,8297.234934
661.250458,432,8298.101547
468.131872,432,8298.859988
520.224049,432,8299.62716
519.039793,432,8300.658044
536.977214,432,8301.527887
496.99081,432,8302.325958
713.959744,432,8303.123181
219.853353,432,8304.116162
608.682342,432,8305.037561
685.593799,432,8305.793102
732.728968,432,8306.586817
684.735903,432,8307.608823
642.573538,432,8308.495692
382.655871,432,8309.292718
111.244007,432,8310.049823
484.507951,432,8311.013089
588.098422,432,8311.990186
479.599863,432,8312.745379
149.351578,432,8313.523388
677.225655,432,8314.66368
170.369823,432,8315.463303
402.986777,432,8316.253124
796.08476,432,8317.000553
375.606468,432,8317.854701
739.077071,432,8318.465302
401.22329,432,8318.863244
773.068369,432,8319.282372
426.72125,432,8319.699421
612.301845,432,8320.635016
607.535339,432,8321.763607
651.660611,432,8322.558794
662.67389,432,8323.357543
520.133502,432,8324.311511
612.272127,432,8325.37241
682.186811,432,8326.122041
613.138037,432,8326.881903
41.311103,432,8327.954134
716.837605,432,8328.816826
485.54189,432,8329.599061
621.438012,432,8330.358675
664.575089,432,8331.340478
168.549327,432,8332.336236
364.433589,432,8333.148687
306.458978,432,8333.962119
641.414344,432,8335.094037
573.200855,432,8335.885889
512.374589,432,8336.684708
280.601958,432,8337.480585
610.878188,432,8338.577887
519.33455,432,8339.458772
772.640436,432,8340.212633
410.566921,432,8341.026162
372.833169,432,8342.178549
547.167723,432,8342.994759
464.02803,432,8343.77172
564.672394,432,8344.524386
515.103253,432,8345.571628
578.252865,432,8346.508011
187.431701,432,8347.267059
673.66956,432,8348.052645
549.161815,432,8349.075649
651.58195,432,8349.953403
492.849711,432,8350.74784
478.662603,432,8351.500832
619.201691,432,8352.298087
479.294845,432,8353.059682
130.56165,432,8353.82294
616.042633,432,8354.627832
662.351073,432,8355.652969
476.327449,432,8356.565613
673.906643,432,8357.313983
380.360983,432,8358.078149
443.224924,432,8358.883573
485.604648,432,8359.633848
374.681193,432,8360.429595
604.878678,432,8361.1943
568.175882,432,8362.265143
474.293607,432,8363.215262
737.598595,432,8363.97102
650.184831,432,8364.734096
533.066734,432,8365.762467
655.558058,432,8366.667648
713.482469,432,8367.446604
530.427955,432,8368.211799
679.872016,432,8369.231372
326.050916,432,8370.149147
723.912538,432,8370.931615
569.18916,432,8371.730814
59.620631,432,8372.796757
258.758937,432,8373.659745
440.754654,432,8374.438874
563.83632,432,8375.211841
610.857381,432,8376.432618
499.597314,432,8377.471147
564.395152,432,8378.251235
194.505619,432,8379.051402
466.655713,432,8380.288757
337.253412,432,8381.113486
292.59794,432,8381.8949
628.763526,432,8382.734484
663.325153,432,8383.886553
473.748087,432,8384.897988
540.438134,432,8385.65023
713.603184,432,8386.430239
494.397165,432,8387.516412
556.990513,432,8388.412072
556.32882,432,8389.181032
475.418245,432,8389.995995
519.886122,432,8391.047189
454.278336,432,8391.881295
632.958441,432,8392.683803
525.995989,432,8393.455174
333.794794,432,8394.464685
588.388393,432,8395.275403
740.950711,432,8395.674407
800.46507,432,8396.086959
746.986218,432,8396.502276
600.250774,432,8396.921051
9.705801,432,8397.874971
741.643773,432,8398.978195
552.353406,432,8399.753118
686.441828,432,8400.808375
62.541985,432,8401.720026
516.951043,432,8402.512753
572.349738,432,8403.297804
641.424963,432,8404.429714
532.030547,432,8405.428427
726.392449,432,8406.260451
551.802412,432,8407.01934
46.069929,432,8408.109736
577.91964,432,8409.02998
751.523789,432,8409.781779
466.212344,432,8410.565348
747.720586,432,8411.655477
764.204987,432,8412.501689
548.2426,432,8413.296072
369.232227,432,8414.072665
413.451581,432,8415.20789
252.085429,432,8416.080135
-180.421219,432,8416.845543
626.273518,432,8417.63488
724.459073,432,8418.733368
367.485623,432,8419.552252
542.702233,432,8420.331474
603.287514,432,8421.095514
159.452101,432,8422.178231
412.870632,432,8423.117235
579.852358,432,8423.868728
733.05679,432,8424.624938
74.608983,432,8425.424138
435.168765,432,8426.17737
577.815734,432,8426.94797
482.456912,432,8427.703012
672.792579,432,8428.720044
648.781052,432,8429.66743
436.081613,432,8430.422818
621.665533,432,8431.2142
726.927933,432,8432.289399
350.162414,432,8433.142892
643.011183,432,8433.936184
629.893525,432,8434.736242
640.605851,432,8435.891012
456.166702,432,8436.731278
352.538752,432,8437.510244
469.447266,432,8438.288001
686.490295,432,8439.073802
306.977582,432,8439.835733
613.49045,432,8440.633208
343.364257,432,8441.430837
294.416178,432,8442.399317
445.023684,432,8443.341105
154.238173,432,8444.088436
650.690663,432,8444.851875
443.592321,432,8445.900158
602.585488,432,8446.752539
547.689099,432,8447.541508
710.836833,432,8448.299548
711.745747,432,8449.336505
542.991707,432,8450.300113
139.777931,432,8451.061564
467.214532,432,8451.835091
380.700094,432,8452.881353
465.583853,432,8453.770054
433.250927,432,8454.554568
429.803301,432,8455.322978
537.482667,432,8456.382617
529.653875,432,8457.319154
442.706832,432,8458.088891
674.674408,432,8458.869872
432.796247,432,8459.923395
720.745728,432,8460.898823
413.678924,432,8461.772265
588.795856,432,8462.553618
720.573559,432,8463.756952
531.875697,432,8464.690079
600.320938,432,8465.474103
570.829102,432,8466.265352
403.160828,432,8467.250924
668.862963,432,8468.182213
662.962831,432,8468.977309
533.269751,432,8469.792753
662.412506,432,8471.010885
647.641737,432,8471.877954
628.469857,432,8472.52077
595.963722,432,8472.913563
733.134355,432,8473.291701
733.072877,432,8473.683367
617.068108,432,8474.107827
591.702861,432,8475.078824
608.356642,432,8475.873731
515.854568,432,8476.637829
302.141404,432,8477.41921
139.061083,432,8478.181389
478.845128,432,8478.970828
541.841375,432,8480.036516
421.831394,432,8480.97845
448.007616,432,8481.789626
537.923187,432,8482.545509
489.953137,432,8483.54305
163.291056,432,8484.500031
165.332111,432,8485.514899
226.638103,432,8486.18884
490.812683,432,8486.96772
656.326418,432,8487.834776
766.204562,432,8488.555832
639.304607,432,8489.275317
316.689101,432,8490.2246
426.393458,432,8491.222806
514.032851,432,8492.032747
215.230579,432,8492.841441
199.45984,432,8493.814588
475.534503,432,8494.725747
483.82486,432,8495.488032
288.662765,432,8496.253706
402.586168,432,8497.393142
203.241262,432,8498.220971
535.391018,432,8498.971684
622.832708,432,8499.768118
592.499198,432,8500.637995
104.920358,432,8501.562762
50.350476,432,8502.320359
534.337792,432,8503.07618
