,mean_episode_rewards,std_episode_rewards,episodes,steps
0,-8.177893517347657,27.68586492754861,0,12.0
1,-24.99999999997862,43.30127018923427,1,4.0
2,-19.9788516870725,40.01058257093528,2,5.0
3,-19.656642148052036,40.175410562271686,3,5.0
4,-16.63300236905499,37.282927668565144,4,6.0
5,-16.642415988822016,37.278652781156424,5,6.0
6,-19.53719881529639,40.24138152201725,6,5.0
7,-13.53708958287271,35.30937946171511,7,7.0
8,-14.282286805652845,34.994110785915716,8,7.0
9,-16.393218686896656,37.39189796371106,9,6.0
10,-13.971948318148081,35.12574895649666,10,7.0
11,-24.999999854213776,43.30127027339165,11,4.0
12,-10.762319940578458,31.554158397708754,12,9.0
13,-16.026774419150644,37.558850994972886,13,6.0
14,-19.92678224222255,40.036859849696135,14,5.0
15,-13.46493887830007,35.348025464757576,15,7.0
16,-14.28493108859289,34.99303040119212,16,7.0
17,-24.999871653720387,43.301344290488245,17,4.0
18,-16.666331964665165,37.267949315466275,18,6.0
19,-11.099310832607603,31.431157010321023,19,9.0
20,-12.182710972181765,33.19611620610495,20,8.0
21,-24.997415404045906,43.30276258971219,21,4.0
22,-8.729870531881586,28.87050506175194,22,11.0
23,-14.265949668656452,35.000791510237995,23,7.0
24,-14.195121923243684,35.030156458559134,24,7.0
25,-11.106378430579078,31.42864217673927,25,9.0
26,-14.07588978057932,35.07910324710786,26,7.0
27,-16.645994559783404,37.277071477087574,27,6.0
28,-7.658347815469763,26.656806361161557,28,13.0
29,-14.193636618760507,35.0305605014403,29,7.0
30,-7.550197228699923,26.689208326252153,30,13.0
31,-19.757542931406455,40.12397563526868,31,5.0
32,-12.478462737782806,33.08007896331803,32,8.0
33,-24.998090834123296,43.30237255105641,33,4.0
34,-19.995041210966626,40.00248020466502,34,5.0
35,-19.886406250477634,40.05740086601467,35,5.0
36,-9.634015828993443,30.12834625422175,36,10.0
37,-24.999965525528385,43.301290093103994,37,4.0
38,-12.44253962770944,33.09373820481798,38,8.0
39,-13.50251118021111,35.33270586110191,39,7.0
40,-19.99989574324823,40.0000521288851,40,5.0
41,-16.564868424247617,37.313987755432244,41,6.0
42,-8.948166788489209,28.793708640519547,42,11.0
43,-16.664451008629843,37.268790758905205,43,6.0
44,-12.27401663615159,33.16256425669023,44,8.0
45,-19.974111055399565,40.01297587950473,45,5.0
46,-7.099835055689922,25.76591581187423,46,14.0
47,-16.55939733421861,37.316059895007825,47,6.0
48,-16.62949445562693,37.28445821536649,48,6.0
49,-16.666622998817004,37.26781915396931,49,6.0
50,-19.962875878547685,40.018626481423745,50,5.0
51,-16.440580871683068,37.37212884125829,51,6.0
52,-24.99999106248076,43.30127534930353,52,4.0
53,-19.878346878188463,40.061519227316474,53,5.0
54,-19.8801578063052,40.06059329502153,54,5.0
55,-14.277102859810284,34.99622882383276,55,7.0
56,-11.090415251737902,31.434312322127177,56,9.0
57,-9.967782742104504,30.01084830676774,57,10.0
58,-10.948554403837257,31.485316896849334,58,9.0
59,-12.424418471359914,33.10060998119229,59,8.0
60,-24.999996453474132,43.301272236809986,60,4.0
61,-5.448792614308805,22.93288827367825,61,18.0
62,-16.66630756487196,37.26796022674877,62,6.0
63,-13.72928586978179,35.2256084043885,63,7.0
64,-16.654514666645895,37.27324174456644,64,6.0
65,-11.07772758179385,31.43879441964993,65,9.0
66,-19.999987984525625,40.00000600774383,66,5.0
67,-13.842375154554803,35.1800550159532,67,7.0
68,-8.882756455145122,30.38807945937446,68,10.0
69,-9.440286916135431,30.198046085778596,69,10.0
70,-8.115064421313807,27.705268643522956,70,12.0
71,-16.66300909935793,37.26943599363893,71,6.0
72,-24.999999414035777,43.301270527528544,72,4.0
73,-19.995042048208983,40.00248012203631,73,5.0
74,-14.285708153435776,34.99271311468325,74,7.0
75,-14.024102113869622,35.10178944949063,75,7.0
76,-24.999999789956377,43.30127031049068,76,4.0
77,-7.248204188497484,26.791852476825465,77,13.0
78,-13.903790342126685,35.153499209476045,78,7.0
79,-16.603380724759194,37.29635968614123,79,6.0
80,-33.333333333333336,47.14045207910317,80,3.0
81,-16.646647864678155,37.27677810716306,81,6.0
82,-24.999999967826096,43.30127020779754,82,4.0
83,-4.357392037696597,21.396132139100562,83,21.0
84,-14.262085056115385,35.00236976856981,84,7.0
85,-9.810259527921495,30.064537398708453,85,10.0
86,-19.999878450581498,40.00006077540179,86,5.0
87,-11.01361663652389,31.46206137143784,87,9.0
88,-14.083200024624059,35.075972388268745,88,7.0
89,-19.836656563457183,40.082423692756976,89,5.0
90,-9.066714590985633,28.755669109952787,90,11.0
91,-19.99999995768595,40.00000002115702,91,5.0
92,-24.999999999969425,43.30127018923959,92,4.0
93,-12.415933916896147,33.10439488301522,93,8.0
94,-16.650644053787847,37.274973520429434,94,6.0
95,-19.990856515745488,40.00457556798057,95,5.0
96,-19.99999998676994,40.00000000661503,96,5.0
97,-19.636054089739815,40.188153265328204,97,5.0
98,-13.76065766741354,35.21214834178998,98,7.0
99,-10.478140375207962,31.659307740777844,99,9.0
100,-33.333333332294465,47.14045207983776,100,3.0
101,-14.28549301261542,34.9928009478928,101,7.0
102,-8.641749758479323,28.89636738783373,102,11.0
103,-24.99997473147156,43.30128477803329,103,4.0
104,-19.85345011687951,40.07427961536635,104,5.0
105,-8.95235297865285,28.792159903245828,105,11.0
106,-14.233370401304782,35.01416320145426,106,7.0
107,-7.647855416001575,27.869608301186304,107,12.0
108,-16.64386197025183,37.278015786478456,108,6.0
109,-19.99147838108596,40.00426420559491,109,5.0
110,-24.99993053533698,43.30131029470099,110,4.0
111,-14.252156745442354,35.00643097233356,111,7.0
112,-12.129302245839003,33.224590570070035,112,8.0
113,-6.845465351363169,27.02825880602036,113,13.0
114,-10.698212166249279,31.582932081455823,114,9.0
115,-10.915938171205271,31.498951029464553,115,9.0
116,-33.333333317139314,47.14045209055407,116,3.0
117,-16.597956936860918,37.298659656714555,117,6.0
118,-4.165083041022447,20.43488652995934,118,23.0
119,-16.646731230485322,37.2767266426544,119,6.0
120,-11.004592431725241,31.46504953364567,120,9.0
121,-8.814918651748265,28.836818849698513,121,11.0
122,-14.284877216777561,34.99305237825132,122,7.0
123,-12.497736908635265,33.07274699836045,123,8.0
124,-9.944168051225432,30.01872389977381,124,10.0
125,-14.232740703501872,35.014395009662465,125,7.0
126,-4.683993021541773,21.874007749760707,126,20.0
127,-14.285599278148156,34.992757563815154,127,7.0
128,-16.178682002026477,37.491753666502305,128,6.0
129,-16.66551074689741,37.26831665406367,129,6.0
130,-9.762932637781278,30.08071750742332,130,10.0
131,-14.169368967560034,35.04059155162739,131,7.0
132,-9.843347013801395,30.053953444920857,132,10.0
133,-19.999548326860868,40.000225845426364,133,5.0
134,-10.376935345943386,31.703497010494434,134,9.0
135,-19.998848855846003,40.000575628127876,135,5.0
136,-14.162294608665785,35.04361110207959,136,7.0
137,-12.491082211957737,33.07527020258132,137,8.0
138,-8.251419677111516,27.66339791057982,138,12.0
139,-16.348499984084263,37.41593851362231,139,6.0
140,-12.176165429482094,33.203464299628415,140,8.0
141,-13.941850418103556,35.14169272175473,141,7.0
142,-19.939870012649003,40.03016916566071,142,5.0
143,-8.037480722071516,27.730467690610592,143,12.0
144,-6.873875368632617,25.83421082255958,144,14.0
145,-14.167073752598336,35.04138022275881,145,7.0
146,-11.01644321075065,31.460746988535846,146,9.0
147,-19.96168137950965,40.01920021430717,147,5.0
148,-24.99999976738825,43.30127032352039,148,4.0
149,-16.47997824996376,37.35224395896698,149,6.0
150,-16.661271289763047,37.27021431843013,150,6.0
151,-14.28256874614203,34.993995281442885,151,7.0
152,-12.420102842928673,33.10238090067553,152,8.0
153,-12.163892596998126,33.207086754244884,153,8.0
154,-24.880053216515847,43.370963799132504,154,4.0
155,-24.999999964725546,43.30127020958765,155,4.0
156,-16.666660802434958,37.26780224756285,156,6.0
157,-24.999998529849904,43.30127103801355,157,4.0
158,-11.028345261326743,31.456481737798303,158,9.0
159,-13.348935904684074,35.38701957068467,159,7.0
160,-13.895807039595578,35.16428140332322,160,7.0
161,-9.837517797267262,30.056308617818157,161,10.0
162,-24.979013792921503,43.31340013917849,162,4.0
163,-24.996690194011542,43.30318144390629,163,4.0
164,-9.728150501102531,30.10136982192432,164,10.0
165,-6.0819177624677865,24.250869178679764,165,16.0
166,-12.212939821509027,36.03986055353254,166,7.0
167,-16.625440883745863,37.28631047813173,167,6.0
168,-14.280282264550959,34.99493013193036,168,7.0
169,-7.033464676356962,26.84943952055197,169,13.0
170,-12.423090348505834,33.101567351370925,170,8.0
171,-7.681491316809161,26.650083862651066,171,13.0
172,-19.999763761393233,40.0001181219194,172,5.0
173,-9.003537549763864,28.775759102324468,173,11.0
174,-24.82669403896674,43.4022511273327,174,4.0
175,-12.458962341864309,33.08745111005797,175,8.0
176,-16.64486497630519,37.277562646155424,176,6.0
177,-12.173967775154239,33.20561789704958,177,8.0
178,-14.125333987684945,35.05904082136296,178,7.0
179,-7.964835618340133,27.752858876158005,179,12.0
180,-10.79802643209941,31.541204503511757,180,9.0
181,-10.773348033243856,31.556097226438943,181,9.0
182,-11.00269003813576,31.465839150170304,182,9.0
183,-9.999125298078448,30.000291640149147,183,10.0
184,-5.095503699465775,24.6458676045372,184,16.0
185,-9.086806849799938,28.749277186493575,185,11.0
186,-19.681839874861453,40.16380066279374,186,5.0
187,-6.221831402644937,25.066936375761138,187,15.0
188,-16.66575054961179,37.26820934647202,188,6.0
189,-9.67283114182992,30.111104213123195,189,10.0
190,-33.33333333333332,47.14045207910318,190,3.0
191,-33.33333333333333,47.14045207910317,191,3.0
192,-7.14002845402613,28.01535786031145,192,12.0
193,-12.358230311624562,33.12591628714539,193,8.0
194,-19.999999999424976,40.000000000287514,194,5.0
195,-16.527073176481434,37.33100082823522,195,6.0
196,-14.145302807554371,35.05045425314123,196,7.0
197,-14.241306256261693,35.01089797365341,197,7.0
198,-11.024922999380705,31.45765961730343,198,9.0
199,-8.994780803366282,28.778899684373318,199,11.0
200,-9.886422867907672,31.87916849346112,200,9.0
201,-12.17954708152074,33.19699811911932,201,8.0
202,-8.700551833612046,28.877863074074323,202,11.0
203,-6.181148539000388,27.247871616683867,203,13.0
204,-12.44481522234119,33.09286949951332,204,8.0
205,-14.276869420094858,34.99632430010518,205,7.0
206,-16.249002772892542,37.45887912935501,206,6.0
207,-16.279610687224697,37.44470477500618,207,6.0
208,-33.33333333333331,47.140452079103184,208,3.0
209,-14.269559903750965,34.999312462851876,209,7.0
210,-14.285174862783297,34.99293084999908,210,7.0
211,-19.742059311759157,40.13006167356432,211,5.0
212,-16.634991847747965,37.28199167025722,212,6.0
213,-19.998736363609517,40.00063188626962,213,5.0
214,-12.476539827886397,33.08077465599575,214,8.0
215,-14.279275017642545,34.99534242900232,215,7.0
216,-14.244982847716631,35.00937385005704,216,7.0
217,-12.17749368095115,33.19603863507352,217,8.0
218,-19.86763433999176,40.066601403488455,218,5.0
219,-5.691408667168947,23.582529720325205,219,17.0
220,-9.172636043868408,30.292546691403853,220,10.0
221,-14.201020616959157,35.0274753192467,221,7.0
222,-24.999999785573497,43.301270313021135,222,4.0
223,-12.38372950826366,33.11600950045216,223,8.0
224,-11.105337784837056,31.429013076076796,224,9.0
225,-14.114720062427608,35.06324976884076,225,7.0
226,-16.542580660895783,37.32374232955434,226,6.0
227,-24.97552152937523,43.3154151683412,227,4.0
228,-11.074695312046982,31.43991541845669,228,9.0
229,-24.999963186962955,43.30129144328048,229,4.0
230,-13.765611773269418,35.21402527371269,230,7.0
231,-8.332851533081334,27.63868521142221,231,12.0
232,-19.988097694926747,40.00595762654693,232,5.0
233,-24.552628980290898,43.565684981108035,233,4.0
234,-16.468256587986463,37.357640188561405,234,6.0
235,-16.66666666666666,37.2677996249965,235,6.0
236,-13.97580193143178,35.125293919552774,236,7.0
237,-19.153325458728297,40.434728824751375,237,5.0
238,-19.999999994407275,40.00000000279636,238,5.0
239,-9.79168578632145,30.071806754784507,239,10.0
240,-16.6207578971657,37.288431244873195,240,6.0
241,-24.999999778069864,43.30127031735336,241,4.0
242,-16.612036302534115,37.292423136584674,242,6.0
243,-19.95503986186199,40.02257002614572,243,5.0
244,-24.96305509957916,43.322642343777694,244,4.0
245,-19.99998679989381,40.00000660006127,245,5.0
246,-6.270799589309068,25.054557817411965,246,15.0
247,-24.68428861692489,43.48660242173404,247,4.0
248,-16.45772887391128,37.36245391376797,248,6.0
249,-16.6568100148023,37.27221390951216,249,6.0
250,-16.61333957232052,37.29171743571186,250,6.0
251,-12.387472767050657,33.11484388762669,251,8.0
252,-14.281171480805083,34.99456572312134,252,7.0
253,-12.48047062385812,33.07931219747931,253,8.0
254,-19.93008318350099,40.035165828130516,254,5.0
255,-19.981892012371965,40.00905912084842,255,5.0
256,-14.277250138543,34.996168625480976,256,7.0
257,-12.38708601418405,33.11488622821227,257,8.0
258,-24.999999999998963,43.30127018922253,258,4.0
259,-16.6657423509078,37.26821303988597,259,6.0
260,-19.90564327278265,40.04732950738155,260,5.0
261,-19.86192767645554,40.06992822339034,261,5.0
262,-24.99997495988354,43.30128464615922,262,4.0
263,-9.952516229589381,30.01594649475262,263,10.0
264,-14.285580254767224,34.99276533012382,264,7.0
265,-14.285301473225628,34.9928791527003,265,7.0
266,-9.070676658392768,28.754388869736587,266,11.0
267,-14.285702594045452,34.99271538430273,267,7.0
268,-19.784125213062442,40.10918834765415,268,5.0
269,-24.99407955647088,43.304689438112945,269,4.0
270,-16.666666666503556,37.267799625069436,270,6.0
271,-11.102401010962641,31.430050351268314,271,9.0
272,-9.89271128952436,30.03618682500959,272,10.0
273,-8.13559368555303,27.69993220943852,273,12.0
274,-16.608607919510757,37.293980960671824,274,6.0
275,-14.273255482637627,34.99780983216667,275,7.0
276,-7.504820496017012,27.908112096367905,276,12.0
277,-12.47454135472698,33.08153040510108,277,8.0
278,-7.8960474457396375,27.77699761772999,278,12.0
279,-7.268433141217348,26.777078222957858,279,13.0
280,-19.813232818454154,40.094245563292205,280,5.0
281,-16.659142563332185,37.27116803153201,281,6.0
282,-24.99999999681871,43.301270191058656,282,4.0
283,-24.999999969115485,43.301270207053115,283,4.0
284,-11.009799287553317,31.46407015844086,284,9.0
285,-14.259006867367491,35.00367235499873,285,7.0
286,-13.476214385942951,35.34470149099057,286,7.0
287,-9.924785947645898,30.025258006458085,287,10.0
288,-6.176916985021255,24.22539017858891,288,16.0
289,-8.272447966351878,27.657018308105712,289,12.0
290,-14.262380462245204,35.00225158848052,290,7.0
291,-19.892020016205013,40.054535798825015,291,5.0
292,-19.995540088722358,40.00223084195179,292,5.0
293,-8.703548663812091,28.87819134008346,293,11.0
294,-14.273648130218046,34.99764249365336,294,7.0
295,-11.000709047191707,31.467481527636153,295,9.0
296,-14.26672421755612,35.00049067549524,296,7.0
297,-14.284486128312492,34.99321212178519,297,7.0
298,-19.999999999999993,40.0,298,5.0
299,-14.25085583016875,35.00697850455847,299,7.0
300,-7.253312115455935,26.78469036700314,300,13.0
301,-12.426935563882193,33.09984882193123,301,8.0
302,-9.879498281661347,30.040885214198433,302,10.0
303,-16.2172866290675,37.47531592821283,303,6.0
304,-14.219279969453696,35.01996641057619,304,7.0
305,-9.934900465007164,30.02213287681943,305,10.0
306,-14.275610892910526,34.99684365206825,306,7.0
307,-24.999999999999993,43.30127018922193,307,4.0
308,-16.663516077363543,37.269209039441414,308,6.0
309,-9.86012155686376,30.04724693531107,309,10.0
310,-12.146170737213266,33.20957470943664,310,8.0
311,-14.142887843023834,35.05169906252592,311,7.0
312,-9.642898702027214,30.123141331366742,312,10.0
313,-7.099707288173748,25.766015400107214,313,14.0
314,-19.49311796488596,40.26540697664246,314,5.0
315,-14.272684164013317,34.99804425630365,315,7.0
316,-16.647854501267506,37.27623530270146,316,6.0
317,-14.284782008218327,34.993091284324336,317,7.0
318,-6.6389350684841615,24.951847094045146,318,15.0
319,-14.265371541096911,35.00103848382413,319,7.0
320,-12.425607740390628,33.10007145182835,320,8.0
321,-15.930132427007917,37.61120014453533,321,6.0
322,-9.962308979687569,30.01262493415793,322,10.0
323,-14.22085487043134,35.0195057207787,323,7.0
324,-8.19479173044607,27.681154841840385,324,12.0
325,-12.459505486647789,33.08725148357242,325,8.0
326,-6.199329362486974,24.219583760932426,326,16.0
327,-14.27990148855032,34.99508425967898,327,7.0
328,-11.890238537534051,33.307477506719394,328,8.0
329,-11.08717649787097,31.43545507564179,329,9.0
330,-16.56981789050881,37.31171504837941,330,6.0
331,-7.940735498212497,27.761328612627512,331,12.0
332,-12.415898971412336,33.103901136485675,332,8.0
333,-16.53768955382105,37.325887636864216,333,6.0
334,-16.66666666664788,37.2677996250049,334,6.0
335,-19.998400052410027,40.000800083273695,335,5.0
336,-13.671449622256386,35.257286028500396,336,7.0
337,-19.999999999232095,40.00000000038395,337,5.0
338,-19.999999966202488,40.00000001689875,338,5.0
339,-9.037825745025298,28.76480460736512,339,11.0
340,-6.602197788630424,24.961719578877794,340,15.0
341,-7.97191322571243,27.75427607754239,341,12.0
342,-9.441886722178266,30.19039260568395,342,10.0
343,-16.57133030940446,37.31101966338467,343,6.0
344,-16.658086156512134,37.271641668208474,344,6.0
345,-16.618864882320306,37.28926154671395,345,6.0
346,-7.49510023953379,27.905640967826407,346,12.0
347,-19.99999999999469,40.00000000000266,347,5.0
348,-14.03288511675621,35.096669481686774,348,7.0
349,-11.881331815964222,33.30972548312755,349,8.0
350,-24.99999869464431,43.301270942869444,350,4.0
351,-14.281775195919057,34.99432003109679,351,7.0
352,-19.999999999999982,40.00000000000001,352,5.0
353,-16.66133541028673,37.27018566557403,353,6.0
354,-7.519871972659899,26.69775407426959,354,13.0
355,-19.991165843795063,40.004420616741626,355,5.0
356,-10.521862357525952,31.647126983065895,356,9.0
357,-9.972501572745825,31.986423240338183,357,9.0
358,-7.517572238832002,26.69814986992642,358,13.0
359,-19.99999999278061,40.0000000036097,359,5.0
360,-10.708911811384194,31.57167988148301,360,9.0
361,-14.272479603990522,34.99811935758633,361,7.0
362,-9.021712859818138,28.770408494318012,362,11.0
363,-19.999989734677968,40.000005132665954,363,5.0
364,-8.001850004219094,27.74047828267665,364,12.0
365,-12.143158480806601,33.20845739036099,365,8.0
366,-11.066607094758401,31.442795738325387,366,9.0
367,-5.49483637257929,23.628430830872173,367,17.0
368,-16.65305596261086,37.27389349968114,368,6.0
369,-14.000857117345884,35.11313365496264,369,7.0
370,-8.419573681667663,28.96809758504243,370,11.0
371,-9.97943452017142,30.00686765946438,371,10.0
372,-7.52918992572264,26.69739893141792,372,13.0
373,-14.17008791762143,35.040360901737586,373,7.0
374,-14.27339630471946,34.99774907147488,374,7.0
375,-6.52217415826183,24.98420746358454,375,15.0
376,-6.2079327688774155,25.07477697492422,376,15.0
377,-19.996569496994546,40.0017157704457,377,5.0
378,-9.909877044655035,30.030221423468767,378,10.0
379,-9.257264820295731,32.327589965265716,379,9.0
380,-16.279154803667762,37.450443341651045,380,6.0
381,-12.499999999999986,33.07189138830739,381,8.0
382,-16.660828734181788,37.27041128227329,382,6.0
383,-7.817605249040962,27.808474850457305,383,12.0
384,-8.31807177741417,27.643164662833854,384,12.0
385,-8.383499933499605,28.978391127459904,385,11.0
386,-8.755720765142753,28.85735857617685,386,11.0
387,-7.327546153211585,26.753933464290473,387,13.0
388,-4.642391060282405,21.32322436221985,388,21.0
389,-7.86776503756515,29.149629371621714,389,11.0
390,-24.99303683478803,43.30529186736429,390,4.0
391,-14.041144846615227,35.09683948310496,391,7.0
392,-33.33333333333333,47.14045207910317,392,3.0
393,-15.933903877195007,37.60836995792565,393,6.0
394,-13.875254664757344,35.16594879879371,394,7.0
395,-8.303746444659788,27.647491455772006,395,12.0
396,-20.0,40.0,396,5.0
397,-11.017179625529547,31.460442739407114,397,9.0
398,-11.100602070380722,31.430689496558976,398,9.0
399,-8.321506279271178,27.64211942912325,399,12.0
400,-9.949694688605469,30.016831514473157,400,10.0
401,-9.974512209638938,30.008570748838956,401,10.0
402,-9.76136906172022,30.081338817207588,402,10.0
403,-19.705610019811548,40.151242334662776,403,5.0
404,-16.66666666666666,37.2677996249965,404,6.0
405,-5.2143248202805985,23.713208968462943,405,17.0
406,-4.50168570300573,20.839534963794474,406,22.0
407,-11.044688991184769,31.450710792356126,407,9.0
408,-11.079126875830083,31.43831911615032,408,9.0
409,-8.012977850833321,27.738455979628817,409,12.0
410,-24.726973601553183,43.461188830372315,410,4.0
411,-6.661305502036918,24.94581830583687,411,15.0
412,-7.246241271440486,26.784743633955053,412,13.0
413,-12.406152317000469,33.107495355521316,413,8.0
414,-8.582483468526748,28.91455541251089,414,11.0
415,-12.408846604981736,33.10644820300364,415,8.0
416,-12.345920885115799,33.13067484939352,416,8.0
417,-8.515139709442307,30.51577612968348,417,10.0
418,-6.3106339378367124,26.00045034833854,418,14.0
419,-16.665082074958764,37.26850835257455,419,6.0
420,-10.935583286166594,31.490110938865815,420,9.0
421,-10.520014315966929,31.65455805619381,421,9.0
422,-19.893768931973717,40.0536438152672,422,5.0
423,-16.478382509975052,37.35285928765016,423,6.0
424,-12.470922965997897,33.082939971725985,424,8.0
425,-19.99999999805811,40.00000000097094,425,5.0
426,-8.582969428250562,28.912657085158436,426,11.0
427,-16.062384888187026,37.5473317521936,427,6.0
428,-7.71368079822239,29.209642642975346,428,11.0
429,-12.48816880310785,33.07637550166462,429,8.0
430,-19.999999999973618,40.00000000001319,430,5.0
431,-14.12216884673261,35.060369998485235,431,7.0
432,-15.580021363396265,37.76641668820281,432,6.0
433,-8.160292589739568,27.692295204588515,433,12.0
434,-14.23933493776506,35.01173545607175,434,7.0
435,-11.799042388613092,33.34685116179329,435,8.0
436,-9.949800275508906,30.016907789770915,436,10.0
437,-7.318442902344318,26.7597856074861,437,13.0
438,-14.164880888707012,35.04285888802539,438,7.0
439,-24.999999988338086,43.30127019595494,439,4.0
440,-16.60205432700805,37.29680862325464,440,6.0
441,-12.389487855971423,33.11419346708411,441,8.0
442,-9.299331231584807,30.244856302239693,442,10.0
443,-12.49981467659733,33.071961436619326,443,8.0
444,-19.999865226734887,40.00006738748229,444,5.0
445,-19.992027158712638,40.00398881992555,445,5.0
446,-24.99999999806005,43.30127019034197,446,4.0
447,-12.305934481892253,33.14770882401086,447,8.0
448,-8.590674200888712,28.914970720303824,448,11.0
449,-11.10891424275247,31.427745178049385,449,9.0
450,-14.09066597406416,35.07302370948222,450,7.0
451,-14.26881220253438,34.99963127634878,451,7.0
452,-11.101586246158224,31.43033998464429,452,9.0
453,-11.09258411005633,31.433530848204384,453,9.0
454,-13.67130568884167,35.256996181543904,454,7.0
455,-12.434047942871175,33.09704558748149,455,8.0
456,-12.237930411697217,33.17261072967214,456,8.0
457,-9.396800803856769,30.20737414096563,457,10.0
458,-19.989428514692797,40.00528970789831,458,5.0
459,-16.639587388663774,37.27995703772436,459,6.0
460,-5.206938261843179,23.71372714613013,460,17.0
461,-24.978334237049868,43.313793373051034,461,4.0
462,-8.326152340458766,27.64070793710635,462,12.0
463,-11.968030660295629,33.28550651290797,463,8.0
464,-9.763275075190043,30.086926927868422,464,10.0
465,-14.279190415007552,34.99537612060766,465,7.0
466,-6.523514057601875,24.983857978943107,466,15.0
467,-11.775752039679364,33.35268833320495,467,8.0
468,-11.099543623408692,31.43106476860874,468,9.0
469,-9.999242189312028,30.000252627856423,469,10.0
470,-9.723641946283704,30.09417766075107,470,10.0
471,-11.03580555830096,31.453788084110013,471,9.0
472,-8.321298606129973,27.642176502158254,472,12.0
473,-16.663455186770523,37.2692362424695,473,6.0
474,-5.561128601525963,23.611295810115866,474,17.0
475,-3.6154910277795214,19.279290982969385,475,26.0
476,-5.952712286952254,24.284362959244437,476,16.0
477,-5.749713660000248,23.56309436240238,477,17.0
478,-12.499999931604995,33.071891414158266,478,8.0
479,-6.572739825423658,25.934278316859086,479,14.0
480,-12.49363641924334,33.07430073148906,480,8.0
481,-19.99925841464061,40.00037081511453,481,5.0
482,-14.282104760087066,34.99418494367416,482,7.0
483,-9.089141290366216,28.748538027761196,483,11.0
484,-16.211660324674344,37.479366155317656,484,6.0
485,-7.825217625812442,27.80754939367402,485,12.0
486,-4.407565416281988,22.548519378802585,486,19.0
487,-14.068842752512353,35.08245413535896,487,7.0
488,-7.545522491642318,26.691949160724402,488,13.0
489,-16.666665916011162,37.26779996069987,489,6.0
490,-7.691826018676445,26.647074581504686,490,13.0
491,-25.0,43.30127018922193,491,4.0
492,-19.87537409813875,40.06296216812261,492,5.0
493,-14.153262183577842,35.04824393563894,493,7.0
494,-8.892339728701844,28.8118134932642,494,11.0
495,-11.11060438561873,31.4271472230188,495,9.0
496,-5.632417288527166,23.598531265472417,496,17.0
497,-6.086627824335462,24.25081995792128,497,16.0
498,-24.99999999282735,43.30127019336306,498,4.0
499,-5.240407213540178,23.697321345828232,499,17.0
500,-16.489679069921305,37.34770576795073,500,6.0
501,-19.999999999154404,40.0000000004228,501,5.0
502,-16.65889910825472,37.271277267383844,502,6.0
503,-25.0,43.30127018922193,503,4.0
504,-19.999989384831235,40.00000530758966,504,5.0
505,-9.993992423701552,30.0020075682437,505,10.0
506,-14.015714803297884,35.10850081854145,506,7.0
507,-11.037961094120536,31.453493620640565,507,9.0
508,-19.999999999840707,40.000000000079645,508,5.0
509,-8.26371164191365,27.659833092456157,509,12.0
510,-7.0956378004236464,25.76728251659749,510,14.0
511,-10.98555091977337,31.47221592717833,511,9.0
512,-19.545543313944894,40.23685364136543,512,5.0
513,-14.281952419544544,34.99424750459058,513,7.0
514,-14.265975591178366,35.00079142580858,514,7.0
515,-15.64554748516103,37.73718125729251,515,6.0
516,-16.497431979226082,37.34532429942104,516,6.0
517,-8.882202788008021,28.816196582502407,517,11.0
518,-8.173830542226954,27.687643348339794,518,12.0
519,-8.222922169418595,27.672143573285414,519,12.0
520,-10.635136131549562,31.600615620592077,520,9.0
521,-6.838674301984985,25.846430869020082,521,14.0
522,-6.732157488891525,25.875647860433187,522,14.0
523,-12.324906407865978,33.138472265116846,523,8.0
524,-16.55372960988102,37.31852311146715,524,6.0
525,-16.345687812444705,37.41487651457528,525,6.0
526,-19.99999999415008,40.00000000292496,526,5.0
527,-5.696399640858777,25.237345051647356,527,15.0
528,-10.996891679088145,31.467588206618895,528,9.0
529,-7.0489613724692,25.780245912539247,529,14.0
530,-16.53897749257995,37.325950656675495,530,6.0
531,-8.27738891382331,27.655612884467587,531,12.0
532,-7.065907848995338,25.775455196379422,532,14.0
533,-5.6269427854983185,23.598481984006334,533,17.0
534,-8.994553698989272,28.77910398308725,534,11.0
535,-24.99999998938795,43.301270195348806,535,4.0
536,-9.978987006745395,30.007025984003057,536,10.0
537,-14.183778415253366,35.034814816254034,537,7.0
538,-5.277433252170759,22.980234431511242,538,18.0
539,-9.06609542791315,28.75585032095066,539,11.0
540,-14.282829182596156,34.993888883423566,540,7.0
541,-7.866833434804242,27.78658789203933,541,12.0
542,-12.485087537442245,33.077533350615255,542,8.0
543,-24.99999345762869,43.30127396646211,543,4.0
544,-19.999999999972133,40.000000000013934,544,5.0
545,-24.999999999955747,43.30127018924748,545,4.0
546,-5.854984282803765,23.5364216233499,546,17.0
547,-6.991393376630989,25.797158961048236,547,14.0
548,-9.997053478714028,30.000983401097326,548,10.0
549,-10.761533849790645,31.55418282133076,549,9.0
550,-19.97317955986056,40.01344392662307,550,5.0
551,-14.15010296658853,35.048706114738955,551,7.0
552,-19.465372966360153,40.280541207330586,552,5.0
553,-12.42725580075978,33.09957742882055,553,8.0
554,-7.610969903155221,26.670655953687643,554,13.0
555,-8.409787346222533,28.97264262226318,555,11.0
556,-4.956070454947405,23.787540461793444,556,17.0
557,-8.949481557706125,28.795803641243673,557,11.0
558,-16.247739737225015,37.46625795624398,558,6.0
559,-16.639785019584398,37.279867983539255,559,6.0
560,-24.99999972518771,43.30127034788489,560,4.0
561,-14.182655864874658,35.034967939531974,561,7.0
562,-5.546677762441631,23.62244608505145,562,17.0
563,-8.187467672944349,27.686115819042847,563,12.0
564,-11.628151123498478,33.41898006140612,564,8.0
565,-11.190195133511999,33.7393634896277,565,8.0
566,-11.065615490099844,31.443151439176194,566,9.0
567,-24.82376490476866,43.40397367969827,567,4.0
568,-12.486160106990667,33.077133775852516,568,8.0
569,-19.99999466211967,40.00000266894144,569,5.0
570,-10.187797983582463,31.770953120593898,570,9.0
571,-19.812034425239712,40.09470987884737,571,5.0
572,-19.92207345557464,40.039093618535745,572,5.0
573,-9.821629791643293,30.06105084726793,573,10.0
574,-8.150508251796822,27.694234244970126,574,12.0
575,-4.66579732758828,21.87372428042614,575,20.0
576,-4.19847376321222,20.42586224076821,576,23.0
577,-3.4870991945008343,18.574708490585312,577,28.0
578,-7.425204300597266,26.727495423618304,578,13.0
579,-8.334802017226322,28.999634479852368,579,11.0
580,-24.999999999999904,43.30127018922199,580,4.0
581,-9.087558535579445,28.74903877945315,581,11.0
582,-11.622494336900205,33.42112799927092,582,8.0
583,-7.108827971951676,25.763456312730398,583,14.0
584,-4.408886747634675,21.37934202750103,584,21.0
585,-8.225249768818042,29.04414661264187,585,11.0
586,-7.85626995168121,27.79388285019741,586,12.0
587,-5.638843006476781,24.36968553015965,587,16.0
588,-12.374954957957891,33.11970783909729,588,8.0
589,-10.730562676671939,31.566431606498607,589,9.0
590,-12.49698225732646,33.07303235431043,590,8.0
591,-9.977032888731665,30.007699359744397,591,10.0
592,-19.99998557393681,40.00000721304135,592,5.0
593,-24.99999999999999,43.30127018922194,593,4.0
594,-14.279875422373896,34.99509546284416,594,7.0
595,-9.986551966880752,30.00450094250505,595,10.0
596,-16.666638696356042,37.26781213375005,596,6.0
597,-11.10561698823957,31.42891218716675,597,9.0
598,-5.402277498175274,23.654518616847948,598,17.0
599,-4.995309361581256,23.052704390363406,599,18.0
600,-16.46411516461634,37.35937332619405,600,6.0
601,-3.476864163912253,18.932918253263818,601,27.0
602,-12.221709376157081,33.18041942893475,602,8.0
603,-16.663262287906974,37.26932250170241,603,6.0
604,-7.051648478961033,25.7794761712588,604,14.0
605,-16.395085831034944,37.39398828602552,605,6.0
606,-9.994312136064218,30.001898775507726,606,10.0
607,-7.120954126869093,26.827825538177997,607,13.0
608,-6.76970859610035,25.867578703539593,608,14.0
609,-12.49814594478636,33.072592303870984,609,8.0
610,-12.49995954086486,33.07190668052133,610,8.0
611,-12.493482473460158,33.07435667544158,611,8.0
612,-14.28562003439774,34.992749089509104,612,7.0
613,-7.232014188849082,26.787203509599014,613,13.0
614,-9.438899495940216,30.19869408805777,614,10.0
615,-8.261239502798418,27.660398871415893,615,12.0
616,-24.999999999999723,43.301270189222095,616,4.0
617,-8.55219330992256,28.931547963082302,617,11.0
618,-16.664834722243217,37.26861911156765,618,6.0
619,-6.314885333426146,25.040306094578707,619,15.0
620,-7.483410495776142,26.70888011163753,620,13.0
621,-4.298386722729771,23.389073295946364,621,18.0
622,-4.722984457815254,21.30471493141234,622,21.0
623,-16.503841737267322,37.342321034046165,623,6.0
624,-6.974614570450472,26.86810889239798,624,13.0
625,-11.075022109433469,31.439805376070556,625,9.0
626,-5.276580460306762,22.979997182740913,626,18.0
627,-9.083507827775728,28.750321516484497,627,11.0
628,-5.83866865138483,24.31707542340213,628,16.0
629,-7.121229919379163,26.83142430542376,629,13.0
630,-14.285714285710327,34.99271061118988,630,7.0
631,-8.264745431089022,27.659670975934443,631,12.0
632,-3.655205836038028,20.566973942452975,632,23.0
633,-8.741802089644878,28.86082435722519,633,11.0
634,-19.99998777932188,40.00000611034606,634,5.0
635,-24.999964572683233,43.30129064323145,635,4.0
636,-7.4360543598138,26.72298771345707,636,13.0
637,-33.33333333333333,47.14045207910317,637,3.0
638,-16.411327195683764,37.38359427287526,638,6.0
639,-9.5494099671906,30.1536801650469,639,10.0
640,-2.575621183799149,18.116897494502044,640,30.0
641,-16.53675723503656,37.32698170280783,641,6.0
642,-17.446505260143972,41.5718790691865,642,5.0
643,-14.285714009211278,34.99271072407014,643,7.0
644,-19.999999997904098,40.00000000104795,644,5.0
645,-11.095127835490823,31.432641750346033,645,9.0
646,-4.571752752153758,21.34170414261329,646,21.0
647,-16.666644049628427,37.26780973967643,647,6.0
648,-12.464629160393994,33.08538437318369,648,8.0
649,-14.238105118944935,35.01223362506088,649,7.0
650,-16.642890742114567,37.278468935569684,650,6.0
651,-10.951330305807414,31.48413335116248,651,9.0
652,-12.337067735422664,33.134435157127314,652,8.0
653,-6.814921073276188,25.84625447767662,653,14.0
654,-14.261346687478124,35.00270795871544,654,7.0
655,-0.9482867655551454,19.273659790265576,655,28.0
656,-12.160325660637318,33.21218916424837,656,8.0
657,-4.060972996667419,20.458857650600514,657,23.0
658,-13.884220042882493,35.16183877314888,658,7.0
659,-9.918555953331008,31.868372475073674,659,9.0
660,-14.285619062826486,34.99274948648043,660,7.0
661,-19.89625304577673,40.05237735386314,661,5.0
662,-10.430638661968807,31.68378433487581,662,9.0
663,-6.99838881471039,25.795650539019864,663,14.0
664,-5.989461116193174,24.276978780736638,664,16.0
665,-8.909383321214644,28.806662436577778,665,11.0
666,-16.302099914044074,37.434945513530884,666,6.0
667,-5.200640410537168,22.344656008866348,667,19.0
668,-12.499117733941734,33.07222488819939,668,8.0
669,-8.436944839940036,30.543466440481083,669,10.0
670,-16.598189811292034,37.298725107224,670,6.0
671,-5.230556333650052,22.337443997641728,671,19.0
672,-5.249765178431054,23.702913576995208,672,17.0
673,-7.059488199270141,26.83986919262691,673,13.0
674,-19.28454329693517,40.36813747692301,674,5.0
675,-19.65346724860057,40.17887068904683,675,5.0
676,-16.59475537060898,37.30014372445725,676,6.0
677,-7.624726953372786,27.87065646061185,677,12.0
678,-3.3948299259570693,20.166323322525013,678,24.0
679,-9.881489094758118,30.04073252206397,679,10.0
680,-6.552226870164542,24.97552065012676,680,15.0
681,-11.111101613706644,31.426971410583743,681,9.0
682,-14.07594906152055,35.07923522106323,682,7.0
683,-16.66666506018664,37.26780034343636,683,6.0
684,-7.066267047514026,25.775397314067945,684,14.0
685,-5.996490452083647,25.13455925347746,685,15.0
686,-16.6454387458955,37.27732201839779,686,6.0
687,-14.099970235072309,35.0692348822266,687,7.0
688,-7.687368781285803,26.64836262320813,688,13.0
689,-14.955674693733373,38.205680961271014,689,6.0
690,-14.285711947108876,34.99271156592037,690,7.0
691,-9.797516144232256,30.068445077432813,691,10.0
692,-3.337641366172103,19.755933853940217,692,25.0
693,-6.399072209707286,25.018865195156515,693,15.0
694,-7.262580377814289,26.77543494482416,694,13.0
695,-7.381283689673254,26.73773755499926,695,13.0
696,-3.689288511820507,20.083648513482526,696,24.0
697,-5.863195742447065,23.53430990060195,697,17.0
698,-12.467598089881287,33.084159531288805,698,8.0
699,-5.416285330945255,24.444159004410878,699,16.0
700,-12.489766927717351,33.07576742955359,700,8.0
701,-6.190396412180371,25.081777558130042,701,15.0
702,-12.163164960328473,33.20449699077788,702,8.0
703,-8.822377259750555,28.83615052286478,703,11.0
704,-24.999896267820308,43.30133007935514,704,4.0
705,-8.195941637680807,27.680484584472307,705,12.0
706,-19.891021274847894,40.05504530588159,706,5.0
707,-1.8038255297827703,16.74110484665581,707,36.0
708,-19.57318784980363,40.22189901230946,708,5.0
709,-5.610155397597525,23.600388415852102,709,17.0
710,-19.999991052036332,40.00000447398557,710,5.0
711,-19.99999994671911,40.00000002664045,711,5.0
712,-12.453436844659295,33.089715089937705,712,8.0
713,-14.071346540689353,35.081763141048384,713,7.0
714,-24.85470959362181,43.38580238079579,714,4.0
715,-16.666666666666664,37.2677996249965,715,6.0
716,-16.598527560274025,37.2985702599844,716,6.0
717,-5.74045780172587,25.216522015605737,717,15.0
718,-16.605071587482133,37.29558992647708,718,6.0
719,-16.645504092579923,37.27727583617479,719,6.0
720,-16.664113304720406,37.26894192559878,720,6.0
721,-11.09895558462868,31.43127086316676,721,9.0
722,-5.596933381232131,23.605758422017963,722,17.0
723,-12.498934751434955,33.072294131072596,723,8.0
724,-13.898173721272832,35.152685028920004,724,7.0
725,-6.539330683463845,24.980131386685677,725,15.0
726,-8.324544551500574,27.641198945196773,726,12.0
727,-14.245423354094497,35.00921374007082,727,7.0
728,-5.424239745849841,24.445536569102945,728,16.0
729,-9.04460944123531,28.762734710987065,729,11.0
730,-10.868514993405597,31.514749810555674,730,9.0
731,-19.999999720282233,40.000000139858884,731,5.0
732,-10.584779344602246,31.618111875296233,732,9.0
733,-11.093171950511856,31.433350544029416,733,9.0
734,-6.427663706255909,25.01344451540375,734,15.0
735,-6.618390272395861,24.95739936107906,735,15.0
736,-7.6493808944751285,26.65942978104362,736,13.0
737,-2.460015115635208,16.037918424941438,737,38.0
738,-4.859307264919142,23.097957682614172,738,18.0
739,-24.999999999999982,43.30127018922194,739,4.0
740,-5.577940560878891,23.608446459444192,740,17.0
741,-7.461468204963658,27.913583429940793,741,12.0
742,-9.997917306996143,30.00069484057169,742,10.0
743,-7.064029569314547,25.77628080455029,743,14.0
744,-9.844712961011453,30.05255927933082,744,10.0
745,-3.0120174679230254,17.420325909595768,745,32.0
746,-4.813258930941749,21.840732160550754,746,20.0
747,-6.66537163278684,24.944728936073165,747,15.0
748,-3.739318319066643,19.256858252375306,748,26.0
749,-19.999999852834968,40.00000007358251,749,5.0
750,-6.296052269608235,26.113457752751945,750,14.0
751,-7.555021111217796,26.68703505024712,751,13.0
752,-4.395223763443793,21.9515752963262,752,20.0
753,-5.365302179259968,22.954798072255326,753,18.0
754,-1.7272624464958295,14.045102463537052,754,50.0
755,-10.532467898406166,31.64303539057141,755,9.0
756,-9.857517755096776,30.048139316635208,756,10.0
757,-3.1338403000334245,19.8797682204425,757,25.0
758,-4.908196323823386,23.071334232645672,758,18.0
759,-11.786606622260443,33.35386468787728,759,8.0
760,-5.5158128646339515,24.407409428035216,760,16.0
761,-12.366308211797977,33.12372617804749,761,8.0
762,-8.614020093130419,28.909861238757298,762,11.0
763,-9.99991352737085,30.00002882531483,763,10.0
764,-6.799948329667204,25.853961707082835,764,14.0
765,-7.648685542853091,26.659597762668447,765,13.0
766,-8.822580943115437,30.54891430787145,766,10.0
767,-2.4369666847071403,15.828387344028743,767,39.0
768,-5.679128104881892,24.36047307174975,768,16.0
769,-24.999763055454476,43.30140699027779,769,4.0
770,-13.715910046086547,35.236088768301784,770,7.0
771,-9.0907820748385,28.74801889655422,771,11.0
772,-16.380074323487673,37.39794546014696,772,6.0
773,-8.543805757406998,28.93278047224068,773,11.0
774,-9.062403369469884,30.326404284480027,774,10.0
775,-10.947743976204688,31.488064599619083,775,9.0
776,-12.448757799090863,33.09144773754346,776,8.0
777,-16.528969115010394,37.33059884435759,777,6.0
778,-4.201372129944929,22.701293021271518,778,19.0
779,-5.217810370257781,22.990863726151762,779,18.0
780,-19.999999999968473,40.00000000001576,780,5.0
781,-4.75339463490068,21.297819479654546,781,21.0
782,-12.053542283450911,33.245280759294765,782,8.0
783,-10.966684375615293,33.83845682407409,783,8.0
784,-8.294688694813106,27.650410535092476,784,12.0
785,-10.52198315247011,31.644715293598907,785,9.0
786,-6.468277564691655,25.94910294712702,786,14.0
787,-6.813794006927132,25.848268674269924,787,14.0
788,-5.031425577339324,22.38672543461052,788,19.0
789,-9.685074823031332,30.109577708037186,789,10.0
790,-10.781396117438725,31.545362110115885,790,9.0
791,-4.627849761769293,21.32711175498425,791,21.0
792,-6.632728157706897,27.094316312539025,792,13.0
793,-8.664975186271146,28.890166114641826,793,11.0
794,-10.978086606101364,31.476172989156158,794,9.0
795,-6.193599332340611,26.024211570877398,795,14.0
796,-16.630640824960107,37.28399431973834,796,6.0
797,-10.257569197587848,31.735873077058898,797,9.0
798,-6.916669384713349,25.818693845413442,798,14.0
799,-12.247768773189177,33.16996638933291,799,8.0
800,-4.58681231666901,22.501922716329496,800,19.0
801,-9.085437897783466,28.749713881881107,801,11.0
802,-3.807340349725964,19.64044179678921,802,25.0
803,-6.021579274439863,24.26808241076172,803,16.0
804,-6.248117594554412,24.206632057500578,804,16.0
805,-11.109853321462712,31.427412940234237,805,9.0
806,-24.936991911165606,43.337684682476514,806,4.0
807,-4.9454863499248924,21.807179198278792,807,20.0
808,-14.044538503513838,35.09310985080899,808,7.0
809,-24.99994654455277,43.30130105182677,809,4.0
810,-4.1093334722130175,20.939043535946332,810,22.0
811,-10.555524452206877,31.631557238137425,811,9.0
812,-4.139653677627067,19.98832832106897,812,24.0
813,-4.147726524661116,20.930396745305494,813,22.0
814,-19.99625593120554,40.00187269146262,814,5.0
815,-24.999999941027305,43.30127022326983,815,4.0
816,-3.028069609782297,17.417046990722337,816,32.0
817,-24.980069228942096,43.31278945369139,817,4.0
818,-9.95138028570784,30.01629412280799,818,10.0
819,-19.931140917254147,40.034575913822664,819,5.0
820,-5.87050450056766,25.27737681696596,820,15.0
821,-16.666666291989525,37.26779979255721,821,6.0
822,-9.011342596716428,28.773623944323976,822,11.0
823,-6.245593609831208,25.060938861718533,823,15.0
824,-2.929107674709376,17.160569067744397,824,33.0
825,-2.7640708279440327,19.088513618645063,825,27.0
826,-8.137603660586626,27.700488297705576,826,12.0
827,-4.835483005078232,21.83424878468476,827,20.0
828,-5.34756524988489,22.958233051581242,828,18.0
829,-14.136577072998822,35.055057096241626,829,7.0
830,-5.754235105045603,24.341827806093608,830,16.0
831,-2.062097806395353,16.91608794000868,831,35.0
832,-5.156053443006864,22.355298661105614,832,19.0
833,-6.157844988895642,25.09443577793461,833,15.0
834,-10.573660650092991,31.627577352255994,834,9.0
835,-4.517639238916278,21.35449335008193,835,21.0
836,-4.83711286276123,22.445206199994235,836,19.0
837,-14.150974853325371,35.048322487610086,837,7.0
838,-5.563578203350743,24.51202077514167,838,16.0
839,-4.504056632995567,20.839046754064114,839,22.0
840,-5.216095292612927,22.340935807616596,840,19.0
841,-12.206460080386908,33.18655284935501,841,8.0
842,-9.069440668817776,28.75480830403088,842,11.0
843,-8.695505140616849,28.87752789738705,843,11.0
844,-2.3659932342189554,17.9192583069395,844,31.0
845,-10.377366489342455,31.698090844154382,845,9.0
846,-13.619053966863728,35.279573742169546,846,7.0
847,-14.212946615529201,35.022858086351924,847,7.0
848,-14.0244013768965,35.10052592477562,848,7.0
849,-2.5027660396921667,17.062001777339358,849,34.0
850,-5.20040949995818,22.344847460355762,850,19.0
851,-4.647922555626133,21.881925977923977,851,20.0
852,-2.6965968345513276,18.760440428011858,852,28.0
853,-24.947237179659716,43.331763299443054,853,4.0
854,-1.9901599136739743,14.453340638055417,854,47.0
855,-33.3333333333333,47.140452079103184,855,3.0
856,-16.629448352259242,37.284533274185954,856,6.0
857,-5.926442410490271,25.266868485140552,857,15.0
858,-12.377076198475342,33.118700193714986,858,8.0
859,-2.7288385634321815,20.91214729640049,859,23.0
860,-6.906840684322125,25.822070121065984,860,14.0
861,-7.545791267079213,26.689667115997295,861,13.0
862,-19.796015983175817,40.10393729676329,862,5.0
863,-5.88078699531413,24.30417308237762,863,16.0
864,-6.39122975658283,25.020432623277948,864,15.0
865,-2.9939303421857204,17.148531364646217,865,33.0
866,-6.22970029840361,25.06557379008265,866,15.0
867,-5.760795543351455,23.561057429932696,867,17.0
868,-9.235401728025035,30.265389176157225,868,10.0
869,-5.677583765257915,23.59082788946569,869,17.0
870,-6.478594163040409,25.00445204554342,870,15.0
871,-6.086823049338781,24.249882457899428,871,16.0
872,-2.9936441066594455,18.018199202277053,872,30.0
873,-7.036102142634155,25.784129323142242,873,14.0
874,-2.4898603816049887,18.133623814506098,874,30.0
875,-9.978664617475905,30.007179213465765,875,10.0
876,-8.328608014375106,30.694760576427935,876,10.0
877,-8.219193161201224,27.674048780253962,877,12.0
878,-4.2530244059101365,20.414263211677806,878,23.0
879,-4.878403442546288,22.43400606502255,879,19.0
880,-3.658396839967739,19.269706165988904,880,26.0
881,-8.31454398750251,29.006924923716472,881,11.0
882,-12.173302687049553,33.206393221242564,882,8.0
883,-7.050075175509266,25.780237048436238,883,14.0
884,-24.999996602605105,43.301272150709146,884,4.0
885,-8.04143063944046,27.733882554508472,885,12.0
886,-2.414056861282739,17.622696249173952,886,32.0
887,-7.964400355705209,29.25157003600201,887,11.0
888,-4.2523135200896425,21.978038805496155,888,20.0
889,-5.697437199905003,23.57656792731948,889,17.0
890,-3.4064934033463534,18.254744289029016,890,29.0
891,-2.963502823873081,17.71857015893901,891,31.0
892,-33.33333333333197,47.14045207910412,892,3.0
893,-4.359998964791888,20.871781265699855,893,22.0
894,-4.027663650391316,20.012706911318684,894,24.0
895,-4.342419096673995,20.39427986566171,895,23.0
896,-6.565716301344166,25.93415951388671,896,14.0
897,-4.239009253456307,22.71228382777982,897,19.0
898,-3.8339494280220996,19.2332505570908,898,26.0
899,-9.949000972785944,30.017026128380486,899,10.0
900,-14.24738264631968,35.00840157097831,900,7.0
901,-10.856400907195999,31.51773179680489,901,9.0
902,-8.22006746386831,27.67338191315834,902,12.0
903,-6.106972582487422,24.244319924248913,903,16.0
904,-8.165463249580602,27.690912200511004,904,12.0
905,-7.1346298199172855,25.75623237743668,905,14.0
906,-3.8855192245388612,20.505717401259346,906,23.0
907,-3.933644573410676,22.053213734726885,907,20.0
908,-16.641420348830994,37.27911195901827,908,6.0
909,-6.652644291172712,24.94813959996948,909,15.0
910,-5.950817415393737,24.288468743543838,910,16.0
911,-14.278315480214207,34.99573327323843,911,7.0
912,-8.171321334065583,27.692549983798923,912,12.0
913,-3.0290029149074913,17.706194081986236,913,31.0
914,-3.0982881326576748,26.33109820409013,914,15.0
915,-5.877494473949647,23.530628400172578,915,17.0
916,-1.9442466359031958,17.091588225594986,916,34.0
917,-12.476687462096777,33.080759026364376,917,8.0
918,-2.716464832280642,18.415280814836237,918,29.0
919,-5.786083638528565,23.554483258610553,919,17.0
920,-1.8333099242214073,14.173397849110422,920,49.0
921,-16.623265520117062,37.28733013330978,921,6.0
922,-3.9137657454054304,19.614320681536523,922,25.0
923,-5.262069183946848,22.32994451572057,923,19.0
924,-5.375431416747417,23.663606079748234,924,17.0
925,-3.675491855618952,18.890992471399965,925,27.0
926,-1.2761697505478322,13.568758104716435,926,54.0
927,-6.859355734606426,25.83721172445374,927,14.0
928,-3.398040734309938,18.594920859733108,928,28.0
929,-3.6826137807468506,19.26446417777427,929,26.0
930,-3.132291771449224,19.473173931592047,930,26.0
931,-25.0,43.30127018922193,931,4.0
932,-1.5381890666159828,15.121898371098323,932,44.0
933,-4.781733455836232,21.84658627456978,933,20.0
934,-4.997750655658693,21.79501109732502,934,20.0
935,-3.198422676098894,18.297918500842773,935,29.0
936,-3.093335066259158,20.42028815634776,936,24.0
937,-16.12721869008016,37.516936296222646,937,6.0
938,-7.125695385917675,25.75872515751737,938,14.0
939,-7.357895278896871,26.754944969881024,939,13.0
940,-2.5391173701126757,16.47677208319778,940,36.0
941,-12.33859566355458,33.13347023990849,941,8.0
942,-4.964962718358928,21.80264809247629,942,20.0
943,-14.285677847209058,34.99272548721224,943,7.0
944,-1.2837879146307398,12.06930414303282,944,68.0
945,-2.327895939111865,16.068182306997834,945,38.0
946,-4.902696606560009,21.818062726870746,946,20.0
947,-5.2112026335772095,22.342759723656673,947,19.0
948,-6.4801006960444685,24.996105033346904,948,15.0
949,-6.273737337988096,25.054122785475826,949,15.0
950,-2.428885914271038,15.62433240175215,950,40.0
951,-6.973740552809864,25.802525592288426,951,14.0
952,-9.596503639960972,30.137938515484276,952,10.0
953,-8.230585785756247,27.66988352362995,953,12.0
954,-33.33333333333325,47.14045207910323,954,3.0
955,-2.765372000531163,18.395521495886605,955,29.0
956,-7.278357114750008,26.774456469431463,956,13.0
957,-6.702783879419536,26.953494450321063,957,13.0
958,-8.7016757497259,30.67678321915301,958,10.0
959,-2.906129754145849,18.371186581441876,959,29.0
960,-19.887168536582976,40.05701164956123,960,5.0
961,-7.656088507298097,26.65754850872402,961,13.0
962,-8.063908007285727,27.7262013737731,962,12.0
963,-4.179558499862298,20.915524462948525,963,22.0
964,-10.980967027849175,31.473585744879745,964,9.0
965,-13.96902826300243,35.12545909812012,965,7.0
966,-3.405900554543306,19.328850622762346,966,26.0
967,-4.458129254891988,20.84975948935896,967,22.0
968,-2.6031312217598206,16.9693198906468,968,34.0
969,-6.365363065674083,25.02861534700983,969,15.0
970,-16.567477025866307,37.31279141487261,970,6.0
971,-7.671325989890938,26.65304073886534,971,13.0
972,-5.565084433038412,23.624368152617098,972,17.0
973,-11.044418679562845,31.450795581219023,973,9.0
974,-2.3499955921796634,15.250523397861548,974,42.0
975,-14.285327882440168,34.99286837208875,975,7.0
976,-10.617303456750918,31.61121667287277,976,9.0
977,-16.003267293917812,37.575028829684705,977,6.0
978,-1.7603620629957972,13.494893666699326,978,54.0
979,-11.02957486514749,31.456166615006985,979,9.0
980,-6.936512701123373,28.09130722552369,980,12.0
981,-2.648929531189313,18.091646870902235,981,30.0
982,-3.1687412618905224,18.30666247421086,982,29.0
983,-5.360069850291075,22.958281709630345,983,18.0
984,-2.688768501307949,18.16963453174935,984,30.0
985,-5.629919913131721,23.59983923532593,985,17.0
986,-5.2244267056927605,23.000235515941913,986,18.0
987,-2.900892077058078,20.73045563218387,987,23.0
988,-5.28088779968279,22.97568134699017,988,18.0
989,-14.19234614794012,35.03119013054628,989,7.0
990,-24.999999999999986,43.30127018922194,990,4.0
991,-7.861266000613136,27.794865943771825,991,12.0
992,-3.6800151196130324,19.26589986944104,992,26.0
993,-5.542844317830811,22.909246085352777,993,18.0
994,-16.655199593058885,37.27293624944059,994,6.0
995,-16.666666666327345,37.26779962514825,995,6.0
996,-4.359130803270974,21.96557333788454,996,20.0
997,-3.1382243046197384,19.01881181715104,997,27.0
998,-3.8695235599816287,20.509188247056596,998,23.0
999,-5.011666486223547,25.550147496813484,999,15.0
1000,-3.7036580221923905,20.54423634938769,1000,23.0
1001,-6.747190432278281,26.92911016085588,1001,13.0
1002,-3.172401897239331,19.02183616882177,1002,27.0
1003,-0.908641127773216,12.04035594610926,1003,69.0
1004,-9.023437653483441,28.769417127537636,1004,11.0
1005,-25.0,43.30127018922193,1005,4.0
1006,-16.650649244643752,37.27497933899635,1006,6.0
1007,-24.99999731775456,43.30127173781728,1007,4.0
1008,-9.901109090180281,30.03331130906423,1008,10.0
1009,-1.231482260866785,13.40000361742523,1009,56.0
1010,-8.620562924766027,28.9064464339393,1010,11.0
1011,-6.25990752429154,25.068401328361944,1011,15.0
1012,-5.992088981918912,24.28221930803042,1012,16.0
1013,-6.933748633864243,25.814926830404996,1013,14.0
1014,-24.99999999999997,43.301270189221945,1014,4.0
1015,-5.463826698715267,23.646294888005695,1015,17.0
1016,-13.988894720599514,35.11689100998455,1016,7.0
1017,-5.233547886426631,22.987903083478514,1017,18.0
1018,-15.731265461410345,37.70701241650097,1018,6.0
1019,-11.079113003404803,31.438409328041402,1019,9.0
1020,-2.5418770013233543,18.440305960846544,1020,29.0
1021,-2.2843376256297807,15.861908866463173,1021,39.0
1022,-0.9860692424252141,12.216083028989207,1022,67.0
1023,-2.82634169800523,16.66527048008652,1023,35.0
1024,-2.7764686687132882,17.189924586269665,1024,33.0
1025,-5.442529922776814,23.64882086533643,1025,17.0
1026,-4.232741429607634,20.90311946143362,1026,22.0
1027,-2.6319460054847754,16.95851978429345,1027,34.0
1028,-3.0603567827587908,20.819483907160016,1028,23.0
1029,-8.184681699309403,27.68441078629048,1029,12.0
1030,-14.18591616456631,35.03428205451081,1030,7.0
1031,-8.165779616813705,27.689690146560853,1031,12.0
1032,-16.20766451683219,37.48644901396992,1032,6.0
1033,-5.167488323642568,22.352721375183926,1033,19.0
1034,-5.847148261134432,24.318210381421082,1034,16.0
1035,-5.227950354048143,22.99285962596709,1035,18.0
1036,-8.250989393627991,27.663995588494938,1036,12.0
1037,-4.76429103250244,22.468183470034507,1037,19.0
1038,-8.91113154385962,28.80650682452725,1038,11.0
1039,-3.2191242440431656,18.294454711104233,1039,29.0
1040,-4.48024495842828,22.63119253156814,1040,19.0
1041,-3.2159419607035393,18.998883182317034,1041,27.0
1042,-6.940837544280661,25.819660906979927,1042,14.0
1043,-7.407385300568699,27.935180149025033,1043,12.0
1044,-1.790378938428572,17.296986229982686,1044,34.0
1045,-8.621982916269316,28.90303559420779,1045,11.0
1046,-24.554344902267037,43.56464727807993,1046,4.0
1047,-12.067751119690879,33.239560167505154,1047,8.0
1048,-3.701679521812167,19.26138468965082,1048,26.0
1049,-2.2294515755641533,15.464966616263034,1049,41.0
1050,-1.3991221766102087,15.431060026588879,1050,42.0
1051,-16.22773356426308,37.47642898207853,1051,6.0
1052,-5.102679705391692,22.36999517979858,1052,19.0
1053,-4.167516864472882,22.60737226406412,1053,19.0
1054,-3.043573047791456,18.33308726033398,1054,29.0
1055,-16.666666666629137,37.26779962501328,1055,6.0
1056,-8.59819202965955,28.91200117612333,1056,11.0
1057,-19.99999999999999,40.00000000000001,1057,5.0
1058,-9.044620278827876,28.76298528127904,1058,11.0
1059,-2.6638842594651218,17.495207477414098,1059,32.0
1060,-12.26821555869171,33.16297337460672,1060,8.0
1061,-4.519761766107562,20.835638057034643,1061,22.0
1062,-9.918065721027972,30.027429925884157,1062,10.0
1063,-1.429457725629065,13.427826243715877,1063,55.0
1064,-3.3827172377777823,20.160927994511333,1064,24.0
1065,-5.59344519030765,23.606085439749243,1065,17.0
1066,-4.698415658623932,21.869314960693227,1066,20.0
1067,-10.660185374330418,31.59735829885129,1067,9.0
1068,-5.094986149043875,23.736184817995262,1068,17.0
1069,-8.95595134086929,28.79288105633806,1069,11.0
1070,-16.66665812858701,37.26780344334648,1070,6.0
1071,-3.876835150923321,19.62238705810185,1071,25.0
1072,-5.842031751544755,23.539557362657657,1072,17.0
1073,-3.5714439176999373,20.117613590186565,1073,24.0
1074,-12.499999995839083,33.07189138988006,1074,8.0
1075,-14.099115684846321,35.069471753316655,1075,7.0
1076,-1.5930020601369241,13.523197177915579,1076,54.0
1077,-3.35709523366737,19.740090928435354,1077,25.0
1078,-12.365347862882414,33.12358529200979,1078,8.0
1079,-5.7716397768390895,23.557928323442543,1079,17.0
1080,-6.666885053596053,25.8968477068897,1080,14.0
1081,-10.93385075906222,31.490774112669577,1081,9.0
1082,-2.280363857783805,18.270369797295412,1082,30.0
1083,-2.8083303967196853,17.466220361717212,1083,32.0
1084,-3.811740121200899,19.63742450082905,1084,25.0
1085,-4.16076293296106,20.434509491177334,1085,23.0
1086,-1.9195024675266177,15.03056867592214,1086,44.0
1087,-9.99999927482016,30.000000241726667,1087,10.0
1088,-4.514780147356551,20.836699266585747,1088,22.0
1089,-6.552476077310985,24.975566765223707,1089,15.0
1090,-16.312482867819295,37.4341746346089,1090,6.0
1091,-3.7249125332694883,19.656391492673453,1091,25.0
1092,-6.378121277639115,27.04468776881914,1092,13.0
1093,-2.2488489200389883,15.870821939654542,1093,39.0
1094,-5.526372185888579,23.62467589098754,1094,17.0
1095,-2.6270427608900517,16.461703325878247,1095,36.0
1096,-11.102444992765308,31.430036099705166,1096,9.0
1097,-4.923957026822105,21.812605940253935,1097,20.0
1098,-6.8006944200946995,25.85415637875539,1098,14.0
1099,-1.483362135717792,13.868207473205814,1099,52.0
1100,-7.176476122501032,28.00949711306184,1100,12.0
1101,-2.325100569812345,15.849892823688885,1101,39.0
1102,-9.42884451164844,30.197549409285003,1102,10.0
1103,-2.4621267446617208,15.824186842429741,1103,39.0
1104,-14.2857032067597,34.99271513416276,1104,7.0
1105,-0.8962385489754017,11.386868036877257,1105,77.0
1106,-16.301170077089758,37.43332498319988,1106,6.0
1107,-3.4794954976995336,18.932708067181235,1107,27.0
1108,-1.953143600852566,14.463857805079686,1108,47.0
1109,-3.6508068464499055,20.547592551738283,1109,23.0
1110,-3.4350209691035474,18.585531439362814,1110,28.0
1111,-7.052021234289465,26.845367933006937,1111,13.0
1112,-1.026567489019839,11.601376829761351,1112,74.0
1113,-3.058334585583866,20.36478397428849,1113,24.0
1114,-14.18421274394249,35.034756394206866,1114,7.0
1115,-3.072263226418114,19.01872608421519,1115,27.0
1116,-14.196615146922925,35.02931820008222,1116,7.0
1117,-1.8722857262143524,17.787549326172574,1117,32.0
1118,-7.363249898343317,27.95608839259812,1118,12.0
1119,-9.399571378565248,30.21023980295383,1119,10.0
1120,-1.1035301406837459,13.563484856044516,1120,55.0
1121,-7.64118001465284,26.661899147926572,1121,13.0
1122,-1.4733967267192432,15.807672301748472,1122,40.0
1123,-2.785341893659904,18.74464691703601,1123,28.0
1124,-5.834752976344847,26.142523863164524,1124,14.0
1125,-8.32697075974427,27.640466079267828,1125,12.0
1126,-19.66610972952394,40.16907899343893,1126,5.0
1127,-8.92150624671752,28.802889026227042,1127,11.0
1128,-5.351453468573527,22.95697998995365,1128,18.0
1129,-4.21449445704159,20.909906909050502,1129,22.0
1130,-1.8269874991695851,14.483271607196048,1130,47.0
1131,-0.7344735839648882,12.641469532138805,1131,64.0
1132,-1.1920800381672674,13.597851410654783,1132,54.0
1133,-0.9703609577215148,12.306097544650486,1133,66.0
1134,-8.595718586616615,28.91351752098779,1134,11.0
1135,-0.514056850981099,10.611288178892622,1135,90.0
1136,-1.6887446820627678,13.905890644806439,1136,51.0
1137,-9.030571254107643,28.7676840603327,1137,11.0
1138,-6.9484670873804735,25.80931360109104,1138,14.0
1139,-3.295165492717706,18.974941472377363,1139,27.0
1140,0.23774246377731745,10.13964012106345,1140,103.0
1141,-9.981788029882415,30.006092526436415,1141,10.0
1142,-9.878285322059892,34.28709885273005,1142,8.0
1143,-1.6053492417415725,14.21717170441815,1143,49.0
1144,-1.20620315511889,11.812986730085504,1144,71.0
1145,-6.249712136473983,25.061019124560517,1145,15.0
1146,-3.1750032347661676,17.983491442281256,1146,30.0
1147,-7.609265083142324,26.671188030235022,1147,13.0
1148,-11.927508861861767,33.2961972154982,1148,8.0
1149,-8.751916805192078,28.862109944461533,1149,11.0
1150,-0.8886278236210623,12.216317759766193,1150,67.0
1151,-4.7833956642052975,23.819123283819813,1151,17.0
1152,-1.8964268788605771,19.03532915295781,1152,28.0
1153,-4.021193946165659,20.0150138436583,1153,24.0
1154,-19.592349983924496,40.20990261817772,1154,5.0
1155,-5.471897350157024,22.927444137639394,1155,18.0
1156,-0.9173822452742637,11.669621289469783,1156,74.0
1157,-11.111018090578376,31.427000940930434,1157,9.0
1158,-4.918679444467226,23.08307031048283,1158,18.0
1159,-1.4755832832524172,13.549364770654172,1159,54.0
1160,-16.053493115359153,37.55104082985483,1160,6.0
1161,-11.854811088239876,33.32429669358644,1161,8.0
1162,-2.4379921679494116,16.2666163127215,1162,37.0
1163,-9.963559595429627,30.01227320515356,1163,10.0
1164,-5.682495960548082,24.358837445876606,1164,16.0
1165,-3.9863662284054797,22.134527801838768,1165,20.0
1166,-5.916978993653032,25.284404069222543,1166,15.0
1167,-5.388799902225542,25.31345087618971,1167,15.0
1168,-5.947238422961632,24.29375782959985,1168,16.0
1169,-9.35901724036229,30.231891237159168,1169,10.0
1170,-1.47803330211575,15.231167649034719,1170,43.0
1171,-2.543832406218543,17.526112028354863,1171,32.0
1172,-5.7664366278950245,23.559185238550196,1172,17.0
1173,-3.905863476861084,19.615885379976383,1173,25.0
1174,-10.541676638640888,31.645808164368766,1174,9.0
1175,-2.695879611374046,17.209350781269467,1175,33.0
1176,-10.814228162891016,31.536676042143558,1176,9.0
1177,-4.961553458293501,22.412868167454207,1177,19.0
1178,-1.3286222813919015,13.326101236846862,1178,56.0
1179,-8.18587398472405,27.684449855660258,1179,12.0
1180,-2.172789754243377,15.469966779893896,1180,41.0
1181,-7.478120834285752,26.718998015998846,1181,13.0
1182,-2.7934593875792686,21.23330025542499,1182,22.0
1183,-0.5647432775350297,9.640610383457439,1183,109.0
1184,-6.346846973754975,27.17400337429143,1184,13.0
1185,-3.97724433126447,22.047821789523958,1185,20.0
1186,-0.6175358717693745,15.363617353172108,1186,43.0
1187,-3.278437443778276,18.28251905654636,1187,29.0
1188,-4.993044648140705,21.796097402617864,1188,20.0
1189,-4.58043744211952,21.34029149412661,1189,21.0
1190,-2.6957327125941997,18.745842296208245,1190,28.0
1191,-3.6277420136120484,21.570720113605773,1191,21.0
1192,-9.960186586467431,30.013373873290487,1192,10.0
1193,-13.743797155684382,35.22373996072134,1193,7.0
1194,-8.288992211801917,27.652149683693008,1194,12.0
1195,-1.3717979453101201,13.071596098371174,1195,58.0
1196,-1.7620306950974336,14.4947654868342,1196,47.0
1197,-1.4185098515221015,13.562819639047103,1197,54.0
1198,-1.2915811949008287,14.290418649430057,1198,50.0
1199,-2.2487343553540455,15.866073829050665,1199,39.0
1200,-1.7883726609055643,14.819835242092958,1200,45.0
1201,-5.991815895666351,24.275019274055097,1201,16.0
1202,-0.7041216094188946,12.862785608981705,1202,62.0
1203,-2.484307146318771,17.89273430059491,1203,31.0
1204,-3.809267931821856,22.69622252599021,1204,19.0
1205,-4.130252587770099,19.99035410277288,1205,24.0
1206,-6.318702432231887,25.0458429454067,1206,15.0
1207,-5.271016817258152,23.695059254264418,1207,17.0
1208,-16.65568673085334,37.272717764395516,1208,6.0
1209,-19.999999999999982,40.00000000000001,1209,5.0
1210,-12.367183429031831,33.122529573835735,1210,8.0
1211,-2.472750529713304,17.831477873652855,1211,31.0
1212,-3.4202011564791888,19.730518017007075,1212,25.0
1213,-0.7934384454015072,13.12004089201704,1213,59.0
1214,-0.9561681894828391,10.81383730103359,1214,85.0
1215,-0.9928770014495591,13.637286239810784,1215,55.0
1216,-7.29468116751328,26.764924541490572,1216,13.0
1217,-12.36374847132415,33.124268774825005,1217,8.0
1218,-4.745910331382327,21.856017974086342,1218,20.0
1219,-0.9633111228915837,11.219474182532865,1219,79.0
1220,-3.7936950569407544,22.19551058403528,1220,20.0
1221,-12.498596740680695,33.07242195973946,1221,8.0
1222,-2.1924487964422337,16.542261776343878,1222,36.0
1223,-4.834492149129633,22.436470202570746,1223,19.0
1224,-6.744703584509568,25.871133747136973,1224,14.0
1225,-13.804305902428721,35.19641219024431,1225,7.0
1226,-6.6664183768890535,24.944448948816042,1226,15.0
1227,-4.63361519226166,21.888469954565476,1227,20.0
1228,-10.730839946566194,31.568006198881026,1228,9.0
1229,-16.521755364284676,37.3339558855191,1229,6.0
1230,-4.259636511706819,21.414965209165008,1230,21.0
1231,-8.505913683139438,28.9401281530925,1231,11.0
1232,-3.6155155041876035,20.106544736153687,1232,24.0
1233,-2.466443465671973,16.737387758476853,1233,35.0
1234,-4.877632694902807,22.425153273981657,1234,19.0
1235,-0.8114980616183961,10.350503245827184,1235,93.0
1236,-8.915818878022991,28.804667015190155,1236,11.0
1237,-3.836381610253443,20.511793360228108,1237,23.0
1238,-1.6477576904566824,16.352296995293532,1238,38.0
1239,-6.669809024282247,25.897088348247213,1239,14.0
1240,-7.111208768314495,25.762947240116382,1240,14.0
1241,-5.206755967345515,22.99535911455506,1241,18.0
1242,-5.579627460249573,26.210989674876497,1242,14.0
1243,-1.1255514778430105,13.003614556609609,1243,59.0
1244,-0.6880543412436931,11.62837277176213,1244,75.0
1245,-19.999999112954615,40.00000044352273,1245,5.0
1246,-9.929647156055607,30.023809180619512,1246,10.0
1247,-4.574178620156412,21.339940696613144,1247,21.0
1248,-0.5411217120334162,13.3518642784175,1248,58.0
1249,-2.6655192427399705,16.94681940768153,1249,34.0
1250,-0.6566662821275432,15.014955265019461,1250,45.0
1251,-6.579355467930251,24.96980907130613,1251,15.0
1252,-8.928828953872403,28.800362248004333,1252,11.0
1253,-6.3079030962893645,25.045031731558023,1253,15.0
1254,-2.696182175356562,19.494868957046087,1254,26.0
1255,-2.0480868220795863,17.187971236516738,1255,34.0
1256,-4.1338190549997025,19.98984428709357,1256,24.0
1257,-2.01148527040577,16.203594742332932,1257,38.0
1258,-4.008876560256644,21.576374655049115,1258,21.0
1259,-10.696424164585496,31.57639905024935,1259,9.0
1260,-7.474771824287184,26.711094301428513,1260,13.0
1261,-0.37437233532074615,10.265586156059959,1261,96.0
1262,-2.8286007055589795,18.712390220632372,1262,28.0
1263,-3.7894085913634603,19.64194964253384,1263,25.0
1264,-8.944887708029594,28.794426358712357,1264,11.0
1265,-5.6942431177082655,25.221350596339242,1265,15.0
1266,-4.462597020932732,20.848246374802642,1266,22.0
1267,-5.0929532307006,22.374515554525164,1267,19.0
1268,-3.042484905758479,18.329668387880286,1268,29.0
1269,-14.111937181885727,35.06465972707261,1269,7.0
1270,-16.276355492875265,37.450095629394156,1270,6.0
1271,-1.3517131505370448,15.525255515949217,1271,42.0
1272,-6.069134229350213,25.11629693921855,1272,15.0
1273,-4.950738024146827,23.066941486175335,1273,18.0
1274,-16.493514554278033,37.34716233181088,1274,6.0
1275,-5.940884829174658,24.287450859371436,1275,16.0
1276,-1.6936459747381407,16.185789147132066,1276,38.0
1277,-11.680686451768638,33.391885575330896,1277,8.0
1278,-5.82147000199558,25.1941952567501,1278,15.0
1279,-3.4186689623349977,18.589929403687947,1279,28.0
1280,-3.4374876793235307,18.586077789782767,1280,28.0
1281,-2.5292569407573575,17.526067731947915,1281,32.0
1282,-8.17674969271039,27.686178193428322,1282,12.0
1283,-4.30157237789731,21.96785969349649,1283,20.0
1284,-1.1963468007155977,14.600524001358881,1284,47.0
1285,-1.1224242552230121,12.67170252308726,1285,62.0
1286,-5.236150442823455,22.989272735809028,1286,18.0
1287,-0.8472420192730472,11.238094747980368,1287,79.0
1288,-33.333333333333336,47.14045207910317,1288,3.0
1289,-2.6978274450787016,18.738009561374867,1289,28.0
1290,-2.250102232800057,18.757192657691057,1290,29.0
1291,-8.72357529260549,28.867337849980057,1291,11.0
1292,-3.955894931341068,22.0463609344688,1292,20.0
1293,-4.799970148494131,24.60469282547362,1293,16.0
1294,-2.689837525353958,17.86345364484022,1294,31.0
1295,-13.777191642892655,35.20925327881167,1295,7.0
1296,-2.2468330882103613,16.305023396560298,1296,37.0
1297,-0.922166888419666,11.14348620225881,1297,81.0
1298,-0.5995449546942142,11.521342170264663,1298,76.0
1299,-5.097088880150942,22.369941438233422,1299,19.0
1300,-3.186809234560749,18.300407069343052,1300,29.0
1301,-6.275916391107104,25.061659042078865,1301,15.0
1302,-10.132068096379177,31.801351687994,1302,9.0
1303,-2.2247788272610807,15.872097304187992,1303,39.0
1304,-3.2338052367710217,21.15306264049605,1304,22.0
1305,-9.647351587204243,30.12860133402084,1305,10.0
1306,-12.33978441524198,33.132910392379394,1306,8.0
1307,-2.3241329927278755,16.77664950930669,1307,35.0
1308,-0.06352384006369868,10.79878916164181,1308,88.0
1309,-1.7075194786399208,15.77698288506973,1309,40.0
1310,-0.7851657791436204,13.145061595827942,1310,59.0
1311,-1.2414492842731992,12.45502426163112,1311,64.0
1312,-1.5847083961889334,16.494475115048683,1312,37.0
1313,-3.6983294776982265,20.537746813332305,1313,23.0
1314,-3.1683241737643093,18.642182203638857,1314,28.0
1315,-1.7706002917311223,17.67364954908604,1315,32.0
1316,-2.0548530710794624,17.6194232613512,1316,32.0
1317,-3.4020703032086836,20.619720952513468,1317,23.0
1318,-0.6889596692762744,12.75512697157404,1318,62.0
1319,-4.48115905258256,20.844623685523693,1319,22.0
1320,-6.595560428053687,24.963632449303848,1320,15.0
1321,-3.522202505053412,19.298153993922597,1321,26.0
1322,-4.49398434900702,21.358116980303546,1322,21.0
1323,-3.8227451249487436,20.52443037593193,1323,23.0
1324,-2.588720078283975,18.108160284286743,1324,30.0
1325,0.13033277417900022,7.434484272444022,1325,189.0
1326,-7.923685455803915,27.764327440397764,1326,12.0
1327,-5.474932180016983,23.64883028835309,1327,17.0
1328,-3.7094655555099876,19.667453538170733,1328,25.0
1329,-8.230590726627213,27.670075139740312,1329,12.0
1330,-2.842470142160363,17.46586065389496,1330,32.0
1331,-3.6147801030881714,20.572908205679262,1331,23.0
1332,-2.60829134307155,18.095291978391323,1332,30.0
1333,-5.767112861316505,23.559128331055494,1333,17.0
1334,-9.733499679605718,30.091181017570406,1334,10.0
1335,-15.85884959975399,37.64489813991996,1335,6.0
1336,-8.176603180864047,27.687138858409057,1336,12.0
1337,-4.827494900442632,21.835571373659352,1337,20.0
1338,-3.34217479091772,19.342158749164835,1338,26.0
1339,-14.203202299334587,35.026830268431524,1339,7.0
1340,-16.666611952415597,37.26782409406145,1340,6.0
1341,-16.35373040335347,37.413971421494686,1341,6.0
1342,-4.928515840271842,23.070877232559194,1342,18.0
1343,-3.001934171436374,18.02286435204553,1343,30.0
1344,-6.070818618901305,25.122292568066875,1344,15.0
1345,-0.7254751777175548,14.746393742425122,1345,47.0
1346,-4.964252707574689,22.405498850489675,1346,19.0
1347,-8.97253164266742,30.35812234240297,1347,10.0
1348,-3.587842970732735,20.112576949050634,1348,24.0
1349,-3.8747552620545305,22.0888029407769,1349,20.0
1350,-7.55281744769177,27.888194929609085,1350,12.0
1351,-5.095368376106048,23.739122415831858,1351,17.0
1352,-0.43962096531812367,12.397206351842557,1352,66.0
1353,-19.999999905093883,40.00000004745306,1353,5.0
1354,-2.2398989252325108,15.46040605125504,1354,41.0
1355,-19.959010443173213,40.020573241457356,1355,5.0
1356,-24.999999999999986,43.30127018922194,1356,4.0
1357,-0.1296306720324574,11.622631006776437,1357,76.0
1358,-0.6985506449179807,10.993953167496626,1358,83.0
1359,-3.1468665113894825,18.659251090564506,1359,28.0
1360,-1.4569833738151652,13.184959780234477,1360,57.0
1361,-2.80548969572555,18.06088666035662,1361,30.0
1362,-9.956595533538508,30.014567978171147,1362,10.0
1363,-0.2071943358786641,9.001489741756865,1363,125.0
1364,-1.8847346903632891,14.317564219216274,1364,48.0
1365,-0.18105185789467884,8.017914305552232,1365,160.0
1366,-1.2893190236664547,12.758426735523152,1366,61.0
1367,-3.2721805730820823,19.841021390034154,1367,25.0
1368,-12.021617220489873,33.25796745248316,1368,8.0
1369,-11.840621622044335,33.32750643688343,1369,8.0
1370,-24.99998361823723,43.30127964724147,1370,4.0
1371,-8.875947477767431,28.817861611931875,1371,11.0
1372,-0.6520635158387112,11.429579710529376,1372,77.0
1373,-0.12692289731887443,9.816664100437498,1373,105.0
1374,-8.765794646000098,28.853264551218473,1374,11.0
1375,-3.1588180938311696,17.681664479515955,1375,31.0
1376,-2.9023873705086847,19.837772848730115,1376,25.0
1377,-9.434077844681266,30.197283537667843,1377,10.0
1378,-7.273284272243804,27.981504468237212,1378,12.0
1379,-1.4394603149383096,12.839335105671621,1379,60.0
1380,0.6119724232270103,7.254401524024831,1380,199.0
1381,-1.5816400673533477,13.654158572183059,1381,53.0
1382,-1.2068560536906536,13.987429402659144,1382,51.0
1383,-5.351754893843182,22.956027906330643,1383,18.0
1384,-1.4996727748930887,15.111529549612923,1384,44.0
1385,-10.577633291028086,31.624035486805827,1385,9.0
1386,-2.801512048581499,16.92619931768715,1386,34.0
1387,-1.0785136073181065,14.080088874482557,1387,51.0
1388,-8.139753182236772,27.698361343805953,1388,12.0
1389,-0.6327922391675855,11.47571644273883,1389,77.0
1390,-6.495645418754089,25.95254141848951,1390,14.0
1391,-7.36864580617163,26.743164996551002,1391,13.0
1392,-3.0689599418034854,18.328675762371446,1392,29.0
1393,-3.825278594157749,20.059968225361963,1393,24.0
1394,-16.507238723058936,37.339712757554935,1394,6.0
1395,-0.673862521348971,10.978294201845106,1395,84.0
1396,-1.2522793407370878,13.15456030987495,1396,58.0
1397,-2.9053298097060805,18.69407398187619,1397,28.0
1398,-7.024184629401307,25.78768377325562,1398,14.0
1399,-0.0785768406446253,13.863014002423071,1399,55.0
1400,-3.2543530848191153,18.629808850662762,1400,28.0
1401,-14.256486612732802,35.004713937275284,1401,7.0
1402,-14.285714285714283,34.99271061118826,1402,7.0
1403,-5.408619459849439,23.655710742880604,1403,17.0
1404,-6.953689235672911,25.807143896766537,1404,14.0
1405,-12.37308630039199,33.12033518149419,1405,8.0
1406,-0.00874038315673289,10.105756835316729,1406,100.0
1407,-4.318664040890868,20.881468620079957,1407,22.0
1408,-5.254335557972545,22.331783405968075,1408,19.0
1409,-10.982859107807883,31.472993349930764,1409,9.0
1410,-3.381609729756556,19.736310924849416,1410,25.0
1411,-2.974735802112092,17.717974578228223,1411,31.0
1412,-8.158820328635088,30.829391946765476,1412,10.0
1413,-6.186397989512329,24.22350696825438,1413,16.0
1414,-3.502028588762597,19.70628091621829,1414,25.0
1415,-12.47057441580614,33.0831029478746,1415,8.0
1416,-1.7317092792908477,15.013260225719272,1416,44.0
1417,-16.636461851794966,37.28133497907273,1417,6.0
1418,-4.044841515545679,22.027300952802744,1418,20.0
1419,-13.767365083346817,35.214097103814694,1419,7.0
1420,-1.603132001916298,14.21633388694537,1420,49.0
1421,-2.376627838899023,15.633188627462477,1421,40.0
1422,-12.440373858730654,33.094563344329025,1422,8.0
1423,-0.7318293573630708,12.031725750465787,1423,70.0
1424,-3.87804444344599,20.508933877002555,1424,23.0
1425,-2.609384310575179,16.010995052585596,1425,38.0
1426,-1.3648999739944714,13.684061337641344,1426,53.0
1427,-9.948626542666378,30.01726336228789,1427,10.0
1428,-12.499999998877318,33.07189138873172,1428,8.0
1429,-6.606329088327095,25.91966502844138,1429,14.0
1430,-3.084224191823439,18.00073621233838,1430,30.0
1431,-16.613241791107228,37.29187564551891,1431,6.0
1432,-0.31429006162239304,10.835639747818131,1432,86.0
1433,-2.477090170341711,16.03772960892003,1433,38.0
1434,-8.090862313345974,27.71577158832275,1434,12.0
1435,-4.054798377786652,21.46577282140387,1435,21.0
1436,-2.2129912269308947,16.78180074826509,1436,35.0
1437,-14.187001484264954,35.03382101016597,1437,7.0
1438,-0.8192766263519103,11.626876460158355,1438,74.0
1439,-2.7582921100851974,17.473581704810123,1439,32.0
1440,-1.212134223952103,13.216497244297544,1440,57.0
1441,-5.263080135915784,22.329706155404278,1441,19.0
1442,-3.512561808388236,19.70805178275182,1442,25.0
1443,-0.8558805805914919,12.215681029070362,1443,67.0
1444,-1.430968836089713,13.553887684580667,1444,54.0
1445,-9.448394418171997,30.203458508907815,1445,10.0
1446,-1.0977483322427457,14.161313323934609,1446,50.0
1447,-1.0544723837631198,12.86134750131984,1447,61.0
1448,-1.1141276700383278,13.313718795939492,1448,57.0
1449,-1.6402314155955051,13.779734942627282,1449,52.0
1450,-4.66452911644062,21.8740173492639,1450,20.0
1451,-0.12212238376843011,9.689089166453163,1451,109.0
1452,-2.448736636021694,16.04700677076205,1452,38.0
1453,-7.684868865101706,26.649088450161596,1453,13.0
1454,-0.7964124876728048,13.177684106055546,1454,58.0
1455,-3.555497619134241,19.69798230944539,1455,25.0
1456,-3.4869506296941006,19.306533754125883,1456,26.0
1457,-14.237149576462553,35.01261596758578,1457,7.0
1458,-8.643667371149592,28.90053530634495,1458,11.0
1459,-4.827792077682924,21.84024702199669,1459,20.0
1460,0.6088486371330574,8.117754898160527,1460,160.0
1461,-0.2318495089033058,9.782420318187706,1461,107.0
1462,-5.45593853873485,23.644672313799006,1462,17.0
1463,-3.797828718704453,20.064163826022618,1463,24.0
1464,-1.216580395369112,13.6443405216152,1464,54.0
1465,-10.820864704398259,31.531701547159464,1465,9.0
1466,-3.3364968061875517,19.86227225249247,1466,25.0
1467,-2.3177301296614323,19.565211283011195,1467,26.0
1468,-8.242891596270534,27.667421779731367,1468,12.0
1469,-9.759585151794615,30.081278652532447,1469,10.0
1470,-0.8299754035980618,11.312599817284756,1470,78.0
1471,-2.6147932341393267,18.413676720490454,1471,29.0
1472,-0.5609194463793519,10.81289554631623,1472,86.0
1473,-4.363084427408605,20.872101632596724,1473,22.0
1474,-6.914319846435191,25.818395295446948,1474,14.0
1475,-2.436628659284425,18.467289392665002,1475,29.0
1476,-1.5341461085469188,16.088319471420068,1476,39.0
1477,-6.919452915281709,25.819148840262784,1477,14.0
1478,-8.017675023645078,27.737256044606557,1478,12.0
1479,-1.6667014433945297,15.763082897626646,1479,40.0
1480,-1.092532541079445,12.097538116453581,1480,68.0
1481,-1.7642521710855013,14.03910574576395,1481,50.0
1482,-0.2905686850443246,10.471397684843733,1482,93.0
1483,-0.03021467632512393,10.254170958003849,1483,97.0
1484,-1.9302891575511019,16.36619373096412,1484,37.0
1485,-1.8008820791089495,15.165598828332593,1485,43.0
1486,-6.650110466906622,25.898118409903496,1486,14.0
1487,-0.247465804443252,9.679422724312033,1487,108.0
1488,-12.410288982241463,33.10616128898589,1488,8.0
1489,-1.135304840549436,13.562205038405825,1489,55.0
1490,-5.340385149315537,24.449629391228736,1490,16.0
1491,-0.87851325418197,14.644559378219402,1491,47.0
1492,-2.6926436208172593,16.691413094109784,1492,35.0
1493,-2.8375594399052058,18.371035900858484,1493,29.0
1494,-6.611410718656339,24.959678034957548,1494,15.0
1495,-9.870774151304872,31.892665424272526,1495,9.0
1496,-3.6431620247638734,20.09984845686655,1496,24.0
1497,-3.454507324626338,18.94061605357215,1497,27.0
1498,-10.01201570541845,31.837236463686725,1498,9.0
1499,-0.34221116532714524,12.367688986223554,1499,67.0
1500,-3.7290370395232473,20.07836779312636,1500,24.0
1501,-3.245041935455509,19.360267658619488,1501,26.0
1502,-11.060284585951687,31.445089025309503,1502,9.0
1503,-1.9926656354896402,18.340405313241625,1503,30.0
1504,-2.5723925730546076,17.23975941719968,1504,33.0
1505,-2.809889920682297,17.18192142473857,1505,33.0
1506,0.12421873710501176,9.532399374489378,1506,112.0
1507,-11.654234995473413,33.40244083293573,1507,8.0
1508,-8.25828940383554,27.661371098412303,1508,12.0
1509,-7.191660955062517,28.013311800695345,1509,12.0
1510,-0.18964701135938444,11.250001283189475,1510,81.0
1511,-12.459757711388157,33.08726867197586,1511,8.0
1512,-14.271279701270762,34.998610474695525,1512,7.0
1513,-0.334174328148899,10.251849238012117,1513,97.0
1514,0.07215178227433273,10.49094338930007,1514,93.0
1515,-4.846428975280884,23.09196656175673,1515,18.0
1516,-9.938336936121708,30.0210129010181,1516,10.0
1517,0.8605758145099284,8.422514848098563,1517,154.0
1518,-1.950015492620353,17.633858799285978,1518,32.0
1519,-0.11132875373787304,8.930178236360259,1519,127.0
1520,-5.133542648138285,23.01403733543566,1520,18.0
1521,-4.598357717541994,21.888043274917397,1521,20.0
1522,-0.9817697916493554,11.152533876337765,1522,80.0
1523,-5.190045517743659,23.001282740485557,1523,18.0
1524,-1.5683267870645368,13.791647946765506,1524,52.0
1525,-3.5216922188536115,19.704072738722004,1525,25.0
1526,-2.5444718253802745,20.347487364381465,1526,24.0
1527,-0.9492073909431307,12.397445989603144,1527,65.0
1528,0.2505082734351595,10.811551896380813,1528,90.0
1529,-4.071414992411099,20.003336879447517,1529,24.0
1530,-4.5385534518468456,21.349421352185974,1530,21.0
1531,0.3600354008312268,7.957501621780511,1531,162.0
1532,-3.732200194969797,19.255001221985175,1532,26.0
1533,-10.310168852904408,31.72585432816089,1533,9.0
1534,-0.8580341560966098,11.312242959338501,1534,78.0
1535,-1.421040619420961,12.840909476842143,1535,60.0
1536,-0.6219928557219069,13.676725570653678,1536,54.0
1537,-0.2195890556256979,12.973369193380524,1537,62.0
1538,0.34394742135604056,9.624727307727946,1538,112.0
1539,-1.2597237549640712,13.323431697082054,1539,56.0
1540,-0.7959027195782113,13.150950585943754,1540,59.0
1541,-0.27921301847739116,11.362244367254037,1541,79.0
1542,-2.344583123930754,16.284526589553764,1542,37.0
1543,-1.3963788724755728,15.236622532890447,1543,43.0
1544,-19.58068169237257,40.21785576683234,1544,5.0
1545,-11.902988252754794,33.30695442504211,1545,8.0
1546,-1.4011461411608783,14.88285231364979,1546,45.0
1547,-2.5822512022064474,20.107738358855368,1547,25.0
1548,-10.924499534301042,31.493981860551102,1548,9.0
1549,-2.928382333618927,19.42502935031984,1549,26.0
1550,-7.960086642202391,27.754707723219244,1550,12.0
1551,-0.004053408609547147,12.036783327959046,1551,72.0
1552,-1.7350674678878095,14.50015263564636,1552,47.0
1553,-0.8350525278296849,9.921037360923457,1553,101.0
1554,-0.8965453533659586,13.033693831122882,1554,59.0
1555,1.4121981750396182,1.1754555783236047,1555,200.0
1556,-7.025752324438995,28.18321875953014,1556,12.0
1557,-1.346951126213013,16.575290073907382,1557,37.0
1558,-5.46066689191775,24.418589462323464,1558,16.0
1559,-0.7068705493332738,10.987344523043213,1559,83.0
1560,0.3219503640807629,8.279768332589729,1560,149.0
1561,-2.00233299396024,15.315863704682902,1561,42.0
1562,-1.5841760882256053,16.900784259709408,1562,35.0
1563,-4.751817758970503,24.72338984996155,1563,16.0
1564,-4.868242595112235,22.426371759540096,1564,19.0
1565,-3.846755440718638,19.63290757529342,1565,25.0
1566,-0.012332246192884776,9.477605032293416,1566,113.0
1567,-7.708300098044421,29.209681626777225,1567,11.0
1568,-0.6090628447675006,17.416673364057683,1568,34.0
1569,-1.5826086857004897,15.585678934964605,1569,41.0
1570,-1.6615387059559736,13.263641186343317,1570,56.0
1571,-3.121067501822017,18.311494415746786,1571,29.0
1572,0.3242985086585898,9.12269910827934,1572,124.0
1573,-0.4422500955198453,11.726834436473798,1573,74.0
1574,-12.459959214385488,33.087080433521436,1574,8.0
1575,-5.1853348416910165,22.349196879139125,1575,19.0
1576,-0.2669720700207944,9.29201052005299,1576,117.0
1577,-16.368849972175806,37.40667836036998,1577,6.0
1578,-1.3204775840288048,13.697780787545032,1578,53.0
1579,-0.13169298033326246,9.505627977857197,1579,112.0
1580,-12.298348406590385,33.15231357884519,1580,8.0
1581,-0.45560515225065074,12.72825882667044,1581,63.0
1582,-4.420928769802082,20.85862003329841,1582,22.0
1583,-4.011753842465473,20.017104533246332,1583,24.0
1584,-12.49999982182091,33.071891455652754,1584,8.0
1585,-6.05728933371457,24.256710154800277,1585,16.0
1586,-1.8737293226006515,17.104322058898735,1586,34.0
1587,-0.586402891498589,11.441172955594755,1587,77.0
1588,-6.416461319901959,25.01429757074043,1588,15.0
1589,-2.2407963900051033,17.998508181686663,1589,31.0
1590,-0.047858641630631235,9.395956869294135,1590,118.0
1591,-0.7578031307442735,11.970498305680124,1591,70.0
1592,0.018345838070094402,13.165930437342517,1592,59.0
1593,-4.562463634182094,23.87960280890245,1593,17.0
1594,-3.192670201914638,18.63459596702403,1594,28.0
1595,-2.7826690096604736,17.189645943823535,1595,33.0
1596,-7.793749877162585,27.806988501063497,1596,12.0
1597,-2.771097036105964,16.938009801533706,1597,34.0
1598,-6.269123339334164,26.01693602477499,1598,14.0
1599,-6.247652227636983,24.2067537508067,1599,16.0
1600,0.1936603357405178,8.51577733740064,1600,141.0
1601,-0.6895682705890935,11.740924447225325,1601,73.0
1602,-6.318226656293744,26.005019775653665,1602,14.0
1603,-8.237551662257262,27.66821978004619,1603,12.0
1604,-9.778141435055039,30.075393328416986,1604,10.0
1605,-3.1608052317397473,19.002130886176577,1605,27.0
1606,-1.6046603234745622,15.394836154304075,1606,42.0
1607,-0.12209855120051986,8.13251648513794,1607,154.0
1608,-5.580159998011573,27.42964019860304,1608,13.0
1609,-2.2951989451131967,21.078719801238176,1609,23.0
1610,0.45417014601880906,7.995054252270568,1610,166.0
1611,-3.3542061543036503,20.639284157309504,1611,23.0
1612,-4.8760318806456855,21.828616526350082,1612,20.0
1613,-8.95028908363118,28.793184331064992,1613,11.0
1614,-1.550510149580359,13.161371608268908,1614,57.0
1615,0.38723309576681264,8.157790383977531,1615,154.0
1616,-2.112315787938785,15.895249109005958,1616,39.0
1617,-0.016326476707901393,7.976953048051592,1617,160.0
1618,0.672846505330021,7.5624633586029,1618,183.0
1619,-13.399904435679195,35.37053222584795,1619,7.0
1620,1.620956647753567,7.420706416648253,1620,196.0
1621,-4.020773419912996,20.958001610777586,1621,22.0
1622,-2.700214430502712,16.943078112500555,1622,34.0
1623,-3.246963012967426,20.199147822907168,1623,24.0
1624,-3.1080240179594023,20.670600727740485,1624,23.0
1625,-0.39666511938651916,9.2282264416994,1625,118.0
1626,-1.3331454421786555,13.703111358708352,1626,53.0
1627,-2.0475108673779645,18.996938791806265,1627,28.0
1628,-1.08275899444945,11.917651417746436,1628,70.0
1629,-0.027758621522745434,12.081500929406191,1629,70.0
1630,-2.0131810095541818,14.951214777326621,1630,44.0
1631,-4.209853710096837,21.427990436764297,1631,21.0
1632,-4.586012099552211,23.253776404342002,1632,18.0
1633,1.431956392241849,8.95612312405709,1633,142.0
1634,-11.108948895662614,31.427732638127438,1634,9.0
1635,0.696978699521289,8.443549339542122,1635,147.0
1636,0.4569703625321922,9.93377692787906,1636,106.0
1637,-0.8893485713133692,14.729592472025013,1637,47.0
1638,-2.2589032973260506,16.53850324890861,1638,36.0
1639,-6.739046876042427,25.87108248143858,1639,14.0
1640,-1.0071731745442993,12.206438842325708,1640,67.0
1641,-1.2269302954969088,12.556511775277496,1641,63.0
1642,-0.8302308741332884,15.811398252876192,1642,41.0
1643,-2.4088085637909487,18.89729504642674,1643,28.0
1644,-0.5019565470693743,14.24900304392968,1644,50.0
1645,-3.7135885571372516,23.385256917485044,1645,18.0
1646,-5.169777111549179,22.35237953289845,1646,19.0
1647,0.11024314651751115,10.844362958952512,1647,88.0
1648,-5.104409455061046,22.368196247816993,1648,19.0
1649,-9.98150448628547,30.006203621130382,1649,10.0
1650,-1.2417239073609105,16.04937965725184,1650,39.0
1651,0.8179564126147477,7.585797550921461,1651,190.0
1652,-2.671156982477178,17.783624114418902,1652,31.0
1653,0.06811296664123152,9.79207850167464,1653,108.0
1654,-9.072256612909225,30.321898909923892,1654,10.0
1655,-19.695368485755022,40.15664903842027,1655,5.0
1656,-8.970750026574288,28.786538581467454,1656,11.0
1657,-0.01637610963685161,10.572799809085899,1657,91.0
1658,-0.1815140086481678,12.855279587793326,1658,64.0
1659,-0.15940222030458528,12.99705322932793,1659,62.0
1660,-3.0893005822162274,19.012466926337506,1660,27.0
1661,-5.436344856005661,23.646985471757613,1661,17.0
1662,-2.313007644113538,18.821714388583313,1662,28.0
1663,-6.759035512372636,25.862924127806902,1663,14.0
1664,-0.5366548274476486,12.662983376801423,1664,64.0
1665,-0.19961554496675268,15.709572228239882,1665,42.0
1666,-1.2861149608061262,16.261163467108926,1666,38.0
1667,-2.4348772824426677,18.454015835480966,1667,29.0
1668,-1.782809351796852,15.60818102228718,1668,41.0
1669,1.5808387704306626,1.9323969926239088,1669,200.0
1670,-2.9243041008780692,17.726131172291815,1670,31.0
1671,-7.1051416392460665,25.764508104196917,1671,14.0
1672,-0.8356521874628526,15.326093661845695,1672,44.0
1673,0.32540505316194096,9.03732405848952,1673,128.0
1674,-4.732325403101964,21.857380283606513,1674,20.0
1675,-0.8131434019597119,13.89285964787829,1675,53.0
1676,-3.19472129815173,19.785847683610598,1676,25.0
1677,-8.050215236632095,27.727220944675004,1677,12.0
1678,-1.899228720161574,14.471202172106786,1678,47.0
1679,-0.9688912768466329,11.219647050187746,1679,79.0
1680,-1.1268783601484538,12.779653152110557,1680,61.0
1681,-3.93461565091022,20.4883830167127,1681,23.0
1682,-0.493738540245601,14.794915847261018,1682,47.0
1683,-8.205073934997925,27.678662051674273,1683,12.0
1684,-0.34277980772690864,11.059880055892279,1684,83.0
1685,-19.68856156881011,40.16024790743691,1685,5.0
1686,-10.746468416959765,31.560378445220586,1686,9.0
1687,0.490300423596123,12.742980316612368,1687,65.0
1688,-1.348043317543792,16.12361286107358,1688,39.0
1689,-6.847012666163924,27.019848254804895,1689,13.0
1690,-1.5701582555514801,14.688467251708243,1690,46.0
1691,-2.483295393047671,19.93061224900407,1691,25.0
1692,-0.2529961662924583,13.013344024889753,1692,61.0
1693,-24.999999999999986,43.30127018922194,1693,4.0
1694,-0.9188186709844263,12.402139703468169,1694,65.0
1695,-1.5426065547934193,15.999560653114937,1695,39.0
1696,-2.0555438854990316,17.616984967015053,1696,32.0
1697,-0.1527264472463032,7.462910188392539,1697,181.0
1698,-1.516818098719759,15.593677231356532,1698,41.0
1699,1.7871689768662415,1.9350276789148515,1699,200.0
1700,-4.8739991456287335,21.82871013163644,1700,20.0
1701,-8.85898066881965,28.82381671774833,1701,11.0
1702,-0.2004764037701515,16.856757615671317,1702,37.0
1703,-0.35124094804433087,11.387689864476165,1703,78.0
1704,-4.248205955816198,21.981876798576252,1704,20.0
1705,0.9364033205233758,12.394371814699525,1705,70.0
1706,-3.420327564403549,18.952206950202974,1706,27.0
1707,0.4215738605619138,11.883775504825508,1707,73.0
1708,-1.7944861394913034,14.715583004018079,1708,46.0
1709,-7.69230541617542,26.646936158123495,1709,13.0
1710,-2.0628809645817667,17.61189610594367,1710,32.0
1711,-5.215314129112717,24.587801159444737,1711,16.0
1712,-10.942617934607718,31.48814876217644,1712,9.0
1713,-1.0104174334966907,13.146411437072752,1713,58.0
1714,-2.562935043190262,18.77700522562471,1714,28.0
1715,-0.9419694313392758,14.327033420164648,1715,49.0
1716,-0.8012456514104285,11.181639469941937,1716,80.0
1717,-2.827435874315676,17.751233526366896,1717,31.0
1718,-0.6004145644552551,13.587670550025319,1718,55.0
1719,-12.24850451367443,33.16842530594833,1719,8.0
1720,0.5213127612917338,12.336882389074722,1720,72.0
1721,1.7039899089872947,1.973679450466235,1721,200.0
1722,-1.6475521396518078,18.43340089625911,1722,30.0
1723,-5.895053851987737,24.30128149034215,1723,16.0
1724,-1.0124135705484802,15.414982238933346,1724,43.0
1725,-0.863671932725407,12.41710185317616,1725,65.0
1726,-1.524943042290283,13.802366333436229,1726,52.0
1727,-5.260249554968091,23.695617854048457,1727,17.0
1728,1.123244134508221,9.132495959151774,1728,130.0
1729,0.4796915772199384,14.16323928110086,1729,54.0
1730,-19.99999541903748,40.0000022904816,1730,5.0
1731,-7.267826408240248,26.771751929162154,1731,13.0
1732,-1.3506048297660944,15.076419559759792,1732,44.0
1733,-2.3642178826894766,16.764089422314324,1733,35.0
1734,-5.711598951203903,23.573375501957532,1734,17.0
1735,-4.895107459783194,23.091302294044688,1735,18.0
1736,-6.271689930894894,25.055290494782614,1736,15.0
1737,-0.20930807361750586,9.491757030829437,1737,112.0
1738,0.816480806783445,1.2864504958389007,1738,200.0
1739,-14.082283476459553,35.07713751585908,1739,7.0
1740,-1.691043100186198,15.012227256202385,1740,44.0
1741,0.1866635053334686,12.149859984350645,1741,70.0
1742,0.4920274912549077,7.447123267260376,1742,190.0
1743,-0.7454861865679345,15.469113949548852,1743,43.0
1744,-1.0843065700931003,14.15748307933695,1744,50.0
1745,-0.4767676607749536,12.786954468008105,1745,62.0
1746,-6.859642106105871,25.836916132463056,1746,14.0
1747,1.2984641383481823,8.49739482233487,1747,148.0
1748,-0.2801007129794348,12.518607261131345,1748,65.0
1749,-0.4811467844307266,13.272984836242323,1749,58.0
1750,-2.033493010992944,18.54533217493535,1750,29.0
1751,-2.1089041566618048,16.5645452604728,1751,36.0
1752,-0.17296514463615467,14.373669635185056,1752,50.0
1753,1.5840941521577938,1.6702639860164044,1753,200.0
1754,0.3398767200000943,11.261566095440013,1754,81.0
1755,-19.99999999999998,40.000000000000014,1755,5.0
1756,-11.417798080769519,33.5075681703562,1756,8.0
1757,-0.632202650024924,14.480393118703166,1757,49.0
1758,1.9625609301874511,1.8355489802700917,1758,200.0
1759,0.612886425118172,9.854896125448036,1759,109.0
1760,-0.35753048065704696,12.878926193454117,1760,62.0
1761,1.0585286976189185,10.109951056548256,1761,104.0
1762,-9.413354449762686,30.21730528172702,1762,10.0
1763,-4.06111407684296,21.480663410901723,1763,21.0
1764,0.1829357203478346,12.352059469025257,1764,68.0
1765,-6.4364027416906815,25.00866319013748,1765,15.0
1766,-6.896536602116175,26.885260768426907,1766,13.0
1767,-2.9745548636448675,19.967382512775817,1767,25.0
1768,0.4840555245865517,7.628425510277711,1768,183.0
1769,0.15179238570060952,10.785809364582539,1769,88.0
1770,-2.424479277270212,16.997094141535758,1770,34.0
1771,-0.2905305171654685,10.664346497964434,1771,91.0
1772,-10.907067178373767,31.500360394791045,1772,9.0
1773,-0.4890586400576872,11.229436946784375,1773,80.0
1774,-0.5082242749623346,12.479097380670648,1774,65.0
1775,-1.2012222095079215,14.000049325008293,1775,51.0
1776,-1.293169547066263,13.8303516342811,1776,52.0
1777,-5.618607257075666,23.599546769206146,1777,17.0
1778,1.087309161429169,9.21306897101512,1778,126.0
1779,-0.512079740907545,14.305009628493078,1779,50.0
1780,0.7899966757731071,9.73444109349331,1780,111.0
1781,-1.1092352242095902,16.29709860061358,1781,39.0
1782,-5.4741984591416735,24.421651360133826,1782,16.0
1783,-2.124417978722296,20.008144319751953,1783,25.0
1784,-6.365541162425516,25.98015238759151,1784,14.0
1785,-12.309743048531507,33.14432083825366,1785,8.0
1786,-1.4969712936578394,13.94830526129916,1786,51.0
1787,-0.1569385302372874,9.475443665185452,1787,114.0
1788,1.0847653066208298,8.093878579900668,1788,163.0
1789,1.3451532560453634,8.174781226110612,1789,162.0
1790,-0.1416168579093245,10.537679953613406,1790,92.0
1791,0.6923634175036942,8.093316842289859,1791,160.0
1792,-0.9095777895947643,14.705662711337212,1792,47.0
1793,-2.051998117347189,17.351182629792167,1793,33.0
1794,-0.0670499648294727,11.739922819200732,1794,75.0
1795,-8.993539609413974,28.779063241877434,1795,11.0
1796,-0.5974697725073925,12.708776901382912,1796,63.0
1797,-5.660890697807816,26.18483033801586,1797,14.0
1798,-0.25456012069274947,10.309238352596504,1798,95.0
1799,-20.0,40.0,1799,5.0
1800,-3.348261984904715,18.96073033582349,1800,27.0
1801,-0.536659531490148,11.920064469923737,1801,72.0
1802,-1.6651930438689144,19.431121445543393,1802,27.0
1803,-4.653130266638601,22.48223217856605,1803,19.0
1804,-0.3355032029945134,13.350561263813459,1804,57.0
1805,-14.232014251737848,35.01479391222022,1805,7.0
1806,-0.9186315996573199,12.208511841348066,1806,67.0
1807,-1.0676781923931062,12.682477378996595,1807,62.0
1808,-1.7482467495072693,15.975181094967462,1808,39.0
1809,-0.39706502268985483,12.312041060607193,1809,67.0
1810,-0.9810377542821531,17.031602230307467,1810,35.0
1811,0.002032688410553485,12.919970097235899,1811,64.0
1812,-4.168242091498567,20.91756928127977,1812,22.0
1813,-0.5893159178806855,12.49653567015456,1813,65.0
1814,-2.2420551762441585,16.537743176204117,1814,36.0
1815,1.0011656137590195,7.548631695331719,1815,188.0
1816,1.6351572291150744,1.833361804099464,1816,200.0
1817,0.8271264799172235,11.878836662803515,1817,76.0
1818,-7.605178605054245,27.876353165190903,1818,12.0
1819,-2.9389900858410867,18.696542178211796,1819,28.0
1820,-0.6275090449144004,12.963536529838636,1820,60.0
1821,-1.1065680443986783,17.898357917713,1821,32.0
1822,-1.8717230386408374,15.157373372024644,1822,43.0
1823,-1.3990652717311238,15.608904259011675,1823,41.0
1824,-5.001352338044512,23.060472546021206,1824,18.0
1825,-0.5966579013994061,13.657475892137189,1825,56.0
1826,2.2150417660807045,1.8639927613405514,1826,200.0
1827,0.16717955566167805,11.052819483201088,1827,86.0
1828,0.41481946374065687,11.553925372167697,1828,78.0
1829,-1.4583115991698772,15.416400784024022,1829,42.0
1830,0.6132981187596493,9.271926791551449,1830,123.0
1831,-24.391820444058887,43.66369916662868,1831,4.0
1832,-1.2043961176764042,15.455329195927522,1832,42.0
1833,-0.11096114158325818,10.089079704681215,1833,100.0
1834,-3.104698315319101,19.017347229993558,1834,27.0
1835,-3.0335621289762527,19.41793589807432,1835,26.0
1836,0.7137236630922542,10.92131520875138,1836,88.0
1837,0.2189129667180277,12.091756357796791,1837,71.0
1838,-0.9810980813950472,13.904849874536055,1838,52.0
1839,0.7716326158230155,12.032304458444312,1839,74.0
1840,1.178338729321311,9.028064375372816,1840,133.0
1841,-0.06936246171038411,13.282498717436347,1841,58.0
1842,-0.7912451415953207,11.879505953085678,1842,71.0
1843,0.40597321168134093,11.293729624034917,1843,83.0
1844,-1.22040487480284,19.61903058409596,1844,27.0
1845,-7.663962118421152,26.65517229878394,1845,13.0
1846,0.6060155886167984,11.520096636452822,1846,79.0
1847,-3.9873470957692816,21.488138205560087,1847,21.0
1848,-2.613538376927406,17.805263625665592,1848,31.0
1849,-0.9370854839532127,16.301770634676856,1849,39.0
1850,1.463241357986492,8.189427651706911,1850,166.0
1851,0.7822470779546549,9.32095210729064,1851,121.0
1852,0.8586131637237179,9.50388039322962,1852,117.0
1853,1.6594900684812297,9.037240380979158,1853,141.0
1854,-5.680761650284098,24.361913145517146,1854,16.0
1855,-13.416189216090904,35.36022701918295,1855,7.0
1856,-1.0852689372567021,15.005363163610472,1856,45.0
1857,-0.7231776113629885,15.020110929638046,1857,46.0
1858,-0.27812107020791815,15.799505572154452,1858,41.0
1859,-0.4849972349573803,14.192768335438137,1859,51.0
1860,0.8199551935129415,10.866010841467386,1860,91.0
1861,0.322733798561027,8.312320923192871,1861,149.0
1862,-0.1004243318754429,9.110897162273941,1862,123.0
1863,-4.885398437126206,21.821748505304324,1863,20.0
1864,0.8716476510425164,8.988114791804037,1864,134.0
1865,-12.45963564498449,33.0871910910695,1865,8.0
1866,0.8036288525803297,9.43328330489123,1866,117.0
1867,0.743157888536353,9.130657990113928,1867,128.0
1868,-0.9983400910486139,13.143537811353646,1868,58.0
1869,-0.14171238564439942,14.051093389304471,1869,53.0
1870,-1.9272866603275756,15.153617397048404,1870,43.0
1871,-6.191946847770046,27.257266047728447,1871,13.0
1872,1.930947007739809,1.8944401722262938,1872,200.0
1873,-16.112335272664282,37.524703078003775,1873,6.0
1874,-1.1363947691981073,15.714910255757218,1874,41.0
1875,-0.26505185055430175,10.739154887472449,1875,88.0
1876,-0.19980836255780435,11.057176790229919,1876,83.0
1877,1.700107988571572,1.5265280523309188,1877,200.0
1878,-1.2627853283100057,12.865344144255578,1878,60.0
1879,-9.640627213227265,30.12819932617813,1879,10.0
1880,-4.774502250493125,23.107415242931964,1880,18.0
1881,0.8678952055388077,9.13394685563718,1881,128.0
1882,-0.036814103505264484,14.42452710682348,1882,51.0
1883,-5.103266286107943,26.521493303806878,1883,14.0
1884,-2.228523648472647,16.53681494536137,1884,36.0
1885,-0.21705727040305714,15.584168717743387,1885,43.0
1886,-1.962829851571304,16.361814818433903,1886,37.0
1887,-0.9521446295546518,15.146838031477728,1887,44.0
1888,-8.768107498730194,28.853518330682213,1888,11.0
1889,1.747179642847567,1.5826596306316807,1889,200.0
1890,-0.5208924165750498,13.971009474614364,1890,52.0
1891,0.5914247467427222,11.971318389531469,1891,72.0
1892,-3.45773080782404,18.93745398278587,1892,27.0
1893,-1.4510838161437465,17.03768890967293,1893,35.0
1894,-8.99902280121121,30.343666530597435,1894,10.0
1895,-6.462282899553549,25.95343283016432,1895,14.0
1896,-3.8751825553188506,21.615113671140428,1896,21.0
1897,-2.494276782076506,17.321394031642512,1897,33.0
1898,-14.11396185669851,35.06387332746845,1898,7.0
1899,-2.462233139215143,19.166485766153638,1899,27.0
1900,-2.739818160514684,19.100842762670837,1900,27.0
1901,1.671768015734931,8.628768849230086,1901,149.0
1902,1.2103760245792388,1.324829624649698,1902,200.0
1903,0.5443322368346419,10.030810122708319,1903,105.0
1904,-14.022948777767143,35.10572113107371,1904,7.0
1905,1.1470598450890412,8.482788281849341,1905,153.0
1906,2.390522838246128,2.5309426904013383,1906,200.0
1907,2.2607834074448183,2.148717215237056,1907,200.0
1908,-3.66646536362115,19.674701283011792,1908,25.0
1909,1.9359760826628287,1.912987674095082,1909,200.0
1910,-1.3070833634455146,15.641191587005327,1910,41.0
1911,-6.154470225496467,25.08738713625423,1911,15.0
1912,-1.8703339397875904,18.058128042900954,1912,31.0
1913,0.3643225101516452,13.495480998202519,1913,58.0
1914,-5.4150565083837625,25.305162191732308,1914,15.0
1915,-1.6959947357745673,19.435314439358578,1915,27.0
1916,0.8708739938552791,7.863022594336528,1916,175.0
1917,-0.574736867218825,12.95186369915885,1917,61.0
1918,0.24472963179884152,8.494575745480292,1918,142.0
1919,0.6087096471491606,8.263069279409757,1919,153.0
1920,-0.055860589332770064,11.877224421067286,1920,74.0
1921,1.244637244543434,10.001095420080988,1921,106.0
1922,1.125227563185403,9.737009366987515,1922,112.0
1923,0.5992892896865928,8.00882898284208,1923,164.0
1924,0.1426321720142239,10.549592452078823,1924,92.0
1925,-1.7672491987201158,14.19196587718859,1925,49.0
1926,-1.2398947777294793,14.514527219547285,1926,48.0
1927,-2.8839913232186976,20.282235797565757,1927,24.0
1928,1.1611541077137086,9.989558212266017,1928,110.0
1929,0.8672567595119753,10.317292543287136,1929,99.0
1930,-2.5691053352865,21.945825343363992,1930,21.0
1931,1.5923937410015445,9.455941010855321,1931,124.0
1932,-0.4113850195030533,12.575089046233842,1932,64.0
1933,-0.893079756645109,14.44571876884858,1933,49.0
1934,-0.9801777269254172,17.43721025748459,1934,34.0
1935,0.7610325085429759,11.808196650390663,1935,78.0
1936,-0.2517468403782921,12.714870196198527,1936,64.0
1937,-0.6811785637190001,13.80605682334384,1937,54.0
1938,-3.3994974850215747,18.953723765488846,1938,27.0
1939,2.022397935281053,2.209475271686529,1939,200.0
1940,0.5537762506138654,9.904894095176664,1940,108.0
1941,-0.016385194417350823,12.447458698957915,1941,66.0
1942,0.5992527810568633,12.127767791425306,1942,71.0
1943,1.5609093291507141,1.8723413416710877,1943,200.0
1944,0.7962907953535462,12.056189994967156,1944,72.0
1945,1.0356750504438568,9.53175006870601,1945,115.0
1946,-1.029925598852858,15.68187990349545,1946,41.0
1947,-1.709090511824422,16.89177161469344,1947,35.0
1948,0.3584652330443782,10.55654623609293,1948,93.0
1949,0.6825262242002962,9.082132962028702,1949,131.0
1950,-1.1939520832331956,14.515780451557124,1950,48.0
1951,0.6891224141399125,9.476198117891018,1951,117.0
1952,-0.07475143688457564,13.856989216138409,1952,54.0
1953,-1.4218370647699086,14.881917420000176,1953,45.0
1954,1.802038553087398,8.263419420754257,1954,167.0
1955,-0.18848853322748554,13.271233705522304,1955,58.0
1956,0.8016114970264467,9.45793616742408,1956,122.0
1957,-0.793097011308849,13.51129718921438,1957,56.0
1958,-4.944402470643883,23.06674630952574,1958,18.0
1959,-11.676667406035453,33.39984089151744,1959,8.0
1960,0.2703782428992178,15.218810175380241,1960,45.0
1961,-0.7501322373152439,17.240391337902057,1961,35.0
1962,-0.14747922482447398,12.891916333259072,1962,63.0
1963,-0.4107286471177844,14.73657904794516,1963,47.0
1964,0.8664530965366433,11.123617336468183,1964,86.0
1965,-2.6118630236315163,19.510622671399297,1965,26.0
1966,0.5726976470535148,15.17764254886512,1966,46.0
1967,0.2672592911054466,8.614595920775896,1967,144.0
1968,-1.421012043045423,16.02015473012871,1968,39.0
1969,0.011930723558245362,12.343049068385069,1969,67.0
1970,-0.5736667254667651,13.402086839080512,1970,57.0
1971,0.4768479913409344,10.673214452672728,1971,92.0
1972,1.2642334993569204,9.891658144848543,1972,112.0
1973,-1.3429250018686525,13.698116207062393,1973,53.0
1974,0.9177612407790718,12.699355946454865,1974,66.0
1975,-9.808882239380578,30.065117572311703,1975,10.0
1976,-2.543176230920958,18.116532249500988,1976,30.0
1977,0.9739782927495052,10.893063831896136,1977,91.0
1978,0.9764310530149894,9.64137078006695,1978,115.0
1979,-10.862481414435194,31.51679670820249,1979,9.0
1980,-10.671146911412889,31.589134473378337,1980,9.0
1981,-5.44611642968943,22.933530931426024,1981,18.0
1982,-1.1088250243974005,17.906046779018983,1982,32.0
1983,-0.7062423834854687,16.682653215713103,1983,37.0
1984,-10.904329960290575,31.501415985312875,1984,9.0
1985,-0.8697379047004318,13.733453320933341,1985,54.0
1986,1.3155849444677021,9.453385983132756,1986,122.0
1987,0.46110988247822315,7.704004899599169,1987,177.0
1988,-2.115563074130476,20.013390887381618,1988,25.0
1989,-7.129976101635587,26.828370232200484,1989,13.0
1990,-0.7375064716674605,14.90994757431051,1990,46.0
1991,2.2232963567994957,1.8409342476337964,1991,200.0
1992,1.274709267255409,8.492024048352665,1992,153.0
1993,1.006327573242831,9.97378434818092,1993,107.0
1994,1.829642082441165,8.805364980739325,1994,142.0
1995,-3.861062217817451,21.000939510838673,1995,22.0
1996,1.4352381323129313,1.542800904185461,1996,200.0
1997,0.6735607546678952,7.682706818901998,1997,180.0
1998,0.08761564101612597,10.704864621362281,1998,91.0
1999,-1.093611755739042,13.941146284773106,1999,52.0
2000,0.5866700250063441,9.308908341331977,2000,125.0
2001,1.5544539729976592,10.678284961677287,2001,96.0
2002,-0.6305114156687041,15.846276608067132,2002,41.0
2003,1.4447388828702812,9.199336584341474,2003,131.0
2004,-3.0912083133636816,20.233457782343933,2004,24.0
2005,-9.718968293954529,30.097121160795673,2005,10.0
2006,-3.965095933096015,22.13877981752048,2006,20.0
2007,-4.750726056268079,21.858209178168245,2007,20.0
2008,-6.458763700701385,25.003221451095406,2008,15.0
2009,0.1455862699883769,11.092811006927118,2009,84.0
2010,2.30792940853675,8.288762988757968,2010,172.0
2011,1.3602568163590494,8.625933927470578,2011,148.0
2012,1.785739286892569,9.408640189459925,2012,124.0
2013,-13.876952596580596,35.16518198124207,2013,7.0
2014,0.8141281119016778,9.729887273825911,2014,113.0
2015,1.5085690022679337,8.502812207204226,2015,158.0
2016,-1.9011017542925488,17.465023263295222,2016,33.0
2017,1.3497791888135655,7.936395044719488,2017,173.0
2018,0.44841108340639224,9.594300621252943,2018,112.0
2019,1.5384188402188255,8.125147748330196,2019,171.0
2020,-2.6877672902605907,23.090092732524656,2020,19.0
2021,1.1850067276908949,10.003643650572391,2021,106.0
2022,2.0794029886045458,2.8459674957661014,2022,200.0
2023,-1.845265183937597,17.970104168393895,2023,31.0
2024,-3.3468553767047253,20.706997070208445,2024,23.0
2025,-1.8485541058088772,18.260011752765923,2025,30.0
2026,-3.4027788064467397,18.950991185302904,2026,27.0
2027,0.956458311848233,9.483501888254457,2027,119.0
2028,-1.8631861391936153,19.65569137081914,2028,26.0
2029,0.7983520842202029,12.48012205072472,2029,68.0
2030,-5.072203101002661,22.37958841660234,2030,19.0
2031,-1.4205091392768088,14.88028880795855,2031,45.0
2032,0.39881872083378256,10.830854105310738,2032,89.0
2033,0.8121933003571913,11.677207237157194,2033,76.0
2034,1.072756918927206,9.286896575408392,2034,123.0
2035,1.107728915605786,8.172024808735475,2035,160.0
2036,1.464698439782241,7.564013608956244,2036,188.0
2037,-0.5170388630433252,9.82234124133938,2037,104.0
2038,-0.5720837251775835,17.338338615736614,2038,34.0
2039,-16.64994619415895,37.27529524824027,2039,6.0
2040,0.20552641189807183,12.731669338562172,2040,65.0
2041,0.9989493601493655,11.83702419227679,2041,77.0
2042,-1.206569621568436,13.522804785208091,2042,55.0
2043,-1.6851143083084554,17.80265879475912,2043,32.0
2044,-14.269117346499225,34.999509238445086,2044,7.0
2045,-3.3415789679404075,20.77715600549449,2045,23.0
2046,-2.9663956830015166,20.24883901247267,2046,24.0
2047,-19.999999999999993,40.0,2047,5.0
2048,-0.9381033234462537,10.75275289315714,2048,86.0
2049,0.5724151384171421,13.411538997291668,2049,58.0
2050,1.4100221599324578,9.313253501763878,2050,122.0
2051,0.32857846663457013,8.954538711419465,2051,130.0
2052,0.7484041101533018,14.141428184943903,2052,53.0
2053,2.4061765142925973,2.2115437697303135,2053,200.0
2054,0.04173120510811351,10.181287203754179,2054,99.0
2055,-8.7394757049768,28.864473985725827,2055,11.0
2056,-0.6746255279299149,12.950395973409952,2056,61.0
2057,-2.6490040546544495,18.09768617511186,2057,30.0
2058,0.818849796390615,10.781258034408673,2058,89.0
2059,-4.239068438170977,22.594778533020207,2059,19.0
2060,-2.2857875436760597,19.679143432877712,2060,26.0
2061,-1.7142042136213407,15.57250407003922,2061,41.0
2062,-0.8875753646916369,14.141621394617117,2062,51.0
2063,-0.005236836590804487,10.21072088066676,2063,98.0
2064,1.0752287085031185,11.198950103020772,2064,85.0
2065,-0.21253948037783926,12.803900075087556,2065,63.0
2066,2.982009593180859,2.735491397937763,2066,200.0
2067,0.41931218394826475,11.381339521832258,2067,80.0
2068,1.2798968218542839,1.471490310600057,2068,200.0
2069,0.11795533632414992,12.630590000393179,2069,66.0
2070,-2.87680749931774,19.06830133941097,2070,27.0
2071,1.766222282721979,9.234493941826424,2071,130.0
2072,-2.355755345371075,17.280924738344275,2072,33.0
2073,-10.43029006051013,31.677287902348485,2073,9.0
2074,1.2331072985434557,9.41784314879276,2074,122.0
2075,-4.431102980164765,23.911613608007826,2075,17.0
2076,-2.5207122720361648,18.799344871767154,2076,28.0
2077,0.20178027347483166,14.973276691377498,2077,47.0
2078,-3.274663216288788,21.13613267783504,2078,22.0
2079,-0.1940842549812086,11.897277316066274,2079,73.0
2080,0.9918359047944979,9.380460152421115,2080,120.0
2081,1.1021185729571286,10.212853451090808,2081,102.0
2082,1.777048683147459,1.7948820863256267,2082,200.0
2083,-0.5942859666328679,15.032571695259474,2083,45.0
2084,0.19487412353295197,12.801467705610378,2084,64.0
2085,0.7094330551864058,1.085132695152072,2085,200.0
2086,-4.935142328639908,23.066778785689714,2086,18.0
2087,0.07266344298918746,9.862777393126736,2087,106.0
2088,1.5239185229981798,9.104409188784734,2088,134.0
2089,0.25488178575397014,13.69568587695011,2089,55.0
2090,-4.066810116752959,20.950034789078646,2090,22.0
2091,2.2782118966287026,2.714831476502509,2091,200.0
2092,0.5754153732446667,9.813938618193,2092,108.0
2093,-0.5855559984050879,16.342919547176525,2093,39.0
2094,1.8851185842394136,1.2020864144661485,2094,200.0
2095,-12.475593874850231,33.08117031060193,2095,8.0
2096,-0.540290541380419,18.09086896041841,2096,32.0
2097,-1.5808979760362543,19.40189084291354,2097,27.0
2098,1.58830362995696,1.5921513838452883,2098,200.0
2099,-1.5297433347526628,16.917068584501695,2099,35.0
2100,-5.540783251287797,24.4004208014697,2100,16.0
2101,1.1411379096220542,8.734327088710229,2101,142.0
2102,0.5690898259018276,12.629186053645252,2102,67.0
2103,0.417701686899457,14.184507411840567,2103,52.0
2104,-7.24304872014676,27.977307774437275,2104,12.0
2105,-4.258872792169142,22.597051803041374,2105,19.0
2106,1.0264710222905453,9.555136668688425,2106,117.0
2107,-3.7862828362880356,22.705424900032824,2107,19.0
2108,1.6450916976996,8.303420874121,2108,163.0
2109,-10.900509575282173,31.502261423607596,2109,9.0
2110,-1.1414748724500143,12.574326609458323,2110,63.0
2111,0.9437875874895902,1.0880865634225054,2111,200.0
2112,-1.7079843834513893,16.97359957661673,2112,35.0
2113,2.2033747230731744,2.3650022285063708,2113,200.0
2114,-0.869704455924056,14.066924619143265,2114,51.0
2115,-0.260319557303861,10.551115564760007,2115,92.0
2116,-3.871985282029156,24.164497143062462,2116,17.0
2117,0.1077748482658941,16.647895073853302,2117,39.0
2118,1.9055956806611039,2.470342591536385,2118,200.0
2119,0.8885445756140863,11.488588177908117,2119,81.0
2120,-10.758606838947262,33.88023291855859,2120,8.0
2121,1.1982944087628749,8.753323746533995,2121,145.0
2122,0.30858865396401014,12.056132900950162,2122,74.0
2123,-16.6537078805714,37.27360494225655,2123,6.0
2124,1.3036666294583248,8.536712805523878,2124,146.0
2125,-15.775843567572577,37.68272619569939,2125,6.0
2126,1.6647613758928923,1.7859687539656486,2126,200.0
2127,-2.4067707358502464,19.620037972837192,2127,26.0
2128,1.0443523443276255,9.002167751862375,2128,130.0
2129,-7.281802368862167,26.769599782293906,2129,13.0
2130,-6.926200249318308,25.817168972775878,2130,14.0
2131,1.9386000973716693,9.567649543916135,2131,124.0
2132,-1.8918450623867316,17.21566668759599,2132,34.0
2133,-4.910667892761417,24.568334397121067,2133,16.0
2134,-12.118990121153006,33.2221879183718,2134,8.0
2135,1.542242156045682,9.490220974101591,2135,128.0
2136,-6.381569746659303,25.981930265863987,2136,14.0
2137,0.849542573472294,7.523866526455793,2137,187.0
2138,0.36903327986163,8.271414848535537,2138,151.0
2139,-1.3010669364530025,16.04076194576839,2139,39.0
2140,-3.800624333306898,21.00938650055799,2140,22.0
2141,0.9931757853496629,1.4430609042402722,2141,200.0
2142,-2.2586761088120317,17.591007705044305,2142,32.0
2143,2.413005270334913,2.378138942941275,2143,200.0
2144,-0.3663991687817033,12.690258453718045,2144,63.0
2145,1.3473289106772401,1.476078385628369,2145,200.0
2146,-1.2930736523078337,16.84079331664668,2146,36.0
2147,-2.060497869716109,17.070021358045043,2147,34.0
2148,0.3526168506589597,9.171165961063622,2148,123.0
2149,-0.38451616443880937,12.79699137148399,2149,62.0
2150,-3.327891509830269,20.64566397367281,2150,23.0
2151,2.210685560224782,2.378474830487553,2151,200.0
2152,-8.981165310433013,30.351849444014952,2152,10.0
2153,-0.025388809045184774,12.558278594356809,2153,65.0
2154,1.0810694084810046,9.129191043011888,2154,133.0
2155,-11.735849315654242,33.38121493951603,2155,8.0
2156,0.4031709116688345,10.672968297583965,2156,93.0
2157,2.1155589149355976,1.7129317995450721,2157,200.0
2158,0.10744658302499066,12.759481307219229,2158,64.0
2159,0.4153525045278382,11.732825457855913,2159,76.0
2160,2.3605287564117323,1.499514212202149,2160,200.0
2161,0.6803523207344415,10.301359940106854,2161,100.0
2162,0.7894891876225381,14.74268528449436,2162,50.0
2163,0.723956755036771,11.537349955921941,2163,79.0
2164,1.8663375710953356,8.604683554736912,2164,152.0
2165,-0.24219938824292173,10.491556911620988,2165,92.0
2166,-4.966484694062432,24.563820154646308,2166,16.0
2167,0.1357942371459367,9.982335480184718,2167,104.0
2168,0.44180352935083783,10.074663567850653,2168,103.0
2169,1.027615099555041,8.053704764575233,2169,163.0
2170,-3.5430638479463394,22.754122458736095,2170,19.0
2171,0.5925861122206385,9.094730089032657,2171,127.0
2172,-4.1526955871916,26.90676785206507,2172,14.0
2173,1.363764834601202,1.3292373991191122,2173,200.0
2174,-0.5294417475577372,12.90042210823938,2174,61.0
2175,0.8168337200591402,8.364608086835318,2175,154.0
2176,-4.197794206529786,23.36981430372748,2176,18.0
2177,-0.15799770193275836,13.079837859287796,2177,61.0
2178,-24.99999999512027,43.30127019203924,2178,4.0
2179,-0.1664789734024786,11.123908971258025,2179,82.0
2180,0.6598007413906433,10.099666547710079,2180,105.0
2181,-4.21577489450857,24.905967997276928,2181,16.0
2182,-13.29397901378952,35.40710615661934,2182,7.0
2183,-1.3479523591238873,18.347923767149897,2183,30.0
2184,-1.500099805629653,16.534398216373,2184,37.0
2185,2.517900608725965,2.108709814075385,2185,200.0
2186,2.5813676514656496,1.9846775476396852,2186,200.0
2187,-4.866299989675478,22.437105724060203,2187,19.0
2188,1.8835838862888585,8.614014760572523,2188,152.0
2189,1.3783853483665445,0.9057954151566993,2189,200.0
2190,0.5871851252058349,9.723432331998378,2190,114.0
2191,2.2868216827815133,1.3077274589847017,2191,200.0
2192,2.4632774371123016,2.3709072335762995,2192,200.0
2193,0.6385186745396834,14.77753951302023,2193,49.0
2194,1.115850135403882,8.10294610750223,2194,164.0
2195,-1.2416977312122837,16.73006005836575,2195,36.0
2196,-0.2654112400448275,11.519830225331466,2196,77.0
2197,1.2625468377529028,1.7297965096309877,2197,200.0
2198,1.508690310837111,0.9262953187880979,2198,200.0
2199,2.726963378612308,2.8845098705842287,2199,200.0
2200,0.9384414269788434,11.744613006183359,2200,77.0
2201,-13.982850373456461,35.123972006747735,2201,7.0
2202,0.9218502211273659,9.099653639511462,2202,126.0
2203,-5.885174400667872,27.369399343037287,2203,13.0
2204,-1.8600252601771081,16.161136144097117,2204,38.0
2205,0.17053978354348276,18.273524317825533,2205,32.0
2206,0.05344863532152788,12.655947745239457,2206,64.0
2207,1.3957608574449,8.388915865300302,2207,152.0
2208,-1.37441540312634,15.704989017474121,2208,41.0
2209,0.014275743368083302,10.604894293460019,2209,91.0
2210,0.5401745691572583,14.47428142284181,2210,50.0
2211,-9.090889892556351,28.747984799919113,2211,11.0
2212,-3.0032367674338762,20.26260074600318,2212,24.0
2213,-1.521573213670313,15.408609861713407,2213,42.0
2214,-1.7499236209426468,18.28491229552426,2214,30.0
2215,-6.0367390371816105,26.080562451660274,2215,14.0
2216,1.8964320278362272,7.687190020052095,2216,198.0
2217,2.9396804501565867,2.600965666492487,2217,200.0
2218,-5.292890098869492,24.4776383752423,2218,16.0
2219,0.3032326201786568,13.410334621641748,2219,58.0
2220,-8.06573252921355,27.72480051659292,2220,12.0
2221,1.105495618356407,7.929727104011137,2221,176.0
2222,-0.16858313382522588,14.159897643573984,2222,51.0
2223,1.0125673924367855,8.317448403295753,2223,157.0
2224,0.7994547076207558,10.61605626634473,2224,92.0
2225,0.8333084774022493,13.615986090401876,2225,58.0
2226,-0.13681276883094914,12.053019503989736,2226,70.0
2227,-0.1361167746354392,13.408732231675067,2227,58.0
2228,1.5087714547361402,9.37009012545835,2228,122.0
2229,1.724333978735577,10.42279213328526,2229,102.0
2230,-4.160065627486433,23.368661857132487,2230,18.0
2231,0.6183770745107036,8.889609162597628,2231,134.0
2232,1.0272985230823484,12.36258407374505,2232,72.0
2233,1.0550260417568893,9.130521310789453,2233,126.0
2234,0.1752478535669779,10.370123559708198,2234,95.0
2235,1.9740863605501573,8.693041322862998,2235,160.0
2236,1.181464240108034,9.38228790397614,2236,122.0
2237,2.214477926785635,1.9485747966116724,2237,200.0
2238,-6.8504381062661786,26.900926419126492,2238,13.0
2239,2.6758257475434113,8.256265098665084,2239,191.0
2240,-0.7865296956072367,15.34546455663482,2240,43.0
2241,-4.476837831645213,23.183930879622736,2241,18.0
2242,1.9419930440927886,1.6319784511590112,2242,200.0
2243,2.1470184314155345,2.261767849862452,2243,200.0
2244,1.2995333444066706,1.4802049653935963,2244,200.0
2245,1.574756661888259,7.836534956219175,2245,188.0
2246,0.18413978488782537,12.38255489658023,2246,67.0
2247,-0.2500806137290506,11.77907217083326,2247,74.0
2248,1.7697794511022722,1.4993092612638035,2248,200.0
2249,0.7857209887585659,12.05490680138807,2249,76.0
2250,-0.27758745932292395,15.329110924209646,2250,44.0
2251,-0.5316225892941546,16.694428900230694,2251,37.0
2252,-3.845273503069466,20.058409696357845,2252,24.0
2253,2.227017784281575,2.158348942479287,2253,200.0
2254,1.4631596258001012,8.597568904885254,2254,144.0
2255,-16.666621975141016,37.267819611783,2255,6.0
2256,0.4928773066430833,12.59578407273163,2256,66.0
2257,-0.07796615252806507,15.854166136847907,2257,42.0
2258,1.6119421696765266,1.8636120372922387,2258,200.0
2259,1.1576769675460552,8.621883322983596,2259,152.0
2260,1.8533537783366225,7.594466498484836,2260,191.0
2261,-2.5586687267014674,20.053686527245805,2261,25.0
2262,-1.357873082318771,16.04327654487216,2262,39.0
2263,0.01456836107475075,16.64736435111835,2263,38.0
2264,1.1126305128163925,9.23378144785708,2264,127.0
2265,-1.1603702779003269,15.28723381381684,2265,43.0
2266,-0.37631948771013163,12.87688992507069,2266,62.0
2267,2.318490531523584,2.784896084537506,2267,200.0
2268,1.1869538880828565,8.29599945412411,2268,162.0
2269,4.507054291721772,4.666771080727423,2269,200.0
2270,0.4288256209436873,10.870903792097907,2270,90.0
2271,-0.134031092725323,12.59451883757223,2271,65.0
2272,1.873441258351212,7.804253205160586,2272,186.0
2273,1.1463423622970539,10.521980467514407,2273,100.0
2274,1.5136932082446688,1.5887608395203399,2274,200.0
2275,-1.9205609310175404,16.253267153081172,2275,38.0
2276,1.1064560200810156,9.247324765886708,2276,122.0
2277,0.7954281516889173,11.332910170251438,2277,83.0
2278,-1.0915359241833686,15.121843768189263,2278,44.0
2279,0.20932395017265035,10.567885099988985,2279,94.0
2280,1.48088320343076,11.41369137331971,2280,83.0
2281,0.6109463849682377,10.768709234681168,2281,91.0
2282,-5.020276287489826,22.39206666174272,2282,19.0
2283,1.2621019140532783,1.4164275019421826,2283,200.0
2284,-5.674146575130178,26.178296718644432,2284,14.0
2285,2.4642351371434,2.2260200704406503,2285,200.0
2286,3.37491932555446,2.782203134323677,2286,200.0
2287,-0.6385575584139555,13.558004359152884,2287,55.0
2288,1.7952807168813785,1.8786627437449237,2288,200.0
2289,1.5613121968993853,1.6713922151448106,2289,200.0
2290,-5.242777821215356,26.312289153200243,2290,14.0
2291,1.2396427982291018,8.425596867852825,2291,153.0
2292,1.4232639371161568,8.846979588502409,2292,147.0
2293,-10.01943575872483,31.834028214562203,2293,9.0
2294,0.24304976782013818,12.917687026370677,2294,63.0
2295,0.41621071470278065,10.374194947600138,2295,96.0
2296,2.3775100992950993,1.6747589199862234,2296,200.0
2297,-0.7571126595094183,17.618990730596753,2297,34.0
2298,-1.304631006323923,14.216439833777219,2298,50.0
2299,0.9291994944348004,11.404294863839663,2299,82.0
2300,2.4693340999173894,1.8493442997214624,2300,200.0
2301,0.987841304344783,11.682526926154353,2301,80.0
2302,-0.47306574810498336,15.505819996125252,2302,43.0
2303,-3.0116771006897274,20.25024845913405,2303,24.0
2304,2.142735296528945,1.706809193717277,2304,200.0
2305,-6.047579226168829,24.26360752328909,2305,16.0
2306,1.9112873486331086,8.848766405856525,2306,143.0
2307,2.2687972065561275,2.3185341467123033,2307,200.0
2308,-0.8211705088502805,14.30465066454704,2308,50.0
2309,0.8566295169461294,11.477492269191053,2309,83.0
2310,1.0829982097632453,10.884117023537877,2310,90.0
2311,1.0007877601433883,12.141471394949807,2311,73.0
2312,-0.5659142996063594,16.930123487935077,2312,36.0
2313,2.084013607067757,1.989265502525262,2313,200.0
2314,0.40876197630398486,10.469345602331531,2314,96.0
2315,-19.999999999999986,40.00000000000001,2315,5.0
2316,-0.04673365011182252,11.754873960669846,2316,74.0
2317,-9.728072926676676,30.101561900650413,2317,10.0
2318,1.4437314964976962,11.283670252116206,2318,87.0
2319,0.38986725721710364,14.998057300425545,2319,47.0
2320,-2.7553319087781767,21.769066937860984,2320,21.0
2321,-0.5918798692627132,16.69039710725537,2321,37.0
2322,-3.134668890414431,24.456394669526148,2322,17.0
2323,2.0309602112884533,8.136315471118055,2323,174.0
2324,1.9295755481136927,2.111327490854652,2324,200.0
2325,-0.5201382966007951,15.345543050245864,2325,44.0
2326,0.7043145037731662,10.201023565650301,2326,101.0
2327,1.2439783482758284,7.928008436494279,2327,170.0
2328,0.9580156687971627,10.237525830086774,2328,103.0
2329,-1.7999242741673314,17.67486474757199,2329,32.0
2330,0.5962305122561893,10.659637461769439,2330,91.0
2331,1.6171055071052276,9.995436198557048,2331,108.0
2332,1.586660188876673,10.350669089002917,2332,103.0
2333,0.17610617095902456,12.539678888621518,2333,66.0
2334,-1.110816172094509,15.119507245602433,2334,44.0
2335,-0.8181368967837693,14.518917931386115,2335,48.0
2336,0.1597382931842705,14.427344257291786,2336,50.0
2337,2.9247242999153893,1.5575662340528837,2337,200.0
2338,-5.333739325389195,25.31216199543981,2338,15.0
2339,-2.620849317096234,17.501588553631287,2339,32.0
2340,2.1175479447159358,7.809736199255378,2340,187.0
2341,-10.762092043027504,33.913235388866795,2341,8.0
2342,0.1925070586759751,11.534975022444712,2342,78.0
2343,-19.99999999999998,40.000000000000014,2343,5.0
2344,-2.5723491340200475,17.818211578975035,2344,31.0
2345,0.2923503558850679,13.900769032828899,2345,54.0
2346,1.5956827616329328,7.6108299048895445,2346,196.0
2347,1.7720332348860715,9.649746001453567,2347,115.0
2348,-0.7426000356285292,14.46063050709049,2348,49.0
2349,1.4974072090695683,11.69159086472213,2349,80.0
2350,-0.21984921871417498,14.476652381409824,2350,50.0
2351,0.8470272761305128,11.734581790327674,2351,78.0
2352,1.3883605879449976,10.901762553224215,2352,91.0
2353,1.6165243283400879,7.9775652069031615,2353,176.0
2354,2.022885649321816,1.4181490702444877,2354,200.0
2355,-0.9844262646260904,16.094746517754036,2355,39.0
2356,0.5484562765472841,11.020051868203176,2356,86.0
2357,0.07204233265390605,14.211882462313199,2357,52.0
2358,0.9686678859477198,10.169216874836598,2358,102.0
2359,1.4220006510514343,8.129147438799645,2359,161.0
2360,0.31851705692465676,7.4710623499324385,2360,186.0
2361,0.10529019601771558,12.243518996811494,2361,69.0
2362,1.870270510116943,2.0460545366619827,2362,200.0
2363,-1.721707762496568,19.417299517213415,2363,27.0
2364,2.1684179545935867,1.3370360273216377,2364,200.0
2365,-0.7367631481550041,13.068721336692652,2365,59.0
2366,1.1843453252637546,7.6854539017254435,2366,185.0
2367,2.316232038311852,2.3962882368415754,2367,200.0
2368,1.0038106780177956,12.133350271592251,2368,74.0
2369,-0.16903872083177432,13.324360115725428,2369,58.0
2370,-3.626282246441207,21.05482545276056,2370,22.0
2371,-5.232251612712012,24.485010637353504,2371,16.0
2372,0.9419464444716398,15.061126031389326,2372,48.0
2373,-5.984041868030313,26.096453239871103,2373,14.0
2374,0.2866685002274515,12.423523375488529,2374,67.0
2375,2.253999054199783,1.413026772689699,2375,200.0
2376,-1.7147712552439,17.994544059475064,2376,31.0
2377,-2.2705988244308837,17.035780552404706,2377,34.0
2378,-0.5504307866405775,16.273798501989265,2378,39.0
2379,2.067172967762044,8.187099779760388,2379,170.0
2380,0.7566084482007375,8.016651255934285,2380,165.0
2381,-12.227037212028787,36.09377190738244,2381,7.0
2382,-12.499996367105506,33.07189276141371,2382,8.0
2383,0.6611297201079774,9.062715680159975,2383,128.0
2384,2.5401235118151764,2.830072480958918,2384,200.0
2385,2.7643859840020855,2.3917831252571475,2385,200.0
2386,-3.7083591879222904,21.040423538528024,2386,22.0
2387,1.2754078975946108,10.208791037472064,2387,103.0
2388,1.6469614451560288,8.758735813415846,2388,142.0
2389,0.3430704822855305,12.969124591236522,2389,62.0
2390,2.7218172851755047,2.278206519156023,2390,200.0
2391,-15.956452473708026,37.59602438210238,2391,6.0
2392,-2.9332670816895448,21.212567725802483,2392,22.0
2393,-1.5738848368619047,20.218342005038252,2393,25.0
2394,-0.3177252775382551,14.892682961256135,2394,47.0
2395,1.4674019601865174,8.138988977358489,2395,169.0
2396,1.7906724522235509,7.760079859516449,2396,192.0
2397,2.4776901332571266,2.0668499998774856,2397,200.0
2398,2.5558480358699107,2.419459210351937,2398,200.0
2399,0.6003035184860392,12.130029857126491,2399,71.0
2400,-1.3670341256124168,15.625935541713135,2400,41.0
2401,2.9178813091749087,2.668807248977002,2401,200.0
2402,-0.021378661787182857,15.6993427841551,2402,42.0
2403,-14.154720281168256,35.046814868711046,2403,7.0
2404,-4.406528536661116,22.557681138119836,2404,19.0
2405,-0.4291505901435801,13.231305170226674,2405,58.0
2406,0.5166905477270226,9.930144912013604,2406,106.0
2407,2.0062396135985034,1.6338787981178338,2407,200.0
2408,0.6741297970581968,11.049066023865743,2408,85.0
2409,2.177993625174091,2.213841826755217,2409,200.0
2410,-0.06522895253232038,12.774931960497863,2410,63.0
2411,0.41083170455146184,15.052293229980696,2411,48.0
2412,-4.353168709574879,23.22402477171099,2412,18.0
2413,1.6578304212025836,1.4542449006330702,2413,200.0
2414,-2.1658792764141612,20.000144329878385,2414,25.0
2415,-4.065571449278697,21.470062148504113,2415,21.0
2416,-16.495450524048902,37.34625374090792,2416,6.0
2417,2.1319066856568814,1.7853170187223457,2417,200.0
2418,2.1154172174524537,1.899588586099845,2418,200.0
2419,1.9979587308539795,8.62851104338314,2419,146.0
2420,-2.707866133146531,17.49180932092341,2420,32.0
2421,2.063432109433048,10.125688373144849,2421,113.0
2422,2.3359793449636648,7.966477244548643,2422,190.0
2423,1.0932134374013354,8.678920479101805,2423,143.0
2424,0.9643670116557282,8.994753757346713,2424,131.0
2425,-2.005449792631386,17.346410592168233,2425,33.0
2426,-0.11276257094884092,14.216538985377788,2426,52.0
2427,-5.710861706809551,25.223263679736817,2427,15.0
2428,1.911406774501029,8.168296329723823,2428,169.0
2429,0.8099908246366979,8.948239503349626,2429,130.0
2430,1.9980018566310267,1.6236510199044496,2430,200.0
2431,1.0868936878453488,11.327421473653319,2431,84.0
2432,0.3251908879511832,12.107523347424184,2432,71.0
2433,-8.766245721776503,28.856293808057604,2433,11.0
2434,-0.08200458475357542,12.15505812119712,2434,70.0
2435,1.1147403235562423,10.770348664537444,2435,92.0
2436,1.6389781372334555,7.7646066118609625,2436,182.0
2437,1.7437680166387515,8.129957898570598,2437,167.0
2438,1.8908297536329952,1.7320159516570421,2438,200.0
2439,1.694148365688427,1.7706486900699614,2439,200.0
2440,2.073994281648017,1.9273062246543247,2440,200.0
2441,1.9526898518693605,1.6167581845055106,2441,200.0
2442,1.9240862270712296,1.9575844260451816,2442,200.0
2443,0.8620382416312483,11.304434884227918,2443,84.0
2444,0.8808432685428746,8.863232088326942,2444,138.0
2445,-0.055994263009458665,14.345490597841193,2445,51.0
2446,-1.8917289087355418,18.24107182934094,2446,30.0
2447,2.242060157534735,9.768248044363647,2447,120.0
2448,1.2497746849984888,7.845174060329527,2448,176.0
2449,2.941831136814347,11.705167763536496,2449,91.0
2450,-4.737197289908367,24.62695572843923,2450,16.0
2451,1.7516306535767308,1.7226005131332158,2451,200.0
2452,-11.057048179686557,31.446189383341213,2452,9.0
2453,-4.686132165474287,21.31320334968275,2453,21.0
2454,2.2196726838186147,1.3357098565584158,2454,200.0
2455,0.24890521970674384,14.975282491144192,2455,46.0
2456,1.0650637227608268,8.452115798314209,2456,150.0
2457,2.5316736397537327,2.464678269033024,2457,200.0
2458,-4.211700359874835,23.25102692863682,2458,18.0
2459,2.1880391885922497,2.307863067573153,2459,200.0
2460,0.6799102573567813,10.611294641512519,2460,96.0
2461,1.7012151793709214,1.959090284145861,2461,200.0
2462,2.3056255128177043,2.8427822639539153,2462,200.0
2463,-0.27149424800569477,15.033172164571226,2463,47.0
2464,1.993264897504215,2.008244261814487,2464,200.0
2465,-7.985829734178794,27.75407632198448,2465,12.0
2466,2.125192799927807,1.9633340341028245,2466,200.0
2467,1.4528553126095762,9.905353446385538,2467,108.0
2468,-8.372240485175936,28.99516577390368,2468,11.0
2469,-0.2212290205696422,12.789663911703343,2469,63.0
2470,1.6559346682646592,8.945033082843953,2470,139.0
2471,0.9618090765339083,9.429469800856726,2471,119.0
2472,2.5131561218795078,2.0255256605786762,2472,200.0
2473,-4.756570011142235,23.12184847565544,2473,18.0
2474,2.2206255713653453,1.2201078583190639,2474,200.0
2475,1.6347384703396,1.4418805787136126,2475,200.0
2476,-4.269043056385434,22.575336060344203,2476,19.0
2477,-1.5601080254972823,17.433024641742023,2477,33.0
2478,0.9922403940313891,8.659011798960517,2478,141.0
2479,1.9718565782059738,1.8239032946291893,2479,200.0
2480,0.9305648900080354,12.51864935098328,2480,70.0
2481,-4.331969524628788,27.936092022137572,2481,13.0
2482,-4.253957599612245,22.59206795370554,2482,19.0
2483,0.7825939392382381,13.66441489227891,2483,58.0
2484,2.556280633503258,2.4515614191911235,2484,200.0
2485,1.6806365122623523,9.13693407012853,2485,134.0
2486,2.7637384467253354,2.2922534447932064,2486,200.0
2487,2.736350866118573,2.5029673543561843,2487,200.0
2488,1.5077398455810787,10.103420979056075,2488,111.0
2489,1.985879480714598,9.806586670779199,2489,123.0
2490,2.8342627641312914,2.7702477976393327,2490,200.0
2491,1.5904645916103488,9.258033496480751,2491,131.0
2492,0.7478320836384676,8.325079317668978,2492,151.0
2493,-3.544852767203963,22.854090113578412,2493,19.0
2494,1.1404056285445194,9.545253581230398,2494,119.0
2495,-1.7465187514344107,17.980653856151047,2495,31.0
2496,-1.826347542130257,17.402711569299072,2496,33.0
2497,1.5340710900091017,8.080236028912177,2497,168.0
2498,1.8601209471551357,7.818719700837455,2498,192.0
2499,1.5421308426674796,1.424070227366591,2499,200.0
2500,1.0905025216452915,1.3769689034744585,2500,200.0
2501,2.212139951364135,2.0250964393746145,2501,200.0
2502,0.6772003336270366,11.598249332340385,2502,79.0
2503,-1.0737908538909011,14.934377374579144,2503,45.0
2504,-3.1639792928804162,20.681174742336726,2504,23.0
2505,2.249683419014159,2.202763438320997,2505,200.0
2506,1.0213658917357238,13.453070219076182,2506,61.0
2507,1.8317624381576345,7.547767150492706,2507,199.0
2508,1.5884279356510493,9.126155215426957,2508,132.0
2509,2.3236928402216175,1.8557698900105761,2509,200.0
2510,1.6829248545537738,8.141924105553539,2510,172.0
2511,1.5028832255986313,1.447458740048267,2511,200.0
2512,1.1390384817793402,11.674591601509007,2512,81.0
2513,2.347195272865925,2.108742279723507,2513,200.0
2514,1.6542538182230462,7.796120705693535,2514,189.0
2515,-7.228255679181007,29.479914956653364,2515,11.0
2516,1.8282866051827247,8.796614474108583,2516,144.0
2517,1.444775338279996,7.570479790952001,2517,192.0
2518,-8.751888854787083,28.85788605832078,2518,11.0
2519,1.1183038628813307,7.634804264721601,2519,185.0
2520,2.5017571683821993,2.119410509181975,2520,200.0
2521,1.7642094607348071,1.8414523725532987,2521,200.0
2522,0.8013969830916101,11.027791531258593,2522,86.0
2523,1.0311111668737352,9.549698753004186,2523,120.0
2524,-25.0,43.30127018922193,2524,4.0
2525,0.19801896495983537,13.093747751700057,2525,60.0
2526,0.1477284548035345,13.880495003985192,2526,54.0
2527,-3.556724498257761,19.705755620861737,2527,25.0
2528,1.3787753859046052,7.6304320054453525,2528,184.0
2529,2.559851762429677,2.3566100958945198,2529,200.0
2530,1.3377133167164572,8.18636971947699,2530,160.0
2531,-1.6473411128896478,18.62816506519645,2531,29.0
2532,-2.7057621914490033,23.88432505350722,2532,18.0
2533,2.2666825022007053,2.007700952229451,2533,200.0
2534,1.2392522409971052,8.670114127025187,2534,144.0
2535,3.1913947650037335,2.775184346110034,2535,200.0
2536,2.784722369684256,2.4667223880859503,2536,200.0
2537,0.6070211783957108,10.501162857365596,2537,97.0
2538,-1.0486749916192,19.259606696272094,2538,28.0
2539,2.4425855889137216,2.7415375114287905,2539,200.0
2540,3.027467740783122,2.6416736495855946,2540,200.0
2541,0.5275957069209658,10.754530068511523,2541,89.0
2542,1.9681072714180294,1.8488585239870683,2542,200.0
2543,2.641272959903257,2.562339052831757,2543,200.0
2544,2.398091933191068,2.2026586627579916,2544,200.0
2545,1.6893363852078425,8.175818709988683,2545,166.0
2546,-6.272489177709325,28.4325421831021,2546,12.0
2547,0.4771830752853816,13.666548047501479,2547,56.0
2548,2.8197873760022674,2.860510830929898,2548,200.0
2549,-0.5313483467646789,15.10298646615853,2549,46.0
2550,2.6506113964805196,2.561046418985015,2550,200.0
2551,1.9604987883600409,1.4247148091649977,2551,200.0
2552,2.88989589615765,2.789181003993505,2552,200.0
2553,1.9065902839373408,7.754384034855129,2553,190.0
2554,2.669973532515579,2.960773942757621,2554,200.0
2555,-0.8194531456364507,17.392443141183332,2555,34.0
2556,-0.947056225411995,20.139962200532228,2556,26.0
2557,1.690675198746058,9.81238528716342,2557,114.0
2558,2.582292028192384,2.7555635276585377,2558,200.0
2559,2.491329910199696,2.529161171659142,2559,200.0
2560,1.0459335962578171,9.390674400445048,2560,120.0
2561,-19.999999999999996,40.0,2561,5.0
2562,-1.3688523925541585,16.798320694058678,2562,36.0
2563,3.002267222492675,2.7547165074930717,2563,200.0
2564,1.4759209970258915,12.248996855697365,2564,72.0
2565,0.7870934581083997,12.141184527928973,2565,73.0
2566,2.093710158316476,7.967769745743989,2566,190.0
2567,-1.6629703182339708,19.072615957842636,2567,28.0
2568,-1.4247301340497578,21.26226581934267,2568,23.0
2569,-6.135081736425687,26.067059004098684,2569,14.0
2570,-9.931144492099575,30.023587901049527,2570,10.0
2571,2.2947740791695175,2.695601522889187,2571,200.0
2572,1.8354753276103661,2.012921875744866,2572,200.0
2573,2.045961607578548,7.885892398328883,2573,181.0
2574,1.161999547989155,8.71951745698405,2574,140.0
2575,2.532120773326318,2.722518206769981,2575,200.0
2576,3.1264513908809204,2.933639057056216,2576,200.0
2577,1.3579328925592018,7.533892127973051,2577,193.0
2578,2.8537221981710545,2.255731075347883,2578,200.0
2579,1.7334392666973775,8.552155895561329,2579,149.0
2580,1.1437461442523065,8.635270687374048,2580,143.0
2581,-4.347337830048307,23.23008342297282,2581,18.0
2582,2.702744872182004,2.7153979028894333,2582,200.0
2583,2.710485387529776,2.9582591379406593,2583,200.0
2584,2.5148924106463486,2.6476837211579807,2584,200.0
2585,1.1432233281572306,10.70733052477684,2585,92.0
2586,-4.4055963257062825,24.08702440105352,2586,17.0
2587,1.0090456390091034,8.193740296818374,2587,160.0
2588,2.1410784110322503,1.6742507713738104,2588,200.0
2589,-0.11849216250328229,16.189663169459344,2589,40.0
2590,2.711881791805186,2.3498419310117398,2590,200.0
2591,0.9532408769104624,9.267774066437225,2591,125.0
2592,1.2627912921320283,8.854775559064953,2592,137.0
2593,1.125492124135438,7.969663222182081,2593,167.0
2594,2.7958660016253947,2.220186751234122,2594,200.0
2595,0.11573191323934075,13.013841494810487,2595,62.0
2596,2.0805627400323212,9.95823234350651,2596,114.0
2597,2.5172250583953093,2.512213916456336,2597,200.0
2598,-11.758594262988986,33.36501753902167,2598,8.0
2599,3.0882938131850755,3.0508852153680173,2599,200.0
2600,-0.6389022714153465,16.83725160609919,2600,36.0
2601,3.297878280271092,2.6400732721436238,2601,200.0
2602,1.7053226743375212,1.6647171117607973,2602,200.0
2603,2.277592512575444,9.554956456207812,2603,124.0
2604,3.279276303561196,2.511272706723049,2604,200.0
2605,1.3391347609193085,10.408455160861525,2605,100.0
2606,2.2911395057230544,1.7617301225540118,2606,200.0
2607,2.413673435688171,2.023668937177517,2607,200.0
2608,1.690037254720027,7.72234145085839,2608,191.0
2609,2.7642904766432093,2.2762518169764254,2609,200.0
2610,1.6792617726866257,1.4753639376594259,2610,200.0
2611,2.588863084732983,2.883297984552502,2611,200.0
2612,2.241963544233311,1.9578303818729104,2612,200.0
2613,0.431486367774757,14.201122085558069,2613,53.0
2614,0.20131556371671636,12.661358130811383,2614,65.0
2615,-1.144518015295536,16.827312293404695,2615,36.0
2616,2.9337873727089403,3.7240949349621277,2616,200.0
2617,1.1521506137925441,11.13585562674487,2617,86.0
2618,1.522778913404862,9.539358372725543,2618,118.0
2619,-1.0160272843175095,20.440853559675876,2619,25.0
2620,0.7780067135480654,13.38343952173366,2620,60.0
2621,0.5723646571480998,14.234408289810487,2621,54.0
2622,3.2185443835050944,2.8796634962158683,2622,200.0
2623,0.3238937044075757,13.188389643262155,2623,60.0
2624,2.7836789643587587,2.8839104989204567,2624,200.0
2625,-0.4937911260387564,13.811313615072844,2625,54.0
2626,1.8339190958585776,8.708708540703421,2626,147.0
2627,1.0618210663067773,10.387086563882098,2627,99.0
2628,1.7677002245882574,8.104407313867931,2628,172.0
2629,1.9011295223373434,1.5536215029197975,2629,200.0
2630,0.8738490362834312,12.619938900721241,2630,68.0
2631,3.4254310263619767,3.441766595533167,2631,200.0
2632,1.7774764800165648,9.738231785068168,2632,114.0
2633,2.823612381223001,2.6077415697077853,2633,200.0
2634,2.2331044873298853,9.047575786803993,2634,140.0
2635,1.4803892869102089,1.819167914681583,2635,200.0
2636,-19.98169071000998,40.0091703553073,2636,5.0
2637,1.658811207055164,10.211610692813256,2637,104.0
2638,2.943904420860394,2.3639384514747297,2638,200.0
2639,-0.5515341221097291,15.207324353871709,2639,44.0
2640,1.2523934919315167,7.8634778548228965,2640,173.0
2641,-0.3831486094927495,17.20346789165253,2641,35.0
2642,2.4748644855076276,1.9221294728673304,2642,200.0
2643,-7.574015126712869,26.684189867717013,2643,13.0
2644,2.5933626922357793,2.2970618241331637,2644,200.0
2645,-1.2478825470055974,21.2947427130109,2645,23.0
2646,1.6961495971159144,10.0850261543651,2646,110.0
2647,1.4706587770124495,8.696979381286532,2647,146.0
2648,1.965553291733506,11.83612686523334,2648,80.0
2649,2.4482581441966875,11.45938344860004,2649,88.0
2650,3.2604922990451426,2.185930716861719,2650,200.0
2651,0.5273888999356455,11.936526688163623,2651,74.0
2652,2.243239602227746,9.434495848305486,2652,129.0
2653,-2.1889275024839483,17.89838688132794,2653,31.0
2654,-2.628163889361694,20.92737896458829,2654,23.0
2655,-3.5816932282807734,22.878898022130496,2655,19.0
2656,2.7361067342060763,2.6588517353665044,2656,200.0
2657,2.696111516766593,9.65997750013139,2657,129.0
2658,2.2998939618434506,1.7958077238002377,2658,200.0
2659,1.0517401332958392,12.157367348101678,2659,72.0
2660,2.6366111005752253,2.3834245865616026,2660,200.0
2661,1.2379838283841362,10.521524072775064,2661,98.0
2662,1.4403874267582553,12.350996083390402,2662,70.0
2663,-2.037625988110746,18.532877880745524,2663,29.0
2664,2.348156781996815,1.7827276077192877,2664,200.0
2665,1.895640069840942,7.893226167582618,2665,180.0
2666,2.29352617437352,8.058931650632905,2666,174.0
2667,-4.727307250727646,23.842182797155683,2667,17.0
2668,1.894028141811689,9.379128849657002,2668,128.0
2669,-0.5102894119715666,12.472987109165999,2669,65.0
2670,-0.9859108275555172,15.703493102361458,2670,41.0
2671,2.0820379227206676,9.055513642456862,2671,142.0
2672,-19.6928725362774,40.15796817151976,2672,5.0
2673,2.959730729067086,2.3008409460265526,2673,200.0
2674,0.7621439322845793,16.320672037490038,2674,41.0
2675,1.6560059634565865,9.913640594786834,2675,112.0
2676,3.0236704190863724,2.8025651481549407,2676,200.0
2677,2.218804143602037,1.9615550706183098,2677,200.0
2678,0.99990459919666,12.10665455409054,2678,73.0
2679,3.70464018634314,3.6416640249752534,2679,200.0
2680,5.066470561392357,4.975663079733114,2680,200.0
2681,2.786462658679922,2.316920420239076,2681,200.0
2682,2.4324921293120085,1.9776850095951715,2682,200.0
2683,2.4871482914334013,2.4614934255697274,2683,200.0
2684,3.164254425557748,2.979071275249629,2684,200.0
2685,2.594757489533188,3.286836431827995,2685,200.0
2686,1.6024359948515354,8.48437435076133,2686,155.0
2687,-0.8769702415350602,17.125169034802408,2687,35.0
2688,2.7415934155316837,2.4964908899834395,2688,200.0
2689,-0.37570481782545617,14.801681879282967,2689,47.0
2690,2.7046978596822298,2.1688160127330227,2690,200.0
2691,2.588073805910804,2.133057746470857,2691,200.0
2692,1.3393937383152132,10.52678205740798,2692,99.0
2693,1.195390753469357,10.688460511095588,2693,96.0
2694,7.576837845629062,10.826059726450119,2694,130.0
2695,1.2157908539260929,10.026218335521277,2695,106.0
2696,2.8267320556431255,2.745442921824573,2696,200.0
2697,1.1058366839897726,12.393863056268916,2697,70.0
2698,-1.5543743422466483,16.428402322377696,2698,37.0
2699,2.9766629930595236,2.5432216070564593,2699,200.0
2700,-16.64727440968402,37.2764963180421,2700,6.0
2701,1.9852489837919614,12.351009663768346,2701,74.0
2702,2.1793232063676644,1.8275694547714108,2702,200.0
2703,1.734304808743006,1.5708753871257413,2703,200.0
2704,2.7186332998169664,2.3908652737108502,2704,200.0
2705,2.2941925290926757,2.3450980325266038,2705,200.0
2706,-6.385654208122294,28.253297264782137,2706,12.0
2707,1.5853771337992284,7.679348804377879,2707,185.0
2708,1.4519976686456815,8.882242195810496,2708,138.0
2709,1.6628833549228388,8.671027422175204,2709,150.0
2710,2.345991967902082,1.9556667295953056,2710,200.0
2711,4.263578733895782,4.417424626021152,2711,200.0
2712,-3.5988145699632477,20.573604303501217,2712,23.0
2713,-24.9999104135522,43.301321912066555,2713,4.0
2714,2.4699187115243095,1.1780219403037369,2714,200.0
2715,3.1733731984091493,2.6475263620113623,2715,200.0
2716,0.9887504602798451,9.371927887054303,2716,120.0
2717,2.4769668973484844,1.6466122471951583,2717,200.0
2718,1.1617482395486132,9.361099377939441,2718,123.0
2719,2.5395814207062575,2.265521135574021,2719,200.0
2720,-0.6193453358177561,14.282318040246386,2720,50.0
2721,1.283134116988108,9.771006571272727,2721,115.0
2722,0.5604256208053999,13.477870870128276,2722,57.0
2723,0.4304183122552127,13.666975937788342,2723,57.0
2724,2.8967265892419363,2.1382423760918567,2724,200.0
2725,2.4919289145516013,7.6515301819570105,2725,198.0
2726,-1.2719620392114237,19.256250815343275,2726,28.0
2727,3.29895484757031,3.2854856093753635,2727,200.0
2728,-0.25947241166663876,14.520743720068175,2728,49.0
2729,2.55292312311011,2.1163678406650592,2729,200.0
2730,0.8643094126545765,8.868281090298156,2730,137.0
2731,3.0863575834469383,2.50711421995823,2731,200.0
2732,1.0294908598839938,7.707892714218331,2732,181.0
2733,-3.5765369162880463,22.15073189590956,2733,20.0
2734,3.152335002163042,2.4300801946394173,2734,200.0
2735,1.5275844211270422,2.0886611728924587,2735,200.0
2736,-0.8539020194303754,13.404937517425616,2736,56.0
2737,-2.3452558582155074,21.990486532823628,2737,21.0
2738,-2.0607601567681098,19.618534654588036,2738,26.0
2739,-0.02227612804188374,10.194785252391858,2739,98.0
2740,2.20838994670192,2.2678387152860355,2740,200.0
2741,2.442371567593254,2.3183246486953326,2741,200.0
2742,0.697460961898873,8.273685033382195,2742,154.0
2743,3.3846798405509264,3.2201459430407566,2743,200.0
2744,2.6734084470271635,2.715038570011757,2744,200.0
2745,1.3092835732091967,8.753986372676682,2745,142.0
2746,1.3496351710536882,8.223662972714886,2746,161.0
2747,2.557521262930625,1.9535015397567614,2747,200.0
2748,3.0132758760443217,2.570786135131406,2748,200.0
2749,0.22422268757551006,14.678883251843242,2749,49.0
2750,2.578907262779718,2.089466013947983,2750,200.0
2751,-1.1682958841465538,19.514995698553637,2751,27.0
2752,1.297899210466473,7.61862121928318,2752,187.0
2753,-2.946598857403248,21.203949627710337,2753,22.0
2754,2.4043623686832776,2.056533743978288,2754,200.0
2755,2.9756208898364207,2.6164977512017864,2755,200.0
2756,3.3837923936598053,3.1997093508900205,2756,200.0
2757,1.906127273850466,9.006129590659587,2757,144.0
2758,-0.7488443524054992,14.374093600560542,2758,49.0
2759,3.6838373079119497,3.7034946718142683,2759,200.0
2760,2.7759570285177744,8.294692761640883,2760,173.0
2761,0.5307985069778374,13.795109029965174,2761,56.0
2762,4.193332148136489,3.5691426185270507,2762,200.0
2763,2.25053553251997,2.018320267531152,2763,200.0
2764,-3.2214549466357845,20.195889978037034,2764,24.0
2765,1.7159457606543187,9.494518071520732,2765,120.0
2766,1.4365477417527934,7.875536570978284,2766,176.0
2767,2.4241799261464503,2.0110673280149034,2767,200.0
2768,1.9841799509027909,1.4589553249053395,2768,200.0
2769,2.601540996806591,1.9568495357148403,2769,200.0
2770,1.5912455968264398,7.5086744615863195,2770,199.0
2771,2.4717944118709703,1.636283397261723,2771,200.0
2772,1.5031338827554346,9.32012657595271,2772,129.0
2773,-2.173205770794683,20.428317350545466,2773,24.0
2774,2.9360836879928014,2.895526841097431,2774,200.0
2775,2.143585500197489,8.019482942874259,2775,181.0
2776,-2.927065320748636,20.258525431317697,2776,24.0
2777,3.84108065204834,4.055007815805644,2777,200.0
2778,0.6064578922648575,9.98547391023406,2778,105.0
2779,3.106012178057475,2.8464766080495605,2779,200.0
2780,-0.6346363365056849,16.372037985066367,2780,38.0
2781,-0.17000011864604125,15.914062213974253,2781,41.0
2782,1.4431527676192883,11.836754127565122,2782,77.0
2783,3.1074894953621692,2.255243266314367,2783,200.0
2784,2.8594902881054667,2.6267081787093063,2784,200.0
2785,3.082899144581356,3.64936982863625,2785,200.0
2786,1.978893421425433,11.698191263504416,2786,82.0
2787,0.8373731152696677,12.843307610912483,2787,65.0
2788,1.9747811295945605,11.794525386689473,2788,81.0
2789,0.87127121689651,11.449128739899344,2789,80.0
2790,1.0851268211971483,7.41161211938965,2790,200.0
2791,-4.763372521249058,23.83880817358597,2791,17.0
2792,2.0032585830102816,9.318203947972268,2792,133.0
2793,2.5802978248786443,9.312178360782582,2793,143.0
2794,1.613682421451135,9.342830046776946,2794,123.0
2795,1.9986600087253057,7.986167346138754,2795,177.0
2796,1.568992383669353,9.815254663672967,2796,118.0
2797,1.2805690005841104,9.543293966186425,2797,117.0
2798,0.7101650875793826,14.502636700985901,2798,51.0
2799,-2.4400916462612146,19.18380342225871,2799,27.0
2800,1.5127252104383468,11.420929708191558,2800,84.0
2801,2.5291475085822954,1.7670061046931942,2801,200.0
2802,2.7589909762097102,2.072124024721281,2802,200.0
2803,2.7500664599060296,2.347319177239294,2803,200.0
2804,2.332164404435684,8.973729892968176,2804,146.0
2805,3.1653763815173783,2.762095965391754,2805,200.0
2806,2.4239948383118577,1.218670964087011,2806,200.0
2807,1.5463483183740605,11.875849188039487,2807,76.0
2808,2.073983168896841,10.304530501797343,2808,109.0
2809,1.124370515500274,11.46465282352975,2809,81.0
2810,0.7679329938777996,13.17274781561333,2810,61.0
2811,2.5004250764548908,8.415048616975033,2811,166.0
2812,2.2286774006568866,8.730008673763566,2812,149.0
2813,2.622397134685491,2.8575680722895567,2813,200.0
2814,0.6272710471707119,12.044670411313987,2814,72.0
2815,2.9506643010028455,1.6867150692186252,2815,200.0
2816,-0.7693066046621567,23.3267361583081,2816,20.0
2817,-0.8347940134507041,14.842935314752227,2817,46.0
2818,-4.646982184699374,23.142050846703906,2818,18.0
2819,-1.9350184872774712,16.837991036625457,2819,35.0
2820,2.615598823622778,2.3044615401940765,2820,200.0
2821,3.1645346789879163,2.921379143483247,2821,200.0
2822,2.0409204627430966,2.0286088694246196,2822,200.0
2823,1.8355560458706266,13.094150225542169,2823,65.0
2824,0.9935807039441875,14.665215085005078,2824,50.0
2825,-13.44179158301245,35.36074646750328,2825,7.0
2826,2.538810478360109,1.7644098272749469,2826,200.0
2827,-3.464081340505473,21.626345138255413,2827,21.0
2828,3.3482706631745573,3.260645630984955,2828,200.0
2829,3.264279721816606,2.3355018715935096,2829,200.0
2830,2.3624098769484485,14.024012615995627,2830,60.0
2831,2.441863466666975,1.6204341015198265,2831,200.0
2832,2.503380024572998,1.7079429551312226,2832,200.0
2833,2.036698021067418,8.989651867463847,2833,140.0
2834,-2.49444135911018,18.45185554494892,2834,29.0
2835,2.833678320150616,2.4890901683728495,2835,200.0
2836,2.0443911608560796,8.724248211468833,2836,145.0
2837,2.330978680310116,1.7704995713826834,2837,200.0
2838,2.362925125922133,1.5711771652864077,2838,200.0
2839,1.48481237473512,11.549697089122878,2839,81.0
2840,-0.4941644160567291,17.16302927055212,2840,35.0
2841,3.515714911820432,3.021590617729269,2841,200.0
2842,2.6621874678765356,2.526565166938436,2842,200.0
2843,0.5801755160548656,9.358933536979213,2843,120.0
2844,-0.07021332388613319,17.35154246444736,2844,35.0
2845,1.5477515495458565,12.667825633607883,2845,69.0
2846,3.160744042974054,2.5471116185406264,2846,200.0
2847,1.155916615942019,8.121478144454839,2847,158.0
2848,5.004940457388042,4.867620303268718,2848,200.0
2849,2.018769816958886,7.928290940809693,2849,179.0
2850,2.886612812731919,2.6396391603118228,2850,200.0
2851,3.4816617090218,3.2855610788474077,2851,200.0
2852,4.6920723350906215,4.347689997725444,2852,200.0
2853,2.9912362383639537,12.045434770689258,2853,86.0
2854,4.041384143798572,8.875897337330745,2854,190.0
2855,0.6484828169258094,10.024512075349003,2855,105.0
2856,2.7721109635831054,1.9203065414554361,2856,200.0
2857,-4.157765548117972,23.26505380739308,2857,18.0
2858,-0.5048801897830961,15.574291502812944,2858,42.0
2859,2.7046763660791044,1.8738041170086221,2859,200.0
2860,-3.5197743192306326,23.5748098581122,2860,18.0
2861,2.768206460064906,10.279755210843035,2861,115.0
2862,0.5760501322523168,11.213464641763487,2862,83.0
2863,0.5321535856313293,14.777092943741241,2863,48.0
2864,1.2068244319446455,12.597580500666782,2864,68.0
2865,1.6089517919658896,9.968182304724726,2865,110.0
2866,2.0186463863472355,10.682688132670496,2866,96.0
2867,2.218069594813542,2.0641886280500468,2867,200.0
2868,1.3239963256414333,11.424986741256793,2868,84.0
2869,1.103856530277762,13.66265757079909,2869,57.0
2870,0.8521928679560824,14.935934152950978,2870,50.0
2871,1.7993347792462497,9.071225584970463,2871,136.0
2872,1.0144866636341618,13.437241832341977,2872,61.0
2873,-8.115514276262054,29.2075700782506,2873,11.0
2874,5.05187542289651,4.890907822560132,2874,200.0
2875,2.5147279811266845,8.25299993467242,2875,176.0
2876,2.9208612928675652,9.433287559511776,2876,138.0
2877,2.874890400684618,9.217748123622007,2877,144.0
2878,1.1360853730670977,11.327167145088007,2878,85.0
2879,-6.981784990799527,26.86717091038173,2879,13.0
2880,4.213185136063056,4.052600927486995,2880,200.0
2881,2.1116996490860602,1.5864810079601788,2881,200.0
2882,-0.980684347416307,18.578340829908655,2882,30.0
2883,2.8959084572725895,2.4711688744084177,2883,200.0
2884,0.605755649336609,12.905161320759456,2884,62.0
2885,3.0184625107811356,2.575704876004853,2885,200.0
2886,0.2325292790351659,15.33796691024595,2886,46.0
2887,-2.697107119250328,17.216013382301835,2887,33.0
2888,3.0804176300392636,2.5097063817930723,2888,200.0
2889,1.7604755225243196,1.2149482896655264,2889,200.0
2890,2.088640492319142,1.9601741854953023,2890,200.0
2891,2.10220230628402,10.839563674218677,2891,97.0
2892,3.2193561870659853,3.276951311472989,2892,200.0
2893,0.7142206339448857,12.804600476684147,2893,64.0
2894,2.8207252771899842,2.312541591689834,2894,200.0
2895,1.3803204490222283,7.9678932413952515,2895,172.0
2896,-19.64518469086607,40.18328241552911,2896,5.0
2897,-9.295177015289022,30.24931560726332,2897,10.0
2898,-0.6207407212945261,16.602275637296188,2898,37.0
2899,3.0994232033237523,12.886876590508693,2899,75.0
2900,2.1864872134350524,8.480940400506674,2900,164.0
2901,2.850470781713158,8.71181494591949,2901,165.0
2902,0.9475509491020634,10.795340910374893,2902,89.0
2903,0.7307475507362933,11.970959557778118,2903,73.0
2904,-2.6101568258430694,23.89191930928327,2904,18.0
2905,2.5418189850335824,7.788271711365504,2905,187.0
2906,2.4433117371696667,2.0430504037521002,2906,200.0
2907,2.0437078471634362,2.0546070921509285,2907,200.0
2908,-0.4604438511546693,15.065781949361583,2908,46.0
2909,2.9475885388046525,2.199690810103615,2909,200.0
2910,2.211439388321347,2.34881848090542,2910,200.0
2911,2.287993248536666,8.004395230298606,2911,174.0
2912,2.1730762533079777,8.370725534629152,2912,156.0
2913,2.5374989350836077,2.406260479418967,2913,200.0
2914,1.8164170246764342,2.116069853914364,2914,200.0
2915,3.3623374464261895,3.2429728513165705,2915,200.0
2916,1.8691666980848798,9.312617290347251,2916,133.0
2917,3.0651690176440245,3.0951908811849584,2917,200.0
2918,5.531947322490381,4.932794900254954,2918,200.0
2919,1.0732462571132586,10.658544885130619,2919,94.0
2920,3.5021675044267306,2.852696734624122,2920,200.0
2921,3.323294521663888,2.860051396858179,2921,200.0
2922,3.2253055745655996,2.4044098143549557,2922,200.0
2923,1.5238802975376473,7.928361421614119,2923,183.0
2924,2.5970736384358317,2.048925983920053,2924,200.0
2925,2.1909597273086066,1.9434523930482812,2925,200.0
2926,4.592160092099445,4.2661197227367005,2926,200.0
2927,2.7155593917052943,2.178416789718114,2927,200.0
2928,2.004297637612912,1.6730446227665654,2928,200.0
2929,2.630993167760369,8.446331241836543,2929,167.0
2930,2.133078600882732,1.9615217375535152,2930,200.0
2931,2.267852722515264,2.4572582147198396,2931,200.0
2932,1.8003237781437447,10.866874298523951,2932,96.0
2933,1.4954439746192592,8.32763592983225,2933,158.0
2934,3.2081052981699703,3.0141423148583777,2934,200.0
2935,3.417661000101682,3.0852806126712706,2935,200.0
2936,-0.4115237203352902,17.15179046447449,2936,36.0
2937,2.2266705541929452,1.741021421990228,2937,200.0
2938,1.3537964705833205,14.035644167097548,2938,56.0
2939,0.9893383325404678,18.30198121360854,2939,33.0
2940,2.9154424573765527,2.902227055081948,2940,200.0
2941,2.354747475297113,1.7453337179056354,2941,200.0
2942,-1.2733603283435417,19.14351668348597,2942,28.0
2943,-1.8183309233378087,18.075073409541076,2943,31.0
2944,1.4973025979468995,13.466326193846923,2944,60.0
2945,2.587837741344295,9.520166427550766,2945,134.0
2946,2.3271001742835145,9.766004559150637,2946,120.0
2947,1.870332081169902,1.8581799357156927,2947,200.0
2948,0.01635719043927919,12.63012240856059,2948,64.0
2949,1.5815147797644005,1.4485023462103679,2949,200.0
2950,1.5917682997527973,12.11868366144301,2950,75.0
2951,2.410122593549031,8.282689731546704,2951,171.0
2952,3.4560958959133457,2.9730966409558457,2952,200.0
2953,1.7219145786355254,10.339851789078079,2953,107.0
2954,1.7809177779677856,11.10007335706045,2954,91.0
2955,0.8526253262732898,8.821482522286727,2955,136.0
2956,5.857023703528491,5.122422431349839,2956,200.0
2957,3.0987683906498815,2.8199311864188017,2957,200.0
2958,3.0619554689742783,2.7743472836685985,2958,200.0
2959,1.1650929089138875,7.616025286571557,2959,187.0
2960,5.19610921050035,4.767694592843163,2960,200.0
2961,-2.6774334762551524,19.106698695484763,2961,27.0
2962,2.148184440349598,1.8560081652191598,2962,200.0
2963,1.1159459108621363,13.375947423547338,2963,61.0
2964,-3.083963996005438,22.258467578472683,2964,20.0
2965,0.2831235667326747,13.225874486529934,2965,60.0
2966,-0.4960309896699262,14.228193192371174,2966,51.0
2967,6.572001356837368,5.342610586385675,2967,200.0
2968,2.7723737050520185,2.1039538822231982,2968,200.0
2969,3.2861850372056653,2.408764379152118,2969,200.0
2970,0.7406983017054992,11.568240685156136,2970,82.0
2971,1.3531413791053464,7.684021658667254,2971,183.0
2972,3.5468450279558095,3.203799414595488,2972,200.0
2973,3.9121911872854263,3.5217261123596066,2973,200.0
2974,1.351703339962529,7.411913575580481,2974,196.0
2975,3.0675523715254926,2.858136511669174,2975,200.0
2976,0.32153567651382564,15.31632243740088,2976,44.0
2977,3.0208622319519294,2.846329923933842,2977,200.0
2978,4.06991821479173,3.7542682018084426,2978,200.0
2979,3.6268029779369995,3.5295566602249178,2979,200.0
2980,2.58045018185069,1.7301698588290289,2980,200.0
2981,1.2014233862189028,12.699709425869251,2981,66.0
2982,2.9988113614220016,2.718879510686906,2982,200.0
2983,2.286821025305393,7.623340979194828,2983,195.0
2984,0.3796984292795862,11.047943964785771,2984,84.0
2985,0.658029352031535,13.897700456223053,2985,55.0
2986,3.0664187304347768,2.7860876757475377,2986,200.0
2987,3.215435554780103,3.4202116355953347,2987,200.0
2988,3.2465056981236593,2.62291798284641,2988,200.0
2989,1.1549208968983602,11.093395555027367,2989,87.0
2990,2.4325556927662397,2.296057646210975,2990,200.0
2991,2.0069369412773925,9.913809035529132,2991,112.0
2992,-3.319099150850638,23.67419034838751,2992,18.0
2993,2.502439284479855,2.177856357905872,2993,200.0
2994,2.8130610825230247,2.309150374616646,2994,200.0
2995,1.1461206332953153,8.864413758480953,2995,137.0
2996,1.441970895114508,10.604481577395925,2996,96.0
2997,2.4239510802660797,7.835195003207302,2997,190.0
2998,2.382065839196959,2.0782780246245722,2998,200.0
2999,-3.0567261136861545,22.998409672564467,2999,19.0
3000,6.520310481512093,5.041543924745586,3000,200.0
3001,1.113869311253785,11.541507870857961,3001,81.0
3002,1.8218131862304972,12.213908163690723,3002,76.0
3003,3.6909956833736803,2.82181754328077,3003,200.0
3004,2.705088457437906,1.2565709365733908,3004,200.0
3005,2.6011959443990973,2.429591216431771,3005,200.0
3006,3.1119101244788747,2.4747634828533953,3006,200.0
3007,2.5858409785765666,9.88010110347244,3007,122.0
3008,2.171235007811832,8.619009956074752,3008,156.0
3009,2.564328457778229,1.5260549893441022,3009,200.0
3010,0.3180651446550146,13.489571095129845,3010,60.0
3011,1.8913247577599714,1.2661075307087806,3011,200.0
3012,-19.99999999999999,40.00000000000001,3012,5.0
3013,0.4713018782762919,14.451752206731234,3013,50.0
3014,3.419850931685096,3.005448321841818,3014,200.0
3015,-19.677505421912052,40.16610255097079,3015,5.0
3016,5.8584638153174176,4.8094782015274316,3016,200.0
3017,1.306507021641058,14.387341268549077,3017,54.0
3018,2.2717240765473274,10.287775883132106,3018,108.0
3019,2.954168310239884,9.357985058474835,3019,144.0
3020,2.621272932828999,11.781153051300109,3020,86.0
3021,-10.32544508980141,31.716982782525722,3021,9.0
3022,2.077863250107303,10.41317874232953,3022,103.0
3023,2.715705724465664,1.688080202935253,3023,200.0
3024,2.1458359871971187,1.888491072268876,3024,200.0
3025,0.13670709816042576,15.212942985332097,3025,45.0
3026,2.170248722531115,8.950663004298473,3026,136.0
3027,4.011853439649466,3.260557102251132,3027,200.0
3028,0.7641552430602169,8.830489164462575,3028,136.0
3029,2.96844610895073,2.97052177560118,3029,200.0
3030,2.7318919231493415,2.069114856415585,3030,200.0
3031,0.20547955248046065,13.016531193583404,3031,62.0
3032,3.248009366066865,3.0787367819992486,3032,200.0
3033,-2.2970156591091055,20.404798649590795,3033,24.0
3034,1.1103110095666076,12.363089444663865,3034,71.0
3035,2.088841606671682,12.259697704870684,3035,77.0
3036,3.158552378043978,2.5538748179663737,3036,200.0
3037,3.345943003905981,9.563129163217017,3037,137.0
3038,2.758257041198567,2.316914169583116,3038,200.0
3039,3.0014742603264075,2.806875034968372,3039,200.0
3040,2.006760050762357,8.633033870687266,3040,148.0
3041,3.9288174744319626,3.6627526692624537,3041,200.0
3042,2.2639063104239847,1.8779670121999217,3042,200.0
3043,-0.7925364062448937,17.23355017975385,3043,35.0
3044,2.152803978312715,8.202506358620651,3044,179.0
3045,3.3481406026532676,2.8174565387683805,3045,200.0
3046,3.3438482789044026,2.5851033849865264,3046,200.0
3047,1.9609234981976478,8.839204497477139,3047,146.0
3048,3.2265816544890047,3.216577511606189,3048,200.0
3049,-3.3252583260779387,22.207180888216968,3049,20.0
3050,3.151694865713612,3.21125555913646,3050,200.0
3051,4.023016702952213,3.4138317258076105,3051,200.0
3052,2.4388558279483536,11.871432662111857,3052,82.0
3053,2.0164564759133494,8.91932104097186,3053,143.0
3054,2.760845579652215,8.529021824563324,3054,172.0
3055,2.247281668067977,1.884178874433293,3055,200.0
3056,2.0158929974705933,9.529277857497197,3056,120.0
3057,3.4841086841325706,3.028182348471266,3057,200.0
3058,1.6044418605586284,9.855924818359139,3058,114.0
3059,6.693826168324482,5.142109284459077,3059,200.0
3060,2.801715883219203,2.638798066706482,3060,200.0
3061,3.274368895350525,2.7517413500287202,3061,200.0
3062,-6.057430399552264,25.120963227858837,3062,15.0
3063,3.0453201712221825,2.405015154324304,3063,200.0
3064,3.13743297762141,3.208338329230057,3064,200.0
3065,2.55803541453398,1.5198648362260545,3065,200.0
3066,0.2367339006801044,11.133869798586682,3066,83.0
3067,1.3506278824296416,8.844508908851397,3067,142.0
3068,3.50838243099821,3.139059406402174,3068,200.0
3069,2.791790154956883,2.3484571489489454,3069,200.0
3070,1.7863019408643113,8.139238558846229,3070,171.0
3071,3.7318053401577322,3.77758151955809,3071,200.0
3072,1.1861680933519982,12.314188391186276,3072,72.0
3073,2.625042463069226,2.2212889932605124,3073,200.0
3074,2.5367922319695118,2.372442639294477,3074,200.0
3075,2.6696059471080056,10.58278978542794,3075,106.0
3076,2.6331811340876095,9.182681672777301,3076,142.0
3077,4.0676870211328175,3.541384678682867,3077,200.0
3078,-24.96846691269599,43.319506430382184,3078,4.0
3079,4.241929315497654,3.797893108486202,3079,200.0
3080,3.412581378937391,2.9463084236873507,3080,200.0
3081,0.1863116399148744,16.247289817364873,3081,40.0
3082,0.24085647610578295,13.981593236814469,3082,54.0
3083,4.163338554427717,4.480010042404793,3083,200.0
3084,2.8598614704313787,2.1896684106573985,3084,200.0
3085,2.3296592510692813,1.9059654247313802,3085,200.0
3086,3.2748255218721063,3.277556245969765,3086,200.0
3087,3.339183539733524,3.5568243200566467,3087,200.0
3088,3.16942500437094,3.0226379740912894,3088,200.0
3089,3.0906331183181535,2.8650690399097276,3089,200.0
3090,2.830076839706105,2.3362276938215523,3090,200.0
3091,1.4492158690628436,12.598805585177377,3091,71.0
3092,1.9440757450038029,8.48384575135306,3092,158.0
3093,-1.302636886323518,16.703303102596273,3093,36.0
3094,3.6621297769089334,3.4557622414347318,3094,200.0
3095,4.655743452084457,4.149418630896537,3095,200.0
3096,2.6304682179026324,10.608994912590097,3096,108.0
3097,2.8728480104771252,2.3184701339053424,3097,200.0
3098,1.8155123689878006,1.6204751096115035,3098,200.0
3099,-0.5392188667604851,18.104042752276417,3099,32.0
3100,3.674884009862019,3.273949287431052,3100,200.0
3101,1.7710912931229539,8.471323719056953,3101,159.0
3102,3.293249306367961,3.352645607489587,3102,200.0
3103,3.7355319281350727,3.1298185030333903,3103,200.0
3104,3.8755771456315453,3.2415357683917336,3104,200.0
3105,2.5749405060351274,1.9994153434363386,3105,200.0
3106,3.320751867372471,3.44036028499411,3106,200.0
3107,-0.293673654996888,15.6997886817732,3107,42.0
3108,3.8646632554582165,3.329820686982852,3108,200.0
3109,-0.4468167101211846,15.656360592299164,3109,42.0
3110,3.421354493418262,2.837904997843921,3110,200.0
3111,3.3796303524090785,3.0818833438052224,3111,200.0
3112,6.4740657600332385,10.827269519818863,3112,133.0
3113,2.2799468698539966,8.836882858020907,3113,148.0
3114,2.44596968590448,2.5483455127474484,3114,200.0
3115,2.745248160838058,2.3455817065695146,3115,200.0
3116,0.6989080087795122,14.667563834872766,3116,51.0
3117,3.1434747136224392,2.8342580668981534,3117,200.0
3118,7.257520131776931,5.6338266109617825,3118,200.0
3119,3.850419915064494,3.33632407397775,3119,200.0
3120,1.4912953792745884,10.036914788333073,3120,108.0
3121,3.1212574780970477,2.6070392382837135,3121,200.0
3122,1.287272335715921,13.148348827053978,3122,63.0
3123,1.5196980156281754,13.168641743797581,3123,65.0
3124,2.465622401284507,11.205878896100565,3124,94.0
3125,3.620350479198472,3.6347079350470026,3125,200.0
3126,3.6873592149732173,3.386906265647301,3126,200.0
3127,3.6324550892583476,3.099076017615177,3127,200.0
3128,2.102846922128775,9.045704330816868,3128,135.0
3129,2.7823317423349083,2.0853910003099334,3129,200.0
3130,0.9696326006467788,14.280558922162532,3130,54.0
3131,2.580804980667476,2.3827619319700544,3131,200.0
3132,3.7154455112086624,3.705784178015475,3132,200.0
3133,1.4155332705769672,9.387599597243643,3133,126.0
3134,1.737141983752918,10.694878757012628,3134,95.0
3135,2.657456905936655,2.3227006719933403,3135,200.0
3136,1.4260761331071075,9.350249857856914,3136,120.0
3137,1.2675591172719451,12.059703225400566,3137,77.0
3138,2.9072738523041015,2.9473163001148626,3138,200.0
3139,3.2749059055048506,3.256768591722839,3139,200.0
3140,-0.10168953582922181,15.53963203007383,3140,43.0
3141,2.234104369440276,9.324776745708455,3141,135.0
3142,0.8703318646164797,11.181300761293713,3142,84.0
3143,2.1639307533495535,7.660915950159706,3143,194.0
3144,1.9434378738116658,8.315181727280775,3144,178.0
3145,3.970787783015561,3.7093009565888417,3145,200.0
3146,2.4301217040534935,12.750499417312735,3146,71.0
3147,3.4984590188056326,3.1436347517430256,3147,200.0
3148,2.0355634835259284,9.147707656433298,3148,142.0
3149,2.718152588898612,1.699780073177343,3149,200.0
3150,1.911352722208907,11.048483151626748,3150,92.0
3151,2.899789675027673,2.235218287838224,3151,200.0
3152,1.9647511870833136,1.423643590855475,3152,200.0
3153,3.792192110139466,3.2009979811889506,3153,200.0
3154,1.985212443810301,1.4996251585951472,3154,200.0
3155,2.744387347623265,2.449951705899538,3155,200.0
3156,3.6390774360188605,3.2343854758050865,3156,200.0
3157,2.9163850072917485,2.2482621238531224,3157,200.0
3158,3.822310582769873,3.6632697515501422,3158,200.0
3159,2.7408318006669674,2.428756171467487,3159,200.0
3160,1.1323966782824952,12.37659154666945,3160,72.0
3161,3.4101052799268063,3.0862907737885408,3161,200.0
3162,1.2341397198014312,1.0981019111419026,3162,200.0
3163,2.2774998470589103,9.885669401870675,3163,117.0
3164,2.1381279871557908,9.623032784186133,3164,128.0
3165,-6.567480056989746,25.923970682570122,3165,14.0
3166,2.860974751951967,2.7425113378757193,3166,200.0
3167,-1.5844944964664478,19.81702956858329,3167,26.0
3168,2.9866269323733197,9.868712791275724,3168,128.0
3169,3.2897320686902582,3.0191896565260405,3169,200.0
3170,2.264520913710539,1.6418732495624304,3170,200.0
3171,2.9087013172906473,2.396354002664866,3171,200.0
3172,2.122506846287232,10.785758911319414,3172,98.0
3173,1.5770734939369446,8.502344073937481,3173,149.0
3174,2.1135235500262675,9.937296247437013,3174,118.0
3175,2.3532695980564537,1.6727461099678478,3175,200.0
3176,3.7650413325398477,3.4782694278711515,3176,200.0
3177,-1.6532243108183011,19.422054580160097,3177,27.0
3178,1.600181367790767,1.4100808288523297,3178,200.0
3179,3.663250886934746,4.057088403226291,3179,200.0
3180,-0.6856784067215695,15.34693575402614,3180,43.0
3181,1.042953874033388,12.217664526724818,3181,72.0
3182,-3.122480087336844,23.005418472143525,3182,19.0
3183,3.1028118898929016,2.631476459942647,3183,200.0
3184,2.6940941937055003,2.4045744932190773,3184,200.0
3185,2.814244885590266,1.9661136381834405,3185,200.0
3186,2.5809564558940803,1.6106561323182171,3186,200.0
3187,2.4803834781860727,1.3770820288854098,3187,200.0
3188,2.778288542145244,2.3331461318064024,3188,200.0
3189,2.847709094059702,9.51717149197863,3189,135.0
3190,2.2342630620240143,2.0493499776051314,3190,200.0
3191,3.178755112816838,2.741358158757912,3191,200.0
3192,0.8219794443640093,15.308554844404355,3192,48.0
3193,5.392546284155182,4.903486148033512,3193,200.0
3194,1.7965579567035561,1.6323364580171529,3194,200.0
3195,2.8307142044721707,1.830545987245814,3195,200.0
3196,2.893835540224246,11.873027866021394,3196,85.0
3197,1.7601377453210487,8.405465721656176,3197,157.0
3198,-2.322499441673958,21.04662702370681,3198,23.0
3199,-11.10894034076636,31.42773580602502,3199,9.0
3200,3.560430687323324,2.9366552777870916,3200,200.0
3201,1.216581091049571,8.376844330890352,3201,148.0
3202,-6.46927345518254,25.948627856407168,3202,14.0
3203,4.741186558120102,4.248441387844196,3203,200.0
3204,2.6189101754442277,1.9812509220491759,3204,200.0
3205,3.548054584909953,3.2454965175254413,3205,200.0
3206,2.5512627713210034,1.5167140839850877,3206,200.0
3207,2.5471597225992473,1.4033668999564937,3207,200.0
3208,2.030384443701039,14.765952063280286,3208,53.0
3209,2.8359651514006234,2.1375517397371446,3209,200.0
3210,1.836469374277229,1.7056260978146325,3210,200.0
3211,2.892662777139424,9.03131204855918,3211,152.0
3212,3.2542699461307594,8.993566561949768,3212,162.0
3213,3.7466467083667734,3.32786718175343,3213,200.0
3214,-2.7129475933807075,19.490504403331528,3214,26.0
3215,3.4048801775555284,3.227691589301259,3215,200.0
3216,1.8273120296737657,10.02106757669777,3216,114.0
3217,1.6587778258998358,9.98286449107999,3217,118.0
3218,2.403208489360067,11.45981196428695,3218,89.0
3219,2.4157388351828217,2.4038290099386384,3219,200.0
3220,7.588524532182931,5.162236762959081,3220,200.0
3221,3.5271639463829074,8.936730827542718,3221,163.0
3222,1.2041442009086767,12.500204232414452,3222,69.0
3223,-1.6085061502508866,21.710570663941738,3223,22.0
3224,4.02120327418768,3.543439721966284,3224,200.0
3225,1.7939259479515313,8.646883178153598,3225,146.0
3226,2.478637274947218,10.387952551911003,3226,107.0
3227,1.916102748647551,11.740007878254206,3227,82.0
3228,1.601474526418537,10.712047736113314,3228,100.0
3229,3.3526513905452284,8.295308200073855,3229,192.0
3230,0.7445501643464787,11.121089239475314,3230,86.0
3231,-7.2626615566787684,28.184093689284552,3231,12.0
3232,-0.2051357016667894,18.373308999723225,3232,32.0
3233,0.3044500901542608,10.281695995855118,3233,99.0
3234,3.441993487206054,2.9490575472600016,3234,200.0
3235,2.6431828038878664,1.4731119471903154,3235,200.0
3236,2.6312833785167573,1.9779647572953085,3236,200.0
3237,1.5877273554419329,1.2258418843339496,3237,200.0
3238,2.992476410159434,1.4876238876012273,3238,200.0
3239,3.0761641755275573,2.8754318922583404,3239,200.0
3240,2.689381103593401,2.2966657569672657,3240,200.0
3241,2.8747509224227503,2.1882531052559293,3241,200.0
3242,2.966332220883947,9.176543160447661,3242,148.0
3243,3.8324300579904103,10.884363392186257,3243,114.0
3244,3.653304459599933,3.4871258927718065,3244,200.0
3245,3.4284609652443545,3.2086892038186305,3245,200.0
3246,2.918275116775672,2.359040591813437,3246,200.0
3247,2.7237711490187175,10.199882329880463,3247,113.0
3248,2.096538618841843,2.0868989069583797,3248,200.0
3249,3.700185600285689,2.973842213501128,3249,200.0
3250,-11.094238184130045,31.43296919614636,3250,9.0
3251,3.4927941180647726,2.835239269258522,3251,200.0
3252,1.4008447835560915,12.445086495988425,3252,73.0
3253,0.6904913732801624,17.863182651391952,3253,34.0
3254,2.8922086702276797,1.9977002627795557,3254,200.0
3255,0.36163435267741373,18.40414730302537,3255,32.0
3256,2.6785198087972595,9.423586249551187,3256,137.0
3257,2.0278121134310143,2.349889071775782,3257,200.0
3258,2.6404463094675608,12.291573248966916,3258,80.0
3259,0.7582225633281101,15.897096635828268,3259,43.0
3260,2.4470997826942944,1.9877038072271018,3260,200.0
3261,-8.167767452081131,29.056534118931513,3261,11.0
3262,3.267308016438493,2.738256106693886,3262,200.0
3263,3.6637187261304667,3.2404734022248776,3263,200.0
3264,3.774155964709294,3.6442509855866936,3264,200.0
3265,3.391037014334557,2.9538171587551045,3265,200.0
3266,2.576457116282673,9.669173613930283,3266,125.0
3267,3.5617862837211964,3.252714852933914,3267,200.0
3268,3.8812287757606203,3.3661376861401067,3268,200.0
3269,2.9134967182155815,2.605124269680785,3269,200.0
3270,2.9674847029072247,2.6632501214727564,3270,200.0
3271,-7.132794161287654,29.593135166344364,3271,11.0
3272,3.8709760953295262,3.58833988286444,3272,200.0
3273,4.333279114958113,3.8245332869961395,3273,200.0
3274,3.996471014112359,3.8023564309121523,3274,200.0
3275,3.297548586321206,9.361547487112508,3275,147.0
3276,2.7916230996407077,1.2447122058763906,3276,200.0
3277,3.298771898396941,3.312337171547077,3277,200.0
3278,4.371734575116705,3.863517978722456,3278,200.0
3279,2.334786045982477,11.973581380187422,3279,83.0
3280,2.7879451241459243,10.842636637766736,3280,102.0
3281,3.6122579645918655,3.086050203760301,3281,200.0
3282,3.6281248905280963,3.4096964913782783,3282,200.0
3283,4.106164674000481,3.833367264169178,3283,200.0
3284,5.858837865780645,5.073124906918533,3284,200.0
3285,2.2707467538740143,12.174206706842375,3285,77.0
3286,3.3182770362408083,3.138665444743054,3286,200.0
3287,1.987702788181924,10.522562355177655,3287,108.0
3288,3.4871206685518334,3.5217723954365288,3288,200.0
3289,-6.439416110131309,25.96480123881939,3289,14.0
3290,2.9018676178986915,2.1898888914063184,3290,200.0
3291,4.081734137311806,3.281150090225339,3291,200.0
3292,-6.008054624737134,26.09818235179283,3292,14.0
3293,3.471178375876337,3.3571830614611393,3293,200.0
3294,3.699242013338437,3.1485909670063137,3294,200.0
3295,3.4677545465296293,3.4438152260093484,3295,200.0
3296,-1.5954053616775798,20.178483329620583,3296,25.0
3297,5.827048728768586,4.853630941712873,3297,200.0
3298,0.26947069353988395,16.76981045352081,3298,38.0
3299,-1.1924825302260853,17.62053169975084,3299,33.0
3300,4.09435609186314,3.958784352653175,3300,200.0
3301,-0.7667363593721888,16.45941167951499,3301,38.0
3302,3.7090065480294423,3.498876755272285,3302,200.0
3303,2.86091323870624,1.6972188870687794,3303,200.0
3304,2.514870016515722,2.0766699253772294,3304,200.0
3305,3.836849366457701,3.5929189199987697,3305,200.0
3306,2.952741468449036,2.675591973792279,3306,200.0
3307,2.3213608327689004,7.830139466116525,3307,188.0
3308,2.6587914835981326,9.929395093664041,3308,117.0
3309,2.155461120299228,9.300837365218042,3309,134.0
3310,2.514002387859076,13.093756001450307,3310,68.0
3311,-2.1438790652403874,17.665295992011416,3311,32.0
3312,2.5766215848428815,1.9251235272909284,3312,200.0
3313,2.4669628859488184,1.763560042813442,3313,200.0
3314,3.506268817834796,3.150260664330046,3314,200.0
3315,3.9028627867842274,3.470784227576284,3315,200.0
3316,-9.064893021019204,28.756257736827386,3316,11.0
3317,-2.644487354842552,22.4788355453065,3317,20.0
3318,-12.34717853412596,33.13100361798779,3318,8.0
3319,4.527129791000342,9.469985559687979,3319,162.0
3320,2.9540795584037447,8.416891299483677,3320,188.0
3321,3.2369822261288084,2.8828571434976893,3321,200.0
3322,4.295400639427474,3.620037351337604,3322,200.0
3323,3.952446067694138,3.6156830156572357,3323,200.0
3324,3.3466202394198183,3.147427328900019,3324,200.0
3325,2.7534556981474294,2.4756893882828614,3325,200.0
3326,2.60685552354622,11.483491649287629,3326,90.0
3327,-5.834625182739208,26.13577801745196,3327,14.0
3328,3.896474202578458,9.125761590275125,3328,166.0
3329,2.5843709080244457,10.797010052010302,3329,104.0
3330,3.146236757200852,2.5210784143907397,3330,200.0
3331,1.2084591323438003,14.975944269264758,3331,49.0
3332,-1.6062465377737112,20.22409823604272,3332,25.0
3333,2.0129711863542408,8.177786365027634,3333,172.0
3334,2.9028240894173436,8.850053133900813,3334,159.0
3335,3.0134142173735903,1.8874321313692626,3335,200.0
3336,3.5229940606891184,3.381818688082577,3336,200.0
3337,2.0178030673532907,9.747251421641591,3337,122.0
3338,2.8328775144499216,2.1783390662357847,3338,200.0
3339,2.556476287656387,8.7639498059581,3339,156.0
3340,2.813586755610312,1.998947934718522,3340,200.0
3341,2.3077061516406574,2.1317972373986502,3341,200.0
3342,-0.052107256777729885,16.491431609499337,3342,39.0
3343,3.080929521655712,2.6623937861171156,3343,200.0
3344,1.9755080090005885,9.705374598795736,3344,119.0
3345,1.5888273053111843,10.079593392188848,3345,107.0
3346,2.018294723566843,8.107785659382431,3346,171.0
3347,3.6216727606343078,3.4321994266371045,3347,200.0
3348,2.836707035177854,9.488549751929998,3348,140.0
3349,4.14410400296519,3.6468481672035358,3349,200.0
3350,-1.8707202149365454,17.661479268928407,3350,32.0
3351,1.8753509939047317,9.904656229060851,3351,113.0
3352,3.425540226264392,3.371854778242828,3352,200.0
3353,-0.35245526406381283,17.31843829724356,3353,35.0
3354,0.8546783039198714,10.632062779913287,3354,94.0
3355,2.911897273909666,10.931613175092005,3355,104.0
3356,2.5900050112696333,10.845914010053534,3356,99.0
3357,1.2612104178542534,9.164020329578888,3357,127.0
3358,4.5286564771983935,4.095901774928182,3358,200.0
3359,2.4488603020099307,1.8476879709528986,3359,200.0
3360,4.39424105693201,3.572533911122749,3360,200.0
3361,3.4793357990014124,3.0724641479702353,3361,200.0
3362,1.2925098024520678,8.943906680726629,3362,134.0
3363,3.670340819734127,3.3627249342497145,3363,200.0
3364,3.23276592401565,3.0353971841204235,3364,200.0
3365,3.334432421804199,3.1208362403578875,3365,200.0
3366,2.8179658952222537,2.4483198071112797,3366,200.0
3367,2.3047520584114363,1.893660666023036,3367,200.0
3368,5.9051527602401555,4.974070208473318,3368,200.0
3369,5.516904246542178,9.065588014288037,3369,192.0
3370,3.207939818464962,3.045872351237781,3370,200.0
3371,3.0692829624514775,8.466203166943655,3371,179.0
3372,3.92890517982783,3.5920816631869874,3372,200.0
3373,-4.322843449091798,24.903197918905768,3373,16.0
3374,6.936900262828846,5.133577154880423,3374,200.0
3375,2.3899569766357063,2.184756720563736,3375,200.0
3376,3.4052425038162344,2.705341910685159,3376,200.0
3377,2.917510036626865,2.595844681455979,3377,200.0
3378,3.247106682962833,3.1890274459027776,3378,200.0
3379,-2.200789350305284,21.002510985970773,3379,23.0
3380,2.45792005891683,2.1536693078741918,3380,200.0
3381,1.530795282651152,9.426100710075206,3381,122.0
3382,1.8439142880570372,8.649958491242161,3382,147.0
3383,3.548867762616012,3.2572578318926553,3383,200.0
3384,8.253818679447173,5.150166070813603,3384,200.0
3385,4.651245989714523,4.105619389177853,3385,200.0
3386,1.965757429658808,1.1051921161895486,3386,200.0
3387,3.848437208184466,3.9748822983555816,3387,200.0
3388,11.516309074937885,3.7802922722844774,3388,200.0
3389,3.855498281304298,3.774217456693939,3389,200.0
3390,3.315897990305647,2.1541633873012036,3390,200.0
3391,2.3537547264622254,1.5910944374096851,3391,200.0
3392,3.8485888576666945,3.5178186377467653,3392,200.0
3393,4.514675725677869,3.933647924137162,3393,200.0
3394,4.002757461273424,3.606935142090503,3394,200.0
3395,2.4157518339301784,2.280246759682504,3395,200.0
3396,3.314242363156993,9.011827734679521,3396,161.0
3397,2.695819104215312,1.7583719683002716,3397,200.0
3398,2.768962410003612,2.316931917197061,3398,200.0
3399,1.6178226550453312,10.312699505414594,3399,103.0
3400,2.222634409540468,11.534189400717862,3400,88.0
3401,3.2386366930894432,1.9754831332172016,3401,200.0
3402,2.8371628818717385,2.4088530169686093,3402,200.0
3403,1.930201385769631,7.654682190485631,3403,192.0
3404,2.0066214281189776,1.9219721193362174,3404,200.0
3405,4.331443658197437,3.8006430992838984,3405,200.0
3406,2.967030358831692,2.00894223090465,3406,200.0
3407,2.0723296388368233,1.9402981422072414,3407,200.0
3408,3.253844207599348,8.907209308848847,3408,164.0
3409,0.5238330953218427,13.844744027529213,3409,56.0
3410,3.150933695130846,2.4391200318027364,3410,200.0
3411,2.104092711062946,1.621169001011682,3411,200.0
3412,2.7008613945874425,2.5715947002545176,3412,200.0
3413,3.8066488571676103,8.319594555749674,3413,200.0
3414,-1.1961414885673025,16.257842197097435,3414,38.0
3415,3.7223992732856415,3.601413934827348,3415,200.0
3416,-0.8907108708677389,17.881929905685354,3416,32.0
3417,-0.5181194855996879,16.371046649242704,3417,39.0
3418,2.7710769464296123,2.5627195672480467,3418,200.0
3419,3.818389118701815,3.232675169701232,3419,200.0
3420,3.9701998709773196,3.6337756829329537,3420,200.0
3421,-2.8573344186585596,24.532711356977412,3421,17.0
3422,1.8779966921958808,7.6174613762461165,3422,194.0
3423,3.3973392063332084,2.9623849936837217,3423,200.0
3424,2.2988120654766093,13.992226186946139,3424,60.0
3425,1.2819333943878888,9.228288187349383,3425,125.0
3426,2.622976296030275,7.943409006280225,3426,189.0
3427,3.1017914191052385,3.205346291533015,3427,200.0
3428,3.903167534745618,3.8555698117470785,3428,200.0
3429,0.3268810877865425,13.436059685323691,3429,57.0
3430,2.60036891600428,7.67024421934577,3430,197.0
3431,2.786586154719621,2.1471749350827953,3431,200.0
3432,0.7982571391283928,14.129647259257256,3432,53.0
3433,4.284416083138717,3.9903504926069364,3433,200.0
3434,0.832425788539143,13.204964345002224,3434,61.0
3435,3.8828489037792813,9.017205639406145,3435,170.0
3436,0.9081571540335555,16.669562680837828,3436,39.0
3437,3.7080396677234693,8.412753408527706,3437,193.0
3438,2.453798218613709,1.0547355367578546,3438,200.0
3439,0.9390687359521129,12.358092092281709,3439,71.0
3440,-4.324524050300975,23.230413080720542,3440,18.0
3441,0.4368757465963496,11.473821176283657,3441,78.0
3442,1.919399116392629,7.6238934917839005,3442,188.0
3443,2.2834326769549493,1.635799779467373,3443,200.0
3444,3.784665715302505,3.5435885241116774,3444,200.0
3445,0.44218946573254997,14.350948086847215,3445,52.0
3446,3.993486039022094,3.4568396392514242,3446,200.0
3447,2.2237985324273364,9.309650596778011,3447,128.0
3448,5.560442346754952,5.015985676680985,3448,200.0
3449,3.0933389726281564,2.9850515492886815,3449,200.0
3450,0.09702352531974814,13.9693718240193,3450,54.0
3451,3.2250607144193917,2.534463907735787,3451,200.0
3452,0.18683962774138954,20.139963278253894,3452,27.0
3453,0.47293203464147776,17.4658577647165,3453,36.0
3454,2.427904930591353,7.562559245149919,3454,199.0
3455,2.423317646879599,1.9064764773602216,3455,200.0
3456,4.021579882108693,13.089894331772106,3456,75.0
3457,2.970116919020015,1.3633691438600544,3457,200.0
3458,2.1465875402278654,9.447623350002662,3458,127.0
3459,1.4962832371019232,11.542647460471473,3459,81.0
3460,4.879809544914159,4.443943664613209,3460,200.0
3461,1.7600310985730296,1.3344168135866186,3461,200.0
3462,3.4380607471215128,3.4489278285266662,3462,200.0
3463,3.1003735398217973,2.0203486825111825,3463,200.0
3464,-2.8997777272664016,23.836483063713317,3464,18.0
3465,3.3373396160226436,3.1569319556065465,3465,200.0
3466,2.755669810994485,2.153242507175654,3466,200.0
3467,-0.40233940301014504,18.086682673233845,3467,32.0
3468,3.0125329920908337,2.3599135222517025,3468,200.0
3469,-3.6363178549062334,21.577489410926475,3469,21.0
3470,1.8781761538107908,13.29751798203332,3470,64.0
3471,1.889309712109463,9.83551357581744,3471,112.0
3472,4.252495344359844,3.6879145287922857,3472,200.0
3473,3.087126964458595,2.4204410239775584,3473,200.0
3474,2.4325343081597333,1.9688460523610305,3474,200.0
3475,1.2671911045390047,11.17380497620457,3475,88.0
3476,4.641655746316008,3.9214812200948677,3476,200.0
3477,2.7511610440820338,2.068411707936968,3477,200.0
3478,1.918316694623264,10.999863840725553,3478,93.0
3479,3.7768830425642275,3.540510188572263,3479,200.0
3480,1.9853941375700035,11.327081424772793,3480,87.0
3481,1.1340168296380553,7.43475009157156,3481,191.0
3482,3.1953496579667946,9.693550090564372,3482,134.0
3483,2.6002588633426376,1.5656863116142106,3483,200.0
3484,3.4802701820015667,2.4366806928209783,3484,200.0
3485,2.998381646316109,3.1256494293639774,3485,200.0
3486,4.788870592917636,3.9818649075244217,3486,200.0
3487,3.569660680842341,9.428349174364957,3487,145.0
3488,2.2146770386412618,8.326910141833947,3488,166.0
3489,3.9276777572056534,9.170718147118256,3489,164.0
3490,3.7677758976923683,3.36941639458978,3490,200.0
3491,2.673191770751846,9.248527522276195,3491,136.0
3492,2.3510982754275394,1.698862288272712,3492,200.0
3493,5.148355656152421,4.927296262421901,3493,200.0
3494,4.2178386184969545,3.8922657184656493,3494,200.0
3495,2.82247112048297,9.316924520352618,3495,142.0
3496,3.0021114874283548,2.4751918995748614,3496,200.0
3497,3.3403287597535787,2.757821004290491,3497,200.0
3498,-1.9238557899165976,16.372704322132126,3498,37.0
3499,2.885561410570296,1.9231580889723638,3499,200.0
3500,3.8508816910689676,3.136862716883445,3500,200.0
3501,3.333177935301668,3.6098450059759224,3501,200.0
3502,3.1436027378798452,2.875836861268071,3502,200.0
3503,2.934656769352421,1.3503738804943444,3503,200.0
3504,3.4143992117135684,2.6475437056826414,3504,200.0
3505,3.196462824302902,2.2826317404635232,3505,200.0
3506,2.741487772946116,1.843528066971912,3506,200.0
3507,2.641414362311541,2.272529181611308,3507,200.0
3508,1.7876786956157251,12.550924500792167,3508,72.0
3509,2.665928088089388,2.271257023852752,3509,200.0
3510,2.532105397108744,7.968672989871171,3510,183.0
3511,4.3798302187611675,4.032716918876344,3511,200.0
3512,2.9439427003694645,10.09705290742758,3512,121.0
3513,3.4494772156950853,2.9767069092781537,3513,200.0
3514,-2.6633264503333423,23.2416469299206,3514,19.0
3515,-0.0401557292396736,13.592557044976378,3515,56.0
3516,5.178618387515112,4.391794609128731,3516,200.0
3517,4.629253852087362,4.1689387545461996,3517,200.0
3518,3.3477669261975596,2.7972133814889344,3518,200.0
3519,3.335924241388178,2.689230322536592,3519,200.0
3520,3.048553426029754,2.52111769841032,3520,200.0
3521,-0.09183396590411959,15.78711039123218,3521,42.0
3522,2.471007000658427,10.220895123563903,3522,112.0
3523,3.106691240373022,2.7383506771015815,3523,200.0
3524,1.1751116510626944,15.750986547173145,3524,45.0
3525,-6.646767025700442,29.848084040997325,3525,11.0
3526,0.5410535630893706,10.462404364453155,3526,94.0
3527,3.023053191125426,8.4470785113924,3527,186.0
3528,1.481647200156433,10.241807961298909,3528,103.0
3529,3.6124452469962605,3.1764390104761384,3529,200.0
3530,4.662092174501657,3.919441796650119,3530,200.0
3531,1.8274851173674915,10.00804984177129,3531,112.0
3532,2.272234563789215,11.453472194739723,3532,88.0
3533,2.849847455955152,9.651924298373897,3533,135.0
3534,4.557899140506416,4.2194627207101,3534,200.0
3535,2.1424006367872375,13.949565986340248,3535,60.0
3536,1.9610985728633061,8.514285946274246,3536,153.0
3537,3.335215241574562,2.7700405822881304,3537,200.0
3538,6.091959212479594,5.077160849252564,3538,200.0
3539,4.1518372964288295,3.7259809218147026,3539,200.0
3540,4.506141908608537,4.234659844194127,3540,200.0
3541,3.474107309057423,3.409333645245054,3541,200.0
3542,2.6135607524583064,2.4849104787116514,3542,200.0
3543,3.741694100486609,3.5361138281616986,3543,200.0
3544,3.8587679848303256,10.20412849712542,3544,126.0
3545,4.55517806547636,4.2919591141154925,3545,200.0
3546,2.1228655518270636,10.429208560274736,3546,104.0
3547,2.1506489582348354,1.813715673828558,3547,200.0
3548,4.7772679230578055,4.5727056719708274,3548,200.0
3549,3.1354782327929343,2.5924211756032096,3549,200.0
3550,2.72088085571223,2.6190006366784946,3550,200.0
3551,-8.275814405319357,30.719859495883302,3551,10.0
3552,4.110372997513432,3.837244080662641,3552,200.0
3553,4.334743725229674,3.6645473860227016,3553,200.0
3554,1.077481478814125,15.066612851679844,3554,48.0
3555,3.534471657316709,10.180052654305797,3555,127.0
3556,2.8635369743218924,2.2425874539273014,3556,200.0
3557,5.737845511291746,4.5291440093683235,3557,200.0
3558,4.6452444291123935,4.318280549720905,3558,200.0
3559,3.141441191362466,2.659342650732453,3559,200.0
3560,3.4890830359704275,9.461704081589106,3560,145.0
3561,3.2600466296525394,2.908921292182253,3561,200.0
3562,3.4624801165237,3.201338834058715,3562,200.0
3563,1.255785015563394,13.705860862135255,3563,58.0
3564,3.612982608300349,2.9624705607158286,3564,200.0
3565,3.4605523306292896,3.3396530586295126,3565,200.0
3566,3.015210581513029,2.02585115057108,3566,200.0
3567,4.620341420383753,3.8806878101171822,3567,200.0
3568,2.7572243069453806,2.3419018901681667,3568,200.0
3569,4.257459487397361,3.922758576882794,3569,200.0
3570,3.119222906421279,2.7200820914812796,3570,200.0
3571,1.9603382624165033,9.95553086605711,3571,112.0
3572,3.5760314677820757,9.302360829816543,3572,148.0
3573,2.72483629067442,1.8664411537409094,3573,200.0
3574,3.472542577557663,3.4918877049858548,3574,200.0
3575,3.7668411148456844,3.0377574555055125,3575,200.0
3576,8.69163938669966,5.132719183602141,3576,200.0
3577,3.5663425362747687,3.220373871088902,3577,200.0
3578,1.3641750866020175,15.674770881105808,3578,46.0
3579,-1.719013944668708,18.943995430144483,3579,28.0
3580,2.570849826653053,10.131162343405068,3580,116.0
3581,4.7693312283051625,4.3180582253169835,3581,200.0
3582,4.8793936857803475,4.04271122296444,3582,200.0
3583,3.180921222135309,2.820865738857857,3583,200.0
3584,2.771730295743651,8.977250218154275,3584,147.0
3585,5.046470540104883,4.071982778617051,3585,200.0
3586,4.1020097482254405,3.8512678652652896,3586,200.0
3587,3.2535457627107656,2.8631722548014404,3587,200.0
3588,6.12463142847649,4.898876529638623,3588,200.0
3589,2.926914703725124,2.471598493736691,3589,200.0
3590,3.5797420316000927,3.0426801689736047,3590,200.0
3591,-4.241162104266788,20.90891384654535,3591,22.0
3592,4.654842963418992,3.9668290838946287,3592,200.0
3593,3.4187400007735436,2.869065698810798,3593,200.0
3594,4.6472056119609855,4.262529163700893,3594,200.0
3595,2.775158710151427,2.507580592996361,3595,200.0
3596,3.146301598330971,10.615785146775629,3596,114.0
3597,1.3017057415258046,14.549033400406083,3597,52.0
3598,3.6644881387126844,3.1745723655119735,3598,200.0
3599,2.9957960026286354,2.52542146827668,3599,200.0
3600,3.083144452716338,2.6721729083425836,3600,200.0
3601,3.4565742866015805,8.270266509569081,3601,194.0
3602,0.8581835792213695,15.719558620042914,3602,44.0
3603,4.042454726141552,3.95252403988159,3603,200.0
3604,-2.7549025332149304,26.386253101851064,3604,15.0
3605,3.0829036381423607,2.255836178755222,3605,200.0
3606,4.430273213404329,3.8632191304789676,3606,200.0
3607,1.4761261631290898,11.076439940868719,3607,93.0
3608,4.1351591799128675,3.9527711530124194,3608,200.0
3609,3.861779841799746,2.978841403418071,3609,200.0
3610,3.567260172197511,8.847178590328518,3610,168.0
3611,3.8988864937002723,8.647051116847859,3611,187.0
3612,4.89745141691629,4.414780333108963,3612,200.0
3613,2.256008438870424,8.202732664586438,3613,169.0
3614,2.2116992956039474,8.285870066577875,3614,173.0
3615,2.61969164013409,1.5371720697125166,3615,200.0
3616,2.889616636108639,2.4371938920568037,3616,200.0
3617,-4.943691168085388,27.735348915294825,3617,13.0
3618,4.986665657756979,4.493167523615892,3618,200.0
3619,-1.2934342911160446,17.215168278277638,3619,34.0
3620,1.839105225412137,9.979147157735458,3620,113.0
3621,-1.6799645056064663,16.294826940618698,3621,38.0
3622,5.025744017678202,4.34176895060713,3622,200.0
3623,3.6631238875344696,8.823296234998052,3623,169.0
3624,3.119054020472685,8.422972082061653,3624,178.0
3625,2.9905450132141755,2.240265073252572,3625,200.0
3626,-4.436760490534376,24.859049267794916,3626,16.0
3627,2.760893844980848,1.2692787602881679,3627,200.0
3628,2.935871434682824,2.588227751116291,3628,200.0
3629,3.761439648859668,3.2637390907235018,3629,200.0
3630,4.168895437385767,3.591609072529563,3630,200.0
3631,3.8853073084437564,3.336107015795786,3631,200.0
3632,3.4094363157069796,10.400224287434602,3632,116.0
3633,2.70723598790797,1.7831557296455545,3633,200.0
3634,3.785036271008094,3.38743721475084,3634,200.0
3635,1.665332472544457,1.1593519642174017,3635,200.0
3636,2.353820943243866,1.5336941220999762,3636,200.0
3637,2.536969870574853,1.8858321097011863,3637,200.0
3638,4.026968552721987,3.3524780463431423,3638,200.0
3639,3.5488531129602006,10.36064258347405,3639,123.0
3640,1.2717356353916485,7.8727298288939265,3640,173.0
3641,1.7689577272831194,9.585971567726325,3641,120.0
3642,4.918850955671259,4.209261557718211,3642,200.0
3643,-0.21113377165990968,14.826505042579845,3643,47.0
3644,4.9473118058404655,10.912593257127847,3644,117.0
3645,2.9133190336801493,2.601403328145139,3645,200.0
3646,5.515739881402669,4.657521174407956,3646,200.0
3647,2.910631102079498,13.711800485017365,3647,64.0
3648,2.363237471317249,13.208682158708886,3648,66.0
3649,2.6925147302755748,1.592093753282609,3649,200.0
3650,1.991317316143607,8.885352961451215,3650,141.0
3651,5.10388959637368,4.562340732193632,3651,200.0
3652,3.4977873153406076,3.201853343374533,3652,200.0
3653,2.54284473087583,1.80893697944098,3653,200.0
3654,3.2123826223996343,2.5839003040870767,3654,200.0
3655,-0.5530582975108215,15.57415195781486,3655,42.0
3656,3.9484804373541995,4.035753810378583,3656,200.0
3657,3.6363853567020294,3.1308739291284238,3657,200.0
3658,4.008616363775095,3.7492305371020316,3658,200.0
3659,6.7925247684150065,5.220027979169985,3659,200.0
3660,2.5961596142809498,1.5665181159152113,3660,200.0
3661,3.42622783601107,2.672354401865051,3661,200.0
3662,3.6952042541009833,3.0251317973439416,3662,200.0
3663,1.8115447449829039,10.801499980593377,3663,94.0
3664,2.7369639934446313,2.4884977399108745,3664,200.0
3665,3.074469775133746,9.35030674526022,3665,139.0
3666,3.214834782708739,2.409822085841429,3666,200.0
3667,2.5937256969665463,1.99036586286227,3667,200.0
3668,0.630797357399748,12.54892595545366,3668,68.0
3669,3.4450229221237354,3.1111244460902965,3669,200.0
3670,2.514289861905925,9.114266726034796,3670,138.0
3671,2.585277373303975,1.826471147433181,3671,200.0
3672,2.9031873290528383,2.348649851924039,3672,200.0
3673,3.543890897663784,3.1623705506782835,3673,200.0
3674,3.4606080802061956,3.236461303711224,3674,200.0
3675,2.8887878644578304,2.949464453303948,3675,200.0
3676,3.538606785643898,2.635752183967257,3676,200.0
3677,-16.409820897837832,37.38614509343226,3677,6.0
3678,1.839236405245774,10.851677535562775,3678,92.0
3679,-0.38220953280646003,21.639815430309977,3679,23.0
3680,1.5036333038683296,10.511920316332924,3680,97.0
3681,2.721337583234614,1.4088744095982826,3681,200.0
3682,4.1082470007071485,3.6304023331351183,3682,200.0
3683,1.8234318082174825,7.662757113699348,3683,198.0
3684,3.2404311992005703,1.7467313354098366,3684,200.0
3685,3.04844287121757,2.2055583362081936,3685,200.0
3686,4.509317322948085,4.027250753401578,3686,200.0
3687,3.0049812423775846,2.392759700467991,3687,200.0
3688,4.738520991746915,4.417599285818166,3688,200.0
3689,2.743338514878073,1.7186170504695848,3689,200.0
3690,2.881755063163809,2.276779175548283,3690,200.0
3691,2.840898115043661,8.666259756483997,3691,169.0
3692,4.656162709580553,4.1517848292432005,3692,200.0
3693,2.5593942131674403,2.168730630816569,3693,200.0
3694,5.032445856521557,4.378425074744494,3694,200.0
3695,1.9098391974061013,7.796260217107721,3695,177.0
3696,5.1354355934469735,4.272432057942497,3696,200.0
3697,1.9508321322864937,12.381564879750556,3697,73.0
3698,-0.07753738271314656,19.99323115671209,3698,27.0
3699,1.8899077785121121,11.316933964952382,3699,86.0
3700,2.592343673157967,8.840155718642484,3700,151.0
3701,4.158522043531474,3.583837063268744,3701,200.0
3702,3.7144813606188456,3.251721072330475,3702,200.0
3703,5.336326320731896,4.56884369892338,3703,200.0
3704,2.6033398991751633,7.8551103857509625,3704,190.0
3705,-0.9759488936308811,23.8558521641684,3705,19.0
3706,1.7402595919667798,11.497355598103706,3706,83.0
3707,3.033762536361761,2.169931932185823,3707,200.0
3708,0.6941918962876763,12.619608353866107,3708,65.0
3709,1.5986566052461868,16.977355853555807,3709,40.0
3710,0.6058161254900283,12.521415678545234,3710,66.0
3711,3.103437136616658,2.7716554145250774,3711,200.0
3712,5.545745186965903,4.952450592126811,3712,200.0
3713,4.682677479202441,4.045348575817368,3713,200.0
3714,3.6194781076739453,12.791575218831943,3714,76.0
3715,4.284016198646765,4.191820557777663,3715,200.0
3716,1.5450159068171805,7.924665484573413,3716,178.0
3717,2.235424005327473,1.9950979767451216,3717,200.0
3718,5.375579749809129,4.490705650357063,3718,200.0
3719,4.9572775292342035,4.392533589145563,3719,200.0
3720,3.0575043973727762,2.0982707314478954,3720,200.0
3721,3.5816613239974413,3.595975886364437,3721,200.0
3722,2.3640303225211476,1.3730859022017832,3722,200.0
3723,3.4025678108152704,2.8978357121193636,3723,200.0
3724,1.6691111416773319,12.199716377067219,3724,75.0
3725,2.7302657884900987,2.365391391803938,3725,200.0
3726,4.175599540490804,3.937794367604421,3726,200.0
3727,2.645999124561586,2.535353036765091,3727,200.0
3728,1.115965380750401,10.812321269832006,3728,89.0
3729,3.145942624715325,2.0406449701457636,3729,200.0
3730,4.373179031979783,3.7960845352532138,3730,200.0
3731,2.8403063469682106,2.4504339234378407,3731,200.0
3732,4.076932778084696,10.82919194196866,3732,111.0
3733,2.550508221623587,2.269346152636322,3733,200.0
3734,2.175571946054504,1.5365301341130746,3734,200.0
3735,4.884935153800995,8.723653628878793,3735,199.0
3736,4.356317497692898,4.064063099541436,3736,200.0
3737,4.496925746932887,4.195124016777295,3737,200.0
3738,-1.7896401217872315,16.478849454014213,3738,37.0
3739,4.596238249695283,4.224880049218333,3739,200.0
3740,4.11848489033574,3.4557170020185266,3740,200.0
3741,4.293106294972882,4.279877524724785,3741,200.0
3742,2.3006253246652553,1.1256255879814185,3742,200.0
3743,4.45534068827642,3.7286054421073507,3743,200.0
3744,3.5267705622955305,3.1535274261420265,3744,200.0
3745,5.300453350521858,4.864890885244312,3745,200.0
3746,1.6759637283722661,15.75475905236644,3746,45.0
3747,3.0670055739748636,2.5965247136479634,3747,200.0
3748,4.900485254645887,4.73659092159791,3748,200.0
3749,2.9558379524684084,9.604545571830108,3749,135.0
3750,5.354564248659269,4.7744215212546415,3750,200.0
3751,2.86963687516384,2.972722986296383,3751,200.0
3752,-1.3586607920438196,17.752863765145715,3752,32.0
3753,3.130603247936592,12.119580419652728,3753,83.0
3754,3.4851141600962112,3.3882399739697298,3754,200.0
3755,2.890917271836246,2.351498019644563,3755,200.0
3756,3.110628719534634,1.9519959359156824,3756,200.0
3757,2.627530440504362,2.038548448924587,3757,200.0
3758,4.5312528092568405,3.994175017897133,3758,200.0
3759,4.587309284604459,8.949317185675737,3759,194.0
3760,-1.5581446295885106,19.838703185156287,3760,26.0
3761,3.590625107936528,3.6259636077342488,3761,200.0
3762,2.9450387911436264,2.007077973329618,3762,200.0
3763,2.63713126381962,2.13954716065591,3763,200.0
3764,3.092127312415894,8.753003558326863,3764,162.0
3765,4.9422669577933735,4.400801882726365,3765,200.0
3766,3.7171868200192493,2.924401816125455,3766,200.0
3767,1.5927524806607167,9.690642372584911,3767,113.0
3768,3.628875998811367,3.45908783282995,3768,200.0
3769,5.945925218913731,4.878311340159946,3769,200.0
3770,4.226497397426282,3.6398088407871287,3770,200.0
3771,4.14421037667529,3.452614744981008,3771,200.0
3772,5.615587234184568,4.561789076707863,3772,200.0
3773,4.083782295710926,4.08266915877817,3773,200.0
3774,3.7525186583192425,3.259890660470678,3774,200.0
3775,1.90000158995083,1.606617650207389,3775,200.0
3776,-5.633146973936702,26.365155694776227,3776,14.0
3777,3.262592207505512,2.592162065736381,3777,200.0
3778,1.6462133501104312,7.507931013386019,3778,198.0
3779,4.622887716673689,4.413792934143185,3779,200.0
3780,5.152517514271639,4.43247835181381,3780,200.0
3781,1.8679211104520355,1.607401288729501,3781,200.0
3782,5.365563710351877,4.632027678867067,3782,200.0
3783,3.1486918265476294,2.6777244418357684,3783,200.0
3784,2.94223504283555,2.6619470055436376,3784,200.0
3785,4.834049934761013,9.675263655459032,3785,154.0
3786,3.2324085995766487,10.378468208912846,3786,116.0
3787,-2.0093491153285012,20.988142697372894,3787,23.0
3788,4.786306422142893,4.297713500333774,3788,200.0
3789,5.510875892114584,4.617803325887942,3789,200.0
3790,3.733022740833023,10.6926701031645,3790,111.0
3791,2.271136641989621,14.745263295692792,3791,53.0
3792,4.655727058955745,4.2444414656461955,3792,200.0
3793,1.9318915282211835,10.266639741254977,3793,103.0
3794,-1.2822282996954293,17.48163305523644,3794,33.0
3795,4.782770989542648,4.219557723449959,3795,200.0
3796,0.8495270531853313,19.259236193065885,3796,30.0
3797,2.321999166179335,1.7277395556621091,3797,200.0
3798,4.237076437678059,3.7463785981910482,3798,200.0
3799,2.362984623613595,1.4822220658481835,3799,200.0
3800,3.6640600068882407,3.3598070257334602,3800,200.0
3801,4.302945857970899,4.247591510188405,3801,200.0
3802,4.0229251373740205,4.1907988497308155,3802,200.0
3803,2.1044513816077957,10.42281635547755,3803,104.0
3804,2.454953781436409,2.1794564084626007,3804,200.0
3805,3.84613979485721,9.038291605369762,3805,166.0
3806,2.719435362267576,1.751078648813273,3806,200.0
3807,3.9649275707889204,3.703487801440449,3807,200.0
3808,5.6595119670956615,4.86829637918486,3808,200.0
3809,3.2469902060055107,2.2507674939369804,3809,200.0
3810,6.618255816560771,5.327978366643955,3810,200.0
3811,3.3635393145700108,2.856965968589195,3811,200.0
3812,2.9092576176976968,2.2303870230885243,3812,200.0
3813,2.960959265395514,1.8298678420845718,3813,200.0
3814,2.9560247508677255,9.946102365986775,3814,122.0
3815,2.8289682202841413,1.766706149064084,3815,200.0
3816,3.507154354581465,11.941989349353667,3816,87.0
3817,3.490856479329712,3.3042994606924725,3817,200.0
3818,5.27033176052772,4.492164184239677,3818,200.0
3819,5.112563661262448,4.335355674854517,3819,200.0
3820,7.119216509908418,5.01688802764057,3820,200.0
3821,5.188636046296864,4.3283112009587805,3821,200.0
3822,1.9258001168554937,9.259241590464741,3822,130.0
3823,3.646666904245976,2.992277896473011,3823,200.0
3824,4.638302941813665,4.271598947272944,3824,200.0
3825,3.3698314350850684,2.863106183680253,3825,200.0
3826,3.29206855963937,2.755066899986873,3826,200.0
3827,2.0572825491614006,14.282994816324711,3827,56.0
3828,-0.3944242420155596,16.64189743930758,3828,37.0
3829,6.178796362486408,4.924359961400124,3829,200.0
3830,4.05681935200948,4.006052985762434,3830,200.0
3831,2.9869035315669676,2.656936948906844,3831,200.0
3832,2.761599158000416,2.7825670717464055,3832,200.0
3833,2.6493769397463667,1.955499897563032,3833,200.0
3834,1.667189564042355,19.82231621493739,3834,29.0
3835,3.7589883868702714,3.248595332172411,3835,200.0
3836,5.085228633359425,4.202081122744111,3836,200.0
3837,2.7889970293175343,10.682648038032335,3837,103.0
3838,3.6191612472550507,3.139535159081696,3838,200.0
3839,6.011532173184247,5.206143994450943,3839,200.0
3840,0.919633808454008,12.037434504414605,3840,72.0
3841,4.743010128208343,3.939312426695321,3841,200.0
3842,2.826570873871789,1.8870702225141307,3842,200.0
3843,3.1562930991501736,2.6026111863087946,3843,200.0
3844,2.4555175680854346,1.3981564127566377,3844,200.0
3845,2.0603605897240564,1.6400218340077752,3845,200.0
3846,2.769814570843212,2.252605106908837,3846,200.0
3847,9.423197580386756,4.928476188565114,3847,200.0
3848,3.0626267595771455,10.75583013982094,3848,105.0
3849,2.5785941654322158,8.813786982878097,3849,158.0
3850,3.9434148143613834,3.4312461404732595,3850,200.0
3851,9.097825952608707,4.992025931281033,3851,200.0
3852,4.663754296803166,4.107418627620359,3852,200.0
3853,0.9602623448236881,10.256240071331112,3853,101.0
3854,5.098802872662992,4.243683131518832,3854,200.0
3855,2.911509377006009,2.3506890559503453,3855,200.0
3856,7.103635666180528,5.20023879668632,3856,200.0
3857,4.2237803491722925,3.802109669825277,3857,200.0
3858,5.746930213012202,4.658103604737433,3858,200.0
3859,3.5186238603390523,2.821023534843375,3859,200.0
3860,5.331231086577741,4.618134659404832,3860,200.0
3861,3.14876828012116,2.482809270600565,3861,200.0
3862,8.480694899210466,5.3597977729783395,3862,200.0
3863,3.8925538373439923,3.258981194994307,3863,200.0
3864,5.424128004504573,4.6235591217083565,3864,200.0
3865,2.917480246649469,2.1647070527913748,3865,200.0
3866,3.2679213930275965,2.9076209522196947,3866,200.0
3867,3.7519837709611217,3.136337992458016,3867,200.0
3868,5.3446397596966,5.113644098513167,3868,200.0
3869,4.005301537344887,9.168628159205843,3869,167.0
3870,3.0785089557545757,2.4753507230542526,3870,200.0
3871,-6.689341704648861,25.889882242012888,3871,14.0
3872,4.2623274981378145,3.679993142867163,3872,200.0
3873,9.9378700325924,4.820298710358087,3873,200.0
3874,2.8658805565318834,8.919780130024021,3874,154.0
3875,3.532527464924198,2.398440010898096,3875,200.0
3876,1.004372329169454,11.847812699657819,3876,74.0
3877,3.039211169976815,2.419974027745195,3877,200.0
3878,2.9610186733936934,2.547806672803152,3878,200.0
3879,4.9836645968597715,4.720958893115653,3879,200.0
3880,4.058281660398791,11.945081693236514,3880,90.0
3881,5.6179273869483355,4.708711306257009,3881,200.0
3882,2.9314685990728235,2.1768911755597116,3882,200.0
3883,3.74281998498178,2.9207565338440244,3883,200.0
3884,-4.25838252618602,23.232973582943806,3884,18.0
3885,-1.825535763246617,18.374331337956807,3885,30.0
3886,3.9894288144895,3.2560014412421587,3886,200.0
3887,1.2924305771926918,8.86160969289009,3887,134.0
3888,-2.0780649116265653,19.24120130686602,3888,27.0
3889,4.718635228185876,9.891999077907268,3889,146.0
3890,3.340762914805973,2.390073234336309,3890,200.0
3891,-3.1350667446735905,24.496942380371575,3891,17.0
3892,2.7931531721481258,8.550525508555086,3892,166.0
3893,3.978373594635792,3.2720430029171927,3893,200.0
3894,3.024028681060039,2.420540848988217,3894,200.0
3895,-3.2482698466663904,20.653237164858005,3895,23.0
3896,2.524959599084291,0.9006908586776351,3896,200.0
3897,3.167847591851363,1.409939582461395,3897,200.0
3898,1.927671022650075,10.252050075360584,3898,108.0
3899,3.0941961863875065,3.012875767691643,3899,200.0
3900,2.9115776397811213,1.94962111620784,3900,200.0
3901,2.3156501492691235,12.274303912191726,3901,76.0
3902,3.382548928823586,3.2306442596484617,3902,200.0
3903,3.7965663642788825,3.3023467358861005,3903,200.0
3904,1.9738052761369795,1.031417646885807,3904,200.0
3905,3.913471534420944,3.2220281898615215,3905,200.0
3906,7.418363351840301,5.203019426535326,3906,200.0
3907,1.0942438769247396,9.900314398799908,3907,109.0
3908,1.7030415278124145,1.423936348497552,3908,200.0
3909,3.8414661233029532,3.174117914409953,3909,200.0
3910,3.4815359302008915,3.493076571105729,3910,200.0
3911,-1.0279791443740627,20.23880341101109,3911,26.0
3912,3.4371097216651103,10.605746232346826,3912,114.0
3913,6.260292380617946,9.515660172564981,3913,184.0
3914,4.542066346104957,4.675351315234107,3914,200.0
3915,-1.8196920466030788,18.273221201478556,3915,30.0
3916,7.202240444581939,5.246074409194187,3916,200.0
3917,4.923653474405438,4.269662088137156,3917,200.0
3918,1.4330879734606021,15.659661000485514,3918,45.0
3919,2.985655706865224,2.1204560593851953,3919,200.0
3920,2.2592548062627866,8.360632820462033,3920,173.0
3921,2.541697259120771,1.6167278336302482,3921,200.0
3922,1.0066513785895004,11.265945345766086,3922,83.0
3923,1.2691743536559215,12.679237987641349,3923,68.0
3924,1.684495651980915,7.448533480881039,3924,189.0
3925,1.4453257983049428,9.703640838560121,3925,112.0
3926,3.23855524216529,2.2884449590206652,3926,200.0
3927,9.81023060272501,9.44625169339108,3927,185.0
3928,2.3530852800420443,1.7649658674398714,3928,200.0
3929,2.846892410330166,2.457823594066993,3929,200.0
3930,2.222631530362003,1.612385306895583,3930,200.0
3931,1.1284052063485892,9.016944146127118,3931,128.0
3932,-12.330445601655082,33.1379124069478,3932,8.0
3933,2.389443635452763,1.6767045395419313,3933,200.0
3934,3.051512212335398,1.988740200250059,3934,200.0
3935,6.26340932444309,5.113536969657445,3935,200.0
3936,4.486746668926629,3.875238149918427,3936,200.0
3937,5.76225601968754,4.636207368265809,3937,200.0
3938,3.5602703930362587,2.8151799529940145,3938,200.0
3939,6.176199745261568,4.730708426792884,3939,200.0
3940,2.3008824684160167,1.2768690490940875,3940,200.0
3941,2.109754903864246,1.453749515702213,3941,200.0
3942,3.1006905853073214,2.9999754153817206,3942,200.0
3943,1.110388305095535,10.812224627003946,3943,91.0
3944,3.8114116780801943,3.0854722756066586,3944,200.0
3945,2.0377652655626277,1.5319262497513397,3945,200.0
3946,-11.60364320197821,33.42308686628749,3946,8.0
3947,1.1241254959424996,10.622812006237076,3947,96.0
3948,0.169269474169408,14.759696322989244,3948,49.0
3949,5.230628012173334,4.360440851494578,3949,200.0
3950,5.198402074102689,4.564631250015658,3950,200.0
3951,4.1745575384329765,9.741962889097477,3951,147.0
3952,2.2918641642169337,15.983917739613029,3952,46.0
3953,4.531210905958372,4.166213493794842,3953,200.0
3954,5.969350438426086,4.769744233530438,3954,200.0
3955,1.976110802249346,17.099672793025988,3955,39.0
3956,2.366514297216155,2.289039482530724,3956,200.0
3957,2.304227684447496,1.6612099520401973,3957,200.0
3958,2.8527515534760868,2.566482198265047,3958,200.0
3959,3.5831792676572367,3.2128867579814595,3959,200.0
3960,2.2688440867764714,1.5018539671963156,3960,200.0
3961,5.342195807694391,4.299852009253369,3961,200.0
3962,3.2719842545189577,2.810488972158186,3962,200.0
3963,5.771293070951709,4.95414280761754,3963,200.0
3964,2.874209322284072,2.0021028403126326,3964,200.0
3965,6.322909211659926,4.971614453566319,3965,200.0
3966,3.2173521070578044,2.9079983700696515,3966,200.0
3967,1.3074867359137576,1.0699075227751242,3967,200.0
3968,3.5830145034715315,2.822662021630098,3968,200.0
3969,3.827956695910633,3.178595615178179,3969,200.0
3970,2.4050073492727218,1.5655896134529994,3970,200.0
3971,2.2618927987658317,9.117794375114746,3971,140.0
3972,-0.4783467396789186,16.265285825904353,3972,39.0
3973,3.9083338817897055,3.4049580373393153,3973,200.0
3974,2.8300257388939443,7.793025374991462,3974,195.0
3975,3.564926243616441,2.8356417709759154,3975,200.0
3976,5.6785657552391795,4.691892968075679,3976,200.0
3977,3.1991722254309214,2.233227163611132,3977,200.0
3978,4.205971588818618,3.3212142557909026,3978,200.0
3979,2.7053621891650588,8.680494573859043,3979,156.0
3980,2.9138984199909546,2.130318389903929,3980,200.0
3981,5.507671904122557,4.591484322561389,3981,200.0
3982,2.8030690783559358,1.6767162444231973,3982,200.0
3983,5.015160035541542,4.863288346832473,3983,200.0
3984,0.7453485513816501,11.936365516484658,3984,75.0
3985,4.6834769583218385,4.208864816840328,3985,200.0
3986,5.947848731629488,4.836636783525669,3986,200.0
3987,5.467830434247796,10.515328739649176,3987,131.0
3988,4.975744604226251,4.3522630830127325,3988,200.0
3989,2.005630110785633,8.932089840657499,3989,134.0
3990,1.810619410186674,1.0062449101198874,3990,200.0
3991,3.106962588310978,2.234240179113854,3991,200.0
3992,1.5022520208755903,13.036127214523102,3992,65.0
3993,2.769404333420524,10.597468204163546,3993,113.0
3994,2.467015577375776,8.742117502568565,3994,155.0
3995,2.7290836340539695,2.0484656710078046,3995,200.0
3996,6.231151733840516,5.015487414339009,3996,200.0
3997,2.4357723539181135,1.861818197131519,3997,200.0
3998,5.121462662281357,4.3336789996802025,3998,200.0
3999,2.424798910983314,1.3081970071442295,3999,200.0
4000,2.5766298990898093,10.43771291663301,4000,115.0
4001,2.6059723999140743,2.5582571992885565,4001,200.0
4002,3.421282221717361,2.7506997737390635,4002,200.0
4003,4.008491776772807,3.3146336354941,4003,200.0
4004,5.878479115581605,4.803203627650316,4004,200.0
4005,3.4778038599078904,2.7658644303524293,4005,200.0
4006,3.003013238181741,1.9501474117562776,4006,200.0
4007,4.939379282297666,4.361865819050466,4007,200.0
4008,5.0848535795108845,4.437476829229232,4008,200.0
4009,2.666403933457443,10.742617476320868,4009,102.0
4010,4.053052074293394,3.645010177500531,4010,200.0
4011,5.333482960414766,4.353785150557929,4011,200.0
4012,5.97401742204186,4.886341201910106,4012,200.0
4013,4.699092716702212,4.126304103005788,4013,200.0
4014,5.634130523651789,4.66623257110927,4014,200.0
4015,3.3905407792289894,2.8739085727198286,4015,200.0
4016,3.214320350389599,12.825702883630747,4016,73.0
4017,3.356444443016995,3.17906750562254,4017,200.0
4018,-0.20558616679469585,17.437927726938874,4018,35.0
4019,6.442374187303749,4.961074623613202,4019,200.0
4020,7.602740084490395,5.0954277212966765,4020,200.0
4021,4.933354576221917,4.247722838753283,4021,200.0
4022,5.6455103933995625,4.50698682644425,4022,200.0
4023,2.9596899255181484,10.42547185633489,4023,113.0
4024,4.127502480723866,3.3235701061543685,4024,200.0
4025,6.06307378737908,4.994860615484774,4025,200.0
4026,3.7835432973258714,8.992710003123802,4026,166.0
4027,4.540798314534664,3.8589375136805417,4027,200.0
4028,4.739695749868983,4.067534831099085,4028,200.0
4029,-1.4401441358595792,18.665201249127907,4029,29.0
4030,4.72826324138904,4.028911308957053,4030,200.0
4031,5.8008081733141355,4.750735016424554,4031,200.0
4032,4.655378602870691,3.8227145912037948,4032,200.0
4033,3.251130389623067,8.345546300620521,4033,187.0
4034,-1.3929023822554725,18.359052952136327,4034,30.0
4035,3.4358188370465075,2.8126372089393263,4035,200.0
4036,3.575078710511219,2.9428416875581944,4036,200.0
4037,2.9840191070628377,2.541487204224267,4037,200.0
4038,0.5686651078920566,11.180717799157172,4038,83.0
4039,3.0277821662737665,2.7993339919372078,4039,200.0
4040,3.370819551186741,2.81245219095854,4040,200.0
4041,2.384963988549964,12.510131897138406,4041,73.0
4042,3.6317340974481813,2.4702892111117447,4042,200.0
4043,5.57464335670092,4.47586358879221,4043,200.0
4044,3.600539558199645,3.0952815517526817,4044,200.0
4045,3.189993934617438,9.209705972414753,4045,150.0
4046,4.9838422381816505,4.135845957635455,4046,200.0
4047,5.3222172627011854,4.424967962205558,4047,200.0
4048,4.303385296790782,3.571807377679915,4048,200.0
4049,2.6828254535445057,2.1008473079278978,4049,200.0
4050,5.7706579122873745,5.044647040540725,4050,200.0
4051,0.40036105471120353,12.254473075786999,4051,69.0
4052,3.9878013747958376,3.4380224565499775,4052,200.0
4053,3.7434310297114606,3.2070149040367912,4053,200.0
4054,4.743378656494762,4.482304513384856,4054,200.0
4055,4.074280612347321,3.298174176106159,4055,200.0
4056,3.918588255280775,3.4102800281175827,4056,200.0
4057,1.761208859968905,8.210501375307944,4057,163.0
4058,5.359687928137032,4.452986554332192,4058,200.0
4059,3.5866856306711905,2.9354801438686526,4059,200.0
4060,2.97820326241545,2.7371550268474496,4060,200.0
4061,6.641265631348428,4.913567099080941,4061,200.0
4062,4.309261044390061,3.6668594093369125,4062,200.0
4063,3.7805171583761457,3.7204330490565094,4063,200.0
4064,3.0890288611680194,2.8285569180916044,4064,200.0
4065,4.078952615110353,3.8146605227661468,4065,200.0
4066,4.734984647813853,11.524913709631232,4066,105.0
4067,3.6796289854346504,2.970352195134611,4067,200.0
4068,5.23323976880544,4.4539843728115756,4068,200.0
4069,5.046154478941081,4.282560716761217,4069,200.0
4070,4.891712616687389,4.241180915417044,4070,200.0
4071,3.972221702464095,3.4467401955418473,4071,200.0
4072,1.4431056518711998,8.880810990058379,4072,134.0
4073,3.443253654191901,3.115141271049809,4073,200.0
4074,2.4446267979024414,12.243679413005477,4074,77.0
4075,5.1900784779987355,4.5353332241690545,4075,200.0
4076,4.577722461499332,4.24822262332343,4076,200.0
4077,3.4957653981392447,3.1029609844450246,4077,200.0
4078,3.1089479211761097,2.4697923974645946,4078,200.0
4079,3.1673628424403613,2.5601362878582363,4079,200.0
4080,3.3495895901398534,2.9013440996845143,4080,200.0
4081,6.7442413472370255,4.990438781464215,4081,200.0
4082,3.662679605159028,3.0850761288514836,4082,200.0
4083,4.059937947502081,3.569814072873515,4083,200.0
4084,4.334637901526238,10.327632252654126,4084,130.0
4085,4.830067346777987,4.405110887908739,4085,200.0
4086,-2.1786799847189977,17.90060495277521,4086,31.0
4087,4.541182713787445,4.793561540127001,4087,200.0
4088,3.682485808599482,3.116772042976275,4088,200.0
4089,3.0006333690992815,11.106327364225338,4089,98.0
4090,3.8013987509996303,3.2791616823550696,4090,200.0
4091,6.058624507024724,4.8401165840504765,4091,200.0
4092,5.9062169555977535,4.5992440946827635,4092,200.0
4093,5.483572395727548,4.826646597678172,4093,200.0
4094,3.031263763252781,2.3872289095517583,4094,200.0
4095,5.028777164907457,4.614061344582544,4095,200.0
4096,4.580280292038703,4.104040889564241,4096,200.0
4097,2.424551245099698,8.231590859549415,4097,170.0
4098,-12.4972675648129,33.072924925125875,4098,8.0
4099,4.826237383094647,4.44543917055382,4099,200.0
4100,-0.5226311306673543,17.090767018501815,4100,35.0
4101,1.2208540660598912,8.495178901033938,4101,146.0
4102,5.8420478976594135,4.893535550259286,4102,200.0
4103,3.6321673990195738,3.3552421893145032,4103,200.0
4104,4.6946214521500265,8.760461091630209,4104,199.0
4105,3.5549623179839274,2.983968782834923,4105,200.0
4106,2.076452225970739,8.07476446353481,4106,162.0
4107,3.2787997993336173,2.8428199767601776,4107,200.0
4108,-1.5518700299090251,19.840428975344718,4108,26.0
4109,5.818394105374039,4.655633625858145,4109,200.0
4110,4.277586611963761,4.028106857338874,4110,200.0
4111,4.253483088047625,3.797200895925241,4111,200.0
4112,4.82237774546919,4.021556682095125,4112,200.0
4113,4.056866977685987,3.7741981359625374,4113,200.0
4114,1.1369282072007008,16.1982456091546,4114,43.0
4115,0.07808120803880894,11.63581012819019,4115,76.0
4116,3.1248831654594693,9.26055503793082,4116,146.0
4117,6.486325168945799,10.366384155266235,4117,142.0
4118,-5.42914154956374,27.45376946555858,4118,13.0
4119,-0.4151474189535187,14.552636937858034,4119,48.0
4120,2.682963733062218,1.5323740875757474,4120,200.0
4121,2.691766079735786,1.156708933518259,4121,200.0
4122,-3.6834472826614095,20.546453894424246,4122,23.0
4123,2.7829822838186926,1.1524203084455336,4123,200.0
4124,2.102864021730194,1.0781188689359198,4124,200.0
4125,5.525214617868577,4.699276779197171,4125,200.0
4126,1.2653057298355563,1.3038266297677235,4126,200.0
4127,1.0557960232320989,17.658403724866456,4127,36.0
4128,2.5683810752612612,7.678347427125625,4128,192.0
4129,2.778940717384028,1.5682715971281254,4129,200.0
4130,1.833327517945122,1.5763001421844798,4130,200.0
4131,3.6222912452841642,3.41070637996776,4131,200.0
4132,6.934870476277087,5.212605341064728,4132,200.0
4133,2.8309157779345147,1.4856643480061051,4133,200.0
4134,4.3780887281762215,3.8037926793310657,4134,200.0
4135,2.4429643717162133,0.952676270318707,4135,200.0
4136,4.710305630811258,4.194417458850719,4136,200.0
4137,3.1548428600222294,2.2905959983625106,4137,200.0
4138,-1.4055776565748996,19.439250831029746,4138,27.0
4139,4.027707455249615,3.6028927696008832,4139,200.0
4140,4.074898467600018,3.334604616131947,4140,200.0
4141,1.917445243063375,11.841940309237469,4141,80.0
4142,3.05022868503362,2.080066315675096,4142,200.0
4143,2.228579598157618,1.6519144921122715,4143,200.0
4144,4.967031366901663,4.20919564567875,4144,200.0
4145,3.4591881748556075,2.7411758185965422,4145,200.0
4146,6.535305643000499,4.849227546347244,4146,200.0
4147,2.2893056549184205,2.069704760131261,4147,200.0
4148,3.0611821924174,1.956108133895029,4148,200.0
4149,2.872130651606904,2.1460694548829538,4149,200.0
4150,5.56599325763491,4.598835562832178,4150,200.0
4151,4.249678640177174,3.46436479843214,4151,200.0
4152,-1.6508008613453695,18.618897573949045,4152,29.0
4153,4.853012459398758,4.330346057793385,4153,200.0
4154,5.4188070574918035,4.789447331787262,4154,200.0
4155,4.77396890094872,4.210364202705026,4155,200.0
4156,2.170593751193024,1.1178419855202018,4156,200.0
4157,1.4393893772795006,7.918448777000558,4157,173.0
4158,3.7487053420384404,3.2346546122910893,4158,200.0
4159,5.581406587999363,4.695251691894081,4159,200.0
4160,2.351113962150628,1.7256835854006163,4160,200.0
4161,4.285909606919933,4.329303847374852,4161,200.0
4162,2.059627325483765,11.337746063043815,4162,87.0
4163,4.531903508519165,4.324714337725266,4163,200.0
4164,3.0310734597478217,2.4134498444635173,4164,200.0
4165,1.7512771111400056,1.2604026573429663,4165,200.0
4166,5.6893996503054,4.6076163644633485,4166,200.0
4167,2.63863759177832,11.963998955074295,4167,83.0
4168,3.3095111229749414,2.630768084233065,4168,200.0
4169,0.029425928821726188,20.91835757423189,4169,25.0
4170,-3.574801272123449,22.13899625306209,4170,20.0
4171,5.5177293743404014,4.8568206343907745,4171,200.0
4172,3.167992699134633,2.441834182776051,4172,200.0
4173,7.005111988684404,5.003235443915221,4173,200.0
4174,2.4568798830450493,1.72358703476528,4174,200.0
4175,3.262497424777441,10.798536801245257,4175,105.0
4176,3.8558678296349513,2.993343883438811,4176,200.0
4177,6.212778049512643,4.763624271581264,4177,200.0
4178,3.80238169111738,3.1723867507958294,4178,200.0
4179,3.879585658301459,9.916057031272592,4179,132.0
4180,4.148748606112264,3.6772079523011145,4180,200.0
4181,0.3424801787366967,15.686991690300404,4181,43.0
4182,3.904124524878914,3.758750347316388,4182,200.0
4183,5.4738985813921035,11.31850251003693,4183,111.0
4184,2.69055745326533,1.918887165501755,4184,200.0
4185,4.092608464533169,3.6244932182406977,4185,200.0
4186,6.284471132157907,4.76933127419267,4186,200.0
4187,5.541258562186788,4.418263643031539,4187,200.0
4188,1.488949333815387,12.416693393498589,4188,71.0
4189,4.8792191845797745,4.370703645742373,4189,200.0
4190,5.428715702240489,9.52072139054727,4190,165.0
4191,4.278658592242933,3.5883666673728762,4191,200.0
4192,2.1777300728544544,1.3748300840374303,4192,200.0
4193,6.297386018139372,4.82534976290956,4193,200.0
4194,2.297451965702032,13.221452857290572,4194,66.0
4195,6.1472255907961895,4.831574774746622,4195,200.0
4196,4.9728587473151835,4.580766248885497,4196,200.0
4197,4.433869294778433,4.010969315769651,4197,200.0
4198,4.766116745444041,4.555992865458461,4198,200.0
4199,5.170795883661542,4.168458764091732,4199,200.0
4200,3.787162619921312,3.3445935791294894,4200,200.0
4201,6.201094755134555,4.8418866052467715,4201,200.0
4202,6.871713972813682,5.122432254765804,4202,200.0
4203,3.458701040510017,2.581943192805182,4203,200.0
4204,3.0773621424577433,11.461397496868111,4204,94.0
4205,7.409466145342533,5.289981519527349,4205,200.0
4206,2.618705884704069,1.9480187606824901,4206,200.0
4207,3.03055897684538,2.336221044712424,4207,200.0
4208,4.7375805952421395,4.378047967763515,4208,200.0
4209,4.119372134368108,3.607080982174613,4209,200.0
4210,0.5045893805325753,14.97366436461019,4210,47.0
4211,1.6629962115218033,14.745264094904158,4211,52.0
4212,4.587519393550989,3.995797189566952,4212,200.0
4213,3.9544044952666524,3.4619398830778922,4213,200.0
4214,2.824675413193138,1.7075638117540144,4214,200.0
4215,4.674813252303893,8.709784931019833,4215,192.0
4216,3.502151583339475,2.849366472346903,4216,200.0
4217,7.248206201288891,5.114902514529564,4217,200.0
4218,3.2395547065762877,2.918316469269492,4218,200.0
4219,3.283736524774606,8.13589317376448,4219,196.0
4220,2.568597169583975,17.130629213713767,4220,40.0
4221,5.2278624074149,4.241909109355903,4221,200.0
4222,3.1812225196695905,2.539319739079935,4222,200.0
4223,3.233345426198054,2.677080920627141,4223,200.0
4224,3.1998563070445196,2.781222740952909,4224,200.0
4225,5.554322550359163,4.606475674736661,4225,200.0
4226,4.238561370816706,4.20017412616285,4226,200.0
4227,2.1864889576016786,1.235859225124229,4227,200.0
4228,3.7783097423136405,3.1029531546874076,4228,200.0
4229,3.479684784369327,3.2377269876813295,4229,200.0
4230,5.551888127797707,4.6146126043881575,4230,200.0
4231,3.249366539591489,2.974930508612973,4231,200.0
4232,3.1348146215184487,2.6566170824275748,4232,200.0
4233,4.8468378406505375,4.117351225463766,4233,200.0
4234,2.7910189890031853,12.121376898379737,4234,80.0
4235,3.532676363172618,9.774374640039264,4235,134.0
4236,3.118569055591847,2.4313142166285546,4236,200.0
4237,2.9208807942459822,2.290121952907857,4237,200.0
4238,6.937144466707746,5.326856575128374,4238,200.0
4239,3.8827731534390875,9.336946524487947,4239,157.0
4240,3.697889311392654,3.4214785596434805,4240,200.0
4241,4.783004945942879,4.20640359955178,4241,200.0
4242,1.2328715658304925,11.966881181213108,4242,75.0
4243,3.751465713940378,2.9342034710559015,4243,200.0
4244,6.343754307274284,5.091986165149403,4244,200.0
4245,5.034615447126105,4.136542744640017,4245,200.0
4246,4.223159330719699,3.6183715384465716,4246,200.0
4247,2.641142578528622,8.667760571964578,4247,158.0
4248,7.016162023639222,5.002578398655253,4248,200.0
4249,6.125524327370359,9.851861779545505,4249,160.0
4250,7.167116020341247,5.057857669867782,4250,200.0
4251,5.586140884522239,4.5851394683546935,4251,200.0
4252,2.7266830138929725,1.7522009913177725,4252,200.0
4253,0.4994366667242258,21.06744289750778,4253,25.0
4254,5.655469194736908,4.731835529037733,4254,200.0
4255,-25.0,43.30127018922193,4255,4.0
4256,4.9484747776757,4.26725844484445,4256,200.0
4257,3.6258755661916076,2.775544347612264,4257,200.0
4258,8.51849620752992,5.058814034043288,4258,200.0
4259,4.976470917741165,4.437769751367122,4259,200.0
4260,2.9008180653104643,2.3445126576086244,4260,200.0
4261,-16.24466942719808,37.46139098695054,4261,6.0
4262,3.9348472472541247,3.5285990442363366,4262,200.0
4263,3.1543566096304168,10.942821714345968,4263,103.0
4264,6.690597797234745,4.940272456582904,4264,200.0
4265,4.870169877878057,4.061229118530032,4265,200.0
4266,3.0751942440721107,2.205886890581987,4266,200.0
4267,5.909362716750988,4.5925842763030795,4267,200.0
4268,6.368832125158149,4.820386491515464,4268,200.0
4269,3.2098535579220586,10.592952602521446,4269,108.0
4270,1.6291835394673637,15.205156734404605,4270,50.0
4271,6.662258670823849,5.070882465884216,4271,200.0
4272,-2.696834739650594,21.78667911690463,4272,21.0
4273,5.942728553748241,4.732690227202321,4273,200.0
4274,2.7212632330474467,9.71430224118294,4274,126.0
4275,4.256856602241912,3.9883831634592135,4275,200.0
4276,5.34812821378207,4.779253642209057,4276,200.0
4277,3.345880752510129,2.502225181373031,4277,200.0
4278,3.4932397979258645,2.855607572329297,4278,200.0
4279,6.6267914363557905,4.94897241762624,4279,200.0
4280,3.3507859424939834,3.158194865979504,4280,200.0
4281,3.033469356101503,2.679641749540142,4281,200.0
4282,6.587045517195188,4.9887284071788764,4282,200.0
4283,2.98457729786983,2.2206367361469512,4283,200.0
4284,3.9030413558117028,3.5049657700290267,4284,200.0
4285,4.481419516992157,4.175778634466843,4285,200.0
4286,3.529159692866406,2.814596595225146,4286,200.0
4287,3.9630653318743496,3.465167531155234,4287,200.0
4288,1.3135669434553705,18.269203767602924,4288,34.0
4289,4.537300681860157,4.296948149379699,4289,200.0
4290,4.096987313060743,3.298152281004574,4290,200.0
4291,3.8355023629377563,3.6212816515462287,4291,200.0
4292,4.725988438082367,9.820148945385297,4292,148.0
4293,3.517688502175781,2.945407555501803,4293,200.0
4294,4.191619270274791,3.386695951387282,4294,200.0
4295,2.4214972617637716,0.8789163841654554,4295,200.0
4296,3.060472879766046,2.676744942866897,4296,200.0
4297,4.232644483835195,4.084629657835604,4297,200.0
4298,7.721594416298243,5.07494294429651,4298,200.0
4299,5.840638808448342,4.941864260097083,4299,200.0
4300,2.4519499262478734,12.146322024843705,4300,79.0
4301,4.432185117293086,13.24673498851748,4301,75.0
4302,2.233406815759143,10.039976595057436,4302,119.0
4303,3.5900763152310744,2.9615157241534074,4303,200.0
4304,2.3199300941063314,1.9479469606090625,4304,200.0
4305,7.3566496323497,5.4171427094900215,4305,200.0
4306,5.766222244822313,4.544627596095423,4306,200.0
4307,-0.07754475693439822,15.822821905538705,4307,41.0
4308,2.595614582847809,2.175184099855379,4308,200.0
4309,3.890705414123687,3.123248825177192,4309,200.0
4310,2.084781040984591,8.777516016766624,4310,145.0
4311,5.819694635926541,5.120266119268055,4311,200.0
4312,4.9065653087201255,4.189320209841315,4312,200.0
4313,4.5856046708140425,4.01908748368527,4313,200.0
4314,2.8796981123769876,1.808098755472617,4314,200.0
4315,4.366242104091036,4.265392779438508,4315,200.0
4316,2.426583696176282,10.48274041588631,4316,105.0
4317,4.089150549544237,3.613872147334902,4317,200.0
4318,4.527099499954263,10.386477690099317,4318,130.0
4319,4.321886465006497,3.6642431596151166,4319,200.0
4320,4.5876466034969,3.9823627997335262,4320,200.0
4321,5.311986102235952,4.260842241457886,4321,200.0
4322,4.18181064654542,3.736397422086363,4322,200.0
4323,4.7668866316651295,10.778390316126876,4323,120.0
4324,5.242111057431739,4.239261469273999,4324,200.0
4325,3.697390346313436,3.160788216557152,4325,200.0
4326,5.816000951672443,4.590269850848213,4326,200.0
4327,3.1341649561534224,9.931526580356,4327,129.0
4328,4.393278461901308,3.926418589423883,4328,200.0
4329,3.448605220832289,2.58092432031129,4329,200.0
4330,5.45250014915409,4.696667567536156,4330,200.0
4331,3.946019305594084,3.6366323250818957,4331,200.0
4332,3.796806374910414,3.271249409302384,4332,200.0
4333,1.7777343184508543,13.134826949661042,4333,64.0
4334,5.554274417926192,4.81263689208775,4334,200.0
4335,4.312092173223035,4.009495462374734,4335,200.0
4336,5.380029940335639,4.557707121682379,4336,200.0
4337,5.101468860088073,10.301036434725459,4337,138.0
4338,5.056253272442302,4.854322725836973,4338,200.0
4339,3.7479961523033434,2.9076804899575,4339,200.0
4340,6.411918679919134,5.096324347397506,4340,200.0
4341,6.328806507581605,5.098812556766693,4341,200.0
4342,3.4111131722570596,8.708490177137362,4342,169.0
4343,2.8658198857503145,2.8618194196046702,4343,200.0
4344,2.672955266844434,2.578459605833228,4344,200.0
4345,4.920239761700702,4.194874065683787,4345,200.0
4346,7.135365755524941,5.103653390365051,4346,200.0
4347,4.11344995577173,3.4535903468816738,4347,200.0
4348,4.297650899361039,4.020228352118429,4348,200.0
4349,2.4985275524520314,2.038208590922222,4349,200.0
4350,5.8930314967474615,4.66124373557138,4350,200.0
4351,3.5652066047982327,2.7706616002045195,4351,200.0
4352,3.377588287584245,2.198993974180203,4352,200.0
4353,4.382187957005801,3.7844137134288403,4353,200.0
4354,4.973320691406123,4.45811726817676,4354,200.0
4355,4.672954983225815,4.508741012701358,4355,200.0
4356,6.53069006000378,5.290516951052825,4356,200.0
4357,3.320124818770909,2.5836363254499704,4357,200.0
4358,7.067690176811491,5.182336218527846,4358,200.0
4359,9.758495609474135,4.860123989329468,4359,200.0
4360,3.8048416926770146,2.921090226780399,4360,200.0
4361,3.447502027480632,2.878271204982231,4361,200.0
4362,6.010820934574333,5.016025733244011,4362,200.0
4363,3.2594758776495776,3.041583430498462,4363,200.0
4364,3.797823662584417,3.503986839159898,4364,200.0
4365,4.763970702521156,3.9938916770171202,4365,200.0
4366,3.9880545442844135,3.4605773446775814,4366,200.0
4367,3.630331147688223,3.5381174372843356,4367,200.0
4368,4.5388380786832165,3.7408775514361174,4368,200.0
4369,3.4603772906636006,2.7486031983580266,4369,200.0
4370,9.425264658458676,4.995589604888308,4370,200.0
4371,9.119488980553372,5.09333170594885,4371,200.0
4372,5.865104541229211,4.679939154613179,4372,200.0
4373,5.75820127133285,4.7011273816729915,4373,200.0
4374,3.0012996365092146,2.65931305200767,4374,200.0
4375,3.867615246941823,3.391325481110745,4375,200.0
4376,4.308753468901373,3.554248315277667,4376,200.0
4377,4.623533689849414,11.522011135534068,4377,102.0
4378,3.858027420187466,3.4900138092629613,4378,200.0
4379,4.089449536312217,3.6690216825040913,4379,200.0
4380,4.613723666115655,3.9179241947131165,4380,200.0
4381,2.3438731725649347,8.985382881164247,4381,144.0
4382,3.9095787074957222,3.543313752041621,4382,200.0
4383,-2.496246993618501,20.494962368335553,4383,24.0
4384,5.279525204632564,4.587942838374442,4384,200.0
4385,1.1636309140383285,12.08646010262235,4385,73.0
4386,1.4792331034065331,13.179483168398782,4386,66.0
4387,3.337461670997915,2.5332887281475247,4387,200.0
4388,3.679184610514922,10.318254232079848,4388,121.0
4389,-0.5712585672955915,19.840363304690243,4389,27.0
4390,4.613922234574942,3.965854450527777,4390,200.0
4391,4.5526944466099595,4.169981751375396,4391,200.0
4392,3.1954148678119974,3.109003726107001,4392,200.0
4393,6.84602049761408,5.052586012379351,4393,200.0
4394,3.3327010363886904,2.6815293447943156,4394,200.0
4395,4.856444680340339,4.427136850111645,4395,200.0
4396,4.505259271201109,4.28415186705987,4396,200.0
4397,4.2793538660592905,3.871499198978159,4397,200.0
4398,2.8448363195305753,2.515800676517261,4398,200.0
4399,3.518553494773087,8.189302857540417,4399,197.0
4400,4.175414485534763,3.870706002434031,4400,200.0
4401,6.634832600576839,4.823401151118836,4401,200.0
4402,4.963155035780912,4.172159725320351,4402,200.0
4403,3.063590952797723,3.043739366639895,4403,200.0
4404,4.454135583884955,15.03186334183435,4404,56.0
4405,3.8633390027239654,3.5991776171575993,4405,200.0
4406,6.8363327675037535,5.173955432493422,4406,200.0
4407,4.650646012945672,3.9632022688115613,4407,200.0
4408,4.324385083329635,8.963335858706806,4408,181.0
4409,3.3499828113693706,3.09534773579706,4409,200.0
4410,3.638238036059806,3.829277646223454,4410,200.0
4411,5.522384182985297,4.8430810000448865,4411,200.0
4412,2.928107114823629,9.89446209505385,4412,122.0
4413,4.691138198439315,4.077387127497984,4413,200.0
4414,2.5212114612246923,1.8227939802098927,4414,200.0
4415,3.2810997544886584,2.6488287270981137,4415,200.0
4416,2.8983212181367457,2.017316625638583,4416,200.0
4417,7.219368122239616,5.0259407827678455,4417,200.0
4418,7.558940555707286,5.145439745251843,4418,200.0
4419,3.787010680480148,4.038610054334231,4419,200.0
4420,3.335109701422754,13.147418680634429,4420,70.0
4421,5.356234866852521,4.904333617785072,4421,200.0
4422,5.795377013032953,4.611404831546828,4422,200.0
4423,3.0074203219624644,2.362198683534059,4423,200.0
4424,3.606273115853,3.1267376996368825,4424,200.0
4425,4.041314151571887,3.5043065298040803,4425,200.0
4426,5.484956185817132,4.477607865569155,4426,200.0
4427,5.155852923257806,4.425620889987295,4427,200.0
4428,3.663096118616578,2.8997562187285433,4428,200.0
4429,7.01460835568007,5.469800844515913,4429,200.0
4430,4.898037199673678,4.225051920783783,4430,200.0
4431,3.9097528538760375,3.501490204636522,4431,200.0
4432,3.7733869066422563,2.972292679580029,4432,200.0
4433,2.293334085584118,8.145615304356518,4433,176.0
4434,3.241024557162646,2.6057370105214606,4434,200.0
4435,5.1012655181118465,4.288747053611916,4435,200.0
4436,4.778863444638643,4.64724035022065,4436,200.0
4437,5.279706572034743,4.465755704048903,4437,200.0
4438,4.680852607704628,4.076899380265059,4438,200.0
4439,2.9166069800254393,1.6655133385842784,4439,200.0
4440,7.656516117986265,5.066012617353627,4440,200.0
4441,-2.1228774673947997,16.099515162301532,4441,38.0
4442,3.8835869334514954,9.265638618002528,4442,160.0
4443,7.358748349433642,5.125295378113949,4443,200.0
4444,5.5504841788138,4.583431953862062,4444,200.0
4445,3.1336720770818487,2.7501172195334473,4445,200.0
4446,4.445676932523028,3.8321683822996584,4446,200.0
4447,5.622127107274698,4.664880203744918,4447,200.0
4448,1.4887657774342593,9.347616150863065,4448,124.0
4449,1.6361896706030485,9.063660683125947,4449,132.0
4450,4.510908127979378,3.8616047518634207,4450,200.0
4451,6.452588146470348,4.805949491499831,4451,200.0
4452,1.14755931646872,7.7519958646415725,4452,180.0
4453,2.546923778512384,1.7568949505886484,4453,200.0
4454,2.7474502584308835,1.4283462470570802,4454,200.0
4455,5.203786097204117,4.565534368618087,4455,200.0
4456,4.112329693745093,3.5578078290276562,4456,200.0
4457,-2.0007251339459957,18.61671670452699,4457,29.0
4458,1.4616445829562912,0.9085552785736838,4458,200.0
4459,3.5071288562734133,2.4881810450151884,4459,200.0
4460,2.984510534632293,2.1582723620856203,4460,200.0
4461,4.997287513179385,4.092928359930016,4461,200.0
4462,3.245999933537285,2.4053999244949433,4462,200.0
4463,6.327730778834835,4.7949182587795,4463,200.0
4464,4.112435492263122,3.6570116880133523,4464,200.0
4465,4.951066888381341,4.207987082985132,4465,200.0
4466,2.635971492014102,2.0841998790812086,4466,200.0
4467,2.2494803021955723,2.342362332879266,4467,200.0
4468,4.861299030045655,4.373582041179981,4468,200.0
4469,3.447873134228611,2.9775821851809683,4469,200.0
4470,2.514273947358547,2.7740388482562004,4470,200.0
4471,2.50875369789589,2.0347576858658867,4471,200.0
4472,4.312188269565086,3.5165113998053994,4472,200.0
4473,3.511895310465087,2.865117657135196,4473,200.0
4474,3.511599563116147,2.990378515027857,4474,200.0
4475,5.9584258843626685,5.135304350117485,4475,200.0
4476,3.2499506473079065,2.930004505896327,4476,200.0
4477,3.736624407180311,2.8031221096422225,4477,200.0
4478,3.7234859333130728,12.836246755940419,4478,76.0
4479,3.503814355644951,2.9110705140985234,4479,200.0
4480,4.0859524161772685,3.9468615995499627,4480,200.0
4481,1.9772484069356382,7.868794175036397,4481,186.0
4482,2.7674682104318316,3.1485011513713337,4482,200.0
4483,3.62657806598675,3.0521246706103113,4483,200.0
4484,2.48322018845178,1.5109451282052662,4484,200.0
4485,6.559086061975909,4.9502821302525435,4485,200.0
4486,2.3324193851885484,1.3972755001369097,4486,200.0
4487,2.2749926350181484,2.1871760643696727,4487,200.0
4488,2.614178104779331,2.1376657381791033,4488,200.0
4489,8.400131392449998,9.274240015432191,4489,197.0
4490,2.7121487028746083,2.3278449023712136,4490,200.0
4491,7.358004294424448,5.000343699612362,4491,200.0
4492,2.8576978197302196,1.9335260509205545,4492,200.0
4493,6.353878713933937,10.445137511891943,4493,146.0
4494,8.116541057328488,5.207697485127994,4494,200.0
4495,8.451152644522276,5.126156795557338,4495,200.0
4496,0.846648285990349,11.180831696882455,4496,83.0
4497,3.7242059082579853,3.291625285072449,4497,200.0
4498,3.3000059979647496,3.2014312334939663,4498,200.0
4499,3.2446319248761895,3.024738636834454,4499,200.0
4500,4.898154531015343,4.239419615258108,4500,200.0
4501,2.150735251780268,9.529436777954732,4501,125.0
4502,8.333524952707103,5.2179583692704234,4502,200.0
4503,4.252432194620135,3.803679541687183,4503,200.0
4504,4.063140545930079,4.150887767390995,4504,200.0
4505,3.167241373330291,2.636833518104859,4505,200.0
4506,2.64168569764847,2.325448028514641,4506,200.0
4507,3.5173308145336737,3.5444653523726726,4507,200.0
4508,7.12887141000004,5.05996952440621,4508,200.0
4509,3.4841492617913072,2.724647032104497,4509,200.0
4510,2.763150560532042,2.2996129208817617,4510,200.0
4511,7.232469693847102,5.015621502871078,4511,200.0
4512,4.036055364667007,9.311370353020367,4512,156.0
4513,4.928530047031518,4.105766428437847,4513,200.0
4514,4.090863308181989,3.534872812495733,4514,200.0
4515,4.149143194618926,3.810197998271646,4515,200.0
4516,7.0750773475870945,5.035082466350663,4516,200.0
4517,4.271107903963592,3.772643687522812,4517,200.0
4518,4.989189896985746,4.334100052076639,4518,200.0
4519,6.9367716245428035,4.892726735702748,4519,200.0
4520,4.145252878317564,3.5031331009166955,4520,200.0
4521,4.378231594092879,3.962746868565592,4521,200.0
4522,6.652940498281424,4.925402773258519,4522,200.0
4523,3.689217858984223,2.9525792766308636,4523,200.0
4524,3.2681493204746257,2.942240896730926,4524,200.0
4525,5.0307084135057245,4.337655844302998,4525,200.0
4526,3.8409881111584605,3.3570691375254,4526,200.0
4527,5.0371927507403385,4.311296288158965,4527,200.0
4528,7.216373073784164,4.967591514959461,4528,200.0
4529,7.7494368180046616,5.399196774330395,4529,200.0
4530,4.386041363322714,10.879616167759217,4530,116.0
4531,3.8707307404635456,3.7307126893706797,4531,200.0
4532,4.71252806290039,3.9803500940687875,4532,200.0
4533,1.015209078744689,11.783739994627044,4533,79.0
4534,3.3804433856037486,2.751756285140047,4534,200.0
4535,3.7580912018210735,13.228575023876678,4535,71.0
4536,3.3278438703819266,3.183668788048816,4536,200.0
4537,3.8931954331204905,3.4062742596256035,4537,200.0
4538,6.730245837143186,4.977612936108386,4538,200.0
4539,7.318809211846319,12.093430076088989,4539,98.0
4540,3.8880687763614907,3.264892111317714,4540,200.0
4541,7.902649971160706,5.0483394177511505,4541,200.0
4542,3.2007849710362417,2.8349436691836587,4542,200.0
4543,4.071994291372016,3.3861809913534513,4543,200.0
4544,4.9109691141873695,4.124567227110711,4544,200.0
4545,6.004850468820523,4.630572837845058,4545,200.0
4546,7.73075841802342,5.190879015256107,4546,200.0
4547,4.412700403656872,4.117476566988246,4547,200.0
4548,5.1811087596951495,4.309011323637487,4548,200.0
4549,7.880838072365764,5.24521272079231,4549,200.0
4550,5.184586087776699,4.465066390794864,4550,200.0
4551,5.464645526330264,4.965082921286618,4551,200.0
4552,5.7134913598183745,4.554408865615864,4552,200.0
4553,4.337974220270187,3.859685899326876,4553,200.0
4554,3.957856041772566,3.6347270900426465,4554,200.0
4555,5.658024711784028,4.621004435069864,4555,200.0
4556,2.328330751486995,9.400573812100713,4556,128.0
4557,3.299822439700114,9.796792622605407,4557,136.0
4558,4.923857136579914,4.051804495173661,4558,200.0
4559,1.9905703277098041,8.710523441317065,4559,146.0
4560,5.033833968229934,4.345049914802536,4560,200.0
4561,4.2488254069033164,3.785502055760321,4561,200.0
4562,-3.8923524323561898,26.95944662396263,4562,14.0
4563,3.792526441078319,3.1239470098774804,4563,200.0
4564,2.9971177310413357,2.7919352473330026,4564,200.0
4565,2.073702610627157,13.806606940229104,4565,60.0
4566,4.091295230440586,9.063291413751836,4566,170.0
4567,2.855082710740703,1.5237478175760641,4567,200.0
4568,2.8488746431104546,13.235858668079308,4568,68.0
4569,5.53613135903119,4.5269739553264206,4569,200.0
4570,4.601903913609491,4.129249650866323,4570,200.0
4571,5.477546197138699,4.490966624463653,4571,200.0
4572,5.5915874674467565,4.915918348501616,4572,200.0
4573,9.042273683837093,4.995390194444914,4573,200.0
4574,2.6675019032463023,10.304276499617266,4574,113.0
4575,4.03770365081719,3.727641522637339,4575,200.0
4576,5.117060915352295,10.457831573090509,4576,133.0
4577,5.265822551080014,4.639430839506948,4577,200.0
4578,9.373292904629707,4.8295368377257075,4578,200.0
4579,4.987824931040158,4.406529501056573,4579,200.0
4580,6.116788594302526,5.370880994391811,4580,200.0
4581,9.997325372112766,4.585266600124003,4581,200.0
4582,3.923927438596372,3.268699031714265,4582,200.0
4583,2.8057240837612856,2.244899744004282,4583,200.0
4584,5.159326230686983,4.34684503759573,4584,200.0
4585,3.5994724211605305,11.767215966241434,4585,96.0
4586,4.2631925132142285,3.520435704966299,4586,200.0
4587,5.841220872335505,4.9574176413972655,4587,200.0
4588,3.070550107268059,2.0779607383704723,4588,200.0
4589,4.4853280040670915,4.138671300125523,4589,200.0
4590,6.083456451271372,4.826195067531517,4590,200.0
4591,5.375641358721846,4.309126034646045,4591,200.0
4592,7.17066061147953,5.018851609965135,4592,200.0
4593,2.7655910933351096,2.2993398594975076,4593,200.0
4594,1.7257421107086068,16.01846636981369,4594,44.0
4595,6.1226077768411935,5.035112318673892,4595,200.0
4596,7.742465256275746,5.297053972527373,4596,200.0
4597,2.8028385901066146,2.0863836096613877,4597,200.0
4598,8.264669915953075,5.315666476621731,4598,200.0
4599,10.782729475231205,4.316635132648325,4599,200.0
4600,4.36601975853991,3.617338388183991,4600,200.0
4601,2.2255444027085627,1.763176094706802,4601,200.0
4602,3.211382451365518,11.78730526999452,4602,88.0
4603,4.888214445031088,4.134325673895953,4603,200.0
4604,3.2470456724726775,17.50172350679205,4604,39.0
4605,4.901273608695008,4.320369738385857,4605,200.0
4606,4.428091113500385,3.628982519811496,4606,200.0
4607,4.817740085107883,4.088706272246119,4607,200.0
4608,7.1317490260322,4.9974303330034555,4608,200.0
4609,5.45695271922089,4.548333371145047,4609,200.0
4610,4.270766719134352,8.986895694445405,4610,175.0
4611,6.402173879034574,4.915281950408976,4611,200.0
4612,1.3815524257508534,11.562883153663051,4612,81.0
4613,7.39688559266628,5.13189710364538,4613,200.0
4614,3.458525038315137,8.273058415460437,4614,194.0
4615,3.486885282715656,2.9627738437399205,4615,200.0
4616,7.363503041755134,5.172332526119279,4616,200.0
4617,4.029392555257432,3.907623734197962,4617,200.0
4618,10.027645205408957,4.586850453693087,4618,200.0
4619,8.542280047616886,5.086936710455017,4619,200.0
4620,4.251874162108832,3.711808608144324,4620,200.0
4621,3.9560595968557584,3.303820497918739,4621,200.0
4622,10.619325209323243,4.287838276901107,4622,200.0
4623,3.8390556349971114,8.423056452091641,4623,191.0
4624,4.823467356145707,4.018343451611688,4624,200.0
4625,3.5090679752383904,3.3039200830958375,4625,200.0
4626,9.196041706014766,4.8570352009115245,4626,200.0
4627,2.3831732861141384,2.5865066954922225,4627,200.0
4628,4.615351108297177,3.8902804110184745,4628,200.0
4629,3.812253591933113,3.347088059838055,4629,200.0
4630,4.062273822265956,3.4009372063696808,4630,200.0
4631,4.903499755355718,4.061477232605738,4631,200.0
4632,3.523003578614273,2.7904206293147524,4632,200.0
4633,4.309531810429705,3.787688399222285,4633,200.0
4634,2.8302962820190687,1.8373162014528472,4634,200.0
4635,9.684528734397603,4.853364138540854,4635,200.0
4636,6.637803916244337,5.121282777717,4636,200.0
4637,4.685564304828268,3.8186432786075732,4637,200.0
4638,6.76679362086718,5.229118104027981,4638,200.0
4639,5.183650220104502,4.265533882168069,4639,200.0
4640,7.097018500118765,5.02772866166808,4640,200.0
4641,3.308846306079913,2.7095132096171715,4641,200.0
4642,3.4394738060854353,2.7157209778364613,4642,200.0
4643,2.753877007697615,2.229234898807623,4643,200.0
4644,2.210850405959167,10.759395060109561,4644,99.0
4645,3.092800571438614,2.656731727099784,4645,200.0
4646,9.718488609693406,4.842436413359702,4646,200.0
4647,3.167700385234895,3.258562136004431,4647,200.0
4648,-5.689403521536989,24.355199228607347,4648,16.0
4649,2.4499879862605374,2.023447217210575,4649,200.0
4650,2.795304188462045,2.4467344397186457,4650,200.0
4651,4.293950851145902,3.783804272975356,4651,200.0
4652,1.768881750151335,12.705113479824929,4652,70.0
4653,2.1738131377409307,14.315229934419953,4653,57.0
4654,2.486046935273041,2.1076474306680764,4654,200.0
4655,3.5401403786214702,2.470823656696052,4655,200.0
4656,5.313695570707907,10.85391259024957,4656,120.0
4657,2.6032345943346855,1.3201724309524872,4657,200.0
4658,3.899531331254689,2.946856733481236,4658,200.0
4659,2.8946131479123496,2.5408872503826245,4659,200.0
4660,1.3895490589414479,12.189239917683299,4660,79.0
4661,3.547777284869361,2.5702561236178023,4661,200.0
4662,7.991992075827977,9.31560265994726,4662,197.0
4663,2.3160909922494413,1.6667304216898868,4663,200.0
4664,7.503518150388186,5.3255454139344565,4664,200.0
4665,3.8873964302461355,9.460835510817638,4665,147.0
4666,-9.623144197799665,30.133941403305442,4666,10.0
4667,1.0282756253888787,13.242357403161082,4667,61.0
4668,7.15518584239777,5.27476272736525,4668,200.0
4669,4.41807402556924,3.87637161340911,4669,200.0
4670,3.823789499032513,3.1155583564210683,4670,200.0
4671,5.561185947696187,4.570637903358732,4671,200.0
4672,2.1354069756426686,8.257411983856624,4672,161.0
4673,3.441438476941197,2.6619213467386,4673,200.0
4674,3.2775050178464835,2.452910065700377,4674,200.0
4675,2.479167811183947,0.5621975233746936,4675,200.0
4676,7.620754448378971,5.125780274966979,4676,200.0
4677,6.9323002748165505,4.900464197250271,4677,200.0
4678,5.176088138316398,4.4380847229079325,4678,200.0
4679,2.304156130300303,2.106327444967524,4679,200.0
4680,4.650318580040207,4.180120058321995,4680,200.0
4681,5.800338020018014,4.546177974498678,4681,200.0
4682,3.3437579680810314,2.6250118416228925,4682,200.0
4683,1.8754360348097343,8.864610310832282,4683,144.0
4684,3.5252639963915255,3.082979290146637,4684,200.0
4685,7.79895096021907,5.046795208624222,4685,200.0
4686,7.533391510746449,5.403231146619923,4686,200.0
4687,7.92339721322496,5.086954343940883,4687,200.0
4688,0.8437352843765252,14.809215821811943,4688,49.0
4689,7.966628253923145,5.081956505983032,4689,200.0
4690,4.557381459465467,4.083541718656889,4690,200.0
4691,3.9993877854619457,3.4863687402858226,4691,200.0
4692,2.914826666299721,2.4575093801791796,4692,200.0
4693,5.122943666875091,4.26019142172085,4693,200.0
4694,1.6371944781456669,11.21212410189108,4694,87.0
4695,4.057077181525316,3.565451321908818,4695,200.0
4696,-8.735752681622632,30.563995767245615,4696,10.0
4697,2.2405963482029714,8.655893052656872,4697,147.0
4698,5.900435120457778,5.116664994885425,4698,200.0
4699,4.122656687336823,3.5070194943134623,4699,200.0
4700,4.307919723658059,4.121075233296481,4700,200.0
4701,2.2464405675041204,11.082403059941123,4701,93.0
4702,3.2680947546530854,2.738946301711742,4702,200.0
4703,4.419933124224541,3.970710899498519,4703,200.0
4704,2.64163145752242,1.9425528841379005,4704,200.0
4705,2.477563459169583,2.037150996262974,4705,200.0
4706,4.244092260177034,3.7750624260318157,4706,200.0
4707,2.2498963247207273,1.9949646532412468,4707,200.0
4708,4.1764444737010615,3.318555502003521,4708,200.0
4709,3.132396118181583,12.48019833101441,4709,80.0
4710,2.7307573046168203,1.1076794166225143,4710,200.0
4711,0.7222651652068012,7.60275172698972,4711,179.0
4712,4.9647376719855725,4.308166526907844,4712,200.0
4713,-3.9063977280955307,24.349934788369364,4713,17.0
4714,-4.212416332090825,23.257064668356357,4714,18.0
4715,3.826593981353992,3.0833412192671883,4715,200.0
4716,5.403499207179642,9.81408448383412,4716,171.0
4717,4.316104911244069,4.04251119412594,4717,200.0
4718,3.277522069410478,2.687920747182366,4718,200.0
4719,2.4741241338092936,8.594115303256986,4719,158.0
4720,3.085610217668523,1.767112600397169,4720,200.0
4721,2.3301270204915308,0.830260923135208,4721,200.0
4722,4.826460654243926,4.131894367026942,4722,200.0
4723,4.7959301942360835,4.194168733964192,4723,200.0
4724,3.7171341998513925,3.4899240939495435,4724,200.0
4725,2.811839737984771,2.4608177222464036,4725,200.0
4726,2.769876436181995,8.481011799751204,4726,168.0
4727,8.864488853912647,4.962010703229397,4727,200.0
4728,4.610141278281423,3.8082930164349738,4728,200.0
4729,5.209943314837031,4.367428098961539,4729,200.0
4730,4.040919520605385,3.47890129933669,4730,200.0
4731,5.496253779063806,4.808259290240841,4731,200.0
4732,4.911950106222148,4.440820639441078,4732,200.0
4733,3.6495385218789274,2.8576092464421263,4733,200.0
4734,2.9606327308029488,2.5934674125666577,4734,200.0
4735,2.922815901530353,12.491179003205223,4735,78.0
4736,3.1347172261791387,2.5271260202248835,4736,200.0
4737,3.4634929266006167,3.2124472187881783,4737,200.0
4738,2.1488538092015297,1.6112489426936332,4738,200.0
4739,5.9783848978441165,4.661627196389794,4739,200.0
4740,2.6383908952059674,2.6415725096837788,4740,200.0
4741,2.9349332209894676,3.084836862345288,4741,200.0
4742,2.5947595536162393,12.165048348266241,4742,78.0
4743,2.9115619844458838,10.291583596302404,4743,114.0
4744,2.9574248250947726,2.5584815510518117,4744,200.0
4745,4.172821036544107,3.637259614277816,4745,200.0
4746,-1.5403953030122193,20.35978963951996,4746,25.0
4747,3.7291316237916634,3.242670479929663,4747,200.0
4748,2.28410511359845,10.378043454522476,4748,109.0
4749,3.4872849529121765,3.3323807205776363,4749,200.0
4750,3.8586472963242806,3.062193063575294,4750,200.0
4751,3.8399493925420596,3.483236072913153,4751,200.0
4752,2.8413830412794874,8.82935907723046,4752,155.0
4753,-0.5111021702290701,14.103445989451918,4753,51.0
4754,6.47745915028928,5.149745624738497,4754,200.0
4755,3.239125254041727,2.486991490378771,4755,200.0
4756,3.0979293209145955,1.8027069686122736,4756,200.0
4757,2.9589134799559065,2.329991819207925,4757,200.0
4758,3.9556918436631237,3.1204166781841094,4758,200.0
4759,-0.5152113462565787,16.819431294604694,4759,37.0
4760,8.327924025877863,5.059256520926857,4760,200.0
4761,4.250492453618511,3.8185274914845464,4761,200.0
4762,5.5939517264154865,4.52046674514305,4762,200.0
4763,6.145675858038536,4.950988368057642,4763,200.0
4764,2.419256157200474,1.4611542131197641,4764,200.0
4765,1.6734125961736834,8.711159826190684,4765,143.0
4766,2.8317496269042657,2.3505966062750936,4766,200.0
4767,2.7952955206848173,2.316783929934093,4767,200.0
4768,5.10170436927893,4.17593585554829,4768,200.0
4769,5.471696681236733,4.694062535963119,4769,200.0
4770,2.0169885375816174,1.5661263579592573,4770,200.0
4771,5.1438302241019525,4.3161958677299195,4771,200.0
4772,1.6566579335858567,7.294965334294116,4772,200.0
4773,3.7902976317540755,3.3933293556893425,4773,200.0
4774,3.558390124575082,2.90132327978782,4774,200.0
4775,3.4887366824859227,2.722588605125086,4775,200.0
4776,3.39034462294908,3.1434219677475173,4776,200.0
4777,-0.4412598591328573,15.229952990578864,4777,45.0
4778,-2.143954010869056,17.05994515854917,4778,34.0
4779,4.881924753933945,4.079958330198206,4779,200.0
4780,3.5214609552140557,2.3769846009726674,4780,200.0
4781,4.48081858731742,3.7843712217915644,4781,200.0
4782,3.0491668301282306,3.072542243923606,4782,200.0
4783,2.966341150114246,2.242774028816659,4783,200.0
4784,4.811701048440595,4.273711238298423,4784,200.0
4785,8.087533652993288,5.123891283396874,4785,200.0
4786,6.238794676360362,4.686658818622951,4786,200.0
4787,4.666407821534127,3.963239381825272,4787,200.0
4788,8.72508288306092,5.153359611448495,4788,200.0
4789,3.385162784955774,3.9963998790106827,4789,200.0
4790,3.2050003723478175,9.432274492222538,4790,139.0
4791,7.098831233310296,4.978262671793737,4791,200.0
4792,4.868284328836835,4.069716562914494,4792,200.0
4793,4.076262643665358,3.3865566447225013,4793,200.0
4794,3.496687712254486,2.827701875616754,4794,200.0
4795,2.4560751549612623,1.119133871238424,4795,200.0
4796,7.802525174658725,5.150669209129633,4796,200.0
4797,4.468348780643286,4.133852218801262,4797,200.0
4798,4.213528256572911,3.483333434025102,4798,200.0
4799,1.7921486213080084,7.720592086215294,4799,183.0
4800,4.0668348148062,3.8315434784440523,4800,200.0
4801,3.5075552931185108,3.0267477406484065,4801,200.0
4802,3.1468914466618823,2.4288672942799403,4802,200.0
4803,-1.7768304995283666,15.548368981052683,4803,41.0
4804,3.0371855664383713,1.9214403761781795,4804,200.0
4805,3.353795579841009,3.018913671983411,4805,200.0
4806,4.872533409707351,3.9867829298411266,4806,200.0
4807,7.070199263308632,5.006534418714012,4807,200.0
4808,6.387381726843396,4.899823699129969,4808,200.0
4809,2.913901272647586,1.6965280862828622,4809,200.0
4810,2.6840075817194053,2.495568910729697,4810,200.0
4811,6.190477728926067,4.848716465022962,4811,200.0
4812,4.335402269184815,3.505149372905046,4812,200.0
4813,4.916146112862329,9.467722185742774,4813,168.0
4814,6.20414138947118,10.32733568038762,4814,146.0
4815,7.859440785298327,5.043048532286941,4815,200.0
4816,4.368740396429408,9.283903591045535,4816,160.0
4817,3.2924914473631786,2.9687154497383372,4817,200.0
4818,2.8166064261731423,2.132307866007316,4818,200.0
4819,1.8281050872795888,8.615564629064599,4819,145.0
4820,4.20994529201769,3.4599774006725506,4820,200.0
4821,7.357725837302703,5.371410129312163,4821,200.0
4822,3.3687121967527727,2.6093673708205807,4822,200.0
4823,4.135739519949205,3.6116952194177903,4823,200.0
4824,6.3144834552719775,4.809593013583574,4824,200.0
4825,7.152608483197839,5.227153031972508,4825,200.0
4826,2.415674989262171,9.777662568059316,4826,121.0
4827,3.853813258352267,3.2566974325649545,4827,200.0
4828,3.7877466224816074,3.3544937412264875,4828,200.0
4829,3.13999263493405,2.380000413243659,4829,200.0
4830,-0.1748862705378916,12.514809033407872,4830,65.0
4831,3.094862740496863,1.6256339964626054,4831,200.0
4832,4.33312765181979,3.8301152612181224,4832,200.0
4833,4.1710139770112855,3.6123907134793307,4833,200.0
4834,5.116836791041955,4.3184154701694055,4834,200.0
4835,4.951544822514278,4.079840882157349,4835,200.0
4836,-0.01198141171129454,17.604596774061882,4836,34.0
4837,-0.1263323404646012,15.804338708294726,4837,42.0
4838,6.110989221292686,4.669888677928138,4838,200.0
4839,5.241249617257913,4.454386795306508,4839,200.0
4840,3.0021481242450796,2.1068686451961143,4840,200.0
4841,4.508316358989592,4.0348514386350045,4841,200.0
4842,4.541221474434278,4.374293974886741,4842,200.0
4843,5.467979709487564,4.3500628379821515,4843,200.0
4844,0.12425137762343041,15.47233335040645,4844,44.0
4845,6.022267825392866,4.804528879704962,4845,200.0
4846,6.109742009199488,4.801181473724466,4846,200.0
4847,1.911787491421272,8.750763037489293,4847,150.0
4848,4.512188553687658,3.967399215223135,4848,200.0
4849,3.1185189922059413,2.5571438821998873,4849,200.0
4850,9.2752225638452,4.853488182820498,4850,200.0
4851,1.9609563705361372,1.9944948682545236,4851,200.0
4852,2.7258172612050373,1.445688165437831,4852,200.0
4853,7.413979029016702,5.274236258949114,4853,200.0
4854,6.1882561448629305,4.997102701617599,4854,200.0
4855,6.316888613653266,4.741815054897636,4855,200.0
4856,4.540405050106929,3.8161407775285947,4856,200.0
4857,7.260289958770097,5.159457546292795,4857,200.0
4858,-3.9988237133727345,23.315615817158353,4858,18.0
4859,2.796647460283958,0.2769586037339606,4859,200.0
4860,2.8716203701850533,2.1936406619999524,4860,200.0
4861,4.996320302440497,4.545925466016854,4861,200.0
4862,1.6118925577276275,10.383059611273746,4862,100.0
4863,3.4116013590733214,2.411780430805841,4863,200.0
4864,2.5675325685937698,2.420001760116216,4864,200.0
4865,3.026600458284175,2.466772628775203,4865,200.0
4866,3.921891870499838,3.4671331928329696,4866,200.0
4867,4.517361769417319,4.220775531190328,4867,200.0
4868,2.851247858647828,1.7170695131109106,4868,200.0
4869,7.980273258544682,5.353061174435727,4869,200.0
4870,3.647427227699395,14.533925359606746,4870,59.0
4871,1.653225490824912,8.13715511442729,4871,177.0
4872,4.509220192501845,4.043031263561022,4872,200.0
4873,3.4611013313999757,2.8656651319915643,4873,200.0
4874,3.154212216618838,2.205746919278059,4874,200.0
4875,4.322076226840006,3.6621232583780836,4875,200.0
4876,1.8034200587674065,8.668312382680922,4876,148.0
4877,1.8749612162620435,7.537529946771249,4877,199.0
4878,3.5861490150688575,2.8164368436469753,4878,200.0
4879,2.55192359775474,8.22326522130376,4879,171.0
4880,3.85122163650439,3.236122190984854,4880,200.0
4881,5.07321073560639,4.359031201099311,4881,200.0
4882,2.643306662720819,12.341814271347424,4882,76.0
4883,3.0201636012724826,2.484840669777645,4883,200.0
4884,7.902769107811882,5.230835456615135,4884,200.0
4885,2.8270101725475603,2.1813854327531566,4885,200.0
4886,3.5926665138533997,2.8189650062021467,4886,200.0
4887,7.921397316216606,5.195974672616966,4887,200.0
4888,6.500424215873084,4.810176595450531,4888,200.0
4889,8.384029781349886,4.992780497994932,4889,200.0
4890,-0.2944903339272434,19.16064566981326,4890,29.0
4891,2.8618032028687526,13.537931544796013,4891,65.0
4892,3.286025576322402,2.6402427625827345,4892,200.0
4893,2.637550362383903,1.539353922234023,4893,200.0
4894,3.1935059053323314,8.023695436874137,4894,193.0
4895,7.665369572880425,5.385456909729648,4895,200.0
4896,4.200279717632173,3.8174805163370427,4896,200.0
4897,-1.5807886670265416,21.858169335673555,4897,22.0
4898,4.860673659072014,4.16945444590558,4898,200.0
4899,6.863092604794,5.213768263629072,4899,200.0
4900,3.9239654848097696,3.307666482431111,4900,200.0
4901,4.251521930587928,3.7544533760352676,4901,200.0
4902,5.250445346345749,11.354485389855911,4902,110.0
4903,3.8819546093299904,3.4086907443731813,4903,200.0
4904,3.4632920430265064,10.392395689974048,4904,116.0
4905,0.9115379414979902,10.734935160884667,4905,92.0
4906,4.334565492030328,3.8350185131130043,4906,200.0
4907,5.132469681757291,4.393108222171552,4907,200.0
4908,5.882282103401949,4.909066754856268,4908,200.0
4909,4.009448309796528,3.370004894587412,4909,200.0
4910,2.059826964310167,8.647054728103955,4910,147.0
4911,3.2501902238373734,2.535342019654358,4911,200.0
4912,3.7510896151881443,3.148220807388784,4912,200.0
4913,5.588976975177753,4.566325593695804,4913,200.0
4914,2.4152380496696475,9.184527591279881,4914,142.0
4915,5.261226339494433,4.232106988221829,4915,200.0
4916,8.446054192072495,4.98057900291212,4916,200.0
4917,2.422282048962291,1.8369033475990586,4917,200.0
4918,2.2192793053637097,2.175726331779485,4918,200.0
4919,8.401625814008048,5.155358088747903,4919,200.0
4920,4.050366846287715,3.1556633630668216,4920,200.0
4921,2.873430440105917,2.311513889746196,4921,200.0
4922,8.844780006165855,5.038385031205288,4922,200.0
4923,4.819525404893237,4.02466146638346,4923,200.0
4924,2.26780014284236,1.592542536072554,4924,200.0
4925,0.003324152056228919,15.645895408896951,4925,42.0
4926,3.9873296444033395,3.3741041150357662,4926,200.0
4927,2.036952465038518,2.0969303462186364,4927,200.0
4928,3.791786807250708,2.8640511535291537,4928,200.0
4929,2.060664798156766,10.037941526550927,4929,110.0
4930,3.4547127847309693,8.245875736598745,4930,192.0
4931,2.4067304131098677,2.052161403345018,4931,200.0
4932,5.368714292772296,4.4143866923722985,4932,200.0
4933,5.567744676977137,4.747518369034692,4933,200.0
4934,3.0538628343311918,2.205780595012315,4934,200.0
4935,4.5551968666852085,3.7169884577890704,4935,200.0
4936,6.2057783194696094,5.154263327194911,4936,200.0
4937,2.362096647950372,1.3179808668276645,4937,200.0
4938,6.488426740794957,4.879600964918268,4938,200.0
4939,2.3428921681035275,12.67669880958632,4939,71.0
4940,4.20454999964489,9.195675270597876,4940,162.0
4941,4.55262764641717,3.856825399220543,4941,200.0
4942,2.542047694900702,1.7378899867229145,4942,200.0
4943,3.960882998567163,3.1563987648772867,4943,200.0
4944,3.098606199769248,2.3640051352340086,4944,200.0
4945,3.9101886747805463,3.784135694871183,4945,200.0
4946,2.880184384224213,2.3505534848594243,4946,200.0
4947,4.940222441160296,4.266339656006047,4947,200.0
4948,7.267608297413679,5.093374794423113,4948,200.0
4949,3.689967339244273,2.8503772768828814,4949,200.0
4950,1.8904468162019117,1.307616895669409,4950,200.0
4951,3.3413346895378773,3.089302172686405,4951,200.0
4952,3.6502754355431035,2.6579891264469935,4952,200.0
4953,1.0248198809352231,19.264004569868664,4953,30.0
4954,1.8764485085225975,9.469056321956629,4954,125.0
4955,1.5229815856020685,12.450011850130078,4955,73.0
4956,8.02755522632124,5.019001538370341,4956,200.0
4957,6.55980204996419,5.248136766953414,4957,200.0
4958,8.93061933771492,5.216625371871533,4958,200.0
4959,7.611830543767286,5.088907451432962,4959,200.0
4960,3.336527739187746,2.6822086384434836,4960,200.0
4961,3.402122605822172,2.548228894763445,4961,200.0
4962,3.418522935460365,3.105539992105631,4962,200.0
4963,2.6030472922681054,2.2643036814210147,4963,200.0
4964,3.065698538858312,11.161085636315004,4964,96.0
4965,2.0527804851316716,2.5296582076632816,4965,200.0
4966,5.694904595418155,4.779994973265788,4966,200.0
4967,6.72422628373622,4.859438441663366,4967,200.0
4968,2.919966405121376,1.9089928129712053,4968,200.0
4969,4.136657469762822,3.4823125909175503,4969,200.0
4970,2.8639675044898145,2.2028603570428724,4970,200.0
4971,2.4847479965223194,1.9351479137674368,4971,200.0
4972,8.127473518028562,5.018507017764072,4972,200.0
4973,2.6488971602190774,1.4785170661409257,4973,200.0
4974,3.109924129785681,3.041832763376174,4974,200.0
4975,5.714699000161408,4.560196224889163,4975,200.0
4976,3.69339472582302,3.6396028834770235,4976,200.0
4977,1.9317897978992369,8.868202129678279,4977,138.0
4978,2.738201187288764,2.4656673816891024,4978,200.0
4979,3.9998916561687174,3.8076004527755014,4979,200.0
4980,2.0354965806649306,1.7965458989776224,4980,200.0
4981,7.687535846977157,5.143618005563621,4981,200.0
4982,2.387340135968618,9.76784576182423,4982,124.0
4983,5.688707126657855,9.832601152385845,4983,158.0
4984,5.9943947358648035,9.44704675986197,4984,183.0
4985,5.552122412932213,11.418590654715308,4985,107.0
4986,2.9190619080680515,2.157005065455,4986,200.0
4987,2.1913514699113783,1.9245230010613152,4987,200.0
4988,3.877140234637721,3.1815665647180507,4988,200.0
4989,3.9004533397104253,3.4058824514518564,4989,200.0
4990,2.1336472730820764,2.4558757503410016,4990,200.0
4991,8.42880938123027,5.062549738718101,4991,200.0
4992,4.260383839109566,3.85619948902374,4992,200.0
4993,2.923577605771952,2.6253239869478815,4993,200.0
4994,6.489641715171599,4.835244585110389,4994,200.0
4995,4.6883129429698736,3.9951564560394246,4995,200.0
4996,4.145633374320024,3.668298397877248,4996,200.0
4997,6.807775336623472,5.185143250948206,4997,200.0
4998,2.075496994404695,8.777102260581016,4998,150.0
4999,5.524020368912496,4.494206716390458,4999,200.0
5000,8.144695824326941,5.42369189379348,5000,200.0
5001,-5.933878745332284,25.159215407276548,5001,15.0
5002,3.463782944442463,2.5098932251998027,5002,200.0
5003,4.397263637127602,3.627983357325044,5003,200.0
5004,4.195724434089364,3.620406863465717,5004,200.0
5005,4.9156052705255355,4.0613557888223735,5005,200.0
5006,2.0015462338817347,11.6892304285282,5006,81.0
5007,5.516761365513016,4.514159869129882,5007,200.0
5008,2.4950493195434187,1.7669228445546823,5008,200.0
5009,5.7503584643342744,4.58459789527297,5009,200.0
5010,3.7908939254551024,3.2261321328294796,5010,200.0
5011,3.981165531116699,3.292674216408411,5011,200.0
5012,8.006677867608381,5.236863646089755,5012,200.0
5013,3.6407084990530945,3.080767255570421,5013,200.0
5014,4.82350080318868,4.028742052897211,5014,200.0
5015,6.769306828125239,5.17996475486093,5015,200.0
5016,3.5227954628771556,3.2139283133650167,5016,200.0
5017,7.652905870502746,5.087486289255228,5017,200.0
5018,7.781045084307547,5.60423808382516,5018,200.0
5019,6.068262997494962,4.773916968640269,5019,200.0
5020,0.8390808825899437,17.23059258568231,5020,37.0
5021,4.2562095655240055,3.4579451711792752,5021,200.0
5022,2.910386273850404,2.2863061325147593,5022,200.0
5023,4.217774730409468,9.518026993137463,5023,151.0
5024,3.039393868958081,2.7412474490311998,5024,200.0
5025,5.217227184026472,14.190048156690093,5025,66.0
5026,1.3300700964599115,11.340033134554547,5026,82.0
5027,6.862253254108419,5.099248265438839,5027,200.0
5028,3.1878535654284565,2.985062524941383,5028,200.0
5029,3.2100270045759443,2.3803974753209727,5029,200.0
5030,4.101310470081463,8.85766272281079,5030,178.0
5031,3.470693339587647,3.2863559004188927,5031,200.0
5032,3.0995405436753174,2.5570569635451657,5032,200.0
5033,7.639169822741179,5.045845747617337,5033,200.0
5034,7.912791097074173,5.39847129204316,5034,200.0
5035,5.212382351612263,4.612834170967202,5035,200.0
5036,0.7027670691428071,16.685225702705157,5036,39.0
5037,3.842382600695024,3.151406395851818,5037,200.0
5038,4.9476483517134096,4.019592116888594,5038,200.0
5039,5.046945718566921,4.373867921857804,5039,200.0
5040,4.022171895770918,3.3059354381181034,5040,200.0
5041,3.8052962234081678,3.0634939004169053,5041,200.0
5042,5.516613695973739,4.403139407977654,5042,200.0
5043,7.674166024965437,5.303041331951576,5043,200.0
5044,4.546439349692118,11.140890108355395,5044,108.0
5045,5.641924426870772,4.6833795454556055,5045,200.0
5046,3.1439507861961613,2.529568144167252,5046,200.0
5047,3.9725663655935213,9.805196296311632,5047,139.0
5048,3.3133647637547505,2.6671098467801797,5048,200.0
5049,4.321373406528287,3.8370715027971896,5049,200.0
5050,2.426911812629463,16.088255887774018,5050,45.0
5051,3.651680010717003,2.9874019687278763,5051,200.0
5052,2.3491626672972763,1.9825800209642488,5052,200.0
5053,2.4480800013050734,10.153417688000863,5053,116.0
5054,5.855984729949037,4.765804350075913,5054,200.0
5055,4.0082552229702735,3.350236486362418,5055,200.0
5056,4.2075533201071975,3.477677533745616,5056,200.0
5057,-0.44359999698141434,18.82522513718228,5057,30.0
5058,7.208264111651872,5.15161414876745,5058,200.0
5059,7.229806511323136,5.14104812558727,5059,200.0
5060,7.522027704840639,5.250589120706935,5060,200.0
5061,2.0326906852989977,7.453427928907856,5061,194.0
5062,3.0038828266668234,2.5162333206682606,5062,200.0
5063,4.856869079016791,4.249568802620131,5063,200.0
5064,3.971938121522925,3.261384809413641,5064,200.0
5065,2.7456174357736587,2.159426358865668,5065,200.0
5066,3.5546406485634527,3.324830113184553,5066,200.0
5067,6.8670520258091345,4.961561718624407,5067,200.0
5068,2.810674014603523,8.853219050394216,5068,150.0
5069,1.4542242744545828,10.426627392248767,5069,99.0
5070,5.199863008622171,4.407017722849968,5070,200.0
5071,0.010949150853223146,17.078523380913705,5071,36.0
5072,3.971238908212336,3.791000335227082,5072,200.0
5073,4.0050526459317375,3.4781308529968014,5073,200.0
5074,2.782440116147741,2.811658931509981,5074,200.0
5075,6.288921986199487,5.615925677163559,5075,200.0
5076,2.7337285839073355,2.381569364598565,5076,200.0
5077,5.63085896084187,4.567917510792154,5077,200.0
5078,9.630635802999022,4.739916869145083,5078,200.0
5079,2.267144252948026,2.038004016183418,5079,200.0
5080,5.853496110010899,4.733975955788365,5080,200.0
5081,3.476446766596492,2.818690849799387,5081,200.0
5082,4.782832321830197,8.971897141984963,5082,181.0
5083,9.58291663694468,4.8214273595494905,5083,200.0
5084,4.667458611472592,3.8517354904161385,5084,200.0
5085,4.576657899976911,3.8088376821090177,5085,200.0
5086,4.044632391899268,9.220624561785758,5086,157.0
5087,2.4669154020644575,9.022455069821886,5087,142.0
5088,6.05255049602469,4.62881786056655,5088,200.0
5089,3.363679579301354,3.0944316785848804,5089,200.0
5090,6.851607410903598,5.141813074480804,5090,200.0
5091,3.469972438561405,2.502073561970727,5091,200.0
5092,3.1065262300166925,1.9074696490105099,5092,200.0
5093,8.488015373801318,5.043465113172108,5093,200.0
5094,4.624036372110882,3.829474244794858,5094,200.0
5095,8.17537994613969,5.147297682238895,5095,200.0
5096,-7.588783603857929,26.67791540305458,5096,13.0
5097,4.712380862942101,4.068989471970077,5097,200.0
5098,3.554111496953996,3.016515832175955,5098,200.0
5099,3.443479512778535,3.375118653718635,5099,200.0
5100,4.092422951949098,3.357268078784498,5100,200.0
5101,8.543904041753876,5.026403407635381,5101,200.0
5102,5.936455943942669,4.615580771396854,5102,200.0
5103,5.053322990433883,4.303628897381104,5103,200.0
5104,2.3705320278071755,10.43835734605316,5104,104.0
5105,5.114396274508741,4.296998913374855,5105,200.0
5106,9.698994707277265,4.743032993144591,5106,200.0
5107,9.201231180925433,4.96409258500246,5107,200.0
5108,2.599961840194066,10.72550908372548,5108,103.0
5109,2.909067308103721,1.6620914792012256,5109,200.0
5110,4.045247090638871,3.3854866634642513,5110,200.0
5111,4.683065711487325,3.9253212384895235,5111,200.0
5112,3.8747473784829483,3.4631265658838593,5112,200.0
5113,6.806003796881793,5.390373645667645,5113,200.0
5114,4.31642592741093,3.8230139455837557,5114,200.0
5115,3.9898791615556215,10.962015582479227,5115,108.0
5116,2.9114367278905786,1.9781233704322476,5116,200.0
5117,3.3662718901093798,2.3615108287205815,5117,200.0
5118,2.1114237690336073,8.904575140516057,5118,142.0
5119,7.090243947834683,5.279523634389926,5119,200.0
5120,8.646768468569974,5.195622485268455,5120,200.0
5121,2.8917478867129307,1.6990554530501478,5121,200.0
5122,5.967779655710699,4.6011099977631735,5122,200.0
5123,6.8797102589766235,5.019870849596848,5123,200.0
5124,4.007375886884615,3.8469917730265872,5124,200.0
5125,6.918807586230055,5.025618277568535,5125,200.0
5126,-0.6730399742150064,16.82135120479444,5126,36.0
5127,4.9825049119274984,4.10034442612492,5127,200.0
5128,2.1222628753839348,2.2041553142540637,5128,200.0
5129,7.687217123586284,9.584631542314055,5129,181.0
5130,2.418682818617195,1.0058648491263686,5130,200.0
5131,4.6400520393913895,3.831248713601379,5131,200.0
5132,3.3686919466768064,2.840492461115774,5132,200.0
5133,3.1304968065486225,2.4846313586969258,5133,200.0
5134,2.8343266883529874,2.614960706258237,5134,200.0
5135,2.4141848619018385,0.9987447331400761,5135,200.0
5136,7.372896237632197,5.295306254534914,5136,200.0
5137,4.504441574824841,3.9385626725250975,5137,200.0
5138,2.0586919490202225,9.1168682359436,5138,136.0
5139,6.354205893487207,4.841827318829567,5139,200.0
5140,7.931798024296363,5.008093303770628,5140,200.0
5141,2.6821385705209253,2.1948795049600003,5141,200.0
5142,2.9853075036287775,8.538480057966494,5142,171.0
5143,4.882128369027117,4.377345607977457,5143,200.0
5144,3.555016455877626,2.6988328527641685,5144,200.0
5145,2.559041608975412,2.3566013575379174,5145,200.0
5146,3.9419768024896507,3.1686104046465107,5146,200.0
5147,7.250350579914905,5.229601755408379,5147,200.0
5148,2.856042405553235,1.775506385032847,5148,200.0
5149,4.396171321235575,4.048327074041179,5149,200.0
5150,7.524325553401516,5.000400809762844,5150,200.0
5151,0.29334401608315375,18.012173951853665,5151,33.0
5152,8.720386363566565,5.03011037951335,5152,200.0
5153,5.074243735107675,4.434018547446955,5153,200.0
5154,4.3179906981159295,3.6931497698311566,5154,200.0
5155,5.467794401899736,12.546761385838675,5155,86.0
5156,4.744518658792715,4.007233138998139,5156,200.0
5157,3.8558114558515513,3.3797436483148764,5157,200.0
5158,3.796670963854031,2.8701373672696233,5158,200.0
5159,3.049343258617078,1.611227535380413,5159,200.0
5160,3.9343123920543728,3.711622051960129,5160,200.0
5161,2.7702188851574276,2.846831638908853,5161,200.0
5162,5.2713842902165755,4.416153708342168,5162,200.0
5163,4.140470025710898,3.4485457879640755,5163,200.0
5164,3.505027048692264,2.8478775141824455,5164,200.0
5165,5.097621025363087,4.259964773169501,5165,200.0
5166,2.2040213350516162,12.108901852787797,5166,78.0
5167,2.8677090157409917,8.881535872385747,5167,152.0
5168,7.189476748833823,4.939955498743096,5168,200.0
5169,5.125207675812922,4.470877761115576,5169,200.0
5170,5.094734794494338,4.362526351258098,5170,200.0
5171,3.295046966149489,2.605375213542306,5171,200.0
5172,-10.869988587815293,31.514357990939967,5172,9.0
5173,8.029393213223607,5.6670739232567096,5173,200.0
5174,4.55371827378785,3.7736342647542145,5174,200.0
5175,7.153601796532057,5.038269462936135,5175,200.0
5176,3.683096111572439,2.95439631314244,5176,200.0
5177,6.1481178985932345,4.829275468736009,5177,200.0
5178,5.341553686243369,4.509206711058509,5178,200.0
5179,-13.834088460453499,35.18385007859845,5179,7.0
5180,6.282980220977893,4.895057834344478,5180,200.0
5181,2.761532090494679,2.0323276845381053,5181,200.0
5182,7.06676683931682,5.129356713191724,5182,200.0
5183,5.163787782320084,4.725504508900428,5183,200.0
5184,4.7476889388947505,4.070441321859824,5184,200.0
5185,4.521901787474825,3.848596543551586,5185,200.0
5186,5.989501496528471,4.779336365328898,5186,200.0
5187,3.337616328383526,2.7416644146788047,5187,200.0
5188,6.300747253439822,5.054025648172954,5188,200.0
5189,3.794173908180502,3.379141808589072,5189,200.0
5190,2.6983862361340614,2.4091847827940254,5190,200.0
5191,6.542661683279134,5.008299873439346,5191,200.0
5192,2.4420479942486137,8.02050634097157,5192,176.0
5193,0.510917812730555,13.701230974077806,5193,55.0
5194,2.7370114060637083,12.26632190474232,5194,79.0
5195,3.19917348331439,2.6693491007480596,5195,200.0
5196,3.478069550988165,2.5436941045008012,5196,200.0
5197,7.3983798165945265,5.060040134690565,5197,200.0
5198,6.554578247502447,5.072093605624744,5198,200.0
5199,2.416489906530472,1.4612473736315634,5199,200.0
5200,-12.07476779501807,33.23689770423755,5200,8.0
5201,4.408127396992949,3.6259465022637394,5201,200.0
5202,6.8961050294246755,10.23328908875241,5202,156.0
5203,2.4275626074170327,1.9090582401730682,5203,200.0
5204,2.9035515734861383,1.4949070721729987,5204,200.0
5205,2.643402057995138,1.7784285653187866,5205,200.0
5206,0.8045243382608867,18.642022714058417,5206,32.0
5207,1.289909044215395,11.121065910986214,5207,85.0
5208,3.5730184626729113,2.6020801478894064,5208,200.0
5209,3.3529575273613,2.5318604474187825,5209,200.0
5210,3.9435277476412818,3.222265670615935,5210,200.0
5211,1.5452489224365868,8.944363824843474,5211,135.0
5212,2.3477547575976216,1.2762848422211455,5212,200.0
5213,3.3874219231209635,2.561224067336519,5213,200.0
5214,2.742563726496337,1.9245240517104873,5214,200.0
5215,6.10443847214905,5.181518310879779,5215,200.0
5216,2.108508408011806,1.44135052302738,5216,200.0
5217,1.7674189412801198,13.30241066675061,5217,64.0
5218,5.019089247530629,4.189717793190848,5218,200.0
5219,4.876381699298475,4.372733648054994,5219,200.0
5220,2.4159034364104075,0.8515620603115461,5220,200.0
5221,2.7755333065344723,2.0642318804836797,5221,200.0
5222,4.2345069572668015,3.5494027614331314,5222,200.0
5223,3.7643819780426986,3.5189220224442668,5223,200.0
5224,-8.552496875171817,28.92210903255116,5224,11.0
5225,5.391262472445703,4.54577917606784,5225,200.0
5226,3.811302055622751,2.9954486293602463,5226,200.0
5227,3.6599586128031047,2.979981306780375,5227,200.0
5228,4.67301272394152,3.8922403726597024,5228,200.0
5229,4.3342250992273375,3.6699875808671494,5229,200.0
5230,2.5040918093902262,1.42745592579046,5230,200.0
5231,8.320747383109993,5.017081194744191,5231,200.0
5232,4.517104067955132,3.7093747508662176,5232,200.0
5233,9.063928500273216,4.9811833757170305,5233,200.0
5234,4.789020561871504,10.197140036066909,5234,134.0
5235,8.244787532878048,5.117643170208801,5235,200.0
5236,3.9338250774733696,3.029836652159605,5236,200.0
5237,6.7177444890899665,4.984322271574648,5237,200.0
5238,4.067160166729045,3.3911669236487287,5238,200.0
5239,7.625997439233536,5.062918253088014,5239,200.0
5240,4.363039863905573,3.479747762115245,5240,200.0
5241,2.1649972862138664,10.153966679558255,5241,108.0
5242,2.6628035568395916,7.817971463047419,5242,195.0
5243,2.3263554890957185,2.4511815898536624,5243,200.0
5244,3.135448920342833,2.289618246968111,5244,200.0
5245,3.326551334964748,2.707624866933646,5245,200.0
5246,-2.110467056553579,21.61485806080323,5246,22.0
5247,7.818184004263003,5.2630877306536865,5247,200.0
5248,5.93896830566684,4.805198354764373,5248,200.0
5249,3.16632256113275,1.9459309755736316,5249,200.0
5250,4.222436917545032,3.557662454249167,5250,200.0
5251,1.5602846835924695,13.150746224721335,5251,64.0
5252,6.603332026888179,5.22564744343037,5252,200.0
5253,5.489128742831497,4.460725648117088,5253,200.0
5254,3.862202637661645,3.038166768975109,5254,200.0
5255,4.1306679661995895,3.4402870762174818,5255,200.0
5256,5.503873221528534,4.432873497882987,5256,200.0
5257,3.215485066387447,2.2224811317806425,5257,200.0
5258,1.6077995934943248,1.7507698096781208,5258,200.0
5259,2.668148491813554,1.7417796069722313,5259,200.0
5260,4.214295289341174,3.85289490645206,5260,200.0
5261,5.638579122851501,4.415737820363161,5261,200.0
5262,4.4038593980594785,3.8787803493110378,5262,200.0
5263,2.3045226009951576,1.8558886549266984,5263,200.0
5264,5.225653222278452,4.393981064107559,5264,200.0
5265,-1.2754041392454014,16.043619296005648,5265,39.0
5266,4.635799631570751,3.796139993033645,5266,200.0
5267,3.7618173176540597,3.153483185092893,5267,200.0
5268,5.525580647910354,4.7824164274267895,5268,200.0
5269,3.1220208974191133,1.9850890278172484,5269,200.0
5270,3.3704295663626866,2.2504743579884194,5270,200.0
5271,4.20006699207685,3.7599429536683084,5271,200.0
5272,2.685332895340764,11.00941196037992,5272,100.0
5273,-1.9266405461776233,17.364486336973314,5273,33.0
5274,5.365212139279319,4.426224958257565,5274,200.0
5275,4.698521415301506,3.7983825042796924,5275,200.0
5276,2.030267047420413,1.9372804063859865,5276,200.0
5277,2.854893433029239,2.0898559707468745,5277,200.0
5278,3.307331176334904,2.781274328777516,5278,200.0
5279,4.957063672446169,4.086769273470516,5279,200.0
5280,2.790741089157952,0.6264859551211938,5280,200.0
5281,0.4455650234533192,7.353456288786269,5281,189.0
5282,10.135392070718664,4.59814515626038,5282,200.0
5283,4.412596868991147,3.6137268089826797,5283,200.0
5284,1.6939244270262777,0.7862129865810134,5284,200.0
5285,2.8438917686735437,2.5473252829990924,5285,200.0
5286,2.155671751508646,1.7389871144298967,5286,200.0
5287,1.901522359993977,1.5602343688179277,5287,200.0
5288,1.92130374614983,0.8568642944997421,5288,200.0
5289,1.4149220604525365,1.388104043141679,5289,200.0
5290,4.656824782930107,4.0675628758566855,5290,200.0
5291,-1.210887921386919,17.596361042135776,5291,33.0
5292,7.821537022513314,5.021196405851868,5292,200.0
5293,3.87066045379015,3.3381230177010854,5293,200.0
5294,7.199534932786334,5.042907763741867,5294,200.0
5295,3.6040464094940616,3.2388304485099177,5295,200.0
5296,2.2900278379130716,7.810672332881027,5296,185.0
5297,3.2883477090032285,2.534937821544382,5297,200.0
5298,3.2045497377712246,1.8956429857791637,5298,200.0
5299,1.6516334563206272,8.370477154202472,5299,150.0
5300,4.66098586983953,4.319405063895543,5300,200.0
5301,4.928307088892857,4.415390536264634,5301,200.0
5302,3.6948176506509025,2.884009629294459,5302,200.0
5303,5.67836489806593,4.589514499359477,5303,200.0
5304,3.4110257934399435,2.531911451242302,5304,200.0
5305,4.682653859037945,3.759397644105074,5305,200.0
5306,-7.098596119133178,26.831894745856996,5306,13.0
5307,5.344134149544682,4.302949099105516,5307,200.0
5308,2.16635724426736,0.750281628495071,5308,200.0
5309,9.080749342876878,4.959117902582354,5309,200.0
5310,7.704722490254167,5.205847011500768,5310,200.0
5311,4.808754040337095,4.318130581179456,5311,200.0
5312,1.2373659458348878,8.958476702809707,5312,136.0
5313,3.755632642102003,3.2748979484924012,5313,200.0
5314,9.17938339248737,5.047026197995818,5314,200.0
5315,1.390241098002991,14.41718368707053,5315,53.0
5316,4.783762672850815,4.082093208406172,5316,200.0
5317,2.5166964376276697,1.1547161728820383,5317,200.0
5318,2.3712579315303457,1.6214474878803102,5318,200.0
5319,1.90748114100889,7.446311414478783,5319,199.0
5320,3.011130663987899,2.2834539759458408,5320,200.0
5321,1.830964489216866,1.7724711933575068,5321,200.0
5322,4.952095839733667,4.516199146277825,5322,200.0
5323,5.656101389525565,4.53960970164868,5323,200.0
5324,3.2920082240098725,2.4493408420298723,5324,200.0
5325,4.234815111701572,3.8184939656456685,5325,200.0
5326,2.625188260837545,0.5185286478102902,5326,200.0
5327,3.7448199657074825,3.2613383505778413,5327,200.0
5328,4.080125466694836,3.2875112390045906,5328,200.0
5329,1.9507196104251394,10.166219714585987,5329,106.0
5330,3.0958939230834144,1.8159427334370688,5330,200.0
5331,5.05550039528397,4.294546218731237,5331,200.0
5332,2.064377452153672,1.7638990237779613,5332,200.0
5333,0.9893197026318323,9.411217133824927,5333,119.0
5334,2.3595793408758534,1.7043297229706131,5334,200.0
5335,8.579117227487037,5.1701903347784,5335,200.0
5336,4.82998140296589,4.100296012865976,5336,200.0
5337,4.570789060430253,3.942441765634039,5337,200.0
5338,2.519836063472664,0.8991248599345943,5338,200.0
5339,3.0954819522681696,2.583994468465428,5339,200.0
5340,4.744436178063437,4.002806985484993,5340,200.0
5341,8.517379805560882,10.80841713003468,5341,131.0
5342,4.2537101503061,3.800189695561711,5342,200.0
5343,5.704458283020244,4.5565300236084,5343,200.0
5344,4.37770871065969,14.912648832925152,5344,57.0
5345,-5.234179682001309,24.488396022015586,5345,16.0
5346,6.474536527873216,13.299453217566237,5346,77.0
5347,0.46113912350922454,12.381094026750201,5347,68.0
5348,2.2108175559636294,0.9924076505368921,5348,200.0
5349,3.556632846430693,2.8107811557345297,5349,200.0
5350,4.422673932324037,3.847826156404077,5350,200.0
5351,2.5150521124913086,8.901165216364623,5351,146.0
5352,2.492799584204936,1.9769603946296168,5352,200.0
5353,-3.075725641813205,23.157621512333794,5353,19.0
5354,3.177701964328395,8.706343582078711,5354,163.0
5355,3.9960624847221373,3.9908754157921624,5355,200.0
5356,5.5281793830398644,4.627585105726184,5356,200.0
5357,4.964884660512498,4.070314330329596,5357,200.0
5358,2.8291192525261564,2.1820137679584537,5358,200.0
5359,3.337393245596664,10.319535147439339,5359,116.0
5360,4.431283844602064,3.7696854699678024,5360,200.0
5361,3.5125070665619904,13.450958488072507,5361,67.0
5362,3.380364821431232,9.460524915572652,5362,140.0
5363,4.886920558833274,9.289590001152511,5363,170.0
5364,-0.28842939087050745,16.95659532329561,5364,36.0
5365,4.978759400284635,4.528232299648233,5365,200.0
5366,6.400817362220236,11.33226246616389,5366,116.0
5367,5.689066183099232,9.785784704890103,5367,157.0
5368,3.5105899504508375,2.609312871855216,5368,200.0
5369,7.961077153963894,5.035909506910448,5369,200.0
5370,2.5206198150930574,0.507316934904904,5370,200.0
5371,2.9184708737227583,2.0759148330319985,5371,200.0
5372,2.4609605986229597,1.8171957212287864,5372,200.0
5373,4.151198710461344,3.268091824043146,5373,200.0
5374,5.317991236318943,4.4764896398258855,5374,200.0
5375,4.102155797537491,3.3116882511901595,5375,200.0
5376,4.039006868662705,11.108210238432381,5376,105.0
5377,7.812352568619789,5.265209087353904,5377,200.0
5378,4.032996369121707,3.157269150239038,5378,200.0
5379,3.2421194841187697,2.656819838395417,5379,200.0
5380,4.88512052933141,4.073592894456165,5380,200.0
5381,2.0671528112885893,0.9201802936503806,5381,200.0
5382,3.6530130106156546,13.54689874546603,5382,70.0
5383,4.634423946663004,4.376502315569585,5383,200.0
5384,3.0744640675392816,2.494531654803249,5384,200.0
5385,2.8985795477239202,11.004294526967536,5385,97.0
5386,3.8571385117314225,3.4607614794007637,5386,200.0
5387,4.1216804518239165,3.4305352497036137,5387,200.0
5388,3.039708404111262,1.7748913755380695,5388,200.0
5389,2.4732795629872726,1.337751753312135,5389,200.0
5390,3.921219307248313,3.31093572009417,5390,200.0
5391,5.27086548802773,10.914696855540765,5391,120.0
5392,5.578821824285996,4.59828637204177,5392,200.0
5393,3.736789544006872,3.1709431194562727,5393,200.0
5394,2.8691859413673706,1.9435658716115656,5394,200.0
5395,4.566568627453671,14.816494255808465,5395,58.0
5396,3.9114674352079466,3.4364916584475576,5396,200.0
5397,4.567003147996213,4.131969392004595,5397,200.0
5398,2.8907194483873493,1.2976073986622567,5398,200.0
5399,4.731784360820123,4.2185642074000445,5399,200.0
5400,3.6717920665611192,3.24289525093688,5400,200.0
5401,2.953922947121782,10.795095024167221,5401,105.0
5402,4.990685311751979,4.429452764525721,5402,200.0
5403,1.993285519426328,10.802592942852542,5403,96.0
5404,5.154973596126734,4.808496169741782,5404,200.0
5405,5.988081063291133,4.642126973215854,5405,200.0
5406,3.976523416928351,3.4486219163487046,5406,200.0
5407,3.454497364941245,3.0454328329979226,5407,200.0
5408,3.755470523082413,3.080277767952604,5408,200.0
5409,1.7094461431661263,9.04852226267881,5409,128.0
5410,3.0664762998436252,2.3571476657502153,5410,200.0
5411,3.8987591062261786,3.3736956702055467,5411,200.0
5412,7.110800567365419,5.262317694324958,5412,200.0
5413,1.8264574413627095,12.163100918184176,5413,74.0
5414,5.556784603280138,4.547952681904902,5414,200.0
5415,4.165501114135435,3.2624126277759995,5415,200.0
5416,4.724935241488832,3.9692529848524947,5416,200.0
5417,-4.470952055941563,23.91901878776352,5417,17.0
5418,3.937843078216623,3.2753134280249796,5418,200.0
5419,5.7006165248392655,5.03112510272711,5419,200.0
5420,4.302959114723481,4.542556986397814,5420,200.0
5421,3.824549310573951,3.4793550103550674,5421,200.0
5422,3.3954782759528523,2.756447163082245,5422,200.0
5423,7.14519584583569,5.157797455472334,5423,200.0
5424,4.372083194041877,3.5592136940827306,5424,200.0
5425,6.430852081203458,4.882564101274993,5425,200.0
5426,2.6204248157223704,1.8872597919481677,5426,200.0
5427,3.3393680626039814,2.9109346122008133,5427,200.0
5428,4.762567315571447,3.936652536356069,5428,200.0
5429,3.354236549297347,2.3249266949761913,5429,200.0
5430,2.8290698060903865,1.8551536979135992,5430,200.0
5431,4.861319588210582,4.0219294683089135,5431,200.0
5432,2.981025270157792,2.152906623483766,5432,200.0
5433,2.401986852030137,1.6469162694108481,5433,200.0
5434,3.1032330081274186,2.271137345810718,5434,200.0
5435,6.828083732881485,4.997200303170859,5435,200.0
5436,2.4959867701725305,2.3393623310016483,5436,200.0
5437,3.2979168236120944,2.9304512053754412,5437,200.0
5438,3.8770202263038924,3.1561710554948315,5438,200.0
5439,5.984502652010019,4.702442147450915,5439,200.0
5440,5.496302821568777,4.394807542849677,5440,200.0
5441,2.7431038078474255,1.2865707862977123,5441,200.0
5442,1.9596630398032377,11.4313125630908,5442,84.0
5443,3.70241422140682,3.465149871155049,5443,200.0
5444,3.316593493691266,2.2225370583590194,5444,200.0
5445,5.639685203453992,4.478975869535882,5445,200.0
5446,2.0031864052668618,9.841577169631389,5446,113.0
5447,3.2903979097133513,2.2254811879738017,5447,200.0
5448,2.8928469140375648,1.4767117304110497,5448,200.0
5449,2.0309801751063863,9.357973017107925,5449,124.0
5450,3.7591560505391213,3.1031333187017824,5450,200.0
5451,4.257195865094593,3.387578796704881,5451,200.0
5452,7.648989265780074,5.038156618570718,5452,200.0
5453,5.388030297166453,4.75929519498788,5453,200.0
5454,-5.939529341417091,25.16030280564544,5454,15.0
5455,5.5758223660108674,4.457695429236647,5455,200.0
5456,5.764399287347612,4.63853394035685,5456,200.0
5457,1.4145488021626598,10.00362066127376,5457,107.0
5458,3.4499631708189873,2.446438124537303,5458,200.0
5459,5.905939245713939,4.64430899939878,5459,200.0
5460,5.153891582914173,4.520675990126429,5460,200.0
5461,5.68557041812194,4.58146936825572,5461,200.0
5462,3.96699413396906,3.4439607141447985,5462,200.0
5463,2.3714076766431775,2.0193175112527615,5463,200.0
5464,2.7056859228690255,2.331296444944053,5464,200.0
5465,2.361781329424495,8.652502224698054,5465,153.0
5466,7.261768549642284,5.0857409420299575,5466,200.0
5467,4.57771917689067,3.912099960024533,5467,200.0
5468,3.8409972151069325,3.2139258796060908,5468,200.0
5469,6.414832048461444,5.236786723804756,5469,200.0
5470,4.364285846399461,3.7756586652010102,5470,200.0
5471,3.6964222560925015,3.254464471944353,5471,200.0
5472,-1.653345767000866,19.072397393086472,5472,28.0
5473,3.122448516134996,2.4078749488347335,5473,200.0
5474,2.5806168206051683,1.6400039099488095,5474,200.0
5475,7.930257736100575,5.1167726943774845,5475,200.0
5476,3.988667426606542,3.2654267402175745,5476,200.0
5477,4.44545914901404,3.7876644904666126,5477,200.0
5478,3.65219230682318,2.9199312642432647,5478,200.0
5479,3.2858468908599434,2.5393163431173393,5479,200.0
5480,3.1833132678747496,2.419611016400793,5480,200.0
5481,2.278479284389745,1.6250500251337137,5481,200.0
5482,3.396706962948019,2.570728387854928,5482,200.0
5483,3.536162291622302,3.0194473022231976,5483,200.0
5484,5.661729491213089,4.715176882344952,5484,200.0
5485,4.320832897635578,3.498508599237749,5485,200.0
5486,3.259850773432408,2.773951797422887,5486,200.0
5487,4.780217501178604,3.975576940638634,5487,200.0
5488,8.57548625441285,5.107837477888842,5488,200.0
5489,3.5101126632569266,2.711812698495515,5489,200.0
5490,1.9187756563206897,1.5946245492138462,5490,200.0
5491,3.969931646154506,3.2777962957202256,5491,200.0
5492,1.800559635630915,7.500954146429901,5492,200.0
5493,7.6439169714851944,5.146475344471001,5493,200.0
5494,3.031965497451241,2.0552742608343224,5494,200.0
5495,3.2661879526742466,2.3253365373437176,5495,200.0
5496,7.43079190015722,5.227185367504929,5496,200.0
5497,3.7071903183553223,2.87026565939634,5497,200.0
5498,7.493866622168686,11.906261566349434,5498,103.0
5499,1.4566594630484981,11.939311095571668,5499,75.0
5500,2.9365417344417777,2.003476990096201,5500,200.0
5501,4.663008506998333,3.8191988225377465,5501,200.0
5502,-1.3019910477243013,20.95847423860117,5502,24.0
5503,4.540778970440851,3.9503383792786892,5503,200.0
5504,4.56959361742305,3.9096205063899108,5504,200.0
5505,3.2791975084659266,2.1002755900243155,5505,200.0
5506,2.2940454690844594,2.5028533234444503,5506,200.0
5507,2.792575362093163,2.0624810252520516,5507,200.0
5508,7.413001972872341,5.121492079920416,5508,200.0
5509,2.127932415288238,1.3200118640013956,5509,200.0
5510,4.146513826555202,3.38179417341535,5510,200.0
5511,4.705530806005633,4.033697897304781,5511,200.0
5512,6.867187086729222,4.9627290189041995,5512,200.0
5513,2.931644038164618,1.9711760270665106,5513,200.0
5514,4.756286430886241,3.9758335548956834,5514,200.0
5515,6.712938170189639,5.157330091890416,5515,200.0
5516,4.85035397904861,4.110375259259066,5516,200.0
5517,3.361596168632137,13.400559298424014,5517,69.0
5518,4.378862623893369,3.835500337067275,5518,200.0
5519,1.762294773282822,1.5886430332975352,5519,200.0
5520,4.0868964918256365,9.075890394927217,5520,163.0
5521,5.109306177407323,4.282814058794724,5521,200.0
5522,3.7746053398169876,3.264529610723722,5522,200.0
5523,3.576433983299189,3.326949186125999,5523,200.0
5524,5.663080901085096,4.871391844380297,5524,200.0
5525,3.426073828875454,2.59761568621067,5525,200.0
5526,3.9276891570047554,3.7960382399942287,5526,200.0
5527,3.0477738801225005,3.4445291060306387,5527,200.0
5528,3.2840149773870384,2.700028437963625,5528,200.0
5529,3.4559062942518044,3.1018881096165396,5529,200.0
5530,6.487466270352152,4.95993533457539,5530,200.0
5531,7.41550774131909,4.99596938840274,5531,200.0
5532,7.554477466950803,5.204117530313218,5532,200.0
5533,4.914576080812262,4.153623559500195,5533,200.0
5534,2.2686812502167193,11.527268554959447,5534,86.0
5535,3.176370783102428,3.0918440443953874,5535,200.0
5536,2.760704766358823,2.61866024964628,5536,200.0
5537,6.18712466640134,4.8018098987940565,5537,200.0
5538,7.200737636684633,4.981869264224523,5538,200.0
5539,1.2408898816590834,10.761448559436221,5539,92.0
5540,0.6879234860357633,16.67264883161906,5540,39.0
5541,3.1172994962517477,2.499342813216051,5541,200.0
5542,6.215546834306696,4.74238926125807,5542,200.0
5543,8.856153151717828,4.970844630850541,5543,200.0
5544,9.492564872618498,4.774926897125439,5544,200.0
5545,3.409134690334844,2.7113258259857638,5545,200.0
5546,3.78275334146255,2.8967036421819254,5546,200.0
5547,4.070192956257122,3.2960466709285163,5547,200.0
5548,8.503090620119607,5.209745235944512,5548,200.0
5549,8.07995276119455,5.013223261128706,5549,200.0
5550,3.4844481666002864,2.8690046478780995,5550,200.0
5551,3.9159322984586744,3.475286037451631,5551,200.0
5552,8.231607754957524,5.00878877687588,5552,200.0
5553,7.485008799238508,5.0334619075439,5553,200.0
5554,4.71617639702326,3.8585752654115746,5554,200.0
5555,-7.558219231928471,27.881918633400137,5555,12.0
5556,3.4385179554608056,2.8402593168137926,5556,200.0
5557,7.343706820438899,5.078252997316382,5557,200.0
5558,6.822741604774779,4.99468375288604,5558,200.0
5559,4.049749374479138,3.3379904349766836,5559,200.0
5560,3.6030961563294532,2.995835069564804,5560,200.0
5561,2.965220365667435,1.9081694240236535,5561,200.0
5562,4.0306142094028505,9.653367985635004,5562,145.0
5563,5.811439400750921,4.588328948900724,5563,200.0
5564,3.1794671609385317,9.077709315404359,5564,157.0
5565,2.3292417665993796,2.087719766864194,5565,200.0
5566,5.171085375785282,9.527350245213407,5566,182.0
5567,3.7046527244518495,3.0124039448670796,5567,200.0
5568,3.437656261984474,2.7363821432654314,5568,200.0
5569,3.2528560027417894,2.6312632979614974,5569,200.0
5570,3.996838394649211,3.350965286338073,5570,200.0
5571,8.637919635804364,5.213599680547549,5571,200.0
5572,6.2823343398581075,4.8463950299885035,5572,200.0
5573,3.259780671810181,2.5286283180079634,5573,200.0
5574,7.195634897422412,4.972824225981879,5574,200.0
5575,0.5844930762717578,13.167633301569456,5575,61.0
5576,3.4085935550762536,2.8840615172122304,5576,200.0
5577,2.3543927189256713,13.629989398612702,5577,62.0
5578,3.755618224587721,3.3146201274762843,5578,200.0
5579,5.672755198908732,4.5262297416822825,5579,200.0
5580,2.9652834411856226,2.6210304071900263,5580,200.0
5581,5.937918451220644,10.845044772845213,5581,126.0
5582,2.5928414371386364,1.4221781706161705,5582,200.0
5583,3.1001777800731976,2.1271130898929504,5583,200.0
5584,6.27802437926919,4.772300203013691,5584,200.0
5585,6.730374693200591,4.8950076147617025,5585,200.0
5586,2.6066889458030844,2.0547687703589843,5586,200.0
5587,9.13119621480147,4.8838757627601295,5587,200.0
5588,3.262735847340258,2.1666391472067628,5588,200.0
5589,3.608059961088924,3.3767671552395586,5589,200.0
5590,3.909779175774153,3.108138536147271,5590,200.0
5591,3.8102207310720995,3.0467334949152503,5591,200.0
5592,4.50196255205734,3.7195271419320006,5592,200.0
5593,3.677275474292334,3.077585539576443,5593,200.0
5594,1.9388418623933765,9.190706772010792,5594,134.0
5595,4.812973687794521,4.633813280194395,5595,200.0
5596,3.311816261027157,2.007924750035655,5596,200.0
5597,1.4718588114349325,11.666213639710056,5597,81.0
5598,2.876826109656938,2.168920853816981,5598,200.0
5599,4.716500746602275,3.8794121608308223,5599,200.0
5600,4.306332315536746,3.4344800685766605,5600,200.0
5601,3.386315978729188,2.240936144161432,5601,200.0
5602,5.965177308465951,5.123582899693069,5602,200.0
5603,2.8501279337286722,1.6489397055686357,5603,200.0
5604,6.479642442966064,5.0317693342879535,5604,200.0
5605,4.431012708129975,3.6054551936549157,5605,200.0
5606,5.00530736875054,4.058647872464049,5606,200.0
5607,2.10728157616235,7.4762170015557965,5607,200.0
5608,5.942628137945738,4.759210199346204,5608,200.0
5609,4.264099874814947,3.540591733915801,5609,200.0
5610,3.708809585636561,3.146656103763881,5610,200.0
5611,6.665087452391865,4.894646709922248,5611,200.0
5612,8.839383378414325,4.931016645980565,5612,200.0
5613,2.401378355599881,1.7830180443059844,5613,200.0
5614,3.5333816525855615,3.0217272757095515,5614,200.0
5615,7.967189586470038,5.026401940919518,5615,200.0
5616,3.1399440040674107,2.3876486037794216,5616,200.0
5617,3.657290152114754,2.909544263015073,5617,200.0
5618,3.1591976456221946,8.754111396259068,5618,162.0
5619,2.801722915891614,2.4199047790777333,5619,200.0
5620,8.287793398619813,5.106595981713829,5620,200.0
5621,4.488876789116299,4.045432781324306,5621,200.0
5622,2.2949139737555977,2.008808591339096,5622,200.0
5623,4.261221968413087,3.472585984154878,5623,200.0
5624,5.941420565532974,4.86843700262467,5624,200.0
5625,3.412626938912372,3.0113414108650787,5625,200.0
5626,3.827508860527239,2.8880114525811367,5626,200.0
5627,3.303569705754953,2.8719985546526754,5627,200.0
5628,-9.637728931837962,30.12718215285533,5628,10.0
5629,3.1562842329654415,11.40758947787067,5629,96.0
5630,3.8696523518736505,2.9796124574134195,5630,200.0
5631,2.4960004581722033,1.0631119519718966,5631,200.0
5632,2.878492600943481,1.3474873467764665,5632,200.0
5633,2.7210563059714223,2.6696809033060083,5633,200.0
5634,1.8957359757665637,1.2318600830423199,5634,200.0
5635,5.096883907878,4.180399356299329,5635,200.0
5636,4.442955560725616,3.6642741886746637,5636,200.0
5637,4.190925680352448,3.3269313302134034,5637,200.0
5638,3.7870315447087695,2.9351647395035574,5638,200.0
5639,3.168342891969021,2.700585560425254,5639,200.0
5640,2.2878896893269576,7.950695354353888,5640,183.0
5641,3.5397616759377595,2.8707917166315093,5641,200.0
5642,3.939462086033016,3.0339127761509044,5642,200.0
5643,2.9800826458235563,1.2882630267479405,5643,200.0
5644,3.8442825684210242,2.8957607801573517,5644,200.0
5645,2.317635787345253,2.062859852732361,5645,200.0
5646,3.5211960154680066,2.9510619324421348,5646,200.0
5647,0.9189801532957383,9.38424748966977,5647,118.0
5648,5.6831226121019585,4.645053273563787,5648,200.0
5649,6.121184820233279,4.851012261562567,5649,200.0
5650,4.070624288268981,3.564722557917392,5650,200.0
5651,6.742050625995492,4.903887116539822,5651,200.0
5652,6.529965704136524,9.265477254137558,5652,190.0
5653,2.3579787779870007,2.01034513959342,5653,200.0
5654,1.9084811370067505,8.117219099294259,5654,172.0
5655,1.797859544458197,2.4256683253249434,5655,200.0
5656,3.4299091191505227,3.2229884179224646,5656,200.0
5657,-8.799746051623313,30.415900348787737,5657,10.0
5658,2.5718778347337747,9.62489195206085,5658,130.0
5659,3.9595225521901294,3.483102072466593,5659,200.0
5660,3.830604023872508,2.954037241181209,5660,200.0
5661,8.265314548821742,9.514985501288724,5661,189.0
5662,3.670129349231624,2.9510082552584067,5662,200.0
5663,2.0746382486028994,8.99017315104586,5663,141.0
5664,2.16364114673242,1.9036867414891527,5664,200.0
5665,-16.52521015260182,37.33234731102828,5665,6.0
5666,6.33998269022077,4.845357514292073,5666,200.0
5667,3.4235812353386246,2.5612978366339596,5667,200.0
5668,6.31910881098441,4.806422881283909,5668,200.0
5669,-3.006069683839028,22.27891430122359,5669,20.0
5670,3.2046900721271174,1.7398168268415601,5670,200.0
5671,8.694873331200014,5.198434882495619,5671,200.0
5672,2.681755784520511,7.77761188972436,5672,195.0
5673,3.5215530022592727,2.856287772532656,5673,200.0
5674,1.6800150372913836,1.1678071818476767,5674,200.0
5675,6.593436889418374,4.976795598138689,5675,200.0
5676,3.990797067318246,3.1547321416925205,5676,200.0
5677,3.061950896018308,2.124304238088702,5677,200.0
5678,3.7043686991030347,3.142710141077608,5678,200.0
5679,9.501680770767956,4.8197505126823135,5679,200.0
5680,8.0946983016586,5.28416908330919,5680,200.0
5681,4.781298221641993,4.147931914310493,5681,200.0
5682,4.50205487686084,3.638359740662198,5682,200.0
5683,5.416872762945319,4.317760292219425,5683,200.0
5684,3.487474092599383,2.715385611858698,5684,200.0
5685,4.405853375763395,4.014032778983817,5685,200.0
5686,0.37539533993230273,14.67334303672375,5686,48.0
5687,4.842536546562045,4.06621514277578,5687,200.0
5688,5.129678998745312,4.223627529195604,5688,200.0
5689,7.360554004490677,4.996825609662011,5689,200.0
5690,3.541629169937619,3.2410860152822116,5690,200.0
5691,9.008029921063843,4.936936566278942,5691,200.0
5692,2.201224867167594,1.4489094820584925,5692,200.0
5693,6.321278318390012,14.69687955055465,5693,62.0
5694,5.22711285383943,4.643009076174528,5694,200.0
5695,3.045302593476593,8.810902777021855,5695,160.0
5696,2.6754852583482767,2.2959935896183756,5696,200.0
5697,3.3850334333644345,8.54691688957158,5697,174.0
5698,3.9264066885520164,3.2054196400074675,5698,200.0
5699,4.091707380457908,3.306863867894517,5699,200.0
5700,0.14421008200018712,11.456795528664308,5700,78.0
5701,3.765978206956458,3.202337585095275,5701,200.0
5702,6.443294276323757,4.8467180486682215,5702,200.0
5703,4.042522798899455,3.7790568794543606,5703,200.0
5704,2.313032990623633,1.4371396843585893,5704,200.0
5705,3.9626691011409467,3.1966599457962195,5705,200.0
5706,2.03929071819777,1.2533915013441446,5706,200.0
5707,1.5681040595230695,1.7461744444966802,5707,200.0
5708,3.8197035231031076,3.716546196637717,5708,200.0
5709,5.042679800785981,4.32794010385096,5709,200.0
5710,4.810173554675425,4.202970799579548,5710,200.0
5711,10.345377385257777,4.52809273721627,5711,200.0
5712,4.587436839985302,4.06334458310986,5712,200.0
5713,3.4440314147454467,9.542844076304648,5713,137.0
5714,7.596141223806623,5.288904495887679,5714,200.0
5715,6.360755653596527,4.800329971399557,5715,200.0
5716,4.184117387375673,4.036778922018044,5716,200.0
5717,6.315703666219772,5.053390964478779,5717,200.0
5718,2.8643742633203213,2.1551672548868432,5718,200.0
5719,6.148634526668855,4.767386926382798,5719,200.0
5720,2.258706942830719,1.8662996660638171,5720,200.0
5721,1.5517861225873504,1.2192626712993662,5721,200.0
5722,3.146946916217039,2.4346755510359874,5722,200.0
5723,6.475983893752702,9.22751819572486,5723,192.0
5724,3.431825772793606,2.7169894997500976,5724,200.0
5725,3.983122486033086,3.285327753978983,5725,200.0
5726,3.4252820544776323,2.6627851249526504,5726,200.0
5727,5.792531451024534,4.679789519695446,5727,200.0
5728,8.609908040084436,5.112583405969417,5728,200.0
5729,2.750261513142176,2.347639015521741,5729,200.0
5730,4.757245310834605,4.058051634348737,5730,200.0
5731,3.640820996957783,3.091263836983202,5731,200.0
5732,3.4915486426020754,3.0778008399759607,5732,200.0
5733,4.478226000772609,3.878940675732829,5733,200.0
5734,3.76094793138835,2.8897043159972817,5734,200.0
5735,4.919347134941972,4.193874156467246,5735,200.0
5736,4.881422389415406,4.153120600862944,5736,200.0
5737,2.7551519001544382,0.9726850337614206,5737,200.0
5738,3.332554842343561,2.3511329820845424,5738,200.0
5739,2.342126448670419,1.9927367170319847,5739,200.0
5740,4.199212806621952,3.589465092959273,5740,200.0
5741,1.3860252327761586,15.481174494057184,5741,46.0
5742,3.79671258142053,3.004485291352243,5742,200.0
5743,4.391836270381984,3.765009952496486,5743,200.0
5744,2.804344022992095,1.3051754240689017,5744,200.0
5745,4.217913138129608,3.6523955331948983,5745,200.0
5746,4.792987513509273,4.208924880733371,5746,200.0
5747,2.383542628206281,1.6531066662932539,5747,200.0
5748,6.756764690720484,4.883617774052613,5748,200.0
5749,2.926083888765693,2.741392416531494,5749,200.0
5750,3.1431819196768664,2.1168044566650868,5750,200.0
5751,3.5683767595205325,2.5124389598275254,5751,200.0
5752,3.672619226881613,3.3990688655704124,5752,200.0
5753,5.052515937637465,4.079781842070789,5753,200.0
5754,1.365213253057041,10.584068601687424,5754,94.0
5755,4.2921849531048375,3.8570995289866046,5755,200.0
5756,8.083956547780216,5.004818408414685,5756,200.0
5757,4.083841267481642,3.3154418877972445,5757,200.0
5758,3.863525828151982,3.1465429049454867,5758,200.0
5759,5.105857989810959,4.140906400576532,5759,200.0
5760,6.535587269765516,4.909827303206617,5760,200.0
5761,-0.14270004866974878,12.506462718096163,5761,65.0
5762,5.738366814896331,4.585819439012513,5762,200.0
5763,2.945601676697754,2.1641636429204105,5763,200.0
5764,5.4765475815247955,4.565649857600714,5764,200.0
5765,3.974284516438678,3.294947395545882,5765,200.0
5766,7.253007333759396,4.986372888283395,5766,200.0
5767,4.531168619657535,3.699733377324463,5767,200.0
5768,2.5040244679176418,2.0121411039936055,5768,200.0
5769,1.744770385223668,1.585840179814508,5769,200.0
5770,2.1323964867072553,10.976189064924684,5770,92.0
5771,3.436696370259532,2.5538297516870427,5771,200.0
5772,3.090008935270918,2.644545872589176,5772,200.0
5773,6.301541444591574,4.934803204733642,5773,200.0
5774,-12.321052433722128,33.14093498759453,5774,8.0
5775,5.686742430827114,5.413540912593577,5775,200.0
5776,9.494613413591889,4.832042684748878,5776,200.0
5777,4.887611616019209,4.106056343711764,5777,200.0
5778,9.97015072232731,4.617859507249013,5778,200.0
5779,5.141703809904687,4.662509309405416,5779,200.0
5780,4.644468281100205,3.909795045178583,5780,200.0
5781,3.7169326126844457,3.3510887753989866,5781,200.0
5782,5.978144694120467,4.645801493295334,5782,200.0
5783,3.3896626292694623,3.300081212324469,5783,200.0
5784,6.807626720120639,4.961555368755815,5784,200.0
5785,-1.2658033611596122,20.80881572478257,5785,24.0
5786,5.0352018730633725,4.310053203427055,5786,200.0
5787,6.185159526546004,4.894753881665495,5787,200.0
5788,6.993802019423872,4.992556189253888,5788,200.0
5789,2.955604835258987,2.7635558236950417,5789,200.0
5790,3.7249345054235334,3.3097448219519428,5790,200.0
5791,7.011323822022738,13.993050333460742,5791,69.0
5792,8.28271955945372,5.309267270531825,5792,200.0
5793,9.142630983579204,4.935081465718303,5793,200.0
5794,3.216719680755753,2.668905669566124,5794,200.0
5795,3.073748158410372,2.33945168513375,5795,200.0
5796,5.554569877074447,4.557675227579665,5796,200.0
5797,2.834853274997148,2.199007349526386,5797,200.0
5798,2.8830268447164396,1.8772771299337172,5798,200.0
5799,3.41510051059294,2.663528595268197,5799,200.0
5800,3.6245595418709002,2.6365880366279524,5800,200.0
5801,3.5520977309015813,2.5931789113543693,5801,200.0
5802,6.94695147931548,4.942497221463245,5802,200.0
5803,4.429924217963927,3.8345668696791426,5803,200.0
5804,3.5596252061277163,3.212840623545222,5804,200.0
5805,8.643733794332158,10.374675700065024,5805,143.0
5806,5.305127378877829,4.392098456524292,5806,200.0
5807,5.55399992233241,4.462667321013281,5807,200.0
5808,4.711843467543251,3.848850924083817,5808,200.0
5809,2.730289954850828,2.555171318926208,5809,200.0
5810,8.416800205727647,5.013063782352471,5810,200.0
5811,4.070525189280912,3.6379239477794094,5811,200.0
5812,5.162912724283436,9.858753157331517,5812,150.0
5813,8.76531613338319,9.940773739674613,5813,162.0
5814,4.665047644625191,4.053691364022491,5814,200.0
5815,5.09306795226852,8.786122478435647,5815,194.0
5816,6.3663573734051715,4.75950281636618,5816,200.0
5817,3.9937040741521628,3.080600071921228,5817,200.0
5818,4.369658763386911,3.653418039864994,5818,200.0
5819,4.327631256873904,3.6836097565267263,5819,200.0
5820,5.549151424978884,4.451879282940871,5820,200.0
5821,4.137517660445739,3.453407424159661,5821,200.0
5822,3.896990054587875,3.3045041510106747,5822,200.0
5823,3.796580743614537,3.2795809745644173,5823,200.0
5824,6.136588482150057,4.684736767118514,5824,200.0
5825,4.309519920137004,3.610231832336543,5825,200.0
5826,3.2767721761815927,2.927341776694129,5826,200.0
5827,3.256150967029793,3.4471211897496348,5827,200.0
5828,3.7160002339687357,3.5271089947591316,5828,200.0
5829,2.2405123814047836,8.854623967207221,5829,144.0
5830,3.0605638238269126,2.422719274281783,5830,200.0
5831,7.462002670301265,5.060867375278379,5831,200.0
5832,3.82297242974964,3.41636267331924,5832,200.0
5833,1.4155143444342977,12.685827487170926,5833,68.0
5834,7.853982708766252,5.272635959272348,5834,200.0
5835,6.7274737787992525,4.89949906988489,5835,200.0
5836,0.87414757765801,15.639104220429303,5836,44.0
5837,3.556793209591765,2.4733313199495894,5837,200.0
5838,2.099345770886255,2.1811412489166218,5838,200.0
5839,8.921420310341942,5.056638387919865,5839,200.0
5840,2.4380658655308505,1.9036370702570065,5840,200.0
5841,3.4384465046611687,2.5638802254201414,5841,200.0
5842,3.795945358921165,3.38588941733795,5842,200.0
5843,3.782778649864495,3.3172560066700596,5843,200.0
5844,3.018029599783682,2.6162510147547504,5844,200.0
5845,-0.3291476181068972,14.442910710694,5845,49.0
5846,4.684592058719443,3.8332259474505253,5846,200.0
5847,6.300555779992606,4.945884104511277,5847,200.0
5848,2.859247118635045,2.733617190779754,5848,200.0
5849,3.7226704209517094,2.752825856132479,5849,200.0
5850,2.680994408840561,2.4771315631915303,5850,200.0
5851,4.281118517018568,4.613067847394069,5851,200.0
5852,6.849471175543427,5.040372296401512,5852,200.0
5853,4.268068006617266,3.45300520681722,5853,200.0
5854,7.210389638633675,5.221486674655107,5854,200.0
5855,3.746567356059685,3.2068652504478687,5855,200.0
5856,5.984435767639352,4.856271582263586,5856,200.0
5857,7.3145113780276585,5.086190949778448,5857,200.0
5858,3.7751443399417237,2.719999971411001,5858,200.0
5859,3.745696385766646,2.89547885866596,5859,200.0
5860,4.960781219682453,4.089889103527511,5860,200.0
5861,4.620294443244816,4.333458559927535,5861,200.0
5862,3.0516269819529613,2.7873227083889165,5862,200.0
5863,4.401001034163458,3.5995932571785776,5863,200.0
5864,4.307679690855534,3.9088396023960916,5864,200.0
5865,4.5520177715437065,4.081087280365511,5865,200.0
5866,4.170653551652408,3.4029683912884314,5866,200.0
5867,3.721827255554921,3.27521916142351,5867,200.0
5868,2.971808181313636,1.6128432794807817,5868,200.0
5869,3.3920859639061405,2.6692043915557346,5869,200.0
5870,4.463932599276934,3.5681559255306365,5870,200.0
5871,4.461507933011766,3.8776793047721467,5871,200.0
5872,6.736890645588939,5.061961588521315,5872,200.0
5873,5.086197622337307,4.152493906483163,5873,200.0
5874,4.375147477040491,4.0997696973771225,5874,200.0
5875,4.737578751483726,3.8034341768667543,5875,200.0
5876,3.7870978771598898,3.2943580067298828,5876,200.0
5877,2.7391592179176008,9.931368087414445,5877,118.0
5878,3.198283277667635,2.5358978561453767,5878,200.0
5879,3.363571558523784,3.0973199077111695,5879,200.0
5880,7.358993067141984,5.0637672528416635,5880,200.0
5881,4.743989841276687,4.032512626434494,5881,200.0
5882,5.515084174683077,4.589433007856601,5882,200.0
5883,5.008261782715386,4.049373380265197,5883,200.0
5884,7.637856859449207,5.061166221184749,5884,200.0
5885,7.074295612091923,5.309442125429771,5885,200.0
5886,4.95297529922709,10.82440776913549,5886,118.0
5887,1.919228138174788,12.548205554389845,5887,71.0
5888,3.095827866825416,2.0383583228410282,5888,200.0
5889,5.700676937241081,5.075459270505514,5889,200.0
5890,3.2324059738756343,2.4769373568028854,5890,200.0
5891,3.551854660668779,14.087432009963743,5891,63.0
5892,4.979984490720475,4.075144734524862,5892,200.0
5893,8.126186656163016,5.067778135975375,5893,200.0
5894,8.09532321461753,5.3686168417819085,5894,200.0
5895,6.396533166999416,5.107492172956182,5895,200.0
5896,3.3710232652176337,2.6257689434937745,5896,200.0
5897,0.8503761972783277,13.21294461148931,5897,61.0
5898,7.350900906865112,5.12725903052901,5898,200.0
5899,4.074030252594202,3.144386486584155,5899,200.0
5900,3.09539132079327,1.6327243355144339,5900,200.0
5901,4.289854500704767,3.688264122465882,5901,200.0
5902,3.398093666150478,2.710107913686339,5902,200.0
5903,2.4045506799161327,9.211399869545161,5903,134.0
5904,7.506723041883391,5.020143976944635,5904,200.0
5905,6.427831233928825,5.216845542785612,5905,200.0
5906,3.0445769853604023,1.8365686594854433,5906,200.0
5907,5.078324065662574,4.35202167491568,5907,200.0
5908,3.774386252679166,2.98547679143895,5908,200.0
5909,3.5602844198359582,2.385228244198641,5909,200.0
5910,2.8684984382931886,1.0352532739252425,5910,200.0
5911,3.070148452690479,1.9891513210535585,5911,200.0
5912,2.5310193750693615,2.0926380356096277,5912,200.0
5913,3.3282522424876704,2.2483214797306377,5913,200.0
5914,4.310650722603892,3.7374988184636244,5914,200.0
5915,4.471118998461367,3.666934233857473,5915,200.0
5916,2.27083062419234,9.563175367661625,5916,128.0
5917,2.839007210080122,2.6049862098064684,5917,200.0
5918,2.8132712873211996,2.6560960162990406,5918,200.0
5919,4.203543059262658,3.835955606094404,5919,200.0
5920,3.1972127448544687,2.3974583401487637,5920,200.0
5921,2.3779668185906346,1.5908834384238881,5921,200.0
5922,7.433045139923561,5.087519563748759,5922,200.0
5923,6.58310671123237,4.807628311235942,5923,200.0
5924,4.244217325916859,3.6424862694493196,5924,200.0
5925,4.282958655405339,3.8489375779076846,5925,200.0
5926,4.004185282400056,3.6675656945875357,5926,200.0
5927,4.614747284491621,3.8950577039292775,5927,200.0
5928,3.193547456211358,1.5866635151548438,5928,200.0
5929,4.7431908596416115,3.8686856160313012,5929,200.0
5930,3.9857107747643203,3.288910771489487,5930,200.0
5931,5.854390559091686,4.567356721196621,5931,200.0
5932,3.700339695654407,3.168231103919862,5932,200.0
5933,4.465742247773612,3.5858194276170603,5933,200.0
5934,2.325482644576826,10.212084482455332,5934,109.0
5935,8.503550656060597,5.213693703493875,5935,200.0
5936,4.342769262248291,3.7251656407755975,5936,200.0
5937,5.672943685748915,4.4465362566583835,5937,200.0
5938,5.367818386962677,4.27736114245434,5938,200.0
5939,2.310051728093946,2.0060290311144713,5939,200.0
5940,6.068563430378852,4.710147811246826,5940,200.0
5941,2.6991409502276142,2.1369244178288267,5941,200.0
5942,0.3709100930835149,13.014270611393355,5942,62.0
5943,3.9029979361611002,3.53624201406777,5943,200.0
5944,3.7976645437254444,2.865612125241249,5944,200.0
5945,3.159301481368308,2.7144487651287124,5945,200.0
5946,2.5242331809408096,1.754018335377054,5946,200.0
5947,4.700370077359318,4.13871875837912,5947,200.0
5948,6.601139709755323,4.854704461487604,5948,200.0
5949,3.754777444065914,2.814047144389551,5949,200.0
5950,4.986793239894988,4.209293044412181,5950,200.0
5951,3.2289748610586297,2.6347438126575438,5951,200.0
5952,4.77310951084586,3.975178524218594,5952,200.0
5953,7.11653866173707,5.01680307271115,5953,200.0
5954,4.487666589696498,4.140652830459659,5954,200.0
5955,4.229015654117806,3.49859138019362,5955,200.0
5956,3.3276765491316644,3.018400633348854,5956,200.0
5957,6.328328067077577,4.732678819341632,5957,200.0
5958,4.264782820955582,3.380563763983863,5958,200.0
5959,4.12231187438095,3.2810394821671687,5959,200.0
5960,8.744412401168235,5.002343470884126,5960,200.0
5961,9.475826766083083,4.8695210902754615,5961,200.0
5962,3.4893631091527038,2.5083209524133605,5962,200.0
5963,6.956577352647749,4.936760225152226,5963,200.0
5964,5.523739117176844,4.376108345916156,5964,200.0
5965,10.268687606921365,4.564314021794039,5965,200.0
5966,2.572062623007633,1.7589040022192426,5966,200.0
5967,4.492792279806107,4.394541474393491,5967,200.0
5968,5.319651622344481,4.3311180318585905,5968,200.0
5969,4.879526642910426,4.170439235767077,5969,200.0
5970,3.8095320447640906,3.0934636159275417,5970,200.0
5971,4.360816788246829,3.9597524511096256,5971,200.0
5972,6.636707502554458,4.880240895278369,5972,200.0
5973,5.144312884254612,4.2199341709910785,5973,200.0
5974,-4.154959022708308,26.900342367446346,5974,14.0
5975,3.0578628119545788,8.247324032798348,5975,181.0
5976,6.679872646922381,4.955730666558843,5976,200.0
5977,2.2876712077278567,2.0564510203610635,5977,200.0
5978,5.948401581290916,5.0730433682081,5978,200.0
5979,5.003305632768373,4.14259608608313,5979,200.0
5980,5.622492570926808,4.4288212303398,5980,200.0
5981,3.5023184383386545,3.1079505874777036,5981,200.0
5982,6.275333687507925,4.714537706215041,5982,200.0
5983,4.157579933921227,3.5416242747616997,5983,200.0
5984,4.017654119711255,3.64845254248766,5984,200.0
5985,8.506980785708112,5.141550959615318,5985,200.0
5986,4.762808712108725,3.9322956413205286,5986,200.0
5987,3.558010407229959,3.1255194017726664,5987,200.0
5988,3.8618821907911807,3.670159753701109,5988,200.0
5989,3.8574547444994276,3.2407340495822603,5989,200.0
5990,3.2193095049817906,2.8041954578862476,5990,200.0
5991,3.8973959384351597,3.0742753618720458,5991,200.0
5992,3.7149900128570925,3.048666298930413,5992,200.0
5993,7.643702108060212,5.185891574605776,5993,200.0
5994,4.446258408120411,3.624385156124001,5994,200.0
5995,4.664555217156842,4.159366175727999,5995,200.0
5996,1.8086462115053388,16.011291353855437,5996,44.0
5997,7.775199846505394,5.07494405237065,5997,200.0
5998,5.02075461337941,4.10014328105606,5998,200.0
5999,4.462824392973491,3.7367932111699593,5999,200.0
6000,3.8701437735137345,3.095418125616134,6000,200.0
6001,3.2493066877852015,15.857847530590595,6001,48.0
6002,-1.2104135626402721,19.897421296743335,6002,26.0
6003,3.077139728384731,2.832806138790133,6003,200.0
6004,4.260019113003171,3.879640310049565,6004,200.0
6005,2.3484115927302116,1.8669810608678505,6005,200.0
6006,4.086121705352905,3.2633537464799875,6006,200.0
6007,7.503407062388784,5.020945243011843,6007,200.0
6008,5.75761837234116,4.648780994800569,6008,200.0
6009,4.097365741059764,3.3584400383203277,6009,200.0
6010,4.2017239514928475,3.687285754928278,6010,200.0
6011,3.7512070640939696,3.225570849447058,6011,200.0
6012,9.127768634989017,5.0097223125014425,6012,200.0
6013,9.739782481544585,4.759531700117967,6013,200.0
6014,4.131245063447051,3.3281581284913786,6014,200.0
6015,8.260203635382538,5.281697691941937,6015,200.0
6016,3.476698763785551,3.1886836493088584,6016,200.0
6017,7.551320127497679,9.631563418591199,6017,183.0
6018,7.9336420894873285,5.01350112633134,6018,200.0
6019,3.90032648865743,3.3407035302400856,6019,200.0
6020,8.233221799344362,5.229735195618581,6020,200.0
6021,4.385270321885026,4.1781964110591945,6021,200.0
6022,4.535216843885393,3.9507466070318578,6022,200.0
6023,7.982036539854664,5.139173023947738,6023,200.0
6024,8.071048986163563,9.674798276153517,6024,175.0
6025,3.7160343763826633,2.8982238942109917,6025,200.0
6026,0.8787013780366457,22.69655051624418,6026,22.0
6027,2.4159812416445132,1.0013917661619414,6027,200.0
6028,6.766314515312177,4.873529553542682,6028,200.0
6029,3.711142102110364,3.011279267440644,6029,200.0
6030,3.539559095153896,3.4738827627827065,6030,200.0
6031,2.606284887414223,2.6060119559925017,6031,200.0
6032,3.3246637868657167,2.621138422833667,6032,200.0
6033,8.247446598892044,5.335723443393026,6033,200.0
6034,3.4629312307988305,3.240414163499782,6034,200.0
6035,2.8591020368639346,1.8257890906181609,6035,200.0
6036,3.4830839213789044,2.573055471587547,6036,200.0
6037,5.107570954943308,4.283577580535977,6037,200.0
6038,2.2554756770068867,9.36554941565303,6038,128.0
6039,4.104864277217038,3.5795875094719296,6039,200.0
6040,7.476190311969289,5.046136839254136,6040,200.0
6041,3.5625551678848426,2.6001249667654185,6041,200.0
6042,2.8488260830762537,1.7120974314286923,6042,200.0
6043,3.093927931385045,1.2534980018842379,6043,200.0
6044,8.719659703901497,5.273931703385443,6044,200.0
6045,8.825514741985161,5.015114604264196,6045,200.0
6046,4.70236780850412,3.991413912418775,6046,200.0
6047,7.8161208669396025,9.763183612238914,6047,171.0
6048,6.5401875401029645,4.970905709741492,6048,200.0
6049,2.843111053007825,2.3532769303288124,6049,200.0
6050,3.82584485739875,3.1676012649126104,6050,200.0
6051,3.0389067579234474,8.678825616160943,6051,168.0
6052,2.9320709712330317,0.8422327172686511,6052,200.0
6053,3.4753060592640055,3.015547194713785,6053,200.0
6054,3.7625891366799387,2.8349382593655235,6054,200.0
6055,3.7469775068769877,3.3442917756785775,6055,200.0
6056,3.633004611329495,2.8961815993836932,6056,200.0
6057,3.1524136491377535,1.429534299632682,6057,200.0
6058,3.7229155814177664,2.7596603213490187,6058,200.0
6059,7.589086709370118,5.085561750871633,6059,200.0
6060,1.2758714393006059,13.343309524581567,6060,60.0
6061,6.129655991049021,4.849391682068075,6061,200.0
6062,1.4533480924850937,9.165488355435489,6062,132.0
6063,2.8807295435261735,2.3820431261795676,6063,200.0
6064,9.067332126311959,4.921022313764972,6064,200.0
6065,0.9233921378995325,14.63198816228952,6065,50.0
6066,0.5579967739706857,9.794419961805747,6066,110.0
6067,1.9031079062623453,1.1642760600672875,6067,200.0
6068,4.338118329757659,10.202100863725088,6068,135.0
6069,2.7721823260718823,0.9627995431012516,6069,200.0
6070,4.262151956679185,3.377606959151857,6070,200.0
6071,4.620003085140799,11.184971964527636,6071,107.0
6072,3.56177803578587,2.889003876850685,6072,200.0
6073,2.6944291758036796,10.104879629745874,6073,113.0
6074,7.385384540063422,4.971708905061924,6074,200.0
6075,4.510118341560096,3.701295684955159,6075,200.0
6076,3.2303485736180186,1.5633588579966355,6076,200.0
6077,3.5166939661432393,2.722077503574407,6077,200.0
6078,2.817396601169729,2.286668725305744,6078,200.0
6079,3.5681069006078077,2.655667439449875,6079,200.0
6080,3.2399353269559255,1.8927242657756067,6080,200.0
6081,3.240497930344115,2.2405024938124374,6081,200.0
6082,1.4772095491319988,8.163642440965415,6082,162.0
6083,3.060836220300392,2.1911913924782525,6083,200.0
6084,3.1947626912716,1.9018022191655566,6084,200.0
6085,7.15955136588967,5.251313781744624,6085,200.0
6086,4.713563738622927,3.9967331079832866,6086,200.0
6087,2.23615426770916,7.745413321261328,6087,178.0
6088,2.27688771410151,1.9714260521606273,6088,200.0
6089,6.108753895919706,4.872767632026756,6089,200.0
6090,2.9398907841663435,1.7090861907345172,6090,200.0
6091,3.0414910953790604,2.4168390828348802,6091,200.0
6092,3.212320949581867,2.251621479320125,6092,200.0
6093,4.532101771492118,3.791090270949522,6093,200.0
6094,2.863063497157946,0.7921777991395095,6094,200.0
6095,8.215142442123799,5.108740390812423,6095,200.0
6096,8.551714516239961,5.033242041962024,6096,200.0
6097,2.6733136519725496,2.0565374090501893,6097,200.0
6098,6.537471891889655,5.10600504491983,6098,200.0
6099,6.683982888659763,11.5424460857439,6099,108.0
6100,4.874594175425496,4.010650637082584,6100,200.0
6101,0.43219013333874245,10.909617447130799,6101,87.0
6102,1.9384820735701067,1.215295936803007,6102,200.0
6103,5.204314358063975,4.26186317478462,6103,200.0
6104,4.072135766488187,3.2111362410790694,6104,200.0
6105,6.059595398515681,10.209908667051506,6105,147.0
6106,5.4304768961036505,4.653388622027091,6106,200.0
6107,5.04561365853529,4.180357559928484,6107,200.0
6108,3.0227098752446886,2.358696617037729,6108,200.0
6109,3.8719677811041593,3.2735305252383955,6109,200.0
6110,2.849238878150584,1.7089134425318335,6110,200.0
6111,5.62693355982222,4.769284041629471,6111,200.0
6112,2.175611915743576,1.9303592753351428,6112,200.0
6113,3.128694047663006,2.360298001180174,6113,200.0
6114,1.3633083389715066,10.653856777381721,6114,92.0
6115,6.1066759253424685,4.679434232282418,6115,200.0
6116,2.3556433603357707,0.7375149989628472,6116,200.0
6117,2.701919304664624,2.3128891932693465,6117,200.0
6118,4.1138845409983125,3.4044585925331656,6118,200.0
6119,4.173879506261378,3.5359799654908857,6119,200.0
6120,3.1470335941988288,2.109904579709429,6120,200.0
6121,5.909034918687968,4.657968513534004,6121,200.0
6122,3.6925088848206995,3.0894138414038923,6122,200.0
6123,-0.4669744950450204,16.583146756946295,6123,38.0
6124,2.4603982834513034,1.3907967837693564,6124,200.0
6125,5.8346975273212776,4.591595261357258,6125,200.0
6126,3.353766232272114,2.5097504861264746,6126,200.0
6127,3.882986258276184,3.0523194846778963,6127,200.0
6128,2.925838596131912,2.5910420283793156,6128,200.0
6129,3.7678296688060446,2.94413087454638,6129,200.0
6130,2.511880149336599,1.7105559665701136,6130,200.0
6131,5.493385721691986,4.674363412450025,6131,200.0
6132,2.603332289270918,2.1387056901473636,6132,200.0
6133,-11.82617730932706,33.34382687661203,6133,8.0
6134,5.496124877718219,4.444997478620081,6134,200.0
6135,3.4916368518726997,2.9138279007921106,6135,200.0
6136,3.5288533111468143,2.368132749736566,6136,200.0
6137,2.724395522309578,1.350056262146035,6137,200.0
6138,4.019157931683089,3.122159281613967,6138,200.0
6139,3.4205844196943724,2.9691947750627268,6139,200.0
6140,4.400132178019123,3.7077772850745716,6140,200.0
6141,3.3408221103089635,2.1229035191510097,6141,200.0
6142,5.74508284192297,4.592833888876137,6142,200.0
6143,2.9796272343231958,2.056655598423619,6143,200.0
6144,5.711022312296176,4.476252681429253,6144,200.0
6145,3.9782802260811114,3.230747778539448,6145,200.0
6146,6.912237054612567,4.903392281482149,6146,200.0
6147,3.0023374766082,2.564353256284696,6147,200.0
6148,7.459564902197218,5.01329903075654,6148,200.0
6149,2.6325446729218616,1.2837780167880792,6149,200.0
6150,5.232027905727914,4.382276109943893,6150,200.0
6151,3.876444004452205,3.275036264926377,6151,200.0
6152,3.0298275349954906,2.4797956569255564,6152,200.0
6153,2.6743457943743194,1.1101522478903143,6153,200.0
6154,3.865888850759193,3.225048015848802,6154,200.0
6155,3.4449696468004958,3.0253918115160903,6155,200.0
6156,2.977686876809992,2.3898827270368894,6156,200.0
6157,5.654968946265763,4.605863436205744,6157,200.0
6158,5.404731477021983,4.327608107182624,6158,200.0
6159,6.422295124640943,4.829956636315937,6159,200.0
6160,4.053583428988534,3.8320364028193685,6160,200.0
6161,3.691618817773209,3.1883022457764776,6161,200.0
6162,-3.2515400591423305,20.20760670439424,6162,24.0
6163,4.7131849347704176,4.196670680604016,6163,200.0
6164,5.65638661889374,4.746415122433636,6164,200.0
6165,9.780666501683577,4.673862664268397,6165,200.0
6166,2.775075847231945,0.8460863767293869,6166,200.0
6167,2.8196738625071163,1.820552611660787,6167,200.0
6168,3.205037962120414,2.73540135306286,6168,200.0
6169,2.1140485118396235,14.409454555089301,6169,55.0
6170,4.4892334157259235,3.7111053956231355,6170,200.0
6171,9.350892673956288,4.86854795478662,6171,200.0
6172,5.0447903009889705,4.466915295428527,6172,200.0
6173,2.8485564473825944,2.568027441897302,6173,200.0
6174,3.6710089954059377,2.9689413529817488,6174,200.0
6175,6.822822716382467,4.986530430265818,6175,200.0
6176,2.8441423560539274,1.8518034973540933,6176,200.0
6177,4.130990862814691,3.370649340002811,6177,200.0
6178,2.511634786657215,2.141157069365524,6178,200.0
6179,7.65167750121788,5.161753282976771,6179,200.0
6180,7.9955813173511725,5.185564586001893,6180,200.0
6181,3.721751869226038,2.809498174421048,6181,200.0
6182,5.861188515922834,4.765478984411908,6182,200.0
6183,3.913149238795203,11.18709658596464,6183,102.0
6184,5.0897142518894265,11.59828351494015,6184,103.0
6185,2.1946325855734883,8.657755665513266,6185,145.0
6186,3.183414491833815,2.1377131674644487,6186,200.0
6187,4.92721833873583,4.271645130186774,6187,200.0
6188,7.32530837118183,5.218464364667484,6188,200.0
6189,2.109773071067433,2.117140247023166,6189,200.0
6190,8.590835834345798,4.969411736716675,6190,200.0
6191,2.614469760875131,2.5123498805323057,6191,200.0
6192,2.350091192631886,2.6890135926725445,6192,200.0
6193,6.200745982101563,4.785578941112087,6193,200.0
6194,4.352153093547483,3.923682519467,6194,200.0
6195,6.876440675072636,4.892471272509897,6195,200.0
6196,10.186749904858944,4.572506432823201,6196,200.0
6197,3.5467534186912815,3.170706153075541,6197,200.0
6198,3.941614748699859,3.0806205841363212,6198,200.0
6199,3.954280502904281,3.5309894368387775,6199,200.0
6200,4.5462560257287965,13.319983449512836,6200,72.0
6201,8.551784999621455,5.124956074918949,6201,200.0
6202,3.31839053621985,2.0007874705945183,6202,200.0
6203,3.4923844014376915,2.6100073707438023,6203,200.0
6204,6.223740850675507,4.698286239790594,6204,200.0
6205,5.749870204165799,4.521686097810009,6205,200.0
6206,7.100893095161986,10.173561211657214,6206,152.0
6207,3.2201904542366906,2.5324554157920307,6207,200.0
6208,3.9369139189022713,3.5348719808386995,6208,200.0
6209,4.081563565786298,3.7238660764543803,6209,200.0
6210,3.257262361946001,2.815777524894954,6210,200.0
6211,4.069912352800215,3.6340056886861616,6211,200.0
6212,5.608959718226342,4.509532674975823,6212,200.0
6213,5.957438729589808,4.811330920000923,6213,200.0
6214,3.9399920652020954,3.093866235883391,6214,200.0
6215,2.9843905856532063,1.8264617843997963,6215,200.0
6216,8.86384251386231,4.9640364856103965,6216,200.0
6217,-0.7389892223757883,18.565398650815602,6217,30.0
6218,6.77848174645534,4.992221390683317,6218,200.0
6219,3.485774854815844,2.922644129001014,6219,200.0
6220,6.185217798260206,4.799829550312304,6220,200.0
6221,5.41778044962507,4.666911908271055,6221,200.0
6222,3.2704055372294967,1.9990842321668385,6222,200.0
6223,3.6793544977726094,3.548198679549192,6223,200.0
6224,4.22669453126087,3.547179930268745,6224,200.0
6225,5.66634885732014,4.589319372495409,6225,200.0
6226,3.6831345220310174,3.134199608574759,6226,200.0
6227,3.1029054365795408,3.05134952774893,6227,200.0
6228,4.2934910681060146,3.6035889958070033,6228,200.0
6229,-4.253292192553774,23.96564366775837,6229,17.0
6230,3.718212080458701,3.018142365418709,6230,200.0
6231,2.5357781842217615,8.77364914714933,6231,146.0
6232,4.690692774863123,4.076959183849069,6232,200.0
6233,3.750389111992846,3.001762457875429,6233,200.0
6234,4.194715385016013,3.3697269211391974,6234,200.0
6235,3.4535872641104244,3.0420207473648886,6235,200.0
6236,6.673414511335629,5.031577854532459,6236,200.0
6237,3.59380516724184,3.0652733911196783,6237,200.0
6238,3.881532062921817,2.963231399790666,6238,200.0
6239,2.7866280827032934,1.7018336221042951,6239,200.0
6240,2.305516303825753,13.79914849248734,6240,60.0
6241,6.773996225316957,4.999620688922136,6241,200.0
6242,3.63783071115611,2.59076620598669,6242,200.0
6243,3.7150253424817072,3.454732699685019,6243,200.0
6244,4.16804125582489,3.2647507902453508,6244,200.0
6245,4.246744183882639,3.3470743544428427,6245,200.0
6246,3.7757482769754063,3.1354557839211012,6246,200.0
6247,3.113287940947365,2.9090155748237456,6247,200.0
6248,4.041681439629064,3.158766582313414,6248,200.0
6249,3.769546679475513,3.6444648091581926,6249,200.0
6250,4.11569837248386,3.459527442313383,6250,200.0
6251,6.446801603990574,4.800772634376297,6251,200.0
6252,7.474779379584022,5.368541371087451,6252,200.0
6253,2.3486978159183654,2.278352597799501,6253,200.0
6254,7.168484014681996,11.54898609618798,6254,110.0
6255,3.8256822646638593,2.8817913701236315,6255,200.0
6256,7.4068532786143875,5.241901185275687,6256,200.0
6257,4.338991110915459,3.4162331329637037,6257,200.0
6258,3.5250012348522364,2.7457817398657083,6258,200.0
6259,3.4899366648134253,2.307637648300872,6259,200.0
6260,3.654697995341203,3.2770111620177875,6260,200.0
6261,4.316210676889203,3.707735529908827,6261,200.0
6262,2.8707090602604755,7.87566666348385,6262,190.0
6263,2.6932447464902896,1.5461433246742466,6263,200.0
6264,3.092359724723376,1.9454901189605642,6264,200.0
6265,2.655855811937865,2.6509859790978427,6265,200.0
6266,7.547290546651702,5.155108329037342,6266,200.0
6267,3.2396294471875673,2.329303691859183,6267,200.0
6268,3.70431828285432,2.7632841135117245,6268,200.0
6269,5.724377454301533,4.753849016921455,6269,200.0
6270,4.876553095080215,3.9985814811622507,6270,200.0
6271,4.010569593544196,3.078412275718753,6271,200.0
6272,3.8194161868057286,3.182908729616087,6272,200.0
6273,8.964049084231288,5.006348483150428,6273,200.0
6274,3.527108674289707,2.89249079157251,6274,200.0
6275,5.520052228696669,4.503261717039569,6275,200.0
6276,6.49528828049608,4.894821648288095,6276,200.0
6277,3.9603966296971733,3.211426087273992,6277,200.0
6278,6.9325792750071535,5.20733376741001,6278,200.0
6279,8.447497692007016,5.158154978957947,6279,200.0
6280,6.131122788011383,4.849522399808266,6280,200.0
6281,3.84123658564735,2.982030868176268,6281,200.0
6282,-1.2169074206695671,18.383771105893867,6282,30.0
6283,2.879403320892533,2.5677453632616123,6283,200.0
6284,9.80424245290765,4.7808804633532525,6284,200.0
6285,4.0290553618932625,3.704247184527007,6285,200.0
6286,5.643568342886284,4.592940112193351,6286,200.0
6287,3.309105956749483,14.138318929092598,6287,62.0
6288,5.168915587102545,4.300174498636942,6288,200.0
6289,2.8827261041306316,2.740858225586665,6289,200.0
6290,8.57039729852036,4.9994409036994405,6290,200.0
6291,6.968908716886912,4.920440294457998,6291,200.0
6292,8.287111555640251,5.1205655823384175,6292,200.0
6293,4.886293908802993,4.305340180827078,6293,200.0
6294,8.183972793666799,5.00690366187113,6294,200.0
6295,3.0323952917586205,2.8389800340442966,6295,200.0
6296,7.811098797424465,11.285946331532,6296,116.0
6297,4.788444667331616,3.9611939868835435,6297,200.0
6298,3.0045029936044387,2.7815961547950065,6298,200.0
6299,3.2160241038198167,2.373377901467035,6299,200.0
6300,3.9689767380539673,3.1056528120252116,6300,200.0
6301,2.0638685143700184,8.765587373952426,6301,144.0
6302,3.569411187618034,3.0223272864687725,6302,200.0
6303,3.118230718244348,2.7553001524533016,6303,200.0
6304,3.7574606929787264,3.349271933030577,6304,200.0
6305,6.597307780855581,9.207794929129653,6305,193.0
6306,2.76356843423356,2.3710844513999616,6306,200.0
6307,2.4287385870345166,2.2411803493814895,6307,200.0
6308,8.306088159418216,5.090594533781412,6308,200.0
6309,9.707457469387503,4.742447752277769,6309,200.0
6310,2.910568965128133,2.071455619469214,6310,200.0
6311,2.897664060874224,2.2663944110930077,6311,200.0
6312,4.2811681667245445,3.5331729708645345,6312,200.0
6313,8.071090995825209,5.1751475263774305,6313,200.0
6314,3.914056871331229,2.941815838721864,6314,200.0
6315,3.528627013441881,2.5223452909345396,6315,200.0
6316,3.4778157512134062,2.3297194375501484,6316,200.0
6317,3.0281831717705443,2.33918889965807,6317,200.0
6318,3.367941981079284,3.1671293217654037,6318,200.0
6319,6.326101576088272,4.7946606357270625,6319,200.0
6320,4.341851517057733,3.790864363355729,6320,200.0
6321,3.201392407443568,2.718537098983374,6321,200.0
6322,3.467213710700068,2.313972064425234,6322,200.0
6323,0.13886732670749877,10.783447492878336,6323,88.0
6324,3.9066081539796937,2.9480604912229245,6324,200.0
6325,5.81863231802315,4.729626345030596,6325,200.0
6326,2.600240521531039,1.9788477056708085,6326,200.0
6327,3.076039402904312,1.8919073190403861,6327,200.0
6328,9.043452011332745,4.887547644185464,6328,200.0
6329,8.983559374766271,4.981784961527564,6329,200.0
6330,1.3216990387579428,11.471458616054845,6330,81.0
6331,7.792531091518506,5.093553303733071,6331,200.0
6332,3.810293241420522,2.993594757559421,6332,200.0
6333,2.242243017411202,2.1098114909981747,6333,200.0
6334,3.37644763035553,8.683011985534481,6334,175.0
6335,7.258985116911894,5.0511974790195096,6335,200.0
6336,3.238755377652999,2.5327630916711974,6336,200.0
6337,1.6622715213723092,1.1603792838173987,6337,200.0
6338,4.1313944025280085,3.346993675014369,6338,200.0
6339,3.865674572104418,3.2942689312563185,6339,200.0
6340,4.403044077302578,3.585348498314259,6340,200.0
6341,2.407891395164965,1.9811784435104298,6341,200.0
6342,2.488642109863974,2.651282781343914,6342,200.0
6343,3.3590177628618623,2.6769094595842478,6343,200.0
6344,-0.8237305475802439,23.93193434734282,6344,19.0
6345,-0.120568988779554,20.390098790402337,6345,26.0
6346,8.230152979655735,5.078175615568991,6346,200.0
6347,4.019633138469182,3.1574025272308752,6347,200.0
6348,4.2816578546130915,3.5405466303939876,6348,200.0
6349,0.21662133607539463,25.07031345672534,6349,18.0
6350,4.5751584337947016,3.832814705998887,6350,200.0
6351,1.120522471933688,10.935495501832396,6351,88.0
6352,2.857624882982202,1.3825626658784569,6352,200.0
6353,3.145395985003576,1.4097545960480709,6353,200.0
6354,7.118395133991899,5.014566503647524,6354,200.0
6355,3.512947024836576,2.7615440486664937,6355,200.0
6356,3.9962836394174497,4.298587625729091,6356,200.0
6357,2.7175196010210114,2.9241321294798532,6357,200.0
6358,3.7435148120609485,2.9563861145873753,6358,200.0
6359,3.935876153024844,3.098583998101968,6359,200.0
6360,5.594764464546438,4.452040776500101,6360,200.0
6361,2.6034788798989954,2.474727243518547,6361,200.0
6362,3.1577548662397374,2.6357171548169833,6362,200.0
6363,2.2743575875691526,1.1101453462625017,6363,200.0
6364,3.8285659828646668,2.8880539585717186,6364,200.0
6365,7.660509353792475,5.391439147452768,6365,200.0
6366,2.8778065054556627,1.037400868215193,6366,200.0
6367,7.233402342862114,5.019121885527482,6367,200.0
6368,7.651597710791168,5.221874295284391,6368,200.0
6369,7.985129147993724,9.856944552226775,6369,170.0
6370,4.260070324176181,3.466006150028413,6370,200.0
6371,2.9992401997009335,1.840788455346951,6371,200.0
6372,2.873915203168661,2.546316425335834,6372,200.0
6373,-5.40095582819917,26.4478072430318,6373,14.0
6374,2.8238999129280637,1.8297826408079405,6374,200.0
6375,2.289727736983774,10.169516362592862,6375,107.0
6376,5.658138436145637,4.592255263069637,6376,200.0
6377,5.145129693198966,4.325659369714961,6377,200.0
6378,2.8467680356407867,1.199208747214106,6378,200.0
6379,1.7041085160996985,1.137280890780832,6379,200.0
6380,4.824715055144854,4.128978971246597,6380,200.0
6381,3.439733746636372,2.631698030027176,6381,200.0
6382,1.723680926092342,7.729362009640742,6382,190.0
6383,8.230116109712236,5.071364075287492,6383,200.0
6384,5.457768227086456,4.355391682826195,6384,200.0
6385,7.342936580777477,4.96232112838988,6385,200.0
6386,3.379273459750658,2.244692697258044,6386,200.0
6387,5.606978344370698,4.43770594973261,6387,200.0
6388,6.293870762535728,4.929147234323369,6388,200.0
6389,5.908434006559171,4.713263820449621,6389,200.0
6390,6.955831416637901,4.935743121331975,6390,200.0
6391,4.6169108226275615,3.876377884150003,6391,200.0
6392,2.776033842873502,1.2777416052318022,6392,200.0
6393,3.5901277049167364,2.722277930252939,6393,200.0
6394,2.514616433818381,2.307345555338641,6394,200.0
6395,3.765095675486324,2.9019850450408113,6395,200.0
6396,8.279083450205892,5.132586215462651,6396,200.0
6397,5.2252145319397805,4.335813944905544,6397,200.0
6398,3.8500668039567616,3.434259308668929,6398,200.0
6399,5.482669196843508,4.448773923955534,6399,200.0
6400,2.8243405461175546,2.056810597688438,6400,200.0
6401,2.7392954480307288,1.7715953220916925,6401,200.0
6402,-0.1421672891738058,10.677245046324378,6402,90.0
6403,2.4895174688821453,1.5338095918029593,6403,200.0
6404,4.279563078709087,3.806553407450272,6404,200.0
6405,2.1100637329523217,1.3535929985180042,6405,200.0
6406,4.15942423275341,4.009459913836276,6406,200.0
6407,1.9251004239629679,2.2317346562293676,6407,200.0
6408,5.8220199466164555,4.66546977497879,6408,200.0
6409,2.142940208435417,1.0342303323927389,6409,200.0
6410,4.552401308432257,3.9277852688891817,6410,200.0
6411,4.154115121011475,3.533159254333364,6411,200.0
6412,3.044906052205236,10.592749626242654,6412,107.0
6413,7.028269603514202,4.993281713739346,6413,200.0
6414,2.4767882030593857,7.685847025451328,6414,192.0
6415,3.938272007989785,3.610990351996225,6415,200.0
6416,1.432209836860755,1.6296551704214863,6416,200.0
6417,7.98514328990429,5.126768854856859,6417,200.0
6418,5.603243170097635,5.11827484822954,6418,200.0
6419,1.2854138787803873,1.44899981620344,6419,200.0
6420,3.091270859115352,2.869358097298593,6420,200.0
6421,4.324299369631383,3.7440335017261264,6421,200.0
6422,2.352448819027017,1.488399750523687,6422,200.0
6423,1.4000501222210533,1.6876253881127923,6423,200.0
6424,3.010869542378289,2.739662699745053,6424,200.0
6425,4.7698467804351345,3.988411903459768,6425,200.0
6426,3.727611256253788,3.307434466142113,6426,200.0
6427,4.611505011639667,3.804757106664957,6427,200.0
6428,4.770733643429122,9.366106664762807,6428,163.0
6429,7.032992603367574,15.305859127775388,6429,57.0
6430,4.37296712835202,3.5930862973983158,6430,200.0
6431,6.691052837392396,5.009317046192493,6431,200.0
6432,5.717773786317958,4.549203811790886,6432,200.0
6433,3.902947898511178,3.290814073356369,6433,200.0
6434,5.75828077876795,4.71950578070733,6434,200.0
6435,8.430514765375728,5.1114729776528804,6435,200.0
6436,8.275326442963175,5.324232149357114,6436,200.0
6437,5.186699079186979,4.218820351600557,6437,200.0
6438,3.1929299359671006,1.880956664748144,6438,200.0
6439,5.393453912270356,4.483088894329764,6439,200.0
6440,3.2516804119050824,2.473951437697261,6440,200.0
6441,5.2636382020822,4.5883913427930265,6441,200.0
6442,4.685548861755576,3.8371066693876874,6442,200.0
6443,4.3849019227402755,3.6594020011679085,6443,200.0
6444,2.247771561937779,2.117670249047722,6444,200.0
6445,5.831761972550107,4.85852551573545,6445,200.0
6446,4.066072052000941,3.3605387642459563,6446,200.0
6447,3.883768026593024,3.1262850687152763,6447,200.0
6448,2.196751627283124,1.703754595256257,6448,200.0
6449,3.374869859185797,2.5605667041879134,6449,200.0
6450,3.203167916988673,9.245782093007922,6450,142.0
6451,7.487724283740004,5.014395243293709,6451,200.0
6452,-0.28661246399112095,18.240718717618897,6452,32.0
6453,4.676622355648712,10.572440191121398,6453,123.0
6454,3.713268102878829,2.8361462345527637,6454,200.0
6455,6.478873664110287,4.9037420387646184,6455,200.0
6456,2.9254334919252956,2.9740148654565903,6456,200.0
6457,2.5748599990299375,2.4370653164098295,6457,200.0
6458,4.349963884031223,3.5676001781849904,6458,200.0
6459,3.3298322629166965,2.705151731887534,6459,200.0
6460,3.758199289862386,2.8077418737794337,6460,200.0
6461,4.1836679633499365,3.5184290363017534,6461,200.0
6462,3.1308613351587717,1.6162700300091752,6462,200.0
6463,5.924774793172717,4.757363026181733,6463,200.0
6464,4.416113769101033,3.7501012114512897,6464,200.0
6465,3.828475729878207,3.16972131869553,6465,200.0
6466,3.592701321426562,3.289100516194514,6466,200.0
6467,3.725508831434082,3.2751446671701525,6467,200.0
6468,4.0950321406663726,3.527324299440499,6468,200.0
6469,2.921504202336481,2.4470005687408576,6469,200.0
6470,2.6607071694868094,8.84328149435574,6470,148.0
6471,3.797018174628521,3.0485787090744365,6471,200.0
6472,1.6953150652939837,7.438221237373605,6472,192.0
6473,5.053955994476796,4.329722097745814,6473,200.0
6474,5.356813535371161,4.5659525776707275,6474,200.0
6475,4.302471945624584,3.5674662119966687,6475,200.0
6476,3.8674735639845026,3.2159633960351353,6476,200.0
6477,4.972811099161146,4.134050286935569,6477,200.0
6478,3.157551464890274,2.3966411923157085,6478,200.0
6479,-5.578902752794236,26.2200935212364,6479,14.0
6480,3.8397351744291086,3.1356987428099274,6480,200.0
6481,2.2447526031150313,11.23055707039194,6481,93.0
6482,2.9007750119355875,1.968477389010189,6482,200.0
6483,4.222679423316754,3.700806981025781,6483,200.0
6484,6.834768228879266,5.29756210550498,6484,200.0
6485,8.669571528275544,4.969650317627018,6485,200.0
6486,3.3654462258035744,2.479280699925609,6486,200.0
6487,5.813541675375174,4.734338742318829,6487,200.0
6488,2.9240822323697766,12.238683009000715,6488,79.0
6489,8.663535751805563,5.052668152423949,6489,200.0
6490,4.227015256865199,3.617248604751958,6490,200.0
6491,-0.4292901326877021,18.070186754831525,6491,32.0
6492,6.331397330658109,4.962458264485113,6492,200.0
6493,9.822006357324131,4.684947674554506,6493,200.0
6494,5.751306442297441,4.489263961977378,6494,200.0
6495,5.303511144686093,4.460033957903237,6495,200.0
6496,3.2383097673161956,2.6700831732744286,6496,200.0
6497,2.6871402245879543,8.973506871830963,6497,147.0
6498,3.4691588417183654,3.0406936446360984,6498,200.0
6499,2.6777194001924833,1.6162336873007888,6499,200.0
6500,3.4513065268050074,2.8795189807244825,6500,200.0
6501,3.854137712714873,3.234891943004326,6501,200.0
6502,3.087538984350352,1.9651920238135125,6502,200.0
6503,3.47751661789506,2.420298681218741,6503,200.0
6504,7.097471136455493,5.059354161351503,6504,200.0
6505,7.912515073760253,5.037843726132483,6505,200.0
6506,2.7712130317517794,1.5590598173031385,6506,200.0
6507,4.465224044965236,3.7403433526287158,6507,200.0
6508,8.63273972014643,5.0244965389414755,6508,200.0
6509,4.804332982747136,4.2286221161141855,6509,200.0
6510,4.032554584554169,3.6186466640715103,6510,200.0
6511,7.38336763971176,5.071908635938127,6511,200.0
6512,4.890455110687181,4.454021121257366,6512,200.0
6513,2.997570576628574,2.457278709652443,6513,200.0
6514,2.8966371975355516,2.288863439917462,6514,200.0
6515,3.8398543416857147,2.9974309592108797,6515,200.0
6516,3.4937012819190665,2.425837624068728,6516,200.0
6517,-2.4826608030914086,21.304903907800306,6517,22.0
6518,3.7308476492040796,3.1800370799334847,6518,200.0
6519,3.5295173514976543,2.71076973007852,6519,200.0
6520,2.5377227194594267,2.8999872113195893,6520,200.0
6521,6.710996556290354,4.999458591476197,6521,200.0
6522,2.783354384083302,8.02824010656218,6522,182.0
6523,4.812150656099761,3.9014004695562496,6523,200.0
6524,3.898252277531246,3.258248723174302,6524,200.0
6525,2.4624091949080764,1.47569648775633,6525,200.0
6526,4.984961997695088,4.081308387646459,6526,200.0
6527,3.590968600074786,3.2366060083431196,6527,200.0
6528,3.116809837337255,1.77424647044557,6528,200.0
6529,4.683066316452862,3.879146995621524,6529,200.0
6530,6.552907764355302,4.9007451868582965,6530,200.0
6531,3.483750621502498,2.525031036572585,6531,200.0
6532,3.202810278011432,2.198549137839581,6532,200.0
6533,8.715014184800001,5.100268584821543,6533,200.0
6534,3.435758403412824,2.3265689456553384,6534,200.0
6535,2.8272606093829697,7.94601220485042,6535,193.0
6536,3.3258942056147167,3.0891363697789216,6536,200.0
6537,2.4936876955760403,2.436518740785507,6537,200.0
6538,3.4802365650985108,2.53344711807285,6538,200.0
6539,2.1880015896330547,9.834519296079822,6539,117.0
6540,3.0945558455767412,1.8707712330826387,6540,200.0
6541,3.940775570608421,3.194699498535236,6541,200.0
6542,4.336656427792151,3.776814902686301,6542,200.0
6543,3.161969907780138,2.362583275653577,6543,200.0
6544,5.189360860019649,9.066796940470057,6544,187.0
6545,6.0207522256116235,4.838556101164337,6545,200.0
6546,3.083439282737796,2.506449406242445,6546,200.0
6547,2.573122552718595,1.9266537772882417,6547,200.0
6548,3.0546466695136574,2.470968140139973,6548,200.0
6549,3.204141943730335,2.423009809053042,6549,200.0
6550,5.332935880296093,4.459858852852974,6550,200.0
6551,2.00498714139408,2.0753865731625503,6551,200.0
6552,1.6626760487356271,11.549808743549514,6552,80.0
6553,3.861528725860668,3.0226872858160467,6553,200.0
6554,3.1130315732078837,1.4568026486180372,6554,200.0
6555,4.770333712533154,4.467126740090766,6555,200.0
6556,3.5748248548087815,2.709489376562429,6556,200.0
6557,0.7223341703173798,10.908345743471111,6557,87.0
6558,2.5947563505729776,8.75708736184378,6558,148.0
6559,2.8912400325606153,2.781188853734873,6559,200.0
6560,2.990385882904448,2.5251351785326466,6560,200.0
6561,6.957543775818017,5.4217292705186075,6561,200.0
6562,2.0861086583948456,11.725892843312892,6562,84.0
6563,3.0354914583615242,2.38469630336791,6563,200.0
6564,3.7834601907152883,3.3772242639601107,6564,200.0
6565,3.6547335969592183,2.7711038815855664,6565,200.0
6566,6.05762996737123,4.856490460864703,6566,200.0
6567,8.360058104069983,5.088819950824064,6567,200.0
6568,4.2768120447197475,9.429089501521016,6568,153.0
6569,3.895320501374061,3.4359133686633987,6569,200.0
6570,3.664322942470343,2.9785322524527778,6570,200.0
6571,8.73126201962689,5.332824064621186,6571,200.0
6572,4.342526461180167,3.499254590165469,6572,200.0
6573,3.36334413858232,2.555416462736083,6573,200.0
6574,5.3369188851879175,4.596700831857716,6574,200.0
6575,6.730634911087846,5.1096929026120845,6575,200.0
6576,2.127839044885108,1.562074257572149,6576,200.0
6577,-0.11349218910202184,9.698205793753075,6577,108.0
6578,4.301745705263109,3.4142529547427074,6578,200.0
6579,3.3035665628084443,2.912108194601941,6579,200.0
6580,4.314944690781185,3.599758509574497,6580,200.0
6581,2.1654806612943034,2.294148305558401,6581,200.0
6582,5.1390711837951235,4.876861358212558,6582,200.0
6583,9.45873928263753,4.9534737626833625,6583,200.0
6584,3.898929822826416,3.216322191474601,6584,200.0
6585,3.559018629209888,2.800774503727273,6585,200.0
6586,3.1194650265108743,1.8499248663262122,6586,200.0
6587,-0.7027074438416127,19.791695651561948,6587,27.0
6588,5.4392468822279385,4.577392312624553,6588,200.0
6589,8.42970224996597,5.047382578036009,6589,200.0
6590,1.9080848484148314,1.6173143072641185,6590,200.0
6591,4.351724257110389,3.6568022875421375,6591,200.0
6592,5.499141970137226,4.4639810499526735,6592,200.0
6593,2.3091630181461933,2.212263196924782,6593,200.0
6594,-1.3258831188100026,17.744920885506026,6594,32.0
6595,3.0816168764402794,9.410786629560851,6595,139.0
6596,2.930519144323456,2.100954029535408,6596,200.0
6597,6.399797416010188,4.92152900183162,6597,200.0
6598,4.703829978135276,3.971493120552976,6598,200.0
6599,6.179526357113977,4.8119117088752015,6599,200.0
6600,6.261424514187209,4.972485118800759,6600,200.0
6601,7.659134518302337,5.000942690261573,6601,200.0
6602,4.242141391936126,3.6473980587424264,6602,200.0
6603,3.5045509546672586,2.3016531867224126,6603,200.0
6604,2.9405812673936613,2.8999064545561026,6604,200.0
6605,2.8667339253063853,2.4875296372737377,6605,200.0
6606,3.9978026754302864,3.8356855753882813,6606,200.0
6607,7.022306668758807,4.993175674415597,6607,200.0
6608,3.4058433779534893,2.7487966513430666,6608,200.0
6609,5.185342293657737,4.614452180430638,6609,200.0
6610,3.309531984990142,2.5877404340149206,6610,200.0
6611,3.218334499154545,2.860190583451937,6611,200.0
6612,3.484843562956218,9.539551500650461,6612,140.0
6613,4.937618255732951,4.107282855482965,6613,200.0
6614,5.029538824331419,4.4837212953816135,6614,200.0
6615,3.191845822247702,2.7294250812273115,6615,200.0
6616,6.181083813283497,4.935142466406448,6616,200.0
6617,6.1974568074970895,13.650423247752052,6617,72.0
6618,4.452152427335692,3.878509447331359,6618,200.0
6619,4.796914568466768,3.99635760901668,6619,200.0
6620,6.175836053930656,4.982102945622373,6620,200.0
6621,8.810269400860902,5.097428136895786,6621,200.0
6622,6.928476194496112,11.015842533409486,6622,125.0
6623,8.586883193464203,5.1522813344952345,6623,200.0
6624,3.71765973383471,3.165007683565431,6624,200.0
6625,4.140307364727014,3.3424671998298545,6625,200.0
6626,4.255439661500037,3.4609747343157085,6626,200.0
6627,4.396091101012866,3.7309032096344983,6627,200.0
6628,2.5378798267100326,1.8923513889364696,6628,200.0
6629,8.46716777796085,5.013621379239255,6629,200.0
6630,5.021642668344461,4.156525411372335,6630,200.0
6631,4.4289802587499825,3.8679816399100284,6631,200.0
6632,2.4892219064279497,12.312923770705725,6632,76.0
6633,4.005052776556985,3.3778853133639646,6633,200.0
6634,3.729760850202289,3.197417510267148,6634,200.0
6635,2.348241448272095,12.876469280725853,6635,69.0
6636,9.56803777949984,4.910039425943019,6636,200.0
6637,8.545054641615952,5.03400108030952,6637,200.0
6638,4.268533462080658,3.6530068297988367,6638,200.0
6639,4.60215960753862,3.822280638011859,6639,200.0
6640,4.465333793980484,3.5888299318740535,6640,200.0
6641,3.877839352237199,3.3814740612349636,6641,200.0
6642,4.056517693584713,3.4984035809316714,6642,200.0
6643,5.275406805226128,4.220969606081645,6643,200.0
6644,2.7138485772107885,8.918556904323223,6644,145.0
6645,0.41734818849260674,11.137976853804705,6645,84.0
6646,3.909197848534832,3.2088631535293666,6646,200.0
6647,2.8498378223005716,10.583192125290797,6647,107.0
6648,3.03310281560476,1.8269645225453284,6648,200.0
6649,3.165931692700088,2.692149004619224,6649,200.0
6650,3.772029002912202,3.1548125297420873,6650,200.0
6651,3.767092448961554,3.2525662564165057,6651,200.0
6652,3.7771071707171187,2.8239883732378215,6652,200.0
6653,5.458503578734779,4.49903392161543,6653,200.0
6654,-1.073340600610551,21.446805076462926,6654,23.0
6655,4.445003014862112,3.8157203135527107,6655,200.0
6656,7.069670449633042,5.066365385037192,6656,200.0
6657,1.7048200919944145,13.531251083539779,6657,61.0
6658,4.359526084230502,3.625551473189003,6658,200.0
6659,3.5925586016606177,2.6801022413317996,6659,200.0
6660,8.292004357509883,5.175486722740449,6660,200.0
6661,2.995116349957017,2.478479585052426,6661,200.0
6662,4.1016864515801315,3.4240980794462486,6662,200.0
6663,3.4753602284278533,2.500745012234612,6663,200.0
6664,4.888556542084457,3.9943488759064456,6664,200.0
6665,9.113987861636144,4.997756477673699,6665,200.0
6666,2.673614936689544,2.2897982945433015,6666,200.0
6667,2.6746075038842707,1.3751340591087011,6667,200.0
6668,5.187824289326358,4.21716585620106,6668,200.0
6669,8.506469620493794,5.197048555924147,6669,200.0
6670,4.701802228420855,3.986374662514192,6670,200.0
6671,5.698588563120618,4.681461335406253,6671,200.0
6672,9.178501742405707,4.881239874833977,6672,200.0
6673,2.0370663476068573,8.844981641282459,6673,143.0
6674,2.242857989300237,2.176211504890087,6674,200.0
6675,5.41219743920011,4.323382733394615,6675,200.0
6676,8.571478915696911,5.21782881760034,6676,200.0
6677,3.66422680452347,2.7354180296812873,6677,200.0
6678,3.983139194135157,4.072850924968206,6678,200.0
6679,3.292250485028478,2.354658639867268,6679,200.0
6680,2.8234622192189334,1.5178375411987455,6680,200.0
6681,4.074449629473942,3.404038548402435,6681,200.0
6682,4.410937684087812,12.891889929968082,6682,77.0
6683,4.057921386923487,3.4046463898170503,6683,200.0
6684,7.264232128684862,4.978775343849996,6684,200.0
6685,4.678886278286424,4.008462187383339,6685,200.0
6686,5.213755030774479,4.2642824914281725,6686,200.0
6687,3.0028457271409206,1.9233743949987727,6687,200.0
6688,1.9466840467190951,1.3568818706433015,6688,200.0
6689,6.247502709500769,5.067185084352345,6689,200.0
6690,3.2998824739552037,2.6526951132741647,6690,200.0
6691,9.17078547974008,5.011114120309202,6691,200.0
6692,7.885704037452305,9.560634327689067,6692,184.0
6693,3.5246356587192462,3.022228746019129,6693,200.0
6694,3.110636552340603,1.438478185929911,6694,200.0
6695,7.929718865626109,5.020180468618568,6695,200.0
6696,5.246211794515961,4.521373855799105,6696,200.0
6697,1.7948308701874125,11.29885086939214,6697,84.0
6698,3.1198536242778956,1.6144553092782705,6698,200.0
6699,7.070492618603567,11.266631231415232,6699,117.0
6700,6.664933520162381,4.912752612336932,6700,200.0
6701,3.289688389692667,2.5453466023483253,6701,200.0
6702,3.413705230718226,2.8958576555929154,6702,200.0
6703,3.140588033028363,2.5109612091345026,6703,200.0
6704,3.110985418876228,1.6391596677093896,6704,200.0
6705,2.9944502127814445,0.9695145283071104,6705,200.0
6706,2.000640965846169,12.054174335243648,6706,78.0
6707,3.375502567769179,2.4293553710938203,6707,200.0
6708,7.608391813860742,5.332747218520877,6708,200.0
6709,3.168623168996169,2.929678394208912,6709,200.0
6710,4.534997345145957,3.830626375367027,6710,200.0
6711,4.380616839676684,3.810279171315495,6711,200.0
6712,3.249214246726161,2.0145268229097772,6712,200.0
6713,3.7008365615013794,3.289584744031659,6713,200.0
6714,2.5540159268355676,2.3714856722265734,6714,200.0
6715,0.45934820276801575,13.584231498482778,6715,56.0
6716,3.7965936671218423,3.1001873228265113,6716,200.0
6717,8.777754581541101,4.9419639694794775,6717,200.0
6718,2.494338685394359,7.604687050929964,6718,194.0
6719,2.1225038436626686,1.555800374795219,6719,200.0
6720,3.139995407737989,13.671964570831655,6720,66.0
6721,4.900809130628813,3.9894438868743785,6721,200.0
6722,3.13984034102481,1.4368258845281363,6722,200.0
6723,3.0486766862770662,1.804368135873377,6723,200.0
6724,3.218056242477976,2.145491859526053,6724,200.0
6725,2.9930076646389376,1.231473729415986,6725,200.0
6726,2.4308179660139144,1.9179291617240284,6726,200.0
6727,3.297806465015567,2.9580926771997613,6727,200.0
6728,3.1769662622621833,2.877067774354709,6728,200.0
6729,3.6380491007367435,2.8182884635449366,6729,200.0
6730,1.0614211884886242,12.165989745532881,6730,71.0
6731,4.456207752267834,3.5803931970673912,6731,200.0
6732,7.171524940794786,4.948951356480087,6732,200.0
6733,2.878208468284382,1.3012659724755942,6733,200.0
6734,3.135124324332509,2.641196725452859,6734,200.0
6735,3.904849551820256,3.42513549278425,6735,200.0
6736,6.960411335744448,5.060806466656492,6736,200.0
6737,2.97528834936543,1.0329386027521934,6737,200.0
6738,2.89612083625203,1.9810405096740429,6738,200.0
6739,5.330770925598689,4.310793724299971,6739,200.0
6740,3.965152198125827,3.1192854301279094,6740,200.0
6741,5.492227462550548,4.536908289512016,6741,200.0
6742,4.209746541813654,3.9990014564122123,6742,200.0
6743,3.281742569628077,2.365109888615878,6743,200.0
6744,9.065311211501008,5.030468808172756,6744,200.0
6745,2.983842383741643,1.7801650262927575,6745,200.0
6746,3.370130739245758,2.8507415047995,6746,200.0
6747,8.354740384627359,5.214280079986061,6747,200.0
6748,4.522006367531438,3.8514929687537696,6748,200.0
6749,3.606301519916102,2.5746568259732836,6749,200.0
6750,4.433910244343194,3.7769721240086467,6750,200.0
6751,6.611369738327484,9.727653364940423,6751,169.0
6752,3.373219569453778,2.0972900049412604,6752,200.0
6753,3.2315781836093027,2.879138908052667,6753,200.0
6754,3.1247570917783354,2.5547753028947695,6754,200.0
6755,4.570542838315626,4.004861818839274,6755,200.0
6756,2.771829518912646,2.006880209954744,6756,200.0
6757,3.9691034801114595,3.8223827483991775,6757,200.0
6758,4.9757575150269835,4.43834738036805,6758,200.0
6759,3.410635177132057,2.881821454892506,6759,200.0
6760,7.23409773240553,5.0149839795569795,6760,200.0
6761,6.884188437229681,4.942830795039711,6761,200.0
6762,6.637412850691668,4.94371151655301,6762,200.0
6763,3.9306381261995402,9.986221492508458,6763,131.0
6764,3.731099980790841,2.9272660326517523,6764,200.0
6765,3.4689947128848337,2.561766136473104,6765,200.0
6766,5.46713176925851,4.801756234627547,6766,200.0
6767,6.2685852527966945,4.790278864390532,6767,200.0
6768,5.345448709502973,4.4425567653630536,6768,200.0
6769,4.3751175644129265,3.6334799303056675,6769,200.0
6770,4.59101493582242,3.8096908697820364,6770,200.0
6771,6.836277327015107,4.936347862616376,6771,200.0
6772,3.7417237035219815,3.4912942889181875,6772,200.0
6773,4.777329606577696,4.165621768650726,6773,200.0
6774,1.967108888997759,9.437118163970368,6774,122.0
6775,4.596457640185606,3.9873787911593084,6775,200.0
6776,3.9804952549045374,3.004837635423813,6776,200.0
6777,3.161423589834261,2.055172099757927,6777,200.0
6778,5.584296297272968,4.391101316068132,6778,200.0
6779,2.897068938422312,0.5916378100416751,6779,200.0
6780,3.5802166543931286,2.824524668629399,6780,200.0
6781,3.7068220588345095,2.656788496495585,6781,200.0
6782,6.620333865558598,4.895594576857086,6782,200.0
6783,3.3255519154486928,2.764589011541423,6783,200.0
6784,5.29058910899825,4.260915406605087,6784,200.0
6785,2.4055092806113545,2.241878238297954,6785,200.0
6786,6.660939348774634,5.050144997573793,6786,200.0
6787,7.381595608822823,4.973811450481202,6787,200.0
6788,3.895175232779747,3.128577035943184,6788,200.0
6789,2.920296865189379,0.32952273798378245,6789,200.0
6790,7.131881973483669,5.004750450266109,6790,200.0
6791,3.1323929984601278,1.6507559531431202,6791,200.0
6792,5.979513545100388,4.981399149729198,6792,200.0
6793,3.5282619229521077,2.918253481695178,6793,200.0
6794,4.652525916447238,3.8282116361050504,6794,200.0
6795,4.544340799203219,3.9952684179071545,6795,200.0
6796,5.239408398931354,4.387221067956335,6796,200.0
6797,2.944720909919247,2.7361538438209725,6797,200.0
6798,3.0876935889703536,1.8874131234917015,6798,200.0
6799,2.8100812803494284,2.6872888312758927,6799,200.0
6800,4.478269886858509,3.57868761762644,6800,200.0
6801,3.3433910076702302,2.4264001207642165,6801,200.0
6802,3.390886984394732,2.729560016550186,6802,200.0
6803,6.010359174654352,4.769283477955114,6803,200.0
6804,2.479921219931874,2.372556384577901,6804,200.0
6805,4.575633211590865,4.482480643601061,6805,200.0
6806,3.834849094218192,3.462178312251337,6806,200.0
6807,2.835264228377314,2.5194117228983877,6807,200.0
6808,5.486469322936307,4.609159929630963,6808,200.0
6809,-1.6395661445518863,19.325073076011247,6809,27.0
6810,2.79234132053597,1.7626037418014384,6810,200.0
6811,3.54366433565706,3.0644356860713593,6811,200.0
6812,3.9950245653159357,3.3605875562370358,6812,200.0
6813,2.849605056992518,2.3733259892585328,6813,200.0
6814,5.537938467130493,4.43125306194412,6814,200.0
6815,3.095795222093532,1.4023455356106942,6815,200.0
6816,2.825211948547087,1.4413852504928593,6816,200.0
6817,2.1950638330792738,1.9050169540780755,6817,200.0
6818,5.33999137594431,4.441997923922961,6818,200.0
6819,5.8952866965426525,4.598125410891552,6819,200.0
6820,6.138099590873339,4.760561407272224,6820,200.0
6821,3.3984719533930114,2.6897751972020254,6821,200.0
6822,2.4180607251736386,2.2971760859038364,6822,200.0
6823,4.83113775527326,4.199493901201793,6823,200.0
6824,9.858598343425804,4.8144460136226614,6824,200.0
6825,3.580472969715712,2.805048271503206,6825,200.0
6826,9.046649392435134,5.007628012551615,6826,200.0
6827,2.751066684942617,10.36311757732361,6827,111.0
6828,2.856039754669481,8.579275360681432,6828,161.0
6829,2.7150892892423997,2.7746501440392914,6829,200.0
6830,2.869670021738068,2.12348640436656,6830,200.0
6831,3.643058955653717,3.389407110695823,6831,200.0
6832,7.278605720486737,5.030687112679972,6832,200.0
6833,2.6388521907420657,2.011973070474557,6833,200.0
6834,2.0839151016646653,1.6375499405947214,6834,200.0
6835,5.298638575032546,4.482067645999392,6835,200.0
6836,3.4492801058185933,2.426781660798695,6836,200.0
6837,7.640082946309414,5.054317684791582,6837,200.0
6838,3.6101064153843656,3.246289141326677,6838,200.0
6839,8.581822610422293,5.046728691426899,6839,200.0
6840,6.673218777439695,4.848320132480479,6840,200.0
6841,7.383467837225962,5.278974668957512,6841,200.0
6842,3.6890527176129875,3.3632160394383463,6842,200.0
6843,3.7944310395967977,3.6995557887432144,6843,200.0
6844,4.492442954221965,4.058994250093699,6844,200.0
6845,8.035129437714478,5.1238889867226085,6845,200.0
6846,5.235562175496032,4.587459232760707,6846,200.0
6847,4.666697922713473,4.3877210860323945,6847,200.0
6848,3.500387216129949,2.6153948129323386,6848,200.0
6849,3.671143236744581,2.9628596076345066,6849,200.0
6850,4.884167067364255,3.987778717639949,6850,200.0
6851,4.209865990393303,3.527723419234947,6851,200.0
6852,3.0516507807542883,2.710660672880306,6852,200.0
6853,-0.6200579214792502,17.075010578038547,6853,35.0
6854,7.5107828488643165,5.006125358206687,6854,200.0
6855,4.561496635627151,3.976339210590068,6855,200.0
6856,2.660950174379408,2.501193931259097,6856,200.0
6857,0.6643897255519796,17.08678580886315,6857,37.0
6858,6.088570759012559,4.695977782185801,6858,200.0
6859,4.80443668638573,4.509691120435358,6859,200.0
6860,3.3821349942234518,2.6177648632504753,6860,200.0
6861,5.844800496112734,4.885193796896799,6861,200.0
6862,2.0762418950974926,21.694735142404998,6862,25.0
6863,3.2733407279557576,2.7057681982587702,6863,200.0
6864,11.148337283207388,3.885693179429212,6864,200.0
6865,4.488238339845021,3.6500982878241115,6865,200.0
6866,4.144892090407089,3.324837486045822,6866,200.0
6867,4.156278512699278,8.694387553330738,6867,184.0
6868,4.380868940292286,3.890152802480674,6868,200.0
6869,4.129404296788545,3.3710407277112457,6869,200.0
6870,2.8900281632108555,2.393532132677859,6870,200.0
6871,3.669177921624575,2.74045334329569,6871,200.0
6872,5.725500171480048,4.52147235106874,6872,200.0
6873,3.1389144144332626,2.662133263355729,6873,200.0
6874,9.974254539407982,4.85089424501635,6874,200.0
6875,5.41749059315967,4.382928836326289,6875,200.0
6876,3.813969269254987,2.953905938266993,6876,200.0
6877,8.955023940733518,5.082311027593672,6877,200.0
6878,10.174053127845038,4.593589096699989,6878,200.0
6879,4.847898883600782,4.114456574258332,6879,200.0
6880,4.642162950159264,4.004388980923659,6880,200.0
6881,3.043115724440836,2.7904590483649514,6881,200.0
6882,3.9263752775489844,3.6739719172220147,6882,200.0
6883,2.3978054747440867,12.773830287551965,6883,70.0
6884,8.02181586168294,5.328889634209369,6884,200.0
6885,1.7195392144087691,12.68867227241617,6885,68.0
6886,7.255270482914651,5.182992372292906,6886,200.0
6887,4.276247903720491,3.66121030984751,6887,200.0
6888,4.648036008736386,4.233762461813214,6888,200.0
6889,3.532990364264476,3.2452908318939464,6889,200.0
6890,3.144040153167282,2.8128287309180067,6890,200.0
6891,8.896709322307691,4.976427593211659,6891,200.0
6892,11.019420143192026,4.018835475543865,6892,200.0
6893,5.41480284192243,4.393541920491561,6893,200.0
6894,4.422386224050136,3.7799806810781944,6894,200.0
6895,7.591339246738723,5.110187917727607,6895,200.0
6896,10.785725903139578,4.471481408962891,6896,200.0
6897,8.072287905546771,5.086329633818422,6897,200.0
6898,3.300818099045405,2.8418470555669146,6898,200.0
6899,3.8567666819353104,3.1344606118772056,6899,200.0
6900,10.782584531889311,4.245165040262581,6900,200.0
6901,4.401186225412773,3.9550695858451066,6901,200.0
6902,3.8858835892881616,3.059795517613578,6902,200.0
6903,2.8282149723069367,8.84600979537643,6903,150.0
6904,2.4248249761299414,2.313830206435625,6904,200.0
6905,3.7907373034697356,2.820068209487241,6905,200.0
6906,10.349203291222473,4.464570253284642,6906,200.0
6907,5.730576301447843,4.460537186327079,6907,200.0
6908,4.07042330292158,3.227617618890975,6908,200.0
6909,6.137974555153896,4.68769547704451,6909,200.0
6910,3.7254499285392018,3.1924692819183687,6910,200.0
6911,4.248153407152759,3.6608057121933326,6911,200.0
6912,5.640917912798044,4.46269857487631,6912,200.0
6913,2.9252304896801764,2.846001560071217,6913,200.0
6914,3.2311412336642333,2.3463701170016833,6914,200.0
6915,8.798914998373998,5.349308326391428,6915,200.0
6916,5.626320821520117,4.495114286893383,6916,200.0
6917,3.3446828355671543,3.003680215405928,6917,200.0
6918,4.65163936953491,3.859213185933753,6918,200.0
6919,2.9932809079095763,1.2801130730804071,6919,200.0
6920,4.148481899945274,3.7674043322743263,6920,200.0
6921,9.465253067809817,5.194595307491901,6921,200.0
6922,3.3027108388895767,2.5729255112974063,6922,200.0
6923,2.902719513698604,2.7682205702354556,6923,200.0
6924,4.740157588317335,3.8689080552986637,6924,200.0
6925,6.5540953103833575,4.964688628595803,6925,200.0
6926,2.9122769131492405,2.1452596309028866,6926,200.0
6927,5.312684791139175,4.397687644705935,6927,200.0
6928,8.355936958179132,5.159119626421741,6928,200.0
6929,3.6952654205440165,2.9615889040512466,6929,200.0
6930,3.7777076974520627,3.2076990579962725,6930,200.0
6931,3.3012224534998937,8.977386480167473,6931,157.0
6932,6.869146773798934,4.90099331070756,6932,200.0
6933,11.09108546667533,4.004070519124487,6933,200.0
6934,5.659898308353089,4.500407598489227,6934,200.0
6935,5.5523318046206045,4.41159824840534,6935,200.0
6936,-0.7540088145592628,17.462875116914375,6936,35.0
6937,5.361232099629591,4.699411938122093,6937,200.0
6938,4.143548200208233,3.6188242004879503,6938,200.0
6939,10.061367101664846,4.599958707087474,6939,200.0
6940,3.3504614128411108,2.376614672593396,6940,200.0
6941,3.5930492916375414,2.7248359242149345,6941,200.0
6942,5.727163901219314,4.614208310363836,6942,200.0
6943,7.223417358456138,5.025332529704507,6943,200.0
6944,4.560670717155255,3.911094801364983,6944,200.0
6945,4.291138223788834,3.771155486403963,6945,200.0
6946,3.0071253548068473,2.1915366312709343,6946,200.0
6947,3.224214927387211,2.024394699619986,6947,200.0
6948,3.8929097079028274,3.0016812804746755,6948,200.0
6949,8.975593176954968,5.046213441818429,6949,200.0
6950,3.477115598576567,2.318424711519726,6950,200.0
6951,3.527634024587653,2.839570860534951,6951,200.0
6952,2.547434628240454,2.083896581950802,6952,200.0
6953,3.4068854863949274,2.775052530417724,6953,200.0
6954,2.9348361867329684,11.676735497064307,6954,87.0
6955,4.733008734688383,4.191709347872736,6955,200.0
6956,3.9491519153365986,3.3698039683598626,6956,200.0
6957,3.9878314829638377,3.0025023324673494,6957,200.0
6958,3.7439352267668458,2.7496824565806026,6958,200.0
6959,6.263527918590817,4.797282936003432,6959,200.0
6960,5.2799406972908445,4.333549300069123,6960,200.0
6961,2.7492348221559992,2.2314800922620486,6961,200.0
6962,3.4848780259997216,2.3052264345283526,6962,200.0
6963,3.7789978956273274,3.1142332293375183,6963,200.0
6964,3.078083944698603,1.8138598231484182,6964,200.0
6965,5.277939680411648,4.351551844251297,6965,200.0
6966,3.263581294554655,2.4907143762393384,6966,200.0
6967,7.242946166050586,4.945361800540318,6967,200.0
6968,3.8037746914789055,3.2176240362203425,6968,200.0
6969,4.615481420834998,4.041056868758607,6969,200.0
6970,8.682496199446868,5.098458855543538,6970,200.0
6971,9.077173523851322,4.967711790984782,6971,200.0
6972,6.572753304725877,5.127205333822164,6972,200.0
6973,4.6392094985093175,3.9606927586881286,6973,200.0
6974,3.5165191719495623,2.6672558632086822,6974,200.0
6975,7.070268632045534,5.2454056454087485,6975,200.0
6976,4.939370948311017,4.150381870021249,6976,200.0
6977,3.4390622513502205,2.6486615492230845,6977,200.0
6978,3.408451136830788,8.302950001480228,6978,183.0
6979,8.318691078400018,5.079722736749609,6979,200.0
6980,7.178590653677918,5.121651988980722,6980,200.0
6981,3.355318477959479,2.6539731547315,6981,200.0
6982,4.839630532617971,4.293189150744596,6982,200.0
6983,5.009285967803957,9.62848266744503,6983,156.0
6984,7.338534596729751,4.9620344174823146,6984,200.0
6985,8.501016617254141,5.092006698529835,6985,200.0
6986,3.542576812693601,2.8256292590267984,6986,200.0
6987,6.710859261065743,4.9382662249097224,6987,200.0
6988,3.7615385431817407,3.377520731748523,6988,200.0
6989,4.000576193089993,3.8248240275233925,6989,200.0
6990,4.327491310475412,3.602798589830858,6990,200.0
6991,3.1707121914477896,1.9389403957944737,6991,200.0
6992,6.157158492917813,4.696443491173435,6992,200.0
6993,8.94756378717658,4.9725491833986375,6993,200.0
6994,6.996274063359462,5.019361502523001,6994,200.0
6995,4.997291277081433,4.205335519673617,6995,200.0
6996,1.1062220667276643,14.725804410285292,6996,50.0
6997,7.48417844880829,5.052644925295727,6997,200.0
6998,-1.6356095354766482,16.1941449571418,6998,38.0
6999,3.762943951190779,2.722629091248033,6999,200.0
7000,6.80012746911357,5.0336499679162605,7000,200.0
7001,4.800298090401162,4.29443139837975,7001,200.0
7002,3.7545226393865865,3.077901184541606,7002,200.0
7003,4.306166501320863,3.7964704911894067,7003,200.0
7004,3.5438130976731714,2.9080170750920793,7004,200.0
7005,3.5147754490127445,9.340684741206498,7005,147.0
7006,4.628888098277489,4.4532345338341495,7006,200.0
7007,3.663763294204149,3.2283119029205634,7007,200.0
7008,3.4487226416081147,2.308514467709595,7008,200.0
7009,3.209601147889618,2.3569917704768457,7009,200.0
7010,7.5357570707738235,16.49583819928304,7010,48.0
7011,3.2559479117369152,3.176535315820625,7011,200.0
7012,4.091607548444366,3.395216264287983,7012,200.0
7013,3.7710534891109546,3.0344854160318104,7013,200.0
7014,5.055761899916662,4.144007886710792,7014,200.0
7015,4.753086019038069,3.9358258046594297,7015,200.0
7016,4.035510026161643,3.859008816540703,7016,200.0
7017,8.218157450886027,5.274441398639721,7017,200.0
7018,4.679594284312437,3.816151836148072,7018,200.0
7019,4.266179700990463,3.6400127245367773,7019,200.0
7020,4.207533051971101,3.37941259834526,7020,200.0
7021,2.9108252135376027,2.6262393732261735,7021,200.0
7022,4.597877560310081,3.872534918538588,7022,200.0
7023,4.2714056652452905,3.8173396746923753,7023,200.0
7024,2.730454852393416,8.154585088978912,7024,172.0
7025,7.97535738472359,5.023373620077758,7025,200.0
7026,2.010642373742226,8.259923618871303,7026,165.0
7027,2.9917861290111873,1.7757646700871097,7027,200.0
7028,3.6986975590204842,3.0803020840125126,7028,200.0
7029,2.3873251389231847,1.8076169323389057,7029,200.0
7030,3.6947912834676075,2.9877541657356983,7030,200.0
7031,3.1651790938877986,2.8157598562965016,7031,200.0
7032,3.7297619863003235,3.5250053521494658,7032,200.0
7033,5.88581180755609,4.668640572766618,7033,200.0
7034,3.008010642247529,1.2004407389888145,7034,200.0
7035,2.7572024463060516,2.074904781758489,7035,200.0
7036,3.3549833582719386,2.330638666475528,7036,200.0
7037,3.4576656381338746,2.655564452791595,7037,200.0
7038,5.1530904995058755,4.169222451517352,7038,200.0
7039,4.241851795727161,3.5320585268199647,7039,200.0
7040,1.631099289755642,12.559383747028356,7040,72.0
7041,2.8789732795887586,1.1294368928139829,7041,200.0
7042,2.1886209620763624,2.178237393338843,7042,200.0
7043,3.8985040494705494,3.1008499126526434,7043,200.0
7044,4.312217820606253,3.6741390454739595,7044,200.0
7045,6.223383302356441,4.769524745510127,7045,200.0
7046,3.7152487143141273,3.1851344978581975,7046,200.0
7047,1.5140599992210235,18.20995299023302,7047,34.0
7048,3.771012632697084,3.304016575288484,7048,200.0
7049,4.152995130205916,3.8674622353545556,7049,200.0
7050,4.643781479499955,3.8604009291198893,7050,200.0
7051,-1.750327259341775,16.424555002685217,7051,37.0
7052,4.651219965915433,3.7790466285499296,7052,200.0
7053,6.087504892515119,4.730492892168406,7053,200.0
7054,3.3296601534066275,2.2913354442207385,7054,200.0
7055,3.7644761554767117,3.1510068711520804,7055,200.0
7056,3.673763781216768,2.965191295915508,7056,200.0
7057,4.111775012833938,3.202829026090237,7057,200.0
7058,3.2598945479676935,2.027474748549441,7058,200.0
7059,7.991115303483886,5.288554692638138,7059,200.0
7060,4.551194457127671,3.862826552127129,7060,200.0
7061,5.582486040205202,9.139821933912557,7061,195.0
7062,3.67235465690272,2.683374112071644,7062,200.0
7063,3.393906954641983,2.7043124194835904,7063,200.0
7064,5.831361066829825,4.567171792191952,7064,200.0
7065,3.63192412098331,2.7985873869447726,7065,200.0
7066,3.0935019840180105,1.8943302216094215,7066,200.0
7067,8.541047976761613,4.978615776054633,7067,200.0
7068,3.506466348412081,2.747624484959212,7068,200.0
7069,9.986626274597214,4.818869306807053,7069,200.0
7070,3.3057063315629076,2.2846396822163464,7070,200.0
7071,8.789247368000447,4.9809475498877465,7071,200.0
7072,7.163457625589715,5.084098052440106,7072,200.0
7073,4.420050038667844,3.7890836007174733,7073,200.0
7074,3.407989681831114,2.708818860225907,7074,200.0
7075,3.4857714838954053,2.563965328111028,7075,200.0
7076,7.22351687543454,5.012458252367645,7076,200.0
7077,7.173461851562699,5.498388333837211,7077,200.0
7078,7.912238548806866,5.2128154147906685,7078,200.0
7079,6.45201287581109,4.87294478305999,7079,200.0
7080,3.2127519019017656,1.7042202063264975,7080,200.0
7081,4.263370015439582,3.5325721610029333,7081,200.0
7082,4.856492737549487,4.1716800972554955,7082,200.0
7083,3.4987930732930472,2.85690505074971,7083,200.0
7084,7.568099814073577,4.9928635148111935,7084,200.0
7085,3.3842939885387313,3.044763491788817,7085,200.0
7086,3.971347702473241,3.1609305964103065,7086,200.0
7087,3.6310622711689926,2.790551755710167,7087,200.0
7088,3.67103932859539,3.224356126184989,7088,200.0
7089,4.4873519307777885,3.9147086216775655,7089,200.0
7090,6.4344202379240025,4.820815221313887,7090,200.0
7091,8.82045421513324,5.080019114763676,7091,200.0
7092,-6.894017639883343,27.00752809435808,7092,13.0
7093,3.467466129770555,2.2902646053467426,7093,200.0
7094,2.933336609560958,0.7365881607019883,7094,200.0
7095,3.399312731198452,2.768433368399572,7095,200.0
7096,3.033666356234064,2.5701553754825976,7096,200.0
7097,3.743638610043734,3.1121224160878604,7097,200.0
7098,3.6116770455630594,2.6816197460353064,7098,200.0
7099,3.0564451202027816,1.2323376828023174,7099,200.0
7100,4.541443977162257,4.0082666103123215,7100,200.0
7101,5.349954895829037,4.379840379729246,7101,200.0
7102,3.7312361546412336,2.734916741734498,7102,200.0
7103,8.410678652978332,5.147209129721806,7103,200.0
7104,3.153037781745831,2.3874651783292813,7104,200.0
7105,-7.14285714285608,25.75393768188593,7105,14.0
7106,3.210440729940493,2.3581317261177146,7106,200.0
7107,3.8905753951862074,3.1991421300138305,7107,200.0
7108,3.9668551421254254,3.014457292831296,7108,200.0
7109,3.6572014810471285,2.538701230484116,7109,200.0
7110,6.523954069283893,4.866739792184871,7110,200.0
7111,1.579413009505928,9.778244481731685,7111,110.0
7112,8.098087914089472,5.054430163660677,7112,200.0
7113,7.065512038794535,5.006757965124659,7113,200.0
7114,4.688364299508877,3.805223274835334,7114,200.0
7115,3.3967932583346885,2.5381202167454884,7115,200.0
7116,3.6964274998979683,3.2738471218700593,7116,200.0
7117,3.7801446184153775,3.0698505502501616,7117,200.0
7118,3.0042221028442326,2.1060368679180455,7118,200.0
7119,3.5601142384875994,2.6862259710333984,7119,200.0
7120,4.917890609430609,4.068480966333881,7120,200.0
7121,7.095762937793386,5.106845428020984,7121,200.0
7122,3.8482125863663597,3.210361020744388,7122,200.0
7123,7.574231634916523,5.005417323678407,7123,200.0
7124,5.430329732991776,4.447927646295299,7124,200.0
7125,3.4690002988251503,9.397860842096351,7125,146.0
7126,7.378828039914526,4.968812852407177,7126,200.0
7127,7.639714229423827,5.054932776778136,7127,200.0
7128,3.154527091772411,2.6815654894332432,7128,200.0
7129,3.483031050121375,11.521170152382751,7129,93.0
7130,4.084745219166012,3.6000398927219606,7130,200.0
7131,3.5781156884424092,3.3196830316412402,7131,200.0
7132,3.828488927810647,3.078935568772396,7132,200.0
7133,6.777904596820089,5.234192647411437,7133,200.0
7134,8.978135428760119,5.224919268879357,7134,200.0
7135,2.8864973663671134,2.4881521473177166,7135,200.0
7136,3.051331124108426,1.0374563959126117,7136,200.0
7137,6.164011211024365,4.852111838442234,7137,200.0
7138,4.006566198975884,3.3394439576315977,7138,200.0
7139,5.385901005158416,4.347513982825024,7139,200.0
7140,3.3595261616295944,2.673686976023047,7140,200.0
7141,8.15809084825846,5.221013365066551,7141,200.0
7142,8.610994803214007,4.988823208703345,7142,200.0
7143,4.846480691837306,4.025860394689106,7143,200.0
7144,4.425309988012516,3.610586076706643,7144,200.0
7145,3.596250177635426,3.3939028102629636,7145,200.0
7146,3.3951114843669217,2.4816731054148184,7146,200.0
7147,5.668798121694647,4.4539651936336195,7147,200.0
7148,4.521501744809532,3.8094920688418172,7148,200.0
7149,0.853688540412566,13.145014387365867,7149,63.0
7150,4.2841450528238605,3.4579256461752386,7150,200.0
7151,3.758284172179523,2.887620201459246,7151,200.0
7152,4.786259652925857,4.023892784401102,7152,200.0
7153,4.5634438524868255,3.664376741063501,7153,200.0
7154,3.949641206576425,3.403869554651925,7154,200.0
7155,3.655802474825399,2.7932793332417036,7155,200.0
7156,4.069638772525739,3.3359659418473444,7156,200.0
7157,4.521473341026123,3.776291888898137,7157,200.0
7158,2.5326288519595233,9.971179427962129,7158,119.0
7159,2.902343947983977,1.948863831866731,7159,200.0
7160,5.237384930760768,4.243834188212776,7160,200.0
7161,4.018035279514255,9.449864313664706,7161,149.0
7162,3.7872373846255023,9.828009591324214,7162,135.0
7163,4.99680830238518,4.368913870865542,7163,200.0
7164,8.08754788181593,5.00915933130439,7164,200.0
7165,3.0885330809336917,2.6881469424859166,7165,200.0
7166,3.5479550835544247,2.615405184725631,7166,200.0
7167,5.815031191622491,4.516402247200976,7167,200.0
7168,3.3055049399279177,1.8457704718114445,7168,200.0
7169,4.378205578200379,3.560975840546705,7169,200.0
7170,3.2716027932212604,3.104227208098989,7170,200.0
7171,6.641831983710452,4.880811749337632,7171,200.0
7172,3.728786512687699,3.006912339854137,7172,200.0
7173,3.628367542239042,10.34355519610993,7173,121.0
7174,6.84851857261689,5.036485662861693,7174,200.0
7175,4.794227241286566,4.055764436999789,7175,200.0
7176,3.198890727848201,1.5854544090120835,7176,200.0
7177,7.714228247640944,5.007805538177409,7177,200.0
7178,3.5414175206649827,2.620624881239949,7178,200.0
7179,5.824516633756524,4.52919078262299,7179,200.0
7180,3.099211879638224,2.303642634815478,7180,200.0
7181,8.13548202373864,5.075030558494897,7181,200.0
7182,3.251273784803293,1.9996239854879572,7182,200.0
7183,3.1782513693604604,2.759690751599888,7183,200.0
7184,4.459409252578692,3.79737722816195,7184,200.0
7185,3.1891524384735384,2.344105592479279,7185,200.0
7186,3.12193496457278,1.643816269633557,7186,200.0
7187,2.863375811390254,1.3829755214236834,7187,200.0
7188,5.398751980125044,4.725516546823693,7188,200.0
7189,6.3847758816341,5.0011077044525445,7189,200.0
7190,3.254864866713492,3.3974716708661767,7190,200.0
7191,3.614765191455362,2.5852874375147286,7191,200.0
7192,2.8107346526646473,0.48553681290014644,7192,200.0
7193,4.543611375494416,3.830374777587209,7193,200.0
7194,3.233451224619246,2.0297668413342875,7194,200.0
7195,7.38745431067543,11.418856513752111,7195,115.0
7196,3.8262903402500683,3.28983514114795,7196,200.0
7197,3.3856652812223467,3.0681513178509725,7197,200.0
7198,3.8235724784309673,3.399449312134442,7198,200.0
7199,-0.4818706661452251,17.34909732875301,7199,34.0
7200,10.493290600167441,4.410895245930793,7200,200.0
7201,8.017249930816806,5.471017095188856,7201,200.0
7202,3.3313100477914515,2.4155682925953315,7202,200.0
7203,3.9439333213741135,3.137978509691851,7203,200.0
7204,2.8733406185617865,1.2265575627345788,7204,200.0
7205,6.878282703891071,4.891361042255091,7205,200.0
7206,3.0794327424818992,2.346827153145779,7206,200.0
7207,3.539874766709505,3.084282191690359,7207,200.0
7208,4.688476505749422,4.378247673410093,7208,200.0
7209,4.891618160924528,4.147885017240562,7209,200.0
7210,7.31608090242371,5.106849583012381,7210,200.0
7211,9.685660499914704,4.783599808611617,7211,200.0
7212,3.7216173031985234,2.972276784202085,7212,200.0
7213,6.265644431427527,4.791271347957136,7213,200.0
7214,4.149083879312319,3.2499468521845296,7214,200.0
7215,9.096068548400973,4.986715253486788,7215,200.0
7216,9.103123698348913,4.926717272139143,7216,200.0
7217,7.531830551626354,5.1028853639538365,7217,200.0
7218,4.949392402272018,4.089985560302127,7218,200.0
7219,8.212055549076938,5.035060990484782,7219,200.0
7220,4.19567451680235,3.5760556102620127,7220,200.0
7221,3.5163741454875845,2.6650348975796625,7221,200.0
7222,4.690675360103854,3.90119974507417,7222,200.0
7223,3.174188782255646,1.5862980992478088,7223,200.0
7224,4.427874893276975,3.779940842318314,7224,200.0
7225,3.0676519567236404,2.078908656469331,7225,200.0
7226,3.8552252837151633,2.935480022604631,7226,200.0
7227,3.94655554884706,2.994161106938448,7227,200.0
7228,7.91683673368462,5.023083414053382,7228,200.0
7229,4.3273673809942235,3.9273982107925955,7229,200.0
7230,10.663871212394763,4.480491176294485,7230,200.0
7231,4.258866235522038,3.544734682337367,7231,200.0
7232,9.912258304869367,4.719726506716976,7232,200.0
7233,3.4384840383529274,3.659149262884204,7233,200.0
7234,3.4782604556771695,2.422549396357402,7234,200.0
7235,3.2866387190514974,3.096881649063191,7235,200.0
7236,3.3226019210729,2.2976825992708902,7236,200.0
7237,5.931823238791904,4.554857909633089,7237,200.0
7238,4.864042335844334,4.067654700764035,7238,200.0
7239,3.168145775179719,10.611140318003093,7239,112.0
7240,3.7826088611152255,2.717432978338823,7240,200.0
7241,3.584447158602253,2.596364473978121,7241,200.0
7242,2.5989024642606773,1.4486101976707244,7242,200.0
7243,6.703834744127291,4.8792670181838425,7243,200.0
7244,3.643996074496022,2.890675900200828,7244,200.0
7245,7.240488042869717,5.073510109992849,7245,200.0
7246,5.387619001660837,4.326278732191145,7246,200.0
7247,3.3964981490746267,2.9464409708543355,7247,200.0
7248,-1.5981949489991978,20.08863350158118,7248,26.0
7249,3.4689910981072325,2.3231572805028975,7249,200.0
7250,4.6949989607178395,4.06183215230783,7250,200.0
7251,5.145367726822494,4.3255192917817755,7251,200.0
7252,5.032002615633574,4.1080329281577,7252,200.0
7253,3.3370117133358774,1.9856792761921822,7253,200.0
7254,4.184378955672603,3.335572302850276,7254,200.0
7255,6.885805327930305,5.1256710452938075,7255,200.0
7256,3.1717913602783936,2.5369050379666795,7256,200.0
7257,4.17580296962873,3.5292913136442046,7257,200.0
7258,7.373685458547613,5.260664822949028,7258,200.0
7259,2.490650678366301,2.251859724750071,7259,200.0
7260,8.463440940055483,5.112062563229117,7260,200.0
7261,5.856349138119775,4.634630788697117,7261,200.0
7262,2.759962470572571,8.133530329385279,7262,178.0
7263,9.519084126398893,4.776694815400794,7263,200.0
7264,2.8276637910011733,1.4317730803393103,7264,200.0
7265,2.886753670944576,1.3506871692355171,7265,200.0
7266,4.787521478684109,4.389629498044075,7266,200.0
7267,7.851871449403765,5.223727125451138,7267,200.0
7268,4.95280643603965,4.102878190749542,7268,200.0
7269,4.26438255201613,3.874537261983221,7269,200.0
7270,3.2348607724463516,2.0993663070713686,7270,200.0
7271,3.549358701818718,2.4872732304268195,7271,200.0
7272,9.432332134830727,4.865371637738047,7272,200.0
7273,3.9951633546544976,3.544776786399487,7273,200.0
7274,3.512578555710638,2.5294753360351185,7274,200.0
7275,4.028733312816292,3.324633508102378,7275,200.0
7276,4.250496952142207,4.238722826641396,7276,200.0
7277,4.13664440902111,3.1901372529232237,7277,200.0
7278,7.161317924000428,5.149791661458675,7278,200.0
7279,6.407925080812411,4.895518622004716,7279,200.0
7280,6.214491770110833,4.707488576092206,7280,200.0
7281,3.5794302564558906,2.8387655250286823,7281,200.0
7282,2.4520114664084742,10.004276792326147,7282,116.0
7283,4.293016098265217,3.5802240400055254,7283,200.0
7284,7.600777901331599,5.339853305495675,7284,200.0
7285,8.275903615757766,5.013225217005077,7285,200.0
7286,4.199372794543378,3.6265541023088703,7286,200.0
7287,4.399056743960552,4.015587127580569,7287,200.0
7288,3.7641670518192005,2.8371089111380514,7288,200.0
7289,5.809408783112087,4.604675100132089,7289,200.0
7290,3.6721547285837643,2.873677993450135,7290,200.0
7291,3.0082378018393876,1.3564749384941988,7291,200.0
7292,3.7741023395253706,3.2641289111768037,7292,200.0
7293,2.91036944315074,2.595205255927285,7293,200.0
7294,3.656842819114288,2.690698869802414,7294,200.0
7295,0.1575549564446138,15.214150312528682,7295,45.0
7296,2.4481218051580718,2.3374369757260185,7296,200.0
7297,2.598272330435873,9.15143183373843,7297,140.0
7298,3.0048904475604683,1.4733146986138284,7298,200.0
7299,3.196925202954747,1.5711076006695686,7299,200.0
7300,3.3573393551217894,2.11493423635722,7300,200.0
7301,4.650679429648437,4.15923973062127,7301,200.0
7302,2.8724150709889944,1.6240038197293607,7302,200.0
7303,4.5297506293462435,3.7772976301855654,7303,200.0
7304,3.5096964173808085,2.7709056791458644,7304,200.0
7305,3.4905184365755506,2.4294005822118714,7305,200.0
7306,3.810005102938718,2.8941351766804746,7306,200.0
7307,3.4708974833085993,3.2329494560777574,7307,200.0
7308,4.779797723214294,3.9180846878807807,7308,200.0
7309,3.5791524611912098,2.5052924873720115,7309,200.0
7310,4.967200365410353,4.016990429342898,7310,200.0
7311,4.6239526865555955,3.871051657861763,7311,200.0
7312,6.311908567763533,4.87735871905685,7312,200.0
7313,3.843816254031998,3.1966578064698066,7313,200.0
7314,-1.7164149288838222,19.43348650072011,7314,27.0
7315,5.2458516966202,4.2241769279366235,7315,200.0
7316,3.4047175949367396,2.3716177250943744,7316,200.0
7317,5.30384820806938,4.39781881696755,7317,200.0
7318,5.778772262758553,10.753457645291395,7318,127.0
7319,4.594675023455536,3.8185516704041467,7319,200.0
7320,2.895510924408722,0.2818107993725792,7320,200.0
7321,3.6632242967312947,2.784098072072602,7321,200.0
7322,6.4257522178377675,5.152278653338363,7322,200.0
7323,4.261089536043497,3.6930520529075994,7323,200.0
7324,2.086973583661744,1.8903337985050912,7324,200.0
7325,3.3822166829559084,2.3368934592501387,7325,200.0
7326,3.1135322055523784,1.7619322265297672,7326,200.0
7327,8.46825969692045,5.182205228837666,7327,200.0
7328,2.931470988931724,12.022351731595172,7328,82.0
7329,7.579264299169308,5.12283266870992,7329,200.0
7330,6.5695077535115205,4.947319097603572,7330,200.0
7331,3.2452312861216637,8.685202863675025,7331,171.0
7332,7.825024551706062,5.0830534363409665,7332,200.0
7333,2.8153463268683607,0.29098056089360413,7333,200.0
7334,2.974831521299783,2.467510683403863,7334,200.0
7335,3.154091041427332,1.863683987494757,7335,200.0
7336,4.8312528192426125,4.00814148361058,7336,200.0
7337,-0.26980110059769724,18.13362186198639,7337,32.0
7338,4.441473511878998,3.7695134996502584,7338,200.0
7339,1.3253313330403111,1.0747654072485655,7339,200.0
7340,3.184968965721183,2.013192041102737,7340,200.0
7341,5.625619176705661,15.014621251055747,7341,58.0
7342,5.945859922147442,4.751831188688933,7342,200.0
7343,2.9095087328948956,1.4129075856612632,7343,200.0
7344,2.006753574820975,2.310214654214281,7344,200.0
7345,6.531035373770668,5.239825290381454,7345,200.0
7346,3.1242620296380723,1.606046159846636,7346,200.0
7347,8.619673746833373,5.050671929585361,7347,200.0
7348,4.984417736771089,4.072386901251395,7348,200.0
7349,3.785159280564122,3.2429197713085554,7349,200.0
7350,5.455240689579601,12.946828424344877,7350,82.0
7351,9.525685497118666,4.776995761996065,7351,200.0
7352,7.688115846812815,5.185224446990105,7352,200.0
7353,4.6445537255726475,3.845577441554297,7353,200.0
7354,3.215473184996688,1.7377441588505926,7354,200.0
7355,2.012551114199004,8.900312230996727,7355,145.0
7356,3.14291012211321,1.8957646800470338,7356,200.0
7357,2.3132246058048667,0.7047035934380013,7357,200.0
7358,2.952620963845301,1.0551651475073256,7358,200.0
7359,2.3657090233229567,2.2214866596025535,7359,200.0
7360,2.326415918176146,1.497775791713847,7360,200.0
7361,4.170889865792143,3.3535777788575802,7361,200.0
7362,5.264677473004318,4.220772386282504,7362,200.0
7363,3.156919718368105,2.262057156907511,7363,200.0
7364,2.9243847715569884,1.8611416163726076,7364,200.0
7365,0.42028704626069024,18.693515518224643,7365,31.0
7366,3.580683105847975,2.5657189457715286,7366,200.0
7367,3.521110598630748,2.8549538018506255,7367,200.0
7368,2.4091255555303923,1.997818969833787,7368,200.0
7369,8.00569818065466,5.035978953238671,7369,200.0
7370,3.3579530404081153,2.40481785539573,7370,200.0
7371,4.608929594333529,3.8887964647174407,7371,200.0
7372,3.3373200081567025,1.9938609198039199,7372,200.0
7373,4.194366412280438,3.7516045835327474,7373,200.0
7374,4.232237588460813,3.662328802451502,7374,200.0
7375,1.8942773816568137,1.7502414852939596,7375,200.0
7376,2.7283128557403584,0.4903622059519491,7376,200.0
7377,4.766752197879199,3.9256637242610464,7377,200.0
7378,6.698706281322213,5.066124328603899,7378,200.0
7379,3.981957615863637,3.8021882457381784,7379,200.0
7380,8.793671326817524,5.002598879916217,7380,200.0
7381,7.089620735448996,5.1012392053611,7381,200.0
7382,8.50473084382588,5.006590420296965,7382,200.0
7383,2.9871131193195963,2.310901904660574,7383,200.0
7384,3.3969569116455944,2.481811989152249,7384,200.0
7385,4.516826038314264,3.6820558416773443,7385,200.0
7386,3.2220713861899344,2.998695985785302,7386,200.0
7387,8.821512468520018,4.951831628766672,7387,200.0
7388,4.923805062078825,4.030875311141143,7388,200.0
7389,2.844963737613144,2.7969656715752653,7389,200.0
7390,9.43099617640403,4.808546657288274,7390,200.0
7391,3.7251839597046206,2.9660125209067782,7391,200.0
7392,2.24565731080213,1.7124280025358989,7392,200.0
7393,4.6360581886169845,3.870780852056743,7393,200.0
7394,5.249162809911042,4.2218739045504,7394,200.0
7395,3.6352073344836806,3.0093824490641743,7395,200.0
7396,3.0027344335432495,2.38533819924028,7396,200.0
7397,4.8162894089530575,4.36060193860667,7397,200.0
7398,2.909108520852466,8.457462879067634,7398,173.0
7399,6.633313930373056,5.325043921046543,7399,200.0
7400,5.416073215650272,4.7435784076101175,7400,200.0
7401,5.6080771206291935,4.648499849968106,7401,200.0
7402,3.1144870203519175,1.7860137686104514,7402,200.0
7403,7.049545531554734,5.016726037742492,7403,200.0
7404,4.529183213612087,3.6255754772019846,7404,200.0
7405,3.389248635763272,2.9503578124195573,7405,200.0
7406,4.103330019209643,3.5650407643511555,7406,200.0
7407,3.506428931730124,2.7458012696563388,7407,200.0
7408,6.0809976631507,4.760959323607199,7408,200.0
7409,2.7781597334004435,1.8415723681923641,7409,200.0
7410,2.047832181482221,13.731621379648443,7410,60.0
7411,1.7776850645194382,11.369289152092009,7411,91.0
7412,9.688861126493014,4.8406683699314135,7412,200.0
7413,6.928599234269894,4.905669336369135,7413,200.0
7414,3.7048286798486116,3.1652467773130564,7414,200.0
7415,3.8957161859791434,2.9526767984288504,7415,200.0
7416,3.0297844512529206,1.6479896607152724,7416,200.0
7417,3.70054875253722,3.247883897031228,7417,200.0
7418,2.5070505926747173,8.04317279164772,7418,172.0
7419,5.850156089413618,10.881687908964505,7419,125.0
7420,4.655569289978228,3.856540820473049,7420,200.0
7421,3.7548425741020117,3.611908424868781,7421,200.0
7422,6.323624718210031,4.867960990313835,7422,200.0
7423,3.498056498322194,2.4251293959346816,7423,200.0
7424,5.0491625708056285,4.240959388674399,7424,200.0
7425,2.942878216583473,1.570843309111004,7425,200.0
7426,3.083989159836924,2.019994053595622,7426,200.0
7427,3.1658324808897373,1.7405648086471002,7427,200.0
7428,3.845711079743365,3.0791048916211343,7428,200.0
7429,2.2870317227935164,1.2501009674393715,7429,200.0
7430,3.09507889296705,2.520989780973876,7430,200.0
7431,8.840148071056785,4.9307204904725745,7431,200.0
7432,3.0015592403578903,2.358820607886094,7432,200.0
7433,3.9611554405981657,3.517793293386016,7433,200.0
7434,3.339190923039542,2.1952402194794707,7434,200.0
7435,2.765978635453183,1.8439359714131085,7435,200.0
7436,6.559581791598405,5.116436187014923,7436,200.0
7437,9.506716084302306,4.911767947217843,7437,200.0
7438,5.660825491287013,4.535501870953703,7438,200.0
7439,3.6721287055663185,2.892042996332416,7439,200.0
7440,0.4852304080294993,15.85905788288729,7440,42.0
7441,8.444832423113764,5.100089948516745,7441,200.0
7442,8.211684304331031,5.030726549151371,7442,200.0
7443,4.763703709965062,4.01500141460495,7443,200.0
7444,3.223809948635519,1.9061293612383954,7444,200.0
7445,3.7951911375161433,3.25762069011625,7445,200.0
7446,4.655958947928237,3.8607458682649543,7446,200.0
7447,2.9780461659405275,1.038830520298372,7447,200.0
7448,3.2961995579961854,2.8711020447483806,7448,200.0
7449,6.035174086142446,4.6745652706703895,7449,200.0
7450,7.0573305849292955,5.157926053481083,7450,200.0
7451,5.359987942314499,4.4529282615672825,7451,200.0
7452,3.2973330694644547,2.7782468012646873,7452,200.0
7453,3.698220170964745,2.6650826820098903,7453,200.0
7454,2.9053626488018027,1.610085424612878,7454,200.0
7455,2.271431688204987,9.726023201602164,7455,116.0
7456,3.752084631029818,2.8500164672813746,7456,200.0
7457,5.135540585115522,4.2445551396841505,7457,200.0
7458,3.3509892293451617,2.8523088971143706,7458,200.0
7459,3.2445103332407426,2.3310723078287072,7459,200.0
7460,5.829000878865384,4.525536004840646,7460,200.0
7461,7.711398631454749,5.025765106585985,7461,200.0
7462,2.4883497000289805,9.77341100944558,7462,118.0
7463,4.121790918418736,3.2004256483262177,7463,200.0
7464,2.6348958442447468,2.0725055656582843,7464,200.0
7465,3.840716090637759,3.102019134672646,7465,200.0
7466,3.326577679204982,2.758469513728201,7466,200.0
7467,2.7548972492430734,10.853135934448641,7467,100.0
7468,0.9219397913424885,10.801391526789994,7468,92.0
7469,3.807125099467198,3.2135966366172575,7469,200.0
7470,3.1300278767963654,1.9259503210223397,7470,200.0
7471,3.1790345212907285,2.0978905991784553,7471,200.0
7472,4.520528224626,3.7020268114706063,7472,200.0
7473,4.152887651639925,3.278785551501075,7473,200.0
7474,4.189517380105107,3.3252209801371944,7474,200.0
7475,3.1798468674813294,1.5442094063855205,7475,200.0
7476,2.981161036682746,0.7188242329118434,7476,200.0
7477,4.804214398458286,3.9081687182364093,7477,200.0
7478,3.692860175426423,2.653904964544778,7478,200.0
7479,3.4036955406188816,2.7548552991953463,7479,200.0
7480,4.989467225364877,4.281142538678375,7480,200.0
7481,-0.7789753279721374,18.064738513933534,7481,32.0
7482,3.454404473672422,2.9173122427748654,7482,200.0
7483,3.7395094108140836,3.109135466617163,7483,200.0
7484,2.5724664400866977,2.622534114735586,7484,200.0
7485,2.7315257646169515,2.0559258612722666,7485,200.0
7486,3.3234951458114046,1.998696089532004,7486,200.0
7487,8.702955606061577,5.234516279820716,7487,200.0
7488,3.1084347298165693,1.8233813510682746,7488,200.0
7489,2.873367015960308,0.857115051543956,7489,200.0
7490,4.490506663247774,3.7933039926097405,7490,200.0
7491,3.5116883294285826,3.3661974172132094,7491,200.0
7492,3.2912028033094227,2.1416034607351206,7492,200.0
7493,3.51952004720557,2.6383130438123388,7493,200.0
7494,4.085681386655714,3.5215155102945097,7494,200.0
7495,2.521256854031737,2.425970292880565,7495,200.0
7496,2.5788227859369353,1.6254187234509425,7496,200.0
7497,4.873873214376656,4.208991509031015,7497,200.0
7498,7.912803858601776,5.091685336516677,7498,200.0
7499,8.623319695889926,4.987111568454493,7499,200.0
7500,7.3584868133759525,10.644875235049838,7500,136.0
7501,2.878674494623442,0.29876866479213776,7501,200.0
7502,-1.2705614416503266,17.213297799188492,7502,34.0
7503,3.48985478936978,3.025132609787637,7503,200.0
7504,3.2071305422458622,2.391002153656128,7504,200.0
7505,6.453455768731467,11.589869191988967,7505,108.0
7506,1.2595710959745123,9.798130357042009,7506,110.0
7507,3.3558808477068185,2.537452704522767,7507,200.0
7508,5.819982507085045,4.60216149411264,7508,200.0
7509,4.6617586743008825,13.658728759200374,7509,69.0
7510,2.9561807250965337,1.3422345411178511,7510,200.0
7511,3.8248184615097176,3.0471891267957414,7511,200.0
7512,2.9182282411025877,1.3406996358850138,7512,200.0
7513,1.5264429624845897,1.2064696273817115,7513,200.0
7514,5.262223146458285,4.424765988071056,7514,200.0
7515,2.450584593571054,1.2949977237477308,7515,200.0
7516,2.97187966824707,1.0765203259070906,7516,200.0
7517,5.161853548469498,4.658536862979946,7517,200.0
7518,4.8951045809140314,3.989385999314985,7518,200.0
7519,8.011038364413,5.039755253877058,7519,200.0
7520,3.2440901294979927,2.4626112599296515,7520,200.0
7521,4.156940964952623,11.976438928463192,7521,92.0
7522,2.768855916763705,1.0448949739520328,7522,200.0
7523,3.323808082001432,2.1481608057190678,7523,200.0
7524,3.456059931196865,2.326629016300274,7524,200.0
7525,3.036615701813255,1.4947281808770998,7525,200.0
7526,0.9111775565952808,9.352886369759187,7526,123.0
7527,3.042400930170243,1.253471784904312,7527,200.0
7528,3.745914008397688,2.7377799167506778,7528,200.0
7529,4.0354414734094055,3.151321474312292,7529,200.0
7530,4.030994695947449,3.255151622342425,7530,200.0
7531,1.5787991221248558,1.2344179186524287,7531,200.0
7532,9.829206696489026,4.7370979478352435,7532,200.0
7533,4.3746199556066525,3.6214640254823682,7533,200.0
7534,1.938774887229758,1.3407849686477944,7534,200.0
7535,7.904627043231389,5.045055324413655,7535,200.0
7536,3.3429983491138318,2.250668420534045,7536,200.0
7537,3.18567174310919,2.024906778939252,7537,200.0
7538,3.8272157601412173,2.8828032163992083,7538,200.0
7539,4.16600237911037,3.2590227527012017,7539,200.0
7540,2.5593835152374376,16.82139008779986,7540,42.0
7541,2.7385906245428915,9.980370018420286,7541,122.0
7542,3.4544266796626055,2.7863051502005085,7542,200.0
7543,3.2063993800328556,2.5979677260679535,7543,200.0
7544,4.104678028954534,3.212910635724403,7544,200.0
7545,1.9852723107249381,11.836731205733352,7545,80.0
7546,1.3699478243953045,1.2911102943932076,7546,200.0
7547,1.8206586908426579,7.921709484009599,7547,169.0
7548,3.4954593668114935,2.293637626762843,7548,200.0
7549,4.815950417569266,4.063283880832829,7549,200.0
7550,3.3911009553702773,2.181921304252685,7550,200.0
7551,1.8707014698127353,1.1595232568898786,7551,200.0
7552,4.3211934761327395,3.4277810297703706,7552,200.0
7553,1.894410597410942,0.6057000825505822,7553,200.0
7554,2.5797645352366216,1.341062158824238,7554,200.0
7555,2.5087205448603687,1.845856545363834,7555,200.0
7556,3.614588595383005,2.9165826619697697,7556,200.0
7557,4.005464943225105,3.299297154483695,7557,200.0
7558,8.16044497280377,5.129410405105376,7558,200.0
7559,3.2382139123334093,1.7114223931008752,7559,200.0
7560,4.2152496642414885,3.536589870483768,7560,200.0
7561,2.7571329089311805,0.9844071949611685,7561,200.0
7562,4.981413359422235,4.086326017617169,7562,200.0
7563,5.403083953429614,4.471694942544822,7563,200.0
7564,3.009444061435973,1.4711766382070002,7564,200.0
7565,2.6614008659076567,9.524219233842855,7565,131.0
7566,2.3618046818373832,0.7111008949416195,7566,200.0
7567,2.3778629713534385,1.7381509201511836,7567,200.0
7568,3.434438337819019,2.165723948244468,7568,200.0
7569,4.598695171679356,3.778262335835994,7569,200.0
7570,3.4092504884786625,3.1201991734536385,7570,200.0
7571,3.269802379143613,1.8540760837524115,7571,200.0
7572,5.209249848054385,4.347137432571787,7572,200.0
7573,2.158253967565867,1.1005301799800111,7573,200.0
7574,3.5117174150387167,2.6434987379505666,7574,200.0
7575,2.060926751329635,2.4309140852440505,7575,200.0
7576,1.307648213726202,10.380324461651004,7576,98.0
7577,8.887073764836785,5.175934214017706,7577,200.0
7578,7.1287728384268965,5.064270672819344,7578,200.0
7579,5.5147536046707195,4.448130556272849,7579,200.0
7580,5.77104014626464,4.546060588476985,7580,200.0
7581,7.088231040738595,4.9243628789562495,7581,200.0
7582,3.0846832310193064,1.764460611025044,7582,200.0
7583,2.7454198284345557,7.771877169774051,7583,200.0
7584,1.566108689072806,11.106580555555679,7584,90.0
7585,-0.6959233179764218,16.45268350919923,7585,38.0
7586,2.8714498990814676,2.313490815002385,7586,200.0
7587,3.5715999253408484,2.6963639226406015,7587,200.0
7588,3.9467626341726594,3.023413156495454,7588,200.0
7589,3.599548269110434,2.8334099423009347,7589,200.0
7590,7.981291657008301,5.0772163392344565,7590,200.0
7591,3.8022493914179893,3.0446583384696146,7591,200.0
7592,2.815729393233479,2.6659166205131037,7592,200.0
7593,3.143872616929425,1.9676403766647668,7593,200.0
7594,3.9910967958854644,11.23209702195284,7594,101.0
7595,6.3672443238486,9.760154612027117,7595,170.0
7596,7.920312826769277,5.0263812675133615,7596,200.0
7597,4.093950491421136,3.5852132578452904,7597,200.0
7598,3.3247857341067193,2.2454871906381184,7598,200.0
7599,7.932512813772147,5.10812549097679,7599,200.0
7600,4.100027210851956,3.2935953033376,7600,200.0
7601,2.989406473323712,1.9279413272396073,7601,200.0
7602,2.52859968665044,8.137711262134937,7602,168.0
7603,5.246063970761386,4.234633177527562,7603,200.0
7604,1.9108391592255922,1.3841664860908907,7604,200.0
7605,5.518720350776999,12.414135866932382,7605,88.0
7606,0.5759307054026197,17.329654614873895,7606,37.0
7607,3.131224196847345,1.9170300634616906,7607,200.0
7608,6.434769768738834,4.75790077112117,7608,200.0
7609,3.2720002329993862,2.534466282886755,7609,200.0
7610,3.7870529384256093,3.2296101402249238,7610,200.0
7611,7.654952971801706,5.15160625315138,7611,200.0
7612,4.971687012510094,4.361363660526174,7612,200.0
7613,5.769263280533364,4.509123302863219,7613,200.0
7614,2.7255275807418773,2.81135651680954,7614,200.0
7615,2.2093448021576156,1.5249603132171803,7615,200.0
7616,3.011554362664213,8.976615833767747,7616,153.0
7617,2.955401502513072,0.7601420185929728,7617,200.0
7618,1.8260721638403437,1.9127884378973232,7618,200.0
7619,3.4236616147387497,2.6860968165728925,7619,200.0
7620,4.497267438595113,3.6430025885626414,7620,200.0
7621,3.0646849364247215,2.996937418879998,7621,200.0
7622,3.2246108752206313,2.0432640363739414,7622,200.0
7623,3.758307207231027,3.299730328800953,7623,200.0
7624,4.375300054626531,4.0534369833562085,7624,200.0
7625,8.709341322387925,5.1755399940141595,7625,200.0
7626,5.5118643170772375,4.521966524941878,7626,200.0
7627,4.004067751944778,3.183494794489066,7627,200.0
7628,1.8546348374955937,1.6990963415382847,7628,200.0
7629,3.375608083186789,2.315323698214858,7629,200.0
7630,4.176495286384221,3.6059925087828324,7630,200.0
7631,4.492663921769573,3.652995544603904,7631,200.0
7632,3.592166089706714,2.4546672692877674,7632,200.0
7633,3.0963722626629755,1.9472949974876015,7633,200.0
7634,2.841794119846584,2.2817989679346313,7634,200.0
7635,4.103377840123858,3.6698500534779286,7635,200.0
7636,6.969563807847736,5.155708351798859,7636,200.0
7637,7.533339884680013,5.178809099015763,7637,200.0
7638,7.011187646763647,5.128702001657207,7638,200.0
7639,6.78111079733995,4.925263609268141,7639,200.0
7640,3.45322575825742,2.6533942401261617,7640,200.0
7641,3.400243689873234,2.4809908424917815,7641,200.0
7642,2.4322494961774224,2.1701969066692155,7642,200.0
7643,3.220753970454544,2.190243668947585,7643,200.0
7644,-13.686537315644914,35.24927393390153,7644,7.0
7645,5.309473636650308,4.263364940971051,7645,200.0
7646,2.3933237962314853,1.9953980518123409,7646,200.0
7647,3.1652929421808977,1.4147617981213265,7647,200.0
7648,3.4246267138191944,2.2239775568321196,7648,200.0
7649,3.5985946539181914,2.59909760722905,7649,200.0
7650,4.246531692129329,3.831508708971026,7650,200.0
7651,2.7127324588773223,8.725002060716342,7651,150.0
7652,4.5403872224079,3.8597010052660847,7652,200.0
7653,3.193054844360572,1.5791410797217937,7653,200.0
7654,4.217716349934677,3.3770703788807372,7654,200.0
7655,3.3113487050264023,1.9857323326893246,7655,200.0
7656,1.9508945767983248,7.947079023197817,7656,172.0
7657,2.782676828693527,1.0448340303546555,7657,200.0
7658,1.5543518638275364,10.043425483627933,7658,107.0
7659,2.6043194787521142,10.89054396515988,7659,99.0
7660,1.8744628281037325,0.8709371517141152,7660,200.0
7661,3.6462709987021196,2.5663183431475964,7661,200.0
7662,2.8816370579627995,1.8565309562589223,7662,200.0
7663,3.1091307393733025,1.631009110759005,7663,200.0
7664,6.274010051161076,4.848914791655307,7664,200.0
7665,6.708852972156373,5.042808411186139,7665,200.0
7666,2.0241317777774013,2.018345124272698,7666,200.0
7667,3.7091716181140146,2.7305269636220197,7667,200.0
7668,4.240772380077857,3.389582944659152,7668,200.0
7669,3.1674462250531734,2.1788531454983526,7669,200.0
7670,4.832671404522353,4.089067827324735,7670,200.0
7671,2.346647181442657,2.2088137127235226,7671,200.0
7672,6.025498360732078,4.679005573933305,7672,200.0
7673,2.706980496101092,1.5703866605206194,7673,200.0
7674,5.897177635882818,4.597044757521974,7674,200.0
7675,5.0552379295129315,4.102201550231356,7675,200.0
7676,3.5294241566147715,3.124997966366094,7676,200.0
7677,3.2434759141565634,2.675050866980093,7677,200.0
7678,2.7660157359836397,8.423419398855092,7678,175.0
7679,3.1570479973377146,2.475817146959738,7679,200.0
7680,5.742407032540666,4.797027731341245,7680,200.0
7681,3.390960409213751,2.3670525465040777,7681,200.0
7682,5.109979059701291,4.193765675385101,7682,200.0
7683,1.3134063273647043,7.465864797964953,7683,197.0
7684,3.6616709214219907,3.16176569887782,7684,200.0
7685,3.0047580357529124,1.0741476839786008,7685,200.0
7686,2.323406955823944,1.9855832705234742,7686,200.0
7687,3.2404786827961036,2.30702383857596,7687,200.0
7688,6.004739757707222,4.701273776412533,7688,200.0
7689,4.649313780931648,3.9088686545742277,7689,200.0
7690,5.370515872947955,4.323497843580985,7690,200.0
7691,4.549864758035908,3.779763331511803,7691,200.0
7692,3.973102383915583,3.448861673113882,7692,200.0
7693,3.845115722584588,3.045145431693074,7693,200.0
7694,2.92124317870362,1.5248760702377864,7694,200.0
7695,3.915623352303844,3.144871225411709,7695,200.0
7696,-0.41978323922142596,14.892415531092414,7696,46.0
7697,2.9070494973375527,0.6332430603963078,7697,200.0
7698,3.092588378353905,1.4129401646981394,7698,200.0
7699,8.078494073291699,5.2636343742626694,7699,200.0
7700,5.0469535422559115,4.112885362048964,7700,200.0
7701,2.8169059223297928,0.8371167031714687,7701,200.0
7702,3.2921474408861786,2.429671662171096,7702,200.0
7703,3.0793305775094137,1.4170369335754536,7703,200.0
7704,2.9181338023167314,0.8173721922227601,7704,200.0
7705,2.947957417185213,1.958270940220421,7705,200.0
7706,3.2910527062482147,2.507075564598725,7706,200.0
7707,1.543273051635154,0.9046644028311343,7707,200.0
7708,6.257519452515976,4.926000445433142,7708,200.0
7709,1.8270105186512502,1.275749469385057,7709,200.0
7710,3.9212683187671167,3.2662224259794876,7710,200.0
7711,6.138792314353969,4.891896773634646,7711,200.0
7712,7.479190537024915,5.05354395472696,7712,200.0
7713,-5.709444423481727,26.18249600044722,7713,14.0
7714,3.920725886579922,3.039496013994878,7714,200.0
7715,1.971899810657505,1.8174087851655591,7715,200.0
7716,3.357523494776848,2.453856521528338,7716,200.0
7717,6.006719628724289,4.699952366900533,7717,200.0
7718,2.7957858138714995,11.8053750914339,7718,85.0
7719,3.253586425198342,2.712403685715303,7719,200.0
7720,7.870186580564918,9.394361493928411,7720,189.0
7721,3.7584108725693257,3.5728222428035945,7721,200.0
7722,7.47470486800808,5.347557261085632,7722,200.0
7723,8.81323876333971,5.042687613370182,7723,200.0
7724,3.4389979972874376,2.780684069735815,7724,200.0
7725,2.7844486134199156,1.3726935848016633,7725,200.0
7726,4.475113297619112,3.7485362003284326,7726,200.0
7727,3.419084504067498,2.7649471823499145,7727,200.0
7728,4.220751369355311,3.5507998672712735,7728,200.0
7729,3.195364700421418,3.0432885286559404,7729,200.0
7730,7.032770057673207,5.235097576687392,7730,200.0
7731,-3.1821484184885516,23.643224369843356,7731,18.0
7732,3.475060786674211,2.727535760426863,7732,200.0
7733,4.139494052849046,3.6583396665330956,7733,200.0
7734,1.567809843689722,1.96703437873813,7734,200.0
7735,8.597439311984253,5.192280251441977,7735,200.0
7736,3.1559065997443554,2.416878525915619,7736,200.0
7737,3.669311649318339,2.7637159819123225,7737,200.0
7738,5.265724081155597,4.441804931433858,7738,200.0
7739,0.9161849558536186,10.467138027393874,7739,98.0
7740,7.942105733598323,5.000054267512761,7740,200.0
7741,3.8219625623596443,3.4397777773312295,7741,200.0
7742,6.449764020892704,4.792877492897775,7742,200.0
7743,2.673476807712169,10.25190513021469,7743,112.0
7744,4.0802058003700665,3.477775792086061,7744,200.0
7745,4.631676534785737,3.937464200268713,7745,200.0
7746,2.9472114104384564,2.7151877885224054,7746,200.0
7747,4.324012872109751,14.365220276980935,7747,62.0
7748,6.809527605320311,4.959489334614537,7748,200.0
7749,7.986363004226296,5.071091719866627,7749,200.0
7750,3.01773671303651,1.7237006603185168,7750,200.0
7751,2.8727873168135254,0.13583668148965408,7751,200.0
7752,2.291371139209293,2.5866877918448083,7752,200.0
7753,3.034416861976524,1.4631017751275073,7753,200.0
7754,8.122946630978605,5.07837021320145,7754,200.0
7755,3.1384754259784766,2.85073747469162,7755,200.0
7756,3.730021976531932,3.2588824692024225,7756,200.0
7757,6.165815197923173,4.758015681984499,7757,200.0
7758,4.197797202664074,3.7906277984371934,7758,200.0
7759,4.00909384842339,3.517227802054432,7759,200.0
7760,4.061786612188363,3.5192671537342854,7760,200.0
7761,3.5438904246979193,2.391417398238512,7761,200.0
7762,4.4085360897744215,3.539230289513921,7762,200.0
7763,4.185386940197309,3.404767302050479,7763,200.0
7764,6.767647542529781,4.871969629131436,7764,200.0
7765,5.942089476017697,4.698924260797513,7765,200.0
7766,-6.048483661637405,26.07537479150592,7766,14.0
7767,3.190237404074426,2.6399109913655745,7767,200.0
7768,3.0187316524429435,11.164371763059151,7768,95.0
7769,7.357987101967776,5.034502695413819,7769,200.0
7770,1.6198132317479308,0.9068010319147688,7770,200.0
7771,7.209570699784081,4.959105855620996,7771,200.0
7772,6.333948405341105,4.855401926825839,7772,200.0
7773,2.869996585164529,2.0843265282218315,7773,200.0
7774,3.429647036074367,8.799768477772313,7774,166.0
7775,5.045756917743455,8.853027088139157,7775,197.0
7776,3.33891846240123,2.5306436598226814,7776,200.0
7777,3.572842155713515,2.831183043834935,7777,200.0
7778,1.2001537791955657,9.048528374429601,7778,132.0
7779,4.323287299368315,3.665333266930193,7779,200.0
7780,2.185033161794192,9.61124949545538,7780,128.0
7781,6.04262402673827,4.965509692995255,7781,200.0
7782,7.039219399592275,5.262374209344366,7782,200.0
7783,4.25800691617636,3.623378668892852,7783,200.0
7784,3.90165994493949,3.2293659581706993,7784,200.0
7785,3.821046480732322,3.1085431394260556,7785,200.0
7786,7.292141563222461,5.18968281803622,7786,200.0
7787,3.7378284189503734,2.838520186587563,7787,200.0
7788,3.334551586211946,2.520668357609915,7788,200.0
7789,3.0560922016214316,2.259037378939599,7789,200.0
7790,7.75719017000296,12.1756522333715,7790,97.0
7791,3.5373866814683415,2.602052412648048,7791,200.0
7792,9.480588869136847,4.7836705782141795,7792,200.0
7793,4.179600175031083,3.498174029194744,7793,200.0
7794,3.9845955220530165,3.1647626271645466,7794,200.0
7795,9.577314643771313,4.833810793188833,7795,200.0
7796,4.2512160436592294,3.5600165496982292,7796,200.0
7797,5.714735695928045,4.543571827192096,7797,200.0
7798,3.4403076847321774,2.4337201090115133,7798,200.0
7799,3.158867553261929,1.3940645244295242,7799,200.0
7800,6.741087535928382,4.886468361951726,7800,200.0
7801,4.97413467843148,4.086642766129448,7801,200.0
7802,2.7938727699785546,1.984587446429398,7802,200.0
7803,4.220913456326289,3.59292496367375,7803,200.0
7804,4.7872249932952915,3.9877189079398603,7804,200.0
7805,-1.1191449375027147,14.437925378182992,7805,48.0
7806,-0.20823181160703322,16.271464628855263,7806,39.0
7807,3.0044892493503244,2.503759187595737,7807,200.0
7808,7.889416769180227,5.1150456653626595,7808,200.0
7809,3.5074520286360102,2.2921952740338476,7809,200.0
7810,3.684789979451738,2.7764869823420866,7810,200.0
7811,2.521052981548265,1.3976664780599928,7811,200.0
7812,5.5019447238026915,4.807584568865116,7812,200.0
7813,3.6702085649743577,2.648428623718715,7813,200.0
7814,2.9371359571296773,2.3305858808993487,7814,200.0
7815,6.232343372365317,4.7584316223523935,7815,200.0
7816,3.5628133443510257,3.1865319921735638,7816,200.0
7817,3.1962054220766345,2.6007638113244216,7817,200.0
7818,7.979130075663891,5.139638804892026,7818,200.0
7819,5.11465450836679,4.354607900362854,7819,200.0
7820,2.706003190872904,2.173330470985004,7820,200.0
7821,-6.966124658027513,25.805628844176383,7821,14.0
7822,6.011385750592625,4.694695997245393,7822,200.0
7823,2.8640553846548413,1.9968688864280941,7823,200.0
7824,4.81132659165508,4.208426218647777,7824,200.0
7825,7.469320451633675,5.002493043187072,7825,200.0
7826,5.056205894952172,11.174514061221632,7826,115.0
7827,6.818205351221048,5.263153897962403,7827,200.0
7828,2.3455439079103773,2.1462778665967215,7828,200.0
7829,4.244796010256571,3.569448190542522,7829,200.0
7830,3.5063882333822107,2.716056954966572,7830,200.0
7831,5.221973584232788,4.412599846813384,7831,200.0
7832,5.655204672107345,4.569117391626234,7832,200.0
7833,4.334302189247835,3.563826203162653,7833,200.0
7834,7.062831098589065,4.943020472281681,7834,200.0
7835,4.184492597897893,3.5900909583594967,7835,200.0
7836,5.644166521642015,11.324360631752326,7836,110.0
7837,1.3183516761627296,12.492240271447525,7837,70.0
7838,5.251649890626245,4.239011916993606,7838,200.0
7839,8.932017270676901,5.103790742928066,7839,200.0
7840,3.810319703597863,3.0172956288232506,7840,200.0
7841,8.16557015757481,5.334627555246892,7841,200.0
7842,3.0930723523216614,2.018013560111706,7842,200.0
7843,6.029619195827078,4.6145149399416,7843,200.0
7844,2.3460985943269463,11.157091123588309,7844,92.0
7845,6.549807812282393,4.9666416009435945,7845,200.0
7846,6.912883354077633,5.16028095484681,7846,200.0
7847,3.9269073578643354,3.130470908214053,7847,200.0
7848,2.7363790939043446,8.06024152224433,7848,178.0
7849,3.663250552627641,2.724028913796295,7849,200.0
7850,2.7116697649813353,2.3821619789272566,7850,200.0
7851,7.828579619210269,5.260102724464978,7851,200.0
7852,3.41705639581072,2.661945600279713,7852,200.0
7853,2.9414881354462876,1.8404814612153204,7853,200.0
7854,5.145433989129308,4.397399074720883,7854,200.0
7855,2.730136150987095,11.3084547675008,7855,91.0
7856,1.0544352629045934,13.231272257666099,7856,62.0
7857,2.7913345093289026,2.574427448358749,7857,200.0
7858,3.2557510003883308,9.004817339103948,7858,156.0
7859,3.2790201815007176,2.837737442341883,7859,200.0
7860,3.1589157498072393,2.430632266890958,7860,200.0
7861,5.379965862001538,4.346911093366967,7861,200.0
7862,7.635014501299335,5.121926008768252,7862,200.0
7863,1.2758901401257856,7.991649008377829,7863,173.0
7864,-6.696096800875665,26.96297474147522,7864,13.0
7865,1.866578606378697,2.102731901954232,7865,200.0
7866,2.970903861051624,1.3497314603130104,7866,200.0
7867,4.587798686562924,3.7526570812880387,7867,200.0
7868,2.401583075254659,2.1802963873601704,7868,200.0
7869,2.652677196822217,7.582119032963342,7869,200.0
7870,7.3104115086540835,5.181930270516217,7870,200.0
7871,3.421029143096701,2.478365935309318,7871,200.0
7872,3.1129979734253954,1.8272289993615225,7872,200.0
7873,3.6720226932861304,2.958177499772705,7873,200.0
7874,8.199806780203977,5.096352856269643,7874,200.0
7875,3.1684102824562377,2.0316338754319276,7875,200.0
7876,4.749866184067705,4.286036040131974,7876,200.0
7877,3.654211054744454,11.016824171983007,7877,103.0
7878,3.2801559819436283,2.2332057253520015,7878,200.0
7879,4.676559712599242,3.7690567737228866,7879,200.0
7880,3.3049545821346595,3.189882888322729,7880,200.0
7881,1.7376451042849368,8.141482681459387,7881,171.0
7882,3.4493196142743994,2.9195477653055493,7882,200.0
7883,2.9356299831168995,1.2683840649032425,7883,200.0
7884,2.037690991761754,1.3258888104318927,7884,200.0
7885,8.813184900358447,4.966042361392503,7885,200.0
7886,2.3474105116503177,1.5963790752726748,7886,200.0
7887,4.161865174296239,3.4773108676017626,7887,200.0
7888,2.8752190595379172,1.162198939358897,7888,200.0
7889,3.6795626267844455,2.8495365756134543,7889,200.0
7890,4.2160170670743335,3.4488786137620426,7890,200.0
7891,2.3121549940664288,9.744874265792419,7891,117.0
7892,4.060621259662329,3.331752135129684,7892,200.0
7893,3.482496861057368,2.9964066638318796,7893,200.0
7894,3.6404493155436164,2.974094518250468,7894,200.0
7895,2.7138027072031474,2.3980107293485537,7895,200.0
7896,-2.691225053150607,22.068417654832984,7896,21.0
7897,9.915151832633251,4.723757458938495,7897,200.0
7898,5.0292329472962365,4.045104096115233,7898,200.0
7899,2.4316810579834147,1.9421045305245455,7899,200.0
7900,5.45594892678798,4.427074742222764,7900,200.0
7901,5.903120318992717,4.788621690409364,7901,200.0
7902,2.2795321597007683,8.76128617006548,7902,142.0
7903,3.388462314115027,3.3756901186296706,7903,200.0
7904,1.9518527150203966,1.3561668180679818,7904,200.0
7905,5.252487435282805,4.379669401750485,7905,200.0
7906,2.988388988849823,2.4777844114969203,7906,200.0
7907,5.994046152996336,4.697201508882036,7907,200.0
7908,3.5838327627625053,2.928902801381634,7908,200.0
7909,4.569879959194865,3.7561382824875476,7909,200.0
7910,3.7747030710873855,3.0145863872149743,7910,200.0
7911,7.313326384890977,5.238923651838538,7911,200.0
7912,2.3603062153971326,2.4551837894883817,7912,200.0
7913,5.089853173115539,4.07585130167833,7913,200.0
7914,3.6836195651000674,3.158419815506146,7914,200.0
7915,-0.09555066192198952,17.60065539049911,7915,34.0
7916,4.856053296371291,4.0184328198420145,7916,200.0
7917,4.548956799986781,3.968069367495645,7917,200.0
7918,7.266963331280099,5.136670039118008,7918,200.0
7919,8.260127481226188,5.209353046444674,7919,200.0
7920,4.850924644367149,4.011609673840493,7920,200.0
7921,6.595169127361053,4.906481808236824,7921,200.0
7922,6.077000993592362,4.879440235420832,7922,200.0
7923,4.051097324353581,3.4973930161663866,7923,200.0
7924,2.594382188574843,2.4185381652811926,7924,200.0
7925,3.806947322714831,3.022997017787628,7925,200.0
7926,2.3155178412079964,1.5717675554096633,7926,200.0
7927,4.043918513712715,3.2397891436457247,7927,200.0
7928,3.659838526311911,3.0994483203608314,7928,200.0
7929,8.541936971064485,5.27405372210719,7929,200.0
7930,3.2931387844781352,2.119630509205296,7930,200.0
7931,7.104697036547383,4.970868419630525,7931,200.0
7932,7.737633144714948,5.118633515199994,7932,200.0
7933,4.144465648192515,3.4165452063194772,7933,200.0
7934,3.2279697351759378,2.5779426984183176,7934,200.0
7935,3.704590904875137,3.3587247102504447,7935,200.0
7936,4.448221539582851,3.7665455713723692,7936,200.0
7937,6.579027014954997,12.642710563257749,7937,88.0
7938,4.1813402538342865,3.43083577876298,7938,200.0
7939,6.896060540867471,5.125303127236143,7939,200.0
7940,7.432662008877249,9.849083878409266,7940,166.0
7941,3.5135293263060805,2.876228836539291,7941,200.0
7942,7.296454556750949,5.063757433326992,7942,200.0
7943,3.984822884453863,3.4625357647566637,7943,200.0
7944,4.667282810496042,4.164118419012391,7944,200.0
7945,3.4402464327400604,2.192867570184882,7945,200.0
7946,4.882536113962755,3.9293624487501804,7946,200.0
7947,4.792949061731971,4.014080152695985,7947,200.0
7948,7.278594612098271,5.034075365823718,7948,200.0
7949,4.285157716335952,3.653158599701655,7949,200.0
7950,3.4120590483960638,3.1111935613890145,7950,200.0
7951,3.419409564328,2.7718047836683013,7951,200.0
7952,4.925755301297532,4.098891141049626,7952,200.0
7953,-4.732888807309859,24.62360202599393,7953,16.0
7954,1.919687790072366,8.811007840332282,7954,143.0
7955,4.610443652736822,3.8116827299399443,7955,200.0
7956,7.5471349705512925,5.099888032125564,7956,200.0
7957,4.076713200758312,3.2149837636202645,7957,200.0
7958,3.5512938014382573,3.0497820921104455,7958,200.0
7959,3.9210587269108,3.239293285257157,7959,200.0
7960,6.964227397581985,4.975659833567291,7960,200.0
7961,6.201851228440973,4.964467802378043,7961,200.0
7962,3.2445248327578655,2.569987150847918,7962,200.0
7963,9.855734736612046,4.8217679375941715,7963,200.0
7964,5.915053817006172,9.739610690912327,7964,167.0
7965,5.654194963170024,4.732312676123918,7965,200.0
7966,4.172219014381605,3.3456851064794306,7966,200.0
7967,2.1281595673748726,11.097953120383284,7967,90.0
7968,3.5172499140851574,2.392436036471417,7968,200.0
7969,3.720956113849999,2.9294506644400533,7969,200.0
7970,3.740807778481428,2.8172315599874107,7970,200.0
7971,4.246187092319001,3.895246032508877,7971,200.0
7972,4.531139181438097,3.9479935877510886,7972,200.0
7973,2.9157130979255172,2.384324384013161,7973,200.0
7974,7.223466029608489,4.9615350241052765,7974,200.0
7975,7.679757458412325,5.003356117451558,7975,200.0
7976,7.3805954752587795,4.978537703031473,7976,200.0
7977,3.8330316253611785,3.073647086236373,7977,200.0
7978,5.132314736269745,4.190751867079174,7978,200.0
7979,3.898952073036288,3.5313566195553285,7979,200.0
7980,3.5095111802177086,3.2690575674268714,7980,200.0
7981,3.251594477071734,2.5090200943380307,7981,200.0
7982,9.004042542554892,5.059135747805205,7982,200.0
7983,7.2757188930764105,5.032065649185026,7983,200.0
7984,7.324971071138281,9.95535374870998,7984,162.0
7985,3.247733381820331,2.0085935867535007,7985,200.0
7986,8.787187559919165,4.948672192346812,7986,200.0
7987,7.346744269020869,5.0701217551621545,7987,200.0
7988,4.611249589775822,3.9215761084004215,7988,200.0
7989,8.987395555126206,4.90989960493432,7989,200.0
7990,3.4327138864226923,2.4679356039295737,7990,200.0
7991,3.8347520932309362,2.8856604774486203,7991,200.0
7992,3.203075612342815,1.7445699435686048,7992,200.0
7993,3.2344394380343364,2.1745546197518433,7993,200.0
7994,3.306955704769552,1.8272098442656526,7994,200.0
7995,3.347861043041887,2.852681010727806,7995,200.0
7996,3.5538294755512867,2.842531448853054,7996,200.0
7997,4.034478249859282,3.2469230762599,7997,200.0
7998,5.12053420644645,4.480332411620119,7998,200.0
7999,2.1643382900534407,1.5970500761826665,7999,200.0
